observation_id,storm_id,storm_name,source_split,observation_timestamp,target_ms,target_category,inference_valid,inference_issue,with_era5_unet_raw_max_ms,with_era5_unet_correction_ms,with_era5_joint_unet_mlp_ms,without_era5_unet_raw_max_ms,without_era5_unet_correction_ms,without_era5_joint_unet_mlp_ms
AL082025:geo:f5d084abf6b2169a,AL082025,Humberto,val,2025-09-24 12:00:19+00:00,18.00554,0,True,,24.67239761352539,24.51258850097656,18.80446052551269,24.80205726623535,23.12717056274414,23.95340919494629
AL082025:geo:0e1137a4553efb8b,AL082025,Humberto,val,2025-09-24 12:10:19+00:00,18.00554,0,True,,23.79226493835449,23.60690116882324,18.59033966064453,25.384525299072266,23.58145523071289,25.40205955505371
AL082025:geo:db65e520bdc6bf93,AL082025,Humberto,val,2025-09-24 12:20:19+00:00,18.00554,0,True,,23.01697158813477,22.80527687072754,18.468788146972656,25.886812210083008,23.854774475097656,27.36379623413086
AL082025:geo:65e118567c29c843,AL082025,Humberto,val,2025-09-24 12:30:19+00:00,18.00554,0,True,,22.45614051818848,22.219383239746094,18.573963165283203,26.14761734008789,23.968605041503903,26.975807189941406
AL082025:geo:759283cf7b0f53ef,AL082025,Humberto,val,2025-09-24 12:40:19+00:00,18.00554,0,True,,22.366567611694336,22.106130599975582,18.662090301513672,26.46229362487793,24.2327880859375,26.86729049682617
AL082025:geo:665dba5229bfc68d,AL082025,Humberto,val,2025-09-24 12:50:19+00:00,18.00554,0,True,,22.482011795043945,22.199024200439453,18.45030975341797,26.69310760498047,24.48471450805664,26.396732330322266
AL082025:geo:7ffb210cc014b83a,AL082025,Humberto,val,2025-09-24 13:00:19+00:00,18.00554,0,True,,22.506298065185547,22.200815200805664,18.614540100097656,26.63818359375,24.489887237548828,26.52692413330078
AL082025:geo:79d5231958d31f9f,AL082025,Humberto,val,2025-09-24 13:10:19+00:00,18.00554,0,True,,22.439754486083984,22.11397171020508,19.00661849975586,26.580535888671875,24.511144638061523,28.26742935180664
AL082025:geo:ac06b9af58b6f350,AL082025,Humberto,val,2025-09-24 13:20:19+00:00,18.00554,0,True,,22.22138214111328,21.876888275146484,19.00792694091797,26.179487228393555,24.154211044311523,28.65154457092285
AL082025:geo:03943b863284d38e,AL082025,Humberto,val,2025-09-24 13:30:19+00:00,18.00554,0,True,,21.98406982421875,21.623708724975582,18.95679473876953,25.61844825744629,23.60203742980957,27.62604331970215
AL082025:geo:a188a152ee89a22d,AL082025,Humberto,val,2025-09-24 13:40:19+00:00,18.00554,0,True,,21.705825805664062,21.331018447875977,18.958988189697266,24.96920585632324,22.969388961791992,26.82962417602539
AL082025:geo:8e7279bb97e25229,AL082025,Humberto,val,2025-09-24 13:50:19+00:00,18.00554,0,True,,21.15038681030273,20.76482963562012,19.04547691345215,24.33009147644043,22.43139839172364,26.5149040222168
AL082025:geo:ae412b16fa67e114,AL082025,Humberto,val,2025-09-24 14:00:19+00:00,18.00554,0,True,,21.101469039916992,20.703519821166992,19.17485809326172,24.03723526000977,22.321266174316406,26.288375854492188
AL082025:geo:fdc9e5d9962be10a,AL082025,Humberto,val,2025-09-24 14:10:19+00:00,18.00554,0,True,,21.430099487304688,21.019989013671875,19.39923858642578,23.78801155090332,22.233232498168945,26.66494369506836
AL082025:geo:e2abae5c4455da1f,AL082025,Humberto,val,2025-09-24 14:20:19+00:00,18.00554,0,True,,21.79693031311035,21.377819061279297,19.757598876953125,23.77639579772949,22.32966995239257,27.20110511779785
AL082025:geo:97ee1902f0741acb,AL082025,Humberto,val,2025-09-24 14:30:19+00:00,18.00554,0,True,,22.186059951782227,21.75995445251465,19.930503845214844,23.90536117553711,22.47672462463379,27.38417053222656
AL082025:geo:82399f416d6e9b63,AL082025,Humberto,val,2025-09-24 14:40:19+00:00,18.00554,0,True,,22.478748321533203,22.046010971069336,19.925466537475582,24.094593048095703,22.650508880615234,27.51210594177246
AL082025:geo:e2df0da7f4c8673c,AL082025,Humberto,val,2025-09-24 14:50:19+00:00,18.00554,0,True,,22.51426887512207,22.075607299804688,19.80977249145508,24.28639793395996,22.77729797363281,26.52058982849121
AL082025:geo:7e38e21960438121,AL082025,Humberto,val,2025-09-24 15:00:19+00:00,18.00554,0,True,,24.95681571960449,24.40907096862793,20.164871215820312,25.155038833618164,23.53095054626465,26.11640930175781
AL082025:geo:aaf8fb67c90c820f,AL082025,Humberto,val,2025-09-24 15:10:19+00:00,18.00554,0,True,,25.49170684814453,24.944181442260746,20.338010787963867,25.63988304138184,23.93149375915528,25.50738525390625
AL082025:geo:6517d06f7ae70f71,AL082025,Humberto,val,2025-09-24 15:20:19+00:00,18.00554,0,True,,25.437156677246094,24.887393951416016,20.407150268554688,25.57151985168457,23.81193351745605,24.83441925048828
AL082025:geo:19596780ae8aedf9,AL082025,Humberto,val,2025-09-24 15:30:19+00:00,18.00554,0,True,,25.59608459472656,25.045917510986328,20.22551727294922,25.891740798950195,24.096342086791992,24.39032936096192
AL082025:geo:eb397ac2212afb3d,AL082025,Humberto,val,2025-09-24 15:40:19+00:00,18.00554,0,True,,26.102413177490234,25.554149627685547,20.05867958068848,26.46634101867676,24.66168975830078,23.993791580200195
AL082025:geo:d311928dfbb96cfc,AL082025,Humberto,val,2025-09-24 15:50:19+00:00,18.00554,0,True,,26.54335021972656,25.99358558654785,20.06557846069336,27.351213455200195,25.564638137817383,23.81596946716309
AL082025:geo:c74463419faf097a,AL082025,Humberto,val,2025-09-24 16:00:19+00:00,18.00554,0,True,,26.670528411865234,26.117403030395508,20.01445770263672,28.258975982666016,26.493446350097656,23.904035568237305
AL082025:geo:848f3aaf03e34ad1,AL082025,Humberto,val,2025-09-24 16:10:19+00:00,18.00554,0,True,,26.466835021972656,25.90966033935547,19.89644241333008,29.03074836730957,27.20777130126953,24.008150100708008
AL082025:geo:c48db12aeb42cffd,AL082025,Humberto,val,2025-09-24 16:20:19+00:00,18.00554,0,True,,26.2994384765625,25.74135398864746,19.89169311523437,29.632080078125,27.76079750061035,24.33363151550293
AL082025:geo:34a98d8e0944045a,AL082025,Humberto,val,2025-09-24 16:30:19+00:00,18.00554,0,True,,26.229286193847656,25.67095184326172,19.943397521972656,29.911577224731445,27.983142852783203,24.849090576171875
AL082025:geo:85689eaea4dc367d,AL082025,Humberto,val,2025-09-24 16:40:19+00:00,18.00554,0,True,,26.08971405029297,25.53373336791992,19.86941909790039,30.231613159179688,28.17870712280273,25.087446212768555
AL082025:geo:bdb71cdae9dd0613,AL082025,Humberto,val,2025-09-24 16:50:18+00:00,18.00554,0,True,,25.55990600585937,25.00724601745605,19.74056053161621,30.3372802734375,28.1957950592041,24.734983444213867
AL082025:geo:5eefe874a4c9f01d,AL082025,Humberto,val,2025-09-24 17:00:18+00:00,18.00554,0,True,,25.10434913635254,24.555482864379883,19.581342697143555,30.170150756835938,28.01531219482422,24.84723854064941
AL082025:geo:030ece92d5023a45,AL082025,Humberto,val,2025-09-24 17:10:18+00:00,18.00554,0,True,,24.53976821899414,23.99807548522949,19.50104522705078,30.067262649536133,27.991106033325195,24.74713134765625
AL082025:geo:ef3861be8819c5df,AL082025,Humberto,val,2025-09-24 17:20:18+00:00,18.00554,0,True,,24.03858184814453,23.507301330566406,19.210737228393555,29.70116424560547,27.726119995117188,24.315156936645508
AL082025:geo:b9a6ba1cd6bf98b5,AL082025,Humberto,val,2025-09-24 17:30:18+00:00,18.00554,0,True,,23.58652877807617,23.065650939941406,19.24152565002441,28.997234344482425,27.063337326049805,24.008947372436523
AL082025:geo:cf442589a761aef3,AL082025,Humberto,val,2025-09-24 17:40:18+00:00,18.00554,0,True,,23.2882080078125,22.77726554870605,19.498680114746094,28.26353454589844,26.293933868408203,23.96522521972656
AL082025:geo:31d94a16ec209f1d,AL082025,Humberto,val,2025-09-24 17:50:18+00:00,18.00554,0,True,,22.999488830566406,22.498090744018555,19.733158111572266,28.109264373779297,26.12726593017578,24.321733474731445
AL082025:geo:c26d2f110c1a6b33,AL082025,Humberto,val,2025-09-24 18:00:18+00:00,18.00811222,0,True,,22.765295028686523,22.27367401123047,19.84221267700196,27.9826717376709,25.96550750732422,24.173248291015625
AL082025:geo:c005ce36b508dfeb,AL082025,Humberto,val,2025-09-24 18:10:18+00:00,18.093852886666667,0,True,,22.647119522094727,22.1702938079834,19.88465118408203,27.848695755004883,25.82779121398925,24.145313262939453
AL082025:geo:c0c0d6ff7d6fbde6,AL082025,Humberto,val,2025-09-24 18:20:18+00:00,18.179593553333333,0,True,,22.3363094329834,21.87154006958008,19.842952728271484,27.65931510925293,25.674116134643555,24.546924591064453
AL082025:geo:fb93195b09f80989,AL082025,Humberto,val,2025-09-24 18:30:18+00:00,18.265334220000003,0,True,,22.064998626708984,21.61180877685547,19.92587280273437,27.327348709106445,25.30938148498535,24.7388916015625
AL082025:geo:2551425e1983cd11,AL082025,Humberto,val,2025-09-24 18:40:18+00:00,18.351074886666662,0,True,,21.946025848388672,21.50876808166504,20.174530029296875,26.7354793548584,24.59156990051269,24.8261947631836
AL082025:geo:e76124c1762ee5af,AL082025,Humberto,val,2025-09-24 18:50:18+00:00,18.43681555333333,0,True,,21.89180564880371,21.47141456604004,20.25496292114257,26.28350257873535,24.02014541625977,24.52378273010254
AL082025:geo:2b20a2f8c50e6d16,AL082025,Humberto,val,2025-09-24 19:00:18+00:00,18.52255622,0,True,,21.59172248840332,21.186107635498047,20.225187301635746,25.78622817993164,23.416015625,24.58344268798828
AL082025:geo:90f00e3278a02ba5,AL082025,Humberto,val,2025-09-24 19:10:18+00:00,18.60829688666667,0,True,,21.400951385498047,21.01016426086425,20.162647247314453,25.64183807373047,23.2065486907959,24.375652313232425
AL082025:geo:a6591eee8ea883f3,AL082025,Humberto,val,2025-09-24 19:20:18+00:00,18.69403755333333,0,True,,21.4903564453125,21.119916915893555,20.223604202270508,25.612138748168945,23.13736152648925,24.33881568908692
AL082025:geo:1e6e622bc8eea37a,AL082025,Humberto,val,2025-09-24 19:30:18+00:00,18.77977822,0,True,,21.58734703063965,21.239124298095703,20.35654067993164,25.446212768554688,22.939960479736328,24.68047142028809
AL082025:geo:36a0481ecf7b42c4,AL082025,Humberto,val,2025-09-24 19:40:18+00:00,18.865518886666667,0,True,,21.74110221862793,21.412885665893555,20.37666130065918,25.47528076171875,22.96758460998535,25.273042678833008
AL082025:geo:bdae8dae52f07742,AL082025,Humberto,val,2025-09-24 19:50:18+00:00,18.951259553333333,0,True,,21.834041595458984,21.52549934387207,20.323467254638672,25.63117218017578,23.144519805908203,25.50879669189453
AL082025:geo:a96e2f82172b5ef4,AL082025,Humberto,val,2025-09-24 20:00:18+00:00,19.037000220000003,0,True,,21.91820907592773,21.633913040161133,20.33500289916992,25.663848876953125,23.19034004211425,26.28511047363281
AL082025:geo:6d04b8c18026a634,AL082025,Humberto,val,2025-09-24 20:10:18+00:00,19.122740886666666,0,True,,21.81136703491211,21.55600547790528,20.38469696044922,25.47940444946289,22.979969024658203,26.95925521850586
AL082025:geo:5bb5b7543b2edab0,AL082025,Humberto,val,2025-09-24 20:20:18+00:00,19.20848155333333,0,True,,21.66305351257324,21.438549041748047,20.57281875610352,24.913055419921875,22.380903244018555,25.67419815063477
AL082025:geo:6946eb01b6f2ba3a,AL082025,Humberto,val,2025-09-24 20:30:18+00:00,19.29422222,0,True,,21.669055938720703,21.47210502624512,20.890304565429688,24.04887580871582,21.493032455444336,24.706939697265625
AL082025:geo:61d14b58b415bb1f,AL082025,Humberto,val,2025-09-24 20:40:18+00:00,19.379962886666668,0,True,,21.64923858642578,21.47983360290528,21.20345115661621,23.17043113708496,20.73817253112793,24.25356674194336
AL082025:geo:67aa5f93e769e9dd,AL082025,Humberto,val,2025-09-24 20:50:18+00:00,19.46570355333333,0,True,,21.664501190185547,21.52900123596192,21.52407455444336,22.467994689941406,20.1635971069336,24.20259094238281
AL082025:geo:a909badcc28bf295,AL082025,Humberto,val,2025-09-24 21:00:18+00:00,19.55058681333333,0,True,,22.171186447143555,22.18784141540528,22.29195976257324,21.94490623474121,19.814939498901367,24.033615112304688
AL082025:geo:08a7a1dad0e38cd6,AL082025,Humberto,val,2025-09-24 21:10:18+00:00,19.607747257777778,0,True,,21.784713745117188,21.825517654418945,22.25470352172852,21.601221084594727,19.652618408203125,23.716344833374023
AL082025:geo:759a8fb717841964,AL082025,Humberto,val,2025-09-24 21:20:18+00:00,19.664907702222223,0,True,,21.29305648803711,21.36094284057617,22.24830436706543,21.65040779113769,19.8655014038086,24.0124454498291
AL082025:geo:78a24b3ec5d8caee,AL082025,Humberto,val,2025-09-24 21:30:18+00:00,19.72206814666667,0,True,,20.88104248046875,20.9757137298584,22.33784294128418,21.92905616760254,20.2342472076416,25.188364028930664
AL082025:geo:cf5230fb3c651d73,AL082025,Humberto,val,2025-09-24 21:40:18+00:00,19.77922859111112,0,True,,20.84527015686035,20.95000267028809,22.214942932128903,22.13958740234375,20.615835189819336,24.7978515625
AL082025:geo:78f3c4237c0c725c,AL082025,Humberto,val,2025-09-24 21:50:18+00:00,19.836389035555555,0,True,,20.93047332763672,21.039270401000977,22.168663024902344,22.354232788085938,20.94388008117676,24.3010482788086
AL082025:geo:535bd2a3a5b7bebc,AL082025,Humberto,val,2025-09-24 22:00:18+00:00,19.89354948,0,True,,21.201290130615234,21.317745208740234,22.047182083129883,22.595191955566406,21.35714530944824,23.95166015625
AL082025:geo:1bf9eae8ff13e89a,AL082025,Humberto,val,2025-09-24 22:10:18+00:00,19.950709924444443,0,True,,21.554183959960938,21.68927574157715,21.99055862426757,22.56715965270996,21.525007247924805,23.44461441040039
AL082025:geo:fb518926221f1b86,AL082025,Humberto,val,2025-09-24 22:20:18+00:00,20.00787036888889,0,True,,22.02782249450684,22.19255256652832,22.085317611694336,22.48595428466797,21.69622039794922,23.41942977905273
AL082025:geo:56823554ec525ca6,AL082025,Humberto,val,2025-09-24 22:30:18+00:00,20.065030813333333,0,True,,22.34456443786621,22.539445877075195,22.262664794921875,22.25020980834961,21.52595329284668,22.95328140258789
AL082025:geo:a713596a3a421d59,AL082025,Humberto,val,2025-09-24 22:40:18+00:00,20.12219125777778,0,True,,22.27822494506836,22.509418487548828,22.45790100097656,21.97759437561035,21.301836013793945,22.55914688110352
AL082025:geo:07af5213b703319b,AL082025,Humberto,val,2025-09-24 22:50:18+00:00,20.179351702222224,0,True,,21.76435089111328,22.03129196166992,22.465347290039062,21.578428268432617,20.88615226745605,22.421306610107425
AL082025:geo:61d3123ea4b487a2,AL082025,Humberto,val,2025-09-24 23:00:18+00:00,20.236512146666666,0,True,,21.488529205322266,21.78805351257324,22.479766845703125,21.248842239379883,20.54896545410156,22.348722457885746
AL082025:geo:87fef4464a2f536a,AL082025,Humberto,val,2025-09-24 23:10:18+00:00,20.293672591111115,0,True,,21.79167938232422,22.1101188659668,22.338367462158203,20.773860931396484,20.0649528503418,22.472797393798828
AL082025:geo:e4a098baa37f84ae,AL082025,Humberto,val,2025-09-24 23:20:18+00:00,20.35083303555556,0,True,,22.28947639465332,22.61372947692871,21.944965362548828,20.48953056335449,19.79511070251465,22.570945739746094
AL082025:geo:a656afa6bdeb6e9c,AL082025,Humberto,val,2025-09-24 23:30:18+00:00,20.40799348,0,True,,22.85394287109375,23.17974853515625,21.651485443115234,20.22240829467773,19.555513381958008,22.549131393432617
AL082025:geo:055ff522c5a091c9,AL082025,Humberto,val,2025-09-24 23:40:18+00:00,20.465153924444444,0,True,,23.03852081298828,23.360078811645508,21.43728256225586,19.902088165283203,19.260311126708984,22.466232299804688
AL082025:geo:1dc51b9724199c29,AL082025,Humberto,val,2025-09-24 23:50:18+00:00,20.52231436888889,0,True,,22.781707763671875,23.10323905944824,21.251670837402344,19.818254470825195,19.20006561279297,22.322280883789062
AL082025:geo:26f52cd57672e29e,AL082025,Humberto,val,2025-09-25 00:00:18+00:00,20.580332220000003,0,True,,22.6419677734375,22.95816230773925,21.23107147216797,19.793516159057617,19.18787384033203,22.24909210205078
AL082025:geo:38c26874270b5c36,AL082025,Humberto,val,2025-09-25 00:10:18+00:00,20.66607288666667,0,True,,22.53313064575196,22.83872032165528,21.29043960571289,20.010570526123047,19.42094993591309,22.334396362304688
AL082025:geo:c4d6051bfbb52c17,AL082025,Humberto,val,2025-09-25 00:20:18+00:00,20.75181355333333,0,True,,22.70199584960937,22.99536895751953,21.29363250732422,20.275218963623047,19.70001220703125,22.372535705566406
AL082025:geo:cd354f83b3cae9d5,AL082025,Humberto,val,2025-09-25 00:30:18+00:00,20.83755422,0,True,,22.57359313964844,22.85820198059082,21.268159866333008,20.671680450439453,20.1099910736084,22.309982299804688
AL082025:geo:8064e269ab90be0a,AL082025,Humberto,val,2025-09-25 00:40:18+00:00,20.923294886666667,0,True,,21.954265594482425,22.22870635986328,21.27629280090332,21.19171905517578,20.64490509033203,22.36092185974121
AL082025:geo:00b2002b788874ed,AL082025,Humberto,val,2025-09-25 00:50:18+00:00,21.009035553333334,0,True,,21.39014434814453,21.64188003540039,21.26056861877441,21.89317321777344,21.38572120666504,22.362842559814453
AL082025:geo:8ea1eddf0613d8dc,AL082025,Humberto,val,2025-09-25 01:00:18+00:00,21.094776220000004,0,True,,21.220760345458984,21.45056533813477,21.230037689208984,22.383390426635746,21.927064895629883,22.20210647583008
AL082025:geo:0a5b9e569b4aa5e4,AL082025,Humberto,val,2025-09-25 01:10:18+00:00,21.180516886666663,0,True,,20.966794967651367,21.16559600830078,21.0886173248291,22.709688186645508,22.299427032470703,22.16725730895996
AL082025:geo:7acfc44cac7a5053,AL082025,Humberto,val,2025-09-25 01:20:18+00:00,21.26625755333333,0,True,,20.66449737548828,20.82752799987793,21.00792694091797,23.256792068481445,22.93504905700684,22.14972305297852
AL082025:geo:e4283e84c2c423b5,AL082025,Humberto,val,2025-09-25 01:30:18+00:00,21.35199822,0,True,,20.25285720825196,20.3797607421875,20.97063636779785,23.99872589111328,23.75346946716309,22.26863670349121
AL082025:geo:ad5039a69473b83c,AL082025,Humberto,val,2025-09-25 01:40:18+00:00,21.43773888666667,0,True,,19.993316650390625,20.07098388671875,20.83674049377441,24.61577033996582,24.40299224853516,22.680316925048828
AL082025:geo:1373befecfdd643f,AL082025,Humberto,val,2025-09-25 01:50:18+00:00,21.52347955333333,0,True,,19.776317596435547,19.804418563842773,20.692176818847656,25.51795959472656,25.12181663513184,23.10194206237793
AL082025:geo:003560f0df46ee2d,AL082025,Humberto,val,2025-09-25 02:00:18+00:00,21.60922022,0,True,,19.728458404541016,19.71456527709961,20.497737884521484,26.13140296936035,25.41621971130371,23.32988166809082
AL082025:geo:ebe058a838ec095e,AL082025,Humberto,val,2025-09-25 02:10:18+00:00,21.694960886666667,0,True,,19.1531982421875,19.101057052612305,20.505231857299805,26.667579650878903,25.668760299682617,24.256103515625
AL082025:geo:459a48729819680f,AL082025,Humberto,val,2025-09-25 02:20:18+00:00,21.780701553333333,0,True,,19.60617446899414,19.51984024047852,20.47974395751953,27.051189422607425,25.85008811950684,25.14790916442871
AL082025:geo:f57e223dd9a61831,AL082025,Humberto,val,2025-09-25 02:30:18+00:00,21.866442220000003,0,True,,20.041561126708984,19.92731285095215,20.51665496826172,27.503293991088867,26.040565490722656,24.0644588470459
AL082025:geo:1e73876cc8748b52,AL082025,Humberto,val,2025-09-25 02:40:18+00:00,21.952182886666662,0,True,,20.37532615661621,20.23788070678711,20.654624938964844,28.095579147338867,26.465421676635746,23.59152603149414
AL082025:geo:be92a0da2d5fdc17,AL082025,Humberto,val,2025-09-25 02:50:18+00:00,22.03792355333333,0,True,,20.58731460571289,20.43115425109864,20.819393157958984,28.49489402770996,26.878501892089844,23.37762451171875
AL082025:geo:71a773512a4cdd74,AL082025,Humberto,val,2025-09-25 03:00:18+00:00,22.122806813333334,0,True,,24.02083969116211,23.82057380676269,20.686908721923828,28.78160285949707,27.255260467529297,23.528038024902344
AL082025:geo:db227010e9b2a7e0,AL082025,Humberto,val,2025-09-25 03:10:18+00:00,22.17996725777778,0,True,,24.033565521240234,23.83872032165528,21.005409240722656,28.90302848815918,27.40667152404785,23.53879165649414
AL082025:geo:978a5f8ba5d6ea92,AL082025,Humberto,val,2025-09-25 03:20:18+00:00,22.237127702222224,0,True,,24.363927841186523,24.17243003845215,21.296241760253903,29.26098823547364,27.77462387084961,23.591035842895508
AL082025:geo:e087374a25516b75,AL082025,Humberto,val,2025-09-25 03:30:18+00:00,22.294288146666663,0,True,,25.25417900085449,25.05706214904785,21.403949737548828,29.56234741210937,28.132333755493164,23.82460021972656
AL082025:geo:2db59c7a545bca2e,AL082025,Humberto,val,2025-09-25 03:40:18+00:00,22.35144859111111,0,True,,25.99824333190918,25.81154441833496,21.48559761047364,29.887067794799805,28.50823974609375,23.661693572998047
AL082025:geo:045c9ecb99340451,AL082025,Humberto,val,2025-09-25 03:50:18+00:00,22.40860903555556,0,True,,26.327890396118164,26.1540756225586,21.60483169555664,30.151840209960938,28.87329864501953,23.442657470703125
AL082025:geo:9401b6a72fe8f30f,AL082025,Humberto,val,2025-09-25 04:00:18+00:00,22.46576948,0,True,,26.46065902709961,26.303232192993164,21.6710205078125,30.144989013671875,29.13300132751465,23.533668518066406
AL082025:geo:08787d20dc4485ee,AL082025,Humberto,val,2025-09-25 04:10:18+00:00,22.522929924444444,0,True,,26.59660148620605,26.434404373168945,21.47107696533203,29.85355567932129,29.177085876464844,23.00180435180664
AL082025:geo:0977170dc1154e20,AL082025,Humberto,val,2025-09-25 04:20:18+00:00,22.58009036888889,0,True,,26.78912734985352,26.59578323364257,21.75028610229492,29.365015029907227,29.03508758544922,23.362382888793945
AL082025:geo:ada30799bf5d79fd,AL082025,Humberto,val,2025-09-25 04:30:18+00:00,22.63725081333333,0,True,,26.942779541015625,26.74466323852539,21.68705368041992,29.04090881347656,28.96324348449707,22.628421783447266
AL082025:geo:3d3b80e281ec5285,AL082025,Humberto,val,2025-09-25 04:40:18+00:00,22.69441125777778,0,True,,27.1892318725586,26.972002029418945,21.753192901611328,28.628305435180664,28.722768783569336,22.16418838500977
AL082025:geo:e47af07bdf18bc57,AL082025,Humberto,val,2025-09-25 04:50:19+00:00,22.75166696962963,0,True,,27.48972511291504,27.255172729492188,21.687116622924805,28.205039978027344,28.337366104125977,22.044132232666016
AL082025:geo:e7fc3dc00ca8ce02,AL082025,Humberto,val,2025-09-25 05:00:19+00:00,22.80882741407408,0,True,,28.129600524902344,27.825693130493164,21.69058990478516,27.572673797607425,27.737041473388672,21.853614807128903
AL082025:geo:48c8a060c72c01c0,AL082025,Humberto,val,2025-09-25 05:10:19+00:00,22.86598785851852,0,True,,28.37742042541504,28.021543502807617,21.73601531982422,26.9157829284668,27.1172103881836,21.79610824584961
AL082025:geo:524bcd521053fb62,AL082025,Humberto,val,2025-09-25 05:20:19+00:00,22.923148302962964,0,True,,28.4813232421875,28.105493545532227,21.82879447937012,26.173858642578125,26.42150115966797,21.801654815673828
AL082025:geo:151dde8bd2e0d3de,AL082025,Humberto,val,2025-09-25 05:30:19+00:00,22.98030874740741,0,True,,28.247142791748047,27.88116455078125,21.113300323486328,25.091896057128903,24.950239181518555,21.856130599975582
AL082025:geo:338aceed33613ed7,AL082025,Humberto,val,2025-09-25 05:40:19+00:00,23.03746919185185,0,True,,28.150222778320312,27.76858139038086,21.285749435424805,24.173370361328125,24.06211853027344,21.78818893432617
AL082025:geo:96760c38694151b9,AL082025,Humberto,val,2025-09-25 05:50:19+00:00,23.094629636296297,0,True,,28.50428009033203,28.11651992797852,21.228139877319336,22.905874252319336,23.00511741638184,21.72732925415039
AL082025:geo:4817f07df57993d0,AL082025,Humberto,val,2025-09-25 06:00:19+00:00,23.152695121111112,0,True,,28.585922241210938,28.192768096923828,21.24614524841309,21.588171005249023,21.80331993103028,21.53976821899414
AL082025:geo:9d1b7f65f0f2a0ee,AL082025,Humberto,val,2025-09-25 06:10:19+00:00,23.23843578777777,0,True,,28.55402565002441,28.17289924621582,21.36821174621582,21.080049514770508,21.15254020690918,21.31773376464844
AL082025:geo:b76225160fc7d51b,AL082025,Humberto,val,2025-09-25 06:20:19+00:00,23.324176454444448,0,True,,28.47430992126465,28.114892959594727,21.45470428466797,20.441593170166016,20.408178329467773,21.18580818176269
AL082025:geo:e5ad0d9a48c15d9f,AL082025,Humberto,val,2025-09-25 06:30:19+00:00,23.40991712111111,0,True,,28.0494384765625,27.722206115722656,21.60961151123047,19.712779998779297,19.69644546508789,21.090240478515625
AL082025:geo:231481580997d8e8,AL082025,Humberto,val,2025-09-25 06:40:19+00:00,23.495657787777777,0,True,,28.02982711791992,27.74509048461914,21.77583694458008,18.77523231506348,18.818952560424805,21.24304580688477
AL082025:geo:63677447c5c7acf7,AL082025,Humberto,val,2025-09-25 06:50:19+00:00,23.581398454444447,0,True,,28.383731842041016,28.14864158630371,21.888776779174805,18.125532150268555,18.26398658752441,21.27448272705078
AL082025:geo:cfd5ed579e3c144c,AL082025,Humberto,val,2025-09-25 07:00:19+00:00,23.66713912111112,0,True,,28.48943328857422,28.304187774658203,22.020984649658203,18.44171905517578,18.68486976623535,21.277294158935547
AL082025:geo:4272c027e51532be,AL082025,Humberto,val,2025-09-25 07:10:19+00:00,23.752879787777776,0,True,,28.872806549072266,28.72777557373047,22.098690032958984,18.823564529418945,19.174341201782227,21.277130126953125
AL082025:geo:264dd9776bf2f822,AL082025,Humberto,val,2025-09-25 07:20:19+00:00,23.838620454444445,0,True,,28.3228759765625,28.224027633666992,22.18594741821289,18.982215881347656,19.431201934814453,21.47201156616211
AL082025:geo:38f621e1f5fd42ef,AL082025,Humberto,val,2025-09-25 07:30:19+00:00,23.92436112111111,0,True,,27.034568786621094,26.974496841430664,22.18580436706543,18.920886993408203,19.45991325378418,21.931529998779297
AL082025:geo:942711e0f1bdcd27,AL082025,Humberto,val,2025-09-25 07:40:19+00:00,24.01010178777777,0,True,,24.92168426513672,24.9047794342041,22.22711181640625,18.8262996673584,19.44509506225586,22.50159454345703
AL082025:geo:b11f11da3e3a8a80,AL082025,Humberto,val,2025-09-25 07:50:19+00:00,24.095842454444448,0,True,,23.314985275268555,23.345361709594727,22.35504722595215,18.774303436279297,19.48437690734864,22.989681243896484
AL082025:geo:f7697c5814d6d84e,AL082025,Humberto,val,2025-09-25 08:00:19+00:00,24.18158312111111,0,True,,22.93244171142578,23.013261795043945,22.49750518798828,18.577356338500977,19.361204147338867,22.98015022277832
AL082025:geo:8b2b36e986b31613,AL082025,Humberto,val,2025-09-25 08:10:19+00:00,24.267323787777777,0,True,,24.7414493560791,24.857669830322266,22.6176872253418,19.4414119720459,20.288705825805664,22.534427642822266
AL082025:geo:0869e7f20c94ab2a,AL082025,Humberto,val,2025-09-25 08:20:19+00:00,24.353064454444446,0,True,,26.19077682495117,26.33034896850586,22.730812072753903,20.60173988342285,21.5205307006836,22.349151611328125
AL082025:geo:ff56c76d68c1d584,AL082025,Humberto,val,2025-09-25 08:30:19+00:00,24.43880512111112,0,True,,27.209217071533203,27.349552154541016,22.875606536865234,21.15914535522461,22.146324157714844,22.77276611328125
AL082025:geo:79ceab01aeccd9e0,AL082025,Humberto,val,2025-09-25 08:40:19+00:00,24.52454578777778,0,True,,27.53400421142578,27.65385627746582,22.95144462585449,21.486120223999023,22.51781272888184,22.96379280090332
AL082025:geo:0c47d8de53f027a5,AL082025,Humberto,val,2025-09-25 08:50:19+00:00,24.610286454444445,0,True,,27.44440269470215,27.543949127197266,23.05231094360352,21.54925537109375,22.651351928710938,22.59188842773437
AL082025:geo:ce72def27e5dfa0c,AL082025,Humberto,val,2025-09-25 09:00:19+00:00,24.69512208074074,0,True,,25.790599822998047,25.68048667907715,24.22471618652344,21.775543212890625,23.06527328491211,22.350500106811523
AL082025:geo:bff49a9f9b41297f,AL082025,Humberto,val,2025-09-25 09:10:19+00:00,24.752282525185187,0,True,,25.49074935913086,25.38994407653809,24.457029342651367,22.54344367980957,24.06426048278809,23.08902168273925
AL082025:geo:3562858fd64d12dc,AL082025,Humberto,val,2025-09-25 09:20:19+00:00,24.80944296962963,0,True,,26.026031494140625,25.9578914642334,24.753320693969727,23.29698371887207,25.039520263671875,24.750186920166016
AL082025:geo:bf2bc34de7f6d77a,AL082025,Humberto,val,2025-09-25 09:30:19+00:00,24.86660341407408,0,True,,27.24952507019043,27.25993728637696,25.06195831298828,23.628402709960938,25.461156845092773,25.410472869873047
AL082025:geo:852cdaa918f24320,AL082025,Humberto,val,2025-09-25 09:40:19+00:00,24.92376385851852,0,True,,29.692211151123047,29.893516540527344,24.8147201538086,22.83338165283203,24.79356384277344,24.8923454284668
AL082025:geo:817f09307c7a2049,AL082025,Humberto,val,2025-09-25 09:50:19+00:00,24.980924302962965,0,True,,30.429180145263672,30.721511840820312,25.16109848022461,23.63735580444336,25.84944534301757,27.829757690429688
AL082025:geo:8599838e436c213f,AL082025,Humberto,val,2025-09-25 10:00:19+00:00,25.038084747407407,0,True,,30.727689743041992,31.01580619812012,25.25967597961425,24.39100456237793,26.71418571472168,29.20787811279297
AL082025:geo:52b5d50813cb7e86,AL082025,Humberto,val,2025-09-25 10:10:19+00:00,25.09524519185185,0,True,,30.678184509277344,30.968276977539062,25.03936195373535,24.4533920288086,26.90827751159668,30.644073486328125
AL082025:geo:a98664b98f15e64c,AL082025,Humberto,val,2025-09-25 10:20:19+00:00,25.15240563629629,0,True,,30.39026260375977,30.69896697998047,25.23162651062012,24.26253700256348,26.92749214172364,29.10516357421875
AL082025:geo:234d0dc326788970,AL082025,Humberto,val,2025-09-25 10:30:19+00:00,25.209566080740743,0,True,,30.342884063720703,30.68305206298828,25.388851165771484,24.103593826293945,26.936840057373047,29.57840347290039
AL082025:geo:b87626dff13f2af9,AL082025,Humberto,val,2025-09-25 10:40:19+00:00,25.266726525185188,0,True,,30.373966217041016,30.71860122680664,25.881317138671875,24.29188537597656,27.414974212646484,28.032533645629883
AL082025:geo:131efcb4fd057202,AL082025,Humberto,val,2025-09-25 10:50:19+00:00,25.32388696962963,0,True,,30.3504638671875,30.66403579711914,26.172666549682617,24.70887756347656,28.27457046508789,24.98031234741211
AL082025:geo:536a59169f72f323,AL082025,Humberto,val,2025-09-25 11:00:19+00:00,25.381047414074075,0,True,,30.15359115600586,30.41698265075684,26.08555030822754,25.2216854095459,29.29732131958008,24.25522804260254
AL082025:geo:35b536dd94c66ad5,AL082025,Humberto,val,2025-09-25 11:10:19+00:00,25.43820785851852,0,True,,30.07491874694824,30.27057647705078,25.87864875793457,25.72610855102539,30.064678192138672,26.154476165771484
AL082025:geo:12d01c4ca548cd86,AL082025,Humberto,val,2025-09-25 11:20:19+00:00,25.49536830296297,0,True,,29.854496002197266,29.938051223754883,26.02489280700684,26.04513931274414,30.480960845947266,27.614675521850582
AL082025:geo:340e9c5e6ef73152,AL082025,Humberto,val,2025-09-25 11:30:19+00:00,25.552528747407408,0,True,,29.48679542541504,29.502195358276367,26.28668594360352,26.27246284484864,30.67658042907715,28.63942146301269
AL082025:geo:1012b09cd82f4b14,AL082025,Humberto,val,2025-09-25 11:40:19+00:00,25.609689191851853,0,True,,29.23289680480957,29.152801513671875,26.22460556030273,26.729463577270508,30.972606658935547,30.340316772460938
AL082025:geo:e13ddf59e86b73ad,AL082025,Humberto,val,2025-09-25 11:50:19+00:00,25.66684963629629,0,True,,29.281471252441406,29.136932373046875,26.0557918548584,27.62775993347168,31.669057846069336,32.907833099365234
AL082025:geo:aa3df27ee5f293ec,AL082025,Humberto,val,2025-09-25 12:00:19+00:00,25.72491512111112,0,True,,29.651865005493164,29.48108673095703,26.38531875610352,28.96208000183105,33.307743072509766,33.492576599121094
AL082025:geo:a11ebdad9e5906a0,AL082025,Humberto,val,2025-09-25 12:10:19+00:00,25.810655787777776,0,True,,30.012222290039062,29.84970474243164,26.86020278930664,30.591524124145508,36.134796142578125,32.36404800415039
AL082025:geo:3b11d8abe6572f0e,AL082025,Humberto,val,2025-09-25 12:20:19+00:00,25.89639645444445,0,True,,30.21763801574707,30.10115432739257,26.76014709472656,32.361183166503906,38.69058609008789,32.721336364746094
AL082025:geo:5d1460b43e236863,AL082025,Humberto,val,2025-09-25 12:30:19+00:00,25.982137121111112,0,True,,30.38585662841797,30.345497131347656,26.271913528442383,34.5059700012207,40.8802490234375,33.83905029296875
AL082025:geo:24b2e8cf73354d0f,AL082025,Humberto,val,2025-09-25 12:40:19+00:00,26.06787778777778,0,True,,30.541439056396484,30.58184051513672,26.581451416015625,36.54880905151367,42.77851867675781,37.21085357666016
AL082025:geo:360569cb77d15c20,AL082025,Humberto,val,2025-09-25 12:50:19+00:00,26.153618454444445,0,True,,30.72452735900879,30.8581771850586,26.7040958404541,37.92233276367188,44.25750732421875,41.33067321777344
AL082025:geo:092c1d7484cb8630,AL082025,Humberto,val,2025-09-25 13:00:19+00:00,26.23935912111111,0,True,,30.90607643127441,31.0084171295166,26.557899475097656,38.56021881103516,44.35844039916992,44.91862106323242
AL082025:geo:b2eefe495b636701,AL082025,Humberto,val,2025-09-25 13:10:19+00:00,26.325099787777777,0,True,,31.112159729003903,31.13434219360352,26.351720809936523,38.63853454589844,43.67374038696289,45.10018539428711
AL082025:geo:7d9155b9f6a32798,AL082025,Humberto,val,2025-09-25 13:20:19+00:00,26.410840454444447,0,True,,31.38935852050781,31.29164123535156,26.291709899902344,38.47419738769531,44.18012619018555,42.10547256469727
AL082025:geo:0a5b200ff3232301,AL082025,Humberto,val,2025-09-25 13:30:19+00:00,26.49658112111112,0,True,,31.6010971069336,31.37082862854004,26.31949234008789,38.23079681396485,44.05883026123047,40.80541229248047
AL082025:geo:f2261559b784a17b,AL082025,Humberto,val,2025-09-25 13:40:19+00:00,26.582321787777776,0,True,,31.71227264404297,31.39259529113769,26.563980102539062,38.35314178466797,43.65617370605469,38.30213165283203
AL082025:geo:43415f538d264c54,AL082025,Humberto,val,2025-09-25 13:50:19+00:00,26.66806245444445,0,True,,31.8599853515625,31.473073959350582,27.013690948486328,38.90591430664063,43.10197448730469,39.14813232421875
AL082025:geo:83119c063cd840c8,AL082025,Humberto,val,2025-09-25 14:00:19+00:00,26.753803121111112,0,True,,31.96388053894043,31.555540084838867,27.415922164916992,39.51904296875,42.46857070922852,40.70326232910156
AL082025:geo:a3f8861bc5423180,AL082025,Humberto,val,2025-09-25 14:10:19+00:00,26.83954378777777,0,True,,32.039039611816406,31.67412376403809,27.9542293548584,40.08869171142578,42.16496276855469,41.66172409057617
AL082025:geo:8df78726946de5a2,AL082025,Humberto,val,2025-09-25 14:20:19+00:00,26.925284454444448,0,True,,32.06632614135742,31.80381774902344,28.27886390686035,40.64602279663086,42.25041198730469,43.49324798583984
AL082025:geo:9883739f3d3adadc,AL082025,Humberto,val,2025-09-25 14:30:19+00:00,27.01102512111111,0,True,,32.037818908691406,31.851327896118164,28.57494354248047,41.0916862487793,42.75981521606445,45.63268280029297
AL082025:geo:841ec354f06b237f,AL082025,Humberto,val,2025-09-25 14:40:19+00:00,27.096765787777777,0,True,,31.94568634033203,31.797645568847656,28.81822395324707,41.3929557800293,42.97941970825195,46.79920196533203
AL082025:geo:2304423ff68c034c,AL082025,Humberto,val,2025-09-25 14:50:19+00:00,27.182506454444447,0,True,,31.81729507446289,31.70075798034668,28.91634750366211,41.806453704833984,43.80763244628906,45.50074768066406
AL082025:geo:442a684cab2f3c25,AL082025,Humberto,val,2025-09-25 15:00:19+00:00,27.26734208074074,0,True,,32.48521041870117,33.45280456542969,27.245410919189453,41.86213302612305,44.38442993164063,43.56631088256836
AL082025:geo:45ed0820a25e7439,AL082025,Humberto,val,2025-09-25 15:10:19+00:00,27.32450252518519,0,True,,32.25661849975586,32.375953674316406,27.45255470275879,41.67782974243164,44.51897430419922,38.20625686645508
AL082025:geo:661264f8d56a0fac,AL082025,Humberto,val,2025-09-25 15:20:19+00:00,27.38166296962963,0,True,,31.871566772460938,31.507305145263672,27.71622467041016,41.2696647644043,44.25789642333984,35.82114028930664
AL082025:geo:6ccad166480bd798,AL082025,Humberto,val,2025-09-25 15:30:19+00:00,27.43882341407408,0,True,,30.847881317138672,30.32881164550781,27.940996170043945,40.38031768798828,43.22579574584961,35.8696403503418
AL082025:geo:29fbdab984e9f022,AL082025,Humberto,val,2025-09-25 15:40:19+00:00,27.49598385851852,0,True,,29.68824005126953,29.153200149536133,28.18074417114257,39.13851165771485,41.5501708984375,34.72435760498047
AL082025:geo:e9e85f0404182a48,AL082025,Humberto,val,2025-09-25 15:50:19+00:00,27.553144302962963,0,True,,28.36436080932617,27.9145565032959,28.406742095947266,37.49081039428711,39.80976486206055,34.94322204589844
AL082025:geo:48e678932aea7efe,AL082025,Humberto,val,2025-09-25 16:00:19+00:00,27.610304747407408,0,True,,28.37143516540528,28.07699584960937,28.327613830566406,35.76988983154297,38.93846893310547,33.91009521484375
AL082025:geo:04900b735e0a8aa3,AL082025,Humberto,val,2025-09-25 16:10:19+00:00,27.667465191851853,0,True,,29.21601867675781,29.166275024414062,27.917869567871094,33.83121109008789,37.50056457519531,31.946643829345703
AL082025:geo:f87124c343f60393,AL082025,Humberto,val,2025-09-25 16:20:19+00:00,27.72462563629629,0,True,,30.550111770629883,30.36419486999512,27.572559356689453,32.50946044921875,36.908477783203125,32.856380462646484
AL082025:geo:dfd377640a9ad15d,AL082025,Humberto,val,2025-09-25 16:30:19+00:00,27.78178608074074,0,True,,31.55051612854004,31.15481376647949,27.10198974609375,31.087644577026367,34.32032012939453,31.38603782653809
AL082025:geo:29080a92df4412f6,AL082025,Humberto,val,2025-09-25 16:40:19+00:00,27.838946525185182,0,True,,31.420482635498047,30.97708511352539,27.34233283996582,30.53677749633789,32.2906379699707,31.661266326904297
AL082025:geo:02e50ab9be7b990d,AL082025,Humberto,val,2025-09-25 16:50:18+00:00,27.896011702222225,0,True,,31.32683181762696,30.946632385253903,27.176658630371094,29.411815643310547,28.784975051879883,31.49466896057129
AL082025:geo:ac626940b1b997c8,AL082025,Humberto,val,2025-09-25 17:00:18+00:00,27.953172146666667,0,True,,31.04466819763184,30.858509063720703,27.73562812805176,28.008045196533203,26.75507926940918,32.57444381713867
AL082025:geo:b9aa1aac64b53128,AL082025,Humberto,val,2025-09-25 17:10:18+00:00,28.010332591111112,0,True,,30.248750686645508,30.23207664489746,26.96002960205078,27.44368934631348,26.719816207885746,31.35384750366211
AL082025:geo:b388dba9821a3727,AL082025,Humberto,val,2025-09-25 17:20:18+00:00,28.06749303555556,0,True,,29.678035736083984,29.601247787475582,27.248762130737305,27.05179977416992,26.88100814819336,29.96821975708008
AL082025:geo:df435f00fa7bf28c,AL082025,Humberto,val,2025-09-25 17:30:18+00:00,28.124653480000003,0,True,,29.10200881958008,28.79793739318848,28.08893775939941,26.45784950256348,26.666004180908203,33.96427154541016
AL082025:geo:0d2e2b2d210dd9c4,AL082025,Humberto,val,2025-09-25 17:40:19+00:00,28.18190919185185,0,True,,28.27907943725586,27.78799819946289,28.16540908813477,26.41145133972168,26.709999084472656,30.95193862915039
AL082025:geo:80215b67a5371706,AL082025,Humberto,val,2025-09-25 17:50:19+00:00,28.239069636296296,0,True,,27.681442260742188,27.07689094543457,28.176315307617188,26.46487236022949,26.940868377685547,30.87635803222656
AL082025:geo:9caa134b9a5cf9f8,AL082025,Humberto,val,2025-09-25 18:00:19+00:00,28.29713512111111,0,True,,27.79199409484864,27.161529541015625,28.227264404296875,26.645959854125977,27.066953659057617,34.46883773803711
AL082025:geo:75a3bf5e6636f73e,AL082025,Humberto,val,2025-09-25 18:10:19+00:00,28.382875787777778,0,True,,28.05910873413086,27.426380157470703,28.23333549499512,26.91128921508789,27.17460060119629,34.50174331665039
AL082025:geo:dbce1f153323c4a7,AL082025,Humberto,val,2025-09-25 18:20:19+00:00,28.468616454444447,0,True,,28.38996696472168,27.76852798461914,28.43710899353028,27.114511489868164,27.198949813842773,34.151363372802734
AL082025:geo:260213c463d1fa4e,AL082025,Humberto,val,2025-09-25 18:30:19+00:00,28.55435712111111,0,True,,28.765926361083984,28.165451049804688,28.668739318847656,27.31313705444336,27.233354568481445,33.17582702636719
AL082025:geo:3d08fa92f8ec921f,AL082025,Humberto,val,2025-09-25 18:40:19+00:00,28.640097787777776,0,True,,29.09183692932129,28.52876853942871,28.919795989990234,27.515172958374023,27.32368278503418,35.722652435302734
AL082025:geo:008c5f90399e2752,AL082025,Humberto,val,2025-09-25 18:50:19+00:00,28.72583845444445,0,True,,29.34922409057617,28.84860610961914,28.700204849243164,27.69791984558105,27.49599266052246,38.38071441650391
AL082025:geo:baef2712ff79d6b8,AL082025,Humberto,val,2025-09-25 19:00:19+00:00,28.811579121111112,0,True,,29.54281997680664,29.117475509643555,28.343318939208984,27.950902938842773,27.747669219970703,39.8560676574707
AL082025:geo:81ee89f5155ac137,AL082025,Humberto,val,2025-09-25 19:10:19+00:00,28.89731978777778,0,True,,29.66301345825196,29.31548118591309,28.24633979797364,28.15877723693848,27.80047035217285,40.44393157958984
AL082025:geo:4972aef996e9c384,AL082025,Humberto,val,2025-09-25 19:20:19+00:00,28.983060454444445,0,True,,29.714040756225582,29.436601638793945,28.44210433959961,28.24311637878418,27.745336532592773,39.25896453857422
AL082025:geo:4876a484f3dcaf50,AL082025,Humberto,val,2025-09-25 19:30:19+00:00,29.06880112111111,0,True,,29.70601463317871,29.46443557739257,28.35301399230957,28.43924140930176,27.85746383666992,37.43862533569336
AL082025:geo:21f9eeebe00164e4,AL082025,Humberto,val,2025-09-25 19:40:19+00:00,29.154541787777777,0,True,,29.6196403503418,29.400371551513672,28.474592208862305,29.11333465576172,28.55447196960449,36.66497039794922
AL082025:geo:d8849d8932bdc834,AL082025,Humberto,val,2025-09-25 19:50:19+00:00,29.240282454444447,0,True,,29.6530990600586,29.45470428466797,28.668437957763672,30.27176094055176,29.889253616333008,37.54734420776367
AL082025:geo:f7b5176a25d2bd02,AL082025,Humberto,val,2025-09-25 20:00:19+00:00,29.32602312111112,0,True,,29.985301971435547,29.834346771240234,28.741724014282227,31.621278762817383,31.59085464477539,39.50643539428711
AL082025:geo:ff97b86531d668d5,AL082025,Humberto,val,2025-09-25 20:10:19+00:00,29.411763787777776,0,True,,30.09330368041992,30.084651947021484,28.71249008178711,32.64487838745117,33.05918502807617,39.40269470214844
AL082025:geo:10ffbd0c9b51aa9a,AL082025,Humberto,val,2025-09-25 20:20:19+00:00,29.49750445444445,0,True,,30.08612060546875,30.22958946228028,28.68637084960937,33.470821380615234,34.24483108520508,35.262454986572266
AL082025:geo:61b4f92d41a4ca06,AL082025,Humberto,val,2025-09-25 20:30:19+00:00,29.583245121111112,0,True,,30.174449920654297,30.44287300109864,28.5479736328125,34.18258285522461,35.3404655456543,34.89104461669922
AL082025:geo:6daa1cef64eb5568,AL082025,Humberto,val,2025-09-25 20:40:19+00:00,29.66898578777778,0,True,,30.878456115722656,31.265899658203125,27.88905334472656,34.15117263793945,35.512062072753906,33.90919494628906
AL082025:geo:3dd1142291cac9ba,AL082025,Humberto,val,2025-09-25 20:50:19+00:00,29.754726454444448,0,True,,31.542556762695312,31.997041702270508,27.027830123901367,32.93522262573242,33.75161361694336,33.304691314697266
AL082025:geo:e28a7934e3bbb63d,AL082025,Humberto,val,2025-09-25 21:00:19+00:00,29.83956208074074,0,True,,32.32652282714844,32.77228546142578,31.66289329528809,30.28752899169922,29.9510498046875,30.35994338989257
AL082025:geo:0936452a34a71e8e,AL082025,Humberto,val,2025-09-25 21:10:19+00:00,29.896722525185183,0,True,,31.55362892150879,31.968584060668945,34.11875534057617,26.370849609375,25.45377922058105,33.92381286621094
AL082025:geo:80769b1911be41c8,AL082025,Humberto,val,2025-09-25 21:20:19+00:00,29.95388296962963,0,True,,31.16680908203125,31.524112701416016,32.96283721923828,25.94100570678711,24.748809814453125,33.159385681152344
AL082025:geo:d5f839cb93d18a4f,AL082025,Humberto,val,2025-09-25 21:30:19+00:00,30.01104341407408,0,True,,31.26300430297852,31.55788993835449,34.07948303222656,27.08773231506348,26.05462455749512,28.298158645629883
AL082025:geo:e62daa040e4a0202,AL082025,Humberto,val,2025-09-25 21:40:19+00:00,30.06820385851852,0,True,,30.737239837646484,30.984283447265625,32.70948791503906,27.63192176818848,26.91689682006836,30.389209747314453
AL082025:geo:f8497f750b4e104e,AL082025,Humberto,val,2025-09-25 21:50:19+00:00,30.125364302962964,0,True,,30.35451316833496,30.63021278381348,30.52016258239746,27.84769630432129,27.37728309631348,32.34648132324219
AL082025:geo:c291f86b5268ad0a,AL082025,Humberto,val,2025-09-25 22:00:19+00:00,30.18252474740741,0,True,,29.861690521240234,30.21332550048828,29.310922622680664,27.88321685791016,27.61012077331543,35.17915344238281
AL082025:geo:2b947a3bc8249f97,AL082025,Humberto,val,2025-09-25 22:10:19+00:00,30.23968519185185,0,True,,29.744525909423828,30.2209415435791,28.8989315032959,28.3499813079834,28.17842102050781,32.23573684692383
AL082025:geo:69eef1567f7529cd,AL082025,Humberto,val,2025-09-25 22:20:19+00:00,30.296845636296297,0,True,,29.90200424194336,30.37531089782715,29.51899528503418,28.61126708984375,28.54526710510254,29.93345260620117
AL082025:geo:8c52a848b339d0d9,AL082025,Humberto,val,2025-09-25 22:30:19+00:00,30.354006080740746,0,True,,30.20450210571289,30.65475082397461,28.05403709411621,29.021896362304688,29.07260513305664,31.773414611816406
AL082025:geo:9e98cc7ceb0412da,AL082025,Humberto,val,2025-09-25 22:40:19+00:00,30.411166525185187,0,True,,30.313411712646484,30.723926544189453,28.847871780395508,29.150259017944336,29.417179107666016,32.739871978759766
AL082025:geo:d4905062b8b28d65,AL082025,Humberto,val,2025-09-25 22:50:19+00:00,30.46832696962963,0,True,,30.42854690551757,30.792808532714844,28.1129093170166,29.083925247192383,29.833574295043945,32.676944732666016
AL082025:geo:b0cb9d3fd39342a6,AL082025,Humberto,val,2025-09-25 23:00:19+00:00,30.525487414074075,0,True,,30.575942993164062,30.902793884277344,28.702003479003903,29.120147705078125,30.59745979309082,35.95362854003906
AL082025:geo:6be3a5f3f2c0cfc6,AL082025,Humberto,val,2025-09-25 23:10:19+00:00,30.58264785851852,0,True,,30.80617904663086,31.078155517578125,29.42318725585937,29.210317611694336,30.83682441711425,33.50162887573242
AL082025:geo:4643c819ff4de240,AL082025,Humberto,val,2025-09-25 23:20:19+00:00,30.639808302962965,0,True,,30.98720932006836,31.23625946044922,30.475378036499023,29.18843078613281,30.709619522094727,32.348243713378906
AL082025:geo:7dc752300abda1a9,AL082025,Humberto,val,2025-09-25 23:30:19+00:00,30.696968747407407,0,True,,31.215545654296875,31.461938858032227,31.01432228088379,29.031518936157227,30.267723083496094,32.22252655029297
AL082025:geo:b517e3fde1ea55d4,AL082025,Humberto,val,2025-09-25 23:40:19+00:00,30.75412919185185,0,True,,31.345497131347656,31.58623313903809,32.11935043334961,29.0465030670166,30.21624183654785,32.58068084716797
AL082025:geo:f3dbeeaed2478b93,AL082025,Humberto,val,2025-09-25 23:50:19+00:00,30.81128963629629,0,True,,31.67626953125,31.915557861328125,34.15950012207031,29.304134368896484,30.50126838684082,34.70993423461914
AL082025:geo:bc49e2645d1cc2d2,AL082025,Humberto,val,2025-09-26 00:00:19+00:00,30.87116520185185,0,True,,32.931522369384766,33.167091369628906,33.06948471069336,30.38894271850586,31.58953857421875,32.15201187133789
AL082025:geo:f7d698d6109ae602,AL082025,Humberto,val,2025-09-26 00:10:19+00:00,31.014066312962964,0,True,,33.06393051147461,33.29668045043945,31.397937774658203,30.86281013488769,32.003273010253906,29.230449676513672
AL082025:geo:e7caee9004f41269,AL082025,Humberto,val,2025-09-26 00:20:19+00:00,31.156967424074075,0,True,,33.07734680175781,33.26825714111328,32.69339370727539,31.25675773620605,32.5101203918457,28.61576271057129
AL082025:geo:ac3e383237ce880d,AL082025,Humberto,val,2025-09-26 00:30:19+00:00,31.299868535185187,0,True,,32.8398551940918,32.96043395996094,31.38891220092773,31.19028854370117,32.63125991821289,31.90335464477539
AL082025:geo:5f103a78dd8ec538,AL082025,Humberto,val,2025-09-26 00:40:19+00:00,31.4427696462963,0,True,,32.83427429199219,32.91763687133789,30.746919631958008,31.47025680541992,32.89189529418945,34.09947967529297
AL082025:geo:efce860e86291dde,AL082025,Humberto,val,2025-09-26 00:50:19+00:00,31.585670757407406,0,True,,33.00593566894531,33.074344635009766,30.615686416625977,32.264705657958984,33.68362808227539,38.04957580566406
AL082025:geo:780064f11c741cdf,AL082025,Humberto,val,2025-09-26 01:00:19+00:00,31.72857186851852,0,True,,33.06420135498047,33.10529327392578,30.551029205322266,32.2613410949707,33.693023681640625,37.16033554077149
AL082025:geo:d952ea8016232595,AL082025,Humberto,val,2025-09-26 01:10:19+00:00,31.87147297962963,0,True,,33.11928176879883,33.144866943359375,30.42912101745605,32.257179260253906,33.75767517089844,36.403690338134766
AL082025:geo:6b8c110e6700c350,AL082025,Humberto,val,2025-09-26 01:20:19+00:00,32.01437409074074,0,True,,33.183189392089844,33.175724029541016,30.459444046020508,32.0085563659668,33.57310104370117,41.40955352783203
AL082025:geo:810b91ecef3f3eba,AL082025,Humberto,val,2025-09-26 01:30:19+00:00,32.15727520185185,0,True,,33.43299102783203,33.37337112426758,30.47342872619629,32.17291641235352,33.786624908447266,41.00672912597656
AL082025:geo:78a1199bc98899c3,AL082025,Humberto,val,2025-09-26 01:40:19+00:00,32.30017631296296,0,True,,33.77640151977539,33.67095184326172,30.454084396362305,32.31608581542969,33.90165710449219,41.25886917114258
AL082025:geo:2831dfdb41fd6920,AL082025,Humberto,val,2025-09-26 01:50:19+00:00,32.44307742407408,0,True,,33.88301086425781,33.715858459472656,30.20780563354492,32.39228057861328,33.88413619995117,45.84011459350586
AL082025:geo:5b17a9c0e995b7a1,AL082025,Humberto,val,2025-09-26 02:00:19+00:00,32.585978535185184,0,True,,33.97711181640625,33.758243560791016,29.66790008544922,32.378944396972656,33.68042755126953,43.36336517333984
AL082025:geo:7d36ae7a9d1fcc73,AL082025,Humberto,val,2025-09-26 02:10:19+00:00,32.7288796462963,0,True,,34.10381317138672,33.86893844604492,29.35103416442871,32.45157241821289,33.54462432861328,38.673370361328125
AL082025:geo:d24438742a3e279c,AL082025,Humberto,val,2025-09-26 02:20:19+00:00,32.87178075740741,0,True,,34.023921966552734,33.76985168457031,29.30939292907715,32.56879425048828,33.604793548583984,37.08354949951172
AL082025:geo:110a7298f5d5ba6a,AL082025,Humberto,val,2025-09-26 02:30:19+00:00,33.01468186851852,1,True,,34.10245513916016,33.854244232177734,29.493120193481445,32.930084228515625,33.9394645690918,33.77149200439453
AL082025:geo:8bc192776083820a,AL082025,Humberto,val,2025-09-26 02:40:19+00:00,33.15758297962963,1,True,,34.20410919189453,33.95442581176758,30.11764335632324,32.956756591796875,33.899078369140625,30.71613502502441
AL082025:geo:0626537223fcf70c,AL082025,Humberto,val,2025-09-26 02:50:19+00:00,33.300484090740746,1,True,,34.31156921386719,34.056190490722656,30.83576393127441,32.863487243652344,33.57619094848633,29.67842674255371
AL082025:geo:e2d41f54e4ec9ef4,AL082025,Humberto,val,2025-09-26 03:00:19+00:00,33.443385201851854,1,True,,37.99491500854492,45.46864318847656,41.26640319824219,32.5767936706543,33.2314338684082,32.11544418334961
AL082025:geo:46735ccd6d0eb24a,AL082025,Humberto,val,2025-09-26 03:10:19+00:00,33.58628631296296,1,True,,38.54778289794922,45.97446441650391,39.99101257324219,32.322017669677734,33.30186080932617,30.96628761291504
AL082025:geo:8d0c78f926f09458,AL082025,Humberto,val,2025-09-26 03:20:19+00:00,33.72918742407408,1,True,,38.34848403930664,45.74248123168945,39.789833068847656,33.79232406616211,35.4782829284668,34.301666259765625
AL082025:geo:fd8ac0e630ea4479,AL082025,Humberto,val,2025-09-26 03:30:19+00:00,33.872088535185185,1,True,,37.80161285400391,45.14645004272461,41.601375579833984,34.24982833862305,36.8247299194336,32.056610107421875
AL082025:geo:675a8cf49f7c2df6,AL082025,Humberto,val,2025-09-26 03:40:19+00:00,34.0149896462963,1,True,,38.07505035400391,45.2772216796875,40.32141876220703,34.21900177001953,37.07709503173828,33.569175720214844
AL082025:geo:6ae0a19defea16db,AL082025,Humberto,val,2025-09-26 03:50:19+00:00,34.15789075740741,1,True,,37.970611572265625,45.07979202270508,40.50006103515625,34.578369140625,37.44233322143555,33.459228515625
AL082025:geo:caaa79d09d0add8a,AL082025,Humberto,val,2025-09-26 04:00:19+00:00,34.30079186851852,1,True,,38.05263900756836,44.86539459228516,40.59540557861328,34.827857971191406,37.80992889404297,33.842185974121094
AL082025:geo:1d858ba1f0e5db7a,AL082025,Humberto,val,2025-09-26 04:10:19+00:00,34.44369297962963,1,True,,38.17205429077149,44.89595413208008,39.14046478271485,34.97135925292969,37.98006820678711,33.62943649291992
AL082025:geo:396faf1dfc76f86d,AL082025,Humberto,val,2025-09-26 04:20:19+00:00,34.586594090740746,1,True,,37.68058776855469,44.2435417175293,39.356204986572266,35.59285354614258,38.773685455322266,31.59325790405273
AL082025:geo:5a980ea2a91add52,AL082025,Humberto,val,2025-09-26 04:30:19+00:00,34.729495201851854,1,True,,37.77161407470703,44.77749252319336,39.82144546508789,35.599571228027344,39.00299072265625,32.449928283691406
AL082025:geo:0cf3c1d359d00b37,AL082025,Humberto,val,2025-09-26 04:40:19+00:00,34.87239631296296,1,True,,37.9724006652832,45.30054473876953,40.90124130249024,35.071632385253906,38.57114791870117,33.47904968261719
AL082025:geo:1b955262f926d7c9,AL082025,Humberto,val,2025-09-26 04:50:19+00:00,35.01529742407408,1,True,,38.04332733154297,45.492897033691406,41.33278274536133,34.63251495361328,37.80924224853516,36.98577117919922
AL082025:geo:53b546d9321433ac,AL082025,Humberto,val,2025-09-26 05:00:19+00:00,35.158198535185186,1,True,,37.97065734863281,45.45238494873047,41.40284729003906,34.284217834472656,37.77162170410156,39.362422943115234
AL082025:geo:ddceeb851b39024a,AL082025,Humberto,val,2025-09-26 05:10:19+00:00,35.3010996462963,1,True,,38.11780548095703,45.60366439819336,41.604095458984375,33.96211624145508,37.94724655151367,40.71746826171875
AL082025:geo:b4692138f43c0e0e,AL082025,Humberto,val,2025-09-26 05:20:19+00:00,35.44400075740741,1,True,,38.2963981628418,45.78314208984375,41.32152557373047,33.48992919921875,37.61051940917969,42.34702301025391
AL082025:geo:15b059f1d1c526db,AL082025,Humberto,val,2025-09-26 05:30:19+00:00,35.586901868518524,1,True,,39.176883697509766,46.663028717041016,41.775856018066406,31.91974830627441,36.17390060424805,41.3394775390625
AL082025:geo:42c6730a2f7c0c66,AL082025,Humberto,val,2025-09-26 05:40:19+00:00,35.72980297962963,1,True,,39.493408203125,46.97801208496094,41.33650207519531,31.0592098236084,35.50348663330078,41.9870719909668
AL082025:geo:39d92d9134358fc4,AL082025,Humberto,val,2025-09-26 05:50:19+00:00,35.87270409074075,1,True,,39.87012481689453,47.34885025024414,40.64751815795898,30.22940444946289,35.04849624633789,44.44853973388672
AL082025:geo:2f789ab45997568b,AL082025,Humberto,val,2025-09-26 06:00:19+00:00,36.015605201851855,1,True,,40.102046966552734,47.56767654418945,40.56350326538086,30.04817008972168,35.05229187011719,49.56132507324219
AL082025:geo:d5b82a0def1014b2,AL082025,Humberto,val,2025-09-26 06:10:19+00:00,36.15850631296296,1,True,,40.5244369506836,47.97724914550781,39.58523178100586,29.738086700439453,34.51445007324219,54.15627670288086
AL082025:geo:9e25651b4aac9525,AL082025,Humberto,val,2025-09-26 06:20:19+00:00,36.30140742407408,1,True,,40.73715591430664,48.21052551269531,39.457313537597656,30.1158504486084,34.444358825683594,55.4726448059082
AL082025:geo:7bcab48b5e447cfe,AL082025,Humberto,val,2025-09-26 06:30:19+00:00,36.44430853518519,1,True,,41.22012710571289,48.69848251342773,40.071266174316406,31.45890617370605,35.692195892333984,58.76334762573242
AL082025:geo:cc37be933165dbaa,AL082025,Humberto,val,2025-09-26 06:40:19+00:00,36.5872096462963,1,True,,41.50982284545898,48.99238586425781,41.41402053833008,33.75674819946289,38.164180755615234,56.60441207885742
AL082025:geo:bad40bca3d2755e7,AL082025,Humberto,val,2025-09-26 06:50:19+00:00,36.73011075740741,1,True,,40.38842010498047,47.87376022338867,42.17083740234375,34.0858268737793,38.65359878540039,49.7686653137207
AL082025:geo:89686d05cb563bd3,AL082025,Humberto,val,2025-09-26 07:00:19+00:00,36.873011868518525,1,True,,38.84568786621094,46.332618713378906,41.59116363525391,33.300392150878906,38.13443756103516,47.99208450317383
AL082025:geo:ccce63c6713acaed,AL082025,Humberto,val,2025-09-26 07:10:19+00:00,37.01591297962963,1,True,,39.05805206298828,46.54483795166016,43.52428436279297,35.12654495239258,40.4856071472168,52.9137077331543
AL082025:geo:1daa7b74b850e128,AL082025,Humberto,val,2025-09-26 07:20:19+00:00,37.15881409074075,1,True,,40.62036895751953,48.10785675048828,46.21665954589844,39.14602279663086,44.86429977416992,54.30180358886719
AL082025:geo:f080941e6c32903f,AL082025,Humberto,val,2025-09-26 07:30:19+00:00,37.301715201851856,1,True,,45.13642883300781,52.62467956542969,49.95484161376953,44.59015274047852,51.25796508789063,57.24696731567383
AL082025:geo:997f37417ae02f07,AL082025,Humberto,val,2025-09-26 07:40:19+00:00,37.44461631296296,1,True,,44.9297103881836,52.41836166381836,51.76111602783203,47.36215591430664,52.77999496459961,57.082801818847656
AL082025:geo:33c80ef6892ddbb2,AL082025,Humberto,val,2025-09-26 07:50:19+00:00,37.58751742407408,1,True,,42.81769943237305,50.30670928955078,52.39244079589844,46.08248519897461,50.42655944824219,57.67802810668945
AL082025:geo:485aedf680b0f573,AL082025,Humberto,val,2025-09-26 08:00:19+00:00,37.73041853518519,1,True,,41.113128662109375,48.60222625732422,47.63705825805664,42.75049209594727,46.85371780395508,58.39339065551758
AL082025:geo:ec6128b7a2e70f65,AL082025,Humberto,val,2025-09-26 08:10:19+00:00,37.8733196462963,1,True,,38.31094741821289,45.799842834472656,44.32399368286133,40.00836563110352,44.58662414550781,56.75674819946289
AL082025:geo:3f1b93e1115096c5,AL082025,Humberto,val,2025-09-26 08:20:19+00:00,38.0162207574074,1,True,,37.00498580932617,44.49337768554688,41.7692985534668,37.767723083496094,43.515403747558594,54.84736633300781
AL082025:geo:283902e844e211a3,AL082025,Humberto,val,2025-09-26 08:30:19+00:00,38.15912186851852,1,True,,36.1676025390625,43.655235290527344,35.578548431396484,33.997772216796875,40.57613754272461,52.52471160888672
AL082025:geo:276333f93f554e51,AL082025,Humberto,val,2025-09-26 08:40:19+00:00,38.302022979629626,1,True,,36.05314254760742,43.539981842041016,34.62734603881836,34.100852966308594,40.74850463867188,46.75001525878906
AL082025:geo:30e9548f2c9ab318,AL082025,Humberto,val,2025-09-26 08:50:19+00:00,38.44492409074074,1,True,,35.882667541503906,43.36865234375,35.80183410644531,34.7487907409668,41.48814392089844,42.89463424682617
AL082025:geo:777b7215c4f8524f,AL082025,Humberto,val,2025-09-26 09:00:19+00:00,38.58782520185185,1,True,,40.3506965637207,47.82400131225586,40.96459579467773,37.23675537109375,44.03619766235352,44.61062240600586
AL082025:geo:e2fbc8fa22d5c7f6,AL082025,Humberto,val,2025-09-26 09:10:19+00:00,38.73072631296296,1,True,,39.64994430541992,47.12244415283203,40.395751953125,38.28939437866211,46.92463684082031,47.672882080078125
AL082025:geo:0fdff5153d86c716,AL082025,Humberto,val,2025-09-26 09:20:19+00:00,38.87362742407407,1,True,,39.29243850708008,46.7641716003418,41.38133239746094,38.009498596191406,46.75088882446289,45.822566986083984
AL082025:geo:232da2911831f468,AL082025,Humberto,val,2025-09-26 09:30:19+00:00,39.01652853518518,1,True,,39.69635009765625,47.1670036315918,43.0234489440918,39.1446533203125,47.67569732666016,45.1358757019043
AL082025:geo:4407b65d404e6fe6,AL082025,Humberto,val,2025-09-26 09:40:19+00:00,39.159429646296296,1,True,,40.30406951904297,47.77330780029297,47.15726852416992,40.62529373168945,49.01872634887695,41.559356689453125
AL082025:geo:e74149df2d86345d,AL082025,Humberto,val,2025-09-26 09:50:19+00:00,39.30233075740741,1,True,,40.78147888183594,48.24925994873047,51.727481842041016,39.961524963378906,48.27763748168945,40.28212738037109
AL082025:geo:4256ab69a9e54871,AL082025,Humberto,val,2025-09-26 10:00:19+00:00,39.44523186851852,1,True,,40.90495681762695,48.37187576293945,55.22570037841797,39.20435333251953,47.18281936645508,41.32621383666992
AL082025:geo:48ed2f6600533178,AL082025,Humberto,val,2025-09-26 10:10:19+00:00,39.58813297962963,1,True,,40.83233642578125,48.298828125,56.69850158691406,38.84258270263672,46.73259353637695,37.92069625854492
AL082025:geo:86f05a3e572553ed,AL082025,Humberto,val,2025-09-26 10:20:19+00:00,39.73103409074074,1,True,,40.80869674682617,48.275146484375,55.603458404541016,38.30484008789063,45.6958122253418,37.767578125
AL082025:geo:7370edfab6551a0a,AL082025,Humberto,val,2025-09-26 10:30:19+00:00,39.87393520185185,1,True,,40.84965133666992,48.3165168762207,54.12947463989258,37.875465393066406,44.48138427734375,41.070220947265625
AL082025:geo:506612c6cbf3a992,AL082025,Humberto,val,2025-09-26 10:40:19+00:00,40.01683631296296,1,True,,40.79792022705078,48.26593780517578,55.48281097412109,37.48748779296875,43.74944305419922,43.39485931396485
AL082025:geo:90bfdfeea922a322,AL082025,Humberto,val,2025-09-26 10:50:19+00:00,40.15973742407407,1,True,,40.73123550415039,48.20099258422852,57.21321868896485,38.25729370117188,44.31193542480469,41.73169708251953
AL082025:geo:5b70fb12933ec601,AL082025,Humberto,val,2025-09-26 11:00:19+00:00,40.30263853518518,1,True,,40.62703704833984,48.09881591796875,57.15040588378906,37.72712326049805,43.66108703613281,45.58795166015625
AL082025:geo:8d5ac7b1b88e0ef0,AL082025,Humberto,val,2025-09-26 11:10:19+00:00,40.4455396462963,1,True,,40.43281555175781,47.90670776367188,58.31731796264648,37.64445114135742,44.27986145019531,46.97307205200195
AL082025:geo:e73fbabbd548a1df,AL082025,Humberto,val,2025-09-26 11:20:19+00:00,40.588440757407405,1,True,,40.34565734863281,47.821685791015625,58.41008377075195,37.7740364074707,45.0981330871582,42.53749847412109
AL082025:geo:0c6eb15e86a860b8,AL082025,Humberto,val,2025-09-26 11:30:19+00:00,40.73134186851852,1,True,,40.37911605834961,47.85728073120117,56.915321350097656,37.931915283203125,45.651512145996094,44.992332458496094
AL082025:geo:688ac0143368ea5d,AL082025,Humberto,val,2025-09-26 11:40:19+00:00,40.87424297962963,1,True,,40.22503662109375,47.7052116394043,57.39739227294922,38.51554870605469,45.9898681640625,42.67741012573242
AL082025:geo:63c52abd9f5d9b7d,AL082025,Humberto,val,2025-09-26 11:50:19+00:00,41.01714409074074,1,True,,40.12366485595703,47.60541915893555,55.563724517822266,39.7417106628418,47.16439437866211,41.49254608154297
AL082025:geo:170c4f9ece385ab0,AL082025,Humberto,val,2025-09-26 12:00:19+00:00,41.16276032296297,1,True,,39.98149871826172,47.4647331237793,54.803958892822266,40.26694107055664,47.73671722412109,42.49985885620117
AL082025:geo:df93d2905648c81c,AL082025,Humberto,val,2025-09-26 12:10:19+00:00,41.39140210074074,1,True,,39.81914520263672,47.30374526977539,54.50720977783203,40.26852416992188,47.63718795776367,44.73859786987305
AL082025:geo:18deeb3b454a4658,AL082025,Humberto,val,2025-09-26 12:20:19+00:00,41.62004387851852,1,True,,39.69331359863281,47.17920303344727,55.3335189819336,39.688323974609375,46.810089111328125,41.23408889770508
AL082025:geo:e993a3e699d64235,AL082025,Humberto,val,2025-09-26 12:30:19+00:00,41.8486856562963,1,True,,39.48656463623047,46.97358322143555,55.12376403808594,38.81391906738281,46.19185256958008,39.9918098449707
AL082025:geo:664dde225f7dbbfa,AL082025,Humberto,val,2025-09-26 12:40:19+00:00,42.07732743407407,1,True,,39.37006378173828,46.858036041259766,54.767333984375,37.690547943115234,45.009708404541016,40.80820846557617
AL082025:geo:22267567dc4bd062,AL082025,Humberto,val,2025-09-26 12:50:19+00:00,42.30596921185185,1,True,,38.84476089477539,46.3333625793457,53.9937858581543,36.29060363769531,43.37749481201172,43.01951599121094
AL082025:geo:acad6e40ff804e9d,AL082025,Humberto,val,2025-09-26 13:00:19+00:00,42.534610989629634,1,True,,38.69160079956055,46.18048858642578,53.9917106628418,34.80869674682617,39.569217681884766,39.65265655517578
AL082025:geo:2a78d4ae80a521d8,AL082025,Humberto,val,2025-09-26 13:10:19+00:00,42.76325276740741,2,True,,39.44462585449219,46.933387756347656,54.92376708984375,33.22648239135742,35.76033401489258,37.40912628173828
AL082025:geo:f5248bafc662eb86,AL082025,Humberto,val,2025-09-26 13:20:19+00:00,42.99189454518519,2,True,,40.96209335327149,48.45043182373047,56.37606048583984,31.621198654174805,34.10664367675781,37.92079925537109
AL082025:geo:e223937ed20e4906,AL082025,Humberto,val,2025-09-26 13:30:19+00:00,43.22053632296296,2,True,,41.08448791503906,48.57230758666992,56.99665451049805,30.73812484741211,33.78570556640625,36.20378494262695
AL082025:geo:0a5a67940f7d1f68,AL082025,Humberto,val,2025-09-26 13:40:19+00:00,43.44917810074074,2,True,,40.38636779785156,47.87382888793945,57.81726837158203,30.785255432128903,36.47189331054688,37.619590759277344
AL082025:geo:dd5c3ce8f9113773,AL082025,Humberto,val,2025-09-26 13:50:19+00:00,43.67781987851852,2,True,,41.1059684753418,48.592872619628906,59.358394622802734,31.46039581298828,35.55033493041992,40.656211853027344
AL082025:geo:b899bad9af77d764,AL082025,Humberto,val,2025-09-26 14:00:19+00:00,43.90646165629629,2,True,,42.70774841308594,50.19406127929688,60.03520965576172,32.246612548828125,34.17840576171875,42.262237548828125
AL082025:geo:0abeddd39725cb5b,AL082025,Humberto,val,2025-09-26 14:10:19+00:00,44.13510343407408,2,True,,42.82747650146485,50.31301498413086,59.16678237915039,33.826904296875,34.04209518432617,42.65415954589844
AL082025:geo:d774b8995a570972,AL082025,Humberto,val,2025-09-26 14:20:19+00:00,44.36374521185186,2,True,,43.827518463134766,51.312442779541016,59.77863311767578,36.03155899047852,36.55163192749024,46.226524353027344
AL082025:geo:9b00d2153d35cc19,AL082025,Humberto,val,2025-09-26 14:30:19+00:00,44.59238698962963,2,True,,44.58861923217773,52.07242202758789,60.70876693725586,38.12880325317383,39.54779052734375,51.33988571166992
AL082025:geo:0f82a792d9bbb538,AL082025,Humberto,val,2025-09-26 14:40:19+00:00,44.82102876740741,2,True,,45.60431671142578,53.08695602416992,61.06254959106445,41.33036422729492,43.73274612426758,55.797096252441406
AL082025:geo:0a20800da0694c2d,AL082025,Humberto,val,2025-09-26 14:50:19+00:00,45.04967054518519,2,True,,46.5584716796875,54.03995895385742,62.16415023803711,43.370643615722656,47.03449249267578,56.59200286865234
AL082025:geo:5c3e290357af96c7,AL082025,Humberto,val,2025-09-26 15:00:19+00:00,45.27740728259259,2,True,,47.811126708984375,55.30099105834961,61.33341598510742,43.88349151611328,48.465579986572266,56.388427734375
AL082025:geo:0bb885d1338572ca,AL082025,Humberto,val,2025-09-26 15:10:19+00:00,45.47746883814815,2,True,,47.93171310424805,55.42171859741211,60.8843002319336,43.68927001953125,48.76000595092773,54.14989471435547
AL082025:geo:8179bb306c94969a,AL082025,Humberto,val,2025-09-26 15:20:19+00:00,45.6775303937037,2,True,,48.24451446533203,55.73454284667969,61.69866561889648,43.59258270263672,48.9166259765625,49.394813537597656
AL082025:geo:8841151dce29b0b6,AL082025,Humberto,val,2025-09-26 15:30:19+00:00,45.87759194925926,2,True,,48.14010238647461,55.63016128540039,63.6973991394043,42.837501525878906,48.2046012878418,51.114688873291016
AL082025:geo:94bfc1d2b573ead0,AL082025,Humberto,val,2025-09-26 15:40:19+00:00,46.07765350481482,2,True,,48.44222259521485,55.93222427368164,66.75053405761719,42.422142028808594,47.88759231567383,51.48620223999024
AL082025:geo:49e4a0c5bddfe9ab,AL082025,Humberto,val,2025-09-26 15:50:19+00:00,46.27771506037037,2,True,,47.46742630004883,54.95735549926758,66.07330322265625,39.7273063659668,45.28216171264648,50.42174530029297
AL082025:geo:3694235f0ad4b6c9,AL082025,Humberto,val,2025-09-26 16:00:19+00:00,46.477776615925926,2,True,,45.78601837158203,53.275535583496094,63.60235977172852,35.909515380859375,41.14420700073242,45.59485626220703
AL082025:geo:6bed0c1ecabfac21,AL082025,Humberto,val,2025-09-26 16:10:19+00:00,46.67783817148148,2,True,,45.23908996582031,52.727935791015625,59.90444564819336,34.70143508911133,39.7340202331543,45.56989669799805
AL082025:geo:26429769af6eccd8,AL082025,Humberto,val,2025-09-26 16:20:19+00:00,46.87789972703704,2,True,,44.83653259277344,52.32499313354492,59.03971099853516,34.74047088623047,39.532344818115234,45.2100830078125
AL082025:geo:d4161178b6ed3a5d,AL082025,Humberto,val,2025-09-26 16:30:19+00:00,47.0779612825926,2,True,,43.64558792114258,51.13347244262695,56.99964904785156,35.12052536010742,40.09052658081055,44.07484436035156
AL082025:geo:2aba01ff444092ad,AL082025,Humberto,val,2025-09-26 16:40:19+00:00,47.27802283814815,2,True,,43.27410888671875,50.7617073059082,57.571434020996094,36.22689056396485,40.961875915527344,47.97369384765625
AL082025:geo:0ba58abadc32546f,AL082025,Humberto,val,2025-09-26 16:50:19+00:00,47.47808439370371,2,True,,42.08598327636719,49.57330703735352,60.09277725219727,36.583038330078125,40.95078659057617,48.00845336914063
AL082025:geo:badd961e51c54668,AL082025,Humberto,val,2025-09-26 17:00:19+00:00,47.67814594925926,2,True,,41.84995269775391,49.33727264404297,60.50175094604492,36.44110870361328,40.302005767822266,48.72069549560547
AL082025:geo:6fe743bf2992acfd,AL082025,Humberto,val,2025-09-26 17:10:19+00:00,47.87820750481482,2,True,,42.3995361328125,49.88690948486328,61.232303619384766,36.72909164428711,40.45997619628906,46.51827621459961
AL082025:geo:f1546818288dbc7c,AL082025,Humberto,val,2025-09-26 17:20:19+00:00,48.07826906037037,2,True,,43.17675018310547,50.66426467895508,61.46927261352539,37.50747680664063,41.4630241394043,47.85700988769531
AL082025:geo:b5ffa7d6d6ff9fc3,AL082025,Humberto,val,2025-09-26 17:30:19+00:00,48.27833061592592,2,True,,44.53190231323242,52.01979064941406,61.369876861572266,37.99417495727539,42.08366775512695,49.524898529052734
AL082025:geo:d1ab9f55f7abfd03,AL082025,Humberto,val,2025-09-26 17:40:19+00:00,48.47839217148149,2,True,,45.838417053222656,53.32683563232422,63.08958053588867,39.703731536865234,44.13252639770508,50.20675277709961
AL082025:geo:edc7c0c94308dfd6,AL082025,Humberto,val,2025-09-26 17:50:19+00:00,48.67845372703704,2,True,,46.951698303222656,54.44048690795898,62.5609016418457,40.21798324584961,45.08919143676758,52.89356231689453
AL082025:geo:f47bcdfd441aacb4,AL082025,Humberto,val,2025-09-26 18:00:19+00:00,48.8812304037037,2,True,,47.975223541259766,55.46442794799805,62.3199577331543,40.60227584838867,45.65499877929688,52.729103088378906
AL082025:geo:9853b1097da23d8a,AL082025,Humberto,val,2025-09-26 18:10:19+00:00,49.16703262592593,2,True,,49.05362701416016,56.543418884277344,62.48574447631836,42.72593688964844,49.4148063659668,55.78733825683594
AL082025:geo:59336db9f2e2722b,AL082025,Humberto,val,2025-09-26 18:20:19+00:00,49.45283484814815,3,True,,49.88494491577149,57.375221252441406,63.12878036499024,45.84184646606445,54.47607421875,59.16408157348633
AL082025:geo:db083bfa594b93c1,AL082025,Humberto,val,2025-09-26 18:30:19+00:00,49.73863707037037,3,True,,50.30381774902344,57.7945442199707,63.92255401611328,46.73095703125,55.5648307800293,53.79307556152344
AL082025:geo:7ebadcff0b04e247,AL082025,Humberto,val,2025-09-26 18:40:19+00:00,50.0244392925926,3,True,,50.07511138916016,57.56608581542969,64.76457214355469,46.83809280395508,55.75216293334961,53.19351959228516
AL082025:geo:b12f08da0e200080,AL082025,Humberto,val,2025-09-26 18:50:19+00:00,50.31024151481481,3,True,,49.4318962097168,56.92301559448242,65.62324523925781,46.56806182861328,55.08976745605469,50.291778564453125
AL082025:geo:5bbc3e1cf1558f33,AL082025,Humberto,val,2025-09-26 19:00:19+00:00,50.59604373703704,3,True,,49.094383239746094,56.58570098876953,65.56298828125,46.60897445678711,54.46315383911133,50.46070861816406
AL082025:geo:13b3f3dcb79e10f8,AL082025,Humberto,val,2025-09-26 19:10:19+00:00,50.88184595925926,3,True,,48.61156463623047,56.103004455566406,66.21757507324219,46.94871139526367,53.80168914794922,50.22184371948242
AL082025:geo:d0b571a9e4ddca9f,AL082025,Humberto,val,2025-09-26 19:20:19+00:00,51.16764818148148,3,True,,48.55800628662109,56.04949951171875,67.67559814453125,48.59535217285156,54.74160385131836,52.78662490844727
AL082025:geo:91cd14912bffc50f,AL082025,Humberto,val,2025-09-26 19:30:19+00:00,51.453450403703705,3,True,,49.088226318359375,56.57969665527344,68.12074279785156,50.95416259765625,56.915283203125,56.21575164794922
AL082025:geo:78cff6c9a6c39bb2,AL082025,Humberto,val,2025-09-26 19:40:19+00:00,51.73925262592593,3,True,,50.04288482666016,57.534141540527344,68.41928100585938,53.43796157836914,59.14207077026367,59.633243560791016
AL082025:geo:54df847022046fc2,AL082025,Humberto,val,2025-09-26 19:50:19+00:00,52.02505484814815,3,True,,50.20937347412109,57.700286865234375,68.230224609375,54.463680267333984,60.43858337402344,61.39799880981445
AL082025:geo:6e53d0823050dba3,AL082025,Humberto,val,2025-09-26 20:00:19+00:00,52.310857070370375,3,True,,50.588985443115234,58.07947540283203,68.37983703613281,54.42728042602539,61.23133087158203,63.89158248901367
AL082025:geo:40de7dd91feb8275,AL082025,Humberto,val,2025-09-26 20:10:19+00:00,52.5966592925926,3,True,,50.93248748779297,58.42254638671875,65.70645904541016,53.84019470214844,60.60902404785156,62.52640914916992
AL082025:geo:7caeba3794345072,AL082025,Humberto,val,2025-09-26 20:20:19+00:00,52.882461514814814,3,True,,51.16362762451172,58.653202056884766,65.06173706054688,53.505958557128906,59.77507019042969,57.84117126464844
AL082025:geo:fe3d40e8fd55621c,AL082025,Humberto,val,2025-09-26 20:30:19+00:00,53.16826373703704,3,True,,51.6390495300293,59.128116607666016,65.21865844726562,52.74300003051758,58.13561248779297,57.724151611328125
AL082025:geo:adb2987fbbc7969e,AL082025,Humberto,val,2025-09-26 20:40:19+00:00,53.45406595925926,3,True,,52.76757049560547,60.25613784790039,67.64292907714844,54.08489990234375,58.68976211547852,60.69989776611328
AL082025:geo:86187dd9a51470c6,AL082025,Humberto,val,2025-09-26 20:50:19+00:00,53.73986818148149,3,True,,53.62065505981445,61.10862731933594,69.39283752441406,55.23469924926758,59.228797912597656,62.72656631469727
AL082025:geo:8b5494d211af1f54,AL082025,Humberto,val,2025-09-26 21:00:19+00:00,54.02567040370371,3,True,,53.97953414916992,61.449832916259766,67.89762878417969,55.2390251159668,58.69675827026367,62.43179702758789
AL082025:geo:86eb91c017a5c41c,AL082025,Humberto,val,2025-09-26 21:10:19+00:00,54.31147262592593,3,True,,54.79908752441406,62.27066040039063,68.65918731689453,56.23374557495117,59.59931564331055,61.08285903930664
AL082025:geo:9b40c251989e80c2,AL082025,Humberto,val,2025-09-26 21:20:19+00:00,54.59727484814815,3,True,,55.6933708190918,63.16621017456055,69.57606506347656,57.275611877441406,61.6613655090332,60.07924270629883
AL082025:geo:fc5d2c7bef0a42fa,AL082025,Humberto,val,2025-09-26 21:30:19+00:00,54.883077070370376,3,True,,56.17754364013672,63.65077209472656,71.20379638671875,58.4601936340332,63.919681549072266,59.7695426940918
AL082025:geo:57f932ae0d4140c6,AL082025,Humberto,val,2025-09-26 21:40:19+00:00,55.1688792925926,3,True,,56.58219528198242,64.05520629882812,72.69633483886719,59.9651985168457,67.11714935302734,61.84709548950195
AL082025:geo:64a6d467fc0e526e,AL082025,Humberto,val,2025-09-26 21:50:19+00:00,55.454681514814816,3,True,,57.173282623291016,64.64637756347656,75.05966186523438,60.8495979309082,68.43435668945312,64.22474670410156
AL082025:geo:be4a8d2ee984a477,AL082025,Humberto,val,2025-09-26 22:00:19+00:00,55.74048373703704,3,True,,57.857181549072266,65.33021545410156,74.97012329101562,62.12384414672852,69.84854888916016,64.45252990722656
AL082025:geo:7cda39231c534270,AL082025,Humberto,val,2025-09-26 22:10:19+00:00,56.02628595925926,3,True,,58.05693817138672,65.5294189453125,74.01217651367188,62.69186019897461,69.79133605957031,64.68630981445312
AL082025:geo:6683c77fa8baefb9,AL082025,Humberto,val,2025-09-26 22:20:19+00:00,56.312088181481485,3,True,,58.059814453125,65.53160095214844,73.16419982910156,63.1357536315918,69.77464294433594,64.26637268066406
AL082025:geo:5253493d10858438,AL082025,Humberto,val,2025-09-26 22:30:19+00:00,56.59789040370371,3,True,,57.26844787597656,64.73948669433594,72.0894775390625,63.28581619262695,70.06471252441406,61.76787185668945
AL082025:geo:0e135397b3ae2dd7,AL082025,Humberto,val,2025-09-26 22:40:19+00:00,56.88369262592593,3,True,,57.07900238037109,64.5494384765625,70.93869018554688,64.27173614501953,71.45244598388672,60.929786682128906
AL082025:geo:aad7dd0ae2671726,AL082025,Humberto,val,2025-09-26 22:50:19+00:00,57.16949484814815,3,True,,56.87296295166016,64.3432846069336,69.13042449951172,64.6138916015625,72.77019500732422,59.4226188659668
AL082025:geo:cc70eaebaef284be,AL082025,Humberto,val,2025-09-26 23:00:19+00:00,57.45529707037037,3,True,,57.408668518066406,64.87908172607422,68.60121154785156,65.0767822265625,72.75675964355469,61.21855163574219
AL082025:geo:0433fab9d805f446,AL082025,Humberto,val,2025-09-26 23:10:19+00:00,57.741099292592594,3,True,,57.987701416015625,65.45829772949219,69.0335464477539,64.91136932373047,71.85931396484375,63.38333511352539
AL082025:geo:f7a7b5be96c8c740,AL082025,Humberto,val,2025-09-26 23:20:19+00:00,58.02690151481481,3,True,,57.64104461669922,65.11190032958984,68.31044006347656,63.30461502075195,70.11795043945312,62.12421798706055
AL082025:geo:d5146461bdcdcc51,AL082025,Humberto,val,2025-09-26 23:30:19+00:00,58.31270373703703,4,True,,57.43453979492188,64.90563201904297,67.32131958007812,62.01983642578125,68.97159576416016,60.66865921020508
AL082025:geo:8db703302fcff7d2,AL082025,Humberto,val,2025-09-26 23:40:19+00:00,58.598505959259256,4,True,,57.20569610595703,64.67704010009766,67.02902221679688,61.28950881958008,68.8078842163086,59.23308563232422
AL082025:geo:67ec004a66ad52d0,AL082025,Humberto,val,2025-09-26 23:50:19+00:00,58.88430818148148,4,True,,58.69967269897461,66.17147827148438,69.6598892211914,61.132171630859375,66.72846984863281,63.1277961730957
AL082025:geo:ed1aae7115d82765,AL082025,Humberto,val,2025-09-27 00:00:19+00:00,59.165585201851854,4,True,,60.256160736083984,67.72881317138672,73.88351440429688,62.91029739379883,67.48601531982422,68.08380126953125
AL082025:geo:48e7ade554eb383b,AL082025,Humberto,val,2025-09-27 00:10:19+00:00,59.30848631296296,4,True,,60.085487365722656,67.55828857421875,74.12417602539062,62.46541976928711,67.40584564208984,64.69868469238281
AL082025:geo:1b3c842f5dc91f26,AL082025,Humberto,val,2025-09-27 00:20:19+00:00,59.45138742407408,4,True,,59.25802612304688,66.73094177246094,73.00611877441406,61.15834426879883,66.61341094970703,66.88710021972656
AL082025:geo:d6cc57efa60c962d,AL082025,Humberto,val,2025-09-27 00:30:19+00:00,59.59428853518519,4,True,,57.9058837890625,65.37914276123047,70.99342346191406,59.23805236816406,65.72032928466797,65.9825439453125
AL082025:geo:f8089b26a6b82946,AL082025,Humberto,val,2025-09-27 00:40:19+00:00,59.7371896462963,4,True,,58.00813293457031,65.48255157470703,71.07362365722656,60.1759147644043,66.54217529296875,65.08734130859375
AL082025:geo:973e5f8f15ab3bad,AL082025,Humberto,val,2025-09-27 00:50:19+00:00,59.88009075740741,4,True,,57.66044998168945,65.1360092163086,71.59927368164062,59.80967712402344,66.02384185791016,65.394287109375
AL082025:geo:7c3e31374e47ec1d,AL082025,Humberto,val,2025-09-27 01:00:19+00:00,60.02299186851853,4,True,,57.5555419921875,65.03191375732422,72.2490234375,59.523868560791016,66.61835479736328,67.26333618164062
AL082025:geo:2a780e5bc62e53e2,AL082025,Humberto,val,2025-09-27 01:10:19+00:00,60.16589297962963,4,True,,57.81777572631836,65.294921875,73.03886413574219,59.8510856628418,67.71167755126953,67.90965270996094
AL082025:geo:6a632d4f1ab15a8d,AL082025,Humberto,val,2025-09-27 01:20:19+00:00,60.30879409074075,4,True,,58.28870391845703,65.76677703857422,73.19656372070312,60.09586715698242,67.78229522705078,68.38224792480469
AL082025:geo:e16dae7452c88fa9,AL082025,Humberto,val,2025-09-27 01:30:19+00:00,60.451695201851855,4,True,,58.29634094238281,65.7755126953125,71.86746215820312,59.54400253295898,67.15699005126953,69.47288513183594
AL082025:geo:586764726e685dd6,AL082025,Humberto,val,2025-09-27 01:40:19+00:00,60.59459631296296,4,True,,58.285865783691406,65.76622009277344,70.78761291503906,59.02228546142578,66.66334533691406,69.53631591796875
AL082025:geo:4d3cca7469971c2a,AL082025,Humberto,val,2025-09-27 01:50:19+00:00,60.73749742407408,4,True,,58.092430114746094,65.57404327392578,70.12144470214844,57.93889999389648,65.6802978515625,68.17860412597656
AL082025:geo:c280fe13af550eab,AL082025,Humberto,val,2025-09-27 02:00:19+00:00,60.88039853518519,4,True,,58.7265625,66.20952606201172,69.78691101074219,57.92673873901367,65.24911499023438,67.96222686767578
AL082025:geo:894f1433c239ffb1,AL082025,Humberto,val,2025-09-27 02:10:19+00:00,61.0232996462963,4,True,,58.502960205078125,65.98717498779297,68.75796508789062,56.28960418701172,63.41355895996094,67.43350219726562
AL082025:geo:6767cc17bfae8395,AL082025,Humberto,val,2025-09-27 02:20:19+00:00,61.16620075740741,4,True,,57.295928955078125,64.78105163574219,68.56922912597656,52.93410110473633,60.31395721435547,67.61750793457031
AL082025:geo:aa9b59a0865aee28,AL082025,Humberto,val,2025-09-27 02:30:19+00:00,61.309101868518525,4,True,,56.26177215576172,63.74740219116211,67.45121765136719,50.88986587524414,58.76778793334961,68.04081726074219
AL082025:geo:4b19ebd4ba04056c,AL082025,Humberto,val,2025-09-27 02:40:19+00:00,61.45200297962963,4,True,,55.93965148925781,63.42544555664063,66.48637390136719,50.34303665161133,58.02617263793945,68.87944030761719
AL082025:geo:cc3220623a90aca4,AL082025,Humberto,val,2025-09-27 02:50:19+00:00,61.59490409074075,4,True,,54.42466354370117,61.910255432128906,64.99319458007812,48.48571014404297,56.09446334838867,69.18953704833984
AL082025:geo:23dd02f683fa838e,AL082025,Humberto,val,2025-09-27 03:00:19+00:00,61.737805201851856,4,True,,49.97118377685547,57.46433639526367,52.72311401367188,47.207008361816406,54.93910598754883,68.37947082519531
AL082025:geo:351d5d650818b954,AL082025,Humberto,val,2025-09-27 03:10:19+00:00,61.88070631296296,4,True,,49.58359909057617,57.07729721069336,50.777442932128906,46.531883239746094,54.43415832519531,69.48442077636719
AL082025:geo:13aa9d3e62aab74c,AL082025,Humberto,val,2025-09-27 03:20:19+00:00,62.02360742407408,4,True,,49.66510009765625,57.15924835205078,50.85295867919922,47.01377868652344,54.87369537353516,69.97013854980469
AL082025:geo:594035d15ae6e8a1,AL082025,Humberto,val,2025-09-27 03:30:19+00:00,62.16650853518519,4,True,,50.25016784667969,57.74473571777344,51.2654914855957,47.98085784912109,56.64068984985352,68.166748046875
AL082025:geo:f6f456459d45162a,AL082025,Humberto,val,2025-09-27 03:40:19+00:00,62.3094096462963,4,True,,51.83527374267578,59.330196380615234,53.038944244384766,49.6070442199707,58.2081413269043,68.56057739257812
AL082025:geo:33b867fc8929aaaf,AL082025,Humberto,val,2025-09-27 03:50:19+00:00,62.45231075740741,4,True,,52.84560394287109,60.3408203125,54.28765106201172,51.40375518798828,59.401634216308594,68.01789855957031
AL082025:geo:6990710add9a6087,AL082025,Humberto,val,2025-09-27 04:00:19+00:00,62.595211868518525,4,True,,52.339385986328125,59.83478164672852,53.46739959716797,50.2094612121582,57.66865158081055,67.75410461425781
AL082025:geo:cccc703016131d06,AL082025,Humberto,val,2025-09-27 04:10:19+00:00,62.73811297962963,4,True,,51.54004287719727,59.03555679321289,52.775516510009766,49.14404678344727,56.7718505859375,67.92301177978516
AL082025:geo:8d0880bec9591ad8,AL082025,Humberto,val,2025-09-27 04:20:19+00:00,62.88101409074075,4,True,,52.3239860534668,59.81955337524414,55.296653747558594,49.73614501953125,57.155860900878906,69.29429626464844
AL082025:geo:c31da0b4a2d94333,AL082025,Humberto,val,2025-09-27 04:30:19+00:00,63.02391520185186,4,True,,53.35005569458008,60.84550857543945,57.76227951049805,51.59067535400391,58.47233963012695,69.19397735595703
AL082025:geo:cdab3a6b6ad4ca9a,AL082025,Humberto,val,2025-09-27 04:40:19+00:00,63.166816312962965,4,True,,53.51600646972656,61.01119613647461,59.460716247558594,52.62852096557617,59.15693664550781,67.94696044921875
AL082025:geo:de2acbaad0cd2fc1,AL082025,Humberto,val,2025-09-27 04:50:19+00:00,63.30971742407408,4,True,,52.50086212158203,59.995704650878906,56.95659255981445,51.664024353027344,58.11621475219727,64.36993408203125
AL082025:geo:fa8d359d0027df16,AL082025,Humberto,val,2025-09-27 05:00:19+00:00,63.45261853518518,4,True,,52.54350662231445,60.03797149658203,57.15299987792969,52.65812301635742,58.57686996459961,65.21595001220703
AL082025:geo:956b8e51e30704ae,AL082025,Humberto,val,2025-09-27 05:10:19+00:00,63.595519646296296,4,True,,51.647987365722656,59.14194488525391,58.1928825378418,52.7398796081543,58.404823303222656,66.63511657714844
AL082025:geo:c6950780f3e949f8,AL082025,Humberto,val,2025-09-27 05:20:19+00:00,63.73842075740741,4,True,,50.19609451293945,57.68941116333008,58.008567810058594,51.29637908935547,57.00358963012695,66.3456039428711
AL082025:geo:bb65990af0bf70d2,AL082025,Humberto,val,2025-09-27 05:30:19+00:00,63.88132186851852,4,True,,50.173675537109375,57.66621017456055,58.38399887084961,49.474586486816406,55.350372314453125,67.40458679199219
AL082025:geo:71f0e088c7ebb28c,AL082025,Humberto,val,2025-09-27 05:40:19+00:00,64.02422297962963,4,True,,48.61199188232422,56.103851318359375,57.30216217041016,47.832515716552734,53.938995361328125,68.20037841796875
AL082025:geo:da1c26aab4528b3f,AL082025,Humberto,val,2025-09-27 05:50:19+00:00,64.16712409074074,4,True,,47.82925415039063,55.32018280029297,57.80630111694336,47.20260238647461,53.52554321289063,66.72811126708984
AL082025:geo:1b98c9f6b40f1e4c,AL082025,Humberto,val,2025-09-27 06:00:19+00:00,64.30821512111112,4,True,,48.25934600830078,55.74890899658203,59.19930648803711,47.95330047607422,54.02516555786133,67.89762878417969
AL082025:geo:883c290a7ce7f573,AL082025,Humberto,val,2025-09-27 06:10:19+00:00,64.39395578777778,4,True,,49.362892150878906,56.85125350952149,61.65922546386719,48.80552673339844,54.6038703918457,67.93841552734375
AL082025:geo:80bfdc552ebe13f9,AL082025,Humberto,val,2025-09-27 06:20:19+00:00,64.47969645444444,4,True,,48.54808807373047,56.03530883789063,62.74549865722656,47.04391098022461,53.30487060546875,66.46923828125
AL082025:geo:e52e715739cdeeb4,AL082025,Humberto,val,2025-09-27 06:30:19+00:00,64.56543712111112,4,True,,47.91033935546875,55.39628601074219,61.41823196411133,47.291259765625,53.91440582275391,66.39837646484375
AL082025:geo:dec057a3ca8a9a40,AL082025,Humberto,val,2025-09-27 06:40:19+00:00,64.65117778777778,4,True,,47.30298614501953,54.78786849975586,61.4559440612793,47.44701385498047,53.95100784301758,65.40678405761719
AL082025:geo:3d136a5764a935cd,AL082025,Humberto,val,2025-09-27 06:50:19+00:00,64.73691845444445,4,True,,47.26045608520508,54.74456787109375,63.89479446411133,47.92958450317383,54.26499557495117,64.73063659667969
AL082025:geo:0865906224f3e4c1,AL082025,Humberto,val,2025-09-27 07:00:19+00:00,64.82265912111112,4,True,,48.64542770385742,56.12894821166992,66.19873046875,49.04887771606445,55.33318328857422,65.61672973632812
AL082025:geo:d3a9792a1eb1d8bb,AL082025,Humberto,val,2025-09-27 07:10:19+00:00,64.90839978777778,4,True,,49.09780883789063,56.58061599731445,67.78541564941406,47.86692810058594,53.9570426940918,65.11155700683594
AL082025:geo:d2285cec866fa3e2,AL082025,Humberto,val,2025-09-27 07:20:19+00:00,64.99414045444445,4,True,,49.36981964111328,56.852012634277344,70.38772583007812,46.43128204345703,52.34896469116211,63.739139556884766
AL082025:geo:7c3fc723e5cbd914,AL082025,Humberto,val,2025-09-27 07:30:19+00:00,65.07988112111111,4,True,,48.7791748046875,56.26026153564453,70.809326171875,43.8506088256836,49.612831115722656,62.452144622802734
AL082025:geo:43b6a07badbcd776,AL082025,Humberto,val,2025-09-27 07:40:19+00:00,65.16562178777778,4,True,,49.46012878417969,56.93988037109375,71.84265899658203,44.333744049072266,50.45525741577149,62.510719299316406
AL082025:geo:d64ebc9376f0f225,AL082025,Humberto,val,2025-09-27 07:50:19+00:00,65.25136245444445,4,True,,49.41034698486328,56.88844680786133,71.69924926757812,44.06061935424805,50.26934051513672,63.17602157592773
AL082025:geo:3ea340df5109d801,AL082025,Humberto,val,2025-09-27 08:00:19+00:00,65.33710312111111,4,True,,49.05580139160156,56.53178787231445,71.14999389648438,43.19496536254883,49.46961975097656,62.42230987548828
AL082025:geo:053c15e4b898a7cf,AL082025,Humberto,val,2025-09-27 08:10:19+00:00,65.42284378777778,4,True,,49.19686508178711,56.67026519775391,71.12040710449219,43.770355224609375,50.209869384765625,61.58185958862305
AL082025:geo:8a00e3eb5af6c6e8,AL082025,Humberto,val,2025-09-27 08:20:19+00:00,65.50858445444445,4,True,,49.2974967956543,56.76794052124024,71.3436279296875,43.96026611328125,50.58045959472656,61.144779205322266
AL082025:geo:9ba4d3c0a2ca27fd,AL082025,Humberto,val,2025-09-27 08:30:19+00:00,65.59432512111111,4,True,,48.792327880859375,56.25981140136719,70.77548217773438,42.20797348022461,48.55559921264648,60.19733810424805
AL082025:geo:9f3bcd4516a3cd41,AL082025,Humberto,val,2025-09-27 08:40:19+00:00,65.68006578777778,4,True,,48.30393600463867,55.76846694946289,70.9524154663086,41.74822616577149,48.0056266784668,60.5882682800293
AL082025:geo:1047b22bbe6b915f,AL082025,Humberto,val,2025-09-27 08:50:19+00:00,65.76580645444444,4,True,,47.68434524536133,55.14597702026367,71.26336669921875,40.707069396972656,46.81876373291016,59.86690902709961
AL082025:geo:976e5300a3beeeee,AL082025,Humberto,val,2025-09-27 09:00:19+00:00,65.85064208074074,4,True,,44.2192268371582,51.688289642333984,64.0019760131836,40.55435180664063,46.51326751708984,58.76727294921875
AL082025:geo:0c84ff033a38565e,AL082025,Humberto,val,2025-09-27 09:10:19+00:00,65.90780252518519,4,True,,44.51629257202149,51.81882095336914,65.64321899414062,42.86794662475586,49.244720458984375,58.59139633178711
AL082025:geo:38a2c43704d17a02,AL082025,Humberto,val,2025-09-27 09:20:19+00:00,65.96496296962964,4,True,,44.937007904052734,51.98342514038086,66.93013000488281,43.88167572021485,50.83380126953125,58.94615936279297
AL082025:geo:eb4ee582e8d33bc2,AL082025,Humberto,val,2025-09-27 09:30:19+00:00,66.02212341407409,4,True,,45.372650146484375,52.17759323120117,68.88783264160156,44.19245147705078,51.62144088745117,59.0660514831543
AL082025:geo:434166ba99ce8d8b,AL082025,Humberto,val,2025-09-27 09:40:19+00:00,66.07928385851852,4,True,,44.96290588378906,51.7713623046875,68.39920043945312,42.53287887573242,50.07421112060547,59.49387741088867
AL082025:geo:1f747ef813cc0065,AL082025,Humberto,val,2025-09-27 09:50:19+00:00,66.13644430296296,4,True,,45.059532165527344,52.1265754699707,70.27516174316406,43.0462760925293,51.26984024047852,59.606441497802734
AL082025:geo:d2e876fc5015930d,AL082025,Humberto,val,2025-09-27 10:00:19+00:00,66.1936047474074,4,True,,45.01065826416016,52.35237121582031,69.6608657836914,43.92582321166992,52.882110595703125,57.9057502746582
AL082025:geo:4592dabb93e20f62,AL082025,Humberto,val,2025-09-27 10:10:19+00:00,66.25076519185185,4,True,,45.304012298583984,52.74596405029297,68.96855163574219,43.35330581665039,52.47794723510742,59.61630630493164
AL082025:geo:d540b3a16f4bfe36,AL082025,Humberto,val,2025-09-27 10:20:19+00:00,66.30792563629629,4,True,,45.697052001953125,53.16023254394531,70.88885498046875,44.44490432739258,53.69166564941406,62.72825622558594
AL082025:geo:4295a8382df20ded,AL082025,Humberto,val,2025-09-27 10:30:19+00:00,66.36508608074074,4,True,,45.995025634765625,53.44697952270508,72.48100280761719,45.50798416137695,55.0042839050293,63.54949951171875
AL082025:geo:c651e608f094e347,AL082025,Humberto,val,2025-09-27 10:40:19+00:00,66.42224652518519,4,True,,45.75106048583984,53.18675994873047,72.66683959960938,45.65831756591797,55.61605072021485,61.51767349243164
AL082025:geo:cb061ea2eda4c76e,AL082025,Humberto,val,2025-09-27 10:50:19+00:00,66.47940696962964,4,True,,46.02552795410156,53.45166015625,73.58699035644531,46.74040603637695,58.14668273925781,63.33245849609375
AL082025:geo:561d40bf3cf3fbb9,AL082025,Humberto,val,2025-09-27 11:00:19+00:00,66.53656741407409,4,True,,46.48622131347656,53.90608215332031,74.57034301757812,46.90153121948242,57.42399597167969,63.83315658569336
AL082025:geo:90ef11c8594b3c6f,AL082025,Humberto,val,2025-09-27 11:10:19+00:00,66.59372785851852,4,True,,46.68440246582031,54.101173400878906,74.4942626953125,47.332061767578125,56.0872802734375,65.33354187011719
AL082025:geo:b384d446e855b0b0,AL082025,Humberto,val,2025-09-27 11:20:19+00:00,66.65088830296295,4,True,,47.29269027709961,54.70787811279297,72.93276977539062,47.985801696777344,55.86119842529297,64.92403411865234
AL082025:geo:fed34dfa003c2e06,AL082025,Humberto,val,2025-09-27 11:30:19+00:00,66.7080487474074,4,True,,47.75724792480469,55.171669006347656,72.15966796875,48.388648986816406,56.11809539794922,64.10392761230469
AL082025:geo:59fb08485a69760e,AL082025,Humberto,val,2025-09-27 11:40:19+00:00,66.76520919185185,4,True,,48.64810562133789,56.06221008300781,72.23079681396484,49.96161651611328,57.59645080566406,65.84440612792969
AL082025:geo:15b76b0ce937ac67,AL082025,Humberto,val,2025-09-27 11:50:19+00:00,66.8223696362963,4,True,,48.73942947387695,56.15359878540039,72.61322021484375,50.61980819702149,58.396602630615234,66.92115783691406
AL082025:geo:d17b47860c6b4a47,AL082025,Humberto,val,2025-09-27 12:00:19+00:00,66.88224520185186,4,True,,48.97378921508789,56.387996673583984,71.76683044433594,51.57193374633789,59.67072296142578,67.11659240722656
AL082025:geo:129f18a7d4ae462b,AL082025,Humberto,val,2025-09-27 12:10:19+00:00,67.02514631296297,4,True,,49.20860290527344,56.62265396118164,71.62736511230469,52.27470016479492,60.70918273925781,64.80738830566406
AL082025:geo:526b14f4f9a7f5aa,AL082025,Humberto,val,2025-09-27 12:20:19+00:00,67.16804742407408,4,True,,49.80371856689453,57.218048095703125,71.02934265136719,52.985164642333984,61.32035827636719,61.34138870239258
AL082025:geo:d26a7d600b6439af,AL082025,Humberto,val,2025-09-27 12:30:19+00:00,67.31094853518519,4,True,,50.12077331542969,57.53739929199219,69.35026550292969,53.629302978515625,61.791725158691406,63.4391975402832
AL082025:geo:d68306537431ca0d,AL082025,Humberto,val,2025-09-27 12:40:19+00:00,67.45384964629629,4,True,,50.00752258300781,57.42875671386719,69.66846466064453,53.88562774658203,62.086708068847656,64.7711410522461
AL082025:geo:28085ea0a852351a,AL082025,Humberto,val,2025-09-27 12:50:19+00:00,67.59675075740742,4,True,,50.28112030029297,57.70894241333008,71.75686645507812,54.04296875,62.30828857421875,66.06865692138672
AL082025:geo:337f3a936cc4ceb8,AL082025,Humberto,val,2025-09-27 13:00:19+00:00,67.73965186851852,4,True,,50.48295593261719,57.918243408203125,72.18939208984375,53.82432174682617,62.18833923339844,66.7716064453125
AL082025:geo:ddeb9de26e1409c9,AL082025,Humberto,val,2025-09-27 13:10:19+00:00,67.88255297962964,4,True,,50.554954528808594,57.99743270874024,72.84017944335938,53.36662292480469,61.842533111572266,67.42855834960938
AL082025:geo:d9b7f658ce3aaaec,AL082025,Humberto,val,2025-09-27 13:20:19+00:00,68.02545409074074,4,True,,50.72737121582031,58.1761589050293,73.11412811279297,53.63421249389648,62.30800628662109,68.57408142089844
AL082025:geo:d322723948badf1e,AL082025,Humberto,val,2025-09-27 13:30:19+00:00,68.16835520185185,4,True,,50.33083724975586,57.78523254394531,73.82136535644531,53.334598541259766,62.04689025878906,68.2630615234375
AL082025:geo:84adc3f672b9bd85,AL082025,Humberto,val,2025-09-27 13:40:19+00:00,68.31125631296297,4,True,,50.12351608276367,57.58277893066406,73.78718566894531,52.80236053466797,61.521278381347656,67.39767456054688
AL082025:geo:43b2df56cc9d6170,AL082025,Humberto,val,2025-09-27 13:50:19+00:00,68.45415742407408,4,True,,50.01375579833984,57.47723388671875,74.82266235351562,52.64921188354492,61.4155158996582,69.90065002441406
AL082025:geo:3bc751fc06dcf524,AL082025,Humberto,val,2025-09-27 14:00:19+00:00,68.59705853518518,4,True,,50.20905685424805,57.6761360168457,76.33792114257812,53.08806991577149,61.7020378112793,71.66282653808594
AL082025:geo:783684f4d6bfd906,AL082025,Humberto,val,2025-09-27 14:10:19+00:00,68.7399596462963,4,True,,49.95747375488281,57.427513122558594,76.81553649902344,52.96550750732422,61.55351257324219,71.49755859375
AL082025:geo:136a258756f6763e,AL082025,Humberto,val,2025-09-27 14:20:19+00:00,68.88286075740741,4,True,,49.76724243164063,57.24007797241211,76.176513671875,52.55173110961914,60.9979133605957,71.73249816894531
AL082025:geo:5bfbb69b3ded3685,AL082025,Humberto,val,2025-09-27 14:30:19+00:00,69.02576186851853,4,True,,49.668060302734375,57.14358901977539,75.80494689941406,53.02455139160156,61.351558685302734,71.64439392089844
AL082025:geo:377b30d735cde2d4,AL082025,Humberto,val,2025-09-27 14:40:19+00:00,69.16866297962963,4,True,,49.15728759765625,56.63526916503906,76.49006652832031,52.57099914550781,60.94361877441406,71.28337097167969
AL082025:geo:d24d3d7278b3a13c,AL082025,Humberto,val,2025-09-27 14:50:19+00:00,69.31156409074075,4,True,,48.60837173461914,56.088600158691406,77.01219177246094,52.53757858276367,60.90631103515625,70.69329833984375
AL082025:geo:160ca9240c967236,AL082025,Humberto,val,2025-09-27 15:00:19+00:00,69.45446520185186,4,True,,49.676177978515625,57.15231323242188,77.08265686035156,52.26240921020508,60.45088195800781,71.04620361328125
AL082025:geo:40dca63ada0cba12,AL082025,Humberto,val,2025-09-27 15:10:19+00:00,69.59736631296298,4,True,,49.60418701171875,57.07957458496094,77.34986114501953,52.7403450012207,60.82732391357422,71.01171112060547
AL082025:geo:5009ec7e160933c5,AL082025,Humberto,val,2025-09-27 15:20:19+00:00,69.74026742407408,4,True,,49.63352584838867,57.10854721069336,77.34693145751953,52.755157470703125,60.66061019897461,70.78955078125
AL082025:geo:828f57b8fe23cd61,AL082025,Humberto,val,2025-09-27 15:30:19+00:00,69.88316853518518,4,True,,49.8085823059082,57.2833251953125,77.57270812988281,53.456336975097656,61.07341003417969,70.78541564941406
AL082025:geo:a2fa4d57ea48a77a,AL082025,Humberto,val,2025-09-27 15:40:19+00:00,70.02606964629629,4,True,,49.998329162597656,57.472904205322266,77.60636901855469,53.284812927246094,60.78561782836914,70.13472747802734
AL082025:geo:0d76f3d8a4af9b33,AL082025,Humberto,val,2025-09-27 15:50:19+00:00,70.16897075740741,4,True,,50.355018615722656,57.83039093017578,77.08047485351562,53.8678092956543,61.30887985229492,69.25656127929688
AL082025:geo:c7a8f6e2d87d73fd,AL082025,Humberto,val,2025-09-27 16:00:19+00:00,70.31187186851852,4,True,,50.880516052246094,58.35707473754883,76.44026184082031,54.41447830200195,61.81599426269531,68.80018615722656
AL082025:geo:75db3069dba1ad16,AL082025,Humberto,val,2025-09-27 16:10:19+00:00,70.45477297962962,4,True,,51.36186218261719,58.84000778198242,75.6083984375,55.31452941894531,62.365867614746094,68.04336547851562
AL082025:geo:45d2614d49c5aa8a,AL082025,Humberto,val,2025-09-27 16:20:19+00:00,70.59767409074074,5,True,,51.27154541015625,58.75123596191406,74.3531265258789,55.45758056640625,61.86969375610352,67.68659973144531
AL082025:geo:ac732b08938e17df,AL082025,Humberto,val,2025-09-27 16:30:19+00:00,70.74057520185184,5,True,,51.66259002685547,59.14384841918945,73.96266174316406,56.352317810058594,62.094181060791016,67.29985046386719
AL082025:geo:04232a54f859189b,AL082025,Humberto,val,2025-09-27 16:40:19+00:00,70.88347631296297,5,True,,52.22743988037109,59.7100944519043,74.46340942382812,56.65059280395508,62.182498931884766,67.71571350097656
AL082025:geo:dd3c2ceeec9e8877,AL082025,Humberto,val,2025-09-27 16:50:19+00:00,71.02637742407407,5,True,,52.311309814453125,59.79502487182617,74.12467956542969,57.3813705444336,62.80128860473633,67.12974548339844
AL082025:geo:f87ae246c34970b9,AL082025,Humberto,val,2025-09-27 17:00:19+00:00,71.16927853518519,5,True,,52.59030151367188,60.07475280761719,74.36227416992188,57.27205276489258,62.7454719543457,67.65718078613281
AL082025:geo:ca760618477753b7,AL082025,Humberto,val,2025-09-27 17:10:19+00:00,71.31217964629629,5,True,,52.87321090698242,60.35818099975586,74.72742462158203,57.61182403564453,63.32378768920898,69.54917907714844
AL082025:geo:7c67958bac95340b,AL082025,Humberto,val,2025-09-27 17:20:19+00:00,71.45508075740742,5,True,,53.00066375732422,60.48590850830078,75.14247131347656,57.93735122680664,64.09005737304688,69.74250793457031
AL082025:geo:2345af723ad7a351,AL082025,Humberto,val,2025-09-27 17:30:19+00:00,71.59798186851852,5,True,,53.14299774169922,60.62831115722656,75.56181335449219,58.850868225097656,65.47230529785156,70.49966430664062
AL082025:geo:77ca6f4524436a64,AL082025,Humberto,val,2025-09-27 17:40:19+00:00,71.74088297962963,5,True,,53.08735275268555,60.57270431518555,75.994140625,59.2713737487793,66.45979309082031,71.05575561523438
AL082025:geo:53ef0bb640a60b94,AL082025,Humberto,val,2025-09-27 17:50:19+00:00,71.88378409074073,5,True,,53.30332946777344,60.78863906860352,76.30706024169922,59.8331184387207,67.34996795654297,70.35503387451172
AL082025:geo:3f7bee36b01d8dee,AL082025,Humberto,val,2025-09-27 18:00:19+00:00,72.02216,5,True,,53.37243270874024,60.85768127441406,76.10010528564453,59.77488327026367,67.35028076171875,69.46508026123047
AL082025:geo:7b52bf9ed5f1d4cf,AL082025,Humberto,val,2025-09-27 18:10:19+00:00,72.02216,5,True,,53.60540771484375,61.090576171875,75.92852783203125,60.20503234863281,67.57273864746094,69.33949279785156
AL082025:geo:bed67074c9e05062,AL082025,Humberto,val,2025-09-27 18:20:19+00:00,72.02216,5,True,,53.67138671875,61.1563835144043,75.59822845458984,60.16896438598633,67.2754135131836,68.77729797363281
AL082025:geo:dbd6ec924dd31c02,AL082025,Humberto,val,2025-09-27 18:30:19+00:00,72.02216,5,True,,54.25412368774414,61.738956451416016,75.9012451171875,60.84498977661133,67.77413177490234,68.82223510742188
AL082025:geo:47b99b2ac4b4d9ce,AL082025,Humberto,val,2025-09-27 18:40:19+00:00,72.02216,5,True,,54.81936264038086,62.3040657043457,75.93206787109375,61.09080123901367,67.9576187133789,68.21405029296875
AL082025:geo:a499c7742e901b5e,AL082025,Humberto,val,2025-09-27 18:50:19+00:00,72.02216,5,True,,54.92949295043945,62.41465759277344,75.60745239257812,61.1247673034668,67.73388671875,68.61567687988281
AL082025:geo:7fb887f2c006a614,AL082025,Humberto,val,2025-09-27 19:00:19+00:00,72.02216,5,True,,54.95273208618164,62.43825912475586,74.95181274414062,60.24119567871094,66.59207916259766,68.77743530273438
AL082025:geo:8a45dff0af15168d,AL082025,Humberto,val,2025-09-27 19:10:19+00:00,72.02216,5,True,,55.45652770996094,62.94240951538086,74.49116516113281,60.90763473510742,67.00589752197266,68.26974487304688
AL082025:geo:4c71bdf224550ca0,AL082025,Humberto,val,2025-09-27 19:20:19+00:00,72.02216,5,True,,56.20586395263672,63.692039489746094,75.09512329101562,61.50275039672852,67.31535339355469,69.07548522949219
AL082025:geo:389c05921987f541,AL082025,Humberto,val,2025-09-27 19:30:19+00:00,72.02216,5,True,,56.643836975097656,64.13020324707031,75.44912719726562,61.98542022705078,67.62000274658203,68.96913146972656
AL082025:geo:03d2dd9bf2715bb4,AL082025,Humberto,val,2025-09-27 19:40:19+00:00,72.02216,5,True,,56.94032669067383,64.42681121826172,75.057861328125,62.07466506958008,67.6518325805664,69.30824279785156
AL082025:geo:f98ed1f853d0e318,AL082025,Humberto,val,2025-09-27 19:50:19+00:00,72.02216,5,True,,57.46746444702149,64.9539566040039,75.05181884765625,62.45988082885742,68.0478744506836,70.21122741699219
AL082025:geo:1bff311b9c5d991e,AL082025,Humberto,val,2025-09-27 20:00:19+00:00,72.02216,5,True,,57.49101257324219,64.97738647460938,75.56829833984375,62.99835205078125,68.73495483398438,71.46517944335938
AL082025:geo:5dde733eba387fe1,AL082025,Humberto,val,2025-09-27 20:10:19+00:00,72.02216,5,True,,57.746376037597656,65.23255920410156,75.441162109375,62.41505432128906,68.4156494140625,71.55764770507812
AL082025:geo:81a1f3f5cc6a8a0c,AL082025,Humberto,val,2025-09-27 20:20:19+00:00,72.02216,5,True,,57.89083862304688,65.37666320800781,75.82060241699219,62.74288177490234,69.06427764892578,72.33270263671875
AL082025:geo:b56efaf21db57f0b,AL082025,Humberto,val,2025-09-27 20:30:19+00:00,72.02216,5,True,,57.992164611816406,65.47760009765625,75.85462951660156,61.98047256469727,68.09432983398438,72.31976318359375
AL082025:geo:89ff75dde3cc8dd3,AL082025,Humberto,val,2025-09-27 20:40:19+00:00,72.02216,5,True,,58.19272994995117,65.67804718017578,76.33486938476562,62.254661560058594,68.3570556640625,72.74238586425781
AL082025:geo:1c0ca0aa3599e8f4,AL082025,Humberto,val,2025-09-27 20:50:19+00:00,72.02216,5,True,,58.50154876708984,65.98666381835938,76.6864242553711,62.00389862060547,68.22341918945312,72.47228240966797
AL082025:geo:a2f3f11343179138,AL082025,Humberto,val,2025-09-27 21:00:19+00:00,72.02216,5,True,,57.37236785888672,64.84964752197266,79.44570922851562,61.91092300415039,68.38806915283203,72.79376220703125
AL082025:geo:b1b0124e9d3c4131,AL082025,Humberto,val,2025-09-27 21:10:19+00:00,72.02216,5,True,,57.797760009765625,65.2708740234375,79.48599243164062,62.0219612121582,68.6925277709961,73.65341186523438
AL082025:geo:cc70803c5082cd15,AL082025,Humberto,val,2025-09-27 21:20:19+00:00,72.02216,5,True,,57.87474822998047,65.3427963256836,79.04466247558594,62.047489166259766,68.85299682617188,73.54316711425781
AL082025:geo:e431c64691093401,AL082025,Humberto,val,2025-09-27 21:30:19+00:00,72.02216,5,True,,58.1541862487793,65.61749267578125,78.91938781738281,61.82123947143555,68.8936767578125,73.10453796386719
AL082025:geo:78227d176194feba,AL082025,Humberto,val,2025-09-27 21:40:19+00:00,72.02216,5,True,,58.444332122802734,65.90576171875,78.76175689697266,61.89339447021485,69.25554656982422,72.33256530761719
AL082025:geo:ac106855269997fe,AL082025,Humberto,val,2025-09-27 21:50:19+00:00,72.02216,5,True,,59.2599983215332,66.72025299072266,78.59439086914062,61.8040771484375,68.9992446899414,71.92939758300781
AL082025:geo:5f796347ad48c910,AL082025,Humberto,val,2025-09-27 22:00:19+00:00,72.02216,5,True,,59.32539749145508,66.78549194335938,78.03538513183594,61.78676223754883,69.03712463378906,72.30195617675781
AL082025:geo:dd180a13b326a27f,AL082025,Humberto,val,2025-09-27 22:10:19+00:00,72.02216,5,True,,59.72957611083984,67.1888427734375,77.58351135253906,61.71035003662109,68.97925567626953,72.97093200683594
AL082025:geo:b68fbf6abd740783,AL082025,Humberto,val,2025-09-27 22:20:19+00:00,72.02216,5,True,,59.81222152709961,67.27020263671875,76.58341979980469,61.28775405883789,68.69278717041016,72.99087524414062
AL082025:geo:ab791fe9d0baa092,AL082025,Humberto,val,2025-09-27 22:30:19+00:00,72.02216,5,True,,60.091915130615234,67.54837799072266,75.90277862548828,61.68797302246094,69.16986846923828,72.93273162841797
AL082025:geo:d9d833409695ec1c,AL082025,Humberto,val,2025-09-27 22:40:19+00:00,72.02216,5,True,,60.128562927246094,67.5835952758789,75.31660461425781,61.60860824584961,69.24781799316406,72.85928344726562
AL082025:geo:2678751c3fc14b4c,AL082025,Humberto,val,2025-09-27 22:50:19+00:00,72.02216,5,True,,60.27843475341797,67.73197937011719,75.29823303222656,62.04105758666992,69.91536712646484,72.95686340332031
AL082025:geo:d4c37770d921b36c,AL082025,Humberto,val,2025-09-27 23:00:19+00:00,72.02216,5,True,,60.382930755615234,67.83545684814453,73.34701538085938,61.92637634277344,70.17129516601562,71.20851135253906
AL082025:geo:ce4013d620105e6d,AL082025,Humberto,val,2025-09-27 23:10:19+00:00,72.02216,5,True,,59.9406623840332,67.39324188232422,72.5723876953125,62.23404693603516,70.92927551269531,71.23866271972656
AL082025:geo:a6ff7fce11adc529,AL082025,Humberto,val,2025-09-27 23:20:19+00:00,72.02216,5,True,,59.94011688232422,67.3931884765625,73.15399169921875,62.73722076416016,71.65548706054688,71.4873046875
AL082025:geo:835ff6e199f0441f,AL082025,Humberto,val,2025-09-27 23:30:19+00:00,72.02216,5,True,,59.94706344604492,67.40127563476562,72.86970520019531,63.03276443481445,72.34663391113281,71.73500061035156
AL082025:geo:bd28a4d55a2a1b5a,AL082025,Humberto,val,2025-09-27 23:40:19+00:00,72.02216,5,True,,60.13623809814453,67.5921401977539,71.64268493652344,62.92838668823242,72.4789810180664,70.89201354980469
AL082025:geo:e0451cc9d3ca2dbe,AL082025,Humberto,val,2025-09-27 23:50:19+00:00,72.02216,5,True,,59.841609954833984,67.29985809326172,71.25715637207031,62.96138000488281,72.60530090332031,70.77848815917969
AL082025:geo:0de143a27eef3a21,AL082025,Humberto,val,2025-09-28 00:00:19+00:00,72.02034991925926,5,True,,59.87624740600586,67.33641052246094,71.40116882324219,63.48939514160156,73.25753784179688,70.52149963378906
AL082025:geo:09a383590c31395c,AL082025,Humberto,val,2025-09-28 00:10:19+00:00,71.96318947481481,5,True,,59.5450439453125,67.00699615478516,71.00642395019531,63.50763320922852,73.35411834716797,70.50263977050781
AL082025:geo:216e0804ac1143b5,AL082025,Humberto,val,2025-09-28 00:20:19+00:00,71.90602903037036,5,True,,59.23950958251953,66.70244598388672,71.42277526855469,63.42939376831055,73.2437744140625,70.45147705078125
AL082025:geo:a01409d31daf9a39,AL082025,Humberto,val,2025-09-28 00:30:19+00:00,71.84886858592593,5,True,,58.88325500488281,66.34683227539062,71.61479187011719,63.194522857666016,73.02247619628906,70.50436401367188
AL082025:geo:ac32112948b28ca4,AL082025,Humberto,val,2025-09-28 00:40:19+00:00,71.79170814148148,5,True,,58.60490417480469,66.0691146850586,72.7314224243164,63.096073150634766,72.62687683105469,70.88607788085938
AL082025:geo:9b90fdbe5328c26a,AL082025,Humberto,val,2025-09-28 00:50:19+00:00,71.73454769703704,5,True,,57.991661071777344,65.45698547363281,71.97703552246094,62.59749221801758,72.24488067626953,70.07257080078125
AL082025:geo:b76183f0278815a3,AL082025,Humberto,val,2025-09-28 01:00:19+00:00,71.6773872525926,5,True,,57.13301467895508,64.599609375,73.04934692382812,62.40993118286133,71.76566314697266,70.70037841796875
AL082025:geo:f796645c94d9c9ab,AL082025,Humberto,val,2025-09-28 01:10:19+00:00,71.62022680814815,5,True,,56.75325012207031,64.22148132324219,73.76130676269531,62.61406707763672,71.80534362792969,70.95214080810547
AL082025:geo:f124c16442d7a7b0,AL082025,Humberto,val,2025-09-28 01:20:19+00:00,71.56306636370371,5,True,,55.93053817749024,63.40040969848633,74.28715515136719,62.0673942565918,71.28990936279297,70.35031127929688
AL082025:geo:c90521ac7a31e82d,AL082025,Humberto,val,2025-09-28 01:30:19+00:00,71.50590591925926,5,True,,55.91905975341797,63.39039611816406,74.02853393554688,61.93716049194336,71.08763885498047,69.89585876464844
AL082025:geo:b9b271c788758bf8,AL082025,Humberto,val,2025-09-28 01:40:19+00:00,71.44874547481481,5,True,,55.54775238037109,63.020050048828125,74.69337463378906,61.59421157836914,69.99752807617188,69.76667785644531
AL082025:geo:7accaf06d4a3cfbf,AL082025,Humberto,val,2025-09-28 01:50:19+00:00,71.39158503037036,5,True,,55.26964569091797,62.74333953857422,75.50749969482422,61.29866790771485,68.91481018066406,69.74974060058594
AL082025:geo:a3dc0a049ee52bc5,AL082025,Humberto,val,2025-09-28 02:00:19+00:00,71.33442458592592,5,True,,55.28138732910156,62.75767135620117,75.47666931152344,60.65684509277344,67.61038208007812,69.13591766357422
AL082025:geo:7536ebe061344a07,AL082025,Humberto,val,2025-09-28 02:10:19+00:00,71.27726414148148,5,True,,55.05928802490234,62.53852844238281,75.04847717285156,59.97249221801758,66.09271240234375,69.48130798339844
AL082025:geo:30131da7e8e737c7,AL082025,Humberto,val,2025-09-28 02:20:19+00:00,71.22010369703705,5,True,,55.36464691162109,62.84734344482422,75.53274536132812,59.35737609863281,65.16699981689453,69.8692626953125
AL082025:geo:a360a5bcf664a57b,AL082025,Humberto,val,2025-09-28 02:30:19+00:00,71.1629432525926,5,True,,55.36511993408203,62.85026168823242,75.19639587402344,58.76519775390625,64.68018341064453,69.33335876464844
AL082025:geo:92c713b8f1eb651c,AL082025,Humberto,val,2025-09-28 02:40:19+00:00,71.10578280814815,5,True,,55.69277191162109,63.17921447753906,74.53169250488281,58.716285705566406,64.73137664794922,69.14781951904297
AL082025:geo:48d4f72d5c41e0b4,AL082025,Humberto,val,2025-09-28 02:50:19+00:00,71.0486223637037,5,True,,55.628700256347656,63.115718841552734,73.27066040039062,58.37844467163086,64.1636734008789,69.1640625
AL082025:geo:082711ae042e2966,AL082025,Humberto,val,2025-09-28 03:00:19+00:00,70.99055687888888,5,True,,53.9770393371582,61.45956802368164,77.6038818359375,58.40569686889648,64.12740325927734,68.72265625
AL082025:geo:bb8ca55cdc7a94cd,AL082025,Humberto,val,2025-09-28 03:10:19+00:00,70.90481621222222,5,True,,53.466609954833984,60.950660705566406,77.53706359863281,58.70488357543945,64.4833755493164,67.8277587890625
AL082025:geo:30f055b17f3c7202,AL082025,Humberto,val,2025-09-28 03:20:19+00:00,70.81907554555556,5,True,,53.42255401611328,60.90694427490234,77.49456787109375,59.325138092041016,65.15277862548828,68.07260131835938
AL082025:geo:e4bd652da82ba1c0,AL082025,Humberto,val,2025-09-28 03:30:19+00:00,70.73333487888888,5,True,,53.61175537109375,61.09683227539063,76.74681091308594,59.70259475708008,65.44879913330078,67.48445129394531
AL082025:geo:e7dcea39d8e83c16,AL082025,Humberto,val,2025-09-28 03:40:19+00:00,70.64759421222222,5,True,,53.46028518676758,60.9461784362793,75.8857421875,60.22688293457031,66.4349136352539,66.16653442382812
AL082025:geo:2fcff02bb96ebbaa,AL082025,Humberto,val,2025-09-28 03:50:19+00:00,70.56185354555556,5,True,,53.42648315429688,60.912872314453125,74.60581970214844,60.47759246826172,67.669677734375,67.83846282958984
AL082025:geo:8e6c4631b33dfb2d,AL082025,Humberto,val,2025-09-28 04:00:19+00:00,70.47611287888888,4,True,,53.63539123535156,61.12199401855469,74.60902404785156,60.87083053588867,68.4388656616211,67.06649780273438
AL082025:geo:de039c0f5d67dacd,AL082025,Humberto,val,2025-09-28 04:10:19+00:00,70.39037221222222,4,True,,53.592384338378906,61.079078674316406,74.75302124023438,61.176212310791016,68.7093276977539,68.18413543701172
AL082025:geo:5f0b1f14e3d712ee,AL082025,Humberto,val,2025-09-28 04:20:19+00:00,70.30463154555557,4,True,,53.4334716796875,60.92036056518555,74.28910827636719,61.91785430908203,69.30028533935547,66.14077758789062
AL082025:geo:a738537f494c9759,AL082025,Humberto,val,2025-09-28 04:30:19+00:00,70.21889087888889,4,True,,53.883087158203125,61.37057495117188,71.84768676757812,62.34099197387695,69.27376556396484,68.91438293457031
AL082025:geo:72b3d7adc3fca8df,AL082025,Humberto,val,2025-09-28 04:40:19+00:00,70.13315021222222,4,True,,55.25543212890625,62.74358367919922,71.87515258789062,63.69309616088867,70.23146057128906,67.03292846679688
AL082025:geo:f4e6c58e3dc55e54,AL082025,Humberto,val,2025-09-28 04:50:19+00:00,70.04740954555555,4,True,,56.20636367797852,63.6952018737793,73.39290618896484,64.1832275390625,70.4366683959961,68.12113952636719
AL082025:geo:d7999c923f6cce58,AL082025,Humberto,val,2025-09-28 05:00:19+00:00,69.96166887888889,4,True,,56.27202987670898,63.76082229614258,73.83595275878906,64.73768615722656,70.68675994873047,68.30915832519531
AL082025:geo:fcff98eb8a6f4b2b,AL082025,Humberto,val,2025-09-28 05:10:19+00:00,69.87592821222222,4,True,,56.70973205566406,64.19758605957031,72.63338470458984,64.58464813232422,70.45125579833984,67.01078796386719
AL082025:geo:fc53f2eaa8e59d80,AL082025,Humberto,val,2025-09-28 05:20:19+00:00,69.79018754555555,4,True,,56.77462005615234,64.261962890625,71.8199462890625,64.38645935058594,70.3150634765625,66.38737487792969
AL082025:geo:274ac31467c70675,AL082025,Humberto,val,2025-09-28 05:30:19+00:00,69.70444687888889,4,True,,56.99633026123047,64.48362731933594,72.13308715820312,64.33416748046875,70.3635482788086,66.17257690429688
AL082025:geo:2cdcec1aaae328f4,AL082025,Humberto,val,2025-09-28 05:40:19+00:00,69.61870621222222,4,True,,57.10344696044922,64.59101104736328,72.98309326171875,65.45770263671875,72.34943389892578,67.64401245117188
AL082025:geo:aa8058390cffc719,AL082025,Humberto,val,2025-09-28 05:50:19+00:00,69.53296554555556,4,True,,56.528900146484375,64.0169677734375,72.81498718261719,66.19046783447266,73.68123626708984,64.36642456054688
AL082025:geo:3519cb731da74c00,AL082025,Humberto,val,2025-09-28 06:00:19+00:00,69.44541479814814,4,True,,56.09465789794922,63.58345031738281,72.35415649414062,66.6275863647461,74.36170959472656,67.07661437988281
AL082025:geo:259d00136b0d5527,AL082025,Humberto,val,2025-09-28 06:10:19+00:00,69.30251368703703,4,True,,55.956031799316406,63.44532775878906,71.89028930664062,66.64651489257812,74.70443725585938,67.65959167480469
AL082025:geo:0c55af568ad647f1,AL082025,Humberto,val,2025-09-28 06:20:19+00:00,69.15961257592593,4,True,,55.841644287109375,63.33119201660156,71.66798400878906,66.77981567382812,75.37679290771484,68.60630798339844
AL082025:geo:38ebc2d8f8b1cdad,AL082025,Humberto,val,2025-09-28 06:30:19+00:00,69.01671146481482,4,True,,55.1421127319336,62.63169860839844,70.74284362792969,66.41211700439453,75.54833984375,68.67051696777344
AL082025:geo:e79b3ec75feb87b2,AL082025,Humberto,val,2025-09-28 06:40:19+00:00,68.87381035370372,4,True,,54.87934875488281,62.36888122558594,70.7346420288086,66.15510559082031,75.36463928222656,68.06111145019531
AL082025:geo:710f34a7eb96fd80,AL082025,Humberto,val,2025-09-28 06:50:19+00:00,68.73090924259259,4,True,,54.566184997558594,62.05624771118164,71.05116271972656,66.26998901367188,75.82874298095703,67.15121459960938
AL082025:geo:b7c4edd888807fea,AL082025,Humberto,val,2025-09-28 07:00:19+00:00,68.58800813148149,4,True,,53.82565307617188,61.31585693359375,71.39131164550781,65.97227478027344,75.77162170410156,68.24598693847656
AL082025:geo:2240a6d3f80742d7,AL082025,Humberto,val,2025-09-28 07:10:19+00:00,68.44510702037037,4,True,,54.31079864501953,61.80086135864258,72.99105834960938,65.95398712158203,75.82275390625,69.07540893554688
AL082025:geo:c1596c6f7102b65e,AL082025,Humberto,val,2025-09-28 07:20:19+00:00,68.30220590925927,4,True,,53.66070556640625,61.150428771972656,72.97386169433594,65.4068374633789,75.37352752685547,67.11448669433594
AL082025:geo:1e5ffbbf68d88fa7,AL082025,Humberto,val,2025-09-28 07:30:19+00:00,68.15930479814816,4,True,,54.219215393066406,61.708290100097656,74.69992065429688,65.82456970214844,76.16509246826172,64.9698486328125
AL082025:geo:799bcbab34816cff,AL082025,Humberto,val,2025-09-28 07:40:19+00:00,68.01640368703704,4,True,,54.24781036376953,61.73600769042969,74.4771728515625,64.68175506591797,75.03536987304688,65.83251953125
AL082025:geo:e61823f952dd1acf,AL082025,Humberto,val,2025-09-28 07:50:19+00:00,67.87350257592593,4,True,,53.9947624206543,61.48194122314453,74.868896484375,63.46942901611328,73.89730834960938,64.6346435546875
AL082025:geo:1ae94e2e0b45dec8,AL082025,Humberto,val,2025-09-28 08:00:19+00:00,67.73060146481482,4,True,,53.81565475463867,61.30167770385742,72.86836242675781,62.25703811645508,72.61325073242188,62.84809494018555
AL082025:geo:9ac21454fae9af94,AL082025,Humberto,val,2025-09-28 08:10:19+00:00,67.58770035370371,4,True,,54.020774841308594,61.50540542602539,72.92144775390625,62.75729751586914,73.51425170898438,61.95999526977539
AL082025:geo:f2e95a3b95e36081,AL082025,Humberto,val,2025-09-28 08:20:19+00:00,67.4447992425926,4,True,,54.46205139160156,61.9452018737793,73.38310241699219,62.81915283203125,73.85123443603516,63.93238067626953
AL082025:geo:4482378621a9a134,AL082025,Humberto,val,2025-09-28 08:30:19+00:00,67.30189813148148,4,True,,54.65312194824219,62.13441848754883,73.24458312988281,62.01678085327149,73.23570251464844,64.95196533203125
AL082025:geo:91e8f4f8fbb45a47,AL082025,Humberto,val,2025-09-28 08:40:19+00:00,67.15899702037038,4,True,,55.08496856689453,62.56416320800781,75.36558532714844,61.88080596923828,73.15348052978516,65.12507629394531
AL082025:geo:c3428417a754a363,AL082025,Humberto,val,2025-09-28 08:50:19+00:00,67.01609590925926,4,True,,55.15460205078125,62.631568908691406,75.53218078613281,60.73596954345703,72.01321411132812,63.06287384033203
AL082025:geo:cb7f9db64643ded2,AL082025,Humberto,val,2025-09-28 09:00:19+00:00,66.87319479814815,4,True,,53.83745193481445,61.29142379760742,63.759525299072266,60.37541961669922,71.68228912353516,63.84275436401367
AL082025:geo:6c3bac285f2312a5,AL082025,Humberto,val,2025-09-28 09:10:19+00:00,66.73029368703703,4,True,,53.73704528808594,61.183815002441406,64.62089538574219,59.85653305053711,71.0007095336914,63.65569686889648
AL082025:geo:4c2c9fc66c6271f2,AL082025,Humberto,val,2025-09-28 09:20:19+00:00,66.58739257592593,4,True,,53.49161911010742,60.93086624145508,66.81495666503906,58.94147109985352,69.20817565917969,62.75198745727539
AL082025:geo:c1b8ff34c19f681a,AL082025,Humberto,val,2025-09-28 09:30:19+00:00,66.44449146481482,4,True,,53.56066131591797,60.99195098876953,68.62554931640625,57.89177703857422,66.99606323242188,64.27824401855469
AL082025:geo:7698184e81dbd351,AL082025,Humberto,val,2025-09-28 09:40:19+00:00,66.30159035370372,4,True,,53.44184112548828,60.865848541259766,68.60498046875,56.19581985473633,64.46771240234375,64.68165588378906
AL082025:geo:f6e145cf311696c0,AL082025,Humberto,val,2025-09-28 09:50:19+00:00,66.15868924259259,4,True,,53.15191650390625,60.57004165649414,66.63768768310547,54.177513122558594,62.13726806640625,63.54463195800781
AL082025:geo:c4e09fa962e87198,AL082025,Humberto,val,2025-09-28 10:00:19+00:00,66.01578813148149,4,True,,53.27940368652344,60.69382858276367,65.50983428955078,53.00126266479492,61.04179000854492,65.75116729736328
AL082025:geo:1889d61efa074601,AL082025,Humberto,val,2025-09-28 10:10:19+00:00,65.87288702037037,4,True,,53.39176940917969,60.8043327331543,63.654571533203125,53.04773712158203,61.72409057617188,66.39761352539062
AL082025:geo:31d41f69e602acbe,AL082025,Humberto,val,2025-09-28 10:20:19+00:00,65.72998590925926,4,True,,52.708290100097656,60.119285583496094,61.24519729614258,52.8226318359375,62.49352264404297,64.56651306152344
AL082025:geo:61490d6a8412c3d0,AL082025,Humberto,val,2025-09-28 10:30:19+00:00,65.58708479814815,4,True,,52.2986946105957,59.70819854736328,57.7805290222168,52.92317199707031,63.397239685058594,65.04032135009766
AL082025:geo:9aede142b844bfdd,AL082025,Humberto,val,2025-09-28 10:40:19+00:00,65.44418368703704,4,True,,51.84490966796875,59.25333023071289,54.13183975219727,52.19233322143555,63.24942779541016,64.68257141113281
AL082025:geo:69654e393f62c61d,AL082025,Humberto,val,2025-09-28 10:50:19+00:00,65.30128257592592,4,True,,51.81142425537109,59.219669342041016,53.22672271728516,51.86539840698242,62.98310089111328,65.21942138671875
AL082025:geo:a84b69649ba8a74d,AL082025,Humberto,val,2025-09-28 11:00:19+00:00,65.15838146481482,4,True,,51.90235900878906,59.311279296875,51.169921875,51.39192199707031,62.37949752807617,65.85321044921875
AL082025:geo:27421685b9369528,AL082025,Humberto,val,2025-09-28 11:10:19+00:00,65.01548035370371,4,True,,52.68721008300781,60.09709548950195,52.27799224853516,51.92294692993164,62.84120941162109,67.0659408569336
AL082025:geo:dcc939edf9e92c4f,AL082025,Humberto,val,2025-09-28 11:20:19+00:00,64.8725792425926,4,True,,52.8463134765625,60.257415771484375,52.92097091674805,51.345741271972656,62.339752197265625,67.80284118652344
AL082025:geo:d2ada8a08efa02d1,AL082025,Humberto,val,2025-09-28 11:30:19+00:00,64.72967813148148,4,True,,53.6595573425293,61.07270431518555,56.48694610595703,52.51811599731445,63.59122467041016,68.91768646240234
AL082025:geo:a466cb9ea6848cf7,AL082025,Humberto,val,2025-09-28 11:40:19+00:00,64.58677702037038,4,True,,52.228702545166016,59.64396667480469,56.081668853759766,51.781394958496094,62.77519226074219,67.00411987304688
AL082025:geo:30706f91a4bdfadc,AL082025,Humberto,val,2025-09-28 11:50:19+00:00,64.44387590925926,4,True,,51.476318359375,58.894073486328125,56.18074798583984,51.05025100708008,61.69825744628906,65.70014953613281
AL082025:geo:d9d7195aca87035c,AL082025,Humberto,val,2025-09-28 12:00:19+00:00,64.3055,4,True,,51.22085571289063,58.64170455932617,52.50482177734375,49.856964111328125,60.276611328125,61.98490524291992
AL082025:geo:e92720f416e80d81,AL082025,Humberto,val,2025-09-28 12:10:19+00:00,64.3055,4,True,,50.950294494628906,58.37474060058594,48.828125,49.25973892211914,60.42267608642578,60.99443054199219
AL082025:geo:16960ea189a49806,AL082025,Humberto,val,2025-09-28 12:20:19+00:00,64.3055,4,True,,50.57286834716797,58.00130844116211,46.487770080566406,47.86351013183594,59.8571891784668,56.80957794189453
AL082025:geo:866c5105125d1cbf,AL082025,Humberto,val,2025-09-28 12:30:19+00:00,64.3055,4,True,,49.89594268798828,57.328086853027344,45.534793853759766,46.93770599365234,58.88770294189453,56.486610412597656
AL082025:geo:8fc10064b3f6f371,AL082025,Humberto,val,2025-09-28 12:40:19+00:00,64.3055,4,True,,49.11000061035156,56.54595184326172,44.478736877441406,45.63691329956055,57.045509338378906,56.855712890625
AL082025:geo:2da6bdbb2631d61a,AL082025,Humberto,val,2025-09-28 12:50:19+00:00,64.3055,4,True,,49.10932540893555,56.54935073852539,44.72116088867188,44.27848052978516,55.13484191894531,55.332984924316406
AL082025:geo:d5cad4a8b21c426e,AL082025,Humberto,val,2025-09-28 13:00:19+00:00,64.3055,4,True,,48.93022155761719,56.37466049194336,48.65327453613281,46.90553283691406,57.53010940551758,63.09148788452149
AL082025:geo:e48f361c8c0977ed,AL082025,Humberto,val,2025-09-28 13:10:19+00:00,64.3055,4,True,,49.31498718261719,56.76348876953125,52.69994354248047,50.40936279296875,61.35333251953125,68.9394760131836
AL082025:geo:e3a9f3b72495d066,AL082025,Humberto,val,2025-09-28 13:20:19+00:00,64.3055,4,True,,49.60421371459961,57.05657577514648,51.30416870117188,52.08655548095703,63.37523651123047,69.9366226196289
AL082025:geo:a83385944f774038,AL082025,Humberto,val,2025-09-28 13:30:19+00:00,64.3055,4,True,,49.32261276245117,56.77861022949219,46.62274932861328,51.90235900878906,63.48917388916016,68.31840515136719
AL082025:geo:a6ec38297c6feb8d,AL082025,Humberto,val,2025-09-28 13:40:19+00:00,64.3055,4,True,,49.63389587402344,57.09311294555664,47.72264862060547,51.89069366455078,63.45919036865234,67.14521789550781
AL082025:geo:cdfc464c70668b52,AL082025,Humberto,val,2025-09-28 13:50:19+00:00,64.3055,4,True,,49.429786682128906,56.892208099365234,48.55338668823242,52.44227600097656,63.85808563232422,69.23397827148438
AL082025:geo:54e569fadb23f20e,AL082025,Humberto,val,2025-09-28 14:00:19+00:00,64.3055,4,True,,49.36339569091797,56.8293342590332,49.49076843261719,52.16768646240234,63.5216064453125,69.76834106445312
AL082025:geo:167d49fa8ccd922d,AL082025,Humberto,val,2025-09-28 14:10:19+00:00,64.3055,4,True,,48.83323669433594,56.30295181274414,49.69304275512695,51.16689300537109,61.98089218139648,69.1960220336914
AL082025:geo:70c0e265b6615e31,AL082025,Humberto,val,2025-09-28 14:20:19+00:00,64.3055,4,True,,48.6405143737793,56.11415100097656,50.28831481933594,49.36465072631836,58.76523971557617,67.15982055664062
AL082025:geo:00fe21361b241860,AL082025,Humberto,val,2025-09-28 14:30:19+00:00,64.3055,4,True,,48.93495941162109,56.41217041015625,53.40077590942383,49.70929336547852,57.61806869506836,68.7113037109375
AL082025:geo:31109db86e969204,AL082025,Humberto,val,2025-09-28 14:40:19+00:00,64.3055,4,True,,49.36355972290039,56.843868255615234,55.8053092956543,50.39721298217773,57.64311599731445,69.85370635986328
AL082025:geo:423de3e4b319a227,AL082025,Humberto,val,2025-09-28 14:50:19+00:00,64.3055,4,True,,49.78273391723633,57.26448822021485,59.8016242980957,50.38755035400391,57.77128219604492,69.47285461425781
AL082025:geo:bc51842affd3b153,AL082025,Humberto,val,2025-09-28 15:00:19+00:00,64.3055,4,True,,50.37455749511719,57.85050582885742,61.92605972290039,50.70479965209961,58.89702224731445,68.6639633178711
AL082025:geo:22257cbfbb29695d,AL082025,Humberto,val,2025-09-28 15:10:19+00:00,64.3055,4,True,,50.57822036743164,58.055294036865234,62.18161392211914,50.34345626831055,59.23505401611328,69.23876953125
AL082025:geo:56291240ff1fc0ad,AL082025,Humberto,val,2025-09-28 15:20:19+00:00,64.3055,4,True,,50.599517822265625,58.0778694152832,63.02653121948242,50.71767044067383,60.47769165039063,68.32359313964844
AL082025:geo:bf0a9c3aff9c09f8,AL082025,Humberto,val,2025-09-28 15:30:19+00:00,64.3055,4,True,,50.635215759277344,58.11466598510742,62.01210403442383,50.361122131347656,60.42552947998047,66.72915649414062
AL082025:geo:2bb86d0c92f690d7,AL082025,Humberto,val,2025-09-28 15:40:19+00:00,64.3055,4,True,,50.65380859375,58.13399887084961,62.13460922241211,50.59749984741211,59.74252700805664,68.09795379638672
AL082025:geo:8581c6a0f150db1d,AL082025,Humberto,val,2025-09-28 15:50:19+00:00,64.3055,4,True,,50.49590301513672,57.97671508789063,61.22159957885742,50.77117919921875,59.10408401489258,68.9065933227539
AL082025:geo:2515186131fc734c,AL082025,Humberto,val,2025-09-28 16:00:19+00:00,64.3055,4,True,,50.75538635253906,58.23673629760742,59.46309280395508,50.56904602050781,58.47645568847656,69.63233947753906
AL082025:geo:7fa1321e7dff6fa9,AL082025,Humberto,val,2025-09-28 16:10:19+00:00,64.3055,4,True,,51.01789855957031,58.499656677246094,56.386192321777344,51.60155487060547,59.160789489746094,70.20497131347656
AL082025:geo:21149a8134d468c1,AL082025,Humberto,val,2025-09-28 16:20:19+00:00,64.3055,4,True,,51.422698974609375,58.90481185913086,52.42101287841797,51.79719161987305,58.366676330566406,69.43099975585938
AL082025:geo:4a5d21349c5ef5db,AL082025,Humberto,val,2025-09-28 16:30:19+00:00,64.3055,4,True,,51.57564926147461,59.0581283569336,50.03524017333984,52.01094436645508,56.64484024047852,67.74325561523438
AL082025:geo:ee816a87dd4cbab2,AL082025,Humberto,val,2025-09-28 16:40:19+00:00,64.3055,4,True,,51.08470916748047,58.56743240356445,48.79058837890625,51.1724853515625,55.08158874511719,64.60003662109375
AL082025:geo:b2b1846ca3fdcde4,AL082025,Humberto,val,2025-09-28 16:50:19+00:00,64.3055,4,True,,50.25834274291992,57.741641998291016,45.3147087097168,51.345584869384766,56.535152435302734,58.94111633300781
AL082025:geo:512e0c5c8826bea2,AL082025,Humberto,val,2025-09-28 17:00:19+00:00,64.3055,4,True,,50.51523971557617,57.99913787841797,44.57098007202149,50.53594970703125,56.09554290771485,51.33396530151367
AL082025:geo:e63900decf4372c9,AL082025,Humberto,val,2025-09-28 17:10:19+00:00,64.3055,4,True,,51.56808471679688,59.05263519287109,48.03752136230469,50.74743270874024,55.96891021728516,51.77111053466797
AL082025:geo:1156f0f54aef5135,AL082025,Humberto,val,2025-09-28 17:20:19+00:00,64.3055,4,True,,52.117950439453125,59.603153228759766,49.5839958190918,51.351680755615234,56.70480728149414,51.77706527709961
AL082025:geo:5276caa5215a68a1,AL082025,Humberto,val,2025-09-28 17:30:19+00:00,64.3055,4,True,,52.58662033081055,60.0723876953125,47.991641998291016,51.19642639160156,56.62320709228516,54.79534912109375
AL082025:geo:f14759cb97782bd5,AL082025,Humberto,val,2025-09-28 17:40:19+00:00,64.3055,4,True,,52.53486633300781,60.02104187011719,48.80720520019531,52.30287551879883,57.44649505615234,59.41727066040039
AL082025:geo:8827c541ee959a79,AL082025,Humberto,val,2025-09-28 17:50:19+00:00,64.3055,4,True,,52.63878631591797,60.12528991699219,54.88616561889648,53.13254165649414,58.1526985168457,60.30550384521485
AL082025:geo:bd1ee64574fd3977,AL082025,Humberto,val,2025-09-28 18:00:19+00:00,64.30368991925926,4,True,,53.072265625,60.5590705871582,58.25823593139648,53.844383239746094,57.763702392578125,60.63312149047852
AL082025:geo:a5be66fd677527be,AL082025,Humberto,val,2025-09-28 18:10:19+00:00,64.24652947481482,4,True,,53.49168395996094,60.9785385131836,61.39218521118164,54.718223571777344,59.99201965332031,61.47817611694336
AL082025:geo:8311431ca0f3d32d,AL082025,Humberto,val,2025-09-28 18:20:19+00:00,64.18936903037037,4,True,,53.61742401123047,61.10434722900391,61.49831771850586,54.614349365234375,63.053035736083984,63.5874252319336
AL082025:geo:78eb170cb91632c7,AL082025,Humberto,val,2025-09-28 18:30:19+00:00,64.13220858592592,4,True,,52.95968627929688,60.44672775268555,58.37729263305664,52.967559814453125,61.70537567138672,62.47853088378906
AL082025:geo:3f28d3565d7449c0,AL082025,Humberto,val,2025-09-28 18:40:19+00:00,64.07504814148149,4,True,,52.292572021484375,59.779884338378906,55.138450622558594,51.07034683227539,59.412376403808594,62.2529525756836
AL082025:geo:674e1c468b48d9e9,AL082025,Humberto,val,2025-09-28 18:50:19+00:00,64.01788769703704,4,True,,51.46043014526367,58.94774627685547,53.63246154785156,50.83727645874024,59.06658935546875,62.45467758178711
AL082025:geo:6b430f082f94fc6b,AL082025,Humberto,val,2025-09-28 19:00:19+00:00,63.96072725259259,4,True,,50.9622917175293,58.44941711425781,51.0506591796875,50.75973510742188,58.89496994018555,60.826541900634766
AL082025:geo:3eece2ad0e5ea2a4,AL082025,Humberto,val,2025-09-28 19:10:19+00:00,63.90356680814816,4,True,,50.26187133789063,57.748966217041016,49.46272659301758,50.383548736572266,58.1568489074707,58.87333679199219
AL082025:geo:f029d45df2131429,AL082025,Humberto,val,2025-09-28 19:20:19+00:00,63.84640636370371,4,True,,50.83070373535156,58.31772613525391,51.15013885498047,50.88761901855469,58.340293884277344,60.90089416503906
AL082025:geo:f42ca9fe7bd94fb4,AL082025,Humberto,val,2025-09-28 19:30:19+00:00,63.78924591925926,4,True,,51.086761474609375,58.5736083984375,51.742950439453125,50.35547256469727,57.54844665527344,63.25300979614258
AL082025:geo:2951a22891fd7117,AL082025,Humberto,val,2025-09-28 19:40:19+00:00,63.73208547481482,4,True,,51.66522979736328,59.15176773071289,54.371219635009766,51.50175094604492,58.43305587768555,66.026611328125
AL082025:geo:a0c4cdd0bbb71b89,AL082025,Humberto,val,2025-09-28 19:50:19+00:00,63.67492503037037,4,True,,51.99921798706055,59.48534393310547,56.3900146484375,52.14876937866211,59.14533615112305,67.83454132080078
AL082025:geo:31c96597a59f8a06,AL082025,Humberto,val,2025-09-28 20:00:19+00:00,63.61776458592593,4,True,,52.25639343261719,59.742034912109375,58.22296524047852,52.5438232421875,59.36002349853516,66.8294677734375
AL082025:geo:b9796bffae8de763,AL082025,Humberto,val,2025-09-28 20:10:19+00:00,63.56060414148149,4,True,,52.53807830810547,60.02328109741211,62.68376159667969,52.79834747314453,59.67463684082031,64.81053161621094
AL082025:geo:f2a499ee58eac6a0,AL082025,Humberto,val,2025-09-28 20:20:19+00:00,63.50344369703704,4,True,,52.83080291748047,60.31554412841797,64.70570373535156,53.14235305786133,61.1297492980957,64.54330444335938
AL082025:geo:b5f6a65988648355,AL082025,Humberto,val,2025-09-28 20:30:19+00:00,63.44628325259259,4,True,,52.97536849975586,60.45962905883789,64.11773681640625,53.615234375,62.36285781860352,63.36322784423828
AL082025:geo:45998b53632273d1,AL082025,Humberto,val,2025-09-28 20:40:19+00:00,63.38912280814815,4,True,,52.731224060058594,60.21504211425781,62.22993850708008,53.33062744140625,61.930782318115234,62.73896789550781
AL082025:geo:9f1a1a491250c284,AL082025,Humberto,val,2025-09-28 20:50:19+00:00,63.33196236370371,4,True,,52.837867736816406,60.3211555480957,60.82664489746094,53.23420715332031,61.8038330078125,62.03252410888672
AL082025:geo:d0308689df086869,AL082025,Humberto,val,2025-09-28 21:00:19+00:00,63.27389687888889,4,True,,52.73051452636719,60.21187210083008,62.60515975952149,53.91824722290039,62.52922058105469,63.55522155761719
AL082025:geo:4e2fd1356a4b3a82,AL082025,Humberto,val,2025-09-28 21:10:19+00:00,63.18815621222222,4,True,,52.83479309082031,60.31504440307617,63.67976760864258,54.32154083251953,63.23196029663086,65.04379272460938
AL082025:geo:fece9fb4852c0255,AL082025,Humberto,val,2025-09-28 21:20:19+00:00,63.10241554555556,4,True,,53.750587463378906,61.22981643676758,66.94890594482422,55.214115142822266,64.69647979736328,66.75006103515625
AL082025:geo:95481a866df32e00,AL082025,Humberto,val,2025-09-28 21:30:19+00:00,63.01667487888889,4,True,,54.51063537597656,61.98855972290039,69.95297241210938,55.63735580444336,65.65351867675781,69.84390258789062
AL082025:geo:d934b76afde0d7b6,AL082025,Humberto,val,2025-09-28 21:40:19+00:00,62.93093421222222,4,True,,55.27350997924805,62.74990081787109,71.32044982910156,55.39519500732422,65.43528747558594,71.18762969970703
AL082025:geo:462654fd4a0e5478,AL082025,Humberto,val,2025-09-28 21:50:19+00:00,62.84519354555556,4,True,,55.57493591308594,63.04978942871094,71.79518127441406,54.66048431396485,64.05718231201172,70.63333892822266
AL082025:geo:2852fae6fd9672c1,AL082025,Humberto,val,2025-09-28 22:00:19+00:00,62.759452878888894,4,True,,55.04248046875,62.515926361083984,71.1116714477539,52.71664047241211,61.61928176879883,70.67337036132812
AL082025:geo:c102c9d69e84a8fc,AL082025,Humberto,val,2025-09-28 22:10:19+00:00,62.67371221222222,4,True,,54.269493103027344,61.74144744873047,71.38643646240234,51.043304443359375,59.458473205566406,68.09942626953125
AL082025:geo:4a1842435c30e7b4,AL082025,Humberto,val,2025-09-28 22:20:19+00:00,62.58797154555556,4,True,,53.57755279541016,61.04779815673828,69.84678649902344,49.66876602172852,57.869441986083984,64.811767578125
AL082025:geo:5972a83a5ea6574a,AL082025,Humberto,val,2025-09-28 22:30:19+00:00,62.50223087888889,4,True,,53.02022552490234,60.48937225341797,67.18663787841797,48.61656951904297,56.80607986450195,61.70773315429688
AL082025:geo:286c6ae9ff3abde9,AL082025,Humberto,val,2025-09-28 22:40:19+00:00,62.41649021222222,4,True,,52.56166076660156,60.03017807006836,65.13581085205078,47.73206329345703,56.165565490722656,59.82456588745117
AL082025:geo:d596fa3699fca79a,AL082025,Humberto,val,2025-09-28 22:50:19+00:00,62.33074954555556,4,True,,52.85687255859375,60.32453536987305,61.7242546081543,47.54733657836914,56.25688934326172,59.60903930664063
AL082025:geo:a7360db945166a02,AL082025,Humberto,val,2025-09-28 23:00:19+00:00,62.24500887888889,4,True,,53.24081039428711,60.7070541381836,59.25189208984375,47.77524948120117,56.58834838867188,59.09326553344727
AL082025:geo:5643b8f7b71c43c5,AL082025,Humberto,val,2025-09-28 23:10:19+00:00,62.15926821222222,4,True,,53.97801971435547,61.44289779663086,58.18954849243164,48.10469055175781,55.7901611328125,59.94633102416992
AL082025:geo:b697b50d8665292c,AL082025,Humberto,val,2025-09-28 23:20:19+00:00,62.07352754555556,4,True,,55.11703872680664,62.58106994628906,57.6058464050293,48.67171859741211,55.62032699584961,61.90256118774414
AL082025:geo:fa34c1d6ce50b6e7,AL082025,Humberto,val,2025-09-28 23:30:19+00:00,61.98778687888889,4,True,,55.81048583984375,63.274444580078125,58.77667617797852,48.67473220825195,55.11623001098633,62.003047943115234
AL082025:geo:b68733b01fc60ae4,AL082025,Humberto,val,2025-09-28 23:40:19+00:00,61.902046212222224,4,True,,56.57627487182617,64.04092407226562,60.05549240112305,49.00528717041016,55.19917297363281,62.75899505615234
AL082025:geo:ceaa655d4777329b,AL082025,Humberto,val,2025-09-28 23:50:19+00:00,61.81630554555556,4,True,,56.700225830078125,64.16573333740234,60.557273864746094,49.32906723022461,55.300880432128906,63.36996078491211
AL082025:geo:8ace1f1815b86dd1,AL082025,Humberto,val,2025-09-29 00:00:19+00:00,61.73328,4,True,,56.7318115234375,64.19842529296875,59.18825149536133,49.3721809387207,54.93610000610352,63.79190444946289
AL082025:geo:e5d804b259d95a85,AL082025,Humberto,val,2025-09-29 00:10:19+00:00,61.73328,4,True,,57.243797302246094,64.71185302734375,59.32905197143555,50.28202438354492,56.21765899658203,62.190555572509766
AL082025:geo:d24da8adb37b0048,AL082025,Humberto,val,2025-09-29 00:20:19+00:00,61.73328,4,True,,57.32249069213867,64.7924575805664,59.53422164916992,50.31907653808594,56.76898956298828,59.49372100830078
AL082025:geo:02e70bc124469bb5,AL082025,Humberto,val,2025-09-29 00:30:19+00:00,61.73328,4,True,,57.1342887878418,64.60594177246094,58.30625534057617,49.79791641235352,56.88780212402344,59.40681076049805
AL082025:geo:d8c180b1f323583b,AL082025,Humberto,val,2025-09-29 00:40:19+00:00,61.73328,4,True,,56.52629470825195,63.99946212768555,55.6390380859375,49.062259674072266,56.30753326416016,57.91823959350586
AL082025:geo:9f38a59a92188246,AL082025,Humberto,val,2025-09-29 00:50:19+00:00,61.73328,4,True,,56.15138244628906,63.62612915039063,52.19529724121094,48.7719841003418,55.6416244506836,57.69068145751953
AL082025:geo:a444e46618a0d963,AL082025,Humberto,val,2025-09-29 01:00:19+00:00,61.73328,4,True,,56.12631988525391,63.60295867919922,51.55123901367188,49.04456329345703,56.02290344238281,53.38836669921875
AL082025:geo:e21622e3a0c33568,AL082025,Humberto,val,2025-09-29 01:10:19+00:00,61.73328,4,True,,56.3804931640625,63.85895156860352,52.30356597900391,49.403133392333984,56.46052932739258,49.34954833984375
AL082025:geo:305018db5c38f7d0,AL082025,Humberto,val,2025-09-29 01:20:19+00:00,61.73328,4,True,,55.97208023071289,63.452186584472656,51.26546478271485,49.03013229370117,56.2080078125,49.43646240234375
AL082025:geo:5f6cd5cfbf60779a,AL082025,Humberto,val,2025-09-29 01:30:19+00:00,61.73328,4,True,,55.56275939941406,63.04433059692383,50.98761749267578,48.07584381103516,55.75888442993164,48.51901245117188
AL082025:geo:d49d76bd9e2b4713,AL082025,Humberto,val,2025-09-29 01:40:19+00:00,61.73328,4,True,,55.1675033569336,62.650535583496094,49.22281646728516,47.75929641723633,56.34294891357422,51.1014518737793
AL082025:geo:c46f0afb41c52acd,AL082025,Humberto,val,2025-09-29 01:50:19+00:00,61.73328,4,True,,54.84587097167969,62.33010482788086,50.28708267211914,47.32665252685547,55.990325927734375,53.378456115722656
AL082025:geo:520d0d78c10f5616,AL082025,Humberto,val,2025-09-29 02:00:19+00:00,61.73328,4,True,,54.69865036010742,62.183692932128906,52.61115264892578,48.6743049621582,57.52070236206055,55.53444290161133
AL082025:geo:bbb07c52733ab973,AL082025,Humberto,val,2025-09-29 02:10:19+00:00,61.73328,4,True,,54.20018768310547,61.68571090698242,54.17181015014648,49.661502838134766,58.478004455566406,54.29576873779297
AL082025:geo:12e1ff67d3b804ee,AL082025,Humberto,val,2025-09-29 02:20:19+00:00,61.73328,4,True,,53.931427001953125,61.417091369628906,57.31119537353516,49.616004943847656,58.016578674316406,49.70941162109375
AL082025:geo:2863b2861ff63aee,AL082025,Humberto,val,2025-09-29 02:30:19+00:00,61.73328,4,True,,54.06202697753906,61.54765701293945,56.74446868896485,47.92878723144531,55.59807968139648,45.17358016967773
AL082025:geo:cc0a50e00f8c0f29,AL082025,Humberto,val,2025-09-29 02:40:19+00:00,61.73328,4,True,,53.97496032714844,61.46024703979492,56.90884780883789,46.304386138916016,53.4625129699707,49.15460205078125
AL082025:geo:d6758c37f251a61e,AL082025,Humberto,val,2025-09-29 02:50:19+00:00,61.73328,4,True,,53.940040588378906,61.424598693847656,54.973934173583984,45.56169509887695,51.98497772216797,46.35642623901367
AL082025:geo:1d729999910b7291,AL082025,Humberto,val,2025-09-29 03:00:19+00:00,61.73328,4,True,,50.86141586303711,58.34637069702149,50.28777313232422,45.41368865966797,51.43707275390625,45.7012825012207
AL082025:geo:a340f8e84180bea4,AL082025,Humberto,val,2025-09-29 03:10:19+00:00,61.73328,4,True,,51.874794006347656,59.36005783081055,50.02095413208008,46.4404525756836,51.83913803100586,46.84754943847656
AL082025:geo:6f915b204451674d,AL082025,Humberto,val,2025-09-29 03:20:19+00:00,61.73328,4,True,,52.77001953125,60.25539016723633,50.39341735839844,48.453643798828125,53.93594741821289,47.89761352539063
AL082025:geo:4e21bcef2c2221b0,AL082025,Humberto,val,2025-09-29 03:30:19+00:00,61.73328,4,True,,52.73933792114258,60.22425079345703,49.311744689941406,49.11364364624024,54.95523452758789,52.55931091308594
AL082025:geo:5e2465037d05665a,AL082025,Humberto,val,2025-09-29 03:40:19+00:00,61.73328,4,True,,51.86312103271485,59.34720993041992,50.69696807861328,50.06761932373047,57.16219329833984,55.20261001586914
AL082025:geo:44e4caf402f0cfe4,AL082025,Humberto,val,2025-09-29 03:50:19+00:00,61.73328,4,True,,51.497955322265625,58.982120513916016,52.610836029052734,50.5716438293457,59.07087707519531,56.03071594238281
AL082025:geo:92a06e11f9060b4b,AL082025,Humberto,val,2025-09-29 04:00:19+00:00,61.73328,4,True,,51.33452606201172,58.8198127746582,52.509544372558594,50.123165130615234,59.06304931640625,58.238319396972656
AL082025:geo:36566c5086fef6c9,AL082025,Humberto,val,2025-09-29 04:10:19+00:00,61.73328,4,True,,50.99208831787109,58.47916412353516,51.40074157714844,48.59209060668945,57.191627502441406,59.25655746459961
AL082025:geo:a0107c65674fe442,AL082025,Humberto,val,2025-09-29 04:20:19+00:00,61.73328,4,True,,50.33477020263672,57.82313919067383,51.14522552490234,46.83247756958008,55.16130065917969,55.65894317626953
AL082025:geo:3d055fad34574f60,AL082025,Humberto,val,2025-09-29 04:30:19+00:00,61.73328,4,True,,49.83091735839844,57.3203125,47.68137741088867,45.1342658996582,52.32152557373047,50.45703887939453
AL082025:geo:29bc30f8c1293546,AL082025,Humberto,val,2025-09-29 04:40:19+00:00,61.73328,4,True,,49.40922164916992,56.89804458618164,47.51365280151367,44.02815246582031,50.802982330322266,49.66948699951172
AL082025:geo:ea286ab174ec4b1c,AL082025,Humberto,val,2025-09-29 04:50:19+00:00,61.73328,4,True,,49.0120964050293,56.50021743774414,49.45523834228516,43.478004455566406,50.92778396606445,46.524375915527344
AL082025:geo:42a47b3cd9177b18,AL082025,Humberto,val,2025-09-29 05:00:19+00:00,61.73328,4,True,,49.66533660888672,57.152626037597656,51.82901763916016,43.1367073059082,50.915748596191406,46.96381759643555
AL082025:geo:68ab4cf37b72e8b5,AL082025,Humberto,val,2025-09-29 05:10:19+00:00,61.73328,4,True,,50.98291015625,58.46904754638672,53.67735290527344,42.94070816040039,50.88347244262695,48.685394287109375
AL082025:geo:238ce02c61ab6914,AL082025,Humberto,val,2025-09-29 05:20:19+00:00,61.73328,4,True,,51.97127914428711,59.45619583129883,53.52610778808594,41.92303085327149,49.18204116821289,50.45387268066406
AL082025:geo:78b2a2e0945ba12b,AL082025,Humberto,val,2025-09-29 05:30:19+00:00,61.73328,4,True,,51.98441696166992,59.4679069519043,53.56152725219727,42.908164978027344,49.19878768920898,52.95509338378906
AL082025:geo:1f65c78a4340fb21,AL082025,Humberto,val,2025-09-29 05:40:19+00:00,61.73328,4,True,,51.34800720214844,58.83037567138672,53.71366500854492,43.694522857666016,49.73481750488281,56.990760803222656
AL082025:geo:5189b2e836ed1c1c,AL082025,Humberto,val,2025-09-29 05:50:19+00:00,61.73328,4,True,,50.42119598388672,57.90237808227539,54.1339111328125,44.00358581542969,49.32335662841797,58.49201965332031
AL082025:geo:0c319af6f5cdb59a,AL082025,Humberto,val,2025-09-29 06:00:19+00:00,61.73599512111111,4,True,,49.91577911376953,57.39620971679688,56.39248275756836,44.6640739440918,48.96641540527344,58.66309356689453
AL082025:geo:a6c5c698cc239639,AL082025,Humberto,val,2025-09-29 06:10:19+00:00,61.82173578777778,4,True,,50.27706909179688,57.75716400146485,53.44740295410156,42.70675277709961,47.604862213134766,57.07250595092773
AL082025:geo:55b032acda02a50d,AL082025,Humberto,val,2025-09-29 06:20:19+00:00,61.90747645444444,4,True,,50.15114212036133,57.63129425048828,49.4658432006836,40.2676887512207,46.45962905883789,48.91523742675781
AL082025:geo:1c8cb9df4ee09399,AL082025,Humberto,val,2025-09-29 06:30:19+00:00,61.99321712111112,4,True,,49.593971252441406,57.07450866699219,48.01654815673828,39.89529800415039,45.8681526184082,47.37666702270508
AL082025:geo:d881f7f1821d6b41,AL082025,Humberto,val,2025-09-29 06:40:19+00:00,62.07895778777778,4,True,,49.80184173583984,57.28288269042969,48.4051399230957,40.58187103271485,46.16273880004883,47.68624877929688
AL082025:geo:f932b66849343d09,AL082025,Humberto,val,2025-09-29 06:50:19+00:00,62.16469845444444,4,True,,49.95191955566406,57.43342590332031,49.687477111816406,41.13073348999024,47.61375427246094,46.7822265625
AL082025:geo:41d87b29baa8eb44,AL082025,Humberto,val,2025-09-29 07:00:19+00:00,62.25043912111112,4,True,,49.58233642578125,57.06445693969727,49.18514251708984,41.08753204345703,48.32928466796875,46.32677459716797
AL082025:geo:2169aa85ecb519b1,AL082025,Humberto,val,2025-09-29 07:10:19+00:00,62.33617978777778,4,True,,48.93845748901367,56.42132568359375,48.462852478027344,41.304325103759766,48.61924362182617,46.93038177490234
AL082025:geo:7a36419b753bd993,AL082025,Humberto,val,2025-09-29 07:20:19+00:00,62.42192045444445,4,True,,48.76873779296875,56.25227737426758,48.573974609375,40.89761734008789,47.50230026245117,46.04434967041016
AL082025:geo:d5fd8df7c4e5f09d,AL082025,Humberto,val,2025-09-29 07:30:19+00:00,62.50766112111111,4,True,,48.38926696777344,55.87337112426758,48.84123229980469,40.26655197143555,45.939083099365234,47.07784652709961
AL082025:geo:cb83a12254a71b28,AL082025,Humberto,val,2025-09-29 07:40:19+00:00,62.59340178777778,4,True,,48.38269805908203,55.86726379394531,47.801856994628906,40.69316864013672,47.80416870117188,51.43403625488281
AL082025:geo:b1a31b06eb893657,AL082025,Humberto,val,2025-09-29 07:50:19+00:00,62.679142454444445,4,True,,49.08973693847656,56.57445526123047,45.97011566162109,41.17963409423828,50.95112609863281,53.03569030761719
AL082025:geo:98d497f3aa36cdb8,AL082025,Humberto,val,2025-09-29 08:00:19+00:00,62.76488312111111,4,True,,49.32070541381836,56.80525588989258,47.33514404296875,40.95393371582031,51.95073699951172,54.43523788452149
AL082025:geo:f37f2d05a43160cb,AL082025,Humberto,val,2025-09-29 08:10:19+00:00,62.850623787777785,4,True,,49.24532318115234,56.72941207885742,47.51966094970703,40.95399856567383,50.34638214111328,52.76694869995117
AL082025:geo:44263c97eb9718d6,AL082025,Humberto,val,2025-09-29 08:20:19+00:00,62.93636445444445,4,True,,49.32090377807617,56.80413055419922,47.19812774658203,42.29839324951172,50.127437591552734,50.10660934448242
AL082025:geo:8e16bc604b5f9681,AL082025,Humberto,val,2025-09-29 08:30:19+00:00,63.02210512111111,4,True,,49.570098876953125,57.05213165283203,47.95533752441406,44.10410690307617,51.40254974365234,50.00011444091797
AL082025:geo:8ca4c00060e0485c,AL082025,Humberto,val,2025-09-29 08:40:19+00:00,63.10784578777778,4,True,,50.288604736328125,57.769142150878906,49.9246711730957,46.22848892211914,53.97486877441406,52.43592071533203
AL082025:geo:3205bb8eb1a472d0,AL082025,Humberto,val,2025-09-29 08:50:19+00:00,63.19358645444444,4,True,,51.57961654663086,59.05821228027344,54.620567321777344,48.63566207885742,57.69322967529297,54.92452239990234
AL082025:geo:9c9768bada19acc4,AL082025,Humberto,val,2025-09-29 09:00:19+00:00,63.27842208074074,4,True,,50.313026428222656,57.761837005615234,50.61198425292969,49.05848693847656,59.28136444091797,56.98559188842773
AL082025:geo:5061c41f44eb8e3d,AL082025,Humberto,val,2025-09-29 09:10:19+00:00,63.33558252518519,4,True,,50.05726623535156,57.49967193603516,47.63166427612305,47.693843841552734,58.12301635742188,55.201419830322266
AL082025:geo:b0b1eabbda5c9e1e,AL082025,Humberto,val,2025-09-29 09:20:19+00:00,63.39274296962964,4,True,,49.743934631347656,57.17955780029297,45.67110443115234,46.83773040771485,56.77568817138672,52.54019546508789
AL082025:geo:419f1184f3384d3b,AL082025,Humberto,val,2025-09-29 09:30:19+00:00,63.44990341407407,4,True,,49.15033721923828,56.5789909362793,43.57458114624024,45.55189514160156,54.59965896606445,45.52447509765625
AL082025:geo:4172cd54f330fc85,AL082025,Humberto,val,2025-09-29 09:40:19+00:00,63.50706385851852,4,True,,47.83021545410156,55.2523078918457,43.80395126342773,43.89810562133789,52.363319396972656,39.15790557861328
AL082025:geo:bda9f46bbd4beafb,AL082025,Humberto,val,2025-09-29 09:50:19+00:00,63.56422430296296,4,True,,47.459075927734375,54.87670516967773,43.84100341796875,43.07004165649414,51.42938995361328,40.85405731201172
AL082025:geo:79747e345b8f61f7,AL082025,Humberto,val,2025-09-29 10:00:19+00:00,63.62138474740741,4,True,,47.74506759643555,55.15946960449219,42.58949279785156,41.80241394042969,50.39490509033203,42.317779541015625
AL082025:geo:88fa3faa4a17bfcc,AL082025,Humberto,val,2025-09-29 10:10:19+00:00,63.67854519185185,4,True,,47.69865798950195,55.11141204833984,42.214088439941406,40.718563079833984,49.49809265136719,46.62905883789063
AL082025:geo:785f004e96103cf9,AL082025,Humberto,val,2025-09-29 10:20:19+00:00,63.735705636296295,4,True,,48.278465270996094,55.690223693847656,42.01529693603516,40.60725402832031,49.952144622802734,48.128028869628906
AL082025:geo:812bb270937f56dc,AL082025,Humberto,val,2025-09-29 10:30:19+00:00,63.79286608074074,4,True,,47.97869873046875,55.39014434814453,43.74801635742188,39.68231964111328,49.0352783203125,45.673126220703125
AL082025:geo:0565027ae7d03ecc,AL082025,Humberto,val,2025-09-29 10:40:19+00:00,63.85002652518519,4,True,,47.89134979248047,55.30319595336914,43.3531379699707,38.77417755126953,48.45043182373047,45.07279968261719
AL082025:geo:2bea8705ac246e1b,AL082025,Humberto,val,2025-09-29 10:50:19+00:00,63.90718696962964,4,True,,47.74651336669922,55.1594352722168,41.61732482910156,38.66557693481445,49.006813049316406,39.65468597412109
AL082025:geo:05fba58b557140e9,AL082025,Humberto,val,2025-09-29 11:00:19+00:00,63.96434741407408,4,True,,47.52684020996094,54.94157028198242,41.52069854736328,38.94473648071289,49.02596664428711,35.593624114990234
AL082025:geo:089d4b1276db7d5e,AL082025,Humberto,val,2025-09-29 11:10:19+00:00,64.02150785851852,4,True,,47.17841339111328,54.59552383422852,41.62824249267578,39.19074249267578,49.05125427246094,32.90843963623047
AL082025:geo:f3383091f7f079ff,AL082025,Humberto,val,2025-09-29 11:20:19+00:00,64.07866830296297,4,True,,47.11481094360352,54.535118103027344,41.53556060791016,39.524200439453125,49.55950546264648,32.854881286621094
AL082025:geo:942050a66908be11,AL082025,Humberto,val,2025-09-29 11:30:19+00:00,64.13582874740742,4,True,,47.045143127441406,54.46939086914063,40.97984313964844,40.10073471069336,50.63420486450195,37.11164474487305
AL082025:geo:c892cce36bb17c48,AL082025,Humberto,val,2025-09-29 11:40:19+00:00,64.19298919185185,4,True,,47.004024505615234,54.43250274658203,40.631866455078125,40.58749008178711,50.98402404785156,40.247596740722656
AL082025:geo:cffede60aae83d65,AL082025,Humberto,val,2025-09-29 11:50:19+00:00,64.2501496362963,4,True,,47.00255584716797,54.43558883666992,40.00067901611328,41.02142333984375,51.28318405151367,43.270606994628906
AL082025:geo:918210a18e003ff3,AL082025,Humberto,val,2025-09-29 12:00:19+00:00,64.30097479814815,4,True,,47.176605224609375,54.61452102661133,39.69757843017578,41.39482498168945,51.68633270263672,44.65748596191406
AL082025:geo:24a6c2aa10b28f6e,AL082025,Humberto,val,2025-09-29 12:10:19+00:00,64.15807368703705,4,True,,47.68228530883789,55.12506866455078,39.42861175537109,41.448123931884766,51.68236541748047,43.775367736816406
AL082025:geo:8a8aa609a948979a,AL082025,Humberto,val,2025-09-29 12:20:19+00:00,64.01517257592593,4,True,,47.88016128540039,55.32776641845703,38.49950408935547,41.69109344482422,51.68758010864258,45.97289657592773
AL082025:geo:6e11a3e1065992e2,AL082025,Humberto,val,2025-09-29 12:30:19+00:00,63.872271464814816,4,True,,47.955379486083984,55.40778350830078,38.56455993652344,42.27128982543945,51.71802520751953,49.1203727722168
AL082025:geo:39d33ab8e668eb79,AL082025,Humberto,val,2025-09-29 12:40:19+00:00,63.7293703537037,4,True,,48.15199661254883,55.60884094238281,38.66210174560547,42.446964263916016,51.44776153564453,48.409423828125
AL082025:geo:b02a5e8f0010e66b,AL082025,Humberto,val,2025-09-29 12:50:19+00:00,63.58646924259259,4,True,,48.362083435058594,55.82298278808594,39.17626953125,42.18911743164063,50.44625854492188,48.64150619506836
AL082025:geo:cb65fee02a6bfb00,AL082025,Humberto,val,2025-09-29 13:00:19+00:00,63.44356813148148,4,True,,48.63355255126953,56.09809112548828,39.36782836914063,41.64273452758789,49.021968841552734,50.28713607788086
AL082025:geo:63bd1dd118addf60,AL082025,Humberto,val,2025-09-29 13:10:19+00:00,63.300667020370376,4,True,,48.70492172241211,56.172645568847656,39.23680877685547,41.14487075805664,47.946407318115234,50.92612075805664
AL082025:geo:4ec8f5d95edbf1e6,AL082025,Humberto,val,2025-09-29 13:20:19+00:00,63.15776590925925,4,True,,48.36725997924805,55.83767318725586,39.23793411254883,40.896671295166016,47.07278060913086,49.30615615844727
AL082025:geo:5d26294b1129c631,AL082025,Humberto,val,2025-09-29 13:30:19+00:00,63.01486479814815,4,True,,48.19887161254883,55.67158508300781,39.00505828857422,40.92858123779297,47.25239181518555,48.07106018066406
AL082025:geo:0266dfdf829f6ae4,AL082025,Humberto,val,2025-09-29 13:40:19+00:00,62.871963687037045,4,True,,47.94895935058594,55.42367172241211,39.51206207275391,40.697872161865234,47.73686218261719,46.86405944824219
AL082025:geo:4d561ae436820088,AL082025,Humberto,val,2025-09-29 13:50:19+00:00,62.72906257592593,4,True,,47.216190338134766,54.69266891479492,39.77555084228516,40.34339141845703,47.81162643432617,46.95526885986328
AL082025:geo:988a80edf932823a,AL082025,Humberto,val,2025-09-29 14:00:19+00:00,62.58616146481482,4,True,,46.36333465576172,53.84133529663086,40.23564529418945,39.59847640991211,45.98862075805664,49.352783203125
AL082025:geo:63082f9fbd6a04d7,AL082025,Humberto,val,2025-09-29 14:10:19+00:00,62.44326035370371,4,True,,45.220497131347656,52.69978332519531,42.98986053466797,38.81494903564453,44.896446228027344,51.28675842285156
AL082025:geo:039ea35dd98254d6,AL082025,Humberto,val,2025-09-29 14:20:19+00:00,62.3003592425926,4,True,,44.069969177246094,51.55023193359375,43.945709228515625,38.50605392456055,44.88630676269531,48.940311431884766
AL082025:geo:b4ba64262165005d,AL082025,Humberto,val,2025-09-29 14:30:19+00:00,62.15745813148149,4,True,,43.61681365966797,51.0976791381836,43.634273529052734,38.77198028564453,45.73781967163086,48.871883392333984
AL082025:geo:f95fecd8f3f701dc,AL082025,Humberto,val,2025-09-29 14:40:19+00:00,62.014557020370376,4,True,,43.76600646972656,51.24718475341797,43.04634094238281,38.8875846862793,46.34270858764648,49.39200973510742
AL082025:geo:c9b9b395c532ca6c,AL082025,Humberto,val,2025-09-29 14:50:19+00:00,61.87165590925926,4,True,,44.00143814086914,51.48256301879883,41.85388946533203,38.775089263916016,47.00778198242188,47.87672424316406
AL082025:geo:6a272e5769a3a6b5,AL082025,Humberto,val,2025-09-29 15:00:19+00:00,61.72875479814815,4,True,,43.52008819580078,50.98810195922852,44.70827102661133,38.56001663208008,46.893516540527344,46.78465270996094
AL082025:geo:190ed363d1bde82e,AL082025,Humberto,val,2025-09-29 15:10:19+00:00,61.58585368703704,4,True,,43.41251754760742,50.88551712036133,43.50647735595703,38.172149658203125,46.90221405029297,45.71909332275391
AL082025:geo:fce434804413e473,AL082025,Humberto,val,2025-09-29 15:20:19+00:00,61.44295257592593,4,True,,43.563724517822266,51.04072952270508,44.40547943115234,37.77298355102539,47.15800094604492,47.92224884033203
AL082025:geo:36eefe9c1b3af125,AL082025,Humberto,val,2025-09-29 15:30:19+00:00,61.30005146481482,4,True,,43.82651519775391,51.30658721923828,44.967769622802734,37.32362747192383,47.07036590576172,46.49277114868164
AL082025:geo:dcf8b1e9b0f44e11,AL082025,Humberto,val,2025-09-29 15:40:19+00:00,61.157150353703706,4,True,,44.213966369628906,51.69622802734375,45.85173797607422,37.06930923461914,46.750099182128906,47.26390838623047
AL082025:geo:7907ab8dfca769ad,AL082025,Humberto,val,2025-09-29 15:50:19+00:00,61.0142492425926,4,True,,44.60078430175781,52.08448791503906,46.384986877441406,36.89052200317383,46.05360412597656,45.44914627075195
AL082025:geo:4ab24e5b147bdc4e,AL082025,Humberto,val,2025-09-29 16:00:19+00:00,60.87134813148148,4,True,,44.88090515136719,52.36553192138672,45.360816955566406,36.27622985839844,45.10237121582031,44.643096923828125
AL082025:geo:7642279869528120,AL082025,Humberto,val,2025-09-29 16:10:19+00:00,60.728447020370375,4,True,,45.08374786376953,52.5689697265625,44.3094596862793,35.731666564941406,43.528995513916016,46.471473693847656
AL082025:geo:f85b1959a24f12f7,AL082025,Humberto,val,2025-09-29 16:20:19+00:00,60.58554590925926,4,True,,45.12897872924805,52.61452102661133,43.05537414550781,35.59986877441406,43.38016128540039,45.44498443603516
AL082025:geo:ff907e71f1dd85e1,AL082025,Humberto,val,2025-09-29 16:30:19+00:00,60.44264479814815,4,True,,44.85833740234375,52.34388732910156,43.051536560058594,35.98157501220703,44.02657318115234,45.80663299560547
AL082025:geo:f90bdd0250d28ca9,AL082025,Humberto,val,2025-09-29 16:40:19+00:00,60.29974368703704,4,True,,44.39522552490234,51.880615234375,42.293235778808594,36.35816955566406,44.39678955078125,49.05214691162109
AL082025:geo:5c7f54bb8475c688,AL082025,Humberto,val,2025-09-29 16:50:19+00:00,60.15684257592593,4,True,,44.05233383178711,51.53734970092773,41.168235778808594,36.274749755859375,44.490753173828125,51.9482421875
AL082025:geo:138347df55e3a589,AL082025,Humberto,val,2025-09-29 17:00:19+00:00,60.01394146481482,4,True,,43.856666564941406,51.34098434448242,40.0966682434082,36.50267791748047,44.16619873046875,51.724266052246094
AL082025:geo:62679d65d6b90506,AL082025,Humberto,val,2025-09-29 17:10:19+00:00,59.871040353703705,4,True,,43.71440887451172,51.19794464111328,40.55952072143555,36.82566833496094,44.13418960571289,51.16976547241211
AL082025:geo:00b04d78164499e3,AL082025,Humberto,val,2025-09-29 17:20:19+00:00,59.7281392425926,4,True,,43.57488250732422,51.05770111083984,40.69397735595703,37.18916702270508,44.424293518066406,50.4417839050293
AL082025:geo:02dca52ed87f3389,AL082025,Humberto,val,2025-09-29 17:30:19+00:00,59.58523813148148,4,True,,43.468505859375,50.950496673583984,41.07072067260742,37.74422836303711,45.3536376953125,50.38434982299805
AL082025:geo:ce0ab1889bd2010b,AL082025,Humberto,val,2025-09-29 17:40:19+00:00,59.44233702037037,4,True,,43.7674560546875,51.248497009277344,41.77510833740234,38.0847053527832,46.07826614379883,50.58609008789063
AL082025:geo:d09e34061524fa41,AL082025,Humberto,val,2025-09-29 17:50:19+00:00,59.29943590925926,4,True,,44.09490966796875,51.57513427734375,42.26225280761719,38.40719604492188,46.6768684387207,48.5298957824707
AL082025:geo:8a3fdc368a5a5e12,AL082025,Humberto,val,2025-09-29 18:00:19+00:00,59.15472471740741,4,True,,44.49350738525391,51.97303009033203,42.20229721069336,38.57783126831055,47.00235748291016,44.66376876831055
AL082025:geo:6aca498f176da2f3,AL082025,Humberto,val,2025-09-29 18:10:19+00:00,58.954663161851855,4,True,,44.92982482910156,52.4085693359375,42.181976318359375,38.69722366333008,47.4686164855957,42.54676818847656
AL082025:geo:fd83233833be5b9f,AL082025,Humberto,val,2025-09-29 18:20:19+00:00,58.7546016062963,4,True,,45.30670166015625,52.78463745117188,42.46910095214844,38.85543823242188,47.814064025878906,44.042259216308594
AL082025:geo:397b0f26126cd01b,AL082025,Humberto,val,2025-09-29 18:30:19+00:00,58.55454005074074,4,True,,45.59390640258789,53.07109069824219,41.57088088989258,38.92987823486328,47.78942489624024,41.29805755615234
AL082025:geo:7f83e8f6670e0ba7,AL082025,Humberto,val,2025-09-29 18:40:19+00:00,58.354478495185184,4,True,,45.70866394042969,53.18516159057617,41.90330123901367,38.979488372802734,47.62391662597656,42.73822784423828
AL082025:geo:a89511ece2c80dcc,AL082025,Humberto,val,2025-09-29 18:50:19+00:00,58.154416939629634,4,True,,45.46419525146485,52.94020462036133,42.43357849121094,39.046630859375,47.55574417114258,43.37809753417969
AL082025:geo:ce5770a6314443ba,AL082025,Humberto,val,2025-09-29 19:00:19+00:00,57.95435538407408,3,True,,45.29083251953125,52.76680755615234,42.26781463623047,38.96749496459961,46.85193634033203,42.977420806884766
AL082025:geo:d5980918f20182be,AL082025,Humberto,val,2025-09-29 19:10:19+00:00,57.75429382851852,3,True,,44.98511505126953,52.46099853515625,42.639404296875,38.659969329833984,45.63417816162109,42.847694396972656
AL082025:geo:07eb23d631257d73,AL082025,Humberto,val,2025-09-29 19:20:19+00:00,57.55423227296296,3,True,,44.641937255859375,52.11791229248047,42.6142692565918,37.96911239624024,44.07929611206055,42.66070938110352
AL082025:geo:ad39f3fb616c1a1b,AL082025,Humberto,val,2025-09-29 19:30:19+00:00,57.354170717407406,3,True,,44.281620025634766,51.75776672363281,42.2191047668457,37.5423583984375,43.11601638793945,46.48062515258789
AL082025:geo:2d427552bc367b71,AL082025,Humberto,val,2025-09-29 19:40:19+00:00,57.154109161851856,3,True,,43.90659332275391,51.38304901123047,43.147560119628906,37.1314697265625,42.88692092895508,46.15576934814453
AL082025:geo:a606a54ab36cfb6d,AL082025,Humberto,val,2025-09-29 19:50:19+00:00,56.95404760629629,3,True,,43.51705932617188,50.993934631347656,44.58050537109375,37.158973693847656,43.23556900024414,48.38394165039063
AL082025:geo:9ac2363718511eb8,AL082025,Humberto,val,2025-09-29 20:00:19+00:00,56.75398605074074,3,True,,43.30006790161133,50.77737045288086,45.45909118652344,36.52322769165039,40.25090408325195,48.3738899230957
AL082025:geo:b1de54fe7725114d,AL082025,Humberto,val,2025-09-29 20:10:19+00:00,56.55392449518519,3,True,,43.09437942504883,50.57188415527344,47.01352691650391,36.21453857421875,37.19514465332031,49.25241088867188
AL082025:geo:9b82f538e80a95a3,AL082025,Humberto,val,2025-09-29 20:20:19+00:00,56.35386293962963,3,True,,42.4123420715332,49.890018463134766,48.48387145996094,35.10824203491211,36.47048568725586,47.68738555908203
AL082025:geo:19d1003f0914390e,AL082025,Humberto,val,2025-09-29 20:30:19+00:00,56.15380138407408,3,True,,41.832767486572266,49.31034851074219,50.01884841918945,34.687477111816406,36.83869934082031,46.31343460083008
AL082025:geo:b0b064f79b83603b,AL082025,Humberto,val,2025-09-29 20:40:19+00:00,55.95373982851852,3,True,,41.04765319824219,48.52500915527344,50.56525421142578,34.14170455932617,35.703914642333984,42.799354553222656
AL082025:geo:bb8727c7832a1250,AL082025,Humberto,val,2025-09-29 20:50:19+00:00,55.753678272962965,3,True,,40.572227478027344,48.049224853515625,51.811031341552734,33.69132232666016,34.70268249511719,40.23641586303711
AL082025:geo:e0325223ab68bdb3,AL082025,Humberto,val,2025-09-29 21:00:19+00:00,55.55271167703704,3,True,,41.26933288574219,48.7469596862793,42.206809997558594,33.42461013793945,33.35732650756836,38.89956283569336
AL082025:geo:79a52ba75c5fbd0f,AL082025,Humberto,val,2025-09-29 21:10:19+00:00,55.324069899259264,3,True,,41.22843933105469,48.70567321777344,41.81591033935547,33.63932800292969,34.753841400146484,35.9005126953125
AL082025:geo:51055169cc966e2e,AL082025,Humberto,val,2025-09-29 21:20:19+00:00,55.09542812148148,3,True,,41.40089416503906,48.87746047973633,41.133907318115234,33.59413528442383,35.34416961669922,37.08823394775391
AL082025:geo:4dcbdd4bc394a873,AL082025,Humberto,val,2025-09-29 21:30:19+00:00,54.86678634370371,3,True,,41.741355895996094,49.21762466430664,40.57353210449219,33.5916633605957,38.87531280517578,40.0844955444336
AL082025:geo:02d4e00281aa5a17,AL082025,Humberto,val,2025-09-29 21:40:19+00:00,54.63814456592593,3,True,,41.922096252441406,49.39778900146485,41.28303527832031,33.66571044921875,41.36101531982422,38.778995513916016
AL082025:geo:92adec4bc8559e36,AL082025,Humberto,val,2025-09-29 21:50:19+00:00,54.40950278814815,3,True,,42.125370025634766,49.600807189941406,42.20662689208984,33.27750015258789,39.22251510620117,35.646507263183594
AL082025:geo:e76be29cb7158009,AL082025,Humberto,val,2025-09-29 22:00:19+00:00,54.18086101037037,3,True,,42.3144760131836,49.79020309448242,40.473777770996094,31.811559677124023,37.91167449951172,32.634132385253906
AL082025:geo:e3ca5949c1b59f13,AL082025,Humberto,val,2025-09-29 22:10:19+00:00,53.95221923259259,3,True,,42.18460464477539,49.66061401367188,39.58710861206055,30.03057098388672,33.515018463134766,33.27433013916016
AL082025:geo:2f27899efab403be,AL082025,Humberto,val,2025-09-29 22:20:19+00:00,53.723577454814816,3,True,,42.10103988647461,49.57710647583008,39.34921646118164,28.84523582458496,31.29727935791016,37.93321228027344
AL082025:geo:b7728cdaaecf5c26,AL082025,Humberto,val,2025-09-29 22:30:19+00:00,53.49493567703704,3,True,,41.9594612121582,49.43556213378906,38.61900329589844,27.75868797302246,29.583765029907227,38.40303421020508
AL082025:geo:9cd2f0c0c8f9e48e,AL082025,Humberto,val,2025-09-29 22:40:19+00:00,53.26629389925926,3,True,,41.85890197753906,49.33514404296875,38.03850936889648,27.113922119140625,28.601736068725582,34.47771453857422
AL082025:geo:24f2bad5940c735a,AL082025,Humberto,val,2025-09-29 22:50:19+00:00,53.037652121481486,3,True,,41.99079132080078,49.46688079833984,37.64242935180664,26.565338134765625,28.071218490600582,30.238927841186523
AL082025:geo:0fb9fd96f33bd43d,AL082025,Humberto,val,2025-09-29 23:00:19+00:00,52.8090103437037,3,True,,41.85429000854492,49.33000183105469,37.42417907714844,26.31897735595703,28.0454044342041,27.933578491210938
AL082025:geo:708ccac81a753f85,AL082025,Humberto,val,2025-09-29 23:10:19+00:00,52.58036856592593,3,True,,41.680572509765625,49.15571975708008,37.937347412109375,26.4041805267334,28.33509063720703,27.67787170410156
AL082025:geo:5c15a0a5167e0b14,AL082025,Humberto,val,2025-09-29 23:20:19+00:00,52.35172678814815,3,True,,41.77684783935547,49.25145721435547,38.15703582763672,26.318744659423828,28.22231674194336,27.83414649963379
AL082025:geo:38d72706e47a22f8,AL082025,Humberto,val,2025-09-29 23:30:19+00:00,52.12308501037037,3,True,,41.6916389465332,49.16598510742188,38.74361038208008,26.0837345123291,27.988847732543945,29.236173629760746
AL082025:geo:4ba29362dd52ea13,AL082025,Humberto,val,2025-09-29 23:40:19+00:00,51.89444323259259,3,True,,41.3665885925293,48.84081268310547,38.31044006347656,25.45501136779785,27.26386451721192,30.04210662841797
AL082025:geo:8fbd0431e227506b,AL082025,Humberto,val,2025-09-29 23:50:19+00:00,51.66580145481482,3,True,,41.107872009277344,48.582176208496094,37.49557495117188,24.95230865478516,26.72279930114746,28.963245391845703
AL082025:geo:31e96b3ad37537b4,AL082025,Humberto,val,2025-09-30 00:00:19+00:00,51.43987479814815,3,True,,41.11589813232422,48.5903205871582,37.94618225097656,24.793630599975582,26.573978424072266,29.56833267211914
AL082025:geo:06e3c33ae6c747c2,AL082025,Humberto,val,2025-09-30 00:10:19+00:00,51.29697368703704,3,True,,41.695777893066406,49.170597076416016,38.013450622558594,25.14462661743164,26.798450469970703,27.707279205322266
AL082025:geo:80aaf293a39893e0,AL082025,Humberto,val,2025-09-30 00:20:19+00:00,51.15407257592592,3,True,,42.25749588012695,49.73245620727539,38.28691864013672,25.32814216613769,26.923791885375977,27.92089462280273
AL082025:geo:1177e17692129a2b,AL082025,Humberto,val,2025-09-30 00:30:19+00:00,51.011171464814815,3,True,,42.470008850097656,49.944854736328125,37.95835876464844,25.08635902404785,26.47568702697754,27.069656372070312
AL082025:geo:7c7a4ebc8447cfe1,AL082025,Humberto,val,2025-09-30 00:40:19+00:00,50.8682703537037,3,True,,42.12871551513672,49.60347366333008,37.88288879394531,24.727876663208008,25.639875411987305,26.623878479003903
AL082025:geo:43a822b4e0fcda6a,AL082025,Humberto,val,2025-09-30 00:50:19+00:00,50.72536924259259,3,True,,41.75764846801758,49.23223114013672,38.466285705566406,24.147890090942383,24.793825149536133,26.63978385925293
AL082025:geo:b4d26800515c926f,AL082025,Humberto,val,2025-09-30 01:00:19+00:00,50.58246813148148,3,True,,40.7832145690918,48.08742904663086,38.85997009277344,23.82964134216309,24.325305938720703,27.224809646606445
AL082025:geo:7e0ec7d7e94bfd97,AL082025,Humberto,val,2025-09-30 01:10:19+00:00,50.439567020370376,3,True,,39.61464691162109,43.083099365234375,39.89692306518555,23.558048248291016,23.906402587890625,27.583690643310547
AL082025:geo:1665bcb0f37d6034,AL082025,Humberto,val,2025-09-30 01:20:19+00:00,50.29666590925926,3,True,,38.65837097167969,40.23644256591797,39.955543518066406,22.97225379943848,23.08310317993164,25.647823333740234
AL082025:geo:8ecd0ad37f231f16,AL082025,Humberto,val,2025-09-30 01:30:19+00:00,50.15376479814815,3,True,,37.57353210449219,38.5408821105957,40.19106674194336,21.900184631347656,22.02091217041016,24.47382926940918
AL082025:geo:e10bfd72c11d0879,AL082025,Humberto,val,2025-09-30 01:40:19+00:00,50.010863687037045,3,True,,35.83319091796875,36.30094528198242,40.88411712646485,21.09911727905273,21.41349029541016,23.62610244750977
AL082025:geo:319a0c434f303395,AL082025,Humberto,val,2025-09-30 01:50:19+00:00,49.86796257592593,3,True,,35.76225662231445,36.150352478027344,40.60871887207031,20.84099769592285,21.16695022583008,23.4307918548584
AL082025:geo:e82e3d540d9f1ca5,AL082025,Humberto,val,2025-09-30 02:00:19+00:00,49.72506146481482,3,True,,35.15267562866211,35.503543853759766,39.09984970092773,20.413822174072266,20.79391098022461,23.66289329528809
AL082025:geo:8cdb6c82731fb084,AL082025,Humberto,val,2025-09-30 02:10:19+00:00,49.582160353703706,3,True,,33.827545166015625,34.12472152709961,37.63400268554688,19.84561347961425,20.311182022094727,23.416223526000977
AL082025:geo:e314fd95afaa8d3a,AL082025,Humberto,val,2025-09-30 02:20:19+00:00,49.4392592425926,3,True,,33.89128112792969,34.059844970703125,38.36845397949219,20.493953704833984,20.99182891845703,23.30142974853516
AL082025:geo:f6edc6b9de20e845,AL082025,Humberto,val,2025-09-30 02:30:19+00:00,49.29635813148148,2,True,,34.23332595825195,34.40032196044922,39.09383392333984,21.01078224182129,21.48077774047852,23.342708587646484
AL082025:geo:e0ce7a3c820aff4c,AL082025,Humberto,val,2025-09-30 02:40:19+00:00,49.153457020370375,2,True,,34.765743255615234,35.06845474243164,40.173377990722656,21.44271850585937,21.961837768554688,23.99210548400879
AL082025:geo:9c57631c142e4a82,AL082025,Humberto,val,2025-09-30 02:50:19+00:00,49.01055590925926,2,True,,35.31666564941406,35.955047607421875,40.75331115722656,21.82022285461425,22.402549743652344,25.388139724731445
AL082025:geo:d8a153fdf873921c,AL082025,Humberto,val,2025-09-30 03:00:19+00:00,48.86765479814815,2,True,,34.943702697753906,35.89363479614258,34.951255798339844,22.19160461425781,22.8630599975586,25.2866153717041
AL082025:geo:412cc2b71e893a2c,AL082025,Humberto,val,2025-09-30 03:10:19+00:00,48.72475368703704,2,True,,35.4528694152832,35.836891174316406,35.83161163330078,22.340621948242188,23.01862525939941,25.15939712524414
AL082025:geo:48c9ba9d86a78b5a,AL082025,Humberto,val,2025-09-30 03:20:19+00:00,48.58185257592593,2,True,,36.15867614746094,36.28841781616211,36.565879821777344,22.82901763916016,23.558570861816406,24.64876365661621
AL082025:geo:fb557dcdca86a28d,AL082025,Humberto,val,2025-09-30 03:30:19+00:00,48.43895146481482,2,True,,37.29974365234375,37.44475173950195,37.65952682495117,23.61734199523925,24.403549194335938,23.464031219482425
AL082025:geo:ba9b9dc420ab4041,AL082025,Humberto,val,2025-09-30 03:40:19+00:00,48.296050353703706,2,True,,38.321590423583984,38.6552734375,38.900634765625,24.30107879638672,25.14999389648437,23.52053451538086
AL082025:geo:ac2045208556733b,AL082025,Humberto,val,2025-09-30 03:50:19+00:00,48.1531492425926,2,True,,39.36748123168945,39.94572830200195,40.38938903808594,24.923545837402344,26.058115005493164,23.651588439941406
AL082025:geo:8509fd205eb5e04c,AL082025,Humberto,val,2025-09-30 04:00:19+00:00,48.01024813148148,2,True,,40.27451705932617,41.20947647094727,41.29682159423828,25.49234199523925,27.018911361694336,23.731863021850582
AL082025:geo:98519b47f2e47a3a,AL082025,Humberto,val,2025-09-30 04:10:19+00:00,47.86734702037037,2,True,,40.60505676269531,42.32978820800781,42.29733276367188,26.07977867126465,27.973913192749023,23.931421279907227
AL082025:geo:3dbef9a763dc29cf,AL082025,Humberto,val,2025-09-30 04:20:19+00:00,47.72444590925926,2,True,,40.31890869140625,43.47505569458008,43.040489196777344,26.578760147094727,28.583696365356445,24.08669853210449
AL082025:geo:c589d7344279e8e1,AL082025,Humberto,val,2025-09-30 04:30:19+00:00,47.58154479814815,2,True,,39.98066711425781,45.280609130859375,42.28409194946289,27.02217102050781,29.165895462036133,24.555923461914062
AL082025:geo:e8989d2ee93e0108,AL082025,Humberto,val,2025-09-30 04:40:19+00:00,47.43864368703704,2,True,,39.637481689453125,47.0412712097168,41.97831726074219,27.52201271057129,29.884593963623047,24.768648147583008
AL082025:geo:c97f5e9374041dd1,AL082025,Humberto,val,2025-09-30 04:50:19+00:00,47.29574257592593,2,True,,39.382022857666016,46.851593017578125,42.3753547668457,28.302770614624023,31.00341415405273,24.825925827026367
AL082025:geo:9a0eac13fafdf760,AL082025,Humberto,val,2025-09-30 05:00:19+00:00,47.15284146481482,2,True,,39.71099472045898,47.18034744262695,41.904388427734375,29.117908477783203,32.11712646484375,24.67963600158692
AL082025:geo:4aade753a104ddb0,AL082025,Humberto,val,2025-09-30 05:10:19+00:00,47.009940353703705,2,True,,40.0446891784668,47.4755744934082,41.61188888549805,29.416751861572266,32.392120361328125,24.371845245361328
AL082025:geo:b0925b05e16ad9cb,AL082025,Humberto,val,2025-09-30 05:20:19+00:00,46.8670392425926,2,True,,40.24771499633789,47.10923385620117,41.36688995361328,29.35079002380371,32.46764373779297,24.72989082336425
AL082025:geo:14351c08641c65b0,AL082025,Humberto,val,2025-09-30 05:30:19+00:00,46.72413813148148,2,True,,40.567752838134766,47.13300323486328,41.878448486328125,28.99922752380371,32.061946868896484,24.46260452270508
AL082025:geo:eb3c246690969c4b,AL082025,Humberto,val,2025-09-30 05:40:19+00:00,46.58123702037037,2,True,,40.66908645629883,45.4432487487793,42.33233642578125,28.951290130615234,32.04912185668945,24.428800582885746
AL082025:geo:3c3cda7ba6d33d8b,AL082025,Humberto,val,2025-09-30 05:50:19+00:00,46.43833590925926,2,True,,40.45174407958984,43.87078094482422,42.41815948486328,28.85177421569824,31.962888717651367,24.674034118652344
AL082025:geo:5e680b230627f475,AL082025,Humberto,val,2025-09-30 06:00:19+00:00,46.290909596296295,2,True,,39.87822341918945,41.63369369506836,42.19731903076172,28.69572257995605,31.627927780151367,24.33670425415039
AL082025:geo:18ee1ed45c293790,AL082025,Humberto,val,2025-09-30 06:10:19+00:00,46.00510737407407,2,True,,39.52375030517578,39.86590576171875,41.67024993896485,28.527755737304688,31.23391342163086,24.281513214111328
AL082025:geo:6670700acb748eaf,AL082025,Humberto,val,2025-09-30 06:20:19+00:00,45.71930515185185,2,True,,38.673439025878906,38.28966522216797,41.55792617797852,28.149702072143555,30.65763092041016,24.386606216430664
AL082025:geo:2d16b4625c1ae45c,AL082025,Humberto,val,2025-09-30 06:30:19+00:00,45.433502929629626,2,True,,37.67479705810547,37.019378662109375,41.9524040222168,27.858667373657227,30.3681640625,24.371479034423828
AL082025:geo:f2c44bd9e691f74e,AL082025,Humberto,val,2025-09-30 06:40:19+00:00,45.1477007074074,2,True,,36.32770538330078,35.596046447753906,42.351261138916016,27.276256561279297,29.62121963500977,23.938798904418945
AL082025:geo:bebfabeae60f9e23,AL082025,Humberto,val,2025-09-30 06:50:19+00:00,44.86189848518519,2,True,,35.23271560668945,34.518436431884766,42.33012771606445,26.711137771606445,29.00082969665528,23.69090843200684
AL082025:geo:b0a4bf1ea5458910,AL082025,Humberto,val,2025-09-30 07:00:19+00:00,44.57609626296296,2,True,,34.273799896240234,33.5930290222168,42.03168869018555,25.872774124145508,27.425676345825195,23.39643859863281
AL082025:geo:46381c81111158d8,AL082025,Humberto,val,2025-09-30 07:10:19+00:00,44.29029404074075,2,True,,33.363487243652344,32.761131286621094,41.12059783935547,24.894672393798828,26.175235748291016,23.33367729187012
AL082025:geo:9c2cd0a1ecddc133,AL082025,Humberto,val,2025-09-30 07:20:19+00:00,44.00449181851853,2,True,,32.89749526977539,32.36347961425781,40.39680099487305,24.175277709960938,25.360445022583008,23.105144500732425
AL082025:geo:58fe3fc3410e51a8,AL082025,Humberto,val,2025-09-30 07:30:19+00:00,43.7186895962963,2,True,,32.41805648803711,31.97431945800781,39.95835113525391,23.27588653564453,24.423059463500977,22.94278335571289
AL082025:geo:e3b15e1d33c1cbe8,AL082025,Humberto,val,2025-09-30 07:40:19+00:00,43.43288737407408,2,True,,32.332740783691406,31.968372344970703,39.65549087524414,22.693431854248047,23.866500854492188,22.70696449279785
AL082025:geo:99798ec8b3d20572,AL082025,Humberto,val,2025-09-30 07:50:19+00:00,43.147085151851854,2,True,,32.792991638183594,32.521053314208984,39.7392692565918,22.14529228210449,23.384960174560547,22.71100616455078
AL082025:geo:45cceab33aeb2544,AL082025,Humberto,val,2025-09-30 08:00:19+00:00,42.86128292962963,2,True,,33.053810119628906,32.87841033935547,39.62583923339844,21.88207626342773,23.212841033935547,22.727907180786133
AL082025:geo:5023cee0d45adf92,AL082025,Humberto,val,2025-09-30 08:10:19+00:00,42.57548070740741,1,True,,33.185768127441406,33.120086669921875,39.68409729003906,21.31612014770508,22.746097564697266,22.824602127075195
AL082025:geo:6d52e650d4df84b0,AL082025,Humberto,val,2025-09-30 08:20:19+00:00,42.28967848518519,1,True,,33.05754852294922,33.11265563964844,39.58663177490234,20.59937858581543,22.15291213989257,22.87287330627441
AL082025:geo:9663b8051ecbfb00,AL082025,Humberto,val,2025-09-30 08:30:19+00:00,42.00387626296297,1,True,,32.9469108581543,33.14160919189453,39.21869659423828,20.02237892150879,21.700258255004883,22.792068481445312
AL082025:geo:e021272ce7bd9968,AL082025,Humberto,val,2025-09-30 08:40:19+00:00,41.718074040740746,1,True,,32.868927001953125,33.239383697509766,38.6728630065918,19.512359619140625,21.313566207885746,22.44518280029297
AL082025:geo:2ac9c016ee4104b9,AL082025,Humberto,val,2025-09-30 08:50:19+00:00,41.43227181851852,1,True,,32.773414611816406,33.362937927246094,38.65519714355469,19.05723571777344,20.98231315612793,22.181228637695312
AL082025:geo:2e064ab24ba652f1,AL082025,Humberto,val,2025-09-30 09:00:19+00:00,41.1464695962963,1,True,,32.70818328857422,33.27033996582031,35.05823516845703,18.418115615844727,20.498720169067383,21.931615829467773
AL082025:geo:9165e3ce2db13d50,AL082025,Humberto,val,2025-09-30 09:10:19+00:00,40.86066737407408,1,True,,32.68207550048828,33.274017333984375,34.10572814941406,17.934206008911133,20.168657302856445,21.754846572875977
AL082025:geo:f03b24d9a93b8fa1,AL082025,Humberto,val,2025-09-30 09:20:19+00:00,40.57486515185185,1,True,,32.82798767089844,33.457401275634766,33.96391677856445,17.92720603942871,20.308019638061523,21.68851852416992
AL082025:geo:6543db1b3a757db4,AL082025,Humberto,val,2025-09-30 09:30:19+00:00,40.28906292962963,1,True,,33.165897369384766,33.77134704589844,34.05086135864258,17.951650619506836,20.46793937683105,21.67968940734864
AL082025:geo:6c877cdd27eae675,AL082025,Humberto,val,2025-09-30 09:40:19+00:00,40.00326070740741,1,True,,33.64666748046875,34.194847106933594,33.88684844970703,17.96544075012207,20.594858169555664,21.61507225036621
AL082025:geo:277e4f70bfcee20f,AL082025,Humberto,val,2025-09-30 09:50:19+00:00,39.71745848518519,1,True,,34.24702453613281,34.73994064331055,33.9617919921875,18.04437828063965,20.76492118835449,21.614463806152344
AL082025:geo:2fe0c464f691efd9,AL082025,Humberto,val,2025-09-30 10:00:19+00:00,39.43165626296297,1,True,,34.91055679321289,35.34430313110352,33.806617736816406,18.16896247863769,20.97261619567871,21.677833557128903
AL082025:geo:1ad146ea8b47ba9f,AL082025,Humberto,val,2025-09-30 10:10:19+00:00,39.14585404074074,1,True,,35.507720947265625,35.874855041503906,33.74284744262695,18.2264461517334,21.107799530029297,21.838911056518555
AL082025:geo:b7eda6816b71a308,AL082025,Humberto,val,2025-09-30 10:20:19+00:00,38.86005181851852,1,True,,35.94264602661133,36.23587417602539,33.84513854980469,18.296077728271484,21.268672943115234,22.059654235839844
AL082025:geo:97e01399535ce64c,AL082025,Humberto,val,2025-09-30 10:30:19+00:00,38.5742495962963,1,True,,36.29943084716797,36.52250671386719,34.05780029296875,18.1923770904541,21.236188888549805,22.280473709106445
AL082025:geo:c9a23b16da1eaf23,AL082025,Humberto,val,2025-09-30 10:40:19+00:00,38.28844737407408,1,True,,36.37324523925781,36.53435134887695,34.59376525878906,17.58182144165039,20.67844009399414,22.676971435546875
AL082025:geo:b4a497f26ce303dc,AL082025,Humberto,val,2025-09-30 11:00:22+00:00,37.715413918518514,1,True,,36.15121078491211,36.17697525024414,34.79454040527344,16.7268009185791,19.851417541503903,23.442569732666016
AL082025:geo:a2b54371b05f50f1,AL082025,Humberto,val,2025-09-30 11:10:22+00:00,37.4296116962963,1,True,,36.24591827392578,36.2194709777832,34.89306640625,16.495967864990234,19.600719451904297,23.536609649658203
AL082025:geo:1d2b89d2dac1f3b7,AL082025,Humberto,val,2025-09-30 11:20:22+00:00,37.14380947407408,1,True,,36.32852935791016,36.26017379760742,34.72418212890625,16.273069381713867,19.35734939575196,23.270551681518555
AL082025:geo:b392639a45e51245,AL082025,Humberto,val,2025-09-30 11:30:22+00:00,36.85800725185185,1,True,,36.620567321777344,36.51995849609375,34.72194290161133,15.924245834350586,18.997520446777344,23.02083206176757
AL082025:geo:e5e662a535cdb5f7,AL082025,Humberto,val,2025-09-30 11:40:22+00:00,36.57220502962963,1,True,,37.02996063232422,36.90541458129883,35.185943603515625,15.816625595092772,18.86861991882324,22.678207397460938
AL082025:geo:9070b796af420d88,AL082025,Humberto,val,2025-09-30 11:50:22+00:00,36.286402807407406,1,True,,37.54328155517578,37.40026092529297,35.97608184814453,15.619071006774902,18.64797782897949,22.439775466918945
AL082025:geo:8d451ba23d5efcfa,AL082025,Humberto,val,2025-09-30 12:00:20+00:00,36.01108,1,True,,37.69272994995117,37.5291633605957,36.82476425170898,15.28266716003418,18.26372528076172,22.43006134033203
AL082025:geo:de2b75a1bda78214,AL082025,Humberto,val,2025-09-30 12:10:20+00:00,36.01108,1,True,,36.95071792602539,36.75626754760742,38.5809326171875,15.543636322021484,18.475736618041992,22.64374351501465
AL082025:geo:b76a8ba6f6f23822,AL082025,Humberto,val,2025-09-30 12:20:20+00:00,36.01108,1,True,,35.553462982177734,35.31045913696289,40.3618392944336,16.076101303100586,18.984596252441406,22.3599796295166
AL082025:geo:d0e41298eaa91e45,AL082025,Humberto,val,2025-09-30 12:30:20+00:00,36.01108,1,True,,34.14862823486328,33.845794677734375,41.117652893066406,17.808788299560547,20.661365509033203,22.69989967346192
AL082025:geo:be3fb823ee5ae238,AL082025,Humberto,val,2025-09-30 12:40:20+00:00,36.01108,1,True,,32.35422134399414,31.988969802856445,40.37610626220703,17.415374755859375,20.19806289672852,23.40264129638672
AL082025:geo:e29064a1dd84a106,AL082025,Humberto,val,2025-09-30 12:50:20+00:00,36.01108,1,True,,32.07292175292969,31.652257919311523,42.6446533203125,16.12919807434082,18.854585647583008,22.88887596130371
AL082025:geo:2c2ab9d3cfce288f,AL082025,Humberto,val,2025-09-30 13:00:20+00:00,36.01108,1,True,,33.17677688598633,32.70872116088867,43.453880310058594,16.472885131835938,19.06795692443848,22.77630424499512
AL082025:geo:25916ef526824d40,AL082025,Humberto,val,2025-09-30 13:10:20+00:00,36.01108,1,True,,33.731876373291016,33.220970153808594,42.38521194458008,17.124160766601562,19.603296279907227,23.4226188659668
AL082025:geo:980855f5baff0409,AL082025,Humberto,val,2025-09-30 13:20:20+00:00,36.01108,1,True,,33.8397216796875,33.28699493408203,42.69072341918945,17.7735595703125,20.13660430908203,23.13075065612793
AL082025:geo:bded51a66e8201f6,AL082025,Humberto,val,2025-09-30 13:30:20+00:00,36.01108,1,True,,34.017696380615234,33.42869186401367,42.36894607543945,18.323389053344727,20.54319953918457,23.221416473388672
AL082025:geo:2016973c992e8ce9,AL082025,Humberto,val,2025-09-30 13:40:20+00:00,36.01108,1,True,,34.497955322265625,33.890628814697266,42.43519973754883,18.899259567260746,20.99348831176757,24.03673553466797
AL082025:geo:7a58ed0a64e72f5d,AL082025,Humberto,val,2025-09-30 13:50:20+00:00,36.01108,1,True,,35.28092956542969,34.67539596557617,41.02508163452149,19.644569396972656,21.70270538330078,24.087247848510746
AL082025:geo:887f65485a121424,AL082025,Humberto,val,2025-09-30 14:00:20+00:00,36.01108,1,True,,35.89707946777344,35.32640075683594,41.06199645996094,20.50800132751465,22.64155960083008,23.632463455200195
AL082025:geo:899abdf6f4e1aa55,AL082025,Humberto,val,2025-09-30 14:10:20+00:00,36.01108,1,True,,36.18598556518555,35.69379425048828,41.20222473144531,21.180089950561523,23.46894836425781,23.735078811645508
AL082025:geo:e616e4ee6db829be,AL082025,Humberto,val,2025-09-30 14:20:20+00:00,36.01108,1,True,,36.54890060424805,36.201881408691406,40.68509292602539,21.79021453857422,24.2906436920166,24.88044166564941
AL082025:geo:39485bf6c6b64133,AL082025,Humberto,val,2025-09-30 14:30:20+00:00,36.01108,1,True,,36.87173080444336,36.76657104492188,40.50761795043945,22.383209228515625,24.805429458618164,24.690895080566406
AL082025:geo:ca616b2ecb6fdda2,AL082025,Humberto,val,2025-09-30 14:40:20+00:00,36.01108,1,True,,36.8449821472168,36.98966217041016,40.33480453491211,22.85689163208008,24.661762237548828,24.069616317749023
AL082025:geo:cbbf081d1a3abd53,AL082025,Humberto,val,2025-09-30 14:50:20+00:00,36.01108,1,True,,36.53089141845703,36.69341659545898,39.99786376953125,23.53127861022949,25.049768447875977,24.05848693847656
AL082025:geo:d4e552e6c015f0b5,AL082025,Humberto,val,2025-09-30 15:00:20+00:00,36.01108,1,True,,36.36338806152344,36.415157318115234,46.29205322265625,24.246091842651367,25.695232391357425,24.79148292541504
AL082025:geo:a12e66cb0e118cb2,AL082025,Humberto,val,2025-09-30 15:10:20+00:00,36.01108,1,True,,36.00055694580078,35.937156677246094,46.47186279296875,24.785564422607425,26.219087600708008,25.195619583129883
AL082025:geo:dad4bfeda1abb95d,AL082025,Humberto,val,2025-09-30 15:20:20+00:00,36.01108,1,True,,35.542503356933594,35.38326644897461,46.40023040771485,25.48608016967773,26.97705841064453,25.43269920349121
AL082025:geo:b39bd904449f05fe,AL082025,Humberto,val,2025-09-30 15:30:20+00:00,36.01108,1,True,,34.99854278564453,34.76860046386719,46.44723129272461,26.08669090270996,27.47942352294922,25.27724266052246
AL082025:geo:e1dddba676a01652,AL082025,Humberto,val,2025-09-30 15:40:20+00:00,36.01108,1,True,,34.396766662597656,34.11088180541992,46.127559661865234,26.26261138916016,27.664690017700195,25.491600036621094
AL082025:geo:47c60afdaf550108,AL082025,Humberto,val,2025-09-30 15:50:20+00:00,36.01108,1,True,,33.93913269042969,33.62977981567383,45.79935073852539,25.652006149291992,26.8921127319336,25.381935119628903
AL082025:geo:7dd7a16980973ef1,AL082025,Humberto,val,2025-09-30 16:00:20+00:00,36.01108,1,True,,33.784969329833984,33.470638275146484,45.62049865722656,24.75725173950196,25.563232421875,25.143260955810547
AL082025:geo:2b423a89498b457f,AL082025,Humberto,val,2025-09-30 16:10:20+00:00,36.01108,1,True,,33.6226921081543,33.309364318847656,45.89753723144531,24.395814895629883,24.95110321044922,25.358226776123047
AL082025:geo:53b435c4222834a8,AL082025,Humberto,val,2025-09-30 16:20:20+00:00,36.01108,1,True,,33.44261169433594,33.140838623046875,46.00212097167969,24.504987716674805,25.14158058166504,25.378211975097656
AL082025:geo:36d54ce61d98804c,AL082025,Humberto,val,2025-09-30 16:30:20+00:00,36.01108,1,True,,33.205345153808594,32.905982971191406,45.33668518066406,24.806331634521484,25.56063461303711,25.58861351013184
AL082025:geo:8a3bcc6bd8547f45,AL082025,Humberto,val,2025-09-30 16:40:20+00:00,36.01108,1,True,,33.19851303100586,32.9109992980957,44.595497131347656,24.98178672790528,25.80944061279297,26.39003562927246
AL082025:geo:c0cf8561cac24cb7,AL082025,Humberto,val,2025-09-30 16:50:20+00:00,36.01108,1,True,,33.37882614135742,33.09625244140625,43.49790954589844,24.7414608001709,25.637773513793945,27.139385223388672
AL082025:geo:0cf68b430d234218,AL082025,Humberto,val,2025-09-30 17:00:20+00:00,36.01108,1,True,,33.46876525878906,33.179443359375,42.50870132446289,24.6348819732666,25.581268310546875,26.66328239440918
AL082025:geo:60b873b833c92ff3,AL082025,Humberto,val,2025-09-30 17:10:20+00:00,36.01108,1,True,,33.516090393066406,33.162864685058594,42.19862365722656,24.84848022460937,25.85771751403809,26.485876083374023
AL082025:geo:f4f74a4e10d83e7e,AL082025,Humberto,val,2025-09-30 17:20:20+00:00,36.01108,1,True,,33.490875244140625,33.05540084838867,41.571075439453125,24.915834426879883,26.07712173461914,26.098312377929688
AL082025:geo:271ec90e6b592b1b,AL082025,Humberto,val,2025-09-30 17:30:20+00:00,36.01108,1,True,,33.43209457397461,32.928443908691406,40.82378005981445,24.97496223449707,26.302806854248047,26.068256378173828
AL082025:geo:cdb92fbb7d519515,AL082025,Humberto,val,2025-09-30 17:40:20+00:00,36.01108,1,True,,33.397544860839844,32.84357070922852,40.68193054199219,24.70960998535156,26.09334754943848,26.2440185546875
AL082025:geo:74354ab91846a226,AL082025,Humberto,val,2025-09-30 17:50:20+00:00,36.01108,1,True,,33.3585090637207,32.761817932128906,40.70173263549805,24.24386405944824,25.55215072631836,27.157100677490234
AL082025:geo:bc071301c20f834b,AL082025,Humberto,val,2025-09-30 18:00:20+00:00,36.01108,1,True,,33.256935119628906,32.619972229003906,40.366817474365234,23.615907669067383,24.78130340576172,27.37786293029785
AL082025:geo:1aa042c334482043,AL082025,Humberto,val,2025-09-30 18:10:20+00:00,36.01108,1,True,,33.15544891357422,32.48762512207031,39.774864196777344,22.8345947265625,23.84117889404297,26.909162521362305
AL082025:geo:606514b4e2e1d605,AL082025,Humberto,val,2025-09-30 18:20:20+00:00,36.01108,1,True,,32.93641662597656,32.2414665222168,39.21894073486328,21.908985137939453,22.787748336791992,26.3496322631836
AL082025:geo:fa8376d106792cb5,AL082025,Humberto,val,2025-09-30 18:30:20+00:00,36.01108,1,True,,32.80082321166992,32.08463287353516,38.375972747802734,21.019939422607425,21.80956077575684,26.335912704467773
AL082025:geo:fddca2fb45d03500,AL082025,Humberto,val,2025-09-30 18:40:20+00:00,36.01108,1,True,,32.6435661315918,31.917207717895508,37.60729217529297,20.1251277923584,20.82254981994629,25.97680854797364
AL082025:geo:3469f21642b57438,AL082025,Humberto,val,2025-09-30 18:50:20+00:00,36.01108,1,True,,32.35294723510742,31.61576461791992,36.48554992675781,18.89954948425293,19.51862907409668,25.539108276367188
AL082025:geo:4390790827b50687,AL082025,Humberto,val,2025-09-30 19:00:20+00:00,36.01108,1,True,,32.24172592163086,31.495311737060547,35.64276885986328,18.99246025085449,19.60448837280273,24.99079322814941
AL082025:geo:6a84332bb61137cb,AL082025,Humberto,val,2025-09-30 19:10:20+00:00,36.01108,1,True,,32.1099967956543,31.352888107299805,34.72802734375,19.187488555908203,19.85211563110352,24.10239601135254
AL082025:geo:96e595dd170f54f3,AL082025,Humberto,val,2025-09-30 19:20:20+00:00,36.01108,1,True,,31.85531234741211,31.08901023864746,34.78360366821289,19.338623046875,20.046348571777344,23.731830596923828
AL082025:geo:be49f352bc971856,AL082025,Humberto,val,2025-09-30 19:30:20+00:00,36.01108,1,True,,31.547527313232425,30.77580451965332,36.249507904052734,19.196149826049805,19.92994499206543,23.632497787475582
AL082025:geo:915f569db9083791,AL082025,Humberto,val,2025-09-30 19:40:20+00:00,36.01108,1,True,,31.223670959472656,30.443035125732425,37.217620849609375,19.084392547607425,19.836599349975582,23.531312942504883
AL082025:geo:9f1b87d55a14eb6a,AL082025,Humberto,val,2025-09-30 19:50:20+00:00,36.01108,1,True,,31.31510162353516,30.525484085083008,37.543235778808594,19.121631622314453,19.895172119140625,23.87508583068848
AL082025:geo:ce121445bbc78bad,AL082025,Humberto,val,2025-09-30 20:00:20+00:00,36.01108,1,True,,31.85033416748047,31.048810958862305,39.05821990966797,19.25223731994629,20.052045822143555,25.196208953857425
AL082025:geo:24169d8520164cde,AL082025,Humberto,val,2025-09-30 20:10:20+00:00,36.01108,1,True,,32.135047912597656,31.32988166809082,38.83676910400391,19.35000801086425,20.168943405151367,25.62782287597656
AL082025:geo:429dee2bf53bca07,AL082025,Humberto,val,2025-09-30 20:20:20+00:00,36.01108,1,True,,32.23350143432617,31.43209648132324,38.87305450439453,19.23374366760254,20.062623977661133,25.32295227050781
AL082025:geo:93da3b8287d92f32,AL082025,Humberto,val,2025-09-30 20:30:20+00:00,36.01108,1,True,,32.19741439819336,31.41006851196289,38.666202545166016,18.787153244018555,19.62159919738769,25.741289138793945
AL082025:geo:85b872beb48ce9cc,AL082025,Humberto,val,2025-09-30 20:40:20+00:00,36.01108,1,True,,32.012115478515625,31.245485305786133,37.3973503112793,18.37568092346192,19.21637344360352,25.457279205322266
AL082025:geo:43cc9e17d714932b,AL082025,Humberto,val,2025-09-30 20:50:20+00:00,36.01108,1,True,,31.674972534179688,30.93676948547364,35.69104766845703,18.20464515686035,19.05847930908203,25.143762588500977
AL082025:geo:5663cab375c741ea,AL082025,Humberto,val,2025-09-30 21:00:20+00:00,36.01108,1,True,,27.005558013916016,26.811283111572266,33.50506591796875,18.00530433654785,18.88960838317871,24.99432182312012
AL082025:geo:5a64d17d5bd8a659,AL082025,Humberto,val,2025-09-30 21:10:20+00:00,36.01108,1,True,,27.16395568847656,26.98355484008789,32.804962158203125,17.595487594604492,18.536348342895508,24.50971794128418
AL082025:geo:9c553d836f53a13a,AL082025,Humberto,val,2025-09-30 21:20:20+00:00,36.01108,1,True,,27.29581451416016,27.12034034729004,32.42818069458008,17.10511016845703,18.097579956054688,23.843753814697266
AL082025:geo:c01b65de6a6bd0dd,AL082025,Humberto,val,2025-09-30 21:30:20+00:00,36.01108,1,True,,27.45001792907715,27.27569007873535,32.127899169921875,16.800949096679688,17.83159065246582,23.15303611755371
AL082025:geo:110599dd0560e6f3,AL082025,Humberto,val,2025-09-30 21:40:20+00:00,36.01108,1,True,,27.67221069335937,27.48524284362793,32.0997314453125,17.093637466430664,18.16630744934082,22.747100830078125
AL082025:geo:8e5fae3c73ea0f01,AL082025,Humberto,val,2025-09-30 21:50:20+00:00,36.01108,1,True,,28.088483810424805,27.88628387451172,32.08677291870117,17.446535110473633,18.558826446533203,22.518518447875977
AL082025:geo:e8017a91ae216c92,AL082025,Humberto,val,2025-09-30 22:00:20+00:00,36.01108,1,True,,28.64886474609375,28.42358589172364,31.939434051513672,17.854690551757812,19.005353927612305,22.32992935180664
AL082025:geo:0a17e61b2d1c64d0,AL082025,Humberto,val,2025-09-30 22:10:20+00:00,36.01108,1,True,,29.471519470214844,29.216381072998047,31.44363021850586,18.343101501464844,19.51932144165039,22.278467178344727
AL082025:geo:e7be434d0717494a,AL082025,Humberto,val,2025-09-30 22:20:20+00:00,36.01108,1,True,,30.079458236694336,29.781118392944336,30.99164581298828,18.34873962402344,19.527082443237305,22.197275161743164
AL082025:geo:8371099610c4aed1,AL082025,Humberto,val,2025-09-30 22:30:20+00:00,36.01108,1,True,,30.18538284301757,29.84981155395508,30.504854202270508,18.42800521850586,19.61260986328125,22.24787139892578
AL082025:geo:55bae7a9a8038e11,AL082025,Humberto,val,2025-09-30 22:40:20+00:00,36.01108,1,True,,30.03847885131836,29.663162231445312,30.448266983032227,18.729042053222656,19.90994644165039,22.24891471862793
AL082025:geo:1ca573585b427c54,AL082025,Humberto,val,2025-09-30 22:50:20+00:00,36.01108,1,True,,29.897106170654297,29.490737915039062,30.627410888671875,18.936527252197266,20.10647964477539,22.21171188354492
AL082025:geo:558e874786d062b2,AL082025,Humberto,val,2025-09-30 23:00:20+00:00,36.01108,1,True,,29.998931884765625,29.56431198120117,30.407712936401367,19.024423599243164,20.19408798217773,22.287139892578125
AL082025:geo:436232dfd499aa96,AL082025,Humberto,val,2025-09-30 23:10:20+00:00,36.01108,1,True,,29.8222885131836,29.354915618896484,30.965097427368164,19.201963424682617,20.374897003173828,22.31256484985352
AL082025:geo:351a1258e19cffe1,AL082025,Humberto,val,2025-09-30 23:20:20+00:00,36.01108,1,True,,29.47420883178711,28.99028968811035,31.36459732055664,19.45722961425781,20.64429473876953,22.294857025146484
AL082025:geo:b4d87f920bbf6636,AL082025,Humberto,val,2025-09-30 23:30:20+00:00,36.01108,1,True,,30.18086624145508,29.698442459106445,31.3564453125,19.670307159423828,20.885007858276367,22.28408432006836
AL082025:geo:d18184bf1782fc97,AL082025,Humberto,val,2025-09-30 23:40:20+00:00,36.01108,1,True,,30.708309173583984,30.26962280273437,30.97563743591309,20.26950454711914,21.544353485107425,22.30753898620605
AL082025:geo:703e54f6d90c8fe4,AL082025,Humberto,val,2025-09-30 23:50:20+00:00,36.01108,1,True,,30.98956680297852,30.61528968811035,30.970752716064453,20.84827041625977,22.19025993347168,22.434329986572266
AL082025:geo:77fd611c6728facd,AL082025,Humberto,val,2025-10-01 00:00:20+00:00,36.01108,1,True,,31.512393951416016,31.09368705749512,30.360132217407227,21.343027114868164,22.760692596435547,22.46770477294922
AL082025:geo:50eb507620f652a0,AL082025,Humberto,val,2025-10-01 00:10:20+00:00,36.01108,1,True,,31.86121368408203,31.40941047668457,29.940092086791992,21.82184791564941,23.30770492553711,22.624963760375977
AL082025:geo:2358cc1105188ea9,AL082025,Humberto,val,2025-10-01 00:30:20+00:00,36.01108,1,True,,32.196407318115234,31.684051513671875,30.587421417236328,22.959869384765625,24.619949340820312,22.70863342285156
AL082025:geo:f4b51c37fdc7f920,AL082025,Humberto,val,2025-10-01 00:40:20+00:00,36.01108,1,True,,32.050315856933594,31.53704833984375,31.31918716430664,23.54869270324707,25.325557708740234,22.67967414855957
AL082025:geo:be8d3b7eeb9738bb,AL082025,Humberto,val,2025-10-01 00:50:20+00:00,36.01108,1,True,,31.46605682373047,30.97709846496582,31.7630558013916,24.159069061279297,25.96433448791504,22.81132125854492
AL082025:geo:7349439b1892ca35,AL082025,Humberto,val,2025-10-01 01:00:20+00:00,36.01108,1,True,,30.577533721923828,30.128082275390625,31.800277709960938,24.45015525817871,26.0222282409668,22.75625228881836
AL082025:geo:145067bf94ab8cc4,AL082025,Humberto,val,2025-10-01 01:10:20+00:00,36.01108,1,True,,30.58780670166016,30.227754592895508,31.37384605407715,24.4824333190918,25.53089714050293,22.894939422607425
AL082025:geo:ab1a8f217d1ca5e1,AL082025,Humberto,val,2025-10-01 01:20:20+00:00,36.01108,1,True,,30.555492401123047,30.34206771850586,30.55131149291992,24.46467971801757,25.326066970825195,22.83152198791504
AL082025:geo:20edc08a1bd21499,AL082025,Humberto,val,2025-10-01 01:30:20+00:00,36.01108,1,True,,30.132701873779297,30.17751884460449,29.29623794555664,24.858667373657227,25.642797470092773,22.996944427490234
AL082025:geo:ff07b58be8fa8bd4,AL082025,Humberto,val,2025-10-01 01:40:20+00:00,36.01108,1,True,,28.91268539428711,29.322450637817383,29.61939239501953,25.523218154907227,26.03248405456543,23.17395782470703
AL082025:geo:1579c5fb210f91d9,AL082025,Humberto,val,2025-10-01 01:50:20+00:00,36.01108,1,True,,28.209453582763672,29.19427490234375,29.396873474121094,26.257041931152344,26.304458618164062,24.145597457885746
AL082025:geo:1c4d9b4024ef6c00,AL082025,Humberto,val,2025-10-01 02:00:20+00:00,36.01108,1,True,,28.48081970214844,31.12333869934082,29.292667388916016,27.308353424072266,26.558746337890625,26.762264251708984
AL082025:geo:abb62ec12cd85e5e,AL082025,Humberto,val,2025-10-01 02:10:20+00:00,36.01108,1,True,,28.755535125732425,32.79594421386719,29.03788948059082,28.3181209564209,27.01515388488769,27.069042205810547
AL082025:geo:22d721394377c08f,AL082025,Humberto,val,2025-10-01 02:20:20+00:00,36.01108,1,True,,29.05802154541016,32.42638397216797,28.816770553588867,29.074806213378903,27.61690139770508,26.47298622131348
AL082025:geo:ffd3b13e7b2b142e,AL082025,Humberto,val,2025-10-01 02:30:20+00:00,36.01108,1,True,,29.25718307495117,31.98415756225586,29.36497688293457,29.54133415222168,28.48788452148437,24.55303955078125
AL082025:geo:d1897449382034f7,AL082025,Humberto,val,2025-10-01 02:40:20+00:00,36.01108,1,True,,29.10311508178711,30.412988662719727,29.428430557250977,29.942981719970703,29.61828994750977,24.92713928222656
AL082025:geo:3dc7577d256f431c,AL082025,Humberto,val,2025-10-01 02:50:20+00:00,36.01108,1,True,,29.01572799682617,29.862722396850582,29.038009643554688,30.583383560180664,31.012845993041992,24.271541595458984
AL082025:geo:16462eb6f205cd76,AL082025,Humberto,val,2025-10-01 03:00:20+00:00,36.01108,1,True,,35.70610427856445,35.668094635009766,41.11168670654297,31.33075714111328,32.593772888183594,23.922229766845703
AL082025:geo:35370adca84c9c68,AL082025,Humberto,val,2025-10-01 03:10:20+00:00,36.01108,1,True,,35.514739990234375,35.83780288696289,43.46693801879883,31.68123245239257,33.8057975769043,23.796018600463867
AL082025:geo:0760440625013c97,AL082025,Humberto,val,2025-10-01 03:20:20+00:00,36.01108,1,True,,35.5254020690918,36.79936981201172,44.06315994262695,32.07597351074219,34.65128326416016,23.661306381225582
AL082025:geo:4d52650fe6f05e92,AL082025,Humberto,val,2025-10-01 03:30:20+00:00,36.01108,1,True,,36.2164421081543,39.00142288208008,42.39752197265625,32.65069580078125,35.8082389831543,24.26562690734864
AL082025:geo:a5a0f35038f5337e,AL082025,Humberto,val,2025-10-01 03:40:20+00:00,36.01108,1,True,,36.55410385131836,41.063697814941406,42.09666442871094,33.20028305053711,36.63246154785156,24.08812713623047
AL082025:geo:4a0e25d410bcc540,AL082025,Humberto,val,2025-10-01 03:50:20+00:00,36.01108,1,True,,36.70719146728516,43.29510116577149,45.26691436767578,33.4014778137207,36.83339691162109,26.450666427612305
AL082025:geo:92b8bb94a26f75a0,AL082025,Humberto,val,2025-10-01 04:00:20+00:00,36.01108,1,True,,36.59671401977539,44.07071685791016,44.59809112548828,33.634849548339844,37.30511093139648,28.44035720825196
AL082025:geo:828662011afdd14d,AL082025,Humberto,val,2025-10-01 04:10:20+00:00,36.01108,1,True,,36.766380310058594,44.260292053222656,42.28560256958008,33.7525520324707,38.160552978515625,30.44860076904297
AL082025:geo:eaf06118675fe4bf,AL082025,Humberto,val,2025-10-01 04:20:20+00:00,36.01108,1,True,,37.39688873291016,44.891483306884766,42.43695831298828,34.49568176269531,39.15728378295898,34.07074737548828
AL082025:geo:cee9a8f6ee7c6b05,AL082025,Humberto,val,2025-10-01 04:30:20+00:00,36.01108,1,True,,37.451927185058594,44.946903228759766,41.63628005981445,34.38646697998047,40.14440155029297,39.13454055786133
AL082025:geo:336fcbbff5f53f23,AL082025,Humberto,val,2025-10-01 04:40:20+00:00,36.01108,1,True,,37.8341178894043,45.328758239746094,41.20823287963867,34.4316291809082,41.21139144897461,37.69048690795898
AL082025:geo:2f5aaa11b113f318,AL082025,Humberto,val,2025-10-01 04:50:20+00:00,36.01108,1,True,,37.54439926147461,45.038352966308594,42.944923400878906,34.396759033203125,40.44783020019531,38.85198211669922
AL082025:geo:3fa781e5e2a214a2,AL082025,Humberto,val,2025-10-01 05:00:20+00:00,36.01108,1,True,,36.87101364135742,44.3642807006836,43.16876602172852,34.16343688964844,39.5538215637207,35.62432098388672
AL082025:geo:96e8880e8cbce688,AL082025,Humberto,val,2025-10-01 05:10:20+00:00,36.01108,1,True,,36.933326721191406,44.42527389526367,43.141204833984375,33.52986145019531,38.505409240722656,31.02286148071289
AL082025:geo:45980d4550092b51,AL082025,Humberto,val,2025-10-01 05:20:20+00:00,36.01108,1,True,,36.919830322265625,44.394630432128906,42.94465637207031,32.38542938232422,36.86065673828125,31.865074157714844
AL082025:geo:d8c4195a31d87ac5,AL082025,Humberto,val,2025-10-01 05:30:20+00:00,36.01108,1,True,,37.03063583374024,44.45228576660156,43.364356994628906,31.33237648010254,36.256832122802734,32.41627883911133
AL082025:geo:d5e483b17645e3e1,AL082025,Humberto,val,2025-10-01 05:40:20+00:00,36.01108,1,True,,37.300140380859375,44.58806610107422,44.04280853271485,30.91755485534668,35.78236389160156,35.037532806396484
AL082025:geo:1f4ff643126d7af9,AL082025,Humberto,val,2025-10-01 05:50:20+00:00,36.01108,1,True,,37.66246795654297,44.75312805175781,43.02554321289063,30.73092460632324,33.99836730957031,37.07511138916016
AL082025:geo:045ebbba54ee3b13,AL082025,Humberto,val,2025-10-01 06:00:20+00:00,36.00917465185185,1,True,,37.89190673828125,44.7929801940918,41.70164489746094,30.69650077819824,32.58112716674805,45.16753387451172
AL082025:geo:1f97528be71ee535,AL082025,Humberto,val,2025-10-01 06:10:20+00:00,35.9520142074074,1,True,,37.95671463012695,44.6139030456543,41.03631591796875,30.76602554321289,32.26798629760742,48.5090446472168
AL082025:geo:a14332b35faebb44,AL082025,Humberto,val,2025-10-01 06:20:20+00:00,35.89485376296297,1,True,,37.84210205078125,44.20052337646485,41.31804656982422,30.294469833374023,31.66710090637207,47.738914489746094
AL082025:geo:7bd52708155e4e57,AL082025,Humberto,val,2025-10-01 06:30:20+00:00,35.83769331851852,1,True,,37.72572326660156,43.63850402832031,40.84506988525391,29.38652992248535,30.815080642700195,44.31986618041992
AL082025:geo:9e0e607e1b70e6ce,AL082025,Humberto,val,2025-10-01 06:40:20+00:00,35.78053287407408,1,True,,37.47745513916016,42.8709716796875,40.03849792480469,28.300785064697266,29.69150924682617,38.13265609741211
AL082025:geo:8bd870ec4e49b0e6,AL082025,Humberto,val,2025-10-01 06:50:20+00:00,35.72337242962963,1,True,,37.12691116333008,41.98952865600586,39.65921401977539,27.70219039916992,29.07956886291504,38.48836517333984
AL082025:geo:20bbe2289859e430,AL082025,Humberto,val,2025-10-01 07:00:20+00:00,35.66621198518519,1,True,,36.75369644165039,40.97112274169922,40.1182861328125,27.31840133666992,28.83705711364746,36.83928298950195
AL082025:geo:145d5b64bcfe2044,AL082025,Humberto,val,2025-10-01 07:10:20+00:00,35.609051540740744,1,True,,37.03849792480469,40.59732437133789,39.86033630371094,27.205060958862305,28.87837028503418,35.811798095703125
AL082025:geo:6e39312698b19963,AL082025,Humberto,val,2025-10-01 07:20:20+00:00,35.551891096296295,1,True,,37.73690032958984,40.838226318359375,37.25575256347656,27.636085510253903,29.500322341918945,42.55774688720703
AL082025:geo:564ab1f0a0e2ad7c,AL082025,Humberto,val,2025-10-01 07:30:20+00:00,35.49473065185185,1,True,,38.40032958984375,40.86613464355469,36.75865173339844,27.943002700805664,30.213733673095703,42.122215270996094
AL082025:geo:07c12c75db8e2b34,AL082025,Humberto,val,2025-10-01 07:40:20+00:00,35.437570207407404,1,True,,37.284423828125,38.88300704956055,38.49704360961914,26.058330535888672,28.589529037475582,37.74868392944336
AL082025:geo:f9f9a6e744434705,AL082025,Humberto,val,2025-10-01 07:50:20+00:00,35.38040976296297,1,True,,35.19510269165039,36.30856323242188,39.16436004638672,24.865652084350582,27.43998146057129,34.371238708496094
AL082025:geo:544f8787d146038b,AL082025,Humberto,val,2025-10-01 08:00:20+00:00,35.32324931851852,1,True,,34.363433837890625,35.23286819458008,39.39959716796875,23.075563430786133,25.55147933959961,32.47633743286133
AL082025:geo:9e51e8a984b7116f,AL082025,Humberto,val,2025-10-01 08:10:20+00:00,35.26608887407407,1,True,,34.160736083984375,34.63347625732422,39.83135223388672,21.34160804748535,23.41155433654785,29.29329490661621
AL082025:geo:7f56ac1fd9e30315,AL082025,Humberto,val,2025-10-01 08:20:20+00:00,35.20892842962963,1,True,,33.772727966308594,34.53738784790039,40.79105758666992,19.82486724853516,22.66397476196289,30.54529571533203
AL082025:geo:c65a5d4ac0e80ed3,AL082025,Humberto,val,2025-10-01 08:30:20+00:00,35.15176798518519,1,True,,33.46769714355469,34.574440002441406,37.12095642089844,20.807689666748047,23.743051528930664,38.16669845581055
AL082025:geo:7a56e31a1503e711,AL082025,Humberto,val,2025-10-01 08:40:20+00:00,35.094607540740746,1,True,,33.703269958496094,35.03845977783203,35.28709411621094,20.995830535888672,24.029586791992188,37.06200408935547
AL082025:geo:f7fd7c70d5f1f313,AL082025,Humberto,val,2025-10-01 08:50:20+00:00,35.0374470962963,1,True,,34.04670333862305,35.54201126098633,34.86852264404297,21.65115547180176,25.00045585632324,37.01838684082031
AL082025:geo:346203a5264fde97,AL082025,Humberto,val,2025-10-01 09:00:20+00:00,34.97933397777778,1,True,,36.26482772827149,36.15708923339844,39.46772766113281,21.948549270629883,25.40752601623535,36.01491928100586
AL082025:geo:6027854314dd820e,AL082025,Humberto,val,2025-10-01 09:10:20+00:00,34.89359331111111,1,True,,36.23849105834961,36.0703010559082,38.62177276611328,22.114351272583008,25.378324508666992,29.60549545288086
AL082025:geo:13378d734fb3acbc,AL082025,Humberto,val,2025-10-01 09:20:20+00:00,34.807852644444445,1,True,,36.33047866821289,36.16763687133789,36.50704956054688,22.02975082397461,24.83878898620605,27.78095245361328
AL082025:geo:636b954d2f95a357,AL082025,Humberto,val,2025-10-01 09:30:20+00:00,34.72211197777778,1,True,,36.15460968017578,36.04342269897461,33.522918701171875,21.94314765930176,24.66833877563477,25.02562141418457
AL082025:geo:917ed0aa72807355,AL082025,Humberto,val,2025-10-01 09:40:20+00:00,34.63637131111111,1,True,,35.70874786376953,35.750770568847656,33.32741928100586,21.35309791564941,24.24204635620117,25.28389549255371
AL082025:geo:2878286744cfc686,AL082025,Humberto,val,2025-10-01 09:50:20+00:00,34.550630644444446,1,True,,35.56784439086914,35.75082778930664,33.134552001953125,20.059539794921875,22.798959732055664,25.455942153930664
AL082025:geo:13b933e33c3e4f55,AL082025,Humberto,val,2025-10-01 10:00:20+00:00,34.46488997777777,1,True,,37.36690139770508,37.68610382080078,31.619653701782227,19.33023262023925,22.06552505493164,26.79129981994629
AL082025:geo:addcbebd6765a188,AL082025,Humberto,val,2025-10-01 10:10:20+00:00,34.379149311111114,1,True,,38.19102096557617,38.62526321411133,31.533838272094727,18.657373428344727,21.44900703430176,26.949602127075195
AL082025:geo:4aae594569f1dd35,AL082025,Humberto,val,2025-10-01 10:20:20+00:00,34.29340864444445,1,True,,37.87598419189453,38.41683578491211,32.38911819458008,20.89647674560547,23.812503814697266,29.45740509033203
AL082025:geo:38c256f049a51e84,AL082025,Humberto,val,2025-10-01 10:30:20+00:00,34.207667977777774,1,True,,36.96617889404297,37.62511444091797,32.848358154296875,21.860315322875977,24.9569091796875,30.76156997680664
AL082025:geo:91863327e187ad06,AL082025,Humberto,val,2025-10-01 10:40:20+00:00,34.121927311111115,1,True,,36.275184631347656,37.04737854003906,32.53522872924805,21.83930969238281,24.91304016113281,31.58713722229004
AL082025:geo:6705c281a6f3d2d2,AL082025,Humberto,val,2025-10-01 10:50:20+00:00,34.03618664444445,1,True,,36.19035339355469,37.07787322998047,33.506980895996094,21.62583541870117,24.74580192565918,30.03497314453125
AL082025:geo:2655df9b7a887cf9,AL082025,Humberto,val,2025-10-01 11:00:20+00:00,33.950445977777775,1,True,,36.433780670166016,37.42265701293945,32.89603805541992,22.64057159423828,26.150415420532227,30.50283432006836
AL082025:geo:4a103f8373b8c068,AL082025,Humberto,val,2025-10-01 11:10:20+00:00,33.86470531111112,1,True,,37.027931213378906,38.142459869384766,33.105247497558594,24.348331451416016,27.929393768310547,32.28575897216797
AL082025:geo:6e3025fc710316b4,AL082025,Humberto,val,2025-10-01 11:20:20+00:00,33.77896464444444,1,True,,37.97953796386719,39.17084884643555,32.04478454589844,24.02275657653809,28.11798477172852,34.76743698120117
AL082025:geo:914f776325a544df,AL082025,Humberto,val,2025-10-01 11:30:20+00:00,33.69322397777778,1,True,,38.00727462768555,39.27797317504883,31.49800491333008,24.852014541625977,28.75550651550293,36.105255126953125
AL082025:geo:c8e0e0fc1d737c48,AL082025,Humberto,val,2025-10-01 11:40:20+00:00,33.60748331111112,1,True,,38.03717422485352,39.34870910644531,32.76356506347656,24.36787986755371,27.221508026123047,36.63011169433594
AL082025:geo:9da36a90cb8bbc64,AL082025,Humberto,val,2025-10-01 11:50:20+00:00,33.521742644444444,1,True,,37.5479736328125,38.90816879272461,35.30108642578125,23.06844520568848,25.139497756958008,36.47051239013672
EP112025:geo:e2716d960852e998,EP112025,Kiko,val,2025-08-31 00:00:22+00:00,15.43332,-1,True,,20.2922477722168,21.187877655029297,20.98252487182617,24.89390754699707,22.176176071166992,26.29826164245605
EP112025:geo:fee25f662b4262cb,EP112025,Kiko,val,2025-08-31 00:10:22+00:00,15.43332,-1,True,,20.11318588256836,20.983322143554688,20.98447608947754,24.96285629272461,22.351268768310547,27.31595993041992
EP112025:geo:cefed3ba74399294,EP112025,Kiko,val,2025-08-31 00:20:22+00:00,15.43332,-1,True,,20.19305229187012,20.912109375,20.996063232421875,25.093233108520508,22.561504364013672,27.85516357421875
EP112025:geo:c294fe721eddd321,EP112025,Kiko,val,2025-08-31 00:30:22+00:00,15.43332,-1,True,,20.335878372192383,20.872970581054688,21.13279151916504,25.09887313842773,22.597166061401367,27.953968048095703
EP112025:geo:9b7c9dc9a283a495,EP112025,Kiko,val,2025-08-31 00:40:22+00:00,15.43332,-1,True,,20.57859992980957,20.950075149536133,21.11226272583008,24.835693359375,22.2920150756836,27.17574882507324
EP112025:geo:f98dd17a6285e0b7,EP112025,Kiko,val,2025-08-31 00:50:22+00:00,15.43332,-1,True,,20.766468048095703,21.04958152770996,20.828907012939453,24.27520751953125,21.67921638488769,26.362653732299805
EP112025:geo:e82338ed09b1658b,EP112025,Kiko,val,2025-08-31 01:00:22+00:00,15.43332,-1,True,,20.841583251953125,21.06414222717285,20.59413146972656,23.791553497314453,21.176898956298828,25.46826362609864
EP112025:geo:c78d66aa0ebb56a1,EP112025,Kiko,val,2025-08-31 01:10:22+00:00,15.43332,-1,True,,20.83763885498047,20.997459411621094,20.453697204589844,23.49051284790039,20.874399185180664,24.37527656555176
EP112025:geo:114f5ab26bb08716,EP112025,Kiko,val,2025-08-31 01:20:22+00:00,15.43332,-1,True,,20.17254638671875,20.26848602294922,20.363067626953125,24.49028205871582,21.86083984375,24.404024124145508
EP112025:geo:0feb115f66d39f49,EP112025,Kiko,val,2025-08-31 01:30:22+00:00,15.43332,-1,True,,19.62628173828125,19.65898323059082,20.33609390258789,25.34994506835937,22.749805450439453,25.72897148132324
EP112025:geo:e51ac03a05b7d32c,EP112025,Kiko,val,2025-08-31 01:40:22+00:00,15.43332,-1,True,,19.551071166992188,19.518346786499023,20.30876922607422,25.69253921508789,23.172962188720703,26.14395904541016
EP112025:geo:653fef47498208e5,EP112025,Kiko,val,2025-08-31 01:50:22+00:00,15.43332,-1,True,,19.597511291503903,19.50163078308105,20.32874298095703,25.33408164978028,23.0459041595459,25.07818031311035
EP112025:geo:548fee82d9eee0bc,EP112025,Kiko,val,2025-08-31 02:00:22+00:00,15.43332,-1,True,,19.77716445922852,19.623395919799805,20.463422775268555,25.0836238861084,23.02280807495117,24.783666610717773
EP112025:geo:6bc0d6ec562124fc,EP112025,Kiko,val,2025-08-31 02:10:22+00:00,15.43332,-1,True,,19.814678192138672,19.601083755493164,20.614547729492188,24.639354705810547,22.781679153442383,24.752700805664062
EP112025:geo:b6a0e025e8476308,EP112025,Kiko,val,2025-08-31 02:20:22+00:00,15.43332,-1,True,,19.934539794921875,19.66608619689941,20.783103942871094,24.12756729125977,22.5189266204834,24.75921440124512
EP112025:geo:d804a9bc2be1c6d2,EP112025,Kiko,val,2025-08-31 02:30:22+00:00,15.43332,-1,True,,20.117197036743164,19.79911231994629,20.92755889892578,23.83924102783203,22.39324378967285,26.38254165649414
EP112025:geo:02eca85496a3a3c3,EP112025,Kiko,val,2025-08-31 02:40:22+00:00,15.43332,-1,True,,20.243667602539062,19.88043212890625,20.954769134521484,23.74373245239257,22.30367088317871,29.06644630432129
EP112025:geo:408aabfd76bc2769,EP112025,Kiko,val,2025-08-31 02:50:22+00:00,15.43332,-1,True,,20.32977294921875,19.92989158630371,20.991788864135746,23.521879196166992,21.993066787719727,32.127723693847656
EP112025:geo:0a523b50dbf70c51,EP112025,Kiko,val,2025-08-31 03:00:22+00:00,15.43332,-1,True,,19.46516227722168,19.42928504943848,20.880102157592773,23.32146453857422,21.692201614379883,31.04953384399414
EP112025:geo:2f8f2d52d67e1010,EP112025,Kiko,val,2025-08-31 03:10:22+00:00,15.43332,-1,True,,20.17208671569824,20.13802146911621,20.922346115112305,22.827539443969727,21.137977600097656,27.80875968933105
EP112025:geo:352fd65e2662f9ac,EP112025,Kiko,val,2025-08-31 03:20:22+00:00,15.43332,-1,True,,20.57417297363281,20.54959487915039,20.93352127075196,22.343812942504883,20.65731239318848,25.28169631958008
EP112025:geo:b1fd6233a589d8ae,EP112025,Kiko,val,2025-08-31 03:30:22+00:00,15.43332,-1,True,,20.7096004486084,20.699466705322266,20.909711837768555,22.724470138549805,21.0345458984375,23.51830673217773
EP112025:geo:280947d9c3d8450a,EP112025,Kiko,val,2025-08-31 03:40:22+00:00,15.43332,-1,True,,20.616363525390625,20.62396240234375,20.984975814819336,22.60055160522461,21.01313591003418,22.786827087402344
EP112025:geo:58e88c95101b537a,EP112025,Kiko,val,2025-08-31 03:50:22+00:00,15.43332,-1,True,,20.1285343170166,20.15013694763184,21.130062103271484,22.33397102355957,20.872425079345703,22.56462860107422
EP112025:geo:e73e4f65088a8a92,EP112025,Kiko,val,2025-08-31 04:00:22+00:00,15.43332,-1,True,,18.98189163208008,18.96198844909668,21.00105667114257,21.84764289855957,20.436656951904297,22.810741424560547
EP112025:geo:bff6107214ae7ff3,EP112025,Kiko,val,2025-08-31 04:10:22+00:00,15.43332,-1,True,,18.421443939208984,18.34385299682617,20.71807861328125,21.99320411682129,20.51939010620117,23.09218406677246
EP112025:geo:f0fd200ff5f5f860,EP112025,Kiko,val,2025-08-31 04:20:22+00:00,15.43332,-1,True,,17.54891014099121,17.327911376953125,20.582672119140625,22.49931526184082,20.858661651611328,23.06369972229004
EP112025:geo:e21cc7ff142110f5,EP112025,Kiko,val,2025-08-31 04:30:22+00:00,15.43332,-1,True,,16.10986328125,15.689004898071287,20.586610794067383,22.573665618896484,20.864229202270508,23.09697532653809
EP112025:geo:737838760bd4997d,EP112025,Kiko,val,2025-08-31 04:40:22+00:00,15.43332,-1,True,,14.878246307373049,14.314271926879885,20.699859619140625,22.603721618652344,20.886932373046875,23.03597640991211
EP112025:geo:3955281d4b2a57ae,EP112025,Kiko,val,2025-08-31 04:50:22+00:00,15.43332,-1,True,,14.28930950164795,13.626121520996094,20.815736770629883,22.53508949279785,20.845802307128903,22.793529510498047
EP112025:geo:a98c7e9db7dcbed7,EP112025,Kiko,val,2025-08-31 05:00:22+00:00,15.43332,-1,True,,14.077194213867188,13.380620956420898,20.99137115478516,22.50864601135254,20.831926345825195,22.69618225097656
EP112025:geo:737d4205b199d7cd,EP112025,Kiko,val,2025-08-31 05:10:22+00:00,15.43332,-1,True,,13.676691055297852,12.99636936187744,21.114574432373047,22.63138961791992,21.004928588867188,23.062931060791016
EP112025:geo:cb0fd644e87db2fd,EP112025,Kiko,val,2025-08-31 05:20:22+00:00,15.43332,-1,True,,14.673151969909668,14.056660652160645,21.10172271728516,22.8885440826416,21.27301979064941,23.37228012084961
EP112025:geo:08337b5719580c12,EP112025,Kiko,val,2025-08-31 05:30:22+00:00,15.43332,-1,True,,15.709415435791016,15.16553020477295,21.02632141113281,23.33390617370605,21.64263343811035,23.810686111450195
EP112025:geo:b3bbc523c3eb86a0,EP112025,Kiko,val,2025-08-31 05:40:22+00:00,15.43332,-1,True,,16.23832893371582,15.721647262573242,21.007423400878903,23.66240692138672,21.956775665283203,23.801494598388672
EP112025:geo:efcc96638deeb2b7,EP112025,Kiko,val,2025-08-31 05:50:22+00:00,15.43332,-1,True,,16.309473037719727,15.771800994873049,20.899139404296875,23.831314086914062,22.141366958618164,23.525955200195312
EP112025:geo:399052c3d8921ac4,EP112025,Kiko,val,2025-08-31 06:00:22+00:00,15.436463824444443,-1,True,,16.30472183227539,15.73767375946045,20.689842224121094,23.77668190002441,22.08156967163086,23.265825271606445
EP112025:geo:eb79be9f0371a48a,EP112025,Kiko,val,2025-08-31 06:10:22+00:00,15.522204491111111,-1,True,,16.274356842041016,15.678468704223633,20.45154190063477,23.518564224243164,21.8205623626709,23.16861343383789
EP112025:geo:af1c59538fb3a27f,EP112025,Kiko,val,2025-08-31 06:20:22+00:00,15.60794515777778,-1,True,,16.68677520751953,16.0738525390625,20.354034423828125,22.93434333801269,21.248918533325195,22.98373985290528
EP112025:geo:f1217a1864bbbac9,EP112025,Kiko,val,2025-08-31 06:30:22+00:00,15.693685824444444,-1,True,,17.246646881103516,16.61479377746582,20.339637756347656,22.21347427368164,20.58065795898437,22.80185508728028
EP112025:geo:4a102e723b115d62,EP112025,Kiko,val,2025-08-31 06:40:22+00:00,15.779426491111112,-1,True,,17.81079864501953,17.15920639038086,20.35298156738281,21.712146759033203,20.130172729492188,22.7546501159668
EP112025:geo:18e686eccf45311a,EP112025,Kiko,val,2025-08-31 06:50:22+00:00,15.86516715777778,-1,True,,18.13565826416016,17.46185874938965,20.18417739868164,21.70762252807617,20.19190216064453,22.85453987121582
EP112025:geo:4cf17b1679a10527,EP112025,Kiko,val,2025-08-31 07:00:22+00:00,15.950907824444444,-1,True,,17.979305267333984,17.270484924316406,20.09053039550781,21.71455955505371,20.28162384033203,22.89395904541016
EP112025:geo:ab234c95df8b3b6b,EP112025,Kiko,val,2025-08-31 07:10:22+00:00,16.036648491111112,-1,True,,17.68111228942871,16.936174392700195,19.95087242126465,21.561792373657227,20.190465927124023,22.59599494934082
EP112025:geo:c4237f3246029aa9,EP112025,Kiko,val,2025-08-31 07:20:22+00:00,16.12238915777778,-1,True,,17.594757080078125,16.818937301635742,19.905345916748047,21.438480377197266,20.11054229736328,22.274890899658203
EP112025:geo:3998a8deb5a9afc9,EP112025,Kiko,val,2025-08-31 07:30:22+00:00,16.208129824444445,-1,True,,17.43642234802246,16.61613655090332,19.741756439208984,21.374977111816406,20.083881378173828,22.143457412719727
EP112025:geo:64ecfcc84bd2a0bf,EP112025,Kiko,val,2025-08-31 07:40:22+00:00,16.29387049111111,-1,True,,17.324859619140625,16.465415954589844,19.67089080810547,21.560911178588867,20.28053092956543,22.037282943725582
EP112025:geo:fcd03582c969e854,EP112025,Kiko,val,2025-08-31 07:50:22+00:00,16.379611157777777,-1,True,,17.283628463745117,16.384798049926758,19.675472259521484,21.50592803955078,20.257606506347656,21.9426326751709
EP112025:geo:a05e4428a1504980,EP112025,Kiko,val,2025-08-31 08:00:22+00:00,16.465351824444443,-1,True,,17.33911895751953,16.408954620361328,19.601049423217773,21.432355880737305,20.194719314575195,21.874378204345703
EP112025:geo:7fa9ea069d8d8913,EP112025,Kiko,val,2025-08-31 08:10:22+00:00,16.55109249111111,-1,True,,17.456674575805664,16.50070571899414,19.47079849243164,21.30792617797852,20.07261085510254,21.945911407470703
EP112025:geo:5edd34d384ca1653,EP112025,Kiko,val,2025-08-31 08:20:22+00:00,16.63683315777778,-1,True,,17.33519172668457,16.35767936706543,19.35625648498535,21.010040283203125,19.74455642700196,21.857637405395508
EP112025:geo:ec1dc3ce75f19a2e,EP112025,Kiko,val,2025-08-31 08:30:22+00:00,16.722573824444446,-1,True,,16.350282669067383,15.393525123596191,19.3049259185791,20.46130752563477,18.99501609802246,21.820688247680664
EP112025:geo:9eec204e3e1f6ed5,EP112025,Kiko,val,2025-08-31 08:40:22+00:00,16.80831449111111,-1,True,,17.049863815307617,16.145374298095703,19.36771583557129,23.94962310791016,22.058740615844727,21.72866439819336
EP112025:geo:b1325f92e226c550,EP112025,Kiko,val,2025-08-31 08:50:24+00:00,16.89434096,-1,True,,19.16813468933105,18.218652725219727,19.29800033569336,26.887680053710938,24.661773681640625,22.2231674194336
EP112025:geo:105b7a559543b6af,EP112025,Kiko,val,2025-08-31 09:00:26+00:00,16.979128952592593,-1,True,,20.02890396118164,19.014951705932617,20.11896705627441,28.23263931274414,25.74383354187012,22.183330535888672
EP112025:geo:d4bbaac1845aaf3d,EP112025,Kiko,val,2025-08-31 09:10:22+00:00,17.035908327407405,-1,True,,20.678068161010746,19.656982421875,20.04863739013672,28.96772766113281,26.328786849975582,21.713115692138672
EP112025:geo:8f4f5f7cef57f230,EP112025,Kiko,val,2025-08-31 09:20:22+00:00,17.093068771851854,-1,True,,20.751644134521484,19.72298812866211,19.92563247680664,29.707914352416992,26.91641616821289,21.46640586853028
EP112025:geo:e34651f0a87b5b20,EP112025,Kiko,val,2025-08-31 09:30:22+00:00,17.150229216296296,-1,True,,20.724205017089844,19.68529319763184,19.89287567138672,30.39225578308105,27.63734436035156,21.780431747436523
EP112025:geo:7e06ddec84f9f75e,EP112025,Kiko,val,2025-08-31 09:40:22+00:00,17.20738966074074,-1,True,,20.639488220214844,19.595184326171875,19.76047706604004,30.740591049194336,28.22640037536621,22.37739372253418
EP112025:geo:221caac25fc42ec0,EP112025,Kiko,val,2025-08-31 09:50:22+00:00,17.264550105185187,-1,True,,20.661455154418945,19.6125545501709,19.62994384765625,30.93194961547852,28.60235595703125,23.0447006225586
EP112025:geo:2ecd16b0b8e41be7,EP112025,Kiko,val,2025-08-31 10:00:22+00:00,17.32171054962963,-1,True,,20.56048011779785,19.50591087341309,19.59711265563965,30.9504623413086,28.795259475708008,23.48911666870117
EP112025:geo:5e16c665623af986,EP112025,Kiko,val,2025-08-31 10:10:22+00:00,17.378870994074077,-1,True,,20.503267288208008,19.4463005065918,19.66686248779297,30.942493438720703,28.914438247680664,23.08769798278809
EP112025:geo:59304c0b08380c5b,EP112025,Kiko,val,2025-08-31 10:20:22+00:00,17.43603143851852,-1,True,,20.62241172790528,19.56567001342773,19.740610122680664,31.01954460144043,29.0631103515625,22.510648727416992
EP112025:geo:aa323e03822acbc1,EP112025,Kiko,val,2025-08-31 10:30:22+00:00,17.493191882962964,0,True,,20.60703659057617,19.54952812194824,19.81209182739257,31.19742012023925,29.360944747924805,22.29569625854492
EP112025:geo:a05454adcade46c7,EP112025,Kiko,val,2025-08-31 10:40:22+00:00,17.550352327407406,0,True,,20.39621353149414,19.334604263305664,19.85311889648437,31.506723403930664,29.745460510253903,22.422983169555664
EP112025:geo:f3d1deffe0e9c90c,EP112025,Kiko,val,2025-08-31 10:50:22+00:00,17.60751277185185,0,True,,19.97409439086914,18.91022300720215,19.92679977416992,31.73778343200684,30.12307548522949,22.6113224029541
EP112025:geo:217c1ac905a9afaf,EP112025,Kiko,val,2025-08-31 11:00:22+00:00,17.664673216296297,0,True,,19.600414276123047,18.55307960510254,19.946632385253903,31.916805267333984,30.33979225158692,22.725133895874023
EP112025:geo:908fd7e48fff391e,EP112025,Kiko,val,2025-08-31 11:10:22+00:00,17.721833660740742,0,True,,19.22136878967285,18.191022872924805,19.985069274902344,31.946596145629883,30.28793716430664,22.9593563079834
EP112025:geo:95e8ccecfabb626e,EP112025,Kiko,val,2025-08-31 11:20:22+00:00,17.778994105185188,0,True,,19.03840446472168,18.032825469970703,19.989669799804688,31.841005325317383,30.126689910888672,23.271453857421875
EP112025:geo:0d29b781d6d9a5fc,EP112025,Kiko,val,2025-08-31 11:30:22+00:00,17.83615454962963,0,True,,18.93074607849121,17.968685150146484,20.05065155029297,31.77226448059082,30.015771865844727,23.65830421447754
EP112025:geo:c0a737a23cb519ac,EP112025,Kiko,val,2025-08-31 11:40:22+00:00,17.893314994074075,0,True,,18.80455780029297,17.895896911621094,20.023971557617188,31.658655166625977,29.847332000732425,23.66787910461425
EP112025:geo:c9ab79b5dd54ae09,EP112025,Kiko,val,2025-08-31 11:50:22+00:00,17.950475438518517,0,True,,18.70830535888672,17.870342254638672,20.022090911865234,31.641990661621094,29.757976531982425,23.414913177490234
EP112025:geo:e0e6596a85697736,EP112025,Kiko,val,2025-08-31 12:00:22+00:00,18.00554,0,True,,18.51353454589844,17.75023651123047,20.045869827270508,31.5271053314209,29.52831268310547,23.34114646911621
EP112025:geo:675f8c6fbe07fbd8,EP112025,Kiko,val,2025-08-31 12:10:22+00:00,18.00554,0,True,,18.35881423950196,17.610748291015625,20.18779945373535,31.48770904541016,29.38873672485352,23.57122611999512
EP112025:geo:8a558ae4f73db2a6,EP112025,Kiko,val,2025-08-31 12:20:22+00:00,18.00554,0,True,,18.20320701599121,17.440092086791992,20.383956909179688,31.389862060546875,29.262958526611328,24.0070858001709
EP112025:geo:7a046e6d172dd19b,EP112025,Kiko,val,2025-08-31 12:30:22+00:00,18.00554,0,True,,18.14170837402344,17.35242462158203,20.481910705566406,31.22098731994629,29.06761741638184,25.188783645629883
EP112025:geo:5ef565f3f355fc7c,EP112025,Kiko,val,2025-08-31 12:40:22+00:00,18.00554,0,True,,18.24789810180664,17.456527709960938,20.49958038330078,31.1130428314209,28.985483169555664,27.419418334960938
EP112025:geo:c232f0150d9e1a11,EP112025,Kiko,val,2025-08-31 12:50:22+00:00,18.00554,0,True,,18.418869018554688,17.643142700195312,20.453527450561523,31.00699806213379,28.98588180541992,28.678142547607425
EP112025:geo:aac983ec015df314,EP112025,Kiko,val,2025-08-31 13:00:22+00:00,18.00554,0,True,,18.69781875610352,17.942947387695312,20.452682495117188,30.790679931640625,28.97781753540039,27.984432220458984
EP112025:geo:a7677aa0c816bc21,EP112025,Kiko,val,2025-08-31 13:10:22+00:00,18.00554,0,True,,18.950115203857425,18.226457595825195,20.559062957763672,30.555932998657227,28.99182891845703,25.981115341186523
EP112025:geo:64b2d0b56c448bba,EP112025,Kiko,val,2025-08-31 13:20:22+00:00,18.00554,0,True,,19.19953155517578,18.519556045532227,20.683494567871094,30.22278594970703,28.99884605407715,24.719970703125
EP112025:geo:5fe2bdc1e7f4b2ca,EP112025,Kiko,val,2025-08-31 13:30:22+00:00,18.00554,0,True,,19.54519844055176,18.92293930053711,20.903255462646484,29.709680557250977,28.69067573547364,24.518600463867188
EP112025:geo:a5f10e1672203b96,EP112025,Kiko,val,2025-08-31 13:40:22+00:00,18.00554,0,True,,19.890872955322266,19.33610725402832,21.028085708618164,29.138153076171875,28.22346305847168,24.487770080566406
EP112025:geo:281c0ab635873aad,EP112025,Kiko,val,2025-08-31 13:50:22+00:00,18.00554,0,True,,20.133590698242188,19.70692253112793,21.16426658630371,28.50651741027832,27.664325714111328,24.834077835083008
EP112025:geo:47e18b5db977d250,EP112025,Kiko,val,2025-08-31 14:00:22+00:00,18.00554,0,True,,20.4404296875,20.11505699157715,21.31693649291992,27.60295867919922,26.738609313964844,25.895938873291016
EP112025:geo:2771e0158c4945b5,EP112025,Kiko,val,2025-08-31 14:10:22+00:00,18.00554,0,True,,20.59212684631348,19.939178466796875,21.23070907592773,26.26219940185547,25.23716735839844,25.85403823852539
EP112025:geo:d905339fa4eb1e9b,EP112025,Kiko,val,2025-08-31 14:20:22+00:00,18.00554,0,True,,20.093950271606445,19.36628150939941,21.08712387084961,24.84012985229492,23.49121856689453,25.2507266998291
EP112025:geo:d63307135abd1c33,EP112025,Kiko,val,2025-08-31 14:30:22+00:00,18.00554,0,True,,19.57781219482422,18.856342315673828,20.917308807373047,23.483922958374023,21.599985122680664,24.907604217529297
EP112025:geo:6e8956b901b62143,EP112025,Kiko,val,2025-08-31 14:40:22+00:00,18.00554,0,True,,19.46478271484375,18.805578231811523,20.849720001220703,22.25200843811035,19.914569854736328,24.615772247314453
EP112025:geo:79ce4706c698d5b6,EP112025,Kiko,val,2025-08-31 14:50:22+00:00,18.00554,0,True,,20.58652114868164,19.8942985534668,20.86672592163086,22.398412704467773,19.89113426208496,23.86051368713379
EP112025:geo:5c877c7618c449fe,EP112025,Kiko,val,2025-08-31 15:00:22+00:00,18.00554,0,True,,25.991504669189453,24.806087493896484,21.89117431640625,22.52012252807617,19.961639404296875,23.857097625732425
EP112025:geo:4013f6e0452ce4e9,EP112025,Kiko,val,2025-08-31 15:10:22+00:00,18.00554,0,True,,26.112548828125,24.94713020324707,21.88275909423828,22.7905216217041,20.259578704833984,24.59447860717773
EP112025:geo:7f907e0287761013,EP112025,Kiko,val,2025-08-31 15:20:22+00:00,18.00554,0,True,,26.13642311096192,24.985050201416016,21.847803115844727,24.04036521911621,21.877798080444336,25.476675033569336
EP112025:geo:c2108d94358290b6,EP112025,Kiko,val,2025-08-31 15:30:22+00:00,18.00554,0,True,,26.113374710083008,24.989442825317383,21.782320022583008,25.41751289367676,24.12477684020996,26.421979904174805
EP112025:geo:832123fe69a7cd80,EP112025,Kiko,val,2025-08-31 15:40:22+00:00,18.00554,0,True,,26.04132652282715,24.963029861450195,21.820043563842773,27.12272453308105,26.47080421447754,27.14348220825196
EP112025:geo:c5e2c69679b46bf5,EP112025,Kiko,val,2025-08-31 15:50:22+00:00,18.00554,0,True,,25.500871658325195,24.47441291809082,21.896589279174805,27.56706619262696,26.90983963012696,25.89131546020508
EP112025:geo:c558083b39fc3c72,EP112025,Kiko,val,2025-08-31 16:00:22+00:00,18.00554,0,True,,24.238815307617188,23.248146057128903,21.951534271240234,27.425067901611328,26.76300048828125,24.271350860595703
EP112025:geo:8574859199138fc1,EP112025,Kiko,val,2025-08-31 16:10:22+00:00,18.00554,0,True,,23.230573654174805,22.24187088012696,21.99898910522461,27.07372665405273,26.48062324523925,24.789146423339844
EP112025:geo:18f4b6f3f42c3949,EP112025,Kiko,val,2025-08-31 16:20:22+00:00,18.00554,0,True,,24.93571281433105,23.931211471557617,22.05377578735352,26.711111068725582,26.20654487609864,26.580699920654297
EP112025:geo:0bc995855b03cee7,EP112025,Kiko,val,2025-08-31 16:30:22+00:00,18.00554,0,True,,26.90080070495605,25.936243057250977,22.08185768127441,26.30535888671875,25.91681861877441,28.3775634765625
EP112025:geo:a4576c7cf3fb1eaa,EP112025,Kiko,val,2025-08-31 16:40:22+00:00,18.00554,0,True,,28.524608612060547,27.70347213745117,22.13644027709961,25.899206161499023,25.56192398071289,28.019073486328125
EP112025:geo:8505f7020bd57931,EP112025,Kiko,val,2025-08-31 16:50:22+00:00,18.00554,0,True,,29.890789031982425,29.23724937438965,22.12217712402344,25.680116653442383,25.319942474365234,28.61518096923828
EP112025:geo:8a599681cded4815,EP112025,Kiko,val,2025-08-31 17:00:22+00:00,18.00554,0,True,,30.60969924926757,29.95015525817871,21.9348258972168,25.39776039123535,24.988357543945312,27.651988983154297
EP112025:geo:8fc426856d0e6299,EP112025,Kiko,val,2025-08-31 17:10:22+00:00,18.00554,0,True,,31.04708671569824,30.30010986328125,21.82086753845215,25.015525817871094,24.53812789916992,27.798355102539062
EP112025:geo:ca1d62ed4d18d048,EP112025,Kiko,val,2025-08-31 17:20:22+00:00,18.00554,0,True,,30.86138153076172,30.008968353271484,21.678863525390625,25.154516220092773,24.92169952392578,28.01555252075196
EP112025:geo:fe3134a4e4bb8f34,EP112025,Kiko,val,2025-08-31 17:30:22+00:00,18.00554,0,True,,30.04937744140625,29.14425277709961,21.94638633728028,25.445837020874023,25.192880630493164,28.48215103149414
EP112025:geo:c71befabeb1a836f,EP112025,Kiko,val,2025-08-31 17:40:22+00:00,18.00554,0,True,,28.38636779785156,27.451160430908203,21.997726440429688,25.871767044067383,25.26320075988769,29.54273223876953
EP112025:geo:e4c9a85eafe3e344,EP112025,Kiko,val,2025-08-31 17:50:22+00:00,18.00554,0,True,,26.4622859954834,25.509265899658203,21.82453727722168,26.31715202331543,25.88426971435547,28.959163665771484
EP112025:geo:72b4d6d445a5d728,EP112025,Kiko,val,2025-08-31 18:00:22+00:00,18.008683824444443,0,True,,23.691909790039062,22.735748291015625,21.760517120361328,26.52250099182129,26.62542724609375,26.87738990783692
EP112025:geo:2e6f012ebd997822,EP112025,Kiko,val,2025-08-31 18:10:22+00:00,18.09442449111111,0,True,,23.33925437927246,22.38410758972168,22.28013038635254,26.657285690307617,26.659189224243164,26.79422950744629
EP112025:geo:887f0587f776a5b1,EP112025,Kiko,val,2025-08-31 18:20:22+00:00,18.18016515777778,0,True,,22.01815223693848,21.07237434387207,22.870830535888672,26.74852752685547,26.27741050720215,28.201824188232425
EP112025:geo:46c3dcaad14b2f1a,EP112025,Kiko,val,2025-08-31 18:30:22+00:00,18.265905824444445,0,True,,20.671039581298828,19.7303466796875,23.18528938293457,26.86645126342773,26.478689193725582,29.599010467529297
EP112025:geo:022d01c11fed49f9,EP112025,Kiko,val,2025-08-31 18:40:22+00:00,18.35164649111111,0,True,,19.79591560363769,18.86099433898925,23.272018432617188,26.906862258911133,26.74461936950684,29.588502883911133
EP112025:geo:21cecd4d505df94d,EP112025,Kiko,val,2025-08-31 18:50:22+00:00,18.437387157777778,0,True,,18.70322799682617,17.75002670288086,23.354799270629883,27.148895263671875,27.42352104187012,28.279491424560547
EP112025:geo:62676964ffcc2d83,EP112025,Kiko,val,2025-08-31 19:00:22+00:00,18.523127824444444,0,True,,19.09219741821289,18.088876724243164,22.770809173583984,28.3452262878418,28.937986373901367,27.11395263671875
EP112025:geo:db05b6ecaff553f7,EP112025,Kiko,val,2025-08-31 19:10:22+00:00,18.60886849111111,0,True,,23.92904281616211,22.90782356262207,22.269105911254883,28.97294235229492,29.49410629272461,25.477725982666016
EP112025:geo:b89eabae8d1b379d,EP112025,Kiko,val,2025-08-31 19:20:22+00:00,18.69460915777778,0,True,,28.651723861694336,27.65961265563965,21.54588890075684,29.35181427001953,29.468175888061523,25.10259437561035
EP112025:geo:39de49a4f5b0938b,EP112025,Kiko,val,2025-08-31 19:30:22+00:00,18.780349824444446,0,True,,29.773561477661133,28.816505432128903,20.985361099243164,29.4852294921875,29.487998962402344,25.47319221496582
EP112025:geo:d23ad375a09f7413,EP112025,Kiko,val,2025-08-31 19:40:22+00:00,18.86609049111111,0,True,,29.40224838256836,28.46439743041992,21.054214477539062,29.316545486450195,29.36343002319336,26.35749053955078
EP112025:geo:f928f3df92324836,EP112025,Kiko,val,2025-08-31 19:50:22+00:00,18.95183115777778,0,True,,28.66988182067871,27.738744735717773,21.42891502380371,28.90337562561035,28.76847076416016,27.672914505004883
EP112025:geo:096af4df4c0bdc20,EP112025,Kiko,val,2025-08-31 20:00:22+00:00,19.037571824444445,0,True,,27.480121612548828,26.56925201416016,21.93423652648925,28.52347755432129,28.52417755126953,28.47031784057617
EP112025:geo:0faaedf4425205ea,EP112025,Kiko,val,2025-08-31 20:10:22+00:00,19.12331249111111,0,True,,25.906230926513672,25.031408309936523,22.492652893066406,28.332618713378903,28.773229598999023,30.13270568847656
EP112025:geo:90e441abb95474f4,EP112025,Kiko,val,2025-08-31 20:20:22+00:00,19.209053157777777,0,True,,23.287569046020508,22.481449127197266,22.89509010314941,28.817983627319336,29.54349708557129,32.67340469360352
EP112025:geo:2b34818eeacfc94e,EP112025,Kiko,val,2025-08-31 20:30:22+00:00,19.294793824444444,0,True,,27.9069938659668,27.17264938354492,23.29648399353028,29.32304573059082,30.256568908691406,35.82526016235352
EP112025:geo:ded52a63f6086bab,EP112025,Kiko,val,2025-08-31 20:40:22+00:00,19.38053449111111,0,True,,29.833419799804688,29.25847053527832,23.44665908813477,30.67921638488769,32.27107238769531,39.07550048828125
EP112025:geo:36ce70d2c9b5a18b,EP112025,Kiko,val,2025-08-31 20:50:22+00:00,19.46627515777778,0,True,,30.11811828613281,29.70659828186035,23.407161712646484,31.914506912231445,34.10887908935547,36.76220703125
EP112025:geo:1383bdfc0c989975,EP112025,Kiko,val,2025-08-31 21:00:22+00:00,19.550967882962965,0,True,,20.6422119140625,20.25861358642578,25.92961883544922,32.62385940551758,35.9570198059082,31.375957489013672
EP112025:geo:a95c4d49d71f8d88,EP112025,Kiko,val,2025-08-31 21:10:22+00:00,19.608128327407407,0,True,,20.30701446533203,20.01687431335449,25.89106559753418,32.89209747314453,36.3994255065918,25.40788459777832
EP112025:geo:e45924877b4677d1,EP112025,Kiko,val,2025-08-31 21:20:22+00:00,19.66528877185185,0,True,,21.606958389282227,21.38915252685547,25.82765769958496,33.13841247558594,36.929443359375,26.2480697631836
EP112025:geo:b4e2bdc089fad49c,EP112025,Kiko,val,2025-08-31 21:30:22+00:00,19.72244921629629,0,True,,23.539947509765625,23.32101821899414,25.93994140625,33.08592987060547,37.23497009277344,29.423751831054688
EP112025:geo:116f1b5504625d67,EP112025,Kiko,val,2025-08-31 21:40:22+00:00,19.779609660740743,0,True,,24.152055740356445,23.92783737182617,25.959938049316406,32.95631790161133,36.87282180786133,30.304073333740234
EP112025:geo:01bc1804bb13f1f5,EP112025,Kiko,val,2025-08-31 21:50:22+00:00,19.836770105185188,0,True,,24.37724876403809,24.116479873657227,25.90725898742676,32.75617599487305,36.37146759033203,36.54107666015625
EP112025:geo:066963901e951c78,EP112025,Kiko,val,2025-08-31 22:00:22+00:00,19.89393054962963,0,True,,24.84090805053711,24.540225982666016,25.89972686767578,32.53130340576172,35.52899932861328,40.463287353515625
EP112025:geo:7c9ebff651ace650,EP112025,Kiko,val,2025-08-31 22:10:22+00:00,19.951090994074075,0,True,,25.19362068176269,24.851795196533203,26.25235939025879,32.35711669921875,34.963897705078125,42.09493255615234
EP112025:geo:d9714e6c3b939aa6,EP112025,Kiko,val,2025-08-31 22:20:22+00:00,20.00825143851852,0,True,,25.10877990722656,24.67832946777344,26.77116775512696,32.15338897705078,34.98640060424805,41.47168731689453
EP112025:geo:0701e1a743d152c7,EP112025,Kiko,val,2025-08-31 22:30:22+00:00,20.06541188296297,0,True,,24.71941375732422,24.241249084472656,27.26021957397461,32.10142517089844,35.402679443359375,40.70387649536133
EP112025:geo:a7534570b069db85,EP112025,Kiko,val,2025-08-31 22:40:22+00:00,20.122572327407408,0,True,,24.239782333374023,23.74698638916016,27.83129501342773,32.07451248168945,37.98647689819336,41.21312713623047
EP112025:geo:540ed1b76fd0b1a7,EP112025,Kiko,val,2025-08-31 22:50:22+00:00,20.179732771851853,0,True,,23.770551681518555,23.276979446411133,28.285175323486328,32.221160888671875,38.15380859375,41.19229888916016
EP112025:geo:b554f3f0583e78dc,EP112025,Kiko,val,2025-08-31 23:00:22+00:00,20.23689321629629,0,True,,23.07773971557617,22.58301544189453,28.62061309814453,32.67549133300781,38.0313835144043,40.91075897216797
EP112025:geo:148dee2d293cd4ed,EP112025,Kiko,val,2025-08-31 23:10:22+00:00,20.29405366074074,0,True,,22.497791290283203,21.961957931518555,28.69570541381836,32.818992614746094,40.30677032470703,39.68466567993164
EP112025:geo:554f4a351ac4cb62,EP112025,Kiko,val,2025-08-31 23:20:22+00:00,20.35121410518519,0,True,,21.96187973022461,21.42276954650879,28.646053314208984,33.080169677734375,42.15616607666016,34.59288787841797
EP112025:geo:4a06d0df0787ed37,EP112025,Kiko,val,2025-08-31 23:30:22+00:00,20.40837454962963,0,True,,22.810327529907227,22.280765533447266,28.50423049926757,33.802242279052734,41.67193222045898,34.37467193603516
EP112025:geo:612c3aa19ec0cf32,EP112025,Kiko,val,2025-08-31 23:40:22+00:00,20.46553499407408,0,True,,23.42462539672852,22.91998863220215,28.36405563354492,34.2004280090332,42.22911071777344,35.049400329589844
EP112025:geo:e94d41b5d2f4ee01,EP112025,Kiko,val,2025-08-31 23:50:22+00:00,20.52269543851852,0,True,,23.948272705078125,23.46784019470215,28.124969482421875,34.5252799987793,44.04920196533203,35.35185241699219
EP112025:geo:02e113d467ad7e2a,EP112025,Kiko,val,2025-09-01 00:00:22+00:00,20.57776,0,True,,24.270421981811523,23.80719757080078,28.315074920654297,34.639190673828125,43.34988784790039,37.16122055053711
EP112025:geo:3d81685e63c83ad5,EP112025,Kiko,val,2025-09-01 00:20:22+00:00,20.57776,0,True,,24.05801773071289,23.57564926147461,28.60357666015625,34.49037551879883,40.86335754394531,33.38820266723633
EP112025:geo:955c268fb1d99a23,EP112025,Kiko,val,2025-09-01 00:30:22+00:00,20.57776,0,True,,23.654300689697266,23.169647216796875,27.54215240478516,34.97358703613281,40.81492614746094,34.13690185546875
EP112025:geo:5534e84821aac6b8,EP112025,Kiko,val,2025-09-01 00:40:22+00:00,20.57776,0,True,,23.39447021484375,22.921735763549805,26.21927261352539,36.854122161865234,42.29212188720703,34.29983139038086
EP112025:geo:4eca09e29e03d887,EP112025,Kiko,val,2025-09-01 00:50:22+00:00,20.57776,0,True,,23.27749252319336,22.820219039916992,25.379093170166016,38.5567626953125,42.94095993041992,33.36960983276367
EP112025:geo:521fcb41957557c6,EP112025,Kiko,val,2025-09-01 01:00:22+00:00,20.57776,0,True,,23.77237319946289,23.32406234741211,25.471837997436523,39.52832412719727,42.980743408203125,30.62133026123047
EP112025:geo:91364e537fdf428a,EP112025,Kiko,val,2025-09-01 01:10:22+00:00,20.57776,0,True,,24.481584548950195,24.054594039916992,25.575475692749023,39.93792343139648,42.34399032592773,27.728126525878903
EP112025:geo:e36fb2258fdbe7f6,EP112025,Kiko,val,2025-09-01 01:20:22+00:00,20.57776,0,True,,25.14986991882324,24.73614501953125,26.164878845214844,39.745399475097656,41.61494827270508,28.87195587158203
EP112025:geo:320c2e5b292243f0,EP112025,Kiko,val,2025-09-01 01:30:22+00:00,20.57776,0,True,,25.76849365234375,25.41139411926269,26.76506805419922,38.93208694458008,40.904441833496094,30.827342987060547
EP112025:geo:5c65ece439e1e678,EP112025,Kiko,val,2025-09-01 01:40:22+00:00,20.57776,0,True,,26.333724975585938,26.03963851928711,26.54576873779297,38.0440559387207,40.179481506347656,29.794830322265625
EP112025:geo:226473bfc6f92c81,EP112025,Kiko,val,2025-09-01 01:50:22+00:00,20.57776,0,True,,26.86512756347656,26.667945861816406,26.25111961364746,36.95752716064453,39.523956298828125,26.801746368408203
EP112025:geo:f61b79e5ffa1e723,EP112025,Kiko,val,2025-09-01 02:00:22+00:00,20.57776,0,True,,27.26752662658692,27.17975234985352,26.14118385314941,36.17626190185547,38.35535430908203,27.03328895568848
EP112025:geo:224538bc8534436c,EP112025,Kiko,val,2025-09-01 02:10:22+00:00,20.57776,0,True,,27.35930633544922,27.36960220336914,26.38543128967285,35.49580383300781,37.25859069824219,29.805072784423828
EP112025:geo:724597641c3ba0da,EP112025,Kiko,val,2025-09-01 02:20:22+00:00,20.57776,0,True,,27.369972229003903,27.480302810668945,27.10279083251953,34.78757095336914,36.63385009765625,30.30086898803711
EP112025:geo:afd05fc717067c84,EP112025,Kiko,val,2025-09-01 02:30:22+00:00,20.57776,0,True,,27.27445602416992,27.29365539550781,26.48663330078125,33.70547866821289,34.688865661621094,29.484073638916016
EP112025:geo:49e20db5329f7a17,EP112025,Kiko,val,2025-09-01 02:40:22+00:00,20.57776,0,True,,27.186786651611328,27.027767181396484,25.478769302368164,33.46186065673828,33.8731689453125,30.148700714111328
EP112025:geo:88b470e129424203,EP112025,Kiko,val,2025-09-01 02:50:22+00:00,20.57776,0,True,,27.305912017822266,27.003278732299805,24.809907913208008,32.4581413269043,32.075775146484375,30.63405990600586
EP112025:geo:69e6a40763caf598,EP112025,Kiko,val,2025-09-01 03:00:22+00:00,20.57776,0,True,,26.97690773010254,26.415754318237305,25.472553253173828,31.259496688842773,30.31012916564941,32.83097076416016
EP112025:geo:b6c3d353169c5f30,EP112025,Kiko,val,2025-09-01 03:10:22+00:00,20.57776,0,True,,26.659893035888672,26.00581932067871,25.87993049621582,30.033620834350582,28.97568893432617,29.639236450195312
EP112025:geo:4d778f89c7684a24,EP112025,Kiko,val,2025-09-01 03:20:22+00:00,20.57776,0,True,,26.352554321289062,25.62771987915039,25.71110725402832,28.92361068725586,27.98386001586914,30.74654769897461
EP112025:geo:351c8428f4c43b0e,EP112025,Kiko,val,2025-09-01 03:30:22+00:00,20.57776,0,True,,26.05340576171875,25.27151298522949,25.121078491210938,28.28472328186035,27.5210189819336,34.684791564941406
EP112025:geo:610474c7498a7d8b,EP112025,Kiko,val,2025-09-01 03:40:22+00:00,20.57776,0,True,,25.975914001464844,25.13210868835449,24.32005500793457,27.68181037902832,26.64295959472656,37.045928955078125
EP112025:geo:4367ae15937a4fef,EP112025,Kiko,val,2025-09-01 03:50:22+00:00,20.57776,0,True,,26.190649032592773,25.2315616607666,24.20355987548828,27.23590850830078,26.07268524169922,35.01070785522461
EP112025:geo:7f42e9f25700eaa1,EP112025,Kiko,val,2025-09-01 04:00:22+00:00,20.57776,0,True,,26.504440307617188,25.421083450317383,24.21155166625977,26.80763435363769,25.56193351745605,32.67702865600586
EP112025:geo:5505e53a89c54ef5,EP112025,Kiko,val,2025-09-01 04:10:22+00:00,20.57776,0,True,,26.65999984741211,25.503734588623047,24.60239601135254,26.555095672607425,25.24080276489257,33.07143783569336
EP112025:geo:d1b06529894f2df9,EP112025,Kiko,val,2025-09-01 04:20:22+00:00,20.57776,0,True,,26.69327545166016,25.49829864501953,24.70891189575196,26.341472625732425,25.01908493041992,34.65082550048828
EP112025:geo:d094c44462dee491,EP112025,Kiko,val,2025-09-01 04:30:22+00:00,20.57776,0,True,,26.71041488647461,25.49115943908692,24.565155029296875,26.17189598083496,24.79938697814941,34.675262451171875
EP112025:geo:59a1d065843501c9,EP112025,Kiko,val,2025-09-01 04:40:22+00:00,20.57776,0,True,,26.736553192138672,25.50027656555176,24.492286682128903,25.942358016967773,24.539813995361328,32.16116714477539
EP112025:geo:75eaecace3427205,EP112025,Kiko,val,2025-09-01 04:50:22+00:00,20.57776,0,True,,26.67815589904785,25.423219680786133,24.399412155151367,26.17912101745605,24.78415870666504,30.13573265075684
EP112025:geo:17ddae964a9cadd9,EP112025,Kiko,val,2025-09-01 05:00:22+00:00,20.57776,0,True,,26.51343536376953,25.239341735839844,23.949262619018555,26.702781677246094,25.28116035461425,30.707904815673828
EP112025:geo:5379ef0614b60314,EP112025,Kiko,val,2025-09-01 05:10:22+00:00,20.57776,0,True,,26.4818115234375,25.195003509521484,23.32637023925781,28.10603713989257,26.514667510986328,31.97822952270508
EP112025:geo:c88a0fc2c3c0ff5d,EP112025,Kiko,val,2025-09-01 05:20:22+00:00,20.57776,0,True,,26.09168815612793,24.79980087280273,22.955463409423828,29.337854385375977,27.645580291748047,31.752296447753903
EP112025:geo:235799ffb1415851,EP112025,Kiko,val,2025-09-01 05:30:22+00:00,20.57776,0,True,,25.67173767089844,24.370864868164062,22.759017944335938,30.45264434814453,28.71710777282715,31.47602081298828
EP112025:geo:be2e3a8359174f87,EP112025,Kiko,val,2025-09-01 05:40:22+00:00,20.57776,0,True,,25.20691299438477,23.89683532714844,22.60945510864257,31.05967140197754,29.203617095947266,35.224613189697266
EP112025:geo:235365864f90fa2d,EP112025,Kiko,val,2025-09-01 05:50:22+00:00,20.57776,0,True,,24.827735900878903,23.511749267578125,22.35713577270508,31.585084915161133,29.764753341674805,38.13037109375
EP112025:geo:f42725a1a62d3007,EP112025,Kiko,val,2025-09-01 06:00:22+00:00,20.580903824444444,0,True,,24.589824676513672,23.26317024230957,22.21745109558105,31.89924049377441,30.02113914489746,43.177528381347656
EP112025:geo:48cc81ef50a06f73,EP112025,Kiko,val,2025-09-01 06:10:22+00:00,20.66664449111111,0,True,,24.355228424072266,23.01865768432617,22.15266799926757,32.15561294555664,30.128463745117188,44.1146354675293
EP112025:geo:a1fdc7ce4a5eb933,EP112025,Kiko,val,2025-09-01 06:20:22+00:00,20.75238515777778,0,True,,24.155948638916016,22.811084747314453,22.06733703613281,32.583045959472656,30.44441032409668,42.97953796386719
EP112025:geo:2ee4b098d79dea14,EP112025,Kiko,val,2025-09-01 06:30:22+00:00,20.838125824444443,0,True,,24.008033752441406,22.648399353027344,22.19652366638184,32.819732666015625,30.62118530273437,40.47611999511719
EP112025:geo:fba6521842b0a383,EP112025,Kiko,val,2025-09-01 06:40:22+00:00,20.92386649111111,0,True,,23.768903732299805,22.39992904663086,22.172237396240234,32.906944274902344,30.87991714477539,39.5777473449707
EP112025:geo:91d722780abd5c12,EP112025,Kiko,val,2025-09-01 06:50:22+00:00,21.00960715777778,0,True,,23.491588592529297,22.114755630493164,21.978086471557617,32.95161819458008,31.0244083404541,38.41090774536133
EP112025:geo:3a5e3cb31c72bf88,EP112025,Kiko,val,2025-09-01 07:00:22+00:00,21.095347824444445,0,True,,23.270431518554688,21.885046005249023,22.108980178833008,32.80923080444336,31.379613876342773,36.652122497558594
EP112025:geo:d96a2002b39a2310,EP112025,Kiko,val,2025-09-01 07:10:22+00:00,21.18108849111111,0,True,,23.068035125732425,21.679155349731445,22.099044799804688,32.74300765991211,31.790037155151367,34.97098159790039
EP112025:geo:f2b5778727c430e8,EP112025,Kiko,val,2025-09-01 07:20:22+00:00,21.26682915777777,0,True,,22.91607666015625,21.521690368652344,21.958585739135746,32.78886413574219,32.28702926635742,34.34135818481445
EP112025:geo:d625190549efdb8f,EP112025,Kiko,val,2025-09-01 07:30:22+00:00,21.352569824444444,0,True,,22.80832290649414,21.40780258178711,22.42758560180664,32.88451385498047,32.769996643066406,34.96399688720703
EP112025:geo:1f5b58148d3819dc,EP112025,Kiko,val,2025-09-01 07:40:22+00:00,21.43831049111111,0,True,,22.71384048461914,21.30982780456543,22.87576675415039,32.91252517700195,33.58853530883789,36.48591613769531
EP112025:geo:daa6d184fd0d51a4,EP112025,Kiko,val,2025-09-01 07:50:22+00:00,21.52405115777778,0,True,,22.58913803100586,21.179420471191406,23.136823654174805,32.77851104736328,34.56083679199219,37.1114387512207
EP112025:geo:218260a042a93018,EP112025,Kiko,val,2025-09-01 08:00:22+00:00,21.609791824444443,0,True,,22.53917694091797,21.12566375732422,23.405786514282227,32.549072265625,35.0589714050293,39.02076721191406
EP112025:geo:52e0b16afc663205,EP112025,Kiko,val,2025-09-01 08:10:22+00:00,21.69553249111111,0,True,,22.61523628234864,21.195507049560547,23.635440826416016,32.31932830810547,35.47850799560547,40.15324783325195
EP112025:geo:0b06d1534c0ead48,EP112025,Kiko,val,2025-09-01 08:20:22+00:00,21.78127315777778,0,True,,22.63289833068848,21.2069091796875,23.70458984375,32.01289367675781,34.987850189208984,39.66320037841797
EP112025:geo:c19067535ec3864d,EP112025,Kiko,val,2025-09-01 08:30:22+00:00,21.867013824444445,0,True,,22.6440486907959,21.21106719970703,23.74444580078125,31.62126350402832,34.203556060791016,41.82204818725586
EP112025:geo:002505e9d8e9cfbf,EP112025,Kiko,val,2025-09-01 08:40:22+00:00,21.95275449111111,0,True,,22.599809646606445,21.16155242919922,23.80690574645996,30.9905014038086,33.2737922668457,41.99951934814453
EP112025:geo:2f454a38c1a497d9,EP112025,Kiko,val,2025-09-01 08:50:24+00:00,22.038780960000004,0,True,,22.530725479125977,21.08921241760254,23.79838752746582,30.575607299804688,32.43510818481445,39.95709991455078
EP112025:geo:bd774fff6e542719,EP112025,Kiko,val,2025-09-01 09:00:26+00:00,22.123568952592592,0,True,,23.920902252197266,22.431995391845703,20.749380111694336,30.532958984375,32.06698989868164,37.99468612670898
EP112025:geo:a36900e5875b5ed9,EP112025,Kiko,val,2025-09-01 09:10:22+00:00,22.18034832740741,0,True,,23.93305778503418,22.417858123779297,20.846866607666016,30.623607635498047,31.80621910095215,36.87865447998047
EP112025:geo:664d86d105f122f7,EP112025,Kiko,val,2025-09-01 09:20:22+00:00,22.237508771851854,0,True,,24.23780632019043,22.707809448242188,20.621971130371094,30.902328491210938,31.781869888305664,32.758201599121094
EP112025:geo:d8235e2c4152a178,EP112025,Kiko,val,2025-09-01 09:30:22+00:00,22.29466921629629,0,True,,24.27733993530273,22.75012969970703,20.874774932861328,31.513412475585938,32.282447814941406,30.531982421875
EP112025:geo:4a30e46f75d2a362,EP112025,Kiko,val,2025-09-01 09:40:22+00:00,22.35182966074074,0,True,,24.32386779785156,22.79672813415528,21.016000747680664,32.15089416503906,32.89778518676758,28.56758499145508
EP112025:geo:3cd92a8f209c4ff2,EP112025,Kiko,val,2025-09-01 09:50:22+00:00,22.408990105185183,0,True,,24.56531524658203,23.0372257232666,21.047607421875,32.53141403198242,33.210784912109375,29.382612228393555
EP112025:geo:037bf6bbc030820b,EP112025,Kiko,val,2025-09-01 10:00:22+00:00,22.46615054962963,0,True,,24.80015182495117,23.277761459350582,20.963340759277344,32.823856353759766,33.58491516113281,31.735557556152344
EP112025:geo:12e86f07c4fb7030,EP112025,Kiko,val,2025-09-01 10:10:22+00:00,22.52331099407408,0,True,,24.929096221923828,23.42186164855957,20.79630279541016,33.021881103515625,34.003456115722656,33.60708236694336
EP112025:geo:b88bcf6b52e755e7,EP112025,Kiko,val,2025-09-01 10:20:22+00:00,22.58047143851852,0,True,,25.08746719360352,23.60147476196289,20.55380249023437,32.789894104003906,34.20045852661133,35.50157928466797
EP112025:geo:fac91704b5d2f863,EP112025,Kiko,val,2025-09-01 10:30:22+00:00,22.637631882962964,0,True,,25.366682052612305,23.91081428527832,20.325183868408203,32.345733642578125,34.01898956298828,36.927345275878906
EP112025:geo:e71cd5cd3bd56495,EP112025,Kiko,val,2025-09-01 10:40:22+00:00,22.69479232740741,0,True,,25.691146850585938,24.27069091796875,20.14546775817871,31.81173515319824,32.43118667602539,39.69792938232422
EP112025:geo:cc123680262d73ff,EP112025,Kiko,val,2025-09-01 10:50:22+00:00,22.75195277185185,0,True,,26.12241554260254,24.724681854248047,20.0041446685791,31.192113876342773,31.242361068725582,41.154693603515625
EP112025:geo:07e51f341ebe7f99,EP112025,Kiko,val,2025-09-01 11:00:22+00:00,22.809113216296296,0,True,,26.803932189941406,25.420482635498047,19.87826919555664,30.461030960083008,31.176742553710938,42.34680938720703
EP112025:geo:ec3f6e3c7853b219,EP112025,Kiko,val,2025-09-01 11:10:22+00:00,22.86627366074074,0,True,,27.80052757263184,26.45280838012696,19.91997528076172,30.23105239868164,31.14582633972168,40.62297821044922
EP112025:geo:ac5240c5b6925eb8,EP112025,Kiko,val,2025-09-01 11:20:22+00:00,22.923434105185187,0,True,,28.4586181640625,27.16208267211914,19.82925796508789,31.397884368896484,33.618804931640625,40.9825439453125
EP112025:geo:bb5def476d66ff49,EP112025,Kiko,val,2025-09-01 11:30:22+00:00,22.98059454962963,0,True,,29.1358585357666,27.822025299072266,19.7742919921875,32.99488067626953,35.65037536621094,40.81103515625
EP112025:geo:12fa8d3c0a579c5e,EP112025,Kiko,val,2025-09-01 11:40:22+00:00,23.037754994074074,0,True,,29.92825698852539,28.61911964416504,20.080671310424805,34.195186614990234,36.86036682128906,39.786903381347656
EP112025:geo:04d8d148230e470d,EP112025,Kiko,val,2025-09-01 11:50:22+00:00,23.09491543851852,0,True,,30.70918846130371,29.431276321411133,20.308094024658203,35.97991180419922,38.228763580322266,35.734275817871094
EP112025:geo:310744f891bd5adf,EP112025,Kiko,val,2025-09-01 12:00:22+00:00,23.155219707407408,0,True,,31.502159118652344,30.280067443847656,20.50938415527344,36.8585319519043,38.48998641967773,33.06291961669922
EP112025:geo:c7e18980417907be,EP112025,Kiko,val,2025-09-01 12:10:22+00:00,23.29812081851852,0,True,,31.807540893554688,30.67143821716309,20.623668670654297,38.57544708251953,40.00109100341797,36.59271240234375
EP112025:geo:481f8bd07712442e,EP112025,Kiko,val,2025-09-01 12:20:22+00:00,23.44102192962963,0,True,,31.252944946289062,30.18670463562012,20.58311080932617,40.18380355834961,41.598854064941406,37.81422805786133
EP112025:geo:d1636dbd519eebc6,EP112025,Kiko,val,2025-09-01 12:30:22+00:00,23.583923040740743,0,True,,30.24251365661621,29.262252807617188,20.5152587890625,41.36222457885742,42.82810592651367,37.10875701904297
EP112025:geo:ade9176a7e7bb022,EP112025,Kiko,val,2025-09-01 12:40:22+00:00,23.72682415185185,0,True,,29.32769012451172,28.311508178710938,20.655170440673828,41.49288558959961,42.587547302246094,33.66355514526367
EP112025:geo:a9c8573543f74591,EP112025,Kiko,val,2025-09-01 12:50:22+00:00,23.86972526296296,0,True,,28.98251342773437,28.013813018798828,20.8413143157959,41.84630584716797,43.0008659362793,30.853553771972656
EP112025:geo:666fcf1c7db351b7,EP112025,Kiko,val,2025-09-01 13:00:22+00:00,24.01262637407408,0,True,,29.272937774658203,28.24689674377441,20.608118057250977,42.229434967041016,43.57381057739258,31.12550163269043
EP112025:geo:1d7f10bf5346ffbf,EP112025,Kiko,val,2025-09-01 13:10:22+00:00,24.155527485185186,0,True,,29.847612380981445,28.85754776000977,20.375537872314453,42.590599060058594,43.93041610717773,31.96370315551757
EP112025:geo:7f1700014f1d38a5,EP112025,Kiko,val,2025-09-01 13:20:22+00:00,24.298428596296297,0,True,,29.703474044799805,28.656599044799805,20.566970825195312,41.87159729003906,43.27152633666992,30.619356155395508
EP112025:geo:6c6fc92302cd89a0,EP112025,Kiko,val,2025-09-01 13:30:22+00:00,24.44132970740741,0,True,,29.66094970703125,28.682842254638672,20.93107414245605,41.04018783569336,42.27681350708008,29.70095443725586
EP112025:geo:3755c2c726465e5c,EP112025,Kiko,val,2025-09-01 13:40:22+00:00,24.58423081851852,0,True,,28.700244903564453,27.66935157775879,21.2952938079834,39.79634094238281,40.97881317138672,31.650508880615234
EP112025:geo:a7166b0a2b8ca9cf,EP112025,Kiko,val,2025-09-01 13:50:22+00:00,24.727131929629632,0,True,,27.58883285522461,26.323627471923828,21.5980167388916,38.03807830810547,39.39635467529297,33.91302490234375
EP112025:geo:58f76a2b15eb0d28,EP112025,Kiko,val,2025-09-01 14:00:22+00:00,24.870033040740744,0,True,,27.065109252929688,25.756267547607425,21.795597076416016,37.08091354370117,38.3977165222168,34.39482116699219
EP112025:geo:82aa91558be0a5fa,EP112025,Kiko,val,2025-09-01 14:10:22+00:00,25.01293415185185,0,True,,26.63199615478516,25.428125381469727,21.7536849975586,35.990177154541016,37.28066253662109,34.433162689208984
EP112025:geo:9e7b7ad2cba4cce0,EP112025,Kiko,val,2025-09-01 14:20:22+00:00,25.155835262962963,0,True,,26.341732025146484,25.498579025268555,21.58470344543457,34.978294372558594,36.68362808227539,31.996904373168945
EP112025:geo:ce6d7eda29923b69,EP112025,Kiko,val,2025-09-01 14:30:22+00:00,25.298736374074075,0,True,,25.91865921020508,25.30776596069336,21.323074340820312,34.101009368896484,36.55885314941406,29.00275421142578
EP112025:geo:8b2e7f8baa874885,EP112025,Kiko,val,2025-09-01 14:40:22+00:00,25.441637485185183,0,True,,25.389381408691406,24.87346649169922,21.219528198242188,33.067413330078125,37.03877258300781,26.676166534423828
EP112025:geo:62b0da626809f980,EP112025,Kiko,val,2025-09-01 14:50:22+00:00,25.58453859629629,0,True,,24.863182067871094,24.20835876464844,20.992626190185547,32.853759765625,38.06326675415039,26.07234001159668
EP112025:geo:c6bfced776844b89,EP112025,Kiko,val,2025-09-01 15:05:22+00:00,25.798890262962964,0,True,,26.214767456054688,25.267152786254883,20.98766326904297,32.63279342651367,38.65201568603516,26.688566207885746
EP112025:geo:af6b93da9f359d2e,EP112025,Kiko,val,2025-09-01 15:10:22+00:00,25.87034081851852,0,True,,26.0723934173584,25.131345748901367,20.769027709960938,32.71762466430664,39.24773406982422,27.67356300354004
EP112025:geo:bf792ed7b690b0d5,EP112025,Kiko,val,2025-09-01 15:20:22+00:00,26.01324192962964,0,True,,25.85870933532715,24.9299373626709,20.39220428466797,32.75812149047852,38.976558685302734,31.769155502319336
EP112025:geo:54cdd8d685d26516,EP112025,Kiko,val,2025-09-01 15:30:22+00:00,26.156143040740744,0,True,,25.61225891113281,24.65367889404297,20.02411651611328,32.80084228515625,37.16584777832031,39.03652191162109
EP112025:geo:471d0c3574531b13,EP112025,Kiko,val,2025-09-01 15:40:22+00:00,26.29904415185185,0,True,,24.942142486572266,23.97473907470703,19.73448181152344,33.1816291809082,36.55948257446289,42.61328506469727
EP112025:geo:43f67fc5837de192,EP112025,Kiko,val,2025-09-01 15:50:22+00:00,26.441945262962964,0,True,,24.17850685119629,23.20869827270508,19.428850173950195,33.403804779052734,36.59822845458984,40.89239501953125
EP112025:geo:44eee75162ec2cf5,EP112025,Kiko,val,2025-09-01 16:00:20+00:00,26.58437003703704,0,True,,24.398378372192383,23.39460563659668,19.20408821105957,33.61301803588867,35.994895935058594,37.86602020263672
EP112025:geo:47eee75a706552b4,EP112025,Kiko,val,2025-09-01 16:10:20+00:00,26.727271148148148,0,True,,25.794736862182617,24.701400756835938,19.09205436706543,34.1130485534668,35.8237419128418,36.57733154296875
EP112025:geo:6f4a67dd2da6ee2d,EP112025,Kiko,val,2025-09-01 16:20:20+00:00,26.87017225925926,0,True,,26.479597091674805,25.329360961914062,19.457857131958008,34.43107604980469,35.72038650512695,37.56840896606445
EP112025:geo:05a35370f91f5f99,EP112025,Kiko,val,2025-09-01 16:30:20+00:00,27.01307337037037,0,True,,26.822067260742188,25.65373992919922,20.0593376159668,34.47747802734375,35.48258972167969,37.0330810546875
EP112025:geo:4face8b2ef6727ec,EP112025,Kiko,val,2025-09-01 16:40:20+00:00,27.155974481481483,0,True,,27.075910568237305,25.9105224609375,20.953702926635746,34.17316055297852,34.99314880371094,35.294620513916016
EP112025:geo:388ae74a527dc17c,EP112025,Kiko,val,2025-09-01 16:50:20+00:00,27.298875592592594,0,True,,27.051332473754883,25.9075984954834,21.69203758239746,33.72136688232422,34.45320510864258,32.46998596191406
EP112025:geo:c10c71ef85a5c382,EP112025,Kiko,val,2025-09-01 17:00:20+00:00,27.441776703703702,0,True,,26.92876434326172,25.80228805541992,22.207735061645508,33.40901184082031,34.2197265625,29.52471160888672
EP112025:geo:999033881665eb3f,EP112025,Kiko,val,2025-09-01 17:10:20+00:00,27.58467781481481,0,True,,26.911121368408203,25.818639755249023,22.35546112060547,33.19631576538086,34.28181838989258,28.65412712097168
EP112025:geo:5a6be49246718713,EP112025,Kiko,val,2025-09-01 17:20:20+00:00,27.72757892592593,0,True,,26.756277084350582,25.71590042114257,22.47144317626953,32.91558837890625,34.35885238647461,28.72216987609864
EP112025:geo:081ca27b1ba889f7,EP112025,Kiko,val,2025-09-01 17:30:20+00:00,27.87048003703704,0,True,,26.58955955505371,25.588848114013672,22.379470825195312,32.6287841796875,35.292354583740234,28.78727149963379
EP112025:geo:e6802dcd17e76791,EP112025,Kiko,val,2025-09-01 17:40:20+00:00,28.01338114814815,0,True,,26.49225807189941,25.519336700439453,22.25594520568848,32.27395248413086,36.61904144287109,28.6628532409668
EP112025:geo:0d17a22d206d0c6f,EP112025,Kiko,val,2025-09-01 17:50:20+00:00,28.15628225925926,0,True,,26.517837524414062,25.571327209472656,21.90564346313477,31.88267517089844,38.1251335144043,28.00180625915528
EP112025:geo:ef063e3616e6f5aa,EP112025,Kiko,val,2025-09-01 18:00:20+00:00,28.29442,0,True,,26.720706939697266,25.7885856628418,21.503559112548828,31.64339828491211,39.35380935668945,27.12732696533203
EP112025:geo:4f9a524a9d00b527,EP112025,Kiko,val,2025-09-01 18:10:20+00:00,28.29442,0,True,,27.052265167236328,26.128192901611328,21.52171516418457,31.36459350585937,38.83071899414063,27.65951538085937
EP112025:geo:a0100b1a48f62a92,EP112025,Kiko,val,2025-09-01 18:20:20+00:00,28.29442,0,True,,27.23380279541016,26.32270812988281,21.740758895874023,31.1625919342041,38.15306854248047,28.460962295532227
EP112025:geo:6bc9794fb67f4c1c,EP112025,Kiko,val,2025-09-01 18:30:20+00:00,28.29442,0,True,,27.403709411621094,26.50530242919922,21.85711097717285,30.669477462768555,37.36681365966797,28.21539878845215
EP112025:geo:4ae66ce229a7fc22,EP112025,Kiko,val,2025-09-01 18:40:20+00:00,28.29442,0,True,,27.314594268798828,26.43614387512207,22.04849433898925,30.021413803100582,36.41295623779297,28.19129753112793
EP112025:geo:7a2ab6889466f5fa,EP112025,Kiko,val,2025-09-01 18:50:20+00:00,28.29442,0,True,,26.98439216613769,26.15815162658692,22.077526092529297,29.07939338684082,35.11100387573242,30.036104202270508
EP112025:geo:d954cd1736165735,EP112025,Kiko,val,2025-09-01 19:00:20+00:00,28.29442,0,True,,26.206897735595703,25.48749732971192,22.22274780273437,28.005006790161133,34.68299865722656,35.737430572509766
EP112025:geo:42855e3dfaf9bcd4,EP112025,Kiko,val,2025-09-01 19:10:20+00:00,28.29442,0,True,,24.31858253479004,23.885684967041016,22.250444412231445,28.29899978637696,35.728843688964844,38.07358551025391
EP112025:geo:bc5911acad002176,EP112025,Kiko,val,2025-09-01 19:20:20+00:00,28.29442,0,True,,21.994686126708984,21.61680221557617,22.35060310363769,28.56731605529785,36.69866943359375,34.23052978515625
EP112025:geo:c48d0703ded7e4a1,EP112025,Kiko,val,2025-09-01 19:30:20+00:00,28.29442,0,True,,22.51991081237793,22.15160179138184,22.41701316833496,28.46453094482422,33.79449844360352,30.23544311523437
EP112025:geo:be920859e19500c9,EP112025,Kiko,val,2025-09-01 19:40:20+00:00,28.29442,0,True,,22.99549674987793,22.898950576782227,22.70005798339844,28.844970703125,32.771915435791016,29.114234924316406
EP112025:geo:6e4418e230977d94,EP112025,Kiko,val,2025-09-01 19:50:20+00:00,28.29442,0,True,,23.100833892822266,23.420089721679688,22.811084747314453,29.421743392944336,33.55071258544922,30.234752655029297
EP112025:geo:b88b032d5a39a2d2,EP112025,Kiko,val,2025-09-01 20:00:20+00:00,28.29442,0,True,,22.71109771728516,23.8613224029541,22.92057228088379,29.774959564208984,34.95429229736328,33.082454681396484
EP112025:geo:6f9fdb719388d87b,EP112025,Kiko,val,2025-09-01 20:10:20+00:00,28.29442,0,True,,22.278289794921875,23.880693435668945,22.914527893066406,30.33279037475586,35.66368103027344,30.95325469970703
EP112025:geo:b2cd122dbdcdd04d,EP112025,Kiko,val,2025-09-01 20:20:20+00:00,28.29442,0,True,,22.379329681396484,23.58353614807129,22.62601661682129,31.56159019470215,36.17546081542969,30.13755989074707
EP112025:geo:8f38194fe28df263,EP112025,Kiko,val,2025-09-01 20:30:20+00:00,28.29442,0,True,,22.42105484008789,23.14413833618164,22.418651580810547,32.15838623046875,35.582000732421875,30.84890365600586
EP112025:geo:37b3389cb3142033,EP112025,Kiko,val,2025-09-01 20:40:20+00:00,28.29442,0,True,,22.34587860107422,22.794113159179688,22.13289260864257,32.10810089111328,34.98413848876953,30.66952514648437
EP112025:geo:2e804e267b343d27,EP112025,Kiko,val,2025-09-01 20:50:20+00:00,28.29442,0,True,,22.347312927246094,22.612319946289062,21.813907623291016,31.65332221984864,34.451446533203125,28.44618797302246
EP112025:geo:59d38194a1dc7233,EP112025,Kiko,val,2025-09-01 21:00:20+00:00,28.29442,0,True,,27.74247932434082,26.955368041992188,26.180944442749023,30.972320556640625,33.51743698120117,27.66214370727539
EP112025:geo:45bfaed491f38575,EP112025,Kiko,val,2025-09-01 21:10:20+00:00,28.29442,0,True,,27.831518173217773,27.136388778686523,25.348840713500977,30.18128967285156,32.568885803222656,27.263578414916992
EP112025:geo:7fe313e3aa75d055,EP112025,Kiko,val,2025-09-01 21:20:20+00:00,28.29442,0,True,,27.884418487548828,27.347383499145508,24.5839958190918,29.260303497314453,31.713308334350582,26.46041488647461
EP112025:geo:45e1b1ab2340b7c6,EP112025,Kiko,val,2025-09-01 21:30:20+00:00,28.29442,0,True,,28.05958747863769,27.75557518005371,24.05048561096192,28.662208557128903,31.14830780029297,28.024311065673828
EP112025:geo:87e289093eb6c156,EP112025,Kiko,val,2025-09-01 21:40:20+00:00,28.29442,0,True,,28.1143856048584,28.12657165527344,23.548852920532227,28.47208595275879,30.747915267944336,28.84840965270996
EP112025:geo:0410f85972f8a554,EP112025,Kiko,val,2025-09-01 21:50:20+00:00,28.29442,0,True,,27.985376358032227,28.16436767578125,23.512081146240234,28.544551849365234,30.607898712158203,27.76601219177246
EP112025:geo:ae337ee1487f8a85,EP112025,Kiko,val,2025-09-01 22:00:20+00:00,28.29442,0,True,,27.985246658325195,28.16179275512696,23.374343872070312,28.597715377807617,30.60443878173828,27.150245666503903
EP112025:geo:07a8718818ddf6e3,EP112025,Kiko,val,2025-09-01 22:10:20+00:00,28.29442,0,True,,28.03514289855957,28.30142974853516,23.1582260131836,28.565662384033203,30.64704132080078,26.756816864013672
EP112025:geo:acdfafa880c03e7d,EP112025,Kiko,val,2025-09-01 22:20:20+00:00,28.29442,0,True,,28.073549270629883,28.506378173828125,23.01326942443848,28.475160598754883,30.928266525268555,26.29445075988769
EP112025:geo:3b88325c46fea7a1,EP112025,Kiko,val,2025-09-01 22:30:20+00:00,28.29442,0,True,,28.10766220092773,28.55516242980957,23.09018325805664,28.02660751342773,30.73407745361328,26.61065673828125
EP112025:geo:3c93a79adf5a61af,EP112025,Kiko,val,2025-09-01 22:40:20+00:00,28.29442,0,True,,28.05375289916992,28.41239356994629,23.619779586791992,27.75200843811035,30.726058959960938,26.77400588989257
EP112025:geo:f5f349477707f5d7,EP112025,Kiko,val,2025-09-01 22:50:20+00:00,28.29442,0,True,,27.914287567138672,28.187389373779297,23.807085037231445,27.392879486083984,30.3885440826416,28.0748291015625
EP112025:geo:7e6100927b85f8f0,EP112025,Kiko,val,2025-09-01 23:00:20+00:00,28.29442,0,True,,27.98725318908692,28.191722869873047,23.856752395629883,26.60570907592773,29.644590377807617,30.10796546936035
EP112025:geo:3173f056fbddb0a5,EP112025,Kiko,val,2025-09-01 23:10:20+00:00,28.29442,0,True,,28.402374267578125,28.54380416870117,23.843843460083008,26.58882713317871,29.71812629699707,32.718406677246094
EP112025:geo:3f52c45847def86d,EP112025,Kiko,val,2025-09-01 23:20:20+00:00,28.29442,0,True,,28.66514778137207,28.77816390991211,23.61732292175293,26.887908935546875,30.09840202331543,36.583595275878906
EP112025:geo:1c2fb6eaef9a6835,EP112025,Kiko,val,2025-09-01 23:30:20+00:00,28.29442,0,True,,28.859146118164062,28.97181510925293,23.480113983154297,27.256946563720703,30.472047805786133,38.99755096435547
EP112025:geo:85692dfbd87285b5,EP112025,Kiko,val,2025-09-01 23:40:20+00:00,28.29442,0,True,,28.96888542175293,29.09720039367676,23.463207244873047,28.0144271850586,31.16975975036621,36.20995330810547
EP112025:geo:80bbcab94e0a12b1,EP112025,Kiko,val,2025-09-01 23:50:20+00:00,28.29442,0,True,,29.15453338623047,29.302295684814453,23.69730758666992,28.28120231628418,31.26326942443848,32.562313079833984
EP112025:geo:e6f4d2c92336137b,EP112025,Kiko,val,2025-09-02 00:00:20+00:00,28.29918337037037,0,True,,29.27374839782715,29.71024703979492,23.667728424072266,28.97891998291016,31.45648193359375,32.84870529174805
EP112025:geo:c955a833e8d61f91,EP112025,Kiko,val,2025-09-02 00:10:20+00:00,28.442084481481483,0,True,,28.03949737548828,28.236305236816406,23.46634101867676,30.461780548095703,32.350074768066406,38.19158935546875
EP112025:geo:cb760660f621a3e5,EP112025,Kiko,val,2025-09-02 00:20:20+00:00,28.584985592592595,0,True,,27.17906188964844,27.288389205932617,23.14560317993164,31.41685485839844,33.10232162475586,41.19485092163086
EP112025:geo:e89edfbf8d09a77b,EP112025,Kiko,val,2025-09-02 00:30:20+00:00,28.727886703703707,0,True,,28.0256462097168,28.030811309814453,23.383132934570312,32.742027282714844,35.00556945800781,45.217960357666016
EP112025:geo:1895f38df54e2d9a,EP112025,Kiko,val,2025-09-02 00:40:20+00:00,28.87078781481481,0,True,,28.42892837524414,28.547195434570312,23.67682647705078,33.478572845458984,35.488887786865234,43.62444305419922
EP112025:geo:0146d99596a44f87,EP112025,Kiko,val,2025-09-02 00:50:20+00:00,29.013688925925926,0,True,,28.73091125488281,29.003324508666992,23.536863327026367,34.08415603637695,35.98863220214844,40.80191421508789
EP112025:geo:7929379448d224b0,EP112025,Kiko,val,2025-09-02 01:00:20+00:00,29.15659003703704,0,True,,28.985610961914062,29.446840286254883,23.325803756713867,34.63087463378906,36.624603271484375,38.75214767456055
EP112025:geo:5f1b1e5cc0c7a3d5,EP112025,Kiko,val,2025-09-02 01:10:20+00:00,29.29949114814815,0,True,,29.28963279724121,29.820640563964844,23.02297782897949,35.26658630371094,38.13001251220703,37.67511749267578
EP112025:geo:7def26ca2b6ffd9a,EP112025,Kiko,val,2025-09-02 01:20:20+00:00,29.44239225925926,0,True,,29.759353637695312,30.23005485534668,22.785785675048828,35.96354675292969,40.52176284790039,38.11946105957031
EP112025:geo:a4ae2a3f3ee0fe5d,EP112025,Kiko,val,2025-09-02 01:30:20+00:00,29.585293370370373,0,True,,30.160181045532227,30.453834533691406,22.822248458862305,36.22756576538086,42.24408721923828,41.58161926269531
EP112025:geo:0c2f8a7a48d35dd9,EP112025,Kiko,val,2025-09-02 01:40:20+00:00,29.728194481481484,0,True,,30.523656845092773,30.538667678833008,22.90049171447754,36.5670280456543,43.44802474975586,42.43074798583984
EP112025:geo:b12e2ba16906547e,EP112025,Kiko,val,2025-09-02 01:50:20+00:00,29.8710955925926,0,True,,30.796445846557617,30.486661911010746,22.85480117797852,37.200660705566406,42.88603591918945,35.984031677246094
EP112025:geo:8e1d429fb48a9694,EP112025,Kiko,val,2025-09-02 02:00:20+00:00,30.013996703703707,0,True,,31.225521087646484,30.63003158569336,22.76092338562012,37.30607604980469,41.91802597045898,30.89888381958008
EP112025:geo:753926d73af54fec,EP112025,Kiko,val,2025-09-02 02:10:20+00:00,30.15689781481481,0,True,,31.596813201904297,30.81724739074707,22.689435958862305,37.339874267578125,41.43470764160156,28.31876945495605
EP112025:geo:9228827da3e2041d,EP112025,Kiko,val,2025-09-02 02:20:20+00:00,30.299798925925923,0,True,,31.356990814208984,30.60502815246582,22.602128982543945,36.91501998901367,40.99595260620117,26.51857566833496
EP112025:geo:c4b5887789d4d4de,EP112025,Kiko,val,2025-09-02 02:30:20+00:00,30.442700037037035,0,True,,31.069801330566406,30.32805633544922,22.412960052490234,35.06144714355469,39.23853302001953,27.0139217376709
EP112025:geo:c29d24822ba5f7da,EP112025,Kiko,val,2025-09-02 02:40:20+00:00,30.585601148148147,0,True,,30.784395217895508,29.96682929992676,21.921714782714844,33.806888580322266,36.97201156616211,27.11184310913086
EP112025:geo:597a8d66fe4f2fa2,EP112025,Kiko,val,2025-09-02 02:50:20+00:00,30.72850225925926,0,True,,29.783428192138672,28.925058364868164,20.918428421020508,32.79581832885742,35.16555404663086,27.599252700805664
EP112025:geo:0ebac5a30f33ec1f,EP112025,Kiko,val,2025-09-02 03:00:20+00:00,30.87140337037037,0,True,,27.45565414428711,26.80845832824707,21.20859909057617,31.600238800048828,33.75889587402344,27.501604080200195
EP112025:geo:2dd2e4c982ebc82e,EP112025,Kiko,val,2025-09-02 03:10:20+00:00,31.01430448148148,0,True,,26.869991302490234,26.253442764282227,21.02684593200684,30.631410598754883,33.15924072265625,29.67218017578125
EP112025:geo:9402870f00f139e5,EP112025,Kiko,val,2025-09-02 03:20:20+00:00,31.1572055925926,0,True,,26.48747634887696,25.87115478515625,20.914569854736328,30.00726890563965,32.012733459472656,30.426807403564453
EP112025:geo:22a405023d8f884f,EP112025,Kiko,val,2025-09-02 03:30:20+00:00,31.300106703703705,0,True,,26.26219367980957,25.61871910095215,20.733211517333984,29.702287673950195,30.713197708129883,29.519681930541992
EP112025:geo:bbd3f6268a991801,EP112025,Kiko,val,2025-09-02 03:40:20+00:00,31.443007814814813,0,True,,26.22163391113281,25.539051055908203,20.7737979888916,29.759904861450195,30.03598022460937,29.275001525878903
EP112025:geo:e0c4e9950183a87d,EP112025,Kiko,val,2025-09-02 03:50:20+00:00,31.585908925925924,0,True,,26.26630592346192,25.557336807250977,20.36349105834961,29.95390892028809,29.536544799804688,29.445781707763672
EP112025:geo:88bd64b6200c9b67,EP112025,Kiko,val,2025-09-02 04:00:20+00:00,31.72881003703704,0,True,,26.305871963500977,25.595848083496094,19.879138946533203,30.048503875732425,28.79117202758789,28.84091186523437
EP112025:geo:a333820ac12a4406,EP112025,Kiko,val,2025-09-02 04:10:20+00:00,31.871711148148147,0,True,,26.60572052001953,25.91154289245605,19.67578887939453,30.2804012298584,28.688783645629883,29.088397979736328
EP112025:geo:e6620ead196d37d8,EP112025,Kiko,val,2025-09-02 04:20:20+00:00,32.01461225925926,0,True,,27.003646850585938,26.317371368408203,19.61256980895996,30.946836471557617,29.30465316772461,29.36215782165528
EP112025:geo:a4e713741bfb4d20,EP112025,Kiko,val,2025-09-02 04:30:20+00:00,32.157513370370374,0,True,,27.240631103515625,26.56401634216309,19.59518241882324,31.66432380676269,30.10536003112793,31.0124454498291
EP112025:geo:cfb9ff471976c8ba,EP112025,Kiko,val,2025-09-02 04:40:20+00:00,32.30041448148148,0,True,,27.386144638061523,26.73284149169922,19.428028106689453,32.41566848754883,30.84918785095215,31.80625534057617
EP112025:geo:5fdcc7e463d62d92,EP112025,Kiko,val,2025-09-02 04:50:20+00:00,32.4433155925926,0,True,,27.475202560424805,26.794050216674805,18.897674560546875,33.295989990234375,31.67317008972168,36.30155944824219
EP112025:geo:1600569c63441f85,EP112025,Kiko,val,2025-09-02 05:00:20+00:00,32.586216703703705,0,True,,27.472755432128903,26.74129867553711,18.513540267944336,34.400272369384766,32.81315231323242,39.43392181396485
EP112025:geo:872994eb9902b2b0,EP112025,Kiko,val,2025-09-02 05:10:20+00:00,32.72911781481481,0,True,,27.492794036865234,26.7033805847168,18.59953689575196,35.66836166381836,34.59415435791016,41.49200820922852
EP112025:geo:7c4ec4744b4dba52,EP112025,Kiko,val,2025-09-02 05:20:20+00:00,32.87201892592593,0,True,,27.440658569335938,26.589473724365234,18.8596305847168,36.83292007446289,36.52645492553711,38.805885314941406
EP112025:geo:b0a9b55b9c961d4d,EP112025,Kiko,val,2025-09-02 05:30:20+00:00,33.01492003703704,1,True,,27.50232696533203,26.606639862060547,18.70362663269043,37.44629287719727,38.16070556640625,38.91043472290039
EP112025:geo:79884fb75ec2ab5b,EP112025,Kiko,val,2025-09-02 05:40:20+00:00,33.15782114814815,1,True,,27.50326538085937,26.56110191345215,18.45834732055664,37.05220031738281,38.08148193359375,37.37765502929688
EP112025:geo:1e0f0ce1a86af133,EP112025,Kiko,val,2025-09-02 05:50:20+00:00,33.30072225925926,1,True,,27.65926742553711,26.65376663208008,18.3124942779541,35.98378372192383,36.984806060791016,35.02112579345703
EP112025:geo:047efe7da844e452,EP112025,Kiko,val,2025-09-02 06:00:20+00:00,33.44362337037037,1,True,,27.84126281738281,26.749814987182617,18.66869735717773,34.68278121948242,36.22335433959961,38.03753662109375
EP112025:geo:fd2769976983700e,EP112025,Kiko,val,2025-09-02 06:10:20+00:00,33.58652448148148,1,True,,28.17477035522461,26.99009323120117,19.182804107666016,34.31510543823242,36.38735961914063,39.39534759521485
EP112025:geo:d3b49fb96c39c2cb,EP112025,Kiko,val,2025-09-02 06:20:20+00:00,33.72942559259259,1,True,,28.502273559570312,27.232498168945312,18.952640533447266,34.101863861083984,36.59290313720703,39.61199188232422
EP112025:geo:4df9251146d6113d,EP112025,Kiko,val,2025-09-02 06:30:20+00:00,33.872326703703706,1,True,,29.20733642578125,27.87664222717285,18.48328399658203,35.23537826538086,38.26989364624024,39.98956298828125
EP112025:geo:10968c536477fa30,EP112025,Kiko,val,2025-09-02 06:40:20+00:00,34.015227814814814,1,True,,29.45741844177246,28.09727478027344,18.638671875,34.984893798828125,38.30587768554688,36.828712463378906
EP112025:geo:a913c637684db4aa,EP112025,Kiko,val,2025-09-02 06:50:20+00:00,34.15812892592593,1,True,,29.37700843811035,28.00777816772461,19.299053192138672,34.58845138549805,38.14516830444336,41.58081817626953
EP112025:geo:4710af93e6069e7d,EP112025,Kiko,val,2025-09-02 07:00:20+00:00,34.30103003703704,1,True,,28.789691925048828,27.422969818115234,18.955047607421875,34.294700622558594,38.04804611206055,42.26473617553711
EP112025:geo:672e5e0d286d3b11,EP112025,Kiko,val,2025-09-02 07:10:20+00:00,34.44393114814815,1,True,,28.44808006286621,27.08501625061035,18.560205459594727,34.465415954589844,37.85686492919922,43.05735778808594
EP112025:geo:1bfbdcac0664f0c1,EP112025,Kiko,val,2025-09-02 07:20:20+00:00,34.58683225925926,1,True,,28.244564056396484,26.883771896362305,18.76944732666016,34.34166717529297,37.19053649902344,47.75273132324219
EP112025:geo:3f0c35e50bec0210,EP112025,Kiko,val,2025-09-02 07:30:20+00:00,34.729733370370376,1,True,,28.287267684936523,26.926742553710938,19.589893341064453,34.3281364440918,36.36650848388672,42.69368362426758
EP112025:geo:d8e038ac4938e7b0,EP112025,Kiko,val,2025-09-02 07:40:20+00:00,34.872634481481484,1,True,,28.26485061645508,26.895553588867188,19.555465698242188,34.38923645019531,35.45502853393555,38.36434173583984
EP112025:geo:5714a1af36b000a0,EP112025,Kiko,val,2025-09-02 07:50:20+00:00,35.01553559259259,1,True,,28.36954498291016,26.9837589263916,19.51470184326172,34.620994567871094,35.85447311401367,39.175331115722656
EP112025:geo:2d4714d8080a4086,EP112025,Kiko,val,2025-09-02 08:00:20+00:00,35.15843670370371,1,True,,28.53544807434082,27.1372013092041,19.41686248779297,34.703556060791016,35.69667434692383,44.189395904541016
EP112025:geo:eb4a144d1fda933a,EP112025,Kiko,val,2025-09-02 08:10:20+00:00,35.301337814814815,1,True,,28.41929626464844,27.013504028320312,19.284055709838867,33.74460983276367,34.3254280090332,43.65518951416016
EP112025:geo:4cfad4a78f97f9a2,EP112025,Kiko,val,2025-09-02 08:20:20+00:00,35.44423892592593,1,True,,28.06960678100586,26.647369384765625,19.18075561523437,33.161834716796875,33.89495849609375,39.54342651367188
EP112025:geo:fc4219d325b65ae0,EP112025,Kiko,val,2025-09-02 08:30:20+00:00,35.58714003703704,1,True,,27.67857360839844,26.23684310913086,19.15802383422852,33.005897521972656,33.57292556762695,35.06187438964844
EP112025:geo:7b11b01c038a2587,EP112025,Kiko,val,2025-09-02 08:40:20+00:00,35.73004114814815,1,True,,27.39579200744629,25.953264236450195,19.16869735717773,33.318511962890625,33.719364166259766,34.294227600097656
EP112025:geo:8e6476811b48be3d,EP112025,Kiko,val,2025-09-02 08:50:22+00:00,35.8734185962963,1,True,,27.245506286621094,25.82113647460937,19.332088470458984,33.602256774902344,33.9566535949707,38.13264465332031
EP112025:geo:127c48e3c60cbe37,EP112025,Kiko,val,2025-09-02 09:00:24+00:00,36.01679604444444,1,True,,29.504196166992188,28.26132583618164,49.28242874145508,33.65351104736328,34.01716232299805,39.166011810302734
EP112025:geo:0786caefc5da85ab,EP112025,Kiko,val,2025-09-02 09:10:20+00:00,36.158744481481484,1,True,,29.59499168395996,28.400293350219727,48.91073226928711,33.774169921875,34.1796875,38.27912139892578
EP112025:geo:d4786303ecb6891d,EP112025,Kiko,val,2025-09-02 09:20:20+00:00,36.30164559259259,1,True,,30.15497398376465,28.98840713500977,45.91307830810547,33.94401550292969,33.78354263305664,33.81653594970703
EP112025:geo:5776e7fdd0741b17,EP112025,Kiko,val,2025-09-02 09:30:20+00:00,36.44454670370371,1,True,,30.654672622680664,29.4808292388916,48.1003532409668,33.92481994628906,33.43503189086914,37.02256393432617
EP112025:geo:5f0d2392e801e047,EP112025,Kiko,val,2025-09-02 09:40:20+00:00,36.587447814814816,1,True,,31.104963302612305,29.92548561096192,50.55242156982422,33.72526550292969,33.00349426269531,42.7635383605957
EP112025:geo:acc79d4f7d83ac56,EP112025,Kiko,val,2025-09-02 09:50:20+00:00,36.73034892592593,1,True,,31.649288177490234,30.44392776489257,51.33123779296875,33.62311553955078,32.665061950683594,45.59670639038086
EP112025:geo:51f6c58232c103cf,EP112025,Kiko,val,2025-09-02 10:00:20+00:00,36.87325003703704,1,True,,31.45112991333008,30.25171089172364,51.8352165222168,33.406280517578125,32.968719482421875,43.67972946166992
EP112025:geo:60372aa9eb28765a,EP112025,Kiko,val,2025-09-02 10:10:20+00:00,37.01615114814816,1,True,,31.33258819580078,30.1445426940918,50.97638702392578,33.33445739746094,34.08273696899414,41.199256896972656
EP112025:geo:c0f5c4c425421e28,EP112025,Kiko,val,2025-09-02 10:20:20+00:00,37.15905225925926,1,True,,30.931989669799805,29.740991592407227,50.32002258300781,33.34067153930664,34.014610290527344,39.34584426879883
EP112025:geo:a952a81ee04726ae,EP112025,Kiko,val,2025-09-02 10:30:20+00:00,37.30195337037038,1,True,,30.9487533569336,29.758766174316406,49.98528671264648,33.331356048583984,32.89290237426758,41.45613861083984
EP112025:geo:c4cd386cbc891515,EP112025,Kiko,val,2025-09-02 10:40:20+00:00,37.444854481481485,1,True,,31.380586624145508,30.171600341796875,48.98344421386719,33.63117218017578,32.83526611328125,43.00624084472656
EP112025:geo:84d9f4bcbd03640c,EP112025,Kiko,val,2025-09-02 10:50:20+00:00,37.58775559259259,1,True,,31.95271682739257,30.707714080810547,48.06318664550781,34.54994201660156,33.79054641723633,47.05802154541016
EP112025:geo:7ab84a21f96c0d41,EP112025,Kiko,val,2025-09-02 11:00:20+00:00,37.73065670370371,1,True,,32.523284912109375,31.269575119018555,45.96460723876953,36.07764434814453,35.46260070800781,51.05019378662109
EP112025:geo:128445eeb86bdd31,EP112025,Kiko,val,2025-09-02 11:10:20+00:00,37.873557814814816,1,True,,32.33030319213867,31.095935821533203,44.49705123901367,36.28391647338867,35.433712005615234,51.4686393737793
EP112025:geo:0a3d189402409602,EP112025,Kiko,val,2025-09-02 11:20:20+00:00,38.01645892592593,1,True,,32.25969314575195,31.062255859375,43.6346435546875,36.70255279541016,35.74473190307617,49.95843124389648
EP112025:geo:e6a784df435c06ac,EP112025,Kiko,val,2025-09-02 11:30:20+00:00,38.15936003703704,1,True,,32.00593566894531,30.843149185180664,42.77906799316406,36.28475570678711,35.31171417236328,48.20598220825195
EP112025:geo:bff251bf8dc9f069,EP112025,Kiko,val,2025-09-02 11:40:20+00:00,38.30226114814816,1,True,,31.984516143798828,30.854042053222656,41.417091369628906,36.595848083496094,35.82877349853516,50.35810852050781
EP112025:geo:3dcae03152949d37,EP112025,Kiko,val,2025-09-02 11:50:20+00:00,38.44516225925926,1,True,,31.8399600982666,30.736045837402344,40.35956573486328,37.5364990234375,37.12569427490234,52.55284118652344
EP112025:geo:9fcc097b5d1e39bb,EP112025,Kiko,val,2025-09-02 12:00:20+00:00,38.58615802222223,1,True,,30.6308708190918,29.524280548095703,34.247352600097656,34.62144088745117,34.5172119140625,47.3825569152832
EP112025:geo:8b53cc8f48449978,EP112025,Kiko,val,2025-09-02 12:10:20+00:00,38.67189868888889,1,True,,29.91591453552246,28.78667259216309,29.85708236694336,32.81558609008789,33.096561431884766,44.35914611816406
EP112025:geo:a31b2070e0629be8,EP112025,Kiko,val,2025-09-02 12:20:20+00:00,38.757639355555554,1,True,,29.917335510253903,28.77872467041016,27.555644989013672,32.57463455200195,33.20258712768555,44.868770599365234
EP112025:geo:0a5ae87f932eef35,EP112025,Kiko,val,2025-09-02 12:30:20+00:00,38.84338002222223,1,True,,30.17654037475586,29.038131713867188,24.12699317932129,32.54296875,33.59971237182617,45.845340728759766
EP112025:geo:7846266c2d9bf571,EP112025,Kiko,val,2025-09-02 12:40:20+00:00,38.92912068888889,1,True,,29.809932708740234,28.67303466796875,21.757417678833008,31.578861236572266,33.09078598022461,43.19829940795898
EP112025:geo:98560eee22585d0d,EP112025,Kiko,val,2025-09-02 12:50:20+00:00,39.01486135555555,1,True,,29.843738555908203,28.68808937072754,20.80843162536621,31.834941864013672,34.148983001708984,42.5234489440918
EP112025:geo:839aad682341ecae,EP112025,Kiko,val,2025-09-02 13:00:20+00:00,39.10060202222223,1,True,,29.78525924682617,28.58560371398925,20.15326499938965,31.349512100219727,34.70374298095703,41.65287780761719
EP112025:geo:61d1c4c8ad13a2c6,EP112025,Kiko,val,2025-09-02 13:10:20+00:00,39.186342688888885,1,True,,29.732955932617188,28.48497772216797,19.91375160217285,29.25592803955078,33.022274017333984,36.99281311035156
EP112025:geo:5099443b56f790ef,EP112025,Kiko,val,2025-09-02 13:20:20+00:00,39.27208335555556,1,True,,30.00757598876953,28.71944236755371,20.20891761779785,29.085542678833008,33.31174850463867,38.676666259765625
EP112025:geo:470347a5332c7d99,EP112025,Kiko,val,2025-09-02 13:30:20+00:00,39.35782402222223,1,True,,30.221599578857425,28.89193725585937,20.237852096557617,29.531572341918945,34.50257110595703,41.24669647216797
EP112025:geo:f93e4e8165c8512c,EP112025,Kiko,val,2025-09-02 13:40:20+00:00,39.44356468888888,1,True,,30.14442253112793,28.789810180664062,20.041030883789062,30.48137092590332,35.37223052978516,43.94088363647461
EP112025:geo:97fb98f83e4cb692,EP112025,Kiko,val,2025-09-02 13:50:20+00:00,39.52930535555556,1,True,,29.88970375061035,28.532241821289062,20.219139099121094,32.95970153808594,38.18550491333008,42.92107391357422
EP112025:geo:43f5ecc3f4f5e21a,EP112025,Kiko,val,2025-09-02 14:00:20+00:00,39.615046022222224,1,True,,29.51626205444336,28.1661434173584,20.403648376464844,34.83394241333008,40.538455963134766,44.3460578918457
EP112025:geo:486f2898993305f1,EP112025,Kiko,val,2025-09-02 14:10:20+00:00,39.70078668888889,1,True,,29.151031494140625,27.814184188842773,20.01272201538086,35.913970947265625,41.06186294555664,47.68751525878906
EP112025:geo:6b6098a654eebca5,EP112025,Kiko,val,2025-09-02 14:20:20+00:00,39.78652735555556,1,True,,28.746532440185547,27.447629928588867,20.041105270385746,35.837669372558594,41.30449676513672,51.85638427734375
EP112025:geo:ec41f276bd1ddd53,EP112025,Kiko,val,2025-09-02 14:30:20+00:00,39.87226802222222,1,True,,28.29971504211425,27.02906036376953,20.426145553588867,35.91633224487305,41.97222518920898,52.692527770996094
EP112025:geo:2476c43e4bad1845,EP112025,Kiko,val,2025-09-02 14:40:20+00:00,39.95800868888889,1,True,,27.886859893798828,26.6543197631836,20.47918701171875,36.2749252319336,42.83282852172852,49.75208282470703
EP112025:geo:9bcf8c53203beb77,EP112025,Kiko,val,2025-09-02 14:50:20+00:00,40.04374935555556,1,True,,27.713882446289062,26.55234336853028,20.52088928222656,37.03312301635742,43.90108871459961,47.02519989013672
EP112025:geo:650f7b4547b60ae1,EP112025,Kiko,val,2025-09-02 15:00:20+00:00,40.12853734814815,1,True,,28.04335594177246,26.9821891784668,22.2210693359375,38.35909652709961,44.690704345703125,46.43276977539063
EP112025:geo:0567ee1ef085a430,EP112025,Kiko,val,2025-09-02 15:10:20+00:00,40.1856977925926,1,True,,30.29034423828125,29.25984764099121,22.38614654541016,38.54216003417969,45.11546325683594,47.9283332824707
EP112025:geo:239cd1757140b556,EP112025,Kiko,val,2025-09-02 15:20:20+00:00,40.24285823703704,1,True,,31.314611434936523,30.317487716674805,22.394399642944336,37.98753356933594,44.65778732299805,48.59907913208008
EP112025:geo:9434fa2ee1c9a657,EP112025,Kiko,val,2025-09-02 15:30:20+00:00,40.30001868148148,1,True,,31.923948287963867,30.97715950012207,22.371063232421875,37.62623596191406,43.75419616699219,47.85749053955078
EP112025:geo:d77d5478ac3ff36e,EP112025,Kiko,val,2025-09-02 15:40:20+00:00,40.35717912592592,1,True,,30.23138999938965,29.3218002319336,22.316097259521484,35.673221588134766,40.39297103881836,45.5981559753418
EP112025:geo:4281bdce0efbc1fe,EP112025,Kiko,val,2025-09-02 15:50:20+00:00,40.41433957037037,1,True,,27.60050773620605,26.71541976928711,22.10008430480957,34.458011627197266,39.50407791137695,39.45149612426758
EP112025:geo:957cc29cfa9d4bce,EP112025,Kiko,val,2025-09-02 16:00:20+00:00,40.471500014814815,1,True,,26.85233497619629,26.000831604003903,22.299774169921875,33.24845123291016,37.948978424072266,39.30207824707031
EP112025:geo:e87b2308b64c816c,EP112025,Kiko,val,2025-09-02 16:10:20+00:00,40.52866045925926,1,True,,27.55430221557617,26.75432014465332,22.75097846984864,33.05293655395508,38.00489044189453,36.2464599609375
EP112025:geo:db654f0642b92131,EP112025,Kiko,val,2025-09-02 16:20:20+00:00,40.585820903703706,1,True,,28.79337882995605,28.05828666687012,22.8474235534668,33.99287033081055,39.31869125366211,37.240753173828125
EP112025:geo:0e043f2dd8bd927f,EP112025,Kiko,val,2025-09-02 16:30:20+00:00,40.64298134814815,1,True,,29.729639053344727,29.04942512512207,23.135597229003903,34.823265075683594,39.851707458496094,41.1468505859375
EP112025:geo:6067e48095964113,EP112025,Kiko,val,2025-09-02 16:40:20+00:00,40.7001417925926,1,True,,30.259897232055664,29.58650588989257,23.57323837280273,35.58175277709961,40.13509368896485,42.57916641235352
EP112025:geo:f86661975954df84,EP112025,Kiko,val,2025-09-02 16:50:20+00:00,40.75730223703704,1,True,,30.06494903564453,29.374492645263672,23.698162078857425,36.25224685668945,40.56061172485352,40.177513122558594
EP112025:geo:c9dfa71deaecfb82,EP112025,Kiko,val,2025-09-02 17:00:20+00:00,40.81446268148148,1,True,,29.78302764892578,29.09200668334961,23.89632797241211,36.6412353515625,40.91958618164063,39.0433235168457
EP112025:geo:715a35864ff904ba,EP112025,Kiko,val,2025-09-02 17:10:20+00:00,40.87162312592593,1,True,,29.914596557617188,29.254547119140625,23.92095184326172,37.40938186645508,41.8491325378418,43.08588409423828
EP112025:geo:8440da87e2be50c1,EP112025,Kiko,val,2025-09-02 17:20:20+00:00,40.92878357037037,1,True,,29.613615036010746,28.984235763549805,23.86571884155273,36.641380310058594,40.75022506713867,47.715476989746094
EP112025:geo:dd7e1fe46d2ce6ff,EP112025,Kiko,val,2025-09-02 17:30:20+00:00,40.98594401481481,1,True,,28.967884063720703,28.333683013916016,23.81455039978028,35.1941032409668,39.54036331176758,50.40269470214844
EP112025:geo:e82c4ae8d327f894,EP112025,Kiko,val,2025-09-02 17:40:20+00:00,41.04310445925926,1,True,,28.45187759399414,27.808971405029297,23.80419921875,32.2296257019043,38.63224792480469,48.966796875
EP112025:geo:b5d82cee374a2419,EP112025,Kiko,val,2025-09-02 17:50:20+00:00,41.1002649037037,1,True,,28.48576736450196,27.81905746459961,23.85389518737793,31.08945846557617,39.0488510131836,46.99097442626953
EP112025:geo:31b1b97c77db6425,EP112025,Kiko,val,2025-09-02 18:00:20+00:00,41.160283370370365,1,True,,28.867366790771484,28.193328857421875,24.03044891357422,30.62470817565918,38.82608795166016,44.024932861328125
EP112025:geo:4f8c7eb70a479375,EP112025,Kiko,val,2025-09-02 18:10:20+00:00,41.30318448148148,1,True,,29.34020233154297,28.661571502685547,24.254379272460938,30.02783203125,37.738914489746094,42.70030975341797
EP112025:geo:534714b591b4d78e,EP112025,Kiko,val,2025-09-02 18:20:20+00:00,41.44608559259259,1,True,,29.604541778564453,28.941518783569336,24.49895477294922,29.443071365356445,36.36934661865234,42.21937561035156
EP112025:geo:1489b6febc48176d,EP112025,Kiko,val,2025-09-02 18:30:20+00:00,41.5889867037037,1,True,,29.694923400878903,29.149757385253903,24.465421676635746,29.36693954467773,35.366905212402344,42.62854766845703
EP112025:geo:5f5a2115227ff2d1,EP112025,Kiko,val,2025-09-02 18:40:20+00:00,41.73188781481481,1,True,,29.343276977539062,29.086055755615234,24.53789520263672,30.222801208496094,35.759971618652344,44.02066802978516
EP112025:geo:757e5b1175b1d053,EP112025,Kiko,val,2025-09-02 18:50:20+00:00,41.87478892592593,1,True,,29.602436065673828,29.34305191040039,24.483640670776367,30.29672241210937,35.867759704589844,45.73009490966797
EP112025:geo:25fbf7d4741ae25d,EP112025,Kiko,val,2025-09-02 19:00:20+00:00,42.01769003703704,1,True,,30.347461700439453,30.18856239318848,24.516387939453125,31.31739044189453,37.22657775878906,51.20621490478516
EP112025:geo:3e8a7e14faf384ae,EP112025,Kiko,val,2025-09-02 19:10:20+00:00,42.16059114814815,1,True,,30.60714530944824,30.502037048339844,24.55398941040039,31.768001556396484,38.247467041015625,52.05088806152344
EP112025:geo:d81286f6c5efd813,EP112025,Kiko,val,2025-09-02 19:20:20+00:00,42.30349225925926,1,True,,30.625682830810547,30.59187889099121,24.5257568359375,33.527530670166016,40.48814392089844,51.742584228515625
EP112025:geo:6b5f778e8e06924a,EP112025,Kiko,val,2025-09-02 19:30:20+00:00,42.44639337037037,1,True,,30.434844970703125,30.448959350585938,24.6271915435791,32.53898620605469,39.71006774902344,50.51243209838867
EP112025:geo:73cf2f47d5af72cb,EP112025,Kiko,val,2025-09-02 19:40:20+00:00,42.58929448148148,1,True,,30.140369415283203,30.17461585998535,24.617525100708008,32.65690994262695,40.23909759521485,48.69842147827149
EP112025:geo:84ec3982c1822db2,EP112025,Kiko,val,2025-09-02 19:50:20+00:00,42.73219559259259,2,True,,30.24117660522461,30.08038330078125,24.464698791503903,34.63179016113281,42.314453125,48.2833366394043
EP112025:geo:e6c6e77ee80926b2,EP112025,Kiko,val,2025-09-02 20:00:20+00:00,42.8750967037037,2,True,,30.12318992614746,29.842723846435547,24.46288299560547,36.25456237792969,43.59332275390625,47.86778259277344
EP112025:geo:4317decd87656e86,EP112025,Kiko,val,2025-09-02 20:10:20+00:00,43.01799781481481,2,True,,29.82687187194824,29.515493392944336,24.569223403930664,36.01327133178711,43.36872863769531,47.59819793701172
EP112025:geo:083d3125adc7876a,EP112025,Kiko,val,2025-09-02 20:20:20+00:00,43.16089892592593,2,True,,29.31194305419922,28.97617149353028,24.610916137695312,34.36538314819336,41.820648193359375,46.59687423706055
EP112025:geo:adb7332b6992e8e7,EP112025,Kiko,val,2025-09-02 20:30:20+00:00,43.30380003703704,2,True,,29.339157104492188,28.99174690246582,24.73444557189941,33.17943572998047,41.16645812988281,48.54651641845703
EP112025:geo:3bfc21e55b693fb3,EP112025,Kiko,val,2025-09-02 20:40:20+00:00,43.44670114814815,2,True,,28.61189651489257,28.26984405517578,24.87926483154297,32.040245056152344,40.70006942749024,50.705055236816406
EP112025:geo:f7d6daaec6b44f0c,EP112025,Kiko,val,2025-09-02 20:50:20+00:00,43.58960225925926,2,True,,27.485366821289062,27.17237663269043,24.987892150878903,32.00711441040039,41.05888366699219,50.87284851074219
EP112025:geo:32d239e9a81b4913,EP112025,Kiko,val,2025-09-02 21:00:20+00:00,43.73250337037037,2,True,,31.34968948364257,31.68416976928711,20.69137954711914,31.716264724731445,41.0105094909668,49.37652206420898
EP112025:geo:d34e95accb59c371,EP112025,Kiko,val,2025-09-02 21:10:20+00:00,43.87540448148148,2,True,,31.22238540649414,31.508384704589844,20.94743156433105,31.96900177001953,41.21902084350586,48.5379638671875
EP112025:geo:bda6c2bd8ad7d4bd,EP112025,Kiko,val,2025-09-02 21:20:20+00:00,44.01830559259259,2,True,,31.077869415283203,31.492490768432617,21.491182327270508,32.67527770996094,41.62741088867188,42.87665557861328
EP112025:geo:4ed46055152cdcc1,EP112025,Kiko,val,2025-09-02 21:30:20+00:00,44.161206703703705,2,True,,30.46831321716309,30.74881362915039,21.90732192993164,33.18880081176758,41.71220016479492,41.88473510742188
EP112025:geo:59b1f92706b92335,EP112025,Kiko,val,2025-09-02 21:40:20+00:00,44.30410781481481,2,True,,30.46012687683105,30.5383243560791,22.45256805419922,33.31039047241211,41.36466217041016,42.28790283203125
EP112025:geo:0d5769e7cc835527,EP112025,Kiko,val,2025-09-02 21:50:20+00:00,44.44700892592593,2,True,,30.484514236450195,30.548067092895508,22.689998626708984,33.60885238647461,41.48210906982422,37.314300537109375
EP112025:geo:aaecb4ce0a019d25,EP112025,Kiko,val,2025-09-02 22:00:20+00:00,44.58991003703704,2,True,,30.379240036010746,30.588041305541992,22.84840583801269,33.78086471557617,41.27336502075195,36.36394882202149
EP112025:geo:0c5a6524307058b0,EP112025,Kiko,val,2025-09-02 22:10:20+00:00,44.73281114814815,2,True,,30.21845054626465,30.63409805297852,23.0396671295166,34.0745735168457,41.549049377441406,38.459251403808594
EP112025:geo:d87ec0360175015d,EP112025,Kiko,val,2025-09-02 22:20:20+00:00,44.87571225925926,2,True,,30.52889633178711,31.146839141845703,23.07923889160156,34.84378433227539,42.188385009765625,42.59030151367188
EP112025:geo:d094526fc436e8c5,EP112025,Kiko,val,2025-09-02 22:30:20+00:00,45.018613370370375,2,True,,30.77245330810547,31.46699905395508,23.013856887817383,35.23984146118164,42.87977981567383,44.17393112182617
EP112025:geo:7e70992431a1684a,EP112025,Kiko,val,2025-09-02 22:40:20+00:00,45.16151448148148,2,True,,30.9355697631836,31.665815353393555,23.096364974975582,35.61427307128906,43.3769760131836,41.63933181762695
EP112025:geo:5593cd8b3a189228,EP112025,Kiko,val,2025-09-02 22:50:20+00:00,45.30441559259259,2,True,,31.07195281982422,31.790014266967773,22.96295166015625,35.92463684082031,43.52101135253906,42.39229583740234
EP112025:geo:61221b17a8df4e86,EP112025,Kiko,val,2025-09-02 23:00:20+00:00,45.447316703703706,2,True,,31.407230377197266,32.13603973388672,22.773252487182617,35.98213195800781,43.74045944213867,43.30448913574219
EP112025:geo:887e00de2f6aa9e3,EP112025,Kiko,val,2025-09-02 23:10:20+00:00,45.590217814814814,2,True,,31.77589988708496,32.656028747558594,22.92094612121582,35.793724060058594,43.04780578613281,45.50636291503906
EP112025:geo:bfa419ea363876aa,EP112025,Kiko,val,2025-09-02 23:20:20+00:00,45.73311892592593,2,True,,32.23770523071289,33.39262008666992,23.17341995239257,35.65875244140625,41.701568603515625,45.9956283569336
EP112025:geo:b33afd89a96cdc02,EP112025,Kiko,val,2025-09-02 23:30:20+00:00,45.87602003703704,2,True,,33.04613494873047,34.3978157043457,23.54668426513672,36.81612396240234,42.5825309753418,45.74095153808594
EP112025:geo:053e1c5a5780be43,EP112025,Kiko,val,2025-09-02 23:40:20+00:00,46.01892114814815,2,True,,33.42097854614258,34.957862854003906,23.67583656311035,38.28697204589844,45.05327606201172,45.93914031982422
EP112025:geo:5509852c1b7e61ef,EP112025,Kiko,val,2025-09-02 23:50:20+00:00,46.16182225925926,2,True,,33.26251220703125,34.971641540527344,23.769451141357425,39.36711502075195,47.51139068603516,46.12826919555664
EP112025:geo:c785f6caefb21214,EP112025,Kiko,val,2025-09-03 00:00:20+00:00,46.29996,2,True,,33.21859359741211,34.679588317871094,23.81988525390625,39.454811096191406,48.88868713378906,43.640899658203125
EP112025:geo:1a1e71e4f50a1fa9,EP112025,Kiko,val,2025-09-03 00:10:20+00:00,46.29996,2,True,,34.5251579284668,35.70481872558594,23.772306442260746,40.351219177246094,50.65903854370117,44.72499084472656
EP112025:geo:b4a5af3afb29daa7,EP112025,Kiko,val,2025-09-03 00:20:20+00:00,46.29996,2,True,,35.338096618652344,36.37738800048828,23.621875762939453,42.07033920288086,52.06126403808594,50.96457290649414
EP112025:geo:bc6d3deb3cba2270,EP112025,Kiko,val,2025-09-03 00:30:20+00:00,46.29996,2,True,,35.157508850097656,36.01101303100586,23.589468002319336,42.67498016357422,52.08102035522461,48.74726104736328
EP112025:geo:b5292a2666e8454f,EP112025,Kiko,val,2025-09-03 00:40:20+00:00,46.29996,2,True,,35.06199264526367,35.80960464477539,23.673751831054688,43.0340461730957,52.00609588623047,47.715606689453125
EP112025:geo:36434b629e42fc66,EP112025,Kiko,val,2025-09-03 00:50:20+00:00,46.29996,2,True,,34.11826705932617,34.78196716308594,24.110414505004883,42.214393615722656,50.93406295776367,47.57255554199219
EP112025:geo:45eac3bfabea177f,EP112025,Kiko,val,2025-09-03 01:00:20+00:00,46.29996,2,True,,33.66168594360352,34.233238220214844,24.44706344604492,41.854286193847656,50.45172119140625,46.24253082275391
EP112025:geo:204d392a02b6fa74,EP112025,Kiko,val,2025-09-03 01:10:20+00:00,46.29996,2,True,,33.99580764770508,34.588356018066406,24.59267807006836,42.25249481201172,50.211185455322266,43.84823989868164
EP112025:geo:91882cba40f4fd3b,EP112025,Kiko,val,2025-09-03 01:20:20+00:00,46.29996,2,True,,33.82377624511719,34.76935195922852,24.59760093688965,42.54319763183594,49.535343170166016,42.266727447509766
EP112025:geo:4e5f23142eb1086e,EP112025,Kiko,val,2025-09-03 01:30:20+00:00,46.29996,2,True,,33.90219497680664,35.104461669921875,24.47220993041992,43.24460983276367,49.74098205566406,43.65339660644531
EP112025:geo:e29c077cf55c15e5,EP112025,Kiko,val,2025-09-03 01:40:20+00:00,46.29996,2,True,,32.967620849609375,33.87389373779297,24.21670722961425,42.94014358520508,49.5446891784668,45.0922966003418
EP112025:geo:b148924b6eb557a7,EP112025,Kiko,val,2025-09-03 01:50:20+00:00,46.29996,2,True,,32.464134216308594,32.97362518310547,24.066993713378903,43.44038391113281,49.81742477416992,47.24782180786133
EP112025:geo:9a08d670572fe15f,EP112025,Kiko,val,2025-09-03 02:00:20+00:00,46.29996,2,True,,32.414634704589844,32.55294418334961,24.009445190429688,44.62423706054688,50.38206481933594,49.834693908691406
EP112025:geo:20a4c1e315316c70,EP112025,Kiko,val,2025-09-03 02:10:20+00:00,46.29996,2,True,,32.803924560546875,32.89542770385742,24.343542098999023,46.330322265625,51.67873001098633,53.88219451904297
EP112025:geo:a0dcd9cfb1510b0e,EP112025,Kiko,val,2025-09-03 02:20:20+00:00,46.29996,2,True,,31.60905647277832,31.53162956237793,25.06556510925293,46.02788925170898,51.4034309387207,51.81132888793945
EP112025:geo:53e239019ec092a7,EP112025,Kiko,val,2025-09-03 02:30:20+00:00,46.29996,2,True,,31.05669212341309,30.858985900878903,25.792797088623047,45.37251281738281,51.49993133544922,49.102500915527344
EP112025:geo:640367763d45bd8b,EP112025,Kiko,val,2025-09-03 02:40:20+00:00,46.29996,2,True,,30.69756317138672,30.47537612915039,26.132604598999023,46.1972885131836,52.202938079833984,50.46209716796875
EP112025:geo:21b0d90c91140a94,EP112025,Kiko,val,2025-09-03 02:50:20+00:00,46.29996,2,True,,30.431039810180664,30.140771865844727,25.20729637145996,46.950782775878906,52.78480911254883,50.96690368652344
EP112025:geo:71d3f786401169f1,EP112025,Kiko,val,2025-09-03 03:00:20+00:00,46.29996,2,True,,32.72037506103516,31.991811752319336,31.736846923828125,46.86848831176758,52.58568954467773,49.674076080322266
EP112025:geo:88bbc56b5286718a,EP112025,Kiko,val,2025-09-03 03:10:20+00:00,46.29996,2,True,,32.72889709472656,31.91357421875,31.72824478149414,47.19612884521485,52.03897476196289,48.57321166992188
EP112025:geo:93aceeecaf4dc368,EP112025,Kiko,val,2025-09-03 03:20:20+00:00,46.29996,2,True,,33.06541061401367,32.19567108154297,29.698060989379883,46.89991760253906,51.11539840698242,47.22899627685547
EP112025:geo:1ab2d05c7d085808,EP112025,Kiko,val,2025-09-03 03:30:20+00:00,46.29996,2,True,,33.80524063110352,32.90787887573242,28.80278587341309,47.9481086730957,52.08472442626953,50.65747833251953
EP112025:geo:bce240221ab40ed2,EP112025,Kiko,val,2025-09-03 03:40:20+00:00,46.29996,2,True,,33.765625,32.862972259521484,27.54555892944336,47.57106399536133,50.28495788574219,51.04853820800781
EP112025:geo:29f9604d65aa776d,EP112025,Kiko,val,2025-09-03 03:50:20+00:00,46.29996,2,True,,33.9808235168457,33.073246002197266,25.92316436767578,47.171424865722656,50.01944732666016,50.83503723144531
EP112025:geo:1ce232e4aad17bb6,EP112025,Kiko,val,2025-09-03 04:00:20+00:00,46.29996,2,True,,34.23457717895508,33.33521270751953,24.49361991882324,46.66153335571289,50.93902587890625,52.26168823242188
EP112025:geo:900855db1045826e,EP112025,Kiko,val,2025-09-03 04:10:20+00:00,46.29996,2,True,,34.31232452392578,33.38734436035156,24.720836639404297,46.931060791015625,51.468746185302734,54.1729736328125
EP112025:geo:6aa8839b29413647,EP112025,Kiko,val,2025-09-03 04:20:20+00:00,46.29996,2,True,,34.3506965637207,33.37178039550781,24.36213493347168,47.83993911743164,52.57057189941406,55.6043701171875
EP112025:geo:0bf42497189a3b31,EP112025,Kiko,val,2025-09-03 04:30:20+00:00,46.29996,2,True,,34.169212341308594,33.12485885620117,24.34918975830078,47.7421989440918,52.39154052734375,55.81171798706055
EP112025:geo:0653d9e93c6ea942,EP112025,Kiko,val,2025-09-03 04:40:20+00:00,46.29996,2,True,,34.0514030456543,32.9650764465332,24.763267517089844,47.01644134521485,52.22855758666992,56.08156204223633
EP112025:geo:16094a66bbcb24ee,EP112025,Kiko,val,2025-09-03 04:50:20+00:00,46.29996,2,True,,34.00904846191406,32.904937744140625,25.41540908813477,46.754188537597656,52.142852783203125,55.81746292114258
EP112025:geo:c593435e7f952601,EP112025,Kiko,val,2025-09-03 05:00:20+00:00,46.29996,2,True,,33.73284149169922,32.6279411315918,25.093618392944336,45.36507797241211,50.28093338012695,54.31824493408203
EP112025:geo:cd6ae1b8623fcb8d,EP112025,Kiko,val,2025-09-03 05:10:20+00:00,46.29996,2,True,,32.78721237182617,31.69689178466797,24.06736946105957,41.62179946899414,45.7331657409668,48.49173355102539
EP112025:geo:b02a27a4edb104a0,EP112025,Kiko,val,2025-09-03 05:20:20+00:00,46.29996,2,True,,31.76241874694824,30.703901290893555,23.310028076171875,38.59846496582031,42.27758026123047,47.38712310791016
EP112025:geo:dfc0a38e43e3e6fc,EP112025,Kiko,val,2025-09-03 05:30:20+00:00,46.29996,2,True,,31.59880447387696,30.571916580200195,23.113178253173828,38.167442321777344,41.62361907958984,47.30999374389648
EP112025:geo:8f13312f51d9ca5e,EP112025,Kiko,val,2025-09-03 05:40:20+00:00,46.29996,2,True,,31.57097244262696,30.531713485717773,22.629722595214844,37.82979583740234,41.04056167602539,46.68385314941406
EP112025:geo:539143c3ced5dcb1,EP112025,Kiko,val,2025-09-03 05:50:20+00:00,46.29996,2,True,,31.570127487182617,30.486003875732425,22.52560806274414,36.936771392822266,39.83075714111328,44.44316101074219
EP112025:geo:08c529731cf6107e,EP112025,Kiko,val,2025-09-03 06:00:20+00:00,46.29996,2,True,,31.65345001220703,30.50027275085449,22.35189247131348,35.69478225708008,38.29684829711914,46.66503143310547
EP112025:geo:bdc0d3f487c93748,EP112025,Kiko,val,2025-09-03 06:10:20+00:00,46.29996,2,True,,31.83833694458008,30.63311004638672,22.28241729736328,34.8283576965332,37.803348541259766,48.367149353027344
EP112025:geo:e09793fbff1e6355,EP112025,Kiko,val,2025-09-03 06:20:20+00:00,46.29996,2,True,,32.01457214355469,30.78540229797364,22.290884017944336,33.90408706665039,37.38103866577149,45.62664794921875
EP112025:geo:14f978467475ae5a,EP112025,Kiko,val,2025-09-03 06:30:20+00:00,46.29996,2,True,,32.16576385498047,30.926523208618164,22.203060150146484,33.66291046142578,37.22574234008789,43.95277786254883
EP112025:geo:a62828397f935dbc,EP112025,Kiko,val,2025-09-03 06:40:20+00:00,46.29996,2,True,,32.47972869873047,31.235790252685547,22.06743621826172,33.789100646972656,37.73026657104492,44.45813751220703
EP112025:geo:0d6643b9a609abaf,EP112025,Kiko,val,2025-09-03 06:50:20+00:00,46.29996,2,True,,32.768646240234375,31.52250862121582,21.888458251953125,33.91623306274414,38.144981384277344,44.62002944946289
EP112025:geo:1a726b6130af8237,EP112025,Kiko,val,2025-09-03 07:00:20+00:00,46.29996,2,True,,33.10374450683594,31.88070106506348,21.734752655029297,33.82114028930664,38.31290817260742,44.34903717041016
EP112025:geo:7ae23a4ffdbfdfe1,EP112025,Kiko,val,2025-09-03 07:10:20+00:00,46.29996,2,True,,33.560546875,32.378684997558594,21.747095108032227,35.136566162109375,38.95173263549805,45.58048248291016
EP112025:geo:8dbff4d3e1d0a30b,EP112025,Kiko,val,2025-09-03 07:20:20+00:00,46.29996,2,True,,33.839881896972656,32.66803741455078,21.78616714477539,35.36606216430664,38.17580032348633,44.22530364990234
EP112025:geo:c29b479815e85a91,EP112025,Kiko,val,2025-09-03 07:30:20+00:00,46.29996,2,True,,33.865264892578125,32.657249450683594,21.79279136657715,35.112335205078125,37.3004150390625,43.41587829589844
EP112025:geo:7820d043a7f2cae4,EP112025,Kiko,val,2025-09-03 07:40:20+00:00,46.29996,2,True,,33.91568374633789,32.634300231933594,21.65821075439453,34.623863220214844,37.71378326416016,43.23527526855469
EP112025:geo:37d8e347c8cd52da,EP112025,Kiko,val,2025-09-03 07:50:20+00:00,46.29996,2,True,,33.934326171875,32.60446548461914,21.54511260986328,34.503135681152344,38.67218780517578,41.84172058105469
EP112025:geo:a6dd6fd8aa105fdb,EP112025,Kiko,val,2025-09-03 08:00:20+00:00,46.29996,2,True,,33.65094757080078,32.313720703125,21.33728790283203,34.179840087890625,38.00212097167969,35.688133239746094
EP112025:geo:4b5ffe82e2b5c576,EP112025,Kiko,val,2025-09-03 08:10:20+00:00,46.29996,2,True,,33.45786666870117,32.11081314086914,21.12798309326172,35.00983047485352,38.599082946777344,34.01203918457031
EP112025:geo:61742d18cbce0498,EP112025,Kiko,val,2025-09-03 08:20:20+00:00,46.29996,2,True,,32.41413116455078,31.054536819458008,20.89230728149414,34.79902648925781,38.5765266418457,38.64962768554688
EP112025:geo:3a9418f2dc02441b,EP112025,Kiko,val,2025-09-03 08:30:20+00:00,46.29996,2,True,,30.366300582885746,28.9804916381836,20.590267181396484,33.62166976928711,40.30049896240234,42.8467025756836
EP112025:geo:31d94dc6399ceb39,EP112025,Kiko,val,2025-09-03 08:40:21+00:00,46.29996,2,True,,29.31120681762696,27.88594627380371,19.36896133422852,33.58198547363281,39.17991256713867,44.69683837890625
EP112025:geo:1b75985e46767d9b,EP112025,Kiko,val,2025-09-03 08:50:22+00:00,46.29996,2,True,,28.955522537231445,27.48925971984864,20.840181350708008,34.22676467895508,39.31865692138672,35.31293487548828
EP112025:geo:e4edd2cbb042911d,EP112025,Kiko,val,2025-09-03 09:00:24+00:00,46.29996,2,True,,32.19976043701172,30.869474411010746,36.41072845458984,34.12971115112305,38.468868255615234,42.63652420043945
EP112025:geo:bb85a0b98acecfc3,EP112025,Kiko,val,2025-09-03 09:10:20+00:00,46.29996,2,True,,32.844566345214844,31.500457763671875,35.7705192565918,33.62361526489258,37.22478485107422,51.83854293823242
EP112025:geo:58f271aedd0a9cab,EP112025,Kiko,val,2025-09-03 09:20:20+00:00,46.29996,2,True,,32.99485397338867,31.637386322021484,34.285133361816406,33.23720932006836,37.5382194519043,55.60136413574219
EP112025:geo:f1b4c53dfb2460f7,EP112025,Kiko,val,2025-09-03 09:30:20+00:00,46.29996,2,True,,33.56232070922852,32.21023941040039,30.487239837646484,32.62964630126953,37.29635238647461,57.415225982666016
EP112025:geo:439640f14967606c,EP112025,Kiko,val,2025-09-03 09:40:20+00:00,46.29996,2,True,,33.910919189453125,32.548702239990234,30.35397720336914,32.30245590209961,36.80750274658203,58.608055114746094
EP112025:geo:9665ef877b782cdf,EP112025,Kiko,val,2025-09-03 09:50:20+00:00,46.29996,2,True,,34.55234146118164,33.199790954589844,30.894943237304688,32.64235305786133,36.715274810791016,60.06267929077149
EP112025:geo:51fcbb0ce6022386,EP112025,Kiko,val,2025-09-03 10:00:20+00:00,46.29996,2,True,,35.46968078613281,34.150508880615234,31.981077194213867,34.18045425415039,37.73051452636719,60.17807388305664
EP112025:geo:f450c487f80932d5,EP112025,Kiko,val,2025-09-03 10:10:20+00:00,46.29996,2,True,,35.77065658569336,34.518775939941406,33.86151885986328,34.461917877197266,37.787017822265625,58.56767654418945
EP112025:geo:b1df34ec6172a909,EP112025,Kiko,val,2025-09-03 10:20:20+00:00,46.29996,2,True,,36.28367614746094,35.11079788208008,34.706520080566406,35.538841247558594,38.76592254638672,58.360389709472656
EP112025:geo:ea35be526afb8ca6,EP112025,Kiko,val,2025-09-03 10:30:20+00:00,46.29996,2,True,,37.391788482666016,36.35554885864258,34.73462677001953,38.72006607055664,41.712379455566406,63.50684356689453
EP112025:geo:70e4e3dd8cea543b,EP112025,Kiko,val,2025-09-03 10:40:20+00:00,46.29996,2,True,,37.37564086914063,36.47735595703125,35.87648010253906,39.57815170288086,42.648475646972656,64.41294860839844
EP112025:geo:ee49bbd1dfd5717b,EP112025,Kiko,val,2025-09-03 10:50:20+00:00,46.29996,2,True,,37.485443115234375,36.5786361694336,35.652183532714844,40.344146728515625,43.42091369628906,62.700626373291016
EP112025:geo:b54fca21dfd55d71,EP112025,Kiko,val,2025-09-03 11:00:20+00:00,46.29996,2,True,,38.26939010620117,37.4401741027832,34.71498107910156,42.51544952392578,46.01644515991211,61.97789764404297
EP112025:geo:dc28e358f2354f32,EP112025,Kiko,val,2025-09-03 11:10:20+00:00,46.29996,2,True,,37.39426040649414,36.6726188659668,33.47037506103516,40.08358383178711,44.07025146484375,59.71459579467773
EP112025:geo:e9bc4f8f9dc19701,EP112025,Kiko,val,2025-09-03 11:20:20+00:00,46.29996,2,True,,37.30347442626953,36.72739791870117,32.58977508544922,39.591064453125,44.2025032043457,62.98864364624024
EP112025:geo:f202bf1281b4f64c,EP112025,Kiko,val,2025-09-03 11:30:20+00:00,46.29996,2,True,,37.07901382446289,36.780181884765625,31.67932891845703,38.13282012939453,43.07989501953125,63.31144332885742
EP112025:geo:4aa71277607015f3,EP112025,Kiko,val,2025-09-03 11:40:20+00:00,46.29996,2,True,,36.47658920288086,36.56073760986328,30.667875289916992,37.14557266235352,41.99749755859375,61.59434127807617
EP112025:geo:75e2365be15808d4,EP112025,Kiko,val,2025-09-03 11:50:20+00:00,46.29996,2,True,,36.67972946166992,37.2715072631836,28.2863883972168,38.21297454833984,42.83355712890625,63.31742477416992
EP112025:geo:657c4a13d635fd6d,EP112025,Kiko,val,2025-09-03 12:00:20+00:00,46.309486740740745,2,True,,37.04471206665039,37.81114196777344,27.14203834533692,39.59721755981445,44.14486312866211,63.55058288574219
EP112025:geo:0a8937eb81a6751d,EP112025,Kiko,val,2025-09-03 12:10:20+00:00,46.59528896296297,2,True,,36.64605712890625,37.14347076416016,26.101957321166992,40.107120513916016,45.11857223510742,62.57943344116211
EP112025:geo:84d454d8b1149c2d,EP112025,Kiko,val,2025-09-03 12:20:20+00:00,46.88109118518519,2,True,,37.265663146972656,37.460723876953125,24.677818298339844,42.39401245117188,47.954078674316406,64.11790466308594
EP112025:geo:8c2dfeb1ad3955aa,EP112025,Kiko,val,2025-09-03 12:30:20+00:00,47.16689340740741,2,True,,37.74065399169922,37.56328201293945,24.716196060180664,44.31486892700195,51.08199691772461,64.55226135253906
EP112025:geo:f83e9c30f145bd91,EP112025,Kiko,val,2025-09-03 12:40:20+00:00,47.45269562962963,2,True,,37.395206451416016,36.81776428222656,23.429786682128903,43.94926071166992,51.35326385498047,66.58369445800781
EP112025:geo:5edb7b6c8de46942,EP112025,Kiko,val,2025-09-03 12:50:20+00:00,47.73849785185185,2,True,,37.20782470703125,36.37775039672852,22.722145080566406,43.392372131347656,50.66689300537109,66.81448364257812
EP112025:geo:67673b5a434ea6a0,EP112025,Kiko,val,2025-09-03 13:00:20+00:00,48.02430007407407,2,True,,37.456573486328125,36.63138198852539,21.93781471252441,43.10885620117188,50.051361083984375,65.98258972167969
EP112025:geo:bcce5f6bc7aa19c4,EP112025,Kiko,val,2025-09-03 13:10:20+00:00,48.31010229629629,2,True,,37.65855026245117,36.829383850097656,21.515399932861328,43.57271957397461,50.63828659057617,66.12910461425781
EP112025:geo:5e2537ffc1bcb6f3,EP112025,Kiko,val,2025-09-03 13:20:20+00:00,48.59590451851852,2,True,,38.49768829345703,37.679779052734375,21.55085182189941,44.84495544433594,52.0780029296875,67.50163269042969
EP112025:geo:d5c289a6c442fef2,EP112025,Kiko,val,2025-09-03 13:30:20+00:00,48.88170674074074,2,True,,39.79809188842773,39.060359954833984,21.89567756652832,47.33634185791016,54.261962890625,67.62722778320312
EP112025:geo:c43eadf0e08b216f,EP112025,Kiko,val,2025-09-03 13:40:20+00:00,49.16750896296296,2,True,,41.362979888916016,40.86727523803711,21.94566535949707,49.49163055419922,55.72848510742188,67.13038635253906
EP112025:geo:30cba056d39a6cf2,EP112025,Kiko,val,2025-09-03 13:50:20+00:00,49.45331118518519,3,True,,42.54462432861328,42.5279655456543,21.98584175109864,51.19271087646485,56.84683227539063,67.620361328125
EP112025:geo:dbc2fbaad4dfe02e,EP112025,Kiko,val,2025-09-03 14:00:20+00:00,49.73911340740741,3,True,,44.165306091308594,45.14775466918945,21.90827178955078,52.851661682128906,57.9773063659668,67.58827209472656
EP112025:geo:852c6cdbd384ce47,EP112025,Kiko,val,2025-09-03 14:10:20+00:00,50.024915629629625,3,True,,44.04482650756836,45.76895523071289,21.783721923828125,53.81626129150391,58.86748504638672,64.83560180664062
EP112025:geo:a543b9959f77902c,EP112025,Kiko,val,2025-09-03 14:20:20+00:00,50.31071785185185,3,True,,45.405853271484375,48.283199310302734,21.56958770751953,55.39281845092773,60.44169235229492,65.13227844238281
EP112025:geo:4abceb7d8665316d,EP112025,Kiko,val,2025-09-03 14:30:20+00:00,50.59652007407407,3,True,,45.96657180786133,50.398075103759766,21.10346412658692,56.62247467041016,61.7536506652832,65.03076934814453
EP112025:geo:ac4b51467cf8f7ac,EP112025,Kiko,val,2025-09-03 14:40:20+00:00,50.88232229629629,3,True,,44.8640251159668,49.2734603881836,20.920860290527344,55.0567512512207,60.2689208984375,63.8266716003418
EP112025:geo:3262ba0c22f4c3a3,EP112025,Kiko,val,2025-09-03 14:50:20+00:00,51.16812451851852,3,True,,44.032135009765625,48.230281829833984,21.195327758789062,53.69240951538086,58.92398834228516,62.315208435058594
EP112025:geo:74ea4ab433bd15d7,EP112025,Kiko,val,2025-09-03 15:00:20+00:00,51.45392674074074,3,True,,45.76097869873047,50.48027420043945,23.28794288635254,51.65852737426758,56.93404006958008,62.817909240722656
EP112025:geo:21a35fe574467c0c,EP112025,Kiko,val,2025-09-03 15:10:20+00:00,51.73972896296296,3,True,,45.225982666015625,51.082557678222656,23.97205924987793,49.390167236328125,54.53223037719727,61.80186462402344
EP112025:geo:29de56102e653c4b,EP112025,Kiko,val,2025-09-03 15:20:20+00:00,52.02553118518519,3,True,,44.96673583984375,51.80470275878906,24.86316299438477,48.62919998168945,54.02556228637695,62.25281524658203
EP112025:geo:2160b75d9d5f1ca0,EP112025,Kiko,val,2025-09-03 15:30:20+00:00,52.31133340740741,3,True,,44.21146011352539,51.29111862182617,26.146804809570312,48.56553649902344,54.84865951538086,60.53453063964844
EP112025:geo:7c0366224f4e868c,EP112025,Kiko,val,2025-09-03 15:40:20+00:00,52.597135629629626,3,True,,45.137184143066406,52.405052185058594,25.88652801513672,49.37546920776367,55.71339416503906,61.0504035949707
EP112025:geo:6a0bbc4eeb2ac795,EP112025,Kiko,val,2025-09-03 15:50:20+00:00,52.88293785185185,3,True,,46.35151672363281,53.66970443725586,24.673303604125977,49.93576431274414,55.7050895690918,63.9576530456543
EP112025:geo:3e6a40666f6ce727,EP112025,Kiko,val,2025-09-03 16:00:20+00:00,53.16874007407407,3,True,,47.70378112792969,55.03689193725586,23.29911422729492,49.75529098510742,55.2117919921875,66.44517517089844
EP112025:geo:6ced39429c9617fa,EP112025,Kiko,val,2025-09-03 16:10:20+00:00,53.454542296296296,3,True,,48.55958557128906,55.90660095214844,22.79208374023437,49.19937896728516,54.80820846557617,64.98108673095703
EP112025:geo:027242322572d0e6,EP112025,Kiko,val,2025-09-03 16:20:20+00:00,53.74034451851852,3,True,,47.87922286987305,55.23873519897461,22.79986572265625,47.471435546875,53.14964294433594,63.32167053222656
EP112025:geo:c393f111cd3ed1c0,EP112025,Kiko,val,2025-09-03 16:30:20+00:00,54.02614674074074,3,True,,47.34897613525391,54.71975326538086,22.846424102783203,45.11261367797852,50.58968353271485,62.09969711303711
EP112025:geo:ac5a0b20d2ca66cb,EP112025,Kiko,val,2025-09-03 16:40:20+00:00,54.311948962962965,3,True,,47.17123031616211,54.551979064941406,23.161190032958984,44.7997932434082,50.28644943237305,63.47657012939453
EP112025:geo:9a0d2836523a74f2,EP112025,Kiko,val,2025-09-03 16:50:20+00:00,54.59775118518519,3,True,,46.66059875488281,54.0500373840332,23.36312484741211,43.5098991394043,50.04143524169922,62.91723251342773
EP112025:geo:abccbbe7a43a75e9,EP112025,Kiko,val,2025-09-03 17:00:20+00:00,54.88355340740741,3,True,,46.70459365844727,54.10223388671875,23.365123748779297,43.33349990844727,50.551029205322266,61.35047912597656
EP112025:geo:6c88ec3c54253df2,EP112025,Kiko,val,2025-09-03 17:10:20+00:00,55.16935562962963,3,True,,46.514915466308594,53.91975402832031,23.828447341918945,43.42207717895508,50.8723030090332,58.44796752929688
EP112025:geo:a9156cafad91b31d,EP112025,Kiko,val,2025-09-03 17:20:20+00:00,55.45515785185185,3,True,,46.27660751342773,53.68791198730469,24.422483444213867,43.35275268554688,51.17432403564453,57.48177719116211
EP112025:geo:c5180c25b9780782,EP112025,Kiko,val,2025-09-03 17:30:20+00:00,55.74096007407408,3,True,,46.47357177734375,53.891357421875,25.027711868286133,44.325801849365234,51.63429260253906,58.28179550170898
EP112025:geo:098934665397b47b,EP112025,Kiko,val,2025-09-03 17:40:20+00:00,56.0267622962963,3,True,,47.23479080200195,54.65896224975586,25.884843826293945,46.622520446777344,54.12617492675781,60.91764450073242
EP112025:geo:fa1f61e2de13b8ea,EP112025,Kiko,val,2025-09-03 17:50:20+00:00,56.31256451851852,3,True,,46.89036560058594,54.31991958618164,26.27203941345215,47.12631607055664,54.75442886352539,60.171875
EP112025:geo:2e49540fc5ac0a4e,EP112025,Kiko,val,2025-09-03 18:00:20+00:00,56.5964613925926,3,True,,46.79631423950195,54.23076248168945,26.811431884765625,47.46506881713867,55.42612457275391,58.78785705566406
EP112025:geo:3da121c1b7611494,EP112025,Kiko,val,2025-09-03 18:10:20+00:00,56.82510317037037,3,True,,47.56781005859375,55.007083892822266,29.42075729370117,49.22466278076172,58.56990432739258,59.55401611328125
EP112025:geo:c5c576f23d18ac57,EP112025,Kiko,val,2025-09-03 18:20:20+00:00,57.05374494814814,3,True,,48.04386520385742,55.487789154052734,33.13085174560547,49.528438568115234,59.01373291015625,60.33790969848633
EP112025:geo:8a1dd877eeda8aa6,EP112025,Kiko,val,2025-09-03 18:30:20+00:00,57.282386725925925,3,True,,47.9005126953125,55.34865188598633,33.05802536010742,49.48409652709961,59.2202377319336,60.87984085083008
EP112025:geo:9b233a3667fb5cd9,EP112025,Kiko,val,2025-09-03 18:40:20+00:00,57.511028503703706,3,True,,47.9189453125,55.37078094482422,33.04106521606445,50.37008285522461,60.68479919433594,63.700809478759766
EP112025:geo:eebcfd6561994e42,EP112025,Kiko,val,2025-09-03 18:50:20+00:00,57.73967028148149,3,True,,47.71675109863281,55.17157745361328,36.09230041503906,51.2969970703125,61.93721771240234,63.997703552246094
EP112025:geo:d016a13812b84f3b,EP112025,Kiko,val,2025-09-03 19:00:20+00:00,57.96831205925926,3,True,,47.07886505126953,54.53629684448242,36.90047454833984,50.49877166748047,61.13547134399414,62.05238342285156
EP112025:geo:de5fe22f4a9e8ada,EP112025,Kiko,val,2025-09-03 19:10:20+00:00,58.19695383703704,4,True,,46.462703704833984,53.92292404174805,37.29948806762695,50.56240081787109,61.01464080810547,63.80314254760742
EP112025:geo:1ef14c6232598b9a,EP112025,Kiko,val,2025-09-03 19:20:20+00:00,58.42559561481482,4,True,,45.43162155151367,52.89443206787109,39.74751663208008,50.201847076416016,60.74705123901367,64.22087097167969
EP112025:geo:4689706ea9a0b39e,EP112025,Kiko,val,2025-09-03 19:30:20+00:00,58.65423739259259,4,True,,43.86629867553711,51.33115005493164,39.306453704833984,49.07734680175781,59.21798706054688,62.39334487915039
EP112025:geo:1829d43e31e3d570,EP112025,Kiko,val,2025-09-03 19:40:20+00:00,58.88287917037037,4,True,,43.14930725097656,50.616004943847656,37.85735321044922,49.23793411254883,58.99505233764648,61.84023284912109
EP112025:geo:642539798f81e7ef,EP112025,Kiko,val,2025-09-03 19:50:20+00:00,59.11152094814815,4,True,,42.52163696289063,49.99005889892578,38.3985595703125,49.02614212036133,58.67794799804688,62.15333557128906
EP112025:geo:5baa553da941a170,EP112025,Kiko,val,2025-09-03 20:00:20+00:00,59.34016272592592,4,True,,40.66064834594727,48.130516052246094,36.53532409667969,48.39801406860352,58.20362091064453,60.72973251342773
EP112025:geo:655da0eb5c534fe3,EP112025,Kiko,val,2025-09-03 20:10:20+00:00,59.56880450370371,4,True,,40.012962341308594,47.48416519165039,35.586944580078125,48.42626190185547,58.65952301025391,58.8818588256836
EP112025:geo:fd3531ef7e8a2654,EP112025,Kiko,val,2025-09-03 20:20:20+00:00,59.79744628148149,4,True,,38.64546585083008,46.11780548095703,36.21602249145508,48.36932373046875,58.972801208496094,56.53144836425781
EP112025:geo:c27b257bd045bb39,EP112025,Kiko,val,2025-09-03 20:30:20+00:00,60.02608805925926,4,True,,36.95441055297852,44.42741012573242,38.297943115234375,48.53755569458008,59.22167205810547,54.15359115600586
EP112025:geo:8c33a61e8f44a04a,EP112025,Kiko,val,2025-09-03 20:40:20+00:00,60.25472983703704,4,True,,35.57642364501953,43.04835891723633,34.937286376953125,49.07006072998047,59.29777526855469,56.45464324951172
EP112025:geo:8b142ed65e1395d6,EP112025,Kiko,val,2025-09-03 20:50:20+00:00,60.483371614814814,4,True,,34.56752014160156,42.02451705932617,35.784942626953125,49.32486343383789,59.25423431396485,55.20005798339844
EP112025:geo:4205598a3fa32056,EP112025,Kiko,val,2025-09-03 21:00:20+00:00,60.71106071851852,4,True,,37.08296203613281,44.5503158569336,30.08245277404785,48.27018356323242,57.9810791015625,54.473175048828125
EP112025:geo:81872cb70326c322,EP112025,Kiko,val,2025-09-03 21:10:20+00:00,60.91112227407408,4,True,,37.16742706298828,44.63565444946289,29.984289169311523,49.2056999206543,58.73111343383789,56.02025604248047
EP112025:geo:ede9e9c21da78d3f,EP112025,Kiko,val,2025-09-03 21:20:20+00:00,61.11118382962963,4,True,,36.86593246459961,44.33504104614258,32.080989837646484,48.80843353271485,58.38563537597656,56.35601043701172
EP112025:geo:97f11d2dce3398cb,EP112025,Kiko,val,2025-09-03 21:30:20+00:00,61.31124538518519,4,True,,38.17231750488281,45.642578125,33.31624984741211,49.26010513305664,59.31435394287109,57.3941535949707
EP112025:geo:5d04986c5defde62,EP112025,Kiko,val,2025-09-03 21:40:20+00:00,61.51130694074074,4,True,,38.57221603393555,46.04347229003906,32.29538345336914,49.43228912353516,60.03207015991211,58.85343551635742
EP112025:geo:c3cae8d69e73448d,EP112025,Kiko,val,2025-09-03 21:50:20+00:00,61.711368496296295,4,True,,40.234825134277344,47.706974029541016,36.97671508789063,50.5888671875,61.477577209472656,57.705833435058594
EP112025:geo:ddfaaf2530ad31a6,EP112025,Kiko,val,2025-09-03 22:00:20+00:00,61.91143005185186,4,True,,41.99818801879883,49.47105407714844,38.33800506591797,51.11840057373047,62.389610290527344,57.31257247924805
EP112025:geo:07dfa6a4da2487b7,EP112025,Kiko,val,2025-09-03 22:10:20+00:00,62.11149160740741,4,True,,42.95417022705078,50.42766189575195,36.99791717529297,52.77110290527344,64.15095520019531,58.70051574707031
EP112025:geo:55f9f0a530266f67,EP112025,Kiko,val,2025-09-03 22:20:20+00:00,62.311553162962966,4,True,,43.456302642822266,50.93035507202149,37.02622604370117,52.41811752319336,63.81166458129883,57.8057861328125
EP112025:geo:2a932555f8ef268f,EP112025,Kiko,val,2025-09-03 22:30:20+00:00,62.51161471851852,4,True,,44.81124496459961,52.28634262084961,40.00403594970703,53.1640625,64.62782287597656,55.43754959106445
EP112025:geo:7dac6af015df5e9d,EP112025,Kiko,val,2025-09-03 22:40:20+00:00,62.71167627407408,4,True,,44.76620864868164,52.241966247558594,40.35535430908203,53.30976104736328,64.74303436279297,56.241432189941406
EP112025:geo:1a57c7dedafd47e1,EP112025,Kiko,val,2025-09-03 22:50:20+00:00,62.91173782962964,4,True,,44.89913558959961,52.37524032592773,38.3408203125,51.69198226928711,63.58417510986328,57.26176834106445
EP112025:geo:216c0943ed6781cf,EP112025,Kiko,val,2025-09-03 23:00:20+00:00,63.11179938518519,4,True,,45.661720275878906,53.13809585571289,39.11786651611328,52.11469650268555,63.96858596801758,60.76919937133789
EP112025:geo:daebec6e42023734,EP112025,Kiko,val,2025-09-03 23:10:20+00:00,63.31186094074074,4,True,,45.33765411376953,52.81394577026367,35.8480339050293,52.23076248168945,64.1592025756836,61.51611709594727
EP112025:geo:e27cfe111d3e6d61,EP112025,Kiko,val,2025-09-03 23:20:20+00:00,63.51192249629629,4,True,,45.39631271362305,52.87256622314453,35.70306396484375,51.96253204345703,64.07859802246094,61.99380874633789
EP112025:geo:670182f19a24e899,EP112025,Kiko,val,2025-09-03 23:30:20+00:00,63.71198405185186,4,True,,46.568206787109375,54.0445671081543,38.096641540527344,53.64725112915039,65.35564422607422,63.57963943481445
EP112025:geo:7c2fb1064a7eaf65,EP112025,Kiko,val,2025-09-03 23:40:20+00:00,63.91204560740741,4,True,,46.870025634765625,54.34619903564453,39.536659240722656,54.337890625,66.05121612548828,63.52980422973633
EP112025:geo:2de453ece5768797,EP112025,Kiko,val,2025-09-03 23:50:20+00:00,64.11210716296297,4,True,,46.597694396972656,54.07329177856445,38.059513092041016,54.7993278503418,66.36962890625,63.38736343383789
EP112025:geo:5345086a92e08f76,EP112025,Kiko,val,2025-09-04 00:00:20+00:00,64.3055,4,True,,45.832313537597656,53.30683135986328,37.094032287597656,54.06016540527344,65.71854400634766,61.43174362182617
EP112025:geo:0c8d4f26af303d00,EP112025,Kiko,val,2025-09-04 00:10:20+00:00,64.3055,4,True,,45.35518646240234,52.828067779541016,37.03028106689453,53.44747161865234,64.97169494628906,59.62177276611328
EP112025:geo:55ec0a7aada2f6c9,EP112025,Kiko,val,2025-09-04 00:20:20+00:00,64.3055,4,True,,44.98563003540039,52.45631790161133,37.177860260009766,53.72688674926758,65.18793487548828,58.36263656616211
EP112025:geo:fac7f546a5ae7395,EP112025,Kiko,val,2025-09-04 00:30:20+00:00,64.3055,4,True,,45.511226654052734,52.97966384887695,38.14635848999024,54.34132766723633,65.63469696044922,58.5673942565918
EP112025:geo:d59fb43fa8b19c7c,EP112025,Kiko,val,2025-09-04 00:40:20+00:00,64.3055,4,True,,46.05879974365234,53.50726318359375,39.7099609375,54.86309051513672,65.2767562866211,58.91275405883789
EP112025:geo:cb1e338151a28419,EP112025,Kiko,val,2025-09-04 00:50:20+00:00,64.3055,4,True,,45.016563415527344,52.26025390625,44.28240966796875,54.2360725402832,64.19288635253906,61.18413162231445
EP112025:geo:43660674618ba670,EP112025,Kiko,val,2025-09-04 01:00:20+00:00,64.3055,4,True,,44.20123291015625,51.01224136352539,47.29840469360352,55.24926376342773,64.55973052978516,63.35049057006836
EP112025:geo:db60ddf502ef2bae,EP112025,Kiko,val,2025-09-04 01:10:20+00:00,64.3055,4,True,,43.337158203125,49.05977630615234,46.405269622802734,55.08967208862305,64.33765411376953,63.19334030151367
EP112025:geo:cf0a6bbbc05ad174,EP112025,Kiko,val,2025-09-04 01:20:20+00:00,64.3055,4,True,,43.00054550170898,46.95318222045898,46.24519348144531,56.2030029296875,65.23375701904297,63.019649505615234
EP112025:geo:bd41aa66150ea424,EP112025,Kiko,val,2025-09-04 01:30:20+00:00,64.3055,4,True,,41.12343597412109,43.08648300170898,40.10464859008789,53.9910888671875,62.761756896972656,60.349853515625
EP112025:geo:113c7c8414e1e91f,EP112025,Kiko,val,2025-09-04 01:40:20+00:00,64.3055,4,True,,39.982791900634766,40.53835678100586,36.82804107666016,52.424591064453125,61.24340057373047,57.40815353393555
EP112025:geo:009014cd0e904cfb,EP112025,Kiko,val,2025-09-04 01:50:20+00:00,64.3055,4,True,,39.65419006347656,39.63743209838867,42.51580810546875,52.228782653808594,60.58292388916016,55.22835159301758
EP112025:geo:42234e8031f2650d,EP112025,Kiko,val,2025-09-04 02:00:20+00:00,64.3055,4,True,,39.841888427734375,39.66320037841797,42.0061149597168,53.10366439819336,60.56648254394531,56.45594024658203
EP112025:geo:b7091edf25ec9ec5,EP112025,Kiko,val,2025-09-04 02:10:20+00:00,64.3055,4,True,,39.34203338623047,39.05399703979492,43.39779281616211,53.01612091064453,60.754127502441406,58.99139022827149
EP112025:geo:4a1db98191178f76,EP112025,Kiko,val,2025-09-04 02:20:20+00:00,64.3055,4,True,,36.07308197021485,35.476356506347656,47.296531677246094,52.10628509521485,60.31130599975586,57.97908782958984
EP112025:geo:e8e4d14e06a6ae46,EP112025,Kiko,val,2025-09-04 02:30:20+00:00,64.3055,4,True,,32.370487213134766,31.67872428894043,46.80486297607422,50.688323974609375,58.64028549194336,57.75589370727539
EP112025:geo:1073f0c4ca36fdb0,EP112025,Kiko,val,2025-09-04 02:40:20+00:00,64.3055,4,True,,31.030733108520508,30.306486129760746,43.70783996582031,49.79726409912109,57.51785659790039,58.55649948120117
EP112025:geo:8a88a58105dbf2b4,EP112025,Kiko,val,2025-09-04 02:50:20+00:00,64.3055,4,True,,30.232162475585938,29.41154670715332,41.97676086425781,48.03347396850586,55.25185012817383,56.52852630615234
EP112025:geo:88c0bf4dd77f64b6,EP112025,Kiko,val,2025-09-04 03:00:20+00:00,64.3055,4,True,,36.86780548095703,37.58848571777344,57.4383430480957,48.98662567138672,55.94504928588867,57.8889045715332
EP112025:geo:a1d5a0ca3fc150b8,EP112025,Kiko,val,2025-09-04 03:10:20+00:00,64.3055,4,True,,36.667388916015625,36.6866340637207,56.762393951416016,49.78411483764648,57.33201217651367,59.171119689941406
EP112025:geo:7b1d2aa924be2200,EP112025,Kiko,val,2025-09-04 03:20:20+00:00,64.3055,4,True,,36.27116394042969,35.90802383422852,57.415164947509766,49.468746185302734,57.09616470336914,57.43758392333984
EP112025:geo:89ff345af8f69975,EP112025,Kiko,val,2025-09-04 03:30:20+00:00,64.3055,4,True,,37.12639617919922,36.69337463378906,57.55093002319336,50.60795974731445,57.48823928833008,61.731388092041016
EP112025:geo:c3fd51611764ca4e,EP112025,Kiko,val,2025-09-04 03:40:20+00:00,64.3055,4,True,,37.36127471923828,36.83320617675781,57.79594421386719,51.64533996582031,57.77931213378906,64.90550231933594
EP112025:geo:279ac9e64eab24b1,EP112025,Kiko,val,2025-09-04 03:50:20+00:00,64.3055,4,True,,36.39936828613281,35.7424430847168,55.791725158691406,51.13291931152344,57.080833435058594,61.685916900634766
EP112025:geo:3a970f13c014c243,EP112025,Kiko,val,2025-09-04 04:00:20+00:00,64.3055,4,True,,36.32524490356445,35.553306579589844,55.29083633422852,50.31090545654297,56.18100357055664,62.41965103149414
EP112025:geo:ae19dc924383c5ef,EP112025,Kiko,val,2025-09-04 04:10:20+00:00,64.3055,4,True,,36.348419189453125,35.52217102050781,55.38336944580078,49.935157775878906,55.94211196899414,65.57322692871094
EP112025:geo:81543515cabb26f2,EP112025,Kiko,val,2025-09-04 04:20:20+00:00,64.3055,4,True,,35.95011901855469,35.07090759277344,54.94786834716797,49.54475402832031,55.39274978637695,65.62516784667969
EP112025:geo:655c29751691c02d,EP112025,Kiko,val,2025-09-04 04:30:20+00:00,64.3055,4,True,,35.463802337646484,34.51628494262695,53.83915710449219,48.77185821533203,54.35728454589844,64.63484191894531
EP112025:geo:e4f7665b747d4a22,EP112025,Kiko,val,2025-09-04 04:40:20+00:00,64.3055,4,True,,35.29745101928711,34.28894805908203,53.84540557861328,48.04042816162109,53.74422073364258,64.35646057128906
EP112025:geo:b977bdbacb572a1e,EP112025,Kiko,val,2025-09-04 04:50:20+00:00,64.3055,4,True,,35.05860900878906,34.00849533081055,52.048919677734375,48.18345642089844,53.566192626953125,64.69332885742188
EP112025:geo:6635d2e75fd7de5f,EP112025,Kiko,val,2025-09-04 05:00:20+00:00,64.3055,4,True,,34.72978973388672,33.66033172607422,50.22919464111328,47.29691696166992,52.10273361206055,62.44314956665039
EP112025:geo:521e6a7cdf513126,EP112025,Kiko,val,2025-09-04 05:10:20+00:00,64.3055,4,True,,34.4190673828125,33.32244873046875,48.451908111572266,47.116058349609375,51.51951599121094,58.40053939819336
EP112025:geo:77f59833ead82d70,EP112025,Kiko,val,2025-09-04 05:20:20+00:00,64.3055,4,True,,34.17906188964844,33.020626068115234,48.50398254394531,46.18044662475586,50.33213806152344,56.98102188110352
EP112025:geo:d15f16b16b574fc4,EP112025,Kiko,val,2025-09-04 05:30:20+00:00,64.3055,4,True,,33.95475769042969,32.772178649902344,46.23697280883789,46.04280853271485,50.01813125610352,59.69576644897461
EP112025:geo:291541cdea23dc38,EP112025,Kiko,val,2025-09-04 05:40:20+00:00,64.3055,4,True,,33.77695083618164,32.55305480957031,46.06690979003906,44.75130844116211,48.27021026611328,57.224063873291016
EP112025:geo:0c4a4d20f3ad3834,EP112025,Kiko,val,2025-09-04 05:50:20+00:00,64.3055,4,True,,33.5223274230957,32.27064514160156,46.00168228149414,42.92350769042969,45.92218780517578,53.76686477661133
EP112025:geo:310b5cce4aa8821c,EP112025,Kiko,val,2025-09-04 06:00:20+00:00,64.30073662962964,4,True,,33.27382278442383,32.00484085083008,45.11608123779297,41.85688400268555,45.0145263671875,55.25262451171875
EP112025:geo:5b9d143d94e2e5fd,EP112025,Kiko,val,2025-09-04 06:10:20+00:00,64.15783551851852,4,True,,33.0640754699707,31.790977478027344,43.05892562866211,41.27051162719727,44.40462875366211,56.13877868652344
EP112025:geo:ebca7f7906784468,EP112025,Kiko,val,2025-09-04 06:20:20+00:00,64.01493440740741,4,True,,32.9138069152832,31.62795066833496,43.493743896484375,39.61408615112305,42.991729736328125,54.12356185913086
EP112025:geo:0f230627e1b52363,EP112025,Kiko,val,2025-09-04 06:30:20+00:00,63.87203329629629,4,True,,32.84082794189453,31.521886825561523,44.833740234375,38.82608795166016,42.90447235107422,54.531044006347656
EP112025:geo:69275c4eb20819d5,EP112025,Kiko,val,2025-09-04 06:40:20+00:00,63.72913218518519,4,True,,32.6341438293457,31.28592300415039,45.9146842956543,38.89389419555664,43.42739868164063,56.96995544433594
EP112025:geo:acc66ebab6c82c30,EP112025,Kiko,val,2025-09-04 06:50:20+00:00,63.58623107407407,4,True,,32.391998291015625,31.026531219482425,44.19268035888672,38.9434814453125,43.522010803222656,57.65647506713867
EP112025:geo:22f142ffe01d3a4d,EP112025,Kiko,val,2025-09-04 07:00:20+00:00,63.44332996296296,4,True,,32.169490814208984,30.788057327270508,40.9306869506836,38.2001953125,42.4914436340332,55.64542770385742
EP112025:geo:3e5a056d3e4e55f8,EP112025,Kiko,val,2025-09-04 07:10:20+00:00,63.30042885185185,4,True,,31.90780067443848,30.50444221496582,37.658470153808594,37.7406120300293,41.51112747192383,53.37936401367188
EP112025:geo:c864a20c434aad2c,EP112025,Kiko,val,2025-09-04 07:20:20+00:00,63.15752774074074,4,True,,31.65560340881348,30.233667373657227,36.45661926269531,37.2445068359375,40.8597526550293,49.25914001464844
EP112025:geo:5f3b034478dc2ce5,EP112025,Kiko,val,2025-09-04 07:30:20+00:00,63.014626629629625,4,True,,31.59905242919922,30.16604995727539,33.67315673828125,36.65428161621094,40.192020416259766,52.213035583496094
EP112025:geo:d4ca6d0e0025cd54,EP112025,Kiko,val,2025-09-04 07:40:20+00:00,62.87172551851852,4,True,,31.607431411743164,30.16936492919922,30.8327865600586,35.55628967285156,38.45014190673828,53.80558395385742
EP112025:geo:bc030bd2a21ef9a9,EP112025,Kiko,val,2025-09-04 07:50:20+00:00,62.72882440740741,4,True,,31.50177383422852,30.05754470825196,29.17597961425781,34.2568473815918,36.75944900512695,50.407135009765625
EP112025:geo:fcd2537084e44164,EP112025,Kiko,val,2025-09-04 08:00:20+00:00,62.58592329629629,4,True,,31.54004669189453,30.08839988708496,26.900968551635746,33.75973129272461,36.20177459716797,53.40330505371094
EP112025:geo:e38362c727a6b22f,EP112025,Kiko,val,2025-09-04 08:10:20+00:00,62.44302218518519,4,True,,31.5490951538086,30.088134765625,26.095603942871094,33.53596115112305,35.70611572265625,55.59572982788086
EP112025:geo:f64767942fe847be,EP112025,Kiko,val,2025-09-04 08:20:20+00:00,62.30012107407407,4,True,,31.52530288696289,30.0588493347168,25.886688232421875,33.41740036010742,35.66802215576172,53.73159790039063
EP112025:geo:38769e686e9944a5,EP112025,Kiko,val,2025-09-04 08:30:20+00:00,62.15721996296296,4,True,,31.4945068359375,30.025543212890625,25.597553253173828,33.25022888183594,35.46842575073242,50.62328338623047
EP112025:geo:0a54bed404dd3a12,EP112025,Kiko,val,2025-09-04 08:40:21+00:00,62.01408068333333,4,True,,31.4417724609375,29.9695987701416,25.25791931152344,33.3104133605957,35.77198028564453,48.96646881103516
EP112025:geo:bcdd6e08e70549f0,EP112025,Kiko,val,2025-09-04 08:50:22+00:00,61.8709414037037,4,True,,31.096893310546875,29.617494583129883,25.682741165161133,33.543479919433594,35.637901306152344,51.0601806640625
EP112025:geo:97fe8fad19a59cab,EP112025,Kiko,val,2025-09-04 09:00:24+00:00,61.72756395555556,4,True,,36.800086975097656,38.94263458251953,53.284446716308594,33.842063903808594,35.84462356567383,49.89986801147461
EP112025:geo:764d520bc8bbe9ef,EP112025,Kiko,val,2025-09-04 09:10:20+00:00,61.58561551851852,4,True,,36.90785217285156,39.0238151550293,53.5611457824707,33.84144592285156,35.84877395629883,49.14280319213867
EP112025:geo:64879dc5feb27d7b,EP112025,Kiko,val,2025-09-04 09:20:20+00:00,61.442714407407415,4,True,,36.6415901184082,38.4106674194336,53.08293914794922,33.9410400390625,35.749900817871094,51.31011199951172
EP112025:geo:1fc3ac75b3e0c4b4,EP112025,Kiko,val,2025-09-04 09:30:20+00:00,61.2998132962963,4,True,,37.24860382080078,38.99632263183594,52.04138946533203,34.056861877441406,35.64298248291016,56.545658111572266
EP112025:geo:35fe300850d01a35,EP112025,Kiko,val,2025-09-04 09:40:20+00:00,61.15691218518519,4,True,,36.84809875488281,38.260719299316406,50.82637786865234,33.97501754760742,35.28944396972656,52.40752029418945
EP112025:geo:0560bb45dbc5a019,EP112025,Kiko,val,2025-09-04 09:50:20+00:00,61.01401107407408,4,True,,36.73809814453125,37.9509391784668,49.80668640136719,33.74518966674805,35.07764434814453,53.90488815307617
EP112025:geo:fa63089f038860cd,EP112025,Kiko,val,2025-09-04 10:00:20+00:00,60.87110996296297,4,True,,37.19260787963867,38.68053436279297,48.37237548828125,33.66812515258789,35.19902420043945,55.17691802978516
EP112025:geo:1fbbd506bdccaa80,EP112025,Kiko,val,2025-09-04 10:10:20+00:00,60.72820885185185,4,True,,37.81870269775391,39.907470703125,48.59450912475586,35.383487701416016,37.53782653808594,52.73326873779297
EP112025:geo:560e6a96f185246c,EP112025,Kiko,val,2025-09-04 10:20:20+00:00,60.585307740740745,4,True,,37.8583869934082,40.74937438964844,48.61084747314453,35.47917175292969,38.58700180053711,50.714805603027344
EP112025:geo:6b20d5839e5efb3d,EP112025,Kiko,val,2025-09-04 10:30:20+00:00,60.44240662962963,4,True,,37.56349563598633,41.04245376586914,48.30986785888672,35.73778533935547,40.13833618164063,47.268836975097656
EP112025:geo:a5d4005abdcf31fc,EP112025,Kiko,val,2025-09-04 10:40:20+00:00,60.29950551851852,4,True,,37.50284957885742,42.35846328735352,48.78825378417969,35.90568161010742,41.09697341918945,44.65740203857422
EP112025:geo:a451fc7cfdd5d576,EP112025,Kiko,val,2025-09-04 10:50:20+00:00,60.15660440740741,4,True,,37.91293716430664,44.23358917236328,49.22270202636719,38.45546340942383,43.87759399414063,58.51398468017578
EP112025:geo:0ca2c98122ebd325,EP112025,Kiko,val,2025-09-04 11:00:20+00:00,60.0137032962963,4,True,,37.89886093139648,44.52870178222656,49.40556335449219,38.27553176879883,43.62506866455078,60.11359024047852
EP112025:geo:3515968eac731268,EP112025,Kiko,val,2025-09-04 11:10:20+00:00,59.87080218518519,4,True,,37.5804557800293,44.12685012817383,47.969505310058594,36.51814270019531,41.45963287353516,53.743263244628906
EP112025:geo:bbfbf0654168e867,EP112025,Kiko,val,2025-09-04 11:20:20+00:00,59.72790107407408,4,True,,37.89956665039063,43.857177734375,47.370567321777344,37.89607238769531,42.57725143432617,52.34423065185547
EP112025:geo:721bdd4f246697e0,EP112025,Kiko,val,2025-09-04 11:30:20+00:00,59.58499996296297,4,True,,38.29435348510742,43.51007080078125,46.922210693359375,41.17584228515625,45.92060852050781,56.32430648803711
EP112025:geo:7431418a54206684,EP112025,Kiko,val,2025-09-04 11:40:20+00:00,59.44209885185185,4,True,,38.982666015625,43.70456314086914,47.842132568359375,43.45195007324219,48.33159255981445,59.43296813964844
EP112025:geo:b88f0a8c04bfe638,EP112025,Kiko,val,2025-09-04 11:50:20+00:00,59.299197740740745,4,True,,39.38818359375,44.16808319091797,46.952674865722656,46.104225158691406,51.08926010131836,58.75351333618164
EP112025:geo:d0fcab34ca3780c5,EP112025,Kiko,val,2025-09-04 12:00:20+00:00,59.16106,4,True,,40.705177307128906,45.95556640625,48.8629150390625,49.32524108886719,54.71942138671875,62.77359771728516
EP112025:geo:e13014366cb28fc1,EP112025,Kiko,val,2025-09-04 12:10:20+00:00,59.16106,4,True,,42.63484954833984,48.39816284179688,50.864776611328125,52.8452262878418,57.764102935791016,62.44830703735352
EP112025:geo:3b00736ec57dfcd9,EP112025,Kiko,val,2025-09-04 12:20:20+00:00,59.16106,4,True,,44.54547119140625,50.84846878051758,51.50830459594727,55.630409240722656,60.60318756103516,61.96097183227539
EP112025:geo:37eedc4687f6a800,EP112025,Kiko,val,2025-09-04 12:30:20+00:00,59.16106,4,True,,43.55825424194336,50.09967041015625,50.56724548339844,55.23009490966797,61.152793884277344,61.26774215698242
EP112025:geo:a6a7877c155a3688,EP112025,Kiko,val,2025-09-04 12:40:20+00:00,59.16106,4,True,,42.06578063964844,48.79693603515625,49.88066482543945,54.79166793823242,61.44234848022461,61.80386352539063
EP112025:geo:2a9077ae3f2c4d20,EP112025,Kiko,val,2025-09-04 12:50:20+00:00,59.16106,4,True,,41.52891540527344,48.34672927856445,50.42545700073242,54.80255508422852,62.91958618164063,61.15663528442383
EP112025:geo:7cbadf0dd29c8db6,EP112025,Kiko,val,2025-09-04 13:00:20+00:00,59.16106,4,True,,40.498191833496094,47.34212493896485,50.13977813720703,52.90963363647461,60.5582389831543,60.1157341003418
EP112025:geo:3cacbbfb91ca5f39,EP112025,Kiko,val,2025-09-04 13:10:20+00:00,59.16106,4,True,,40.16315078735352,47.03318786621094,50.48411560058594,50.42047500610352,56.220848083496094,57.212100982666016
EP112025:geo:2e4aaa74daf62cc4,EP112025,Kiko,val,2025-09-04 13:20:20+00:00,59.16106,4,True,,40.54811096191406,47.44641876220703,49.402130126953125,49.84042739868164,55.806373596191406,56.39152145385742
EP112025:geo:e3ded1c43332f391,EP112025,Kiko,val,2025-09-04 13:30:20+00:00,59.16106,4,True,,41.38622283935547,48.313777923583984,48.576961517333984,50.385353088378906,55.87571334838867,60.43487930297852
EP112025:geo:aa37513e604e0f2f,EP112025,Kiko,val,2025-09-04 13:40:20+00:00,59.16106,4,True,,40.6649169921875,47.539772033691406,47.22697067260742,49.39868927001953,55.37914276123047,58.60000228881836
EP112025:geo:5d329f3220ff69db,EP112025,Kiko,val,2025-09-04 13:50:20+00:00,59.16106,4,True,,40.34088516235352,46.95693588256836,45.8525390625,49.95653533935547,56.367706298828125,59.94096755981445
EP112025:geo:9be5cd2f32c3a66b,EP112025,Kiko,val,2025-09-04 14:00:20+00:00,59.16106,4,True,,40.75006866455078,46.82194900512695,46.51255035400391,51.47661972045898,58.01517868041992,61.25811004638672
EP112025:geo:b8f462b36629b486,EP112025,Kiko,val,2025-09-04 14:10:20+00:00,59.16106,4,True,,40.826454162597656,46.2286262512207,44.94137573242188,52.68224334716797,59.09383773803711,59.923377990722656
EP112025:geo:03a6e8d9ca73d773,EP112025,Kiko,val,2025-09-04 14:20:20+00:00,59.16106,4,True,,40.655311584472656,44.83147811889648,45.41499328613281,52.97868347167969,59.09463882446289,57.47658157348633
EP112025:geo:7644e020c96d767d,EP112025,Kiko,val,2025-09-04 14:30:20+00:00,59.16106,4,True,,42.12931823730469,46.7399787902832,50.49972534179688,54.0119743347168,59.71049118041992,55.45322799682617
EP112025:geo:4881304536c802db,EP112025,Kiko,val,2025-09-04 14:40:20+00:00,59.16106,4,True,,43.58598327636719,48.91814422607422,52.59360122680664,55.72655487060547,60.79042053222656,57.26768112182617
EP112025:geo:ecb487ff85203d05,EP112025,Kiko,val,2025-09-04 14:50:20+00:00,59.16106,4,True,,44.921478271484375,51.108009338378906,52.49978256225586,58.2769660949707,62.86255645751953,59.369850158691406
EP112025:geo:5ae33626e966d9a1,EP112025,Kiko,val,2025-09-04 15:00:20+00:00,59.16106,4,True,,47.48306655883789,54.68387222290039,53.1760139465332,58.90143585205078,63.45275115966797,59.11856842041016
EP112025:geo:b9983085fa2a5f08,EP112025,Kiko,val,2025-09-04 15:10:20+00:00,59.16106,4,True,,47.31201934814453,54.535911560058594,54.93928527832031,57.0561637878418,61.08808898925781,60.19675064086914
EP112025:geo:fdd3c28a6ab39021,EP112025,Kiko,val,2025-09-04 15:20:20+00:00,59.16106,4,True,,46.60408782958984,53.84952926635742,55.61412811279297,55.154518127441406,59.511356353759766,62.04951095581055
EP112025:geo:2404f37e807c42d9,EP112025,Kiko,val,2025-09-04 15:30:20+00:00,59.16106,4,True,,46.78020477294922,54.04615020751953,56.89077758789063,55.48604965209961,60.21136474609375,65.11895751953125
EP112025:geo:00600b0f1e964dde,EP112025,Kiko,val,2025-09-04 15:40:20+00:00,59.16106,4,True,,47.37511444091797,54.66056823730469,57.46631622314453,56.577781677246094,61.748138427734375,63.68659973144531
EP112025:geo:8cc30d12523c88db,EP112025,Kiko,val,2025-09-04 15:50:20+00:00,59.16106,4,True,,47.15392303466797,54.4573974609375,58.56875228881836,54.045528411865234,59.59293746948242,60.50291442871094
EP112025:geo:a6bbc7d94b7f8482,EP112025,Kiko,val,2025-09-04 16:00:20+00:00,59.16106,4,True,,46.62479019165039,53.945220947265625,57.68460464477539,51.51217651367188,57.153953552246094,56.27550506591797
EP112025:geo:0b43bf37599d6282,EP112025,Kiko,val,2025-09-04 16:10:20+00:00,59.16106,4,True,,45.90666961669922,53.2423095703125,57.06834030151367,49.20569610595703,55.27925491333008,56.09757232666016
EP112025:geo:c2145ca31ff5d42c,EP112025,Kiko,val,2025-09-04 16:20:20+00:00,59.16106,4,True,,46.3465461730957,53.696380615234375,55.71544647216797,49.206573486328125,55.79915618896485,52.8437728881836
EP112025:geo:ec70d86d0c3307ff,EP112025,Kiko,val,2025-09-04 16:30:20+00:00,59.16106,4,True,,46.52653884887695,53.889427185058594,55.60306167602539,49.12289810180664,56.9185676574707,52.424583435058594
EP112025:geo:1e9752a9eab25b1a,EP112025,Kiko,val,2025-09-04 16:40:20+00:00,59.16106,4,True,,46.47886657714844,53.85398864746094,55.680511474609375,49.23513412475586,58.22793197631836,52.80489730834961
EP112025:geo:b8f39bac8d6a08cf,EP112025,Kiko,val,2025-09-04 16:50:20+00:00,59.16106,4,True,,46.37347412109375,53.759422302246094,54.35777282714844,50.27830505371094,59.604225158691406,53.03956985473633
EP112025:geo:1617ddb8a71acd2e,EP112025,Kiko,val,2025-09-04 17:00:20+00:00,59.16106,4,True,,46.53232192993164,53.9283332824707,53.3438606262207,49.95783615112305,59.8772087097168,55.419281005859375
EP112025:geo:d0a7550cf920b44d,EP112025,Kiko,val,2025-09-04 17:10:20+00:00,59.16106,4,True,,47.17936325073242,54.58495330810547,53.2290267944336,49.86323928833008,60.37957763671875,57.092063903808594
EP112025:geo:91a4954240a94d27,EP112025,Kiko,val,2025-09-04 17:20:20+00:00,59.16106,4,True,,47.97540283203125,55.389495849609375,53.26115798950195,50.390846252441406,61.55895233154297,54.90863037109375
EP112025:geo:2b22a05910ac8a06,EP112025,Kiko,val,2025-09-04 17:30:20+00:00,59.16106,4,True,,48.21577835083008,55.63755035400391,54.730804443359375,50.376861572265625,61.86494445800781,53.61188125610352
EP112025:geo:c17989eea2f4d503,EP112025,Kiko,val,2025-09-04 17:40:20+00:00,59.16106,4,True,,47.44445037841797,54.87294006347656,55.35015869140625,48.40425491333008,59.64130783081055,53.10713195800781
EP112025:geo:3bd1b88eaede59fa,EP112025,Kiko,val,2025-09-04 17:50:20+00:00,59.16106,4,True,,46.97686767578125,54.41144943237305,55.16660690307617,46.614688873291016,57.88272476196289,56.39307022094727
EP112025:geo:9a908ef3cc0c2784,EP112025,Kiko,val,2025-09-04 18:00:20+00:00,59.15915465185185,4,True,,47.28839874267578,54.72856140136719,56.714115142822266,48.05124282836914,59.50992202758789,59.06530380249024
EP112025:geo:dba5eff1ef5facc1,EP112025,Kiko,val,2025-09-04 18:10:20+00:00,59.10199420740741,4,True,,47.68424987792969,55.12925720214844,58.39505386352539,49.88826370239258,61.228271484375,61.28986740112305
EP112025:geo:120c2de6e628d491,EP112025,Kiko,val,2025-09-04 18:20:20+00:00,59.044833762962966,4,True,,47.43442535400391,54.8837776184082,58.80790328979492,50.70932769775391,61.93087387084961,59.86922836303711
EP112025:geo:28ba05ad0bf2ae9a,EP112025,Kiko,val,2025-09-04 18:30:20+00:00,58.98767331851852,4,True,,19.19412612915039,19.37616920471192,26.423946380615234,15.34181785583496,16.90577507019043,50.428985595703125
EP112025:geo:18781c112e65b651,EP112025,Kiko,val,2025-09-04 19:20:20+00:00,58.7018710962963,4,False,no_valid_pixel_after_center_crop,,,,,,
EP112025:geo:29e236c8de0e8308,EP112025,Kiko,val,2025-09-04 19:30:20+00:00,58.64471065185185,4,True,,37.467132568359375,44.93494415283203,50.56338119506836,43.506229400634766,53.83527755737305,46.49726867675781
EP112025:geo:c6679adde02b204a,EP112025,Kiko,val,2025-09-04 19:40:20+00:00,58.5875502074074,4,True,,37.37902069091797,44.84891891479492,50.83860778808594,43.20672607421875,53.28648376464844,48.43100738525391
EP112025:geo:c3bfdff51521d7b2,EP112025,Kiko,val,2025-09-04 19:50:20+00:00,58.53038976296297,4,True,,37.57551956176758,45.04726028442383,53.12754821777344,43.30035781860352,53.02892303466797,50.10618591308594
EP112025:geo:52f75451f8e8fa50,EP112025,Kiko,val,2025-09-04 20:00:20+00:00,58.47322931851852,4,True,,38.55824661254883,46.03175354003906,54.90965270996094,44.9919319152832,54.12638854980469,54.34912109375
EP112025:geo:3e95bbd33ed58d92,EP112025,Kiko,val,2025-09-04 20:10:20+00:00,58.41606887407408,4,True,,38.92914962768555,46.40377807617188,54.20964813232422,46.09478759765625,54.849029541015625,56.47889709472656
EP112025:geo:c5de1d34bae1303e,EP112025,Kiko,val,2025-09-04 20:20:20+00:00,58.35890842962963,4,True,,38.81616973876953,46.2901496887207,55.22431945800781,46.293853759765625,54.770992279052734,55.18927764892578
EP112025:geo:5510f3730bd82bf4,EP112025,Kiko,val,2025-09-04 20:30:20+00:00,58.30174798518519,4,True,,36.15609359741211,43.620582580566406,53.13198852539063,44.50798797607422,52.71672821044922,52.63103485107422
EP112025:geo:659bef1e53b70494,EP112025,Kiko,val,2025-09-04 20:40:20+00:00,58.244587540740746,4,True,,33.95626449584961,41.1546516418457,48.845550537109375,43.38386535644531,51.85105514526367,49.57649612426758
EP112025:geo:32f43c39ca7c68f0,EP112025,Kiko,val,2025-09-04 20:50:20+00:00,58.1874270962963,4,True,,33.32996368408203,39.00757598876953,50.732421875,43.46066284179688,52.28712463378906,51.0908317565918
EP112025:geo:3e4154669a2ad755,EP112025,Kiko,val,2025-09-04 21:00:20+00:00,58.12931397777778,3,True,,35.29801559448242,42.77494430541992,47.34264755249024,43.64449691772461,52.90336608886719,53.705345153808594
EP112025:geo:631621607ec5b134,EP112025,Kiko,val,2025-09-04 21:10:20+00:00,58.04357331111112,3,True,,35.720802307128906,43.19853591918945,45.09050750732422,43.51073455810547,53.50243377685547,55.26293182373047
EP112025:geo:a9c9d79edfd3f19e,EP112025,Kiko,val,2025-09-04 21:20:20+00:00,57.95783264444445,3,True,,35.716819763183594,43.19520568847656,42.61742401123047,43.55487823486328,54.01581573486328,56.54796600341797
EP112025:geo:42505e4d78abb57a,EP112025,Kiko,val,2025-09-04 21:30:20+00:00,57.87209197777778,3,True,,36.04249954223633,43.52149200439453,40.65533447265625,44.18003463745117,55.05514526367188,56.06242752075195
EP112025:geo:5fd175e758c4f046,EP112025,Kiko,val,2025-09-04 21:40:20+00:00,57.78635131111111,3,True,,35.726898193359375,43.20641326904297,36.43231964111328,44.0321159362793,55.08614349365234,54.10237884521485
EP112025:geo:ee599b6e56b49123,EP112025,Kiko,val,2025-09-04 21:50:20+00:00,57.700610644444446,3,True,,35.992530822753906,43.47247314453125,36.74741363525391,44.31190490722656,55.38201522827149,53.94047546386719
EP112025:geo:18dbb64bc44fbf76,EP112025,Kiko,val,2025-09-04 22:00:20+00:00,57.61486997777778,3,True,,35.82548522949219,43.305782318115234,34.89202880859375,44.60854721069336,55.69599914550781,51.27865219116211
EP112025:geo:a9788ed1b1c35041,EP112025,Kiko,val,2025-09-04 22:10:20+00:00,57.52912931111111,3,True,,34.94405746459961,42.42467498779297,32.26546096801758,44.408485412597656,55.40325927734375,52.0441780090332
EP112025:geo:259cb47c9437f803,EP112025,Kiko,val,2025-09-04 22:20:20+00:00,57.44338864444445,3,True,,35.94274139404297,43.41963958740234,32.68882369995117,44.27823257446289,55.16146469116211,51.13903427124024
EP112025:geo:bd30b4b5a3b2ca61,EP112025,Kiko,val,2025-09-04 22:30:20+00:00,57.35764797777777,3,True,,38.713134765625,46.19014358520508,36.351680755615234,44.443172454833984,55.26919937133789,50.3677978515625
EP112025:geo:d6257c89169068a7,EP112025,Kiko,val,2025-09-04 22:40:20+00:00,57.27190731111112,3,True,,38.340599060058594,45.731727600097656,37.906375885009766,45.10810470581055,55.67787551879883,52.621673583984375
EP112025:geo:784283ba61b088fe,EP112025,Kiko,val,2025-09-04 22:50:20+00:00,57.18616664444445,3,True,,37.21735763549805,44.16584777832031,35.48736953735352,44.94955825805664,55.336891174316406,50.4765625
EP112025:geo:4e24f6aad83b4f61,EP112025,Kiko,val,2025-09-04 23:00:20+00:00,57.100425977777775,3,True,,37.731876373291016,44.14044570922852,36.38243865966797,45.51362228393555,55.98536682128906,53.18136596679688
EP112025:geo:4bf196bf69868443,EP112025,Kiko,val,2025-09-04 23:10:20+00:00,57.01468531111112,3,True,,38.161407470703125,43.79764938354492,37.05394744873047,45.97906112670898,56.67149353027344,54.17113876342773
EP112025:geo:3254cc54c9784874,EP112025,Kiko,val,2025-09-04 23:20:20+00:00,56.92894464444445,3,True,,38.25407409667969,43.278785705566406,36.95911407470703,46.10904693603516,57.21240234375,53.49390411376953
EP112025:geo:c911331cb2bb9a93,EP112025,Kiko,val,2025-09-04 23:30:20+00:00,56.843203977777776,3,True,,38.41020584106445,43.39337158203125,36.52622222900391,46.06461334228516,57.52729034423828,53.00368118286133
EP112025:geo:72ce6452f2ed6005,EP112025,Kiko,val,2025-09-04 23:40:20+00:00,56.75746331111112,3,True,,38.18399810791016,42.93283081054688,37.37448120117188,46.32406997680664,57.77775573730469,52.374359130859375
EP112025:geo:43b1ed53e8ed18a7,EP112025,Kiko,val,2025-09-04 23:50:20+00:00,56.67172264444444,3,True,,37.33934783935547,40.99833679199219,37.24237823486328,45.64888381958008,56.70378112792969,48.79679489135742
EP112025:geo:aa340ebd43667157,EP112025,Kiko,val,2025-09-05 00:00:20+00:00,56.58693465185185,3,True,,37.00886917114258,39.67802047729492,35.842864990234375,45.22481918334961,56.07173156738281,49.497188568115234
EP112025:geo:6a48156b8ea1ba54,EP112025,Kiko,val,2025-09-05 00:10:20+00:00,56.52977420740741,3,True,,37.30035781860352,39.16543960571289,33.975059509277344,45.1291389465332,55.7238655090332,47.977657318115234
EP112025:geo:d62d59878fd62687,EP112025,Kiko,val,2025-09-05 00:20:20+00:00,56.472613762962965,3,True,,36.886322021484375,38.50712585449219,32.179256439208984,45.07195663452149,55.33653259277344,48.87302017211914
EP112025:geo:ee4f3e82d34e0a4c,EP112025,Kiko,val,2025-09-05 00:30:20+00:00,56.41545331851852,3,True,,37.33280944824219,38.98434448242188,31.807636260986328,45.09284591674805,55.08837890625,51.49741363525391
EP112025:geo:1d8e3d44c1415061,EP112025,Kiko,val,2025-09-05 00:40:20+00:00,56.35829287407408,3,True,,36.94206237792969,37.60205841064453,31.06220245361328,44.78120040893555,54.58369445800781,52.84783935546875
EP112025:geo:c51ea5ce2fb17faa,EP112025,Kiko,val,2025-09-05 00:50:20+00:00,56.301132429629625,3,True,,37.52547073364258,37.67168426513672,30.01187896728516,44.914398193359375,54.3494873046875,52.50335693359375
EP112025:geo:dd0e8a17b0bfd608,EP112025,Kiko,val,2025-09-05 01:00:20+00:00,56.24397198518519,3,True,,37.588226318359375,37.46757125854492,30.15481758117676,45.21245574951172,54.17977142333984,50.32481384277344
EP112025:geo:2e746149f2fad1d2,EP112025,Kiko,val,2025-09-05 01:10:20+00:00,56.18681154074074,3,True,,36.84971618652344,36.56512451171875,31.66052627563477,45.23683547973633,53.809112548828125,49.87310028076172
EP112025:geo:561ea626984145fa,EP112025,Kiko,val,2025-09-05 01:20:20+00:00,56.1296510962963,3,True,,35.92487716674805,35.48356246948242,32.77626037597656,44.38135147094727,52.1523323059082,49.50550079345703
EP112025:geo:f0ecd7a4591182c6,EP112025,Kiko,val,2025-09-05 01:30:20+00:00,56.07249065185185,3,True,,35.00110626220703,34.496559143066406,33.46109390258789,43.74769592285156,50.80072021484375,50.88768005371094
EP112025:geo:b9da50b9db539d4f,EP112025,Kiko,val,2025-09-05 01:40:20+00:00,56.01533020740741,3,True,,34.77066802978516,34.18550491333008,32.164676666259766,43.76605987548828,50.436988830566406,51.79894256591797
EP112025:geo:720975757ed77be9,EP112025,Kiko,val,2025-09-05 01:50:20+00:00,55.95816976296297,3,True,,34.771785736083984,34.090091705322266,31.24462127685547,43.85633850097656,50.10958480834961,53.33196258544922
EP112025:geo:49afc3a02964d775,EP112025,Kiko,val,2025-09-05 02:00:20+00:00,55.90100931851852,3,True,,34.27287292480469,33.50109100341797,30.385467529296875,43.33415603637695,49.42254257202149,50.84563827514648
EP112025:geo:4a21f3fa49072b7a,EP112025,Kiko,val,2025-09-05 02:10:20+00:00,55.84384887407408,3,True,,34.3900260925293,33.54893112182617,29.54106903076172,43.316184997558594,49.13541412353516,49.45244598388672
EP112025:geo:d8e57cfa311cd330,EP112025,Kiko,val,2025-09-05 02:20:20+00:00,55.78668842962963,3,True,,34.06316375732422,33.153099060058594,29.352195739746094,42.42409133911133,48.06751251220703,47.832401275634766
EP112025:geo:7ca4e194ed13e295,EP112025,Kiko,val,2025-09-05 02:30:20+00:00,55.72952798518519,3,True,,33.62614059448242,32.68818664550781,29.831621170043945,41.914329528808594,47.33689880371094,47.945091247558594
EP112025:geo:ac94b45d1408b038,EP112025,Kiko,val,2025-09-05 02:40:20+00:00,55.67236754074074,3,True,,33.33590316772461,32.3974723815918,29.82474136352539,42.89181137084961,47.9769172668457,50.76932144165039
EP112025:geo:18df5f8360fdd110,EP112025,Kiko,val,2025-09-05 02:50:20+00:00,55.615207096296295,3,True,,33.495155334472656,32.554168701171875,29.778011322021484,44.683292388916016,49.47474670410156,53.067665100097656
EP112025:geo:6ec10321a906e222,EP112025,Kiko,val,2025-09-05 03:00:20+00:00,55.557093977777775,3,True,,34.333152770996094,33.53163528442383,45.1812629699707,45.715797424316406,50.2052116394043,51.94448852539063
EP112025:geo:4f9e8a88b8840cc2,EP112025,Kiko,val,2025-09-05 03:10:20+00:00,55.47135331111112,3,True,,34.22218704223633,33.43014907836914,48.90038299560547,46.65623092651367,51.11966323852539,51.12473678588867
EP112025:geo:644e3b08af1e811f,EP112025,Kiko,val,2025-09-05 03:20:20+00:00,55.38561264444444,3,True,,34.13090515136719,33.35395050048828,51.34812545776367,47.70542907714844,51.99092102050781,48.54644012451172
EP112025:geo:31ee7a03616babf2,EP112025,Kiko,val,2025-09-05 03:30:20+00:00,55.29987197777778,3,True,,34.14763641357422,33.41794967651367,52.510353088378906,47.66079711914063,51.75087356567383,51.6440658569336
EP112025:geo:0c89dfdfafa8412b,EP112025,Kiko,val,2025-09-05 03:40:20+00:00,55.21413131111112,3,True,,33.952171325683594,33.23908996582031,52.50619125366211,47.48044967651367,51.389434814453125,45.01401519775391
EP112025:geo:3532081d191cf4b1,EP112025,Kiko,val,2025-09-05 03:50:20+00:00,55.12839064444445,3,True,,33.70417785644531,32.98291778564453,51.78155899047852,47.26850891113281,50.96072006225586,41.99244689941406
EP112025:geo:45823b7d5b9bc6ab,EP112025,Kiko,val,2025-09-05 04:00:20+00:00,55.04264997777778,3,True,,33.478492736816406,32.74460983276367,49.87327575683594,46.69075393676758,50.29486083984375,42.761680603027344
EP112025:geo:a0467955dc666a76,EP112025,Kiko,val,2025-09-05 04:10:20+00:00,54.95690931111111,3,True,,33.44400787353516,32.6988639831543,44.74217224121094,46.42097854614258,49.94501495361328,41.137298583984375
EP112025:geo:1dc212b1ce258d41,EP112025,Kiko,val,2025-09-05 04:20:20+00:00,54.871168644444445,3,True,,33.06852340698242,32.31783676147461,41.40992736816406,46.193477630615234,49.541786193847656,39.21467590332031
EP112025:geo:ae106762b89f393a,EP112025,Kiko,val,2025-09-05 04:30:20+00:00,54.78542797777778,3,True,,32.6480827331543,31.84879875183105,39.16283416748047,46.26105880737305,49.50581359863281,38.123329162597656
EP112025:geo:a4c9e92906b4a8ab,EP112025,Kiko,val,2025-09-05 04:40:20+00:00,54.69968731111111,3,True,,32.35360336303711,31.494197845458984,37.533538818359375,46.38441467285156,49.90958786010742,40.70964813232422
EP112025:geo:5bdecdd8b88cb377,EP112025,Kiko,val,2025-09-05 04:50:20+00:00,54.61394664444445,3,True,,32.01909637451172,31.138357162475582,37.42533874511719,46.9434700012207,50.53199005126953,41.758445739746094
EP112025:geo:980ab1e6705a1e2a,EP112025,Kiko,val,2025-09-05 05:00:20+00:00,54.52820597777778,3,True,,31.67884635925293,30.79705238342285,33.46385955810547,45.7794189453125,49.153018951416016,37.99295425415039
EP112025:geo:c1869390a8432c1e,EP112025,Kiko,val,2025-09-05 05:10:20+00:00,54.44246531111112,3,True,,31.23158836364746,30.34251594543457,30.203903198242188,45.38725662231445,48.27772903442383,34.36700820922852
EP112025:geo:a4cd4a90ca5ee0c5,EP112025,Kiko,val,2025-09-05 05:20:20+00:00,54.35672464444445,3,True,,30.81072235107422,29.90308380126953,27.930137634277344,45.30302429199219,47.98917770385742,39.0914421081543
EP112025:geo:8702b28ee006dab5,EP112025,Kiko,val,2025-09-05 05:30:20+00:00,54.270983977777774,3,True,,30.36998748779297,29.42395401000977,26.96806526184082,45.76290130615234,47.74907684326172,43.01933670043945
EP112025:geo:867ca7d84966d519,EP112025,Kiko,val,2025-09-05 05:40:20+00:00,54.18524331111112,3,True,,29.9564208984375,28.951801300048828,25.80768394470215,45.73355102539063,47.013671875,46.395538330078125
EP112025:geo:9741739bed8a39f7,EP112025,Kiko,val,2025-09-05 05:50:20+00:00,54.09950264444445,3,True,,29.82173728942871,28.76170539855957,25.194129943847656,44.953125,45.264556884765625,48.09225845336914
EP112025:geo:5a147c3159a4a8c6,EP112025,Kiko,val,2025-09-05 06:00:20+00:00,54.014714651851854,3,True,,29.676158905029297,28.53308868408203,24.47751808166504,43.39694213867188,43.317848205566406,49.146121978759766
EP112025:geo:ee4f48c14d3ed5fe,EP112025,Kiko,val,2025-09-05 06:10:20+00:00,53.957554207407405,3,True,,29.54130172729492,28.33660697937012,23.794897079467773,41.092132568359375,40.9316635131836,47.2877311706543
EP112025:geo:737cccbb4168b0e0,EP112025,Kiko,val,2025-09-05 06:20:20+00:00,53.90039376296297,3,True,,29.37553977966309,28.14512634277344,23.33470344543457,39.27068710327149,38.25004959106445,46.1884765625
EP112025:geo:e27f77d7b959d4f5,EP112025,Kiko,val,2025-09-05 06:30:20+00:00,53.84323331851852,3,True,,29.33279800415039,28.082080841064453,22.783227920532227,36.77804565429688,34.864315032958984,45.65262222290039
EP112025:geo:69c19d51a5fb75e5,EP112025,Kiko,val,2025-09-05 06:40:20+00:00,53.78607287407407,3,True,,29.25361633300781,27.96467018127441,22.53215789794922,35.21490859985352,33.27576446533203,42.8287353515625
EP112025:geo:86b62c7c91605b8d,EP112025,Kiko,val,2025-09-05 06:50:20+00:00,53.72891242962963,3,True,,29.197195053100582,27.870088577270508,22.22445297241211,33.940711975097656,32.24953079223633,43.610984802246094
EP112025:geo:32cafdee84b8ec55,EP112025,Kiko,val,2025-09-05 07:00:20+00:00,53.67175198518519,3,True,,29.15644073486328,27.81265640258789,21.91399955749512,32.60154342651367,31.20815086364746,44.267189025878906
EP112025:geo:06bf822f24058faa,EP112025,Kiko,val,2025-09-05 07:10:20+00:00,53.61459154074075,3,True,,29.03453063964844,27.69559860229492,21.80343437194824,31.53896141052246,30.417219161987305,43.40113830566406
EP112025:geo:c22cff77a6c87c97,EP112025,Kiko,val,2025-09-05 07:20:20+00:00,53.5574310962963,3,True,,28.75104141235352,27.412494659423828,21.74766159057617,30.560102462768555,29.65837478637696,42.86392211914063
EP112025:geo:5cf7192bd20c8233,EP112025,Kiko,val,2025-09-05 07:30:20+00:00,53.50027065185185,3,True,,28.60399055480957,27.249141693115234,21.777894973754883,30.084794998168945,29.40313720703125,43.01898193359375
EP112025:geo:0e2f48507c6410d1,EP112025,Kiko,val,2025-09-05 07:40:20+00:00,53.44311020740741,3,True,,28.55055427551269,27.173301696777344,21.47813034057617,30.019805908203125,29.831377029418945,39.5547981262207
EP112025:geo:3b98ef33df5131de,EP112025,Kiko,val,2025-09-05 07:50:20+00:00,53.385949762962966,3,True,,28.80844497680664,27.409809112548828,21.08620262145996,30.056360244750977,30.4140567779541,35.91826629638672
EP112025:geo:5990255576ed1061,EP112025,Kiko,val,2025-09-05 08:00:20+00:00,53.32878931851853,3,True,,29.009361267089844,27.604341506958008,20.818565368652344,30.29586410522461,30.899791717529297,35.06108474731445
EP112025:geo:3929565ac99c83fd,EP112025,Kiko,val,2025-09-05 08:10:20+00:00,53.27162887407408,3,True,,29.03689193725586,27.638896942138672,20.589160919189453,31.379541397094727,32.037689208984375,40.32242584228516
EP112025:geo:a5c5c3e7a10e8b16,EP112025,Kiko,val,2025-09-05 08:20:20+00:00,53.214468429629626,3,True,,29.32790756225586,27.927001953125,20.241668701171875,31.31961441040039,32.242435455322266,41.07854080200195
EP112025:geo:a7c97c1f856f006a,EP112025,Kiko,val,2025-09-05 08:30:20+00:00,53.15730798518519,3,True,,29.53287506103516,28.1298828125,20.212194442749023,30.93520164489746,31.59563636779785,43.83379364013672
EP112025:geo:616437163b5ed83b,EP112025,Kiko,val,2025-09-05 08:40:21+00:00,53.10005227333333,3,True,,29.971887588500977,28.57132911682129,20.35231590270996,31.148876190185547,31.375791549682617,45.51729202270508
EP112025:geo:702543ebb71996b4,EP112025,Kiko,val,2025-09-05 08:50:22+00:00,53.04279656148148,3,True,,30.18149185180664,28.76801300048828,20.687414169311523,31.435216903686523,31.607101440429688,44.80767059326172
EP112025:geo:40ceb947ace479e2,EP112025,Kiko,val,2025-09-05 09:00:20+00:00,52.984873977777774,3,True,,31.78571319580078,30.391626358032227,26.199716567993164,31.700937271118164,31.74041175842285,40.7800178527832
EP112025:geo:f54bc49f38de9f03,EP112025,Kiko,val,2025-09-05 09:10:21+00:00,52.89899041,3,True,,32.22813415527344,30.850801467895508,25.643861770629883,32.3826789855957,32.207759857177734,41.9600830078125
EP112025:geo:f44a1998d753c712,EP112025,Kiko,val,2025-09-05 09:20:21+00:00,52.81324974333333,3,True,,32.07916641235352,30.723960876464844,25.721603393554688,32.833740234375,32.28937911987305,37.829437255859375
EP112025:geo:78d5d7dbfa76fb2a,EP112025,Kiko,val,2025-09-05 09:30:21+00:00,52.72750907666667,3,True,,31.865917205810547,30.51490020751953,25.166160583496094,32.412879943847656,31.937620162963867,37.17745208740234
EP112025:geo:5db6b17383972a95,EP112025,Kiko,val,2025-09-05 09:40:21+00:00,52.641768410000005,3,True,,32.087486267089844,30.728647232055664,25.828861236572266,32.16190719604492,31.873271942138672,39.189334869384766
EP112025:geo:f06672f0f6ac2aea,EP112025,Kiko,val,2025-09-05 09:50:21+00:00,52.55602774333333,3,True,,32.68838119506836,31.34195327758789,26.61442375183105,31.949871063232425,32.00531005859375,37.37001800537109
EP112025:geo:3f7f2e5745a42f75,EP112025,Kiko,val,2025-09-05 10:00:21+00:00,52.47028707666667,3,True,,32.929901123046875,31.59619903564453,27.611328125,32.27076721191406,33.00619125366211,38.50170135498047
EP112025:geo:7649ba32086bd84c,EP112025,Kiko,val,2025-09-05 10:10:21+00:00,52.38454641,3,True,,32.59854507446289,31.267616271972656,29.928041458129883,32.82407760620117,34.25176239013672,40.71784973144531
EP112025:geo:7a6706e71e148b9e,EP112025,Kiko,val,2025-09-05 10:20:21+00:00,52.29880574333333,3,True,,32.76810836791992,31.505277633666992,32.07597351074219,33.04707336425781,35.230918884277344,38.09275817871094
EP112025:geo:4d7ecb7f078beb8e,EP112025,Kiko,val,2025-09-05 10:30:21+00:00,52.21306507666667,3,True,,33.02587890625,31.81353759765625,35.070289611816406,33.536739349365234,36.27249526977539,38.22632598876953
EP112025:geo:94e0ffe8bbb26587,EP112025,Kiko,val,2025-09-05 10:40:21+00:00,52.12732441,3,True,,32.64101791381836,31.382568359375,39.05101776123047,33.82765197753906,36.297325134277344,42.00130844116211
EP112025:geo:b09b50bb928fb4d1,EP112025,Kiko,val,2025-09-05 10:50:21+00:00,52.04158374333333,3,True,,32.5015754699707,31.21213722229004,40.65555953979492,33.7666015625,36.67105865478516,44.31633377075195
EP112025:geo:fa0b714a89b5eabe,EP112025,Kiko,val,2025-09-05 11:00:21+00:00,51.95584307666667,3,True,,33.022727966308594,31.725629806518555,38.62429428100586,33.60324478149414,37.11737060546875,40.10765838623047
EP112025:geo:9b0e19243d9bce1a,EP112025,Kiko,val,2025-09-05 11:10:21+00:00,51.87010241,3,True,,33.67107391357422,32.396278381347656,36.04209899902344,33.283729553222656,37.06305694580078,36.525272369384766
EP112025:geo:676c48d01e0c411a,EP112025,Kiko,val,2025-09-05 11:20:21+00:00,51.784361743333335,3,True,,33.75056457519531,32.507747650146484,37.71147155761719,33.92580795288086,37.97232818603516,41.12247467041016
EP112025:geo:90b74bfc10e2535d,EP112025,Kiko,val,2025-09-05 11:30:21+00:00,51.69862107666667,3,True,,32.42393493652344,31.216142654418945,36.16843795776367,34.791072845458984,39.08775329589844,44.06333160400391
EP112025:geo:33043405b28bcd7f,EP112025,Kiko,val,2025-09-05 11:40:21+00:00,51.61288041,3,True,,32.50502395629883,31.34049224853516,36.94657897949219,34.76741027832031,39.85270690917969,45.91434860229492
EP112025:geo:183f318723198649,EP112025,Kiko,val,2025-09-05 11:50:21+00:00,51.52713974333333,3,True,,32.743011474609375,31.69516563415528,36.64067077636719,34.77627944946289,39.54792022705078,40.03433990478516
EP112025:geo:4e68e6d4e402b7bc,EP112025,Kiko,val,2025-09-05 12:00:21+00:00,51.44740092333333,3,True,,32.99619674682617,32.10599899291992,37.37738037109375,34.754615783691406,38.59830093383789,36.51607131958008
EP112025:geo:d8b7ca2420823d1d,EP112025,Kiko,val,2025-09-05 12:10:21+00:00,51.53314159,3,True,,33.59724426269531,32.928035736083984,36.459320068359375,34.44781875610352,38.15269088745117,36.73055267333984
EP112025:geo:e8bce0ee97631990,EP112025,Kiko,val,2025-09-05 12:20:21+00:00,51.61888225666667,3,True,,33.90155792236328,33.5097770690918,36.525169372558594,34.19970703125,37.92121505737305,34.22191619873047
EP112025:geo:ac0a558f0cc97c2a,EP112025,Kiko,val,2025-09-05 12:30:21+00:00,51.70462292333333,3,True,,34.340309143066406,34.3460807800293,34.486419677734375,33.59747314453125,36.94951629638672,34.45111083984375
EP112025:geo:6f6296135de9ee9b,EP112025,Kiko,val,2025-09-05 12:40:21+00:00,51.79036359,3,True,,34.584693908691406,34.88197326660156,32.4798469543457,33.08585357666016,36.14786529541016,37.21703720092773
EP112025:geo:0fb5caa3cd39d02e,EP112025,Kiko,val,2025-09-05 12:50:21+00:00,51.87610425666667,3,True,,34.52542495727539,35.19742584228516,32.117469787597656,32.6436882019043,35.33399963378906,36.922996520996094
EP112025:geo:1f04cd68e44c9a75,EP112025,Kiko,val,2025-09-05 13:00:21+00:00,51.96184492333333,3,True,,34.678489685058594,36.202674865722656,28.44322204589844,32.064449310302734,34.97254180908203,39.40288543701172
EP112025:geo:d7b570214f0f20f1,EP112025,Kiko,val,2025-09-05 13:10:21+00:00,52.04758559,3,True,,34.99556350708008,37.7602424621582,26.36969375610352,31.57126808166504,35.419281005859375,45.88331604003906
EP112025:geo:e6d831a237b8c010,EP112025,Kiko,val,2025-09-05 13:20:21+00:00,52.13332625666667,3,True,,35.14601516723633,39.608375549316406,25.67333030700684,31.48601531982422,37.705543518066406,47.106422424316406
EP112025:geo:20362d712800d4c9,EP112025,Kiko,val,2025-09-05 13:30:21+00:00,52.21906692333333,3,True,,35.468040466308594,41.58218383789063,23.36881446838379,31.707719802856445,39.62335968017578,46.85097503662109
EP112025:geo:61fde2a3a207be29,EP112025,Kiko,val,2025-09-05 13:40:21+00:00,52.30480759,3,True,,35.66925048828125,42.43123245239258,22.45576858520508,32.54619216918945,40.45305633544922,47.498531341552734
EP112025:geo:e227ef3add6378de,EP112025,Kiko,val,2025-09-05 13:50:21+00:00,52.39054825666667,3,True,,35.882049560546875,42.83481597900391,21.921606063842773,34.77858352661133,42.89645385742188,49.73860549926758
EP112025:geo:e1f08c65d650625b,EP112025,Kiko,val,2025-09-05 14:00:21+00:00,52.476288923333335,3,True,,36.23391342163086,43.2338752746582,21.68952751159668,38.67313766479492,46.44036102294922,48.739837646484375
EP112025:geo:cc38ea97747f3825,EP112025,Kiko,val,2025-09-05 14:10:21+00:00,52.56202959,3,True,,37.36697769165039,44.395652770996094,21.354076385498047,42.79021835327149,49.11545944213867,51.484153747558594
EP112025:geo:71a2d92bea37821f,EP112025,Kiko,val,2025-09-05 14:20:21+00:00,52.64777025666667,3,True,,38.95168685913086,46.00889587402344,20.432559967041016,44.68852233886719,49.54906845092773,54.05886459350586
EP112025:geo:52c85ce84c6fe564,EP112025,Kiko,val,2025-09-05 14:30:21+00:00,52.73351092333333,3,True,,41.1987419128418,48.286380767822266,19.64908599853516,46.755558013916016,50.67576599121094,57.42913436889648
EP112025:geo:de14145581c008a7,EP112025,Kiko,val,2025-09-05 14:40:21+00:00,52.81925159,3,True,,43.13297653198242,50.24959564208984,19.90274810791016,50.052337646484375,54.37408065795898,58.11294555664063
EP112025:geo:57263ba22b1c56f8,EP112025,Kiko,val,2025-09-05 14:50:21+00:00,52.90499225666667,3,True,,43.342769622802734,50.48625946044922,21.432907104492188,50.8142204284668,55.84541702270508,55.11337661743164
EP112025:geo:363fc64bbab92680,EP112025,Kiko,val,2025-09-05 15:00:21+00:00,52.98973261555556,3,True,,40.93849182128906,40.712547302246094,23.71871566772461,50.65480041503906,55.88873291015625,53.38621139526367
EP112025:geo:1be73cbdb2fe5670,EP112025,Kiko,val,2025-09-05 15:10:21+00:00,53.04689306,3,True,,39.92538833618164,40.21125793457031,23.67403984069824,48.42117691040039,53.80362701416016,54.08351135253906
EP112025:geo:e69151acd90d32e6,EP112025,Kiko,val,2025-09-05 15:20:21+00:00,53.10405350444445,3,True,,38.9511604309082,40.06855010986328,23.83846664428711,47.89182662963867,54.023956298828125,50.43073654174805
EP112025:geo:6d78819ca463289b,EP112025,Kiko,val,2025-09-05 15:30:21+00:00,53.16121394888889,3,True,,39.05609893798828,39.58880615234375,23.739782333374023,48.0955924987793,53.9574089050293,48.73130035400391
EP112025:geo:51d01670ecd9f193,EP112025,Kiko,val,2025-09-05 15:40:21+00:00,53.218374393333335,3,True,,39.680171966552734,39.31014633178711,23.524370193481445,48.34135437011719,54.18540573120117,46.59486389160156
EP112025:geo:9806b77aee539508,EP112025,Kiko,val,2025-09-05 15:50:21+00:00,53.275534837777776,3,True,,40.45782852172852,39.85124206542969,23.02684783935547,47.97367477416992,54.447364807128906,46.103851318359375
EP112025:geo:a453328481b97009,EP112025,Kiko,val,2025-09-05 16:00:21+00:00,53.33269528222222,3,True,,40.67997360229492,39.92865753173828,22.52942657470703,48.58769989013672,55.89978790283203,47.0610237121582
EP112025:geo:53150b1c8dabf39b,EP112025,Kiko,val,2025-09-05 16:10:21+00:00,53.38985572666667,3,True,,40.10341262817383,39.24675369262695,22.395431518554688,47.8569221496582,55.80037689208984,51.158958435058594
EP112025:geo:65b39bf99a50b96c,EP112025,Kiko,val,2025-09-05 16:20:21+00:00,53.44701617111112,3,True,,39.28801345825195,38.37105941772461,22.60502052307129,48.13980102539063,56.23940658569336,53.1174201965332
EP112025:geo:7aaf4bf37c8b787c,EP112025,Kiko,val,2025-09-05 16:30:21+00:00,53.50417661555556,3,True,,38.50418472290039,37.56206893920898,24.192201614379883,47.77832794189453,56.284427642822266,50.175289154052734
EP112025:geo:fc63a3add5c5aec2,EP112025,Kiko,val,2025-09-05 16:40:21+00:00,53.56133706,3,True,,38.394752502441406,37.4384765625,26.421527862548828,47.81829833984375,55.896759033203125,50.985782623291016
EP112025:geo:53a9fa9e442c33de,EP112025,Kiko,val,2025-09-05 16:50:21+00:00,53.61849750444444,3,True,,39.188262939453125,38.3144416809082,27.876554489135746,48.13275146484375,55.62515258789063,52.73941421508789
EP112025:geo:e6def69de215307b,EP112025,Kiko,val,2025-09-05 17:00:21+00:00,53.67565794888889,3,True,,39.515403747558594,38.9190788269043,30.06818008422852,49.13783264160156,56.9984016418457,52.793365478515625
EP112025:geo:6dfa4b708d6e4662,EP112025,Kiko,val,2025-09-05 17:10:21+00:00,53.73281839333334,3,True,,38.62490081787109,38.68292999267578,29.932605743408203,48.45219039916992,57.76841735839844,48.28246307373047
EP112025:geo:4d66fb21d70ce007,EP112025,Kiko,val,2025-09-05 17:20:21+00:00,53.789978837777774,3,True,,38.07732772827149,39.40719223022461,26.954978942871094,46.30069351196289,56.27462768554688,49.63697814941406
EP112025:geo:3350f6c723fe3b6d,EP112025,Kiko,val,2025-09-05 17:30:21+00:00,53.84713928222222,3,True,,38.20314025878906,41.279911041259766,26.4182243347168,43.572784423828125,51.96528625488281,48.79005432128906
EP112025:geo:e1493dd4d9108142,EP112025,Kiko,val,2025-09-05 17:40:21+00:00,53.904299726666665,3,True,,38.359031677246094,42.2823371887207,26.86906242370605,40.7983627319336,47.69524002075195,47.66770935058594
EP112025:geo:4655a8d0361d1dea,EP112025,Kiko,val,2025-09-05 17:50:21+00:00,53.96146017111111,3,True,,39.19510269165039,43.26397705078125,29.141843795776367,40.45516586303711,47.38976287841797,46.44620513916016
EP112025:geo:27d91615a9a58c52,EP112025,Kiko,val,2025-09-05 18:00:21+00:00,54.021621538888894,3,True,,39.7751350402832,44.23941421508789,28.497386932373047,39.105934143066406,46.20002746582031,47.11677169799805
EP112025:geo:4974b2a894abbe45,EP112025,Kiko,val,2025-09-05 18:10:21+00:00,54.16452265,3,True,,40.26993560791016,45.62930679321289,29.342533111572266,39.616966247558594,46.90952301025391,49.15421295166016
EP112025:geo:330482e85aa82023,EP112025,Kiko,val,2025-09-05 18:20:21+00:00,54.30742376111111,3,True,,40.47483825683594,46.42533874511719,33.82261657714844,41.49030685424805,48.91862869262695,51.47940826416016
EP112025:geo:df7c31a7131ad11e,EP112025,Kiko,val,2025-09-05 18:30:21+00:00,54.45032487222222,3,True,,39.84347915649414,46.246055603027344,35.82905960083008,40.98820877075195,48.3001708984375,51.8886947631836
EP112025:geo:0cbc582fc4d29ef1,EP112025,Kiko,val,2025-09-05 18:40:21+00:00,54.59322598333333,3,True,,39.372169494628906,45.86000061035156,38.89375305175781,40.64702224731445,48.15061569213867,53.00402069091797
EP112025:geo:861e93c9436c4517,EP112025,Kiko,val,2025-09-05 18:50:21+00:00,54.73612709444444,3,True,,39.048431396484375,45.38749313354492,43.7119140625,42.65446090698242,50.20967864990234,55.47250747680664
EP112025:geo:ac87a5ac3f58b09e,EP112025,Kiko,val,2025-09-05 19:00:21+00:00,54.87902820555556,3,True,,38.16158676147461,44.267677307128906,45.25852966308594,42.21175384521485,49.950592041015625,56.98357391357422
EP112025:geo:7d678802759831c8,EP112025,Kiko,val,2025-09-05 19:10:21+00:00,55.021929316666665,3,True,,37.88497924804688,43.70720291137695,46.47553253173828,42.55405426025391,50.36016845703125,57.25647735595703
EP112025:geo:7b5d6694ba4da1c5,EP112025,Kiko,val,2025-09-05 19:20:21+00:00,55.16483042777778,3,True,,37.48603439331055,44.19858932495117,46.64444732666016,43.63663101196289,51.38087844848633,56.3804817199707
EP112025:geo:f351fbc1d9036161,EP112025,Kiko,val,2025-09-05 19:30:21+00:00,55.30773153888889,3,True,,37.15235137939453,44.379539489746094,48.13398742675781,44.06119537353516,51.72142028808594,56.25334167480469
EP112025:geo:c1d0a8cd0314ca44,EP112025,Kiko,val,2025-09-05 19:40:21+00:00,55.45063265,3,True,,36.66030502319336,44.02968597412109,50.2288703918457,45.33277893066406,52.9579963684082,57.98662567138672
EP112025:geo:5f9b94d7e3781f26,EP112025,Kiko,val,2025-09-05 19:50:21+00:00,55.59353376111111,3,True,,36.6792106628418,44.026145935058594,51.02040100097656,46.41048049926758,54.28854370117188,58.25586700439453
EP112025:geo:3fb650ef786b9dd6,EP112025,Kiko,val,2025-09-05 20:00:21+00:00,55.73643487222222,3,True,,36.121620178222656,43.55938720703125,51.3455810546875,47.00181198120117,54.95216369628906,56.699615478515625
EP112025:geo:8c7563360e3c4005,EP112025,Kiko,val,2025-09-05 20:10:21+00:00,55.87933598333333,3,True,,35.29198455810547,42.7535400390625,50.59059143066406,46.969505310058594,55.05965423583984,57.89250946044922
EP112025:geo:56e504e52c57a5d4,EP112025,Kiko,val,2025-09-05 20:20:21+00:00,56.02223709444444,3,True,,35.647850036621094,43.11774444580078,49.93183135986328,47.44612121582031,55.79156875610352,58.66698455810547
EP112025:geo:e4727ba5d19d6712,EP112025,Kiko,val,2025-09-05 20:30:21+00:00,56.16513820555556,3,True,,35.998680114746094,43.471466064453125,50.550106048583984,47.78889846801758,56.057708740234375,58.66003036499024
EP112025:geo:10f0ebaad0468b9b,EP112025,Kiko,val,2025-09-05 20:40:21+00:00,56.308039316666665,3,True,,35.7353515625,43.20860290527344,50.97907257080078,47.80916595458984,55.61714172363281,58.25897216796875
EP112025:geo:e8b355576d3c8706,EP112025,Kiko,val,2025-09-05 20:50:21+00:00,56.45094042777778,3,True,,34.87639617919922,42.34496307373047,49.78007507324219,47.92816162109375,55.64271545410156,58.3704719543457
EP112025:geo:a5b44d116604c864,EP112025,Kiko,val,2025-09-05 21:00:21+00:00,56.59384153888889,3,True,,29.10002899169922,28.65884017944336,43.19775390625,47.31161117553711,55.09105682373047,58.0415153503418
EP112025:geo:9171ed0cc35d038f,EP112025,Kiko,val,2025-09-05 21:10:20+00:00,56.73650448148148,3,True,,29.05405044555664,28.63064956665039,41.75037384033203,47.53053283691406,55.530052185058594,59.3847885131836
EP112025:geo:008b0d79e57bdf4e,EP112025,Kiko,val,2025-09-05 21:20:20+00:00,56.87940559259259,3,True,,28.75942611694336,28.39720344543457,40.51702880859375,47.86537551879883,56.043251037597656,60.99969100952149
EP112025:geo:9baf201696c165d2,EP112025,Kiko,val,2025-09-05 21:30:20+00:00,57.022306703703705,3,True,,28.73094367980957,28.51858329772949,41.75516891479492,48.350852966308594,57.38993835449219,60.70819854736328
EP112025:geo:2d98e2088ddee52f,EP112025,Kiko,val,2025-09-05 21:40:20+00:00,57.16520781481481,3,True,,28.812843322753903,28.954639434814453,43.25295639038086,49.1390380859375,59.41459655761719,59.873870849609375
EP112025:geo:ab51d94313266817,EP112025,Kiko,val,2025-09-05 21:50:20+00:00,57.30810892592593,3,True,,28.815364837646484,29.22421646118164,43.030033111572266,49.44710922241211,60.534210205078125,59.21847534179688
EP112025:geo:61d2f54c407f00d0,EP112025,Kiko,val,2025-09-05 22:00:20+00:00,57.45101003703704,3,True,,28.6721305847168,29.283641815185547,42.781246185302734,50.60680770874024,62.00926971435547,58.57364654541016
EP112025:geo:3992e5dbfd297605,EP112025,Kiko,val,2025-09-05 22:10:20+00:00,57.59391114814815,3,True,,28.867130279541016,30.039072036743164,43.08712768554688,50.90997695922852,62.32831954956055,59.008636474609375
EP112025:geo:a34dad5925297fb6,EP112025,Kiko,val,2025-09-05 22:20:20+00:00,57.73681225925926,3,True,,29.13810539245605,31.137754440307617,43.53937530517578,51.241661071777344,62.43921661376953,58.85445785522461
EP112025:geo:4c2a6f4e385bc3b5,EP112025,Kiko,val,2025-09-05 22:30:20+00:00,57.879713370370375,3,True,,30.33235740661621,33.56778717041016,44.13357925415039,51.95852279663086,63.44285583496094,58.61063766479492
EP112025:geo:fd98476481fa889f,EP112025,Kiko,val,2025-09-05 22:40:20+00:00,58.02261448148148,3,True,,32.43317031860352,36.93872833251953,42.8348274230957,52.665653228759766,64.59540557861328,58.67724990844727
EP112025:geo:ce8d33f5b3086e16,EP112025,Kiko,val,2025-09-05 22:50:20+00:00,58.16551559259259,4,True,,33.05261993408203,38.47306823730469,42.10044860839844,52.51228713989258,64.69380187988281,58.85441207885742
EP112025:geo:498432a63d04f331,EP112025,Kiko,val,2025-09-05 23:00:20+00:00,58.308416703703706,4,True,,33.4290771484375,39.722923278808594,41.91218566894531,53.064674377441406,65.27629089355469,58.48345947265625
EP112025:geo:c38b273c0414f4f2,EP112025,Kiko,val,2025-09-05 23:10:20+00:00,58.451317814814814,4,True,,34.47285842895508,41.37495422363281,40.65204620361328,53.86957550048828,66.15534210205078,59.9926643371582
EP112025:geo:29be8270dd2832d0,EP112025,Kiko,val,2025-09-05 23:20:20+00:00,58.59421892592593,4,True,,35.4539909362793,42.54698944091797,40.7369384765625,54.19686126708984,66.19397735595703,59.28521347045898
EP112025:geo:b81c7e5b1286a00c,EP112025,Kiko,val,2025-09-05 23:30:20+00:00,58.73712003703704,4,True,,36.2340202331543,43.35678863525391,41.05944442749024,54.34156036376953,66.01502990722656,56.86553192138672
EP112025:geo:ee03f82be7b99d9f,EP112025,Kiko,val,2025-09-05 23:40:20+00:00,58.88002114814815,4,True,,35.25413513183594,42.13096618652344,40.61063766479492,54.71620178222656,66.04298400878906,57.52263259887695
EP112025:geo:c84b984ca21428d4,EP112025,Kiko,val,2025-09-05 23:50:20+00:00,59.02292225925926,4,True,,33.93423080444336,40.518436431884766,39.319129943847656,54.9573974609375,65.77125549316406,59.71615982055664
EP112025:geo:a39fa52da214b566,EP112025,Kiko,val,2025-09-06 00:00:20+00:00,59.16391802222223,4,True,,35.264827728271484,42.127235412597656,39.57671356201172,55.65300750732422,66.19302368164062,62.050628662109375
EP112025:geo:c4272757d1f17c5f,EP112025,Kiko,val,2025-09-06 00:10:20+00:00,59.249658688888886,4,True,,38.17122268676758,45.34977340698242,40.469688415527344,56.260650634765625,66.54901123046875,62.20254135131836
EP112025:geo:846d13e6bd21facf,EP112025,Kiko,val,2025-09-06 00:20:20+00:00,59.33539935555556,4,True,,40.14058303833008,47.461082458496094,42.17301177978516,56.28232192993164,66.0411148071289,61.81888198852539
EP112025:geo:40529bf199394619,EP112025,Kiko,val,2025-09-06 00:30:20+00:00,59.42114002222223,4,True,,40.92955017089844,48.30598449707031,43.149452209472656,56.54415893554688,65.75135803222656,61.98628616333008
EP112025:geo:ea14b89e3281ca6e,EP112025,Kiko,val,2025-09-06 00:40:20+00:00,59.50688068888888,4,True,,41.395389556884766,48.75634765625,43.52399444580078,56.53516387939453,65.63617706298828,61.73466110229492
EP112025:geo:77cbd9022cead8d3,EP112025,Kiko,val,2025-09-06 00:50:20+00:00,59.59262135555556,4,True,,42.10310363769531,49.48377227783203,44.13206100463867,56.805171966552734,66.10453033447266,61.32038497924805
EP112025:geo:88093dbda5cb3650,EP112025,Kiko,val,2025-09-06 01:00:20+00:00,59.678362022222224,4,True,,42.629154205322266,50.03016662597656,42.91207885742188,56.67120361328125,66.13523864746094,62.55183410644531
EP112025:geo:70b1cbd877531ddb,EP112025,Kiko,val,2025-09-06 01:10:20+00:00,59.76410268888889,4,True,,43.37173461914063,50.77579498291016,43.5308952331543,56.81991195678711,66.38665008544922,61.5041618347168
EP112025:geo:27a61c77354dab25,EP112025,Kiko,val,2025-09-06 01:20:20+00:00,59.84984335555556,4,True,,43.445533752441406,50.84980010986328,43.113990783691406,56.439239501953125,65.9857177734375,59.856536865234375
EP112025:geo:c31b3a576036ed07,EP112025,Kiko,val,2025-09-06 01:30:20+00:00,59.93558402222222,4,True,,42.74069213867188,50.09390640258789,43.39212417602539,56.2672233581543,65.9140396118164,58.90201187133789
EP112025:geo:86d5f5dec3a333ad,EP112025,Kiko,val,2025-09-06 01:40:20+00:00,60.02132468888889,4,True,,42.41068649291992,49.7507209777832,42.265254974365234,56.43711853027344,65.76859283447266,60.86638259887695
EP112025:geo:580b35cf360c7a13,EP112025,Kiko,val,2025-09-06 01:50:20+00:00,60.10706535555556,4,True,,42.29329299926758,49.65922546386719,41.787017822265625,56.93285751342773,65.64496612548828,61.97743606567383
EP112025:geo:3f704cf2258ae994,EP112025,Kiko,val,2025-09-06 02:00:20+00:00,60.19280602222223,4,True,,41.81592559814453,49.15156936645508,42.629512786865234,56.775047302246094,64.91355895996094,60.605751037597656
EP112025:geo:1bbdb08fba12fc19,EP112025,Kiko,val,2025-09-06 02:10:20+00:00,60.27854668888889,4,True,,41.14984130859375,48.43049621582031,43.170387268066406,56.72334671020508,64.45246887207031,59.35367584228516
EP112025:geo:74b1f3d2c9898dad,EP112025,Kiko,val,2025-09-06 02:20:20+00:00,60.364287355555554,4,True,,41.021114349365234,48.11336135864258,44.87316131591797,57.64390182495117,65.6823501586914,59.32293701171875
EP112025:geo:c1a0e57550e74224,EP112025,Kiko,val,2025-09-06 02:30:20+00:00,60.45002802222223,4,True,,41.667572021484375,48.5030403137207,46.567081451416016,58.640655517578125,66.63139343261719,63.03232192993164
EP112025:geo:a05264a7d7a8d56e,EP112025,Kiko,val,2025-09-06 02:40:20+00:00,60.535768688888886,4,True,,42.93280792236328,49.60730743408203,48.67089080810547,59.52545166015625,66.52729034423828,64.85694885253906
EP112025:geo:ffabc85f6b65e3dd,EP112025,Kiko,val,2025-09-06 02:50:20+00:00,60.62150935555556,4,True,,43.55312728881836,50.4033203125,51.2203254699707,60.01641845703125,65.60523223876953,64.84629821777344
EP112025:geo:1d2e17ba34a920b7,EP112025,Kiko,val,2025-09-06 03:00:20+00:00,60.70629734814815,4,True,,52.07713317871094,55.50550079345703,54.94469451904297,60.47005462646485,65.04976654052734,64.16636657714844
EP112025:geo:c8445a060f8d9a8e,EP112025,Kiko,val,2025-09-06 03:10:20+00:00,60.7634577925926,4,True,,51.7678108215332,55.0952033996582,55.89236831665039,60.75058364868164,65.10394287109375,62.55861282348633
EP112025:geo:a90a9fd51b829bc0,EP112025,Kiko,val,2025-09-06 03:20:20+00:00,60.82061823703704,4,True,,51.56719970703125,54.43687057495117,58.677040100097656,60.809940338134766,65.88507080078125,62.38860702514648
EP112025:geo:c98cae05bc8d44f1,EP112025,Kiko,val,2025-09-06 03:30:20+00:00,60.87777868148148,4,True,,51.66047286987305,54.262306213378906,59.54071807861328,61.91661071777344,67.0432357788086,63.414920806884766
EP112025:geo:e7775d5479d2f792,EP112025,Kiko,val,2025-09-06 03:40:20+00:00,60.93493912592593,4,True,,51.54711151123047,54.170654296875,60.20236587524414,62.90937042236328,67.76985931396484,64.21524047851562
EP112025:geo:339abd445148efec,EP112025,Kiko,val,2025-09-06 03:50:20+00:00,60.99209957037037,4,True,,51.44358825683594,54.21401977539063,59.39774703979492,63.97959899902344,68.30509948730469,63.49089050292969
EP112025:geo:737c7d8fe7a875ab,EP112025,Kiko,val,2025-09-06 04:00:20+00:00,61.04926001481481,4,True,,51.602725982666016,54.56436538696289,59.42626190185547,65.1103744506836,68.81243133544922,64.28215026855469
EP112025:geo:a95c6a6120114145,EP112025,Kiko,val,2025-09-06 04:10:20+00:00,61.10642045925926,4,True,,51.36783981323242,54.74602890014648,59.62825393676758,65.00880432128906,68.26718139648438,63.80569076538086
EP112025:geo:c51bab3ee406c8e4,EP112025,Kiko,val,2025-09-06 04:20:20+00:00,61.1635809037037,4,True,,51.01192474365234,54.48426055908203,59.91357803344727,65.10237884521484,68.15219116210938,63.39744186401367
EP112025:geo:9165ac5e41b85a66,EP112025,Kiko,val,2025-09-06 04:30:20+00:00,61.22074134814815,4,True,,50.965919494628906,55.381107330322266,60.09318923950195,64.98900604248047,68.16950988769531,62.40217590332031
EP112025:geo:21e984eee8ad275f,EP112025,Kiko,val,2025-09-06 04:40:20+00:00,61.277901792592594,4,True,,50.87994766235352,55.84687042236328,59.93598556518555,65.31019592285156,68.40894317626953,63.62420272827149
EP112025:geo:a4ed5814b8eff9d8,EP112025,Kiko,val,2025-09-06 04:50:20+00:00,61.33506223703704,4,True,,50.59367752075195,55.17861175537109,59.37491226196289,65.69467163085938,68.7890396118164,64.46669006347656
EP112025:geo:8f8892335ac2eff0,EP112025,Kiko,val,2025-09-06 05:00:20+00:00,61.392222681481485,4,True,,50.422210693359375,55.004676818847656,59.20589065551758,65.5728759765625,68.69680786132812,63.88576126098633
EP112025:geo:2550bcda4cc70bf2,EP112025,Kiko,val,2025-09-06 05:10:20+00:00,61.44938312592593,4,True,,50.05398941040039,54.88873291015625,58.576778411865234,65.934326171875,69.0535659790039,63.494441986083984
EP112025:geo:2569f28e661f3e27,EP112025,Kiko,val,2025-09-06 05:20:20+00:00,61.506543570370376,4,True,,49.56646728515625,53.68235778808594,58.29016876220703,65.87334442138672,68.81040954589844,63.03689193725586
EP112025:geo:93e036f7edfa64fc,EP112025,Kiko,val,2025-09-06 05:30:20+00:00,61.56370401481481,4,True,,49.75057220458984,53.37706756591797,58.36137008666992,66.05352783203125,68.8429183959961,62.92264175415039
EP112025:geo:46479dc8616ce824,EP112025,Kiko,val,2025-09-06 05:40:20+00:00,61.62086445925926,4,True,,50.5074348449707,54.17949676513672,58.84452438354492,66.72097778320312,69.35838317871094,61.304386138916016
EP112025:geo:6b8e7d2f81d8ff39,EP112025,Kiko,val,2025-09-06 05:50:20+00:00,61.67802490370371,4,True,,50.74357604980469,55.494625091552734,58.808380126953125,66.80938720703125,69.34310150146484,60.97050857543945
EP112025:geo:b30754bcd6306413,EP112025,Kiko,val,2025-09-06 06:00:20+00:00,61.72851662962964,4,True,,50.74236297607422,56.2945671081543,58.62054061889648,67.46821594238281,69.8019790649414,61.47099304199219
EP112025:geo:75f1244489f53a4d,EP112025,Kiko,val,2025-09-06 06:10:20+00:00,61.58561551851852,4,True,,50.619728088378906,56.28715896606445,59.37448501586914,67.5916748046875,69.72053527832031,61.884986877441406
EP112025:geo:07dc883aec7d4ff4,EP112025,Kiko,val,2025-09-06 06:20:20+00:00,61.442714407407415,4,True,,50.5532112121582,56.48262405395508,59.51981735229492,67.58641052246094,69.27438354492188,61.0410270690918
EP112025:geo:c1c83e2ace80f23b,EP112025,Kiko,val,2025-09-06 06:30:20+00:00,61.2998132962963,4,True,,50.34712219238281,55.61115646362305,59.53702163696289,67.101318359375,68.41226196289062,61.94007873535156
EP112025:geo:79efe7de68f86697,EP112025,Kiko,val,2025-09-06 06:40:20+00:00,61.15691218518519,4,True,,49.98521041870117,55.35588836669922,58.747196197509766,66.96888732910156,68.19375610351562,62.259525299072266
EP112025:geo:e3b5a1e049e83a1f,EP112025,Kiko,val,2025-09-06 06:50:20+00:00,61.01401107407408,4,True,,49.79045104980469,53.929805755615234,57.91154479980469,66.7964859008789,67.92291259765625,61.90546798706055
EP112025:geo:b2e6a1438bc64e70,EP112025,Kiko,val,2025-09-06 07:00:20+00:00,60.87110996296297,4,True,,49.09136581420898,54.08658599853516,56.7070198059082,66.82294464111328,67.93598175048828,61.794227600097656
EP112025:geo:05e68cd6e03ea3ae,EP112025,Kiko,val,2025-09-06 07:10:20+00:00,60.72820885185185,4,True,,48.687767028808594,52.96508026123047,56.180419921875,65.96451568603516,67.05914306640625,61.86588287353516
EP112025:geo:b088263a44301d8e,EP112025,Kiko,val,2025-09-06 07:20:20+00:00,60.585307740740745,4,True,,47.97801208496094,52.14394760131836,55.0407829284668,64.19587707519531,65.41178894042969,62.33256149291992
EP112025:geo:5095d90b63b76cfc,EP112025,Kiko,val,2025-09-06 07:30:20+00:00,60.44240662962963,4,True,,48.02219772338867,52.33697891235352,54.46051025390625,63.026485443115234,64.34138488769531,61.36320877075195
EP112025:geo:bf437f0394c6b60f,EP112025,Kiko,val,2025-09-06 07:40:20+00:00,60.29950551851852,4,True,,47.61886215209961,51.64702224731445,52.705474853515625,62.95259094238281,64.21302795410156,60.37733459472656
EP112025:geo:a267ee63fd81d740,EP112025,Kiko,val,2025-09-06 07:50:20+00:00,60.15660440740741,4,True,,47.00960922241211,50.11941909790039,48.3339729309082,62.99005889892578,64.13483428955078,60.21229934692383
EP112025:geo:de9766d7c2a2980b,EP112025,Kiko,val,2025-09-06 08:00:20+00:00,60.0137032962963,4,True,,46.508522033691406,48.431678771972656,43.16596221923828,63.35031509399414,64.3566665649414,60.15977478027344
EP112025:geo:22abe609f4cfd9c8,EP112025,Kiko,val,2025-09-06 08:10:20+00:00,59.87080218518519,4,True,,45.91982269287109,47.00517654418945,37.76570892333984,63.47409439086914,64.55718231201172,59.67918014526367
EP112025:geo:dbfc49e7adf8ac30,EP112025,Kiko,val,2025-09-06 08:20:20+00:00,59.72790107407408,4,True,,44.931739807128906,45.34098052978516,35.71642303466797,62.32829284667969,63.36045455932617,59.20931625366211
EP112025:geo:e8e98a4aac1d6536,EP112025,Kiko,val,2025-09-06 08:30:20+00:00,59.58499996296297,4,True,,43.63421630859375,43.58774185180664,39.30701446533203,62.22135162353516,63.11543273925781,60.09792709350586
EP112025:geo:b3add241493ca55f,EP112025,Kiko,val,2025-09-06 08:40:21+00:00,59.44186068333334,4,True,,38.68937683105469,39.21255874633789,42.45985412597656,61.14280700683594,61.7774658203125,60.80361557006836
EP112025:geo:b7c943b1fae46e4b,EP112025,Kiko,val,2025-09-06 08:50:22+00:00,59.2987214037037,4,True,,36.63581085205078,36.3962287902832,42.3953857421875,59.872318267822266,60.51588821411133,60.98659896850586
EP112025:geo:8ad7c1b6d0ce33b3,EP112025,Kiko,val,2025-09-06 09:00:20+00:00,59.15629662962964,4,True,,44.54389190673828,46.90754318237305,54.711875915527344,57.83729934692383,58.81923675537109,61.40451431274414
EP112025:geo:2ba347df93f95f80,EP112025,Kiko,val,2025-09-06 09:10:21+00:00,59.01315735000001,4,True,,44.81087493896485,48.00848388671875,56.661170959472656,56.94487380981445,58.17604064941406,62.12565612792969
EP112025:geo:25176b912cd2283b,EP112025,Kiko,val,2025-09-06 09:20:21+00:00,58.87025623888889,4,True,,45.01445770263672,49.52455139160156,57.49640655517578,57.107418060302734,58.39128112792969,62.221492767333984
EP112025:geo:e7696de99526c61c,EP112025,Kiko,val,2025-09-06 09:30:21+00:00,58.72735512777778,4,True,,45.600582122802734,51.10411071777344,56.10375213623047,56.7978401184082,58.82454299926758,61.0933723449707
EP112025:geo:002aec7889c50977,EP112025,Kiko,val,2025-09-06 09:40:21+00:00,58.58445401666667,4,True,,45.7064323425293,52.1165657043457,56.515174865722656,56.17168045043945,58.57970428466797,61.04862594604492
EP112025:geo:2752d0536418cefa,EP112025,Kiko,val,2025-09-06 09:50:21+00:00,58.44155290555556,4,True,,45.35816955566406,51.95724105834961,57.01884841918945,55.61155700683594,58.3268928527832,62.22366714477539
EP112025:geo:4b57aebc437597bf,EP112025,Kiko,val,2025-09-06 10:00:21+00:00,58.298651794444446,4,True,,44.79055404663086,51.388370513916016,56.56706619262695,54.74079895019531,57.49969482421875,63.17534637451172
EP112025:geo:064c485a10a75160,EP112025,Kiko,val,2025-09-06 10:20:21+00:00,58.01284957222222,3,True,,43.678497314453125,50.22859191894531,53.911991119384766,53.499359130859375,55.6052360534668,62.713470458984375
EP112025:geo:bfef2274751cf13a,EP112025,Kiko,val,2025-09-06 10:30:21+00:00,57.86994846111112,3,True,,43.30188751220703,49.81568145751953,55.0293197631836,52.34796905517578,55.10376739501953,62.65924453735352
EP112025:geo:607cae7ed64dfbe6,EP112025,Kiko,val,2025-09-06 10:40:21+00:00,57.72704735000001,3,True,,42.55863571166992,48.91987609863281,55.01734924316406,50.98028564453125,54.13539123535156,62.23242568969727
EP112025:geo:29e3d9fe5f2d0de6,EP112025,Kiko,val,2025-09-06 10:50:21+00:00,57.58414623888889,3,True,,41.80358123779297,47.692020416259766,54.31493377685547,49.765621185302734,53.45166015625,61.43560791015625
EP112025:geo:5ddb290f96c518e8,EP112025,Kiko,val,2025-09-06 11:00:21+00:00,57.44124512777778,3,True,,41.329708099365234,46.6739387512207,53.32443237304688,49.35918045043945,53.31611633300781,60.18533706665039
EP112025:geo:40c9ee95463ca4b7,EP112025,Kiko,val,2025-09-06 11:10:21+00:00,57.29834401666667,3,True,,40.6453971862793,45.08657836914063,55.35590362548828,48.39681243896485,52.06695556640625,58.73005676269531
EP112025:geo:5c6dc81c784e2fa7,EP112025,Kiko,val,2025-09-06 11:20:21+00:00,57.15544290555556,3,True,,39.966495513916016,43.71963882446289,56.30409240722656,47.73335647583008,51.64137649536133,58.17966079711914
EP112025:geo:3dae6c8675bac853,EP112025,Kiko,val,2025-09-06 11:30:21+00:00,57.012541794444445,3,True,,39.478981018066406,42.326446533203125,55.271968841552734,46.80876541137695,50.68902587890625,57.45558166503906
EP112025:geo:f4fb31691720c717,EP112025,Kiko,val,2025-09-06 11:40:21+00:00,56.86964068333334,3,True,,38.85346221923828,41.12100601196289,55.60416793823242,45.82329177856445,49.57842254638672,56.200984954833984
EP112025:geo:b7c02732d89b0903,EP112025,Kiko,val,2025-09-06 11:50:21+00:00,56.72673957222222,3,True,,38.06038284301758,39.54840850830078,55.4481201171875,44.83414077758789,48.135833740234375,54.72286224365234
EP112025:geo:24cbcc0f55b40992,EP112025,Kiko,val,2025-09-06 12:00:21+00:00,56.588840000000005,3,True,,36.955169677734375,37.52287673950195,53.81487655639648,43.50899505615234,46.05259704589844,55.24571990966797
EP112025:geo:3f3884a7e383ca94,EP112025,Kiko,val,2025-09-06 12:10:21+00:00,56.588840000000005,3,True,,35.83031463623047,35.8016471862793,51.16038513183594,41.983646392822266,44.383544921875,55.46453857421875
EP112025:geo:b00505465ff08904,EP112025,Kiko,val,2025-09-06 12:20:21+00:00,56.588840000000005,3,True,,35.50034713745117,35.26361083984375,49.107078552246094,41.051151275634766,44.224884033203125,54.17857360839844
EP112025:geo:c53a0822fc9fc5b6,EP112025,Kiko,val,2025-09-06 12:30:21+00:00,56.588840000000005,3,True,,35.59400177001953,35.25094985961914,48.84897232055664,40.28318405151367,43.98894500732422,54.06133270263672
EP112025:geo:9b933190274eaf18,EP112025,Kiko,val,2025-09-06 12:40:21+00:00,56.588840000000005,3,True,,35.48273086547852,35.1964225769043,49.40686798095703,38.92355728149414,43.43555068969727,53.80400085449219
EP112025:geo:930fe01d1d53ceb6,EP112025,Kiko,val,2025-09-06 12:50:21+00:00,56.588840000000005,3,True,,35.19448471069336,34.961181640625,50.50102996826172,37.542999267578125,42.237770080566406,54.33366012573242
EP112025:geo:2a42cd2b6271325b,EP112025,Kiko,val,2025-09-06 13:00:21+00:00,56.588840000000005,3,True,,35.04356384277344,35.018856048583984,52.120384216308594,37.76720428466797,43.01399612426758,54.19075775146485
EP112025:geo:32a181910d31a809,EP112025,Kiko,val,2025-09-06 13:10:21+00:00,56.588840000000005,3,True,,33.94190216064453,33.70464324951172,52.972389221191406,37.63682174682617,43.19905090332031,52.734596252441406
EP112025:geo:f356d6addd347c96,EP112025,Kiko,val,2025-09-06 13:20:21+00:00,56.588840000000005,3,True,,33.67689514160156,33.26435470581055,53.95301818847656,38.04057312011719,42.79632568359375,49.35166931152344
EP112025:geo:200d64776b7f8368,EP112025,Kiko,val,2025-09-06 13:30:21+00:00,56.588840000000005,3,True,,33.55093765258789,33.36114501953125,54.66431427001953,39.0977897644043,43.80255508422852,45.58623504638672
EP112025:geo:3dfc3db4c4988b8b,EP112025,Kiko,val,2025-09-06 13:40:21+00:00,56.588840000000005,3,True,,33.39786529541016,33.13584899902344,54.284767150878906,39.64068222045898,44.453861236572266,43.839351654052734
EP112025:geo:e36742b6355d0af6,EP112025,Kiko,val,2025-09-06 13:50:21+00:00,56.588840000000005,3,True,,34.30328369140625,34.04933547973633,54.21705627441406,40.34657669067383,45.32414245605469,44.28813934326172
EP112025:geo:a448e3c4852dc35f,EP112025,Kiko,val,2025-09-06 14:00:21+00:00,56.588840000000005,3,True,,35.60332489013672,35.56890106201172,54.67828369140625,41.33774948120117,46.73916244506836,43.58015441894531
EP112025:geo:b50895a363a55672,EP112025,Kiko,val,2025-09-06 14:10:21+00:00,56.588840000000005,3,True,,36.09226989746094,36.19035720825195,54.15967559814453,41.94179916381836,47.71954345703125,44.54119873046875
EP112025:geo:3827bbec5a2b0b06,EP112025,Kiko,val,2025-09-06 14:20:21+00:00,56.588840000000005,3,True,,36.046756744384766,36.54273986816406,53.31427383422852,43.06637954711914,49.18612289428711,46.99154281616211
EP112025:geo:88b0b8cafc347e41,EP112025,Kiko,val,2025-09-06 14:30:21+00:00,56.588840000000005,3,True,,35.55714797973633,35.888526916503906,53.58663177490234,44.81725311279297,50.72019958496094,49.805938720703125
EP112025:geo:34308504b87fbb4d,EP112025,Kiko,val,2025-09-06 14:40:21+00:00,56.588840000000005,3,True,,35.42377471923828,35.6998405456543,54.64558410644531,46.04237747192383,52.07822799682617,51.52519989013672
EP112025:geo:c39c48e154b5f8d4,EP112025,Kiko,val,2025-09-06 14:50:21+00:00,56.588840000000005,3,True,,35.66593933105469,36.18827819824219,55.354400634765625,46.17945098876953,52.441287994384766,51.90242004394531
EP112025:geo:28850670408f3de4,EP112025,Kiko,val,2025-09-06 15:00:21+00:00,56.588840000000005,3,True,,37.58468627929688,42.67521667480469,46.02193832397461,45.56510162353516,51.97982025146485,51.70805740356445
EP112025:geo:fa94ce58e88b7659,EP112025,Kiko,val,2025-09-06 15:10:21+00:00,56.588840000000005,3,True,,37.64940643310547,44.03157806396485,46.453269958496094,45.8276252746582,52.456764221191406,53.34561920166016
EP112025:geo:ae4c0997e90ffa04,EP112025,Kiko,val,2025-09-06 15:20:21+00:00,56.588840000000005,3,True,,37.2830810546875,44.26567459106445,45.93305587768555,45.60634613037109,51.360084533691406,54.082313537597656
EP112025:geo:65a8fd57049546ad,EP112025,Kiko,val,2025-09-06 15:30:21+00:00,56.588840000000005,3,True,,36.71760559082031,43.85003662109375,46.73821640014648,45.0731086730957,50.07149124145508,55.01667022705078
EP112025:geo:cf7e7ce2cb5db513,EP112025,Kiko,val,2025-09-06 15:40:21+00:00,56.588840000000005,3,True,,36.26699447631836,43.46637725830078,47.68762969970703,45.07311248779297,49.68838882446289,54.791900634765625
EP112025:geo:a9dff0b8508b6a72,EP112025,Kiko,val,2025-09-06 15:50:21+00:00,56.588840000000005,3,True,,36.42816162109375,43.66297149658203,48.468597412109375,44.48788070678711,48.95405578613281,53.97116470336914
EP112025:geo:c6c28b5e881d1862,EP112025,Kiko,val,2025-09-06 16:00:21+00:00,56.588840000000005,3,True,,37.06830596923828,44.3259391784668,49.05901336669922,44.28438568115234,48.66618347167969,53.63783645629883
EP112025:geo:5c8fd744d739b6fc,EP112025,Kiko,val,2025-09-06 16:10:21+00:00,56.588840000000005,3,True,,37.57478713989258,44.85303115844727,49.25205993652344,43.44329071044922,47.19681167602539,52.09130859375
EP112025:geo:8ba4055b38d1e184,EP112025,Kiko,val,2025-09-06 16:20:21+00:00,56.588840000000005,3,True,,37.93589019775391,45.23299789428711,49.47766876220703,41.7012939453125,45.129425048828125,50.18135833740234
EP112025:geo:cddb9d391f5c001f,EP112025,Kiko,val,2025-09-06 16:30:21+00:00,56.588840000000005,3,True,,38.23678970336914,45.55144500732422,50.74813079833984,41.31661224365234,44.60723114013672,50.28856658935547
EP112025:geo:1c9624aec6519f18,EP112025,Kiko,val,2025-09-06 16:40:21+00:00,56.588840000000005,3,True,,38.72312927246094,46.05403137207031,52.36702728271485,41.93676376342773,45.13776397705078,50.98120880126953
EP112025:geo:7af8e3d1c0a42a9c,EP112025,Kiko,val,2025-09-06 16:50:21+00:00,56.588840000000005,3,True,,38.9801025390625,46.32576370239258,53.54019546508789,42.516544342041016,45.77156448364258,52.07313919067383
EP112025:geo:a5d0a753466e7fa2,EP112025,Kiko,val,2025-09-06 17:00:21+00:00,56.588840000000005,3,True,,39.1549072265625,46.51399612426758,54.58636474609375,42.46236038208008,45.93033218383789,52.855918884277344
EP112025:geo:576b2a4912265d53,EP112025,Kiko,val,2025-09-06 17:10:21+00:00,56.588840000000005,3,True,,39.08802032470703,46.45926284790039,54.46759796142578,40.41829299926758,44.16924285888672,52.1455307006836
EP112025:geo:8fd65a75038287e2,EP112025,Kiko,val,2025-09-06 17:20:21+00:00,56.588840000000005,3,True,,38.693397521972656,46.07568359375,53.958457946777344,38.33809661865234,41.54841232299805,50.05179977416992
EP112025:geo:680ec8478539a19d,EP112025,Kiko,val,2025-09-06 17:30:21+00:00,56.588840000000005,3,True,,38.20030212402344,45.592716217041016,53.50442886352539,38.923824310302734,42.135440826416016,49.16082000732422
EP112025:geo:69c1b5d1c3c2b79e,EP112025,Kiko,val,2025-09-06 17:40:21+00:00,56.588840000000005,3,True,,37.32844161987305,44.73023223876953,52.719947814941406,38.853023529052734,41.11134719848633,49.59889221191406
EP112025:geo:e6df8d197565c7c8,EP112025,Kiko,val,2025-09-06 17:50:21+00:00,56.588840000000005,3,True,,37.341793060302734,44.752235412597656,51.68032836914063,38.10256576538086,39.15105056762695,50.44622802734375
EP112025:geo:7982dd665d09f678,EP112025,Kiko,val,2025-09-06 18:00:21+00:00,56.59184092333333,3,True,,37.29607772827149,44.714542388916016,51.79856491088867,36.77606964111328,37.01078796386719,50.57960510253906
EP112025:geo:6313106a6175b001,EP112025,Kiko,val,2025-09-06 18:10:21+00:00,56.67758159,3,True,,37.6523666381836,45.07822036743164,52.01082229614258,37.34992599487305,38.04973602294922,49.29512023925781
EP112025:geo:78363598f71bb619,EP112025,Kiko,val,2025-09-06 18:20:21+00:00,56.76332225666667,3,True,,37.875953674316406,45.30847930908203,52.76403427124024,38.17221450805664,39.292625427246094,49.17716217041016
EP112025:geo:1849a9322f6a854d,EP112025,Kiko,val,2025-09-06 18:30:21+00:00,56.849062923333335,3,True,,38.164794921875,45.603492736816406,53.06211853027344,39.39279556274414,41.050479888916016,51.83501434326172
EP112025:geo:cee19a3eb21f4f0f,EP112025,Kiko,val,2025-09-06 18:40:21+00:00,56.93480359,3,True,,38.562591552734375,46.00688934326172,53.59283828735352,40.191253662109375,43.90506362915039,52.76602554321289
EP112025:geo:1c7490a3697ddb54,EP112025,Kiko,val,2025-09-06 18:50:21+00:00,57.02054425666667,3,True,,38.83844757080078,46.28762435913086,54.45106506347656,41.04652786254883,47.32415771484375,52.99169921875
EP112025:geo:00d5d9e0ec9e1a41,EP112025,Kiko,val,2025-09-06 19:00:21+00:00,57.10628492333333,3,True,,38.91609954833984,46.36964416503906,55.33523941040039,41.50210571289063,48.838897705078125,53.023193359375
EP112025:geo:443be4d6428d7193,EP112025,Kiko,val,2025-09-06 19:10:21+00:00,57.19202559,3,True,,39.34168243408203,46.799461364746094,55.83283996582031,42.59288787841797,50.68965911865234,54.62569427490234
EP112025:geo:88e0b4fa20fa474e,EP112025,Kiko,val,2025-09-06 19:20:21+00:00,57.27776625666667,3,True,,39.79043197631836,47.2519760131836,56.22204208374024,42.56549072265625,52.10883331298828,55.23639297485352
EP112025:geo:906898bba29bb60c,EP112025,Kiko,val,2025-09-06 19:30:21+00:00,57.36350692333333,3,True,,40.234493255615234,47.6993408203125,56.400272369384766,42.63766098022461,52.95957946777344,55.44047546386719
EP112025:geo:30f21b9f15598c30,EP112025,Kiko,val,2025-09-06 19:40:21+00:00,57.44924759,3,True,,40.52303695678711,47.990760803222656,56.878456115722656,42.86300659179688,53.83164978027344,56.686988830566406
EP112025:geo:8e1603fd5dffe321,EP112025,Kiko,val,2025-09-06 19:50:21+00:00,57.53498825666667,3,True,,40.48712539672852,47.95713806152344,57.10092544555664,42.94009017944336,54.55802154541016,57.01873779296875
EP112025:geo:39e69284c1b09e64,EP112025,Kiko,val,2025-09-06 20:00:21+00:00,57.62072892333333,3,True,,40.730224609375,48.20220947265625,57.82554244995117,43.039676666259766,54.0263786315918,57.40288162231445
EP112025:geo:e612c666312c9f91,EP112025,Kiko,val,2025-09-06 20:10:21+00:00,57.706469590000005,3,True,,40.36223602294922,47.83601379394531,57.96017456054688,43.66972351074219,54.389068603515625,57.96111679077149
EP112025:geo:aeb89d82b2ecfbb3,EP112025,Kiko,val,2025-09-06 20:20:21+00:00,57.79221025666667,3,True,,40.390228271484375,47.8658447265625,58.79088973999024,44.88069915771485,55.0513916015625,59.23514938354492
EP112025:geo:1a979bb4da569c81,EP112025,Kiko,val,2025-09-06 20:30:21+00:00,57.87795092333333,3,True,,40.15062713623047,47.627723693847656,58.79100799560547,45.48393630981445,55.64759826660156,60.452735900878906
EP112025:geo:791e6e3add44ce95,EP112025,Kiko,val,2025-09-06 20:40:21+00:00,57.96369159,3,True,,40.01266860961914,47.4908561706543,56.48492431640625,46.019081115722656,56.64973449707031,60.14312744140625
EP112025:geo:6de152fb7b14dfbd,EP112025,Kiko,val,2025-09-06 20:50:21+00:00,58.04943225666667,3,True,,40.27287292480469,47.7519760131836,53.8276252746582,46.50490188598633,57.11808776855469,59.54981231689453
EP112025:geo:d643b6e290137d40,EP112025,Kiko,val,2025-09-06 21:00:21+00:00,58.13417261555556,4,True,,32.618743896484375,40.092227935791016,55.57804870605469,46.846309661865234,57.0713005065918,60.660064697265625
EP112025:geo:f30012a1f2968ee3,EP112025,Kiko,val,2025-09-06 21:10:21+00:00,58.19133306,4,True,,32.829063415527344,40.30339431762695,57.5561752319336,47.47308349609375,57.24168395996094,60.459102630615234
EP112025:geo:e6bfb75fa001d16f,EP112025,Kiko,val,2025-09-06 21:20:21+00:00,58.24849350444445,4,True,,32.82294845581055,40.29800796508789,58.24874877929688,47.60226058959961,57.40803527832031,59.13418960571289
EP112025:geo:8f2c987926de6227,EP112025,Kiko,val,2025-09-06 21:30:21+00:00,58.30565394888889,4,True,,33.334320068359375,40.80995178222656,58.551456451416016,47.81473922729492,57.89549255371094,58.212772369384766
EP112025:geo:a9c1b7e096a5524e,EP112025,Kiko,val,2025-09-06 21:40:21+00:00,58.36281439333334,4,True,,33.36565399169922,40.84187316894531,58.82353973388672,47.992183685302734,58.41035461425781,58.8918342590332
EP112025:geo:84257c5208daf162,EP112025,Kiko,val,2025-09-06 21:50:21+00:00,58.41997483777777,4,True,,33.423316955566406,40.90009307861328,59.559120178222656,48.80162048339844,59.60969543457031,60.186466217041016
EP112025:geo:c9624a0ef318b78b,EP112025,Kiko,val,2025-09-06 22:00:21+00:00,58.47713528222222,4,True,,33.36700439453125,40.84428405761719,60.20181274414063,49.175926208496094,60.36543655395508,60.70930862426758
EP112025:geo:d9440d9b7b4139ec,EP112025,Kiko,val,2025-09-06 22:10:21+00:00,58.53429572666667,4,True,,33.79248809814453,41.27021026611328,59.66608047485352,49.82098388671875,61.52938079833984,60.82826614379883
EP112025:geo:bdc6a88f68fe40ff,EP112025,Kiko,val,2025-09-06 22:20:21+00:00,58.59145617111111,4,True,,34.748722076416016,42.226810455322266,59.38376235961914,50.404293060302734,62.41862487792969,62.11852645874024
EP112025:geo:ef112f57986db66e,EP112025,Kiko,val,2025-09-06 22:30:21+00:00,58.64861661555556,4,True,,35.36248779296875,42.84093475341797,59.571414947509766,51.24210357666016,63.539306640625,63.23448944091797
EP112025:geo:e64a25b27267b321,EP112025,Kiko,val,2025-09-06 22:40:21+00:00,58.70577706,4,True,,36.03359222412109,43.51239776611328,60.16755294799805,51.92364883422852,64.27327728271484,63.57723617553711
EP112025:geo:dc8a0ae45ab211eb,EP112025,Kiko,val,2025-09-06 22:50:21+00:00,58.76293750444445,4,True,,36.8459358215332,44.324928283691406,59.866397857666016,52.65691375732422,65.0560073852539,63.40009307861328
EP112025:geo:b678958c273c40df,EP112025,Kiko,val,2025-09-06 23:00:21+00:00,58.82009794888889,4,True,,37.81051254272461,45.2895622253418,59.47995376586914,53.42073822021485,65.90388488769531,63.072513580322266
EP112025:geo:0a8660b964258506,EP112025,Kiko,val,2025-09-06 23:10:21+00:00,58.877258393333335,4,True,,38.93287658691406,46.41195297241211,60.03569030761719,54.3907470703125,66.99385070800781,63.471004486083984
EP112025:geo:c0ae4e51d77d0e4e,EP112025,Kiko,val,2025-09-06 23:20:21+00:00,58.93441883777778,4,True,,39.66153335571289,47.1404914855957,60.870025634765625,55.41426849365234,67.90313720703125,63.266075134277344
EP112025:geo:a8dc9d4195e292a8,EP112025,Kiko,val,2025-09-06 23:30:21+00:00,58.99157928222222,4,True,,40.80577850341797,48.2845458984375,62.44701385498047,56.14680862426758,68.60646057128906,63.66398239135742
EP112025:geo:ec3fe1599e1ff408,EP112025,Kiko,val,2025-09-06 23:40:21+00:00,59.04873972666667,4,True,,41.9305534362793,49.40896224975586,63.369232177734375,56.38449478149414,68.8027114868164,64.36893463134766
EP112025:geo:d5f8895c3706ab24,EP112025,Kiko,val,2025-09-06 23:50:21+00:00,59.10590017111112,4,True,,42.97823333740234,50.45619201660156,63.53369522094727,56.92571258544922,69.30838012695312,64.73643493652344
EP112025:geo:d9d814b4447a5fd6,EP112025,Kiko,val,2025-09-07 00:00:21+00:00,59.15905938444444,4,True,,43.55746078491211,51.03480911254883,63.80216598510742,57.48258972167969,69.8759536743164,64.92155456542969
EP112025:geo:57e920ec84f63941,EP112025,Kiko,val,2025-09-07 00:10:21+00:00,59.101898940000005,4,True,,43.70635223388672,51.182891845703125,64.19227600097656,57.85939407348633,70.17078399658203,65.28499603271484
EP112025:geo:2068479ce74571d7,EP112025,Kiko,val,2025-09-07 00:20:21+00:00,59.04473849555556,4,True,,43.48348236083984,50.95895004272461,63.67646408081055,57.794410705566406,70.07085418701172,64.9996566772461
EP112025:geo:ce905194989b0d39,EP112025,Kiko,val,2025-09-07 00:30:21+00:00,58.98757805111112,4,True,,42.99506378173828,50.46918487548828,62.88326644897461,57.36246871948242,69.57036590576172,64.33780670166016
EP112025:geo:16c77c1d27cf3f65,EP112025,Kiko,val,2025-09-07 00:40:21+00:00,58.930417606666666,4,True,,42.86280059814453,50.33536148071289,62.00566864013672,57.34492874145508,69.43408203125,63.881080627441406
EP112025:geo:74ed0616692d1945,EP112025,Kiko,val,2025-09-07 00:50:21+00:00,58.873257162222224,4,True,,43.27377700805664,50.744476318359375,61.70650863647461,57.64085388183594,69.60050201416016,63.54875183105469
EP112025:geo:6e6098678134d8e0,EP112025,Kiko,val,2025-09-07 01:00:21+00:00,58.81609671777778,4,True,,43.662353515625,51.13081741333008,61.762088775634766,58.126686096191406,69.90802764892578,64.11154174804688
EP112025:geo:05ea644c42ba6558,EP112025,Kiko,val,2025-09-07 01:10:21+00:00,58.75893627333333,4,True,,43.72799682617188,51.19390487670898,62.73801040649414,58.84334564208984,70.4461669921875,64.78907775878906
EP112025:geo:bd1313412ba2a596,EP112025,Kiko,val,2025-09-07 01:20:21+00:00,58.70177582888889,4,True,,43.509796142578125,50.97283172607422,63.71335220336914,59.13790130615234,70.6185302734375,64.89665985107422
EP112025:geo:4eae5710de86d334,EP112025,Kiko,val,2025-09-07 01:30:21+00:00,58.64461538444444,4,True,,43.39476776123047,50.85411071777344,63.70248031616211,59.41854476928711,70.69547271728516,64.87562561035156
EP112025:geo:a6d151e8db2abb47,EP112025,Kiko,val,2025-09-07 01:40:21+00:00,58.58745494,4,True,,43.01750946044922,50.47200775146485,63.55382537841797,59.24910736083984,70.27840423583984,64.6632080078125
EP112025:geo:54079e5187c30042,EP112025,Kiko,val,2025-09-07 01:50:21+00:00,58.53029449555556,4,True,,42.67741394042969,50.1262092590332,63.2826042175293,59.18214416503906,70.02653503417969,64.46905517578125
EP112025:geo:d4268db67d8b8999,EP112025,Kiko,val,2025-09-07 02:00:21+00:00,58.47313405111111,4,True,,42.164512634277344,49.60651016235352,62.88611602783203,58.91861343383789,69.43374633789062,64.15231323242188
EP112025:geo:0d18adad661901a6,EP112025,Kiko,val,2025-09-07 02:10:21+00:00,58.41597360666667,4,True,,41.84949493408203,49.2836799621582,63.06010818481445,59.08196258544922,69.25594329833984,63.94630813598633
EP112025:geo:2428e70a5ee13c23,EP112025,Kiko,val,2025-09-07 02:20:21+00:00,58.35881316222223,4,True,,41.48896789550781,48.91431427001953,63.42384719848633,59.178977966308594,68.98160552978516,63.53516006469727
EP112025:geo:4c3813dacaab8339,EP112025,Kiko,val,2025-09-07 02:30:21+00:00,58.30165271777778,4,True,,41.418487548828125,48.83416366577149,64.34355163574219,59.16827392578125,68.6404800415039,63.372047424316406
EP112025:geo:fd156fc06969f5b9,EP112025,Kiko,val,2025-09-07 02:40:21+00:00,58.244492273333336,4,True,,41.544715881347656,48.949825286865234,65.1531982421875,59.303001403808594,68.46222686767578,63.82623672485352
EP112025:geo:ec8e5cc19b55fe4b,EP112025,Kiko,val,2025-09-07 02:50:21+00:00,58.18733182888889,4,True,,41.88059997558594,49.274024963378906,66.0288314819336,59.990047454833984,68.8274154663086,64.63265991210938
EP112025:geo:7bb8bfcdb2ed84a0,EP112025,Kiko,val,2025-09-07 03:00:21+00:00,58.12917107666667,3,True,,41.11595916748047,48.42695236206055,55.72846221923828,60.41915893554688,69.08743286132812,65.48490142822266
EP112025:geo:e3170ea0d576e980,EP112025,Kiko,val,2025-09-07 03:10:21+00:00,58.04343041,3,True,,42.594688415527344,49.96012115478516,57.51613235473633,60.641357421875,69.32316589355469,65.46702575683594
EP112025:geo:91a594c35794f656,EP112025,Kiko,val,2025-09-07 03:20:21+00:00,57.95768974333333,3,True,,44.09697341918945,51.449825286865234,58.48233795166016,61.029571533203125,69.6801528930664,65.44953918457031
EP112025:geo:dd56d7e678b7fa22,EP112025,Kiko,val,2025-09-07 03:30:21+00:00,57.871949076666674,3,True,,45.42243957519531,52.76222610473633,59.8598747253418,61.55720901489258,70.1482162475586,65.8204345703125
EP112025:geo:d6a52643ad54416e,EP112025,Kiko,val,2025-09-07 03:40:21+00:00,57.78620841,3,True,,45.85697937011719,53.18266296386719,60.68314743041992,61.73393249511719,70.33348083496094,65.72673034667969
EP112025:geo:cfc91539676fc03e,EP112025,Kiko,val,2025-09-07 03:50:21+00:00,57.70046774333333,3,True,,46.36691665649414,53.677955627441406,61.0721549987793,62.13850402832031,70.92288970947266,65.46878051757812
EP112025:geo:dc1fccca01f44e17,EP112025,Kiko,val,2025-09-07 04:00:21+00:00,57.61472707666667,3,True,,46.68374633789063,53.97929763793945,61.49081039428711,62.318172454833984,71.25973510742188,65.7327880859375
EP112025:geo:5aa1cca5fb5c90d3,EP112025,Kiko,val,2025-09-07 04:10:21+00:00,57.52898641,3,True,,47.00414657592773,54.28336334228516,61.96824264526367,62.67742156982422,71.57733154296875,65.20809936523438
EP112025:geo:c854c91787afd512,EP112025,Kiko,val,2025-09-07 04:20:21+00:00,57.443245743333335,3,True,,47.26459884643555,54.526641845703125,62.34441757202149,62.79584503173828,71.42538452148438,64.62918090820312
EP112025:geo:4a5cc7bfc5a27f2f,EP112025,Kiko,val,2025-09-07 04:30:21+00:00,57.35750507666667,3,True,,47.42030334472656,54.66432571411133,62.981441497802734,62.752288818359375,71.31287384033203,64.31892395019531
EP112025:geo:e0f23cd7e976a2d7,EP112025,Kiko,val,2025-09-07 04:40:21+00:00,57.27176441,3,True,,47.6386833190918,54.86396026611328,63.51285934448242,63.41068649291992,71.94969177246094,64.68426513671875
EP112025:geo:a99da01e182cf2d9,EP112025,Kiko,val,2025-09-07 04:50:21+00:00,57.18602374333333,3,True,,47.99162673950195,55.197784423828125,63.15652847290039,63.775367736816406,72.2110824584961,64.47138977050781
EP112025:geo:55894865f7e77ae5,EP112025,Kiko,val,2025-09-07 05:00:21+00:00,57.10028307666667,3,True,,47.94154357910156,55.12788772583008,63.37532424926758,63.782318115234375,71.84346008300781,64.59698486328125
EP112025:geo:41186dfa23ca0458,EP112025,Kiko,val,2025-09-07 05:10:21+00:00,57.01454241,3,True,,48.29187774658203,55.45807647705078,63.69082260131836,63.89540863037109,70.94302368164062,63.84378433227539
EP112025:geo:e9bff96c69b7f5a4,EP112025,Kiko,val,2025-09-07 05:20:21+00:00,56.92880174333333,3,True,,48.421424865722656,55.56669616699219,63.655738830566406,63.73085784912109,70.10051727294922,63.89278030395508
EP112025:geo:b49664b1bc56ca9f,EP112025,Kiko,val,2025-09-07 05:30:21+00:00,56.84306107666667,3,True,,48.44695281982422,55.5703010559082,63.61066818237305,63.629276275634766,69.45439910888672,64.79438781738281
EP112025:geo:2adf1b8ca2c59a28,EP112025,Kiko,val,2025-09-07 05:40:21+00:00,56.75732041,3,True,,48.449005126953125,55.549922943115234,63.38500595092773,63.17287826538086,68.40449523925781,65.39771270751953
EP112025:geo:083c65012faaae9e,EP112025,Kiko,val,2025-09-07 05:50:21+00:00,56.67157974333333,3,True,,48.28134536743164,55.35894393920898,62.58901596069336,63.10779571533203,67.83784484863281,64.74996948242188
EP112025:geo:a62152ba278b6481,EP112025,Kiko,val,2025-09-07 06:00:21+00:00,56.586839384444445,3,True,,47.960914611816406,55.01469421386719,61.39243698120117,63.306617736816406,67.99922180175781,64.00080871582031
EP112025:geo:dadb308210102f06,EP112025,Kiko,val,2025-09-07 06:10:21+00:00,56.52967894,3,True,,47.94269180297852,54.973411560058594,61.1020622253418,63.225379943847656,67.64849853515625,63.40836715698242
EP112025:geo:e77b3c537e34bdf9,EP112025,Kiko,val,2025-09-07 06:20:21+00:00,56.47251849555556,3,True,,47.758934020996094,54.76591110229492,61.37179946899414,63.24486923217773,67.39708709716797,63.5968132019043
EP112025:geo:817d6a0b1ac54cff,EP112025,Kiko,val,2025-09-07 06:30:21+00:00,56.41535805111111,3,True,,47.30304336547852,54.28519821166992,61.55160903930664,63.3275032043457,67.4093017578125,62.81545639038086
EP112025:geo:d01076ff831dc154,EP112025,Kiko,val,2025-09-07 06:40:21+00:00,56.35819760666666,3,True,,47.16362380981445,54.12179946899414,61.3499870300293,62.27166366577149,66.75585174560547,60.07108688354492
EP112025:geo:12c76c3ec9dd45c5,EP112025,Kiko,val,2025-09-07 06:50:21+00:00,56.30103716222223,3,True,,46.73574066162109,53.67011642456055,60.68391799926758,61.578861236572266,66.55858612060547,57.83072280883789
EP112025:geo:1ece13d046d9e776,EP112025,Kiko,val,2025-09-07 07:00:21+00:00,56.24387671777778,3,True,,46.13069915771485,53.04207611083984,60.42398452758789,60.449344635009766,65.73419952392578,58.77483749389648
EP112025:geo:4b1243838951f5a3,EP112025,Kiko,val,2025-09-07 07:10:21+00:00,56.18671627333333,3,True,,45.696319580078125,52.587039947509766,60.41019058227539,58.42076873779297,63.98158264160156,58.59969711303711
EP112025:geo:9ce11af54a7de125,EP112025,Kiko,val,2025-09-07 07:20:21+00:00,56.12955582888889,3,True,,45.20034790039063,52.06993103027344,60.95180130004883,56.84197998046875,62.12937545776367,60.65732955932617
EP112025:geo:8110701e0a44295f,EP112025,Kiko,val,2025-09-07 07:30:21+00:00,56.07239538444444,3,True,,44.47487258911133,51.32305908203125,61.35954284667969,55.13778305053711,60.042701721191406,62.22129821777344
EP112025:geo:35f84af03f2b9abb,EP112025,Kiko,val,2025-09-07 07:40:21+00:00,56.015234940000006,3,True,,44.16389083862305,50.9902572631836,62.26706314086914,53.95707321166992,57.984745025634766,62.96712493896485
EP112025:geo:68a8787d97d5442c,EP112025,Kiko,val,2025-09-07 07:50:21+00:00,55.95807449555556,3,True,,43.41801834106445,50.22277069091797,63.06315994262695,52.91594696044922,56.279563903808594,63.69866561889648
EP112025:geo:973c65ccb19a253d,EP112025,Kiko,val,2025-09-07 08:00:21+00:00,55.90091405111111,3,True,,42.343379974365234,49.127227783203125,64.30953979492188,51.470924377441406,54.7495231628418,64.0142822265625
EP112025:geo:62440e1face695a4,EP112025,Kiko,val,2025-09-07 08:10:21+00:00,55.84375360666667,3,True,,41.3011360168457,48.064552307128906,65.215576171875,50.28490447998047,53.59181594848633,63.79655838012695
EP112025:geo:d444cddf7b2b7541,EP112025,Kiko,val,2025-09-07 08:20:21+00:00,55.78659316222223,3,True,,40.64752960205078,47.39152908325195,65.55208587646484,49.85647201538086,53.03530502319336,63.83351516723633
EP112025:geo:08c723f9516b6383,EP112025,Kiko,val,2025-09-07 08:30:21+00:00,55.72943271777778,3,True,,40.07745742797852,46.80311965942383,65.19435119628906,49.83551025390625,52.79706573486328,63.89029693603516
EP112025:geo:1ce035c412667ce8,EP112025,Kiko,val,2025-09-07 08:40:21+00:00,55.67227227333333,3,True,,39.51129150390625,46.219852447509766,65.10254669189453,48.90119934082031,51.78181457519531,64.9776382446289
EP112025:geo:d60f1ab602b0921f,EP112025,Kiko,val,2025-09-07 08:50:22+00:00,55.61501656148148,3,True,,39.26539611816406,45.95803451538086,63.43690872192383,48.95245742797852,51.77036285400391,64.31684875488281
EP112025:geo:47ff25aa7adaf285,EP112025,Kiko,val,2025-09-07 09:00:21+00:00,55.55695107666667,3,True,,41.13230514526367,47.84291458129883,57.44145965576172,48.35179901123047,50.836570739746094,63.168453216552734
EP112025:geo:d271a7461b253116,EP112025,Kiko,val,2025-09-07 09:10:21+00:00,55.471210410000005,3,True,,41.35878753662109,48.05656433105469,57.06991195678711,47.65320587158203,49.83930969238281,63.09077453613281
EP112025:geo:f1b9829316297c8d,EP112025,Kiko,val,2025-09-07 09:20:21+00:00,55.38546974333333,3,True,,41.654327392578125,48.33979797363281,56.21175384521485,46.93863296508789,48.9240608215332,64.01717376708984
EP112025:geo:63471f48e85ec4c8,EP112025,Kiko,val,2025-09-07 09:30:21+00:00,55.29972907666667,3,True,,41.75102996826172,48.4246826171875,55.78204345703125,47.4845085144043,49.54704666137695,64.20698547363281
EP112025:geo:b90db96a902633b3,EP112025,Kiko,val,2025-09-07 09:40:21+00:00,55.21398841,3,True,,42.61792755126953,49.28217697143555,55.051063537597656,48.24102783203125,50.51958465576172,62.41970443725586
EP112025:geo:afbc0c85861366cd,EP112025,Kiko,val,2025-09-07 09:50:21+00:00,55.12824774333333,3,True,,43.12963104248047,49.784889221191406,54.93144989013672,48.45236206054688,50.63945770263672,61.762672424316406
EP112025:geo:39bcdfa5ad8b6629,EP112025,Kiko,val,2025-09-07 10:00:21+00:00,55.04250707666667,3,True,,43.45825958251953,50.10516357421875,54.91839599609375,48.77712631225586,50.76960754394531,62.06231689453125
EP112025:geo:3e5862343406f3f3,EP112025,Kiko,val,2025-09-07 10:10:21+00:00,54.95676641,3,True,,43.49885559082031,50.13826370239258,55.36888122558594,49.419410705566406,51.4410514831543,62.69581604003906
EP112025:geo:5372ab657c57022f,EP112025,Kiko,val,2025-09-07 10:20:21+00:00,54.87102574333333,3,True,,43.22623825073242,49.85914611816406,56.268672943115234,49.91864776611328,51.90931701660156,63.11172103881836
EP112025:geo:bea31f3d672cc84c,EP112025,Kiko,val,2025-09-07 10:30:21+00:00,54.78528507666667,3,True,,42.86592102050781,49.49357986450195,57.00657653808594,49.71078872680664,51.591739654541016,63.80743789672852
EP112025:geo:fff4ff70eb2100d5,EP112025,Kiko,val,2025-09-07 10:40:21+00:00,54.69954441,3,True,,42.4880256652832,49.11177062988281,56.89592742919922,48.51018905639648,50.21052932739258,63.75287628173828
EP112025:geo:564fb0cd9c832126,EP112025,Kiko,val,2025-09-07 10:50:21+00:00,54.613803743333335,3,True,,42.457664489746094,49.07936477661133,57.12759017944336,47.672142028808594,49.23638534545898,63.2213134765625
EP112025:geo:c541cf6799d8b2e5,EP112025,Kiko,val,2025-09-07 11:00:21+00:00,54.52806307666667,3,True,,42.34122467041016,48.96202087402344,58.59107971191406,47.467041015625,49.01736831665039,64.09002685546875
EP112025:geo:749f398d8621a256,EP112025,Kiko,val,2025-09-07 11:10:21+00:00,54.44232241,3,True,,42.10935974121094,48.7311897277832,59.1541633605957,46.957950592041016,48.49245071411133,63.49802780151367
EP112025:geo:e766e790db7b41a2,EP112025,Kiko,val,2025-09-07 11:20:21+00:00,54.35658174333333,3,True,,41.900203704833984,48.5249252319336,60.24563980102539,45.77334976196289,47.28827667236328,61.83244705200195
EP112025:geo:e35b8af1b0b24edd,EP112025,Kiko,val,2025-09-07 11:30:21+00:00,54.27084107666667,3,True,,41.68679428100586,48.31671524047852,60.270286560058594,44.60908126831055,46.059818267822266,59.71257400512695
EP112025:geo:78695aaadd0e87a3,EP112025,Kiko,val,2025-09-07 11:40:21+00:00,54.18510041,3,True,,41.61537170410156,48.25252914428711,60.34937286376953,44.2641716003418,45.80021286010742,59.19305038452149
EP112025:geo:3687a26d25c8d94f,EP112025,Kiko,val,2025-09-07 11:50:21+00:00,54.09935974333333,3,True,,41.13633346557617,47.78154373168945,60.67838668823242,43.963600158691406,45.59593963623047,58.897499084472656
EP112025:geo:d594c7ca166b1ce1,EP112025,Kiko,val,2025-09-07 12:00:21+00:00,54.01161846111111,3,True,,40.34440231323242,46.99979782104492,60.4433708190918,42.83760452270508,45.04996871948242,55.74978256225586
EP112025:geo:fe2417b33b15794d,EP112025,Kiko,val,2025-09-07 12:10:21+00:00,53.86871735,3,True,,40.30675506591797,46.975318908691406,60.66623306274414,42.63424682617188,45.48632049560547,54.30093002319336
EP112025:geo:e7e450dd639ff249,EP112025,Kiko,val,2025-09-07 12:20:21+00:00,53.72581623888889,3,True,,40.131446838378906,46.8145751953125,61.2580451965332,42.65700912475586,45.60995101928711,52.69064331054688
EP112025:geo:d0bda59b4c8528cc,EP112025,Kiko,val,2025-09-07 12:30:21+00:00,53.58291512777778,3,True,,40.3099479675293,47.00899124145508,61.46276092529297,42.55377197265625,45.54084396362305,50.8532829284668
EP112025:geo:0f7dcbc74bd61209,EP112025,Kiko,val,2025-09-07 12:40:21+00:00,53.440014016666666,3,True,,41.33927536010742,48.05681610107422,62.47967147827149,43.16385269165039,46.09562301635742,50.45227813720703
EP112025:geo:0aee6b05ed834f77,EP112025,Kiko,val,2025-09-07 12:50:21+00:00,53.29711290555556,3,True,,41.50817108154297,48.24532318115234,62.88994216918945,44.26291275024414,47.05470275878906,50.14230346679688
EP112025:geo:992309a0332df3c0,EP112025,Kiko,val,2025-09-07 13:00:21+00:00,53.15421179444444,3,True,,41.65473175048828,48.4129638671875,63.62887954711914,45.827369689941406,48.399147033691406,53.48968124389648
EP112025:geo:f05b7fe88f519fa8,EP112025,Kiko,val,2025-09-07 13:10:21+00:00,53.011310683333335,3,True,,41.875091552734375,48.6557846069336,64.43307495117188,46.70720672607422,49.18920135498047,56.1800422668457
EP112025:geo:32867640b21e3a22,EP112025,Kiko,val,2025-09-07 13:20:21+00:00,52.86840957222222,3,True,,42.55438232421875,49.358642578125,65.38336944580078,47.09152221679688,49.51837921142578,59.13942337036133
EP112025:geo:e349925bef1bbfcb,EP112025,Kiko,val,2025-09-07 13:30:21+00:00,52.72550846111111,3,True,,42.69178009033203,49.52126693725586,65.87663269042969,47.330841064453125,50.12213134765625,62.00432205200195
EP112025:geo:b94288d1ccce4508,EP112025,Kiko,val,2025-09-07 13:40:21+00:00,52.58260735,3,True,,42.82589721679688,49.68219375610352,65.73468017578125,47.53215408325195,50.84884262084961,63.761512756347656
EP112025:geo:9f3fe86ddde54d77,EP112025,Kiko,val,2025-09-07 13:50:21+00:00,52.43970623888889,3,True,,43.21107864379883,50.09390640258789,65.40107727050781,47.82081985473633,51.22643280029297,64.01258850097656
EP112025:geo:6145383e10ed2d31,EP112025,Kiko,val,2025-09-07 14:00:21+00:00,52.29680512777778,3,True,,42.98487854003906,49.89437103271485,65.51569366455078,47.89969253540039,51.40625762939453,63.0511474609375
EP112025:geo:84bbc0dbc4dfa8db,EP112025,Kiko,val,2025-09-07 14:10:21+00:00,52.153904016666665,3,True,,42.90911483764648,49.84616470336914,65.94258880615234,48.93333435058594,52.337772369384766,63.06495666503906
EP112025:geo:ba4b9654b7490beb,EP112025,Kiko,val,2025-09-07 14:20:21+00:00,52.01100290555556,3,True,,42.49984359741211,49.46440887451172,65.47909545898438,48.459102630615234,51.96353530883789,62.33919143676758
EP112025:geo:7d59262e26b4f326,EP112025,Kiko,val,2025-09-07 14:30:21+00:00,51.86810179444444,3,True,,42.11698532104492,49.10904693603516,64.69992065429688,48.38834762573242,51.774505615234375,61.22052383422852
EP112025:geo:99d9b4c4ebc3753b,EP112025,Kiko,val,2025-09-07 14:40:21+00:00,51.72520068333333,3,True,,41.787410736083984,48.80704116821289,63.53317260742188,49.17633438110352,52.266746520996094,60.3344955444336
EP112025:geo:93dcb75601f5cd6e,EP112025,Kiko,val,2025-09-07 14:50:21+00:00,51.58229957222222,3,True,,40.99698257446289,48.04476547241211,61.8893928527832,48.565460205078125,51.73931121826172,58.62347030639648
EP112025:geo:704dc1f4853570f6,EP112025,Kiko,val,2025-09-07 15:00:21+00:00,51.43939846111111,3,True,,37.96426773071289,45.05542755126953,39.42584991455078,48.05131149291992,51.3840217590332,59.232757568359375
EP112025:geo:6daea3e43e27471f,EP112025,Kiko,val,2025-09-07 15:10:21+00:00,51.29649735,3,True,,38.19224548339844,45.31207275390625,40.12732696533203,46.42914962768555,50.07358551025391,61.13532638549805
EP112025:geo:1c3e705a7d1a17bd,EP112025,Kiko,val,2025-09-07 15:20:21+00:00,51.15359623888889,3,True,,38.07881927490234,45.22583770751953,41.85181427001953,44.72741317749024,48.324615478515625,61.13888168334961
EP112025:geo:47e32694ca0c2433,EP112025,Kiko,val,2025-09-07 15:30:21+00:00,51.01069512777778,3,True,,37.37641906738281,44.548606872558594,40.59324645996094,41.505489349365234,45.02672576904297,58.6632080078125
EP112025:geo:10e971ddac5598bd,EP112025,Kiko,val,2025-09-07 15:40:21+00:00,50.86779401666666,3,True,,36.2677116394043,43.14733505249024,39.95225143432617,38.73122024536133,42.22430419921875,56.17631530761719
EP112025:geo:3a66c81833137aef,EP112025,Kiko,val,2025-09-07 15:50:21+00:00,50.72489290555556,3,True,,34.72861099243164,38.49747085571289,40.60079574584961,36.73223876953125,39.86696243286133,51.89956665039063
EP112025:geo:9d1a90ccf5e09571,EP112025,Kiko,val,2025-09-07 16:00:21+00:00,50.58199179444444,3,True,,33.80533981323242,36.65092468261719,42.75366973876953,36.20692443847656,39.70157623291016,47.18959045410156
EP112025:geo:79e636d269e26ddc,EP112025,Kiko,val,2025-09-07 16:10:21+00:00,50.43909068333333,3,True,,33.72883605957031,35.76443099975586,45.17870330810547,35.52269744873047,41.526023864746094,41.48090362548828
EP112025:geo:8b6ea37d03a077ae,EP112025,Kiko,val,2025-09-07 16:20:21+00:00,50.29618957222222,3,True,,33.020477294921875,34.47024917602539,45.792930603027344,36.05185317993164,42.478397369384766,41.77869415283203
EP112025:geo:5e2f2b3bf0d12731,EP112025,Kiko,val,2025-09-07 16:30:21+00:00,50.15328846111111,3,True,,32.39122772216797,31.78941535949707,46.47955703735352,36.155860900878906,40.95573043823242,45.27726745605469
EP112025:geo:96796bf11dd8ed5c,EP112025,Kiko,val,2025-09-07 16:40:21+00:00,50.01038735,3,True,,32.296817779541016,31.386343002319336,49.02149963378906,35.777034759521484,39.830848693847656,48.57648086547852
EP112025:geo:ad42463dc88b5ccf,EP112025,Kiko,val,2025-09-07 16:50:21+00:00,49.86748623888889,3,True,,32.27301406860352,31.246294021606445,47.96044921875,34.866363525390625,38.75343322753906,47.73101806640625
EP112025:geo:4ba8184ac77c699d,EP112025,Kiko,val,2025-09-07 17:00:21+00:00,49.72458512777778,3,True,,32.31647872924805,31.21137809753418,47.0953483581543,34.107418060302734,37.664005279541016,47.22176742553711
EP112025:geo:99087b016df3e786,EP112025,Kiko,val,2025-09-07 17:10:21+00:00,49.58168401666666,3,True,,32.43891525268555,31.29705619812012,47.12715911865234,32.96910858154297,36.22857666015625,43.94400024414063
EP112025:geo:adb45f193d05d7a0,EP112025,Kiko,val,2025-09-07 17:20:21+00:00,49.43878290555556,3,True,,32.58717346191406,31.478784561157227,49.63991165161133,32.5988655090332,35.45255279541016,44.97080612182617
EP112025:geo:fdbb5ce6879ab895,EP112025,Kiko,val,2025-09-07 17:30:21+00:00,49.29588179444444,2,True,,32.68387222290039,31.618623733520508,49.51115417480469,32.01972961425781,34.851600646972656,46.42121505737305
EP112025:geo:65beb0f6361e8023,EP112025,Kiko,val,2025-09-07 17:40:21+00:00,49.15298068333333,2,True,,32.94157028198242,31.92425346374512,47.60464096069336,32.292964935302734,35.372257232666016,46.04772567749024
EP112025:geo:edd4c22f658fc095,EP112025,Kiko,val,2025-09-07 17:50:21+00:00,49.01007957222222,2,True,,32.90077590942383,31.93567276000977,46.84745788574219,31.9433536529541,35.715999603271484,43.359153747558594
EP112025:geo:d23be532f83a110f,EP112025,Kiko,val,2025-09-07 18:00:21+00:00,48.87218,2,True,,32.86936950683594,31.96881484985352,47.59189224243164,30.96672439575196,36.199310302734375,42.511817932128906
EP112025:geo:8109f467278de949,EP112025,Kiko,val,2025-09-07 18:10:21+00:00,48.87218,2,True,,32.70732116699219,31.86896324157715,47.80826950073242,30.053096771240234,35.53068542480469,40.284446716308594
EP112025:geo:daf4ffceb21468f8,EP112025,Kiko,val,2025-09-07 18:20:21+00:00,48.87218,2,True,,32.46272659301758,31.670528411865234,50.65940856933594,31.13490867614746,37.57260513305664,41.817665100097656
EP112025:geo:9e43e1a18e82959c,EP112025,Kiko,val,2025-09-07 18:30:21+00:00,48.87218,2,True,,32.03224182128906,31.28728675842285,50.14136505126953,30.81541633605957,37.44929122924805,42.42643737792969
EP112025:geo:b4683fbb2cf82722,EP112025,Kiko,val,2025-09-07 18:40:21+00:00,48.87218,2,True,,31.839500427246094,31.13166236877441,50.14042282104492,30.634450912475582,38.04497528076172,43.70497512817383
EP112025:geo:dbd2d52e784d9ee7,EP112025,Kiko,val,2025-09-07 18:50:21+00:00,48.87218,2,True,,31.526508331298828,30.82299423217773,48.30563354492188,30.36429214477539,37.97555541992188,41.236576080322266
EP112025:geo:9920390dc91ec94a,EP112025,Kiko,val,2025-09-07 19:00:21+00:00,48.87218,2,True,,31.209930419921875,30.53436088562012,45.93103790283203,29.88121795654297,36.89189147949219,34.916690826416016
EP112025:geo:e1ae181d30a60593,EP112025,Kiko,val,2025-09-07 19:10:21+00:00,48.87218,2,True,,30.83399200439453,30.285213470458984,43.844757080078125,29.66803932189941,35.90323257446289,31.81297874450684
EP112025:geo:84b04676340ccfde,EP112025,Kiko,val,2025-09-07 19:20:21+00:00,48.87218,2,True,,30.33324813842773,29.9238395690918,42.85578155517578,29.39671516418457,34.91242599487305,30.45366668701172
EP112025:geo:8cc3896028b2e5c1,EP112025,Kiko,val,2025-09-07 19:30:21+00:00,48.87218,2,True,,30.226242065429688,29.92607879638672,42.97695159912109,28.389631271362305,33.5428581237793,28.14698028564453
EP112025:geo:c3a001d50059bb6e,EP112025,Kiko,val,2025-09-07 19:40:21+00:00,48.87218,2,True,,29.989479064941406,29.83219718933105,41.91764068603516,27.9314022064209,31.80279922485352,27.515625
EP112025:geo:6ad0cc2170818cd3,EP112025,Kiko,val,2025-09-07 19:50:21+00:00,48.87218,2,True,,30.25390243530273,30.14800071716309,45.90646743774414,28.00350952148437,32.2802848815918,31.033855438232425
EP112025:geo:494779fcac7ee37f,EP112025,Kiko,val,2025-09-07 20:00:21+00:00,48.87218,2,True,,30.29673385620117,30.16025924682617,48.85072326660156,27.59786796569824,31.802146911621094,36.72574996948242
EP112025:geo:8761244f1d39dec8,EP112025,Kiko,val,2025-09-07 20:10:21+00:00,48.87218,2,True,,30.219989776611328,30.067676544189453,50.97384643554688,27.144487380981445,29.77749252319336,42.079200744628906
EP112025:geo:34bf97e95aaeaf9a,EP112025,Kiko,val,2025-09-07 20:20:21+00:00,48.87218,2,True,,30.264131546020508,30.17596435546875,53.12952423095703,27.2160701751709,29.35032844543457,45.608360290527344
EP112025:geo:f2c3887a1ad047b1,EP112025,Kiko,val,2025-09-07 20:30:21+00:00,48.87218,2,True,,30.45503234863281,30.490795135498047,53.747318267822266,27.435503005981445,29.07742500305176,48.67977142333984
EP112025:geo:85c82ba85d156fdd,EP112025,Kiko,val,2025-09-07 20:40:21+00:00,48.87218,2,True,,30.544492721557617,30.319684982299805,54.42195892333984,27.743927001953125,30.68838119506836,51.10765838623047
EP112025:geo:67f0b76ff8eafb34,EP112025,Kiko,val,2025-09-07 20:50:21+00:00,48.87218,2,True,,30.39961242675781,30.010046005249023,53.860931396484375,27.79996109008789,30.938121795654297,48.89485549926758
EP112025:geo:b8e8134c2bcb5349,EP112025,Kiko,val,2025-09-07 21:00:21+00:00,48.87218,2,True,,28.809024810791016,27.864580154418945,51.49787521362305,27.8535099029541,31.6477165222168,46.3377685546875
EP112025:geo:f2b16110479e9a0b,EP112025,Kiko,val,2025-09-07 21:10:21+00:00,48.87218,2,True,,29.020320892333984,28.088138580322266,53.20610427856445,28.339155197143555,35.24654006958008,43.21050262451172
EP112025:geo:9c71fcb30ff2826e,EP112025,Kiko,val,2025-09-07 21:20:21+00:00,48.87218,2,True,,28.801273345947266,27.8685359954834,53.62078857421875,27.84034538269043,33.26120376586914,39.966590881347656
EP112025:geo:d1ebe2c387c0e7af,EP112025,Kiko,val,2025-09-07 21:30:21+00:00,48.87218,2,True,,28.714427947998047,27.77989387512207,53.25248718261719,28.08465385437012,32.621337890625,40.504539489746094
EP112025:geo:2b507282baeabba1,EP112025,Kiko,val,2025-09-07 21:40:21+00:00,48.87218,2,True,,28.857946395874023,27.92562484741211,53.54582977294922,28.4907455444336,33.72063064575195,38.4835090637207
EP112025:geo:b26e819e481379ed,EP112025,Kiko,val,2025-09-07 21:50:21+00:00,48.87218,2,True,,28.71379852294922,27.779232025146484,52.93667221069336,28.780309677124023,34.759979248046875,35.9166145324707
EP112025:geo:bd6f8af8447bb6b6,EP112025,Kiko,val,2025-09-07 22:00:21+00:00,48.87218,2,True,,28.45290756225586,27.509742736816406,51.64223098754883,28.79526901245117,34.528343200683594,33.18556213378906
EP112025:geo:f56f76c750a1b94a,EP112025,Kiko,val,2025-09-07 22:10:21+00:00,48.87218,2,True,,28.56490707397461,27.619606018066406,51.194580078125,28.870868682861328,35.503257751464844,34.32648849487305
EP112025:geo:879d746249531989,EP112025,Kiko,val,2025-09-07 22:20:21+00:00,48.87218,2,True,,28.52978515625,27.59195709228516,50.868431091308594,29.07107353210449,37.47556686401367,32.76024627685547
EP112025:geo:164efde3cb7f0bb8,EP112025,Kiko,val,2025-09-07 22:30:21+00:00,48.87218,2,True,,28.5219841003418,27.59561920166016,50.44986724853516,29.2316837310791,38.1133041381836,31.206275939941406
EP112025:geo:969bd1a1a8075936,EP112025,Kiko,val,2025-09-07 22:40:21+00:00,48.87218,2,True,,28.86277961730957,27.9432430267334,50.27120971679688,29.106246948242188,38.68740463256836,31.973608016967773
EP112025:geo:17be758b189172b3,EP112025,Kiko,val,2025-09-07 22:50:21+00:00,48.87218,2,True,,29.172683715820312,28.266891479492188,51.1909408569336,29.11292839050293,39.40079879760742,31.05202865600586
EP112025:geo:737534a155c54b89,EP112025,Kiko,val,2025-09-07 23:00:21+00:00,48.87218,2,True,,29.05564308166504,28.17150115966797,51.55328369140625,29.15446853637696,40.50856018066406,31.12371826171875
EP112025:geo:1c99616360e3dada,EP112025,Kiko,val,2025-09-07 23:10:21+00:00,48.87218,2,True,,29.574609756469727,28.72080612182617,51.40402221679688,29.478105545043945,39.37188720703125,30.392333984375
EP112025:geo:8c94e896837c89f4,EP112025,Kiko,val,2025-09-07 23:20:21+00:00,48.87218,2,True,,30.05333709716797,29.226394653320312,50.929080963134766,29.851469039916992,41.13252258300781,30.1336669921875
EP112025:geo:8c1965e863cbebaf,EP112025,Kiko,val,2025-09-07 23:30:21+00:00,48.87218,2,True,,29.81298065185547,29.01089668273925,50.06608200073242,29.73186111450196,40.884185791015625,29.24586677551269
EP112025:geo:24e80f5cd93d639c,EP112025,Kiko,val,2025-09-07 23:40:21+00:00,48.87218,2,True,,30.120643615722656,29.362268447875977,49.176536560058594,29.973676681518555,41.3114013671875,30.151636123657227
EP112025:geo:3ebc2996e8de22d5,EP112025,Kiko,val,2025-09-07 23:50:21+00:00,48.87218,2,True,,30.253803253173828,29.53652000427246,48.62773513793945,30.360145568847656,42.27020263671875,30.849750518798828
EP112025:geo:194804b8c9a36b56,EP112025,Kiko,val,2025-09-08 00:00:21+00:00,48.87017938444444,2,True,,30.2946891784668,29.648155212402344,47.60960006713867,30.297340393066406,40.08775329589844,29.658559799194336
EP112025:geo:3839638207fa31b9,EP112025,Kiko,val,2025-09-08 00:10:21+00:00,48.813018940000006,2,True,,30.37091827392578,29.8012809753418,48.989402770996094,30.59022521972656,35.13029098510742,30.25713348388672
EP112025:geo:c9fa210b23957660,EP112025,Kiko,val,2025-09-08 00:20:21+00:00,48.75585849555556,2,True,,30.645999908447266,30.143428802490234,49.45502471923828,30.38862991333008,34.67217254638672,30.03377151489257
EP112025:geo:e70f9804da04617c,EP112025,Kiko,val,2025-09-08 00:30:21+00:00,48.69869805111111,2,True,,30.878135681152344,30.432147979736328,49.51152420043945,31.010440826416016,35.125030517578125,30.145137786865234
EP112025:geo:97708ab92817ade6,EP112025,Kiko,val,2025-09-08 00:40:21+00:00,48.64153760666667,2,True,,31.05274200439453,30.65336036682129,46.37473678588867,30.65802001953125,33.75175476074219,28.98141288757324
EP112025:geo:c719c8c053984624,EP112025,Kiko,val,2025-09-08 00:50:21+00:00,48.58437716222223,2,True,,30.952072143554688,30.659198760986328,43.07183837890625,30.6326904296875,33.20136642456055,27.38607215881348
EP112025:geo:18b0bff866d1674e,EP112025,Kiko,val,2025-09-08 01:00:21+00:00,48.52721671777778,2,True,,31.12489891052246,30.94674301147461,42.319671630859375,30.7867374420166,33.83141326904297,28.080093383789062
EP112025:geo:6b49bf77baa9e28e,EP112025,Kiko,val,2025-09-08 01:10:21+00:00,48.47005627333333,2,True,,31.326961517333984,31.24225616455078,42.203800201416016,30.14969825744629,32.908931732177734,27.716079711914062
EP112025:geo:b304028689324525,EP112025,Kiko,val,2025-09-08 01:20:21+00:00,48.412895828888885,2,True,,31.768848419189453,31.724016189575195,44.29767608642578,29.78325462341309,32.48649215698242,29.23589515686035
EP112025:geo:49b976e8bd5ba92f,EP112025,Kiko,val,2025-09-08 01:30:21+00:00,48.35573538444444,2,True,,31.513904571533203,31.45157051086425,38.1973876953125,29.52192115783692,32.88605880737305,29.98838424682617
EP112025:geo:4a3ecc8c0a61a2c1,EP112025,Kiko,val,2025-09-08 01:40:21+00:00,48.29857494,2,True,,31.480772018432617,31.345727920532227,35.2308464050293,29.4707088470459,36.540184020996094,30.327186584472656
EP112025:geo:39ee3d3e9efb2c0b,EP112025,Kiko,val,2025-09-08 01:50:21+00:00,48.24141449555556,2,True,,31.7091121673584,31.478458404541016,39.17292022705078,29.61577796936035,36.48800659179688,34.402557373046875
EP112025:geo:a8060f7bb8c5dd7b,EP112025,Kiko,val,2025-09-08 02:00:21+00:00,48.18425405111111,2,True,,32.14826202392578,31.89341735839844,46.98530960083008,30.00065803527832,35.69552230834961,39.246315002441406
EP112025:geo:c0c9e5c714146b06,EP112025,Kiko,val,2025-09-08 02:10:21+00:00,48.12709360666666,2,True,,32.390167236328125,32.202186584472656,48.17538833618164,30.580684661865234,39.22421646118164,38.8845329284668
EP112025:geo:d37b0c8f27ff998a,EP112025,Kiko,val,2025-09-08 02:20:21+00:00,48.06993316222223,2,True,,32.074989318847656,32.04991912841797,43.62043380737305,31.452205657958984,42.55583572387695,44.3592529296875
EP112025:geo:8d9fe6d5f459a143,EP112025,Kiko,val,2025-09-08 02:30:21+00:00,48.01277271777778,2,True,,31.782684326171875,31.73873710632324,43.620697021484375,31.99856758117676,39.616024017333984,43.426231384277344
EP112025:geo:7b220bb739386cff,EP112025,Kiko,val,2025-09-08 02:40:21+00:00,47.95561227333334,2,True,,31.84564208984375,31.32413482666016,45.69056701660156,32.23865509033203,36.83547592163086,44.081241607666016
EP112025:geo:aebefe4c3b663df7,EP112025,Kiko,val,2025-09-08 02:50:21+00:00,47.89845182888889,2,True,,31.98942756652832,31.256254196166992,46.90422821044922,32.41232681274414,39.249122619628906,43.93955993652344
EP112025:geo:7dfdb99d274b5e0a,EP112025,Kiko,val,2025-09-08 03:00:21+00:00,47.840291076666674,2,True,,34.084442138671875,33.53132629394531,42.34943389892578,32.2325439453125,38.56984329223633,38.20911407470703
EP112025:geo:09bd253ff9c042cd,EP112025,Kiko,val,2025-09-08 03:10:21+00:00,47.75455041,2,True,,34.300811767578125,33.66826629638672,40.901611328125,31.721254348754883,40.169132232666016,32.47136306762695
EP112025:geo:72ed38e884506e4f,EP112025,Kiko,val,2025-09-08 03:20:21+00:00,47.66880974333333,2,True,,34.43999481201172,33.771480560302734,38.0460090637207,30.967357635498047,37.61079025268555,30.11075019836425
EP112025:geo:d10a8ec65aa7ab51,EP112025,Kiko,val,2025-09-08 03:30:21+00:00,47.58306907666667,2,True,,34.81431579589844,34.10702133178711,37.354278564453125,31.47187805175781,35.795284271240234,32.63921356201172
EP112025:geo:cafe3a8554b87b3e,EP112025,Kiko,val,2025-09-08 03:40:21+00:00,47.49732841,2,True,,35.68622589111328,34.90888977050781,39.01290512084961,32.42524337768555,35.750450134277344,31.018638610839844
EP112025:geo:ec221b365a545274,EP112025,Kiko,val,2025-09-08 03:50:21+00:00,47.411587743333335,2,True,,36.682395935058594,35.83382797241211,40.820404052734375,32.66444396972656,35.38770294189453,30.271800994873047
EP112025:geo:58cdca4c35aee514,EP112025,Kiko,val,2025-09-08 04:00:21+00:00,47.32584707666667,2,True,,36.989891052246094,36.08913040161133,41.76445770263672,32.1002082824707,32.871315002441406,30.671545028686523
EP112025:geo:78193df67e21628b,EP112025,Kiko,val,2025-09-08 04:10:21+00:00,47.24010641,2,True,,37.19357299804688,36.25401306152344,42.15449905395508,32.585689544677734,33.29923629760742,30.911535263061523
EP112025:geo:199161ffba983cce,EP112025,Kiko,val,2025-09-08 04:20:21+00:00,47.15436574333333,2,True,,37.48622894287109,36.49134063720703,44.577335357666016,32.52176284790039,33.14662551879883,33.296844482421875
EP112025:geo:b3ba481f3c7e7f2e,EP112025,Kiko,val,2025-09-08 04:30:21+00:00,47.06862507666667,2,True,,37.69986724853516,36.52061080932617,43.59051513671875,30.863061904907227,31.82276153564453,31.933717727661133
EP112025:geo:29e69531c55dbd2b,EP112025,Kiko,val,2025-09-08 04:40:21+00:00,46.98288441,2,True,,38.05047607421875,36.77938461303711,41.45787811279297,29.93423843383789,31.059778213500977,31.18448638916016
EP112025:geo:1ecb31836b78f108,EP112025,Kiko,val,2025-09-08 04:50:21+00:00,46.89714374333333,2,True,,38.53364944458008,37.22991180419922,42.92876815795898,31.243349075317383,33.789024353027344,33.92063903808594
EP112025:geo:72beefb53b6fb87f,EP112025,Kiko,val,2025-09-08 05:00:21+00:00,46.81140307666667,2,True,,39.05587387084961,37.73262786865234,43.22869110107422,31.27997589111328,33.14525604248047,33.77553176879883
EP112025:geo:d160c9cb331c8686,EP112025,Kiko,val,2025-09-08 05:10:21+00:00,46.72566241,2,True,,39.23849487304688,37.897193908691406,42.12950134277344,31.4840145111084,33.669979095458984,30.36056900024414
EP112025:geo:e33319c1913fbd27,EP112025,Kiko,val,2025-09-08 05:20:21+00:00,46.63992174333333,2,True,,39.16438674926758,37.83100891113281,39.030006408691406,31.225475311279297,33.86182403564453,31.62861442565918
EP112025:geo:8c98b07b3b984758,EP112025,Kiko,val,2025-09-08 05:30:21+00:00,46.55418107666667,2,True,,39.07977294921875,37.73301315307617,39.21426010131836,30.558544158935547,32.81849670410156,30.239665985107425
EP112025:geo:93fc4d129831223b,EP112025,Kiko,val,2025-09-08 05:40:21+00:00,46.46844041,2,True,,38.54102325439453,37.19062423706055,38.88050079345703,29.883838653564453,31.764799118041992,28.147518157958984
EP112025:geo:a93230157ddf67c1,EP112025,Kiko,val,2025-09-08 05:50:21+00:00,46.38269974333333,2,True,,38.57799530029297,37.25168228149414,39.0912971496582,30.310914993286133,31.10463523864746,28.664276123046875
EP112025:geo:36b7e43bcc0fe9bf,EP112025,Kiko,val,2025-09-08 06:00:21+00:00,46.29795938444444,2,True,,38.355464935302734,37.08420944213867,39.757102966308594,30.089412689208984,31.04997062683105,29.6806869506836
EP112025:geo:cdfdf9515080e147,EP112025,Kiko,val,2025-09-08 06:10:21+00:00,46.240798940000005,2,True,,38.35604095458984,37.13529968261719,41.49760437011719,29.915197372436523,30.29706764221192,32.83982849121094
EP112025:geo:0e4649979b136ce0,EP112025,Kiko,val,2025-09-08 06:20:21+00:00,46.18363849555556,2,True,,38.15653610229492,36.96699905395508,40.775169372558594,29.76865768432617,29.177379608154297,29.764137268066406
EP112025:geo:b2fb49d700c99998,EP112025,Kiko,val,2025-09-08 06:30:21+00:00,46.12647805111112,2,True,,37.85758209228516,36.62436676025391,39.69770812988281,29.48496437072754,28.476343154907227,28.1844425201416
EP112025:geo:ff5af64480849764,EP112025,Kiko,val,2025-09-08 06:40:21+00:00,46.069317606666665,2,True,,37.73680877685547,36.478912353515625,42.22446441650391,29.035255432128903,27.985990524291992,28.27004814147949
EP112025:geo:6b8f52bcc0f09ae3,EP112025,Kiko,val,2025-09-08 06:50:21+00:00,46.01215716222222,2,True,,37.27817535400391,36.10856246948242,44.62370300292969,28.81805229187012,28.066814422607425,30.331069946289062
EP112025:geo:214b4172fcaad8e7,EP112025,Kiko,val,2025-09-08 07:00:21+00:00,45.95499671777778,2,True,,36.77606964111328,35.77081680297852,45.02542495727539,28.64232635498047,27.9255313873291,35.53688049316406
EP112025:geo:7576ecbdadee4e88,EP112025,Kiko,val,2025-09-08 07:10:21+00:00,45.89783627333333,2,True,,36.2219352722168,35.47660446166992,43.54312515258789,28.066421508789062,26.803964614868164,34.726524353027344
EP112025:geo:1158898e2c515dcf,EP112025,Kiko,val,2025-09-08 07:20:21+00:00,45.84067582888889,2,True,,36.07691955566406,35.564308166503906,40.92168045043945,27.929697036743164,26.09353446960449,30.010746002197266
EP112025:geo:ee0f0e98d9cbdd58,EP112025,Kiko,val,2025-09-08 07:30:21+00:00,45.78351538444444,2,True,,35.8646240234375,35.15755081176758,39.28718185424805,27.82710647583008,25.77679443359375,27.77893829345703
EP112025:geo:caa0d14ae3512b8c,EP112025,Kiko,val,2025-09-08 07:40:21+00:00,45.72635494,2,True,,35.51988983154297,34.455345153808594,38.2470588684082,27.945236206054688,25.81234169006348,26.71872329711914
EP112025:geo:2e2326beb2546f21,EP112025,Kiko,val,2025-09-08 07:50:21+00:00,45.66919449555556,2,True,,35.06720733642578,33.81193161010742,37.47286224365234,28.30697631835937,26.192344665527344,26.664201736450195
EP112025:geo:a03b0900d0372c36,EP112025,Kiko,val,2025-09-08 08:00:21+00:00,45.61203405111111,2,True,,34.67639923095703,33.307884216308594,36.104103088378906,28.69154167175293,26.597387313842773,27.452516555786133
EP112025:geo:a012ef079b07d0c2,EP112025,Kiko,val,2025-09-08 08:10:21+00:00,45.55487360666667,2,True,,34.736427307128906,33.29436111450195,35.6235237121582,29.52019691467285,27.507139205932617,27.97416305541992
EP112025:geo:c8d941da61c634f3,EP112025,Kiko,val,2025-09-08 08:20:21+00:00,45.49771316222223,2,True,,34.53179931640625,33.04901885986328,35.08205795288086,29.7849063873291,28.12278938293457,26.0546989440918
EP112025:geo:3f74d9f2df5ffc4b,EP112025,Kiko,val,2025-09-08 08:30:21+00:00,45.44055271777778,2,True,,33.816490173339844,32.30113983154297,34.25807571411133,29.73981666564941,28.53825759887696,25.469411849975582
EP112025:geo:cf1b8eb5f1215567,EP112025,Kiko,val,2025-09-08 08:40:21+00:00,45.383392273333335,2,True,,33.37348556518555,31.83409118652344,34.084434509277344,29.97220802307129,28.993566513061523,26.425661087036133
EP112025:geo:de82de512b32389c,EP112025,Kiko,val,2025-09-08 08:50:21+00:00,45.326231828888886,2,True,,32.72476959228516,31.1879825592041,32.80939483642578,30.15986061096192,29.05251884460449,26.70193099975586
EP112025:geo:7b309f1c9f637ef0,EP112025,Kiko,val,2025-09-08 09:00:21+00:00,45.26807107666667,2,True,,45.1954460144043,46.97427368164063,43.54559326171875,30.497711181640625,29.5403060913086,25.817302703857425
EP112025:geo:31a73749123b16f4,EP112025,Kiko,val,2025-09-08 09:10:21+00:00,45.18233041,2,True,,45.710411071777344,49.93703842163086,43.49468231201172,30.878143310546875,30.312480926513672,25.962003707885746
EP112025:geo:5788142720f16213,EP112025,Kiko,val,2025-09-08 09:20:21+00:00,45.09658974333333,2,True,,45.723758697509766,52.23625564575195,42.19287109375,31.166593551635746,30.932506561279297,27.693187713623047
EP112025:geo:bef4295adba712c5,EP112025,Kiko,val,2025-09-08 09:30:21+00:00,45.01084907666667,2,True,,45.48760986328125,52.182254791259766,40.20647430419922,31.0529899597168,31.01297378540039,28.368024826049805
EP112025:geo:28d64ce6edfbfee6,EP112025,Kiko,val,2025-09-08 09:40:21+00:00,44.92510841,2,True,,45.20323944091797,51.88288116455078,38.24823760986328,30.94271850585937,30.972070693969727,27.8096923828125
EP112025:geo:50150070ced0b556,EP112025,Kiko,val,2025-09-08 09:50:21+00:00,44.83936774333333,2,True,,45.07241439819336,51.73909759521485,36.01774215698242,30.89020538330078,30.65449333190918,27.580638885498047
EP112025:geo:074d9b92085fc8f2,EP112025,Kiko,val,2025-09-08 10:00:21+00:00,44.75362707666667,2,True,,45.25096130371094,51.905029296875,35.054298400878906,30.90833282470703,30.197139739990234,26.761280059814453
EP112025:geo:2f6c7276d3f9745d,EP112025,Kiko,val,2025-09-08 10:10:21+00:00,44.66788641,2,True,,45.79740905761719,52.44133758544922,35.327186584472656,31.122478485107425,30.24148750305176,26.38747978210449
EP112025:geo:1d4f0abb625be453,EP112025,Kiko,val,2025-09-08 10:20:21+00:00,44.582145743333335,2,True,,45.997955322265625,52.63399124145508,35.87004089355469,31.30257034301757,30.598041534423828,25.64141845703125
EP112025:geo:335ac07fbe528fda,EP112025,Kiko,val,2025-09-08 10:30:21+00:00,44.49640507666667,2,True,,45.63359832763672,52.26385498046875,37.5026969909668,31.27303695678711,31.07830047607422,26.363412857055664
EP112025:geo:aa068f302116aa2f,EP112025,Kiko,val,2025-09-08 10:40:21+00:00,44.41066441,2,True,,45.21481323242188,51.84120178222656,40.63065719604492,31.556888580322266,31.865467071533203,27.80606842041016
EP112025:geo:365598ccf9131b2b,EP112025,Kiko,val,2025-09-08 10:50:21+00:00,44.32492374333333,2,True,,44.390098571777344,51.01376724243164,42.76741027832031,31.814865112304688,32.842010498046875,27.90237617492676
EP112025:geo:07cf788ecd30dd9f,EP112025,Kiko,val,2025-09-08 11:00:21+00:00,44.23918307666667,2,True,,43.78633880615234,50.40851593017578,42.22782897949219,31.802291870117188,33.7943000793457,30.67700958251953
EP112025:geo:fb117efd837f774d,EP112025,Kiko,val,2025-09-08 11:10:21+00:00,44.15344241,2,True,,43.57835006713867,50.20071029663086,42.402713775634766,31.78178024291992,33.84947967529297,32.021095275878906
EP112025:geo:a5b1eb9f028303fb,EP112025,Kiko,val,2025-09-08 11:20:21+00:00,44.06770174333333,2,True,,43.51910400390625,50.142765045166016,43.63744354248047,31.7781982421875,33.994239807128906,32.98070526123047
EP112025:geo:4eb874e331b2157c,EP112025,Kiko,val,2025-09-08 11:30:21+00:00,43.98196107666667,2,True,,43.54148864746094,50.16805267333984,44.0222282409668,31.682153701782227,34.12904357910156,30.05679702758789
EP112025:geo:273a07021be2de71,EP112025,Kiko,val,2025-09-08 11:40:21+00:00,43.89622041,2,True,,43.54621124267578,50.17816925048828,43.85697937011719,31.733142852783203,34.31058883666992,28.10142135620117
EP112025:geo:ab0a01da01c2439b,EP112025,Kiko,val,2025-09-08 11:50:21+00:00,43.81047974333333,2,True,,43.64540100097656,50.28473281860352,42.94539642333984,31.645347595214844,34.24238967895508,27.46340751647949
EP112025:geo:872dce60eef035a5,EP112025,Kiko,val,2025-09-08 12:00:21+00:00,43.725739384444445,2,True,,43.442996978759766,50.091434478759766,42.55641555786133,31.438337326049805,34.12173080444336,26.63074493408203
EP112025:geo:9da282160d8677e2,EP112025,Kiko,val,2025-09-08 12:10:21+00:00,43.66857894,2,True,,43.15147018432617,49.81077194213867,42.946170806884766,31.16030502319336,33.874691009521484,27.8658447265625
EP112025:geo:4c507ec59d4ff719,EP112025,Kiko,val,2025-09-08 12:20:21+00:00,43.611418495555554,2,True,,42.566009521484375,49.23786926269531,43.65331268310547,31.13568878173828,33.74592208862305,29.149364471435547
EP112025:geo:45fda30f213529e9,EP112025,Kiko,val,2025-09-08 12:30:21+00:00,43.55425805111111,2,True,,41.71790313720703,48.40410232543945,43.50301361083984,30.93545913696289,33.43083953857422,28.81793785095215
EP112025:geo:9b0c7e9261f76b4c,EP112025,Kiko,val,2025-09-08 12:40:21+00:00,43.49709760666666,2,True,,41.40644836425781,48.10578155517578,42.65547180175781,30.80314064025879,33.172088623046875,29.59733963012696
EP112025:geo:3db6228f12a0f331,EP112025,Kiko,val,2025-09-08 12:50:21+00:00,43.43993716222223,2,True,,40.973052978515625,47.682430267333984,41.13888549804688,30.56930923461914,32.80391311645508,30.77873992919922
EP112025:geo:9094e3cb3c2beef4,EP112025,Kiko,val,2025-09-08 13:00:21+00:00,43.38277671777778,2,True,,40.68482971191406,47.40482711791992,40.04847717285156,30.37860679626465,32.321956634521484,31.96688842773437
EP112025:geo:cee83301af4f9b41,EP112025,Kiko,val,2025-09-08 13:10:21+00:00,43.32561627333333,2,True,,40.54742431640625,47.27859115600586,39.02393341064453,30.465011596679688,32.15251159667969,32.00883865356445
EP112025:geo:ec5095e0f333000d,EP112025,Kiko,val,2025-09-08 13:20:21+00:00,43.26845582888889,2,True,,40.44985961914063,47.19195938110352,38.32676696777344,30.73563575744629,32.425296783447266,32.522544860839844
EP112025:geo:39f5b49f04b0a181,EP112025,Kiko,val,2025-09-08 13:30:21+00:00,43.21129538444444,2,True,,40.40520095825195,47.15834426879883,37.14766311645508,31.05308151245117,32.77690505981445,32.37040328979492
EP112025:geo:7c080d5f55999d7c,EP112025,Kiko,val,2025-09-08 13:40:21+00:00,43.154134940000006,2,True,,40.3699951171875,47.125614166259766,36.5732536315918,31.70868492126465,33.94828414916992,31.10204124450684
EP112025:geo:0c3ee18e08e776f8,EP112025,Kiko,val,2025-09-08 13:50:21+00:00,43.09697449555556,2,True,,40.31276321411133,47.01392364501953,36.01895904541016,32.106719970703125,34.39179229736328,30.59886932373047
EP112025:geo:a91de08c577b745f,EP112025,Kiko,val,2025-09-08 14:00:21+00:00,43.03981405111111,2,True,,40.03501892089844,46.45547866821289,35.914695739746094,31.853286743164062,33.05686950683594,33.14677429199219
EP112025:geo:2cbcdccb19dc9adb,EP112025,Kiko,val,2025-09-08 14:10:21+00:00,42.982653606666666,2,True,,39.268028259277344,44.717655181884766,36.182464599609375,31.15365219116211,31.833484649658203,34.368492126464844
EP112025:geo:42958a1fb462783c,EP112025,Kiko,val,2025-09-08 14:20:21+00:00,42.925493162222224,2,True,,38.61441802978516,42.24338912963867,35.86676025390625,30.54660415649414,31.25990295410156,32.000640869140625
EP112025:geo:faf93ca757c21272,EP112025,Kiko,val,2025-09-08 14:30:21+00:00,42.86833271777778,2,True,,38.02100372314453,40.102298736572266,36.067039489746094,30.55487632751465,31.112546920776367,29.297168731689453
EP112025:geo:6988582c4d7b353c,EP112025,Kiko,val,2025-09-08 14:40:21+00:00,42.81117227333333,2,True,,37.80511093139648,38.91358184814453,36.29644012451172,31.057052612304688,31.46277236938477,29.13336181640625
EP112025:geo:b614886740ae287b,EP112025,Kiko,val,2025-09-08 14:50:21+00:00,42.75401182888889,2,True,,37.60374069213867,38.199825286865234,36.09501647949219,32.32910919189453,32.86598205566406,29.2322998046875
EP112025:geo:63b2ae5383316888,EP112025,Kiko,val,2025-09-08 15:00:21+00:00,42.69585107666667,1,True,,38.42988967895508,38.12621307373047,36.27812194824219,33.76797866821289,35.08556365966797,28.8481388092041
EP112025:geo:e3c90efbe8791ba5,EP112025,Kiko,val,2025-09-08 15:10:21+00:00,42.61011041,1,True,,38.437347412109375,38.79115295410156,37.01688003540039,33.5216178894043,36.046836853027344,28.853416442871094
EP112025:geo:a3abee5c5458a312,EP112025,Kiko,val,2025-09-08 15:20:21+00:00,42.52436974333333,1,True,,38.525489807128906,39.526851654052734,37.48188018798828,34.50334930419922,38.3530387878418,27.13319206237793
EP112025:geo:4d2a651936479e48,EP112025,Kiko,val,2025-09-08 15:30:21+00:00,42.43862907666667,1,True,,38.86481094360352,40.11162185668945,38.40404510498047,35.25787353515625,34.7199592590332,28.85491371154785
EP112025:geo:8ebab0fabe883313,EP112025,Kiko,val,2025-09-08 15:40:21+00:00,42.35288841,1,True,,39.27821350097656,40.85310363769531,39.11202239990234,35.928375244140625,35.35441589355469,31.669130325317383
EP112025:geo:915a1b23362fd7d9,EP112025,Kiko,val,2025-09-08 15:50:21+00:00,42.26714774333333,1,True,,39.76833724975586,41.81056213378906,38.600189208984375,37.46196746826172,35.7596435546875,33.556480407714844
EP112025:geo:33025f59cd76f37a,EP112025,Kiko,val,2025-09-08 16:00:21+00:00,42.18140707666667,1,True,,40.09779357910156,42.517459869384766,37.94401931762695,38.07332611083984,36.36235046386719,32.800804138183594
EP112025:geo:514646d1d00d58dc,EP112025,Kiko,val,2025-09-08 16:10:21+00:00,42.09566641,1,True,,40.27812957763672,42.79413986206055,37.470680236816406,38.01090621948242,36.78385925292969,35.17247772216797
EP112025:geo:605430e94c6c74f0,EP112025,Kiko,val,2025-09-08 16:20:21+00:00,42.00992574333333,1,True,,40.19435119628906,42.50618362426758,38.003021240234375,37.709320068359375,36.41892623901367,34.980403900146484
EP112025:geo:376f51defbf2fce7,EP112025,Kiko,val,2025-09-08 16:30:21+00:00,41.92418507666667,1,True,,40.005218505859375,42.42815780639648,39.26905822753906,37.76768112182617,36.39158630371094,34.56648254394531
EP112025:geo:3d57f44c4e71078a,EP112025,Kiko,val,2025-09-08 16:40:21+00:00,41.83844441,1,True,,39.89190673828125,42.40627670288086,40.199825286865234,37.17759323120117,35.66725158691406,30.92854881286621
EP112025:geo:3aa5548752160e96,EP112025,Kiko,val,2025-09-08 16:50:21+00:00,41.752703743333335,1,True,,39.94940185546875,42.43788146972656,39.900577545166016,36.63038635253906,34.97856903076172,29.072519302368164
EP112025:geo:a6d4c117e4cdd6cb,EP112025,Kiko,val,2025-09-08 17:00:21+00:00,41.66696307666667,1,True,,40.07000732421875,42.34714889526367,39.1649169921875,36.101322174072266,34.41200637817383,28.256555557250977
EP112025:geo:b0b06fe1e780dd15,EP112025,Kiko,val,2025-09-08 17:10:21+00:00,41.58122241,1,True,,40.17093276977539,42.3700065612793,38.250919342041016,35.79256820678711,34.3751335144043,27.837724685668945
EP112025:geo:82b1f0300c1e05f9,EP112025,Kiko,val,2025-09-08 17:20:21+00:00,41.49548174333333,1,True,,40.108863830566406,42.27224349975586,36.96342468261719,35.87348937988281,34.52436828613281,27.33614921569824
EP112025:geo:ef2451adcbdac89c,EP112025,Kiko,val,2025-09-08 17:30:21+00:00,41.40974107666667,1,True,,40.06666564941406,42.34478759765625,36.05183792114258,35.940757751464844,34.392948150634766,25.81294822692871
EP112025:geo:fde91ffe33428094,EP112025,Kiko,val,2025-09-08 17:40:21+00:00,41.32400041,1,True,,40.02863311767578,42.19674682617188,34.90125274658203,35.85479736328125,34.29091262817383,25.828834533691406
EP112025:geo:863792369511cb6b,EP112025,Kiko,val,2025-09-08 17:50:21+00:00,41.23825974333333,1,True,,40.1914291381836,42.37686920166016,34.04789733886719,35.71770095825195,34.1562614440918,26.61940193176269
EP112025:geo:1484d831f39c28b2,EP112025,Kiko,val,2025-09-08 18:00:21+00:00,41.14851784555555,1,True,,40.4798583984375,42.37026596069336,34.101531982421875,35.472042083740234,34.039546966552734,27.357158660888672
EP112025:geo:a612e1d1a07175f5,EP112025,Kiko,val,2025-09-08 18:10:21+00:00,40.94845629,1,True,,40.65198516845703,41.984107971191406,34.481727600097656,35.00812149047852,33.58281707763672,27.53243637084961
EP112025:geo:deb4114604eff33b,EP112025,Kiko,val,2025-09-08 18:20:21+00:00,40.748394734444446,1,True,,40.61838150024414,41.83684539794922,34.45282745361328,34.51216125488281,33.214111328125,27.84065055847168
EP112025:geo:d26071191562f032,EP112025,Kiko,val,2025-09-08 18:30:21+00:00,40.54833317888889,1,True,,40.336185455322266,41.63732147216797,33.76955032348633,34.15485382080078,33.027462005615234,28.531911849975582
EP112025:geo:d561c894bd004047,EP112025,Kiko,val,2025-09-08 18:40:21+00:00,40.34827162333334,1,True,,39.89310836791992,41.16696548461914,33.56230163574219,33.63676834106445,32.68058776855469,27.41682243347168
EP112025:geo:9d17100e2465b01d,EP112025,Kiko,val,2025-09-08 18:50:21+00:00,40.148210067777775,1,True,,39.43522644042969,40.571388244628906,33.98424530029297,33.12270736694336,32.34978485107422,26.39931869506836
EP112025:geo:c746f1e3dddb67a9,EP112025,Kiko,val,2025-09-08 19:00:21+00:00,39.94814851222223,1,True,,39.29775238037109,40.0327262878418,36.06624984741211,32.64185333251953,32.13824462890625,26.17390823364257
EP112025:geo:c5da71e4f08f07ab,EP112025,Kiko,val,2025-09-08 19:10:21+00:00,39.74808695666667,1,True,,39.19157028198242,39.70696258544922,38.19918441772461,33.02618408203125,32.88724136352539,25.326732635498047
EP112025:geo:4a6719efe984a2a8,EP112025,Kiko,val,2025-09-08 19:20:21+00:00,39.54802540111111,1,True,,39.40818405151367,40.08274841308594,37.78248596191406,33.475624084472656,33.94198226928711,24.8126277923584
EP112025:geo:5bb799a0e2d78e11,EP112025,Kiko,val,2025-09-08 19:30:21+00:00,39.347963845555554,1,True,,39.534271240234375,40.35858917236328,36.283447265625,33.4195671081543,34.418758392333984,24.933990478515625
EP112025:geo:00a6a3a1c8ab4722,EP112025,Kiko,val,2025-09-08 19:40:21+00:00,39.14790229,1,True,,39.98910140991211,41.16336441040039,35.86835479736328,33.18174362182617,34.95705795288086,25.487342834472656
EP112025:geo:db332aadde213cc5,EP112025,Kiko,val,2025-09-08 19:50:21+00:00,38.94784073444445,1,True,,40.11620330810547,42.10127258300781,36.13307189941406,32.774539947509766,35.22014617919922,26.31281852722168
EP112025:geo:daec51d069cde342,EP112025,Kiko,val,2025-09-08 20:00:21+00:00,38.74777917888889,1,True,,40.162208557128906,43.2745475769043,36.18598175048828,32.48876190185547,35.29579162597656,26.617475509643555
EP112025:geo:96ed45d0dfc5711f,EP112025,Kiko,val,2025-09-08 20:10:21+00:00,38.54771762333333,1,True,,40.09456253051758,45.02029800415039,38.98175048828125,32.18934631347656,35.03076171875,26.876171112060547
EP112025:geo:4cfc7f7a84a22030,EP112025,Kiko,val,2025-09-08 20:20:21+00:00,38.34765606777778,1,True,,39.8427734375,46.79183578491211,39.8836669921875,31.82108688354492,34.683570861816406,26.79906845092773
EP112025:geo:db2a098c4f225724,EP112025,Kiko,val,2025-09-08 20:30:21+00:00,38.14759451222222,1,True,,39.31936264038086,46.750885009765625,40.407501220703125,31.676305770874023,34.416263580322266,25.279035568237305
EP112025:geo:2a3f2cbe8037b2bf,EP112025,Kiko,val,2025-09-08 20:40:21+00:00,37.94753295666667,1,True,,38.605934143066406,46.065189361572266,40.51643753051758,31.79026222229004,34.17887496948242,25.492979049682617
EP112025:geo:2de35dcd405eb6b4,EP112025,Kiko,val,2025-09-08 20:50:21+00:00,37.74747140111111,1,True,,37.54454803466797,45.00431442260742,40.47142028808594,31.9035758972168,33.643245697021484,26.24008750915528
EP112025:geo:a46b824daf783bcd,EP112025,Kiko,val,2025-09-08 21:00:21+00:00,37.54640953777778,1,True,,34.28545379638672,34.066341400146484,30.304595947265625,31.87112617492676,33.20328521728516,26.756723403930664
EP112025:geo:6d918dc22bdd2820,EP112025,Kiko,val,2025-09-08 21:10:21+00:00,37.31776776,1,True,,34.4303092956543,34.160884857177734,30.08169174194336,31.77914428710937,33.95608139038086,27.293455123901367
EP112025:geo:954626babd955f98,EP112025,Kiko,val,2025-09-08 21:20:21+00:00,37.08912598222222,1,True,,34.47383499145508,34.16139221191406,29.988086700439453,31.73048591613769,35.720787048339844,27.35743522644043
EP112025:geo:bc1d94075a8f81e7,EP112025,Kiko,val,2025-09-08 21:30:21+00:00,36.86048420444444,1,True,,34.65656280517578,34.300086975097656,30.126888275146484,31.61383628845215,36.56612014770508,27.02044677734375
EP112025:geo:9b59b2c556fcc4a4,EP112025,Kiko,val,2025-09-08 21:40:21+00:00,36.631842426666665,1,True,,34.73221969604492,34.335716247558594,29.97269821166992,31.61335182189941,36.27984619140625,26.57411193847656
EP112025:geo:3268b32a659ddff8,EP112025,Kiko,val,2025-09-08 21:50:21+00:00,36.40320064888889,1,True,,34.7244987487793,34.293025970458984,29.67959213256836,31.84660720825196,36.47260665893555,25.784961700439453
EP112025:geo:2bec1841bb0c2105,EP112025,Kiko,val,2025-09-08 22:00:21+00:00,36.17455887111111,1,True,,34.588775634765625,34.12489318847656,29.61808204650879,31.965375900268555,36.58440399169922,25.51239776611328
EP112025:geo:03f48b30b6125533,EP112025,Kiko,val,2025-09-08 22:10:21+00:00,35.945917093333335,1,True,,34.518592834472656,34.025753021240234,29.845293045043945,32.182655334472656,36.42895126342773,26.02604484558105
EP112025:geo:c06641812884524c,EP112025,Kiko,val,2025-09-08 22:20:21+00:00,35.71727531555556,1,True,,34.5466423034668,34.02493667602539,30.1863021850586,32.36992263793945,36.21062088012695,27.34580039978028
EP112025:geo:08b6bf568ae8c05b,EP112025,Kiko,val,2025-09-08 22:30:21+00:00,35.48863353777778,1,True,,34.36604309082031,33.82723617553711,30.113082885742188,32.462398529052734,36.34737014770508,29.916898727416992
EP112025:geo:6b2e18823abad2b0,EP112025,Kiko,val,2025-09-08 22:40:21+00:00,35.259991760000005,1,True,,34.1768798828125,33.64833450317383,29.752290725708008,32.61171340942383,36.2546272277832,31.191749572753903
EP112025:geo:c15751bc09a2743a,EP112025,Kiko,val,2025-09-08 22:50:21+00:00,35.03134998222222,1,True,,34.08055114746094,33.575836181640625,29.48686981201172,32.73347091674805,35.86392974853516,30.72694206237793
EP112025:geo:20daf482276cc08e,EP112025,Kiko,val,2025-09-08 23:00:21+00:00,34.80270820444444,1,True,,33.953948974609375,33.47688293457031,29.08834457397461,32.80913162231445,35.22780227661133,29.60659408569336
EP112025:geo:356340bae4db44c3,EP112025,Kiko,val,2025-09-08 23:10:21+00:00,34.57406642666667,1,True,,33.70470428466797,33.25144958496094,29.177553176879883,32.767662048339844,34.48770904541016,27.74484634399414
EP112025:geo:6b24735148f6bff2,EP112025,Kiko,val,2025-09-08 23:20:21+00:00,34.34542464888889,1,True,,33.35385513305664,32.92258834838867,29.32843971252441,32.90861892700195,34.2668342590332,26.81523704528809
EP112025:geo:31651a84b4f1540b,EP112025,Kiko,val,2025-09-08 23:30:21+00:00,34.11678287111111,1,True,,33.07115936279297,32.65804672241211,29.711200714111328,32.7675895690918,33.765079498291016,27.783451080322266
EP112025:geo:843c62fb6b26fd7e,EP112025,Kiko,val,2025-09-08 23:40:21+00:00,33.88814109333334,1,True,,32.817710876464844,32.412052154541016,29.081512451171875,32.60894775390625,33.86662292480469,28.5442123413086
EP112025:geo:a6930b2dbaffe336,EP112025,Kiko,val,2025-09-08 23:50:21+00:00,33.65949931555556,1,True,,32.39946746826172,31.94613647460937,28.2553825378418,32.48140335083008,34.233428955078125,28.25796699523925
EP112025:geo:228cd56ce0a34b3d,EP112025,Kiko,val,2025-09-09 00:00:21+00:00,33.431857845555555,1,True,,31.97114562988281,31.467458724975582,27.38117218017578,32.06830596923828,34.308353424072266,25.67595863342285
EP112025:geo:8e845fd27688644d,EP112025,Kiko,val,2025-09-09 00:10:21+00:00,33.23179629,1,True,,31.69404029846192,31.13735008239746,27.204635620117188,31.68752670288086,34.31508255004883,24.31682014465332
EP112025:geo:4c55e9e985ec8ae3,EP112025,Kiko,val,2025-09-09 00:20:21+00:00,33.03173473444445,1,True,,31.349559783935547,30.72066116333008,27.198287963867188,31.27861213684082,34.32389450073242,24.30854225158692
EP112025:geo:a74b1c8924f29371,EP112025,Kiko,val,2025-09-09 00:30:21+00:00,32.83167317888889,0,True,,31.18891143798828,30.48788833618164,26.985639572143555,30.960464477539062,34.328857421875,24.46099090576172
EP112025:geo:ddf6a90569be8712,EP112025,Kiko,val,2025-09-09 00:40:21+00:00,32.631611623333335,0,True,,31.062238693237305,30.282058715820312,26.76372528076172,30.69435691833496,34.32357406616211,24.619110107421875
EP112025:geo:4531d2a25568ff30,EP112025,Kiko,val,2025-09-09 00:50:21+00:00,32.43155006777778,0,True,,30.97798538208008,30.12639808654785,26.46337890625,30.36394691467285,33.84341812133789,24.23981094360352
EP112025:geo:ea6a0506aaa27fe9,EP112025,Kiko,val,2025-09-09 01:00:21+00:00,32.23148851222222,0,True,,30.742544174194336,29.82950019836425,25.97107315063477,30.18583297729492,33.41569137573242,23.778095245361328
EP112025:geo:9128432301ee345b,EP112025,Kiko,val,2025-09-09 01:10:21+00:00,32.03142695666667,0,True,,30.338611602783203,29.363500595092773,25.460840225219727,29.941255569458008,32.90414810180664,24.15829849243164
EP112025:geo:4077c89301f33ca6,EP112025,Kiko,val,2025-09-09 01:20:21+00:00,31.83136540111111,0,True,,30.24609375,29.2198543548584,24.879976272583008,29.77718734741211,32.51752471923828,24.228422164916992
EP112025:geo:2a46e6273ca850fa,EP112025,Kiko,val,2025-09-09 01:30:21+00:00,31.63130384555556,0,True,,30.032501220703125,28.961332321166992,24.168119430541992,29.45899200439453,31.95713233947754,24.29426956176757
EP112025:geo:1a30c859e89525ba,EP112025,Kiko,val,2025-09-09 01:40:21+00:00,31.43124229,0,True,,29.516014099121094,28.405271530151367,23.36436653137207,29.14057159423828,31.429134368896484,24.36492347717285
EP112025:geo:a0db64a5f5a40c18,EP112025,Kiko,val,2025-09-09 01:50:21+00:00,31.231180734444447,0,True,,29.4014949798584,28.26298713684082,22.63081932067871,28.742664337158203,30.85710334777832,24.228458404541016
EP112025:geo:d264e46bf697b430,EP112025,Kiko,val,2025-09-09 02:00:21+00:00,31.03111917888889,0,True,,29.099151611328125,27.944805145263672,22.09806632995605,28.47700500488281,30.43245315551757,24.22144889831543
EP112025:geo:bc4709b51845e2a3,EP112025,Kiko,val,2025-09-09 02:10:21+00:00,30.831057623333333,0,True,,28.89350700378418,27.72796058654785,21.58349609375,28.25212860107422,30.066192626953125,23.984752655029297
EP112025:geo:0548fe06750219bc,EP112025,Kiko,val,2025-09-09 02:20:21+00:00,30.63099606777778,0,True,,28.52288055419922,27.348562240600582,21.02555274963379,28.19958877563477,29.900558471679688,24.098047256469727
EP112025:geo:5f901d4734aff589,EP112025,Kiko,val,2025-09-09 02:30:21+00:00,30.430934512222223,0,True,,28.14895248413086,26.9666748046875,20.56104278564453,28.11631202697754,29.70476150512696,24.002588272094727
EP112025:geo:320b5ea9d18625fd,EP112025,Kiko,val,2025-09-09 02:40:21+00:00,30.23087295666667,0,True,,27.70871353149414,26.518600463867188,20.26998519897461,28.05079841613769,29.54041862487793,23.811325073242188
EP112025:geo:d5d4728f4a952f4e,EP112025,Kiko,val,2025-09-09 02:50:21+00:00,30.030811401111112,0,True,,27.663604736328125,26.466026306152344,19.90941619873047,27.94068145751953,29.3298282623291,23.45787239074707
EP112025:geo:1ff626a8c1ecd8c5,EP112025,Kiko,val,2025-09-09 03:00:21+00:00,29.829749537777776,0,True,,31.458221435546875,30.56103134155273,20.73112869262696,27.69588279724121,28.987695693969727,23.50232696533203
EP112025:geo:0b7987f2ba27bca0,EP112025,Kiko,val,2025-09-09 03:10:21+00:00,29.60110776,0,True,,31.512475967407227,30.54996681213379,20.84971237182617,27.570783615112305,28.763656616210938,23.839040756225582
EP112025:geo:f3c971a9afb402eb,EP112025,Kiko,val,2025-09-09 03:20:21+00:00,29.372465982222224,0,True,,31.332347869873047,30.30679512023925,20.95640563964844,27.53015518188477,28.611440658569336,23.811782836914062
EP112025:geo:982c9a0763afdd6b,EP112025,Kiko,val,2025-09-09 03:30:21+00:00,29.14382420444445,0,True,,31.0080680847168,29.92793273925781,20.95758819580078,27.22401428222656,28.202980041503903,23.79178047180176
EP112025:geo:ba9edaf2e4633e34,EP112025,Kiko,val,2025-09-09 03:40:21+00:00,28.915182426666664,0,True,,30.75135040283203,29.619951248168945,20.90252494812012,26.909502029418945,27.783519744873047,23.69923973083496
EP112025:geo:3d3d205e9cf58dbb,EP112025,Kiko,val,2025-09-09 03:50:21+00:00,28.68654064888889,0,True,,30.587966918945312,29.41271209716797,20.93492126464844,26.104597091674805,26.867000579833984,23.624113082885746
EP112025:geo:629884a16f7bb871,EP112025,Kiko,val,2025-09-09 04:00:21+00:00,28.457898871111112,0,True,,30.46910095214844,29.25379753112793,20.86166381835937,25.29694557189941,25.81460189819336,23.47250366210937
EP112025:geo:33c1cee3b53809e2,EP112025,Kiko,val,2025-09-09 04:10:21+00:00,28.22925709333333,0,True,,30.42609214782715,29.17577362060547,20.792953491210938,24.3559684753418,24.63641166687012,23.29435157775879
EP112025:geo:bdb81107d074f01a,EP112025,Kiko,val,2025-09-09 04:20:21+00:00,28.00061531555556,0,True,,30.46896743774414,29.18769073486328,20.687896728515625,22.887020111083984,22.945201873779297,23.16829490661621
EP112025:geo:cfda1fe7e5e3e5de,EP112025,Kiko,val,2025-09-09 04:30:21+00:00,27.77197353777778,0,True,,30.44927024841309,29.14244842529297,20.58860969543457,21.62537956237793,21.522031784057617,23.10184097290039
EP112025:geo:956cc9409985b336,EP112025,Kiko,val,2025-09-09 04:40:21+00:00,27.54333176,0,True,,30.2294979095459,28.90074157714844,20.613658905029297,19.93363571166992,19.71732711791992,22.924291610717773
EP112025:geo:abb5b2296f66b4ec,EP112025,Kiko,val,2025-09-09 04:50:21+00:00,27.314689982222223,0,True,,29.803089141845703,28.45503807067871,20.691802978515625,18.499780654907227,18.23995018005371,22.719383239746094
EP112025:geo:1aa46d52cc43bfed,EP112025,Kiko,val,2025-09-09 05:00:21+00:00,27.086048204444445,0,True,,29.321468353271484,27.95625877380371,20.782445907592773,18.14080810546875,17.86545181274414,22.50162506103516
EP112025:geo:437e80abf10143de,EP112025,Kiko,val,2025-09-09 05:10:21+00:00,26.857406426666664,0,True,,28.864486694335938,27.483861923217773,20.881675720214844,18.501672744750977,18.205848693847656,22.40065193176269
EP112025:geo:0800a79abacf678f,EP112025,Kiko,val,2025-09-09 05:20:21+00:00,26.62876464888889,0,True,,28.48420524597168,27.09000015258789,21.07049560546875,18.771568298339844,18.451154708862305,22.413652420043945
EP112025:geo:cccf58a356ade645,EP112025,Kiko,val,2025-09-09 05:30:21+00:00,26.400122871111112,0,True,,28.202545166015625,26.79544448852539,21.223031997680664,18.96129035949707,18.68027305603028,22.389204025268555
EP112025:geo:042c225f9e9542bb,EP112025,Kiko,val,2025-09-09 05:40:21+00:00,26.17148109333333,0,True,,27.89807510375977,26.47951316833496,21.364784240722656,19.00462913513184,18.7496280670166,22.322065353393555
EP112025:geo:122f73a655849fb5,EP112025,Kiko,val,2025-09-09 05:50:21+00:00,25.94283931555556,0,True,,27.58541488647461,26.155303955078125,21.40774726867676,19.05563735961914,18.76599884033203,22.27889060974121
EP112025:geo:3cd779a4a9c0ebe4,EP112025,Kiko,val,2025-09-09 06:00:21+00:00,25.71719846111111,0,True,,27.307342529296875,25.867340087890625,21.292993545532227,19.39845848083496,19.08876037597656,22.29875373840332
EP112025:geo:b594f0c44d329bb1,EP112025,Kiko,val,2025-09-09 06:10:21+00:00,25.57429735,0,True,,26.995513916015625,25.545944213867188,21.153902053833008,19.678119659423828,19.39555931091309,22.296066284179688
EP112025:geo:e26cf19ffd6fbb61,EP112025,Kiko,val,2025-09-09 06:20:21+00:00,25.431396238888887,0,True,,26.679792404174805,25.22171401977539,20.98799514770508,19.81292152404785,19.529672622680664,22.217124938964844
EP112025:geo:34462d55ea4cedb8,EP112025,Kiko,val,2025-09-09 06:30:21+00:00,25.28849512777777,0,True,,26.376436233520508,24.91111183166504,20.83293914794922,19.784069061279297,19.480127334594727,22.162899017333984
EP112025:geo:e2c5b5dd03b1dfaa,EP112025,Kiko,val,2025-09-09 06:40:21+00:00,25.14559401666667,0,True,,26.07020378112793,24.59789276123047,20.803693771362305,19.843158721923828,19.545351028442383,22.124229431152344
EP112025:geo:fc7f1140d2c60c28,EP112025,Kiko,val,2025-09-09 06:50:21+00:00,25.00269290555556,0,True,,25.764408111572266,24.286266326904297,20.775747299194336,20.0513858795166,19.78034210205078,22.06043243408203
EP112025:geo:228a2175c32fc96c,EP112025,Kiko,val,2025-09-09 07:00:21+00:00,24.859791794444448,0,True,,25.46821975708008,23.983488082885746,20.71879196166992,20.1074333190918,19.82276153564453,22.05048561096192
EP112025:geo:b6ef604c2181a834,EP112025,Kiko,val,2025-09-09 07:10:21+00:00,24.716890683333336,0,True,,25.329439163208008,23.83896255493164,20.653545379638672,20.10211753845215,19.800561904907227,22.04857635498047
EP112025:geo:4925c9dc75021ce0,EP112025,Kiko,val,2025-09-09 07:20:21+00:00,24.573989572222224,0,True,,25.580495834350582,24.084352493286133,20.566940307617188,20.10184097290039,19.785898208618164,22.044353485107425
EP112025:geo:6bda18bb69f01663,EP112025,Kiko,val,2025-09-09 07:30:21+00:00,24.43108846111112,0,True,,25.76968765258789,24.26727867126465,20.451051712036133,19.896278381347656,19.548715591430664,21.959461212158203
EP112025:geo:2bdda3e84abb3457,EP112025,Kiko,val,2025-09-09 07:40:21+00:00,24.28818735,0,True,,25.95905303955078,24.45033264160156,20.27204322814941,19.58816909790039,19.211244583129883,21.8134880065918
EP112025:geo:036a1e3c7163495a,EP112025,Kiko,val,2025-09-09 07:50:21+00:00,24.14528623888889,0,True,,26.08373641967773,24.567277908325195,20.046607971191406,19.31688499450684,18.918670654296875,21.78951835632324
EP112025:geo:7fd7a26229ec956e,EP112025,Kiko,val,2025-09-09 08:00:21+00:00,24.00238512777777,0,True,,26.2016830444336,24.67773628234864,19.856348037719727,19.05718231201172,18.64201736450196,21.70563507080078
EP112025:geo:afd475e34debdfd5,EP112025,Kiko,val,2025-09-09 08:10:21+00:00,23.85948401666667,0,True,,26.310571670532227,24.77800178527832,19.6052474975586,18.77548789978028,18.352670669555664,21.67145538330078
EP112025:geo:bf1fc18be06b3f01,EP112025,Kiko,val,2025-09-09 08:20:21+00:00,23.71658290555556,0,True,,26.42173385620117,24.88056755065918,19.415847778320312,18.1767578125,17.736722946166992,21.7061710357666
EP112025:geo:300466bb7a23b49c,EP112025,Kiko,val,2025-09-09 08:30:21+00:00,23.573681794444447,0,True,,26.529541015625,24.97892189025879,19.330528259277344,17.75118064880371,17.30329704284668,21.798627853393555
EP112025:geo:c7bfa9ce15e42b3b,EP112025,Kiko,val,2025-09-09 08:40:21+00:00,23.43078068333333,0,True,,18.28573989868164,17.202144622802734,26.143888473510746,37.92139053344727,41.18207550048828,47.84165954589844
EP112025:geo:4b3505b459bfde38,EP112025,Kiko,val,2025-09-09 08:50:21+00:00,23.287879572222224,0,True,,26.735370635986328,25.16786766052246,19.488296508789062,17.48786163330078,17.0190372467041,21.78053855895996
EP112025:geo:2c05dc94e18e5efa,EP112025,Kiko,val,2025-09-09 09:00:21+00:00,23.144978461111112,0,True,,26.828563690185547,25.296859741210938,19.801368713378903,17.464332580566406,17.00157928466797,21.792110443115234
EP112025:geo:7f5148ddd92e96f8,EP112025,Kiko,val,2025-09-09 09:10:21+00:00,23.00207735,0,True,,26.689054489135746,25.15324783325196,19.709178924560547,17.31886863708496,16.87978744506836,21.80912399291992
EP112025:geo:4c44a143f9bd3a59,EP112025,Kiko,val,2025-09-09 09:20:21+00:00,22.85917623888889,0,True,,26.582592010498047,25.04191970825196,19.67131423950196,17.272769927978516,16.863048553466797,21.83148765563965
EP112025:geo:6d55d56e2ad70f32,EP112025,Kiko,val,2025-09-09 09:30:21+00:00,22.716275127777777,0,True,,26.46712875366211,24.921497344970703,19.62518882751465,17.326486587524414,16.92624855041504,21.8941593170166
EP112025:geo:1d431ee2c44f1749,EP112025,Kiko,val,2025-09-09 09:40:21+00:00,22.57337401666667,0,True,,26.3789005279541,24.82754707336425,19.6142692565918,17.325273513793945,16.93912696838379,21.986644744873047
EP112025:geo:f71ad813c3422466,EP112025,Kiko,val,2025-09-09 09:50:21+00:00,22.43047290555556,0,True,,26.3758487701416,24.81803131103516,19.584415435791016,17.257713317871094,16.874042510986328,22.03108787536621
EP112025:geo:68c462fa40a2604a,EP112025,Kiko,val,2025-09-09 10:00:21+00:00,22.28757179444445,0,True,,26.50189208984375,24.936607360839844,19.55523109436035,17.244089126586914,16.866107940673828,22.04861640930176
EP112025:geo:6d39e4fa9bd04fa5,EP112025,Kiko,val,2025-09-09 10:10:21+00:00,22.14467068333333,0,True,,26.5523681640625,24.97909164428711,19.473352432250977,17.51696014404297,17.122127532958984,22.10519027709961
EP112025:geo:28f42619af13b744,EP112025,Kiko,val,2025-09-09 10:20:21+00:00,22.001769572222223,0,True,,26.60561752319336,25.024377822875977,19.425931930541992,17.91417694091797,17.51318359375,22.18673515319824
EP112025:geo:40f005eb6161163d,EP112025,Kiko,val,2025-09-09 10:30:21+00:00,21.85886846111111,0,True,,26.670997619628903,25.081832885742188,19.394535064697266,18.274433135986328,17.850975036621094,22.246496200561523
EP112025:geo:5ee70fb846fd7d31,EP112025,Kiko,val,2025-09-09 10:40:21+00:00,21.71596735,0,True,,26.74651527404785,25.15003776550293,19.506000518798828,18.506460189819336,18.09114646911621,22.274303436279297
EP112025:geo:a2338ea1537e4847,EP112025,Kiko,val,2025-09-09 10:50:21+00:00,21.573066238888888,0,True,,26.81495857238769,25.211647033691406,19.644052505493164,18.677410125732425,18.27587509155273,22.28309631347656
EP112025:geo:1cb197bc21bb3e08,EP112025,Kiko,val,2025-09-09 11:00:21+00:00,21.430165127777776,0,True,,26.86284637451172,25.253517150878903,19.77095031738281,18.74689102172852,18.354326248168945,22.28203773498535
EP112025:geo:2fdce54cc1329e39,EP112025,Kiko,val,2025-09-09 11:10:21+00:00,21.28726401666667,0,True,,26.898700714111328,25.28465461730957,19.97049140930176,18.808013916015625,18.411964416503903,22.28182601928711
EP112025:geo:4edeca2a17b253bd,EP112025,Kiko,val,2025-09-09 11:20:21+00:00,21.14436290555556,0,True,,26.90857315063477,25.291316986083984,20.134662628173828,18.646202087402344,18.25980567932129,22.28155517578125
EP112025:geo:b1ad34429ad76a44,EP112025,Kiko,val,2025-09-09 11:30:21+00:00,21.001461794444445,0,True,,26.894275665283203,25.27498245239257,20.248973846435547,18.43877601623535,18.05975151062012,22.29901123046875
EP112025:geo:3bc9ade34f2b40e8,EP112025,Kiko,val,2025-09-09 11:40:21+00:00,20.858560683333334,0,True,,26.798770904541016,25.178607940673828,20.365657806396484,18.220088958740234,17.865436553955078,22.30544662475586
EP112025:geo:0b441eef6444502b,EP112025,Kiko,val,2025-09-09 11:50:21+00:00,20.715659572222226,0,True,,26.74914932250977,25.129472732543945,20.49209213256836,18.02183723449707,17.661170959472656,22.325756072998047
EP112025:geo:9327138f9932468d,EP112025,Kiko,val,2025-09-09 12:00:21+00:00,20.57776,0,True,,26.647953033447266,25.03010940551757,20.58712577819824,17.993436813354492,17.622817993164062,22.35628890991211
EP112025:geo:ea646d0a83d232f7,EP112025,Kiko,val,2025-09-09 12:10:21+00:00,20.57776,0,True,,26.48862838745117,24.873519897460938,20.751127243041992,17.957786560058594,17.582239151000977,22.31827735900879
EP112025:geo:9c29f45f389f1e9c,EP112025,Kiko,val,2025-09-09 12:20:21+00:00,20.57776,0,True,,26.38206672668457,24.769794464111328,20.86922836303711,18.058135986328125,17.66336441040039,22.29379653930664
EP112025:geo:21ee593572799377,EP112025,Kiko,val,2025-09-09 12:30:21+00:00,20.57776,0,True,,26.26643753051757,24.658546447753903,21.114147186279297,18.105030059814453,17.692468643188477,22.279523849487305
EP112025:geo:f5f6e7fc44d413cd,EP112025,Kiko,val,2025-09-09 12:40:21+00:00,20.57776,0,True,,26.15694236755371,24.555021286010746,21.279369354248047,18.244203567504883,17.817731857299805,22.23985290527344
EP112025:geo:9592fb8d846f7634,EP112025,Kiko,val,2025-09-09 12:50:21+00:00,20.57776,0,True,,26.53749084472656,24.94294548034668,21.397804260253903,18.369935989379883,17.916906356811523,22.22876739501953
EP112025:geo:442ac3ffccc9008c,EP112025,Kiko,val,2025-09-09 13:00:21+00:00,20.57776,0,True,,27.001371383666992,25.415271759033203,21.44988441467285,18.491077423095703,18.01700782775879,22.22367477416992
EP112025:geo:044012d7805f2c09,EP112025,Kiko,val,2025-09-09 13:10:21+00:00,20.57776,0,True,,27.37497329711914,25.797531127929688,21.493906021118164,18.45773124694824,17.964914321899414,22.213830947875977
EP112025:geo:4115295cce7209c3,EP112025,Kiko,val,2025-09-09 13:20:21+00:00,20.57776,0,True,,27.73922538757324,26.171518325805664,21.476030349731445,18.45187759399414,17.93732261657715,22.2297306060791
EP112025:geo:a5df410e3b871524,EP112025,Kiko,val,2025-09-09 13:30:21+00:00,20.57776,0,True,,28.01160430908203,26.45520782470703,21.53428268432617,18.571748733520508,18.03716278076172,22.261171340942383
EP112025:geo:dd1a9e8bee398c13,EP112025,Kiko,val,2025-09-09 13:40:21+00:00,20.57776,0,True,,28.365909576416016,26.82171630859375,21.638362884521484,18.63132095336914,18.07297134399414,22.21371078491211
EP112025:geo:e2b6ead3b091f75a,EP112025,Kiko,val,2025-09-09 13:50:21+00:00,20.57776,0,True,,28.71242904663086,27.182741165161133,21.54979705810547,18.787487030029297,18.222393035888672,22.16752052307129
EP112025:geo:479e5a105091b9b8,EP112025,Kiko,val,2025-09-09 14:00:21+00:00,20.57776,0,True,,28.93917465209961,27.42487525939941,21.499662399291992,18.9831600189209,18.418397903442383,22.15073204040528
EP112025:geo:f3e06c524a4fce2d,EP112025,Kiko,val,2025-09-09 14:10:21+00:00,20.57776,0,True,,29.166305541992188,27.668794631958008,21.46521759033203,18.93724250793457,18.36476325988769,22.147384643554688
EP112025:geo:db2853e1a586e9d9,EP112025,Kiko,val,2025-09-09 14:20:21+00:00,20.57776,0,True,,29.231353759765625,27.75209045410156,21.45699691772461,19.07832145690918,18.489166259765625,22.11324691772461
EP112025:geo:f67f34e96ed56cc3,EP112025,Kiko,val,2025-09-09 14:30:21+00:00,20.57776,0,True,,29.314695358276367,27.854223251342773,21.48433303833008,19.066938400268555,18.46364402770996,22.09450340270996
EP112025:geo:7460b39c20d1ba9e,EP112025,Kiko,val,2025-09-09 14:40:21+00:00,20.57776,0,True,,29.344173431396484,27.902050018310547,21.433544158935547,19.093095779418945,18.46670913696289,22.101985931396484
EP112025:geo:148430f0a0d97b0a,EP112025,Kiko,val,2025-09-09 14:50:21+00:00,20.57776,0,True,,29.339580535888672,27.915382385253903,21.37865447998047,18.98121452331543,18.32908058166504,22.042877197265625
EP112025:geo:d2a41c4a97e0d5c5,EP112025,Kiko,val,2025-09-09 15:00:21+00:00,20.57776,0,True,,23.350528717041016,21.968822479248047,21.05031967163086,18.958568572998047,18.2675838470459,22.025259017944336
EP112025:geo:14861c2d9f990af9,EP112025,Kiko,val,2025-09-09 15:10:21+00:00,20.57776,0,True,,23.3839111328125,22.01760482788086,21.134735107421875,18.93288803100586,18.20121192932129,22.014646530151367
EP112025:geo:49bf2a72b68a5764,EP112025,Kiko,val,2025-09-09 15:20:21+00:00,20.57776,0,True,,23.33487129211425,21.98366355895996,21.232181549072266,18.834896087646484,18.05778884887696,21.982690811157227
EP112025:geo:489a96026c0be5e1,EP112025,Kiko,val,2025-09-09 15:30:21+00:00,20.57776,0,True,,23.294828414916992,21.959148406982425,21.254913330078125,18.67734718322754,17.86555290222168,21.95878219604492
EP112025:geo:27757220abee272f,EP112025,Kiko,val,2025-09-09 15:40:21+00:00,20.57776,0,True,,23.23656463623047,21.9156494140625,21.11528778076172,18.497478485107425,17.663894653320312,21.96186828613281
EP112025:geo:115d8d6f23a46ff5,EP112025,Kiko,val,2025-09-09 15:50:21+00:00,20.57776,0,True,,23.185768127441406,21.87945556640625,20.97105598449707,18.42420196533203,17.573959350585938,21.9554443359375
EP112025:geo:2cbab8c4bd1bbf38,EP112025,Kiko,val,2025-09-09 16:00:21+00:00,20.57776,0,True,,23.19538688659668,21.90334892272949,20.92802047729492,18.310279846191406,17.425996780395508,21.965625762939453
EP112025:geo:31670363244a5bfd,EP112025,Kiko,val,2025-09-09 16:10:21+00:00,20.57776,0,True,,23.258930206298828,21.98172950744629,20.868560791015625,17.686992645263672,16.718019485473633,21.99266624450684
EP112025:geo:e9e777464ef902ae,EP112025,Kiko,val,2025-09-09 16:20:21+00:00,20.57776,0,True,,23.362892150878903,22.100812911987305,20.696138381958008,16.773473739624023,15.774630546569824,21.995250701904297
EP112025:geo:7ec10d39816d2786,EP112025,Kiko,val,2025-09-09 16:30:21+00:00,20.57776,0,True,,23.43021583557129,22.18381690979004,20.581844329833984,16.442041397094727,15.469717979431152,21.94978904724121
EP112025:geo:dfe2fca567291b73,EP112025,Kiko,val,2025-09-09 16:40:21+00:00,20.57776,0,True,,23.494216918945312,22.265480041503903,20.481014251708984,16.364511489868164,15.426599502563477,21.92914772033692
EP112025:geo:3624ff156e76a722,EP112025,Kiko,val,2025-09-09 16:50:21+00:00,20.57776,0,True,,23.50160217285156,22.29108238220215,20.413742065429688,16.343914031982422,15.468706130981444,21.90485000610352
EP112025:geo:4a0f607842a49fb9,EP112025,Kiko,val,2025-09-09 17:00:21+00:00,20.57776,0,True,,23.58154296875,22.389863967895508,20.35600852966309,16.411794662475586,15.61108684539795,21.8579330444336
EP112025:geo:e2b1d120b3afbe16,EP112025,Kiko,val,2025-09-09 17:10:21+00:00,20.57776,0,True,,23.71357727050781,22.54266357421875,20.325925827026367,16.467912673950195,15.744895935058594,21.81675148010254
EP112025:geo:bda1a9ce3ebcda85,EP112025,Kiko,val,2025-09-09 17:20:21+00:00,20.57776,0,True,,23.82862091064453,22.68101501464844,20.30027961730957,16.490459442138672,15.848348617553713,21.765323638916016
EP112025:geo:c9b919d2d759b466,EP112025,Kiko,val,2025-09-09 17:30:21+00:00,20.57776,0,True,,23.9179630279541,22.794204711914062,20.37367820739746,16.637157440185547,16.08455467224121,21.717506408691406
EP112025:geo:64e3cc4089dc8044,EP112025,Kiko,val,2025-09-09 17:40:21+00:00,20.57776,0,True,,23.988224029541016,22.89055824279785,20.464311599731445,16.731651306152344,16.2836971282959,21.677677154541016
EP112025:geo:0487f52d22cf5bb9,EP112025,Kiko,val,2025-09-09 17:50:21+00:00,20.57776,0,True,,24.248401641845703,23.17922019958496,20.578876495361328,16.73672103881836,16.39973258972168,21.64076042175293
EP112025:geo:b1d252b9f73bcd8e,EP112025,Kiko,val,2025-09-09 18:00:21+00:00,20.57575938444445,0,True,,24.50827407836914,23.46847152709961,20.735408782958984,16.680278778076172,16.465553283691406,21.606590270996094
EP112025:geo:0861f2707ef299e5,EP112025,Kiko,val,2025-09-09 18:10:21+00:00,20.51859894,0,True,,24.75044631958008,23.7408390045166,20.967693328857425,16.591106414794922,16.496177673339844,21.608720779418945
EP112025:geo:09e2c7e903e079d5,EP112025,Kiko,val,2025-09-09 18:20:21+00:00,20.46143849555556,0,True,,25.03338623046875,24.05539321899414,21.24341011047364,16.508769989013672,16.5377254486084,21.60492515563965
EP112025:geo:27b253c1480dedbc,EP112025,Kiko,val,2025-09-09 18:30:21+00:00,20.40427805111111,0,True,,25.28228187561035,24.333660125732425,21.838308334350582,16.364151000976562,16.535259246826172,21.592117309570312
EP112025:geo:cc1460458f904ec3,EP112025,Kiko,val,2025-09-09 18:40:21+00:00,20.347117606666668,0,True,,25.503990173339844,24.588897705078125,22.17759895324707,16.248615264892578,16.567138671875,21.57842254638672
EP112025:geo:15f60f83a19470b9,EP112025,Kiko,val,2025-09-09 18:50:21+00:00,20.289957162222223,0,True,,25.7188720703125,24.83714485168457,22.623897552490234,16.112293243408203,16.567235946655273,21.582782745361328
EP112025:geo:d84ddf35425d5bcf,EP112025,Kiko,val,2025-09-09 19:00:21+00:00,20.23279671777778,0,True,,25.95099258422852,25.108049392700195,22.96592140197754,16.11590003967285,16.722579956054688,21.60292625427246
EP112025:geo:4470ee4f35b49c74,EP112025,Kiko,val,2025-09-09 19:10:21+00:00,20.17563627333333,0,True,,26.162267684936523,25.35708999633789,23.51388931274414,16.238170623779297,16.97197914123535,21.61612701416016
EP112025:geo:dff2333c0efd7075,EP112025,Kiko,val,2025-09-09 19:20:21+00:00,20.118475828888887,0,True,,26.30089569091797,25.532655715942383,23.84029769897461,16.406814575195312,17.270618438720703,21.61693572998047
EP112025:geo:347408e9acd8a4f9,EP112025,Kiko,val,2025-09-09 19:30:21+00:00,20.061315384444445,0,True,,26.43116569519043,25.70366668701172,24.19456672668457,16.558931350708008,17.546268463134766,21.63088607788086
EP112025:geo:cc9e71ebe68f915b,EP112025,Kiko,val,2025-09-09 19:40:21+00:00,20.00415494,0,True,,26.583473205566406,25.89698028564453,24.25916862487793,16.651426315307617,17.781024932861328,21.661449432373047
EP112025:geo:ec49914b55595a06,EP112025,Kiko,val,2025-09-09 19:50:21+00:00,19.94699449555556,0,True,,26.69541549682617,26.05037879943848,24.588775634765625,16.63752555847168,17.91147804260254,21.68488311767578
EP112025:geo:74bc0613ffb47e9d,EP112025,Kiko,val,2025-09-09 20:00:21+00:00,19.889834051111112,0,True,,26.75753593444824,26.14514923095703,24.6529483795166,16.738529205322266,18.16396713256836,21.695295333862305
EP112025:geo:2727a97a872b03c5,EP112025,Kiko,val,2025-09-09 20:10:21+00:00,19.832673606666667,0,True,,26.837520599365234,26.26182556152344,24.841629028320312,16.768280029296875,18.341930389404297,21.707195281982425
EP112025:geo:65ba15e33fcf5175,EP112025,Kiko,val,2025-09-09 20:20:21+00:00,19.77551316222222,0,True,,26.90868186950684,26.362024307250977,25.07905960083008,16.86945152282715,18.59112930297852,21.71262550354004
EP112025:geo:255c6d474c5d3d0f,EP112025,Kiko,val,2025-09-09 20:30:21+00:00,19.71835271777778,0,True,,26.99001693725586,26.476531982421875,25.172088623046875,17.030670166015625,18.9012451171875,21.71872329711914
EP112025:geo:ad1164fa2c59b24e,EP112025,Kiko,val,2025-09-09 20:40:21+00:00,19.66119227333333,0,True,,27.0858154296875,26.59214210510254,25.33769989013672,17.03592300415039,19.02985954284668,21.77338218688965
EP112025:geo:03d4f16f59577dc4,EP112025,Kiko,val,2025-09-09 20:50:21+00:00,19.60403182888889,0,True,,27.18878173828125,26.71230697631836,25.40974807739257,16.97231674194336,19.10024642944336,21.77953338623047
EP112025:geo:2c986f633e224436,EP112025,Kiko,val,2025-09-09 21:00:21+00:00,19.545871076666668,0,True,,22.26835250854492,21.797082901000977,19.262075424194336,16.96409034729004,19.22586250305176,21.78862762451172
EP112025:geo:77ef61807373b4c0,EP112025,Kiko,val,2025-09-09 21:10:21+00:00,19.46013041,0,True,,22.22091293334961,21.743667602539062,19.2790756225586,17.099700927734375,19.485599517822266,21.78238296508789
EP112025:geo:d2407126883aec55,EP112025,Kiko,val,2025-09-09 21:20:21+00:00,19.37438974333333,0,True,,22.168846130371094,21.68096160888672,19.293190002441406,17.312410354614258,19.798572540283203,21.77492904663086
EP112025:geo:d84a65ce47e9479a,EP112025,Kiko,val,2025-09-09 21:30:21+00:00,19.288649076666665,0,True,,22.08016967773437,21.58509635925293,19.13605499267578,17.642406463623047,20.22200393676757,21.61576271057129
EP112025:geo:1e62558c7ab71855,EP112025,Kiko,val,2025-09-09 21:40:21+00:00,19.20290841,0,True,,21.988555908203125,21.488920211791992,18.85554885864257,17.99881362915039,20.668148040771484,21.43122100830078
EP112025:geo:0b0c816750f2f9b1,EP112025,Kiko,val,2025-09-09 21:50:21+00:00,19.117167743333336,0,True,,21.915424346923828,21.41238212585449,18.59920883178711,18.22781562805176,20.96957397460937,21.372299194335938
EP112025:geo:ffa30b84b20142b0,EP112025,Kiko,val,2025-09-09 22:00:21+00:00,19.031427076666667,0,True,,21.816699981689453,21.31211280822754,18.64714813232422,18.777931213378903,21.583038330078125,21.555286407470703
EP112025:geo:0f2860bea2169b41,EP112025,Kiko,val,2025-09-09 22:10:21+00:00,18.94568641,0,True,,21.73622131347656,21.230430603027344,18.80264663696289,19.33551597595215,22.206850051879883,21.516620635986328
EP112025:geo:f6506a868869da69,EP112025,Kiko,val,2025-09-09 22:20:21+00:00,18.85994574333333,0,True,,21.649532318115234,21.14219284057617,18.865137100219727,19.73169708251953,22.63458824157715,21.50299644470215
EP112025:geo:7ddca90eeabc7cd1,EP112025,Kiko,val,2025-09-09 22:30:21+00:00,18.774205076666668,0,True,,21.57114028930664,21.06455421447754,18.8025016784668,19.97262954711914,22.9263858795166,21.53501510620117
EP112025:geo:25f219fcc0b3686c,EP112025,Kiko,val,2025-09-09 22:40:21+00:00,18.68846441,0,True,,21.472225189208984,20.96564292907715,18.71420669555664,20.329240798950195,23.316648483276367,21.63388442993164
EP112025:geo:b436f52bb5003574,EP112025,Kiko,val,2025-09-09 22:50:21+00:00,18.60272374333333,0,True,,21.34933090209961,20.844438552856445,18.71332550048828,20.62396049499512,23.63374328613281,21.787517547607425
EP112025:geo:5808ef73d468be73,EP112025,Kiko,val,2025-09-09 23:00:21+00:00,18.516983076666666,0,True,,21.196922302246094,20.69087791442871,18.903076171875,20.89624786376953,23.93121337890625,21.944374084472656
EP112025:geo:e3d2b6b1e139ae00,EP112025,Kiko,val,2025-09-09 23:10:21+00:00,18.43124241,0,True,,21.021530151367188,20.51673126220703,19.02245712280273,21.357318878173828,24.41275405883789,21.97972679138184
EP112025:geo:8e08a9f004193cb2,EP112025,Kiko,val,2025-09-09 23:20:21+00:00,18.345501743333337,0,True,,20.847299575805664,20.34507369995117,19.11844253540039,21.788976669311523,24.88713836669922,21.73151588439941
EP112025:geo:39d58a89decb3440,EP112025,Kiko,val,2025-09-09 23:30:21+00:00,18.259761076666667,0,True,,20.6037712097168,20.10197257995605,19.282432556152344,22.22430992126465,25.35362243652344,21.471485137939453
EP112025:geo:725a99306595fcef,EP112025,Kiko,val,2025-09-09 23:40:21+00:00,18.17402041,0,True,,20.28546714782715,19.784746170043945,19.36661529541016,22.662315368652344,25.85776138305664,21.458251953125
EP112025:geo:f0c4305807d8f3c3,EP112025,Kiko,val,2025-09-09 23:50:21+00:00,18.08827974333333,0,True,,19.901268005371094,19.401439666748047,19.30060577392578,23.18121719360352,26.37942123413086,21.649375915527344
EP112025:geo:070b147043b28465,EP112025,Kiko,val,2025-09-10 00:00:21+00:00,18.00554,0,True,,20.429203033447266,19.929086685180664,19.27410697937012,23.541973114013672,26.7415828704834,21.727439880371094
EP112025:geo:7d5f4d08e652e92e,EP112025,Kiko,val,2025-09-10 00:10:21+00:00,18.00554,0,True,,20.49332618713379,19.99358367919922,19.298688888549805,23.771240234375,26.932626724243164,21.581039428710938
EP112025:geo:e3742be0920fe960,EP112025,Kiko,val,2025-09-10 00:20:21+00:00,18.00554,0,True,,20.83793258666992,20.335281372070312,19.33258819580078,24.29392433166504,27.46117210388184,21.244525909423828
EP112025:geo:d27ae1abab60e5d4,EP112025,Kiko,val,2025-09-10 00:30:21+00:00,18.00554,0,True,,21.53066062927246,21.022315979003903,19.33596420288086,24.61176300048828,27.7724838256836,20.980918884277344
EP112025:geo:f72bb67105217b78,EP112025,Kiko,val,2025-09-10 00:40:21+00:00,18.00554,0,True,,22.525447845458984,22.01272201538086,19.376190185546875,25.141212463378903,28.25314712524414,20.95789909362793
EP112025:geo:d7fc4c05b4acdc10,EP112025,Kiko,val,2025-09-10 00:50:21+00:00,18.00554,0,True,,23.34718132019043,22.831960678100582,19.15045547485352,25.6839542388916,28.72725296020508,20.86756134033203
EP112025:geo:56600ef4c951324b,EP112025,Kiko,val,2025-09-10 01:00:21+00:00,18.00554,0,True,,23.87397575378418,23.3516788482666,19.08420181274414,26.412309646606445,29.4130859375,20.871187210083008
EP112025:geo:755f10404bb80a2d,EP112025,Kiko,val,2025-09-10 01:10:21+00:00,18.00554,0,True,,24.077953338623047,23.552061080932617,19.284757614135746,26.88397979736328,29.881465911865234,20.90956115722656
EP112025:geo:7c73b35cd4772673,EP112025,Kiko,val,2025-09-10 01:20:21+00:00,18.00554,0,True,,23.64696311950684,23.107887268066406,19.381742477416992,27.13460731506348,30.01370048522949,21.15741920471192
EP112025:geo:6cc073887fa1f26c,EP112025,Kiko,val,2025-09-10 01:30:21+00:00,18.00554,0,True,,23.10633659362793,22.55803871154785,19.73603057861328,27.28797149658203,29.885040283203125,21.405860900878903
EP112025:geo:2fb60f7ad2354252,EP112025,Kiko,val,2025-09-10 01:40:21+00:00,18.00554,0,True,,22.951148986816406,22.39365005493164,19.737682342529297,27.707260131835938,30.129337310791016,21.56760025024414
EP112025:geo:ee174440af78d3de,EP112025,Kiko,val,2025-09-10 01:50:21+00:00,18.00554,0,True,,23.096630096435547,22.52450561523437,19.848159790039062,27.945554733276367,30.23860549926757,21.677873611450195
EP112025:geo:0993e9fd2ba42fe4,EP112025,Kiko,val,2025-09-10 02:00:21+00:00,18.00554,0,True,,22.869665145874023,22.284143447875977,19.847156524658203,28.055131912231445,30.212621688842773,21.58219146728516
EP112025:geo:53f96de041c023fa,EP112025,Kiko,val,2025-09-10 02:10:21+00:00,18.00554,0,True,,22.68305206298828,22.083038330078125,19.815813064575195,28.14509010314941,30.179288864135746,21.397781372070312
EP112025:geo:be951fdb9e03123b,EP112025,Kiko,val,2025-09-10 02:20:21+00:00,18.00554,0,True,,22.653438568115234,22.045717239379883,19.87844467163086,27.901996612548828,29.81247901916504,21.36380195617676
EP112025:geo:a419e825af8b8d63,EP112025,Kiko,val,2025-09-10 02:30:21+00:00,18.00554,0,True,,22.637420654296875,22.01935577392578,20.0490779876709,27.74689674377441,29.52729225158692,21.35775184631348
EP112025:geo:4fc1aac277779539,EP112025,Kiko,val,2025-09-10 02:40:21+00:00,18.00554,0,True,,22.775922775268555,22.147661209106445,19.99936866760254,27.54731178283692,29.177719116210938,21.512836456298828
EP112025:geo:d9696c42eac06703,EP112025,Kiko,val,2025-09-10 02:50:21+00:00,18.00554,0,True,,22.98295211791992,22.34019470214844,20.006208419799805,27.15827178955078,28.56024169921875,21.60375595092773
EP112025:geo:807e641d1f3c8467,EP112025,Kiko,val,2025-09-10 03:00:21+00:00,18.00554,0,True,,25.01414680480957,24.342941284179688,19.174224853515625,26.67111587524414,27.863460540771484,21.55656623840332
EP112025:geo:12ac13a4622c1e2d,EP112025,Kiko,val,2025-09-10 03:10:21+00:00,18.00554,0,True,,24.682849884033203,23.99100685119629,19.091854095458984,25.82344627380371,26.80620765686035,21.505067825317383
EP112025:geo:9b38278926219630,EP112025,Kiko,val,2025-09-10 03:20:21+00:00,18.00554,0,True,,24.03278923034668,23.32391166687012,18.884157180786133,24.665802001953125,25.452693939208984,21.482009887695312
EP112025:geo:437e492d2b54d8ec,EP112025,Kiko,val,2025-09-10 03:30:21+00:00,18.00554,0,True,,23.204570770263672,22.47250938415528,18.873815536499023,23.477933883666992,24.110429763793945,21.525848388671875
EP112025:geo:b69216c7d1fa3776,EP112025,Kiko,val,2025-09-10 03:40:21+00:00,18.00554,0,True,,21.53986930847168,20.78632354736328,18.89568519592285,22.411062240600582,22.93634414672852,21.65932273864746
EP112025:geo:3c4805f190d00350,EP112025,Kiko,val,2025-09-10 03:50:21+00:00,18.00554,0,True,,19.67068099975586,18.892322540283203,18.961301803588867,20.92531967163086,21.416725158691406,21.922964096069336
EP112025:geo:8f2c6d7897f75a90,EP112025,Kiko,val,2025-09-10 04:00:21+00:00,18.00554,0,True,,17.926708221435547,17.121320724487305,18.916868209838867,19.38982391357422,19.949295043945312,21.95266342163086
EP112025:geo:ccd24211c3806167,EP112025,Kiko,val,2025-09-10 04:10:21+00:00,18.00554,0,True,,16.956090927124023,16.123981475830078,18.92528915405273,19.45946884155273,20.03632926940918,22.02395248413086
EP112025:geo:f32e8da18591afad,EP112025,Kiko,val,2025-09-10 04:20:21+00:00,18.00554,0,True,,16.524276733398438,15.662166595458984,18.92644119262696,20.07198143005371,20.675678253173828,22.062929153442383
EP112025:geo:cef2c44c7f0a35d0,EP112025,Kiko,val,2025-09-10 04:30:21+00:00,18.00554,0,True,,16.356643676757812,15.465298652648926,18.89690017700196,20.144981384277344,20.735973358154297,22.109764099121094
EP112025:geo:b7ea3502c8994b71,EP112025,Kiko,val,2025-09-10 04:40:21+00:00,18.00554,0,True,,16.298015594482422,15.379095077514648,18.82990455627441,20.02397918701172,20.581205368041992,22.05211067199707
EP112025:geo:c20aea6520534548,EP112025,Kiko,val,2025-09-10 04:50:21+00:00,18.00554,0,True,,16.213459014892578,15.268648147583008,18.771221160888672,19.89860343933105,20.40732955932617,22.0782413482666
EP112025:geo:a0ddd74f0a3e9218,EP112025,Kiko,val,2025-09-10 05:00:21+00:00,18.00554,0,True,,16.06161880493164,15.090957641601562,18.606319427490234,19.453445434570312,19.92100524902344,22.03720474243164
EP112025:geo:1fe6c3632a9deea2,EP112025,Kiko,val,2025-09-10 05:10:21+00:00,18.00554,0,True,,15.953393936157228,14.959001541137695,18.54839324951172,18.961896896362305,19.406736373901367,22.001270294189453
EP112025:geo:c4e4de65f99b03c2,EP112025,Kiko,val,2025-09-10 05:20:21+00:00,18.00554,0,True,,15.96414566040039,14.94590187072754,18.541481018066406,19.02017402648925,19.43600082397461,21.93458366394043
EP112025:geo:79c389cdcdb51766,EP112025,Kiko,val,2025-09-10 05:30:21+00:00,18.00554,0,True,,15.940670013427734,14.899421691894531,18.431114196777344,18.957725524902344,19.35192108154297,21.90438461303711
EP112025:geo:c5d9b20102b97297,EP112025,Kiko,val,2025-09-10 05:40:21+00:00,18.00554,0,True,,15.82113265991211,14.759418487548828,18.411460876464844,18.51668930053711,18.885854721069336,21.905033111572266
EP112025:geo:ba7d825a9abe3f4c,EP112025,Kiko,val,2025-09-10 05:50:21+00:00,18.00554,0,True,,15.671232223510742,14.588558197021484,18.405128479003903,18.235536575317383,18.549480438232425,21.89891815185547
EP112025:geo:b56439ca759e4489,EP112025,Kiko,val,2025-09-10 06:00:21+00:00,18.003539384444444,0,True,,15.480783462524414,14.378371238708496,18.39810562133789,18.139223098754883,18.396778106689453,21.85961532592773
EP112025:geo:0062000fd4a08743,EP112025,Kiko,val,2025-09-10 06:10:21+00:00,17.94637894,0,True,,15.359188079833984,14.236836433410645,18.34442138671875,18.06633758544922,18.257598876953125,21.771982192993164
EP112025:geo:8b929d2f3d73e044,EP112025,Kiko,val,2025-09-10 06:20:21+00:00,17.889218495555557,0,True,,15.27085304260254,14.12843418121338,18.242019653320312,18.057580947875977,18.196720123291016,21.684057235717773
EP112025:geo:97cc5c9029adcd21,EP112025,Kiko,val,2025-09-10 06:30:21+00:00,17.83205805111111,0,True,,15.21409511566162,14.055328369140623,18.1480712890625,17.791824340820312,17.86922836303711,21.60999298095703
EP112025:geo:35cc2a500fdbecc6,EP112025,Kiko,val,2025-09-10 06:40:21+00:00,17.77489760666667,0,True,,15.15273666381836,13.976573944091797,18.09710693359375,17.162254333496094,17.166122436523438,21.55599594116211
EP112025:geo:e24173eed63a9196,EP112025,Kiko,val,2025-09-10 06:50:21+00:00,17.71773716222222,0,True,,15.08347988128662,13.891488075256348,18.10164451599121,16.282651901245117,16.207908630371094,21.51052474975586
EP112025:geo:bc9357030fe76d47,EP112025,Kiko,val,2025-09-10 07:00:21+00:00,17.66057671777778,0,True,,14.99932861328125,13.791626930236816,18.203590393066406,15.542000770568848,15.385323524475098,21.487394332885746
EP112025:geo:ffc85278b0d11e42,EP112025,Kiko,val,2025-09-10 07:10:21+00:00,17.603416273333334,0,True,,14.935824394226074,13.712138175964355,18.301902770996094,15.264521598815918,15.056326866149902,21.47809410095215
EP112025:geo:7adffb05dab11b2a,EP112025,Kiko,val,2025-09-10 07:20:21+00:00,17.54625582888889,0,True,,14.895879745483398,13.658424377441406,18.33418846130371,15.127969741821287,14.884709358215332,21.48786735534668
EP112025:geo:c1ff9850adadb56f,EP112025,Kiko,val,2025-09-10 07:30:21+00:00,17.489095384444447,-1,True,,14.838504791259766,13.586366653442385,18.39194869995117,15.082825660705566,14.815265655517578,21.48625373840332
EP112025:geo:64150f863622360d,EP112025,Kiko,val,2025-09-10 07:40:21+00:00,17.431934939999998,-1,True,,14.805524826049805,13.539188385009766,18.5506591796875,14.95107078552246,14.660093307495115,21.510591506958008
EP112025:geo:654975e39ca8faf1,EP112025,Kiko,val,2025-09-10 07:50:21+00:00,17.374774495555556,-1,True,,14.74841022491455,13.469154357910156,18.57072639465332,14.666844367980955,14.360517501831056,21.52589607238769
EP112025:geo:fe318e9786f299da,EP112025,Kiko,val,2025-09-10 08:00:21+00:00,17.31761405111111,-1,True,,14.744028091430664,13.451864242553713,18.53184509277344,14.694544792175291,14.378628730773926,21.557106018066406
EP112025:geo:cd2a05352132e14a,EP112025,Kiko,val,2025-09-10 08:10:21+00:00,17.26045360666667,-1,True,,14.793737411499023,13.490072250366213,18.55205345153809,14.598902702331545,14.2769775390625,21.584753036499023
EP112025:geo:429b9f7b8b156dcb,EP112025,Kiko,val,2025-09-10 08:20:21+00:00,17.203293162222224,-1,True,,14.788277626037598,13.47421169281006,18.466123580932617,14.468276023864746,14.135202407836914,21.608896255493164
EP112025:geo:4b91c5bfa21b77ed,EP112025,Kiko,val,2025-09-10 08:30:21+00:00,17.14613271777778,-1,True,,14.83492946624756,13.51048469543457,18.466779708862305,14.319397926330566,13.986420631408691,21.648168563842773
EP112025:geo:9a3bed1dea8f946b,EP112025,Kiko,val,2025-09-10 08:40:21+00:00,17.088972273333333,-1,False,no_valid_pixel_after_center_crop,,,,,,
EP112025:geo:2e9ac830369003e8,EP112025,Kiko,val,2025-09-10 08:50:21+00:00,17.031811828888888,-1,True,,15.028940200805664,13.684840202331545,18.426647186279297,14.182031631469728,13.835659980773926,21.731348037719727
EP112025:geo:c991a6b95b742046,EP112025,Kiko,val,2025-09-10 09:00:21+00:00,16.973651076666666,-1,True,,13.709056854248049,12.397555351257324,18.211483001708984,14.132490158081056,13.783480644226074,21.777454376220703
EP112025:geo:aedfc31d2866b832,EP112025,Kiko,val,2025-09-10 09:10:21+00:00,16.88791041,-1,True,,13.725744247436523,12.405916213989258,18.163768768310547,14.042040824890137,13.683164596557615,21.811798095703125
EP112025:geo:0139e32ccf34587b,EP112025,Kiko,val,2025-09-10 09:20:21+00:00,16.802169743333334,-1,True,,13.703929901123049,12.376687049865724,18.15411376953125,13.800539016723633,13.440810203552246,21.839332580566406
EP112025:geo:1c079a732d30f937,EP112025,Kiko,val,2025-09-10 09:30:21+00:00,16.716429076666667,-1,True,,13.68435764312744,12.349287033081056,18.121238708496094,13.735067367553713,13.376558303833008,21.870502471923828
EP112025:geo:5e92e89e6ce74fa6,EP112025,Kiko,val,2025-09-10 09:40:21+00:00,16.63068841,-1,True,,13.662749290466309,12.321651458740234,18.188859939575195,13.53332233428955,13.174579620361328,21.938461303710938
EP112025:geo:92bc189226fa15ab,EP112025,Kiko,val,2025-09-10 09:50:21+00:00,16.544947743333335,-1,True,,13.625017166137695,12.276735305786133,18.295717239379883,13.519577980041504,13.157307624816896,21.995960235595703
EP112025:geo:59bae3a4320d8306,EP112025,Kiko,val,2025-09-10 10:00:21+00:00,16.459207076666665,-1,True,,13.590738296508787,12.235126495361328,18.256977081298828,13.691009521484377,13.320585250854492,22.03936004638672
EP112025:geo:69dcb721b8663ef4,EP112025,Kiko,val,2025-09-10 10:10:21+00:00,16.37346641,-1,True,,13.562315940856934,12.200485229492188,18.29055404663086,13.682756423950195,13.294090270996094,22.08677673339844
EP112025:geo:167e4a219baa93d6,EP112025,Kiko,val,2025-09-10 10:20:21+00:00,16.287725743333333,-1,True,,13.52869987487793,12.16102409362793,18.33870315551757,13.508302688598633,13.085000991821287,22.13517951965332
EP112025:geo:4ebf987a1c4fe3a0,EP112025,Kiko,val,2025-09-10 10:30:21+00:00,16.201985076666666,-1,True,,13.522109031677246,12.147911071777344,18.34910011291504,14.868271827697754,14.399018287658691,22.1705322265625
EP112025:geo:c285aaa6464e5536,EP112025,Kiko,val,2025-09-10 10:40:21+00:00,16.11624441,-1,True,,13.522309303283691,12.142545700073242,18.34464836120605,15.400596618652344,14.895750045776367,22.21402359008789
EP112025:geo:d3f884360edd7359,EP112025,Kiko,val,2025-09-10 10:50:21+00:00,16.030503743333334,-1,True,,13.500712394714355,12.115965843200684,18.21400260925293,15.83425998687744,15.300840377807615,22.24475860595703
EP112025:geo:abc7ddaff3e01a5f,EP112025,Kiko,val,2025-09-10 11:00:21+00:00,15.944763076666666,-1,True,,13.49839973449707,12.10881805419922,18.23083877563477,16.237567901611328,15.66743278503418,22.29341506958008
EP112025:geo:0d8c893f0dc3a787,EP112025,Kiko,val,2025-09-10 11:10:21+00:00,15.85902241,-1,True,,13.483443260192873,12.089401245117188,18.070327758789062,16.39930534362793,15.799894332885742,22.337541580200195
EP112025:geo:74a2f03cc4368a53,EP112025,Kiko,val,2025-09-10 11:20:21+00:00,15.773281743333332,-1,True,,13.46558666229248,12.067612648010254,18.09430694580078,16.374526977539062,15.755531311035156,22.370420455932617
EP112025:geo:e3415f44f1cf9c51,EP112025,Kiko,val,2025-09-10 11:30:21+00:00,15.687541076666664,-1,True,,13.448904037475586,12.047642707824709,18.05304336547852,16.442216873168945,15.806361198425291,22.402175903320312
EP112025:geo:3adcc61299e401fb,EP112025,Kiko,val,2025-09-10 11:40:21+00:00,15.60180041,-1,True,,13.417683601379396,12.0132417678833,17.967792510986328,16.10898780822754,15.456475257873535,22.426061630249023
EP112025:geo:d5fe2ae0d3a00476,EP112025,Kiko,val,2025-09-10 11:50:21+00:00,15.516059743333331,-1,True,,13.38641357421875,11.980546951293944,17.966154098510742,16.305362701416016,15.641757011413574,22.44997978210449
EP112025:geo:c32303c6081e8a3a,EP112025,Kiko,val,2025-09-10 12:00:21+00:00,15.43332,-1,True,,13.356056213378906,11.947518348693848,17.969680786132812,16.326303482055664,15.65628433227539,22.45565795898437
EP112025:geo:c550e139062de4f6,EP112025,Kiko,val,2025-09-10 12:10:21+00:00,15.43332,-1,True,,13.346176147460938,11.937410354614258,17.931705474853516,16.045068740844727,15.37003231048584,22.47452545166016
EP112025:geo:19abb89c662b7fb8,EP112025,Kiko,val,2025-09-10 12:20:21+00:00,15.43332,-1,True,,13.343375205993652,11.935193061828612,17.819252014160156,15.871818542480469,15.184821128845217,22.496362686157227
EP112025:geo:ed78df2bb7b365af,EP112025,Kiko,val,2025-09-10 12:30:21+00:00,15.43332,-1,True,,13.320544242858888,11.912558555603027,17.84677505493164,15.974417686462402,15.27179718017578,22.480337142944336
EP112025:geo:36cb6262c0b523df,EP112025,Kiko,val,2025-09-10 12:40:21+00:00,15.43332,-1,True,,13.310653686523438,11.903643608093262,17.806442260742188,16.214855194091797,15.490885734558104,22.458511352539062
EP112025:geo:566e03b1f00b003f,EP112025,Kiko,val,2025-09-10 12:50:21+00:00,15.43332,-1,True,,13.381062507629396,11.976014137268066,17.887666702270508,16.481311798095703,15.748045921325684,22.43692970275879
EP112025:geo:aea8693f7cabde96,EP112025,Kiko,val,2025-09-10 13:00:21+00:00,15.43332,-1,True,,13.57475471496582,12.172041893005373,18.13510513305664,16.82411003112793,16.087512969970703,22.41318893432617
EP112025:geo:fd5b5f5e642bab59,EP112025,Kiko,val,2025-09-10 13:10:21+00:00,15.43332,-1,True,,13.805557250976562,12.407084465026855,18.35128402709961,17.16533088684082,16.424903869628906,22.41839027404785
EP112025:geo:6432ca7e927dd224,EP112025,Kiko,val,2025-09-10 13:20:21+00:00,15.43332,-1,True,,14.114147186279297,12.719779014587402,18.558738708496094,17.417842864990234,16.66559600830078,22.39778709411621
EP112025:geo:2f906f86ed94de1b,EP112025,Kiko,val,2025-09-10 13:30:21+00:00,15.43332,-1,True,,14.420954704284668,13.033700942993164,18.59032821655273,17.59614372253418,16.827425003051758,22.34361457824707
EP112025:geo:acadf00e967a4ce0,EP112025,Kiko,val,2025-09-10 13:40:21+00:00,15.43332,-1,True,,14.73330307006836,13.35285186767578,18.607685089111328,17.456811904907227,16.676471710205078,22.339393615722656
EP112025:geo:87b34a5fed17f161,EP112025,Kiko,val,2025-09-10 13:50:21+00:00,15.43332,-1,True,,15.084548950195312,13.711228370666504,18.596065521240234,17.208106994628906,16.40301513671875,22.3575496673584
EP112025:geo:48091812216f6c68,EP112025,Kiko,val,2025-09-10 14:00:21+00:00,15.43332,-1,True,,15.356633186340332,13.992302894592283,18.64271545410156,16.617097854614258,15.785670280456545,22.36733627319336
EP112025:geo:619d669f9df54762,EP112025,Kiko,val,2025-09-10 14:10:21+00:00,15.43332,-1,True,,15.676886558532717,14.322468757629396,18.630523681640625,15.878583908081056,15.01777172088623,22.37626838684082
EP112025:geo:1143addff4be6e3c,EP112025,Kiko,val,2025-09-10 14:20:21+00:00,15.43332,-1,True,,16.011920928955078,14.667974472045898,18.62202453613281,15.510480880737305,14.626895904541016,22.3547592163086
EP112025:geo:f124e5747525482f,EP112025,Kiko,val,2025-09-10 14:30:21+00:00,15.43332,-1,True,,16.38414764404297,15.051772117614746,18.597644805908203,14.877751350402832,13.967887878417969,22.34109115600586
EP112025:geo:f667192d4af279b0,EP112025,Kiko,val,2025-09-10 14:40:21+00:00,15.43332,-1,True,,16.786767959594727,15.467966079711914,18.56797790527344,14.423015594482422,13.495209693908691,22.354219436645508
EP112025:geo:b1186c8e560cb745,EP112025,Kiko,val,2025-09-10 14:50:21+00:00,15.43332,-1,True,,17.16133689880371,15.856267929077148,18.464258193969727,14.31018352508545,13.367037773132324,22.33555221557617
EP112025:geo:75bb6d9ed04c37c7,EP112025,Kiko,val,2025-09-10 15:00:21+00:00,15.43332,-1,True,,17.582063674926758,16.292024612426758,18.46087646484375,14.21800422668457,13.27341079711914,22.348297119140625
EP112025:geo:c3f50f45a3499042,EP112025,Kiko,val,2025-09-10 15:10:21+00:00,15.43332,-1,True,,17.992755889892578,16.718339920043945,18.51435279846192,14.244454383850098,13.2877779006958,22.33368682861328
EP112025:geo:e8d151d2adb670e4,EP112025,Kiko,val,2025-09-10 15:20:21+00:00,15.43332,-1,True,,18.34060478210449,17.083620071411133,18.61876106262207,14.37741470336914,13.411066055297852,22.174606323242188
EP112025:geo:1c7422f3f267cb80,EP112025,Kiko,val,2025-09-10 15:30:21+00:00,15.43332,-1,True,,18.705829620361328,17.46841812133789,18.881494522094727,14.505454063415527,13.538918495178224,21.919702529907227
EP112025:geo:707744182dfec81f,EP112025,Kiko,val,2025-09-10 15:40:21+00:00,15.43332,-1,True,,19.049388885498047,17.832216262817383,19.07033348083496,14.595232963562012,13.639103889465332,21.55607414245605
EP112025:geo:79bacdd3df34d6f9,EP112025,Kiko,val,2025-09-10 15:50:21+00:00,15.43332,-1,True,,19.33075714111328,18.13399887084961,19.15243911743164,14.91691780090332,13.983274459838867,21.085811614990234
EP112025:geo:c2efebbdcb3f8a83,EP112025,Kiko,val,2025-09-10 16:00:21+00:00,15.43332,-1,True,,19.49324607849121,18.3195858001709,19.24765396118164,15.60263442993164,14.684391021728516,20.55682373046875
EP112025:geo:4d304d9b4691bc93,EP112025,Kiko,val,2025-09-10 16:10:21+00:00,15.43332,-1,True,,19.59075164794922,18.439428329467773,19.224544525146484,16.522321701049805,15.646591186523438,20.36006164550781
EP112025:geo:f6e03f2d5f3b81a3,EP112025,Kiko,val,2025-09-10 16:20:21+00:00,15.43332,-1,True,,19.73740196228028,18.609941482543945,19.213987350463867,17.021320343017578,16.17736053466797,20.29819107055664
EP112025:geo:cef19032e67b057e,EP112025,Kiko,val,2025-09-10 16:30:21+00:00,15.43332,-1,True,,19.87580108642578,18.77443122863769,19.29670524597168,17.83677101135254,17.022235870361328,20.348079681396484
EP112025:geo:8e51dbde5e704316,EP112025,Kiko,val,2025-09-10 16:40:21+00:00,15.43332,-1,True,,19.9907341003418,18.91364097595215,19.5258903503418,18.407751083374023,17.64470863342285,20.54253387451172
EP112025:geo:fe375501acdbb7b2,EP112025,Kiko,val,2025-09-10 16:50:21+00:00,15.43332,-1,True,,20.14228057861328,19.09250831604004,19.67716789245605,18.8553466796875,18.14069366455078,20.813844680786133
EP112025:geo:f12f1c8c396308c0,EP112025,Kiko,val,2025-09-10 17:00:21+00:00,15.43332,-1,True,,20.31880569458008,19.29279518127441,19.82062339782715,18.90154457092285,18.240869522094727,20.94341468811035
EP112025:geo:6236777aee15165c,EP112025,Kiko,val,2025-09-10 17:10:21+00:00,15.43332,-1,True,,20.54437065124512,19.54709243774414,20.09361267089844,18.321319580078125,17.71261215209961,20.830102920532227
EP112025:geo:aa333102849cb991,EP112025,Kiko,val,2025-09-10 17:20:21+00:00,15.43332,-1,True,,20.70955848693848,19.73750305175781,20.317398071289062,17.758283615112305,17.2243709564209,21.015235900878903
EP112025:geo:b6b5f2428c9e6a71,EP112025,Kiko,val,2025-09-10 17:30:21+00:00,15.43332,-1,True,,20.937355041503903,19.99312400817871,20.5059757232666,17.184110641479492,16.689716339111328,21.422718048095703
EP112025:geo:03055bffe0a567d0,EP112025,Kiko,val,2025-09-10 17:40:21+00:00,15.43332,-1,True,,21.188873291015625,20.272361755371094,20.51944351196289,16.810400009155273,16.36324119567871,21.644187927246094
EP112025:geo:13bb7f5a83cd8261,EP112025,Kiko,val,2025-09-10 17:50:21+00:00,15.43332,-1,True,,21.46951675415039,20.58116149902344,20.7039737701416,16.387935638427734,16.0096378326416,21.628536224365234
EP112025:geo:1088d20b91c6174e,EP112025,Kiko,val,2025-09-10 18:00:21+00:00,15.43332,-1,True,,21.72153282165528,20.85979461669922,20.809141159057617,15.934484481811523,15.617526054382324,21.83672332763672
EP112025:geo:0a9a875ae841aaeb,EP112025,Kiko,val,2025-09-10 18:10:21+00:00,15.43332,-1,True,,21.92642974853516,21.08951568603516,20.742788314819336,15.940145492553713,15.686960220336914,22.003183364868164
EP112025:geo:4cbc2163c6376982,EP112025,Kiko,val,2025-09-10 18:20:21+00:00,15.43332,-1,True,,22.247520446777344,21.437332153320312,20.643598556518555,16.091047286987305,15.925804138183594,22.18797874450684
EP112025:geo:410c6f7832df750a,EP112025,Kiko,val,2025-09-10 18:30:21+00:00,15.43332,-1,True,,22.806785583496094,22.02448844909668,20.64132308959961,16.20567512512207,16.130531311035156,22.406463623046875
EP112025:geo:adfc6a109723faa4,EP112025,Kiko,val,2025-09-10 18:40:21+00:00,15.43332,-1,True,,23.50852394104004,22.75328063964844,20.61408805847168,16.49418067932129,16.542219161987305,22.371767044067383
EP112025:geo:8fee4a52cd3cb9f5,EP112025,Kiko,val,2025-09-10 18:50:21+00:00,15.43332,-1,True,,23.992660522460938,23.26808357238769,20.676342010498047,17.068988800048828,17.25168800354004,22.225963592529297
EP112025:geo:75da693523f2b5fb,EP112025,Kiko,val,2025-09-10 19:00:21+00:00,15.43332,-1,True,,24.691335678100582,23.99484062194824,20.86548614501953,17.794527053833008,18.11082649230957,22.205615997314453
EP112025:geo:a0f905f32aab810a,EP112025,Kiko,val,2025-09-10 19:10:21+00:00,15.43332,-1,True,,25.3200912475586,24.65504646301269,20.978302001953125,18.69455909729004,19.17424774169922,22.12226676940918
EP112025:geo:e398ba4ccbcd6645,EP112025,Kiko,val,2025-09-10 19:20:21+00:00,15.43332,-1,True,,25.59541893005371,24.95986557006836,21.219629287719727,19.43638610839844,20.109235763549805,22.31102180480957
EP112025:geo:63021d7024d8f8e4,EP112025,Kiko,val,2025-09-10 19:30:21+00:00,15.43332,-1,True,,25.65603446960449,25.055160522460938,21.376453399658203,20.22129440307617,21.132360458374023,22.452852249145508
EP112025:geo:6e790fdac393236d,EP112025,Kiko,val,2025-09-10 19:40:21+00:00,15.43332,-1,True,,26.632179260253903,26.06405067443848,21.4317626953125,21.029401779174805,22.20515251159668,22.308643341064453
EP112025:geo:ee9ca3f5f190f316,EP112025,Kiko,val,2025-09-10 19:50:21+00:00,15.43332,-1,True,,27.63622283935547,27.112510681152344,21.27586555480957,21.28746795654297,22.737504959106445,22.325584411621094
EP112025:geo:a29886c69fe13650,EP112025,Kiko,val,2025-09-10 20:00:21+00:00,15.43332,-1,True,,28.340564727783203,27.889110565185547,21.18915367126465,21.447608947753903,23.182098388671875,22.4453239440918
EP112025:geo:c3a053e533cc4e4e,EP112025,Kiko,val,2025-09-10 20:10:21+00:00,15.43332,-1,True,,28.523969650268555,28.14769554138184,21.210851669311523,21.52377319335937,23.49147224426269,22.78314781188965
EP112025:geo:0732945ac9f22bd9,EP112025,Kiko,val,2025-09-10 20:20:21+00:00,15.43332,-1,True,,28.09931945800781,27.802566528320312,21.34603500366211,21.60138511657715,23.773576736450195,22.775909423828125
EP112025:geo:ee7b66d6fe338f38,EP112025,Kiko,val,2025-09-10 20:30:21+00:00,15.43332,-1,True,,27.32759475708008,27.091753005981445,21.464052200317383,21.50391960144043,23.951976776123047,22.783655166625977
EP112025:geo:3d28f98b08cd273c,EP112025,Kiko,val,2025-09-10 20:40:21+00:00,15.43332,-1,True,,27.01760673522949,26.811967849731445,21.51472854614257,21.7613525390625,23.607139587402344,22.58861351013184
EP112025:geo:94325b2fb1877392,EP112025,Kiko,val,2025-09-10 20:50:21+00:00,15.43332,-1,True,,27.50739288330078,27.311466217041016,21.657962799072266,22.301986694335938,23.534135818481445,22.53453254699707
EP112025:geo:075b37ca86c8745e,EP112025,Kiko,val,2025-09-10 21:00:21+00:00,15.43332,-1,True,,28.403404235839844,28.196514129638672,21.73505401611328,22.795494079589844,23.962427139282227,22.57809066772461
EP112025:geo:024eb95f8cd547f1,EP112025,Kiko,val,2025-09-10 21:10:21+00:00,15.43332,-1,True,,28.433895111083984,28.207012176513672,21.691938400268555,22.99515724182129,24.510059356689453,22.90404510498047
EP112025:geo:80286109ae896816,EP112025,Kiko,val,2025-09-10 21:20:21+00:00,15.43332,-1,True,,28.10062026977539,27.82968711853028,21.68317031860352,23.137392044067383,24.87539291381836,22.95623588562012
EP112025:geo:d2bddf498a61b55c,EP112025,Kiko,val,2025-09-10 21:30:21+00:00,15.43332,-1,True,,27.762914657592773,27.419767379760746,21.83689308166504,23.500843048095703,25.2109489440918,23.0485954284668
EP112025:geo:b56fd3891e183b47,EP112025,Kiko,val,2025-09-10 21:40:21+00:00,15.43332,-1,True,,27.191410064697266,26.807680130004883,22.12730598449707,23.63225555419922,25.358867645263672,23.38162040710449
EP112025:geo:d302fa2e4bf54ea3,EP112025,Kiko,val,2025-09-10 21:50:21+00:00,15.43332,-1,True,,26.939809799194336,26.49916076660156,22.121978759765625,24.05158042907715,25.81899070739746,23.53574562072754
EP112025:geo:77fbafbb2f806c3d,EP112025,Kiko,val,2025-09-10 22:00:21+00:00,15.43332,-1,True,,27.03449249267578,26.523805618286133,22.024429321289062,24.299251556396484,26.071044921875,24.155704498291016
EP112025:geo:acf39f9a7f37fed9,EP112025,Kiko,val,2025-09-10 22:10:21+00:00,15.43332,-1,True,,27.10296630859375,26.5135555267334,21.991798400878903,24.534513473510746,26.41510391235352,24.76227378845215
EP112025:geo:278837f77d12a8a5,EP112025,Kiko,val,2025-09-10 22:20:21+00:00,15.43332,-1,True,,26.92540740966797,26.25340843200684,21.967300415039062,24.617231369018555,26.53234100341797,25.511648178100582
EP112025:geo:2f2bf3a6993307ab,EP112025,Kiko,val,2025-09-10 22:30:21+00:00,15.43332,-1,True,,26.70702362060547,25.97015953063965,21.879329681396484,24.80999183654785,26.63134384155273,26.381179809570312
EP112025:geo:334f225aafdf3390,EP112025,Kiko,val,2025-09-10 22:40:21+00:00,15.43332,-1,True,,26.384634017944336,25.600236892700195,22.032203674316406,25.58769798278809,27.13754844665528,26.960418701171875
EP112025:geo:8815af010afddc77,EP112025,Kiko,val,2025-09-10 22:50:21+00:00,15.43332,-1,True,,26.653324127197266,25.828746795654297,22.338743209838867,25.97913932800293,27.257925033569336,27.38321876525879
EP112025:geo:de7d16c907d78dea,EP112025,Kiko,val,2025-09-10 23:00:21+00:00,15.43332,-1,True,,27.295997619628903,26.44500541687012,22.5200424194336,26.03288650512696,27.122297286987305,27.684112548828125
EP112025:geo:427de1cfc2037e27,EP112025,Kiko,val,2025-09-10 23:10:21+00:00,15.43332,-1,True,,27.53060531616211,26.66063117980957,22.404972076416016,26.058900833129883,27.164060592651367,28.328577041625977
EP112025:geo:f3b46d1ba6d02a52,EP112025,Kiko,val,2025-09-10 23:20:21+00:00,15.43332,-1,True,,27.706573486328125,26.828033447265625,22.06786346435547,26.366724014282227,27.620466232299805,27.03137969970703
EP112025:geo:028a8aa3ed58f5b1,EP112025,Kiko,val,2025-09-10 23:30:21+00:00,15.43332,-1,True,,27.41080093383789,26.525808334350582,21.89860916137696,26.32535171508789,27.79607391357422,26.15156936645508
EP112025:geo:7628988f8b4b2119,EP112025,Kiko,val,2025-09-10 23:40:21+00:00,15.43332,-1,True,,26.85489654541016,25.961515426635746,21.6778564453125,26.12139320373535,27.50680160522461,26.602418899536133
EP112025:geo:836a317962496dd4,EP112025,Kiko,val,2025-09-10 23:50:21+00:00,15.43332,-1,True,,26.189998626708984,25.28986358642578,21.697546005249023,25.925189971923828,27.06027603149414,26.584827423095703
EP182023:geo:56e01ebb3fb10c1d,EP182023,Otis,val,2023-10-21 00:00:20+00:00,12.8611,-1,True,,11.273845672607422,11.059380531311035,20.41987991333008,14.603925704956056,13.72274398803711,20.657161712646484
EP182023:geo:105f8171dbb90549,EP182023,Otis,val,2023-10-21 00:10:20+00:00,12.8611,-1,True,,11.200056076049805,10.979339599609377,20.413715362548828,15.011584281921388,14.186521530151367,20.393348693847656
EP182023:geo:0df51d8022e77d53,EP182023,Otis,val,2023-10-21 00:20:20+00:00,12.8611,-1,True,,11.10263442993164,10.873497009277344,20.295991897583008,14.68284797668457,13.886377334594728,20.19365882873535
EP182023:geo:c21b73f7f6c4da7c,EP182023,Otis,val,2023-10-21 00:30:20+00:00,12.8611,-1,True,,10.997371673583984,10.75686264038086,20.067359924316406,14.225333213806152,13.472633361816406,19.83367919921875
EP182023:geo:dc74ebdf87e1d086,EP182023,Otis,val,2023-10-21 00:40:20+00:00,12.8611,-1,True,,10.902210235595703,10.644585609436035,19.879802703857425,14.444449424743652,13.728087425231934,19.62338638305664
EP182023:geo:c2d51f68375a4aa0,EP182023,Otis,val,2023-10-21 00:50:20+00:00,12.8611,-1,True,,10.81467056274414,10.536404609680176,19.57120704650879,14.768925666809082,14.039222717285156,19.54083251953125
EP182023:geo:ae5fa996fb111aeb,EP182023,Otis,val,2023-10-21 01:00:20+00:00,12.8611,-1,True,,10.705157279968262,10.40856647491455,19.426008224487305,15.577463150024414,14.837236404418944,19.64698028564453
EP182023:geo:e4391e09b039ef88,EP182023,Otis,val,2023-10-21 01:10:20+00:00,12.8611,-1,True,,10.588212013244627,10.27401351928711,19.24785041809082,15.920608520507812,15.179624557495115,19.79627990722656
EP182023:geo:854765f33db93e5d,EP182023,Otis,val,2023-10-21 01:20:20+00:00,12.8611,-1,True,,10.585356712341309,10.253320693969728,19.206249237060547,15.86697769165039,15.114459037780762,19.556114196777344
EP182023:geo:be8b848cdf72ddbd,EP182023,Otis,val,2023-10-21 01:30:20+00:00,12.8611,-1,True,,10.64985466003418,10.29357624053955,19.23595428466797,15.688311576843262,14.942702293395996,19.56810569763184
EP182023:geo:9122f80738541663,EP182023,Otis,val,2023-10-21 01:40:20+00:00,12.8611,-1,True,,10.697426795959473,10.316463470458984,19.152070999145508,15.583953857421877,14.830705642700195,19.521068572998047
EP182023:geo:62366460e1743cf9,EP182023,Otis,val,2023-10-21 01:50:20+00:00,12.8611,-1,True,,10.732829093933104,10.327798843383787,19.08892250061035,15.612350463867188,14.850810050964355,19.60348892211914
EP182023:geo:0fe174348e317018,EP182023,Otis,val,2023-10-21 02:00:20+00:00,12.8611,-1,True,,10.749504089355469,10.322590827941896,19.048416137695312,15.383268356323242,14.600266456604004,19.82552719116211
EP182023:geo:7cba0c136a3abb1b,EP182023,Otis,val,2023-10-21 02:10:20+00:00,12.8611,-1,True,,10.763279914855955,10.311519622802734,19.10286331176757,14.997177124023438,14.19265079498291,19.713302612304688
EP182023:geo:9dc96540ad8fa27e,EP182023,Otis,val,2023-10-21 02:20:20+00:00,12.8611,-1,True,,10.777743339538574,10.302789688110352,19.1728630065918,14.810657501220703,14.000926971435549,19.317914962768555
EP182023:geo:7fb9255c6c721636,EP182023,Otis,val,2023-10-21 02:30:20+00:00,12.8611,-1,True,,10.780481338500977,10.282845497131348,19.253246307373047,14.743337631225586,13.918540954589844,19.05131149291992
EP182023:geo:ffdebb3e3843635b,EP182023,Otis,val,2023-10-21 02:40:20+00:00,12.8611,-1,True,,10.790168762207031,10.2705078125,19.33883285522461,14.589035987854004,13.764330863952637,19.15265655517578
EP182023:geo:6cb2d2cec632bbfb,EP182023,Otis,val,2023-10-21 02:50:20+00:00,12.8611,-1,True,,10.793333053588867,10.24858283996582,19.31968116760254,14.812499046325684,13.989276885986328,19.365928649902344
EP182023:geo:838aaba659ac0493,EP182023,Otis,val,2023-10-21 03:00:20+00:00,12.8611,-1,True,,12.078370094299316,11.417036056518556,20.038524627685547,14.91395092010498,14.075967788696287,19.4562931060791
EP182023:geo:b0eb2ee56c10e1a6,EP182023,Otis,val,2023-10-21 03:10:20+00:00,12.8611,-1,True,,12.075569152832031,11.381342887878418,20.00037384033203,15.049072265625,14.211828231811523,19.46927833557129
EP182023:geo:2fcca7180262de17,EP182023,Otis,val,2023-10-21 03:20:20+00:00,12.8611,-1,True,,14.04995346069336,13.329330444335938,19.882667541503903,15.202356338500977,14.36905574798584,19.251270294189453
EP182023:geo:4528b4fc9a572de4,EP182023,Otis,val,2023-10-21 03:30:20+00:00,12.8611,-1,True,,14.375262260437012,13.628814697265623,19.686182022094727,15.108060836791992,14.25833225250244,19.47612762451172
EP182023:geo:8fc12a1b0b1e4566,EP182023,Otis,val,2023-10-21 03:40:20+00:00,12.8611,-1,True,,14.37543487548828,13.602181434631348,19.575061798095703,14.833658218383787,13.962897300720217,19.4923095703125
EP182023:geo:311764628636f7bb,EP182023,Otis,val,2023-10-21 03:50:20+00:00,12.8611,-1,True,,14.24844455718994,13.448149681091309,19.457942962646484,15.424844741821287,14.53366756439209,19.452789306640625
EP182023:geo:28cf59b4d8eefe47,EP182023,Otis,val,2023-10-21 04:00:20+00:00,12.8611,-1,True,,13.63768196105957,12.811646461486816,19.31975555419922,15.655495643615724,14.756525993347168,19.51914405822754
EP182023:geo:e135ef544d7c5e70,EP182023,Otis,val,2023-10-21 04:10:20+00:00,12.8611,-1,True,,13.142877578735352,12.29185676574707,19.379749298095703,15.684894561767578,14.779257774353027,19.50506591796875
EP182023:geo:9a7169ca61af8f5a,EP182023,Otis,val,2023-10-21 04:20:20+00:00,12.8611,-1,True,,13.862464904785156,12.991622924804688,19.412992477416992,15.704259872436523,14.798392295837402,19.375850677490234
EP182023:geo:8c34acc6339bda37,EP182023,Otis,val,2023-10-21 04:30:20+00:00,12.8611,-1,True,,14.794565200805664,13.904417037963867,19.308198928833008,15.591649055480955,14.69548511505127,19.444759368896484
EP182023:geo:47900531e6e698a9,EP182023,Otis,val,2023-10-21 04:40:20+00:00,12.8611,-1,True,,16.660795211791992,15.757187843322754,19.29735565185547,15.285014152526855,14.38185691833496,19.46796607971192
EP182023:geo:6914296e41eb2dcc,EP182023,Otis,val,2023-10-21 04:50:20+00:00,12.8611,-1,True,,16.86580467224121,15.9486665725708,19.27909469604492,15.674934387207031,14.772048950195312,19.51910781860352
EP182023:geo:8cda840e54cd409e,EP182023,Otis,val,2023-10-21 05:00:20+00:00,12.8611,-1,True,,16.847909927368164,15.922560691833496,19.23212432861328,15.858698844909668,14.96835708618164,19.649532318115234
EP182023:geo:0dd7ebebc24d987b,EP182023,Otis,val,2023-10-21 05:10:20+00:00,12.8611,-1,True,,19.37839126586914,18.455041885375977,19.1599349975586,17.33684730529785,16.46717071533203,19.459522247314453
EP182023:geo:7aeb2f662a6f18bd,EP182023,Otis,val,2023-10-21 05:20:20+00:00,12.8611,-1,True,,20.177703857421875,19.25672149658203,18.92913818359375,17.81485939025879,16.95496368408203,18.970935821533203
EP182023:geo:a5a488abe438fb12,EP182023,Otis,val,2023-10-21 05:30:20+00:00,12.8611,-1,True,,20.161535263061523,19.23765754699707,18.86699676513672,17.75874137878418,16.903806686401367,18.94574737548828
EP182023:geo:1dfffbc4519eca6e,EP182023,Otis,val,2023-10-21 05:40:20+00:00,12.8611,-1,True,,19.67041778564453,18.73523330688477,19.39990234375,17.251859664916992,16.4152774810791,18.986860275268555
EP182023:geo:fac5cc6523f2c5ef,EP182023,Otis,val,2023-10-21 05:50:20+00:00,12.8611,-1,True,,19.239368438720703,18.293848037719727,19.770584106445312,16.945819854736328,16.11712074279785,19.197572708129883
EP182023:geo:9800a2caded194ca,EP182023,Otis,val,2023-10-21 06:00:20+00:00,12.8611,-1,True,,18.723024368286133,17.764686584472656,20.01384925842285,16.66870880126953,15.841496467590332,19.26941680908203
EP182023:geo:25492c36a25bddbc,EP182023,Otis,val,2023-10-21 06:10:20+00:00,12.8611,-1,True,,17.849788665771484,16.879871368408203,20.26988983154297,16.32809829711914,15.5095853805542,19.513755798339844
EP182023:geo:38064abb8164d825,EP182023,Otis,val,2023-10-21 06:20:20+00:00,12.8611,-1,True,,17.338951110839844,16.356088638305664,20.338472366333008,15.890554428100586,15.07469654083252,19.59908866882324
EP182023:geo:f42f1f9e03342f0a,EP182023,Otis,val,2023-10-21 06:30:20+00:00,12.8611,-1,True,,17.45014762878418,16.454944610595703,20.41781234741211,15.906825065612791,15.09952449798584,19.59250831604004
EP182023:geo:fad1d5a5b6a43a16,EP182023,Otis,val,2023-10-21 06:40:20+00:00,12.8611,-1,True,,16.94162940979004,15.937155723571776,20.44760704040528,15.5695161819458,14.77565860748291,19.6539306640625
EP182023:geo:564e366b19bd0fdc,EP182023,Otis,val,2023-10-21 06:50:20+00:00,12.8611,-1,True,,16.66333770751953,15.652097702026367,20.503808975219727,14.932720184326172,14.148334503173828,19.91835594177246
EP182023:geo:f0d84e26fd3a7653,EP182023,Otis,val,2023-10-21 07:00:20+00:00,12.8611,-1,True,,16.564777374267578,15.543695449829102,20.583438873291016,14.434144020080566,13.647677421569824,20.2138671875
EP182023:geo:e54ae37436fd9221,EP182023,Otis,val,2023-10-21 07:10:20+00:00,12.8611,-1,True,,16.114151000976562,15.082642555236816,20.62238502502441,14.42711353302002,13.641587257385254,20.478195190429688
EP182023:geo:f0852cff2a577588,EP182023,Otis,val,2023-10-21 07:20:20+00:00,12.8611,-1,True,,15.587857246398926,14.548117637634276,20.65205764770508,14.439278602600098,13.65056037902832,20.68692779541016
EP182023:geo:94007cb4c779ca76,EP182023,Otis,val,2023-10-21 07:30:20+00:00,12.8611,-1,True,,15.262678146362305,14.216874122619627,20.68544578552246,14.41684913635254,13.627017974853516,20.93691635131836
EP182023:geo:591d2ac0c0b9021e,EP182023,Otis,val,2023-10-21 07:40:20+00:00,12.8611,-1,True,,14.9248628616333,13.875898361206056,20.682302474975582,14.673467636108398,13.880775451660156,20.93507575988769
EP182023:geo:54fb5eb5cf51e16f,EP182023,Otis,val,2023-10-21 07:50:20+00:00,12.8611,-1,True,,14.625568389892578,13.574136734008787,20.707847595214844,14.839315414428713,14.067769050598145,21.08724594116211
EP182023:geo:8ba5e225b8cdcd68,EP182023,Otis,val,2023-10-21 08:00:20+00:00,12.8611,-1,True,,14.187841415405272,13.13323211669922,20.71930313110352,14.931041717529297,14.171009063720703,21.372568130493164
EP182023:geo:7120f0a5cd1251cf,EP182023,Otis,val,2023-10-21 08:10:20+00:00,12.8611,-1,True,,14.084062576293944,13.025863647460938,20.76398468017578,14.971973419189451,14.226089477539062,21.45795249938965
EP182023:geo:67636b3db42ce980,EP182023,Otis,val,2023-10-21 08:20:20+00:00,12.8611,-1,True,,13.92685890197754,12.860770225524902,20.779685974121094,15.005436897277832,14.294944763183594,21.75228500366211
EP182023:geo:fca899e8407c60ce,EP182023,Otis,val,2023-10-21 08:30:20+00:00,12.8611,-1,True,,14.234111785888672,13.162575721740724,20.82250595092773,15.39438247680664,14.717209815979004,21.862648010253903
EP182023:geo:06a67b2965e41789,EP182023,Otis,val,2023-10-21 08:40:20+00:00,12.8611,-1,True,,14.60859489440918,13.535919189453123,20.82281494140625,15.797004699707031,15.135893821716309,21.67534828186035
EP182023:geo:594ffd766c823e76,EP182023,Otis,val,2023-10-21 08:50:20+00:00,12.8611,-1,True,,14.437541007995604,13.367870330810549,20.827098846435547,16.138221740722656,15.511833190917969,21.477888107299805
EP182023:geo:aa2a560edb4168a7,EP182023,Otis,val,2023-10-21 09:00:20+00:00,12.8611,-1,True,,13.271093368530272,12.128694534301758,20.47987937927246,16.480770111083984,15.91033935546875,21.436843872070312
EP182023:geo:f482dcca59e84f59,EP182023,Otis,val,2023-10-21 09:10:20+00:00,12.8611,-1,True,,13.265375137329102,12.122946739196776,20.412446975708008,17.400501251220703,16.867948532104492,21.45179557800293
EP182023:geo:765237114ecf9665,EP182023,Otis,val,2023-10-21 09:20:20+00:00,12.8611,-1,True,,13.709344863891602,12.56662368774414,20.367998123168945,17.661008834838867,17.17784881591797,21.475669860839844
EP182023:geo:6778727d0058d856,EP182023,Otis,val,2023-10-21 09:30:20+00:00,12.8611,-1,True,,14.46558666229248,13.325408935546877,20.46198272705078,17.222007751464844,16.781469345092773,21.750537872314453
EP182023:geo:2942b0dfb6027be2,EP182023,Otis,val,2023-10-21 09:40:20+00:00,12.8611,-1,True,,14.996328353881836,13.860855102539062,20.59761619567871,16.86269760131836,16.468984603881836,22.09397315979004
EP182023:geo:16d62b2d987ae393,EP182023,Otis,val,2023-10-21 09:50:20+00:00,12.8611,-1,True,,15.009108543395996,13.881265640258787,20.743974685668945,17.119892120361328,16.78202247619629,22.289527893066406
EP182023:geo:32700970de4e7474,EP182023,Otis,val,2023-10-21 10:00:20+00:00,12.8611,-1,True,,14.629846572875977,13.508782386779783,20.848785400390625,17.648193359375,17.387866973876953,22.177629470825195
EP182023:geo:8c49982772c1fb3c,EP182023,Otis,val,2023-10-21 10:10:20+00:00,12.8611,-1,True,,13.859407424926758,12.744543075561523,20.916912078857425,17.853540420532227,17.677013397216797,22.15274238586425
EP182023:geo:32737db3a6934f11,EP182023,Otis,val,2023-10-21 10:20:20+00:00,12.8611,-1,True,,13.876405715942385,12.764885902404783,20.972368240356445,17.918731689453125,17.804033279418945,22.266162872314453
EP182023:geo:cbde945df15c2988,EP182023,Otis,val,2023-10-21 10:30:20+00:00,12.8611,-1,True,,15.199539184570312,14.098492622375488,20.98839569091797,17.756502151489258,17.73417854309082,22.35414695739746
EP182023:geo:6b4b6139a4823db6,EP182023,Otis,val,2023-10-21 10:40:20+00:00,12.8611,-1,True,,15.946158409118652,14.860757827758787,20.99598693847656,17.559045791625977,17.643138885498047,22.33946990966797
EP182023:geo:bdfdb85f222cd394,EP182023,Otis,val,2023-10-21 10:50:20+00:00,12.8611,-1,True,,15.418785095214844,14.35060977935791,20.97715377807617,17.448657989501953,17.63705825805664,22.425750732421875
EP182023:geo:e009d42ba75793fb,EP182023,Otis,val,2023-10-21 11:00:20+00:00,12.8611,-1,True,,14.862630844116213,13.811277389526367,20.99247932434082,17.299482345581055,17.57708168029785,22.382213592529297
EP182023:geo:2bf8d5713a84937d,EP182023,Otis,val,2023-10-21 11:10:20+00:00,12.8611,-1,True,,15.23173999786377,14.197236061096191,21.04994010925293,17.72831916809082,18.094676971435547,22.448850631713867
EP182023:geo:07c2084f7b8dc238,EP182023,Otis,val,2023-10-21 11:20:20+00:00,12.8611,-1,True,,15.47092056274414,14.452430725097656,21.14016914367676,17.753334045410156,18.19340133666992,22.30937957763672
EP182023:geo:9c6c369475e5eff2,EP182023,Otis,val,2023-10-21 11:30:20+00:00,12.8611,-1,True,,15.752571105957031,14.75257396697998,21.21223831176757,17.681964874267578,18.217607498168945,22.232166290283203
EP182023:geo:ad7b25c1550b1ff1,EP182023,Otis,val,2023-10-21 11:40:20+00:00,12.8611,-1,True,,15.928791046142578,14.94506549835205,21.308687210083008,17.618324279785156,18.26724433898925,22.59868621826172
EP182023:geo:c3a98ea01a6e2008,EP182023,Otis,val,2023-10-21 11:50:20+00:00,12.8611,-1,True,,16.85698127746582,15.888569831848145,21.334930419921875,17.53128433227539,18.302152633666992,22.375133514404297
EP182023:geo:400af9c7c498ef3d,EP182023,Otis,val,2023-10-21 12:00:20+00:00,12.8611,-1,True,,19.04516220092773,18.09208869934082,21.38300132751465,17.6766357421875,18.577970504760746,22.136621475219727
EP182023:geo:5e0e3b97403a5fdf,EP182023,Otis,val,2023-10-21 12:10:20+00:00,12.8611,-1,True,,20.42206573486328,19.488513946533203,21.35028648376465,18.73908424377441,19.764463424682617,21.89644241333008
EP182023:geo:1a73eeeba0244147,EP182023,Otis,val,2023-10-21 12:20:20+00:00,12.8611,-1,True,,20.885751724243164,19.974184036254883,21.36327362060547,20.06268310546875,21.19674301147461,21.73843574523925
EP182023:geo:a76d0345bc5c4ab2,EP182023,Otis,val,2023-10-21 12:30:20+00:00,12.8611,-1,True,,21.409582138061523,20.52591323852539,21.03866195678711,20.61467361450196,21.85152244567871,21.44558334350586
EP182023:geo:a4232ebce8f5c317,EP182023,Otis,val,2023-10-21 12:40:20+00:00,12.8611,-1,True,,21.39276885986328,20.540082931518555,20.870466232299805,20.82452964782715,22.1728515625,21.437957763671875
EP182023:geo:9bde2b51e5fb1aeb,EP182023,Otis,val,2023-10-21 12:50:20+00:00,12.8611,-1,True,,20.910982131958008,20.08858108520508,20.57603073120117,20.79255485534668,22.22136878967285,21.744518280029297
EP182023:geo:b83a7b4c644bfa92,EP182023,Otis,val,2023-10-21 13:00:20+00:00,12.8611,-1,True,,20.414634704589844,19.626405715942383,20.3188705444336,20.72039222717285,22.223812103271484,22.07521247863769
EP182023:geo:9ad998bd474a41ce,EP182023,Otis,val,2023-10-21 13:10:20+00:00,12.8611,-1,True,,20.06629753112793,19.31141471862793,20.09073257446289,20.615333557128903,22.18355941772461,22.32816505432129
EP182023:geo:d45000b6b3d4b7cc,EP182023,Otis,val,2023-10-21 13:20:20+00:00,12.8611,-1,True,,19.920166015625,19.20250701904297,19.883563995361328,20.560523986816406,22.18010330200196,22.55959701538086
EP182023:geo:ee196b6401f7b026,EP182023,Otis,val,2023-10-21 13:30:20+00:00,12.8611,-1,True,,19.90941619873047,19.23050117492676,19.61907196044922,20.444204330444336,22.092744827270508,22.70841789245605
EP182023:geo:ee2411e2ec8ddd8f,EP182023,Otis,val,2023-10-21 13:40:20+00:00,12.8611,-1,True,,20.451759338378903,19.80350875854492,19.43473625183105,20.19392967224121,21.842323303222656,22.780834197998047
EP182023:geo:39b280cccc334f62,EP182023,Otis,val,2023-10-21 13:50:20+00:00,12.8611,-1,True,,20.83312225341797,20.212371826171875,19.3240966796875,19.63203430175781,21.25815773010254,22.80211067199707
EP182023:geo:f0a6b6969065beba,EP182023,Otis,val,2023-10-21 14:00:20+00:00,12.8611,-1,True,,20.843957901000977,20.250709533691406,19.32202911376953,18.98719024658203,20.603729248046875,22.66863250732422
EP182023:geo:4a9da1ed56e5cabe,EP182023,Otis,val,2023-10-21 14:10:20+00:00,12.8611,-1,True,,20.59174346923828,20.024059295654297,19.41655921936035,18.429723739624023,20.012222290039062,22.48712158203125
EP182023:geo:6420139cb244fad5,EP182023,Otis,val,2023-10-21 14:20:20+00:00,12.8611,-1,True,,19.878705978393555,19.34165954589844,19.416154861450195,18.1033992767334,19.639812469482425,22.518739700317383
EP182023:geo:4f005be97ff65056,EP182023,Otis,val,2023-10-21 14:30:20+00:00,12.8611,-1,True,,19.259510040283203,18.747699737548828,19.578340530395508,17.76910972595215,19.29111862182617,22.634918212890625
EP182023:geo:6c09fc1d5d8abf54,EP182023,Otis,val,2023-10-21 14:40:20+00:00,12.8611,-1,True,,19.41473388671875,18.92892837524414,19.75864219665528,17.608352661132812,19.066940307617188,22.90101623535156
EP182023:geo:fda506c2b1f4b82b,EP182023,Otis,val,2023-10-21 14:50:20+00:00,12.8611,-1,True,,19.50141334533692,19.04215812683105,19.965633392333984,17.631196975708008,19.006038665771484,22.855907440185547
EP182023:geo:696b809474e1fb58,EP182023,Otis,val,2023-10-21 15:00:20+00:00,12.8611,-1,True,,21.333717346191406,20.708965301513672,20.37292861938477,17.58635711669922,18.88619041442871,22.941131591796875
EP182023:geo:892460165ff1a1f2,EP182023,Otis,val,2023-10-21 15:10:20+00:00,12.8611,-1,True,,21.061260223388672,20.45627784729004,20.374069213867188,17.48857879638672,18.75889587402344,22.891372680664062
EP182023:geo:e5d673e9d4e56bd9,EP182023,Otis,val,2023-10-21 15:20:20+00:00,12.8611,-1,True,,20.25347137451172,19.665132522583008,20.504722595214844,17.371578216552734,18.64434051513672,22.997528076171875
EP182023:geo:e525a3f24686fdf8,EP182023,Otis,val,2023-10-21 15:30:20+00:00,12.8611,-1,True,,19.10087203979492,18.526281356811523,20.577781677246094,17.37639045715332,18.681713104248047,23.424007415771484
EP182023:geo:ef91f2ed8ffbf93f,EP182023,Otis,val,2023-10-21 15:40:20+00:00,12.8611,-1,True,,17.507774353027344,16.944438934326172,20.648571014404297,17.43288230895996,18.741106033325195,23.9240951538086
EP182023:geo:957fa5f825f1a45c,EP182023,Otis,val,2023-10-21 15:50:20+00:00,12.8611,-1,True,,15.769481658935549,15.21811294555664,20.75848388671875,17.293249130249023,18.593799591064453,24.13229751586914
EP182023:geo:80b8dfcefac3332e,EP182023,Otis,val,2023-10-21 16:00:20+00:00,12.8611,-1,True,,14.588970184326172,14.053068161010742,20.792171478271484,17.087507247924805,18.36225318908692,24.141576766967773
EP182023:geo:065584c1cb43b4cf,EP182023,Otis,val,2023-10-21 16:10:20+00:00,12.8611,-1,True,,14.07089614868164,13.550331115722656,20.869686126708984,16.807275772094727,18.0375919342041,24.607759475708008
EP182023:geo:b40c32f770d322f7,EP182023,Otis,val,2023-10-21 16:20:20+00:00,12.8611,-1,True,,14.02341651916504,13.516603469848633,20.865345001220703,16.745328903198242,17.906728744506836,24.50334358215332
EP182023:geo:4b04a2f72c1f82ba,EP182023,Otis,val,2023-10-21 16:30:20+00:00,12.8611,-1,True,,14.185333251953123,13.689290046691896,20.860971450805664,16.971837997436523,18.05133056640625,24.131046295166016
EP182023:geo:db38641c5fe8647e,EP182023,Otis,val,2023-10-21 16:40:20+00:00,12.8611,-1,True,,15.49211311340332,15.006014823913574,20.79153060913086,17.118284225463867,18.109224319458008,24.261404037475582
EP182023:geo:bb2e2af15c93065d,EP182023,Otis,val,2023-10-21 16:50:20+00:00,12.8611,-1,True,,16.223241806030273,15.74591064453125,20.82415008544922,17.81435775756836,18.75301742553711,24.397491455078125
EP182023:geo:c200cbad142d8cb9,EP182023,Otis,val,2023-10-21 17:00:20+00:00,12.8611,-1,True,,16.365318298339844,15.899782180786133,20.85665512084961,17.84565544128418,18.77263641357422,24.298234939575195
EP182023:geo:9dac3bf0723a58b5,EP182023,Otis,val,2023-10-21 17:10:20+00:00,12.8611,-1,True,,17.0479736328125,16.586570739746094,21.02632522583008,17.99600601196289,18.933794021606445,24.171430587768555
EP182023:geo:696d880026dc524b,EP182023,Otis,val,2023-10-21 17:20:20+00:00,12.8611,-1,True,,17.568374633789062,17.110891342163086,21.143627166748047,18.437057495117188,19.380355834960938,24.47463035583496
EP182023:geo:bd53ecdf391348f7,EP182023,Otis,val,2023-10-21 17:30:20+00:00,12.8611,-1,True,,17.155155181884766,16.698179244995117,21.005922317504883,19.023656845092773,19.957178115844727,24.628660202026367
EP182023:geo:cad5784cd734fc67,EP182023,Otis,val,2023-10-21 17:40:20+00:00,12.8611,-1,True,,16.75424575805664,16.296918869018555,21.01548767089844,19.60801315307617,20.55611228942871,24.998031616210938
EP182023:geo:40d3bc9f807be37d,EP182023,Otis,val,2023-10-21 17:50:20+00:00,12.8611,-1,True,,16.284488677978516,15.83018398284912,21.021472930908203,19.878698348999023,20.84045791625977,25.36298942565918
EP182023:geo:05dbec55d47a12dc,EP182023,Otis,val,2023-10-21 18:00:20+00:00,12.8611,-1,True,,15.877511978149414,15.424735069274902,20.863357543945312,20.11398124694824,21.071273803710938,25.460493087768555
EP182023:geo:0151d9fe337f4912,EP182023,Otis,val,2023-10-21 18:10:20+00:00,12.8611,-1,True,,15.567869186401367,15.122264862060549,20.708097457885746,19.995332717895508,20.958070755004883,25.443256378173828
EP182023:geo:fee9f74e6532dfe6,EP182023,Otis,val,2023-10-21 18:20:20+00:00,12.8611,-1,True,,16.014909744262695,15.57313632965088,20.787548065185547,19.62345123291016,20.60335350036621,26.24849319458008
EP182023:geo:4780f4a5dbb189c0,EP182023,Otis,val,2023-10-21 18:30:20+00:00,12.8611,-1,True,,16.452072143554688,16.013202667236328,20.92222785949707,19.165149688720703,20.16290664672852,26.301050186157227
EP182023:geo:37494ab1034d600e,EP182023,Otis,val,2023-10-21 18:40:20+00:00,12.8611,-1,True,,16.829235076904297,16.392990112304688,21.067157745361328,18.573278427124023,19.564998626708984,25.841533660888672
EP182023:geo:49b60871cb6e6ad9,EP182023,Otis,val,2023-10-21 18:50:20+00:00,12.8611,-1,True,,16.971588134765625,16.536968231201172,21.329818725585938,17.978389739990234,18.97464370727539,25.49836540222168
EP182023:geo:e083d1a5500259d4,EP182023,Otis,val,2023-10-21 19:00:20+00:00,12.8611,-1,True,,16.79290008544922,16.35980987548828,21.5346908569336,17.450824737548828,18.483549118041992,25.119930267333984
EP182023:geo:35d05f187724079f,EP182023,Otis,val,2023-10-21 19:10:20+00:00,12.8611,-1,True,,16.47998809814453,16.046852111816406,21.65791320800781,17.246410369873047,18.29121780395508,24.16501235961914
EP182023:geo:5d8330f77bda448a,EP182023,Otis,val,2023-10-21 19:20:20+00:00,12.8611,-1,True,,16.64608383178711,16.218276977539062,21.71330642700196,17.103702545166016,18.13393211364746,23.50711250305176
EP182023:geo:4128f9ce24dfa442,EP182023,Otis,val,2023-10-21 19:30:20+00:00,12.8611,-1,True,,17.237817764282227,16.813472747802734,21.746320724487305,17.154327392578125,18.15848922729492,23.46531867980957
EP182023:geo:acd981bce4b1a128,EP182023,Otis,val,2023-10-21 19:40:20+00:00,12.8611,-1,True,,17.929420471191406,17.507312774658203,21.79083633422852,17.398113250732422,18.391939163208008,23.18299674987793
EP182023:geo:4b1908513196fb04,EP182023,Otis,val,2023-10-21 19:50:20+00:00,12.8611,-1,True,,18.73714828491211,18.3160400390625,21.78661346435547,17.81575584411621,18.794422149658203,23.040225982666016
EP182023:geo:733b8e352f92ea1a,EP182023,Otis,val,2023-10-21 20:00:20+00:00,12.8611,-1,True,,19.432167053222656,19.01190757751465,21.818431854248047,18.27058982849121,19.2260856628418,23.12109375
EP182023:geo:f8d5e5eb0cf8918f,EP182023,Otis,val,2023-10-21 20:10:20+00:00,12.8611,-1,True,,20.22395706176757,19.805391311645508,21.709699630737305,18.65110969543457,19.597919464111328,23.29118537902832
EP182023:geo:211c140c3f84d80d,EP182023,Otis,val,2023-10-21 20:20:20+00:00,12.8611,-1,True,,20.599145889282227,20.18938636779785,21.698957443237305,18.99089431762696,19.96478843688965,23.552335739135746
EP182023:geo:54a8879252de3cf8,EP182023,Otis,val,2023-10-21 20:30:20+00:00,12.8611,-1,True,,20.7159366607666,20.31867218017578,21.730846405029297,19.147794723510746,20.149150848388672,23.41953086853028
EP182023:geo:7384d54eb6c50699,EP182023,Otis,val,2023-10-21 20:40:20+00:00,12.8611,-1,True,,20.61199951171875,20.233810424804688,21.691219329833984,19.01235580444336,20.024526596069336,23.71048164367676
EP182023:geo:7b0762bbf3748002,EP182023,Otis,val,2023-10-21 20:50:20+00:00,12.8611,-1,True,,20.299007415771484,19.94204330444336,21.488842010498047,18.842893600463867,19.85998916625977,23.89613151550293
EP182023:geo:89f1e71a18180f58,EP182023,Otis,val,2023-10-21 21:00:20+00:00,12.8611,-1,True,,15.955001831054688,15.849184036254885,20.04874992370605,18.831127166748047,19.850017547607425,24.119035720825195
EP182023:geo:5a84f3beea0f75a7,EP182023,Otis,val,2023-10-21 21:10:20+00:00,12.8611,-1,True,,15.124750137329102,15.035029411315918,19.8227481842041,18.73418426513672,19.766845703125,23.84133529663086
EP182023:geo:f080b5b543d08519,EP182023,Otis,val,2023-10-21 21:20:20+00:00,12.8611,-1,True,,15.39230251312256,15.31480884552002,19.5888900756836,18.472808837890625,19.511058807373047,23.607534408569336
EP182023:geo:e4f3fd6fe0115258,EP182023,Otis,val,2023-10-21 21:30:20+00:00,12.8611,-1,True,,15.768418312072754,15.704237937927246,19.79199981689453,18.248464584350582,19.27859687805176,23.18086814880371
EP182023:geo:71e8668378b5165f,EP182023,Otis,val,2023-10-21 21:40:20+00:00,12.8611,-1,True,,16.077539443969727,16.031837463378906,19.81216812133789,18.020368576049805,19.040184020996094,22.79716110229492
EP182023:geo:3aec783387555ae2,EP182023,Otis,val,2023-10-21 21:50:20+00:00,12.8611,-1,True,,15.677627563476562,15.65015983581543,19.81720733642578,17.680009841918945,18.66218948364257,22.81612968444824
EP182023:geo:f9f06181afdf4086,EP182023,Otis,val,2023-10-21 22:00:20+00:00,12.8611,-1,True,,14.78750705718994,14.774042129516602,19.89591217041016,17.116010665893555,18.05300712585449,22.88932228088379
EP182023:geo:bdfbafb2137c7a3b,EP182023,Otis,val,2023-10-21 22:10:20+00:00,12.8611,-1,True,,13.597745895385742,13.604392051696776,20.084442138671875,16.86115837097168,17.779987335205078,23.059066772460938
EP182023:geo:d57358f476b3282b,EP182023,Otis,val,2023-10-21 22:20:20+00:00,12.8611,-1,True,,12.37607192993164,12.395782470703123,20.31067657470703,16.58176040649414,17.491016387939453,22.948936462402344
EP182023:geo:751a0e55ea274a90,EP182023,Otis,val,2023-10-21 22:30:20+00:00,12.8611,-1,True,,12.632633209228516,12.665801048278809,20.46958923339844,16.82177734375,17.720651626586914,22.772424697875977
EP182023:geo:b9678c0b0849cc62,EP182023,Otis,val,2023-10-21 22:40:20+00:00,12.8611,-1,True,,12.501941680908203,12.544910430908203,20.41045379638672,16.789663314819336,17.655864715576172,22.72014236450196
EP182023:geo:e11c54cb590f1ede,EP182023,Otis,val,2023-10-21 22:50:20+00:00,12.8611,-1,True,,12.279791831970217,12.32978630065918,20.33596611022949,16.684768676757812,17.47821044921875,22.594858169555664
EP182023:geo:e59fad8dc6b4cd94,EP182023,Otis,val,2023-10-21 23:00:20+00:00,12.8611,-1,True,,12.312955856323242,12.36238956451416,20.1571044921875,16.722936630249023,17.451562881469727,22.431703567504883
EP182023:geo:950bf6cf14d4c940,EP182023,Otis,val,2023-10-21 23:10:20+00:00,12.8611,-1,True,,12.403911590576172,12.443379402160645,19.976192474365234,16.600406646728516,17.272525787353516,22.39997291564941
EP182023:geo:7cb8d353d9617e69,EP182023,Otis,val,2023-10-21 23:20:20+00:00,12.8611,-1,True,,12.725420951843262,12.755565643310549,19.88005828857422,16.565034866333008,17.18287467956543,22.37545394897461
EP182023:geo:bc1d619cb33c211b,EP182023,Otis,val,2023-10-21 23:30:20+00:00,12.8611,-1,True,,12.906506538391112,12.928628921508787,19.79633140563965,16.841957092285156,17.388011932373047,22.371618270874023
EP182023:geo:59431090d8390b74,EP182023,Otis,val,2023-10-21 23:40:20+00:00,12.8611,-1,True,,13.069709777832031,13.07949161529541,19.657724380493164,16.945125579833984,17.513957977294922,22.241125106811523
EP182023:geo:04144157b85aac1f,EP182023,Otis,val,2023-10-21 23:50:20+00:00,12.8611,-1,True,,13.193399429321287,13.187710762023926,19.659080505371094,17.011428833007812,17.56086540222168,22.093713760375977
EP182023:geo:458627a34e783cb3,EP182023,Otis,val,2023-10-22 00:00:20+00:00,12.863958022222224,-1,True,,13.468467712402344,13.446625709533691,19.85145568847656,17.366390228271484,17.863750457763672,22.13054656982422
EP182023:geo:d1bcd1393b2e18b4,EP182023,Otis,val,2023-10-22 00:10:20+00:00,12.949698688888889,-1,True,,13.319482803344728,13.281497955322266,20.181596755981445,17.87965965270996,18.33030891418457,22.27501678466797
EP182023:geo:3ae72be5b90a0615,EP182023,Otis,val,2023-10-22 00:20:20+00:00,13.035439355555557,-1,True,,13.229822158813477,13.170988082885742,20.17954444885254,18.024864196777344,18.43217658996582,22.3193588256836
EP182023:geo:8a46a3034b38565a,EP182023,Otis,val,2023-10-22 00:30:20+00:00,13.121180022222225,-1,True,,13.475910186767578,13.404986381530762,20.09145164489746,18.23767852783203,18.598064422607425,22.30584144592285
EP182023:geo:68b4125ff6b09afc,EP182023,Otis,val,2023-10-22 00:40:20+00:00,13.20692068888889,-1,True,,13.968124389648438,13.8908109664917,19.884746551513672,18.59339904785156,18.90545654296875,22.21964836120605
EP182023:geo:ecc3d54ba601487f,EP182023,Otis,val,2023-10-22 00:50:20+00:00,13.292661355555556,-1,True,,14.091032028198242,14.01750373840332,19.82790184020996,18.469757080078125,18.75470542907715,22.26907157897949
EP182023:geo:75ec10c19c7e7f18,EP182023,Otis,val,2023-10-22 01:00:20+00:00,13.378402022222224,-1,True,,14.45468521118164,14.388882637023926,19.782915115356445,18.594900131225582,18.84246063232422,22.2835693359375
EP182023:geo:7fe7cda7cdfa2702,EP182023,Otis,val,2023-10-22 01:10:20+00:00,13.464142688888888,-1,True,,14.822446823120115,14.745174407958984,19.96825790405273,18.4996337890625,18.700618743896484,22.29900360107422
EP182023:geo:9f07318fd43e2a47,EP182023,Otis,val,2023-10-22 01:20:20+00:00,13.549883355555556,-1,True,,14.531621932983398,14.443833351135254,20.15731239318848,18.52365493774414,18.671049118041992,22.290771484375
EP182023:geo:97a34f807feb0192,EP182023,Otis,val,2023-10-22 01:30:20+00:00,13.635624022222222,-1,True,,14.824291229248049,14.734053611755373,20.360462188720703,18.585912704467773,18.689741134643555,22.16641998291016
EP182023:geo:da2f557efa4ba56d,EP182023,Otis,val,2023-10-22 01:40:20+00:00,13.72136468888889,-1,True,,14.978851318359377,14.87592315673828,20.555572509765625,18.59140014648437,18.66513442993164,21.74385643005371
EP182023:geo:f0bcdca78326b2a6,EP182023,Otis,val,2023-10-22 01:50:20+00:00,13.807105355555557,-1,True,,14.688709259033203,14.563980102539062,20.5531005859375,18.652240753173828,18.681116104125977,21.49792861938477
EP182023:geo:202cb50bf708c86b,EP182023,Otis,val,2023-10-22 02:00:20+00:00,13.892846022222225,-1,True,,14.76776123046875,14.613920211791992,20.521404266357425,18.61317253112793,18.623943328857425,21.66530036926269
EP182023:geo:e914093bbb5fbcab,EP182023,Otis,val,2023-10-22 02:10:20+00:00,13.97858668888889,-1,True,,14.612841606140137,14.423211097717283,20.40908432006836,18.590864181518555,18.6416130065918,21.905447006225582
EP182023:geo:d376798ecdf9986c,EP182023,Otis,val,2023-10-22 02:20:20+00:00,14.064327355555555,-1,True,,14.557491302490234,14.327542304992676,20.359155654907227,18.483078002929688,18.54366874694824,22.104389190673828
EP182023:geo:5a01eed435157e08,EP182023,Otis,val,2023-10-22 02:30:20+00:00,14.150068022222223,-1,True,,14.212604522705078,13.938802719116213,20.3570556640625,18.4859619140625,18.522048950195312,22.152666091918945
EP182023:geo:00b35d35fd3030e8,EP182023,Otis,val,2023-10-22 02:40:20+00:00,14.235808688888888,-1,True,,14.228581428527832,13.9064302444458,20.297096252441406,18.461116790771484,18.48154067993164,22.249229431152344
EP182023:geo:314b277a4c726a88,EP182023,Otis,val,2023-10-22 02:50:20+00:00,14.321549355555556,-1,True,,13.793173789978027,13.409629821777344,20.31446075439453,18.379688262939453,18.35243225097656,22.290069580078125
EP182023:geo:ef2a2949f25c6c53,EP182023,Otis,val,2023-10-22 03:00:20+00:00,14.406337348148147,-1,True,,14.237421035766602,13.694156646728516,21.04869079589844,18.23504066467285,18.15808868408203,22.301082611083984
EP182023:geo:58215c45ea5bc887,EP182023,Otis,val,2023-10-22 03:10:20+00:00,14.463497792592593,-1,True,,13.993313789367676,13.397493362426758,20.899105072021484,18.17192649841309,18.036911010742188,22.15205764770508
EP182023:geo:2bbbfd3426d12af7,EP182023,Otis,val,2023-10-22 03:20:20+00:00,14.520658237037036,-1,True,,14.02655029296875,13.385205268859863,20.829498291015625,18.19053268432617,17.999286651611328,21.96568298339844
EP182023:geo:0575f7bba32a1fdc,EP182023,Otis,val,2023-10-22 03:30:20+00:00,14.577818681481482,-1,True,,13.980592727661133,13.298100471496582,20.75859832763672,18.270797729492188,18.03022575378418,21.747299194335938
EP182023:geo:cf1197e5ba2edfff,EP182023,Otis,val,2023-10-22 03:40:20+00:00,14.634979125925929,-1,True,,13.950787544250488,13.239195823669434,20.79195785522461,18.141565322875977,17.861658096313477,21.757009506225582
EP182023:geo:0dc68924452d057e,EP182023,Otis,val,2023-10-22 03:50:20+00:00,14.69213957037037,-1,True,,13.946002006530762,13.204855918884276,20.74510383605957,18.010910034179688,17.68976593017578,22.04488945007324
EP182023:geo:b0d330fa55a612ce,EP182023,Otis,val,2023-10-22 04:00:20+00:00,14.749300014814816,-1,True,,13.894815444946287,13.12242317199707,20.69013786315918,18.1509952545166,17.7956485748291,22.019603729248047
EP182023:geo:3cb2e77e25110d81,EP182023,Otis,val,2023-10-22 04:10:20+00:00,14.80646045925926,-1,True,,13.79947280883789,13.00246524810791,20.54484748840332,18.56460952758789,18.192005157470703,21.96186828613281
EP182023:geo:6e3ce23b84675e7e,EP182023,Otis,val,2023-10-22 04:20:20+00:00,14.863620903703705,-1,True,,14.289558410644531,13.4767484664917,20.302978515625,18.85279083251953,18.470258712768555,22.1108627319336
EP182023:geo:d28241a642e141cf,EP182023,Otis,val,2023-10-22 04:30:20+00:00,14.920781348148148,-1,True,,13.84954071044922,13.024675369262695,20.034564971923828,18.889514923095703,18.488658905029297,22.164119720458984
EP182023:geo:60e513dee92b881c,EP182023,Otis,val,2023-10-22 04:40:20+00:00,14.977941792592592,-1,True,,14.001934051513672,13.168041229248049,20.013839721679688,18.576698303222656,18.15526008605957,22.09651756286621
EP182023:geo:45cfcc438ff31655,EP182023,Otis,val,2023-10-22 04:50:20+00:00,15.035102237037036,-1,True,,14.278346061706545,13.43361473083496,20.00981903076172,18.677886962890625,18.255863189697266,22.0695915222168
EP182023:geo:db8519c4ea7dc2e6,EP182023,Otis,val,2023-10-22 05:00:20+00:00,15.09226268148148,-1,True,,14.43198013305664,13.56728172302246,19.968366622924805,18.52455139160156,18.093204498291016,22.091686248779297
EP182023:geo:fa9a5b911fcffeee,EP182023,Otis,val,2023-10-22 05:10:20+00:00,15.149423125925926,-1,True,,14.57210636138916,13.682109832763672,19.8280029296875,18.36416816711425,17.90860366821289,21.987205505371094
EP182023:geo:2edd4d8c572313cc,EP182023,Otis,val,2023-10-22 05:20:20+00:00,15.206583570370372,-1,True,,14.655058860778809,13.735346794128418,19.69326400756836,19.00243186950684,18.513288497924805,21.929311752319336
EP182023:geo:dd7f508f4d94b523,EP182023,Otis,val,2023-10-22 05:30:20+00:00,15.263744014814815,-1,True,,14.703583717346191,13.754451751708984,19.526330947875977,19.47180557250977,18.95950698852539,21.882858276367188
EP182023:geo:c37c7bb5455038f5,EP182023,Otis,val,2023-10-22 05:40:20+00:00,15.32090445925926,-1,True,,14.721446990966797,13.753728866577148,19.533878326416016,19.72443962097168,19.193601608276367,21.62823486328125
EP182023:geo:ffa0ded6baf37ae8,EP182023,Otis,val,2023-10-22 05:50:20+00:00,15.378064903703704,-1,True,,14.446928024291992,13.46993637084961,19.499988555908203,20.045629501342773,19.482421875,21.54888153076172
EP182023:geo:a294d8f3700ba535,EP182023,Otis,val,2023-10-22 06:00:20+00:00,15.43332,-1,True,,14.239398002624512,13.256683349609377,19.43718147277832,20.298189163208008,19.709178924560547,21.50173568725586
EP182023:geo:8ed23456e962e5db,EP182023,Otis,val,2023-10-22 06:10:20+00:00,15.43332,-1,True,,14.16848087310791,13.176473617553713,19.48512458801269,19.942346572875977,19.34616470336914,21.43466186523437
EP182023:geo:35a6099b5318bad5,EP182023,Otis,val,2023-10-22 06:20:20+00:00,15.43332,-1,True,,14.084918022155762,13.075724601745604,19.84346389770508,19.5111083984375,18.928543090820312,21.53252220153809
EP182023:geo:0409ab1a73369ea1,EP182023,Otis,val,2023-10-22 06:30:20+00:00,15.43332,-1,True,,14.065576553344728,13.033787727355955,20.00313949584961,19.47078895568848,18.92034149169922,21.46751976013184
EP182023:geo:de2b0d0286babf20,EP182023,Otis,val,2023-10-22 06:40:20+00:00,15.43332,-1,True,,13.988688468933104,12.931357383728027,20.336170196533203,20.157962799072266,19.615089416503903,21.562145233154297
EP182023:geo:94a6f84c4c8d8785,EP182023,Otis,val,2023-10-22 06:50:20+00:00,15.43332,-1,True,,13.90353012084961,12.8230562210083,20.216264724731445,20.86493873596192,20.312259674072266,21.85415840148925
EP182023:geo:eb02540f029d6a3c,EP182023,Otis,val,2023-10-22 07:00:20+00:00,15.43332,-1,True,,13.69001293182373,12.590933799743652,20.373090744018555,21.848791122436523,21.3228702545166,22.55608367919922
EP182023:geo:cd72d842ce83a3dc,EP182023,Otis,val,2023-10-22 07:10:20+00:00,15.43332,-1,True,,13.383852005004885,12.263195037841797,20.923526763916016,22.908876419067383,22.45863914489746,22.60820960998535
EP182023:geo:8c2a02fecbc35043,EP182023,Otis,val,2023-10-22 07:20:20+00:00,15.43332,-1,True,,13.348708152770996,12.210115432739258,20.78424453735352,23.795434951782227,23.478445053100582,22.306331634521484
EP182023:geo:1bfe62d904af6455,EP182023,Otis,val,2023-10-22 07:30:20+00:00,15.43332,-1,True,,13.96231460571289,12.81177806854248,20.604644775390625,24.958097457885746,24.746217727661133,22.13749122619629
EP182023:geo:41aa3a2c67492d4d,EP182023,Otis,val,2023-10-22 07:40:20+00:00,15.43332,-1,True,,14.797246932983398,13.649688720703123,20.739166259765625,26.776758193969727,26.174135208129883,22.46787643432617
EP182023:geo:6822642c0555445e,EP182023,Otis,val,2023-10-22 07:50:20+00:00,15.43332,-1,True,,16.271221160888672,15.162238121032717,20.842681884765625,28.145469665527344,26.95142364501953,22.98061752319336
EP182023:geo:a0d8020e2d45f7f9,EP182023,Otis,val,2023-10-22 08:00:20+00:00,15.43332,-1,True,,17.64552879333496,16.616641998291016,20.81793975830078,28.88877296447754,27.43020248413086,22.72379302978516
EP182023:geo:7e53c577449f3855,EP182023,Otis,val,2023-10-22 08:10:20+00:00,15.43332,-1,True,,18.286231994628903,17.344480514526367,21.34991836547852,29.199663162231445,28.090538024902344,22.613828659057617
EP182023:geo:106970259e00806b,EP182023,Otis,val,2023-10-22 08:20:20+00:00,15.43332,-1,True,,18.82779312133789,17.974559783935547,21.784210205078125,29.419416427612305,28.859315872192383,22.71796607971192
EP182023:geo:0011d54baafc11ba,EP182023,Otis,val,2023-10-22 08:30:20+00:00,15.43332,-1,True,,18.959083557128903,18.149044036865234,21.939428329467773,29.70229148864746,29.21585464477539,23.187131881713867
EP182023:geo:cb0b40556de74dbd,EP182023,Otis,val,2023-10-22 08:40:20+00:00,15.43332,-1,True,,18.657257080078125,17.829551696777344,22.14226150512696,29.659975051879883,29.233238220214844,22.986263275146484
EP182023:geo:38094c58efc38840,EP182023,Otis,val,2023-10-22 08:50:20+00:00,15.43332,-1,True,,18.53142738342285,17.654987335205078,21.98521041870117,29.422700881958008,28.99360466003418,22.95104217529297
EP182023:geo:204a7b8ebc94fc7f,EP182023,Otis,val,2023-10-22 09:00:20+00:00,15.43332,-1,True,,20.943771362304688,20.18448829650879,21.301082611083984,29.21445655822754,28.786853790283203,23.029205322265625
EP182023:geo:f6f64e22cde0f18e,EP182023,Otis,val,2023-10-22 09:10:20+00:00,15.43332,-1,True,,20.135948181152344,19.369739532470703,21.61236953735352,28.59500312805176,28.177431106567383,23.12226295471192
EP182023:geo:c950a44369e5c535,EP182023,Otis,val,2023-10-22 09:20:20+00:00,15.43332,-1,True,,18.176055908203125,17.47735595703125,21.66742706298828,27.451051712036133,26.984533309936523,24.1972713470459
EP182023:geo:0d931fd7c7454757,EP182023,Otis,val,2023-10-22 09:30:20+00:00,15.43332,-1,True,,18.806903839111328,17.982501983642578,21.96279525756836,26.85544776916504,26.335756301879883,26.555912017822266
EP182023:geo:c6e839d5b320f5eb,EP182023,Otis,val,2023-10-22 09:40:20+00:00,15.43332,-1,True,,18.85425567626953,17.907703399658203,22.419151306152344,26.552085876464844,26.0693416595459,25.815662384033203
EP182023:geo:cd15158b8d90d33d,EP182023,Otis,val,2023-10-22 09:50:20+00:00,15.43332,-1,True,,18.36227226257324,17.309932708740234,22.388919830322266,26.012104034423828,25.66878318786621,23.706954956054688
EP182023:geo:170853bb8da07f4b,EP182023,Otis,val,2023-10-22 10:00:20+00:00,15.43332,-1,True,,17.919326782226562,16.826520919799805,22.31321144104004,26.019535064697266,26.019683837890625,23.56776428222656
EP182023:geo:2dfc1489bb99fa42,EP182023,Otis,val,2023-10-22 10:10:20+00:00,15.43332,-1,True,,17.216983795166016,16.111682891845703,22.173234939575195,26.23284912109375,26.143665313720703,25.54955101013184
EP182023:geo:e6e7af7d35539527,EP182023,Otis,val,2023-10-22 10:20:20+00:00,15.43332,-1,True,,17.393999099731445,16.288936614990234,21.94458770751953,25.929197311401367,25.68170547485352,28.1600341796875
EP182023:geo:700a908fe6c99b0e,EP182023,Otis,val,2023-10-22 10:30:20+00:00,15.43332,-1,True,,16.326061248779297,15.236769676208496,21.85100173950196,25.24112701416016,25.013675689697266,28.275484085083008
EP182023:geo:ceaa627d38d24b3a,EP182023,Otis,val,2023-10-22 10:40:20+00:00,15.43332,-1,True,,17.70722198486328,16.63257598876953,21.635210037231445,23.84616470336914,23.881731033325195,26.55417823791504
EP182023:geo:94cc9c0c8840d2a7,EP182023,Otis,val,2023-10-22 10:50:20+00:00,15.43332,-1,True,,17.763416290283203,16.709367752075195,21.30918312072754,22.055509567260746,22.493120193481445,24.39756393432617
EP182023:geo:edd50fd04f843311,EP182023,Otis,val,2023-10-22 11:00:20+00:00,15.43332,-1,True,,17.037174224853516,15.989051818847656,20.959142684936523,21.17119789123535,22.22878837585449,23.66209602355957
EP182023:geo:4ce28d0aa50a687f,EP182023,Otis,val,2023-10-22 11:10:20+00:00,15.43332,-1,True,,16.79064178466797,15.740041732788086,20.71310806274414,21.33696937561035,22.579206466674805,24.09627151489257
EP182023:geo:776d8bac6ebbcc0c,EP182023,Otis,val,2023-10-22 11:20:20+00:00,15.43332,-1,True,,16.91232681274414,15.877737045288086,20.206844329833984,21.876813888549805,23.187639236450195,24.722530364990234
EP182023:geo:c4171533cdf69e56,EP182023,Otis,val,2023-10-22 11:30:20+00:00,15.43332,-1,True,,16.750463485717773,15.714909553527832,19.684892654418945,22.73046875,23.95248031616211,25.886802673339844
EP182023:geo:c06405ed9b266ae6,EP182023,Otis,val,2023-10-22 11:40:20+00:00,15.43332,-1,True,,16.729141235351562,15.670949935913086,19.39846611022949,23.356029510498047,24.440893173217773,27.47345542907715
EP182023:geo:0187adf8561be882,EP182023,Otis,val,2023-10-22 11:50:20+00:00,15.43332,-1,True,,19.644264221191406,18.5855712890625,19.44447326660156,23.58759498596192,24.426647186279297,29.772499084472656
EP182023:geo:3d51bafb52465750,EP182023,Otis,val,2023-10-22 12:00:20+00:00,15.436178022222222,-1,True,,20.298246383666992,19.26470947265625,19.454376220703125,23.42471694946289,23.868690490722656,33.46412658691406
EP182023:geo:b8da196eb07a747e,EP182023,Otis,val,2023-10-22 12:10:20+00:00,15.521918688888888,-1,True,,18.62315368652344,17.60310935974121,19.604061126708984,22.767105102539062,23.14633178710937,29.77172470092773
EP182023:geo:b4f7e6aeeaa13eb5,EP182023,Otis,val,2023-10-22 12:20:20+00:00,15.607659355555557,-1,True,,14.635374069213867,13.72813892364502,19.55142593383789,21.938650131225582,22.770458221435547,25.93218231201172
EP182023:geo:4eeb027d0ef06b14,EP182023,Otis,val,2023-10-22 12:30:20+00:00,15.693400022222225,-1,True,,15.721799850463867,14.877466201782228,19.2196102142334,21.670991897583008,22.67801094055176,26.769643783569336
EP182023:geo:663cd0b89ed33641,EP182023,Otis,val,2023-10-22 12:40:20+00:00,15.779140688888887,-1,True,,17.551612854003906,16.697603225708008,18.950210571289062,21.55192375183105,22.6178035736084,29.50760078430176
EP182023:geo:f89079e6f8b25556,EP182023,Otis,val,2023-10-22 12:50:20+00:00,15.864881355555555,-1,True,,18.97197723388672,18.11640930175781,18.532257080078125,22.00185775756836,23.212890625,31.80648422241211
EP182023:geo:d139cbcdbe8cd737,EP182023,Otis,val,2023-10-22 13:00:20+00:00,15.950622022222223,-1,True,,18.45195770263672,17.62385368347168,18.197906494140625,22.45058822631836,23.66905212402344,34.64484405517578
EP182023:geo:2652ba96e754da5c,EP182023,Otis,val,2023-10-22 13:10:20+00:00,16.03636268888889,-1,True,,17.4660587310791,16.67670440673828,18.15267562866211,22.66512107849121,23.65155792236328,34.99304962158203
EP182023:geo:8278cc9f3247eb4e,EP182023,Otis,val,2023-10-22 13:20:20+00:00,16.122103355555556,-1,True,,17.765762329101562,17.025981903076172,18.269577026367188,23.44994735717773,24.354549407958984,33.42884826660156
EP182023:geo:f64efaaf7626833f,EP182023,Otis,val,2023-10-22 13:30:20+00:00,16.207844022222222,-1,True,,18.05562973022461,17.37673568725586,18.476593017578125,23.476375579833984,24.57881164550781,32.14013671875
EP182023:geo:c76ef5cf89f3da28,EP182023,Otis,val,2023-10-22 13:40:20+00:00,16.29358468888889,-1,True,,16.355119705200195,15.71186637878418,18.74347305297852,23.439027786254883,24.785518646240234,35.42668914794922
EP182023:geo:698b5e4c761c9928,EP182023,Otis,val,2023-10-22 13:50:20+00:00,16.379325355555554,-1,True,,16.98171615600586,16.36086654663086,18.9267635345459,23.606014251708984,25.143394470214844,35.38227081298828
EP182023:geo:fda95e56e5917a56,EP182023,Otis,val,2023-10-22 14:00:20+00:00,16.46506602222222,-1,True,,17.69475555419922,17.09089469909668,19.077625274658203,24.21566200256348,26.184619903564453,37.53683090209961
EP182023:geo:ea0799c5a1efd22a,EP182023,Otis,val,2023-10-22 14:10:20+00:00,16.55080668888889,-1,True,,18.088228225708008,17.508821487426758,19.216285705566406,24.98750877380371,27.459415435791016,37.097110748291016
EP182023:geo:a0c8441d8e0a7fc9,EP182023,Otis,val,2023-10-22 14:20:20+00:00,16.636547355555557,-1,True,,18.355796813964844,17.807167053222656,19.232946395874023,25.851003646850582,28.7573184967041,36.1359748840332
EP182023:geo:211782d9e6a31b07,EP182023,Otis,val,2023-10-22 14:30:20+00:00,16.722288022222223,-1,True,,17.699268341064453,17.176483154296875,19.10973358154297,26.65464973449707,29.49835205078125,36.2646713256836
EP182023:geo:494c45c3d6acc458,EP182023,Otis,val,2023-10-22 14:40:20+00:00,16.80802868888889,-1,True,,16.45266342163086,15.957058906555176,19.049673080444336,28.4863395690918,31.13258171081543,35.808589935302734
EP182023:geo:9813b9b56ab048cb,EP182023,Otis,val,2023-10-22 14:50:20+00:00,16.893769355555555,-1,True,,15.298030853271484,14.838041305541992,18.98387718200684,29.71117210388184,31.92651557922364,37.7493782043457
EP182023:geo:e5733b826d91e248,EP182023,Otis,val,2023-10-22 15:00:20+00:00,16.97855734814815,-1,True,,14.456625938415527,13.83600616455078,22.08378028869629,29.54360008239746,31.45723533630371,38.9161491394043
EP182023:geo:5af3db56ad01e178,EP182023,Otis,val,2023-10-22 15:10:20+00:00,17.035717792592592,-1,True,,14.822367668151855,14.224846839904783,22.119529724121094,28.67755508422852,30.395063400268555,36.60690307617188
EP182023:geo:94ff346de342621d,EP182023,Otis,val,2023-10-22 15:20:20+00:00,17.092878237037038,-1,True,,16.745914459228516,16.15883445739746,22.086559295654297,27.56608772277832,29.37523460388184,32.511558532714844
EP182023:geo:d8b67ded6d57f6d1,EP182023,Otis,val,2023-10-22 15:30:20+00:00,17.15003868148148,-1,True,,18.250503540039062,17.66830825805664,22.05771827697754,26.555438995361328,28.84221839904785,27.77192497253418
EP182023:geo:365219fd945441c4,EP182023,Otis,val,2023-10-22 15:40:20+00:00,17.20719912592593,-1,True,,19.464195251464844,18.86873245239257,22.1088924407959,25.033823013305664,27.93339157104492,26.03470802307129
EP182023:geo:795d91ec387bd959,EP182023,Otis,val,2023-10-22 15:50:20+00:00,17.26435957037037,-1,True,,21.44537353515625,20.822105407714844,22.236736297607425,25.623390197753903,28.65146446228028,25.767229080200195
EP182023:geo:e8b437c440880d01,EP182023,Otis,val,2023-10-22 16:00:20+00:00,17.321520014814816,-1,True,,22.33042526245117,21.66927528381348,22.283296585083008,26.24975776672364,28.74622344970703,26.040189743041992
EP182023:geo:1d2f38ebf1b1ca30,EP182023,Otis,val,2023-10-22 16:10:20+00:00,17.378680459259257,-1,True,,23.18999671936035,22.49853515625,22.14025115966797,26.56627655029297,29.10635757446289,27.19098663330078
EP182023:geo:7b9ab3a85bebff22,EP182023,Otis,val,2023-10-22 16:20:20+00:00,17.435840903703703,-1,True,,23.08041763305664,22.38499641418457,22.184144973754883,26.76415061950684,29.620262145996094,28.23545837402344
EP182023:geo:667292599cdd32dd,EP182023,Otis,val,2023-10-22 16:30:20+00:00,17.49300134814815,0,True,,22.49323844909668,21.807785034179688,22.267126083374023,27.16741180419922,29.22347450256348,28.01947975158692
EP182023:geo:fd4c539f47ba3ac6,EP182023,Otis,val,2023-10-22 16:40:20+00:00,17.550161792592593,0,True,,22.37953186035156,21.70978164672852,22.223201751708984,27.30658912658692,28.4277572631836,28.94900703430176
EP182023:geo:7ac612f00f37f5c0,EP182023,Otis,val,2023-10-22 16:50:20+00:00,17.60732223703704,0,True,,22.108661651611328,21.44413185119629,22.07547378540039,27.339672088623047,28.5473575592041,32.754859924316406
EP182023:geo:bb729aa41df72689,EP182023,Otis,val,2023-10-22 17:00:20+00:00,17.66448268148148,0,True,,20.792869567871094,20.131725311279297,22.221603393554688,27.549400329589844,28.363182067871094,34.23475646972656
EP182023:geo:28c0e1f66b3ab646,EP182023,Otis,val,2023-10-22 17:10:20+00:00,17.721643125925926,0,True,,18.75408172607422,18.122493743896484,22.717294692993164,28.52003288269043,29.073102951049805,34.381126403808594
EP182023:geo:5841e2003249f3c8,EP182023,Otis,val,2023-10-22 17:20:20+00:00,17.778803570370368,0,True,,18.76742553710937,18.15958595275879,22.457637786865234,29.221843719482425,30.03697967529297,35.885990142822266
EP182023:geo:7ba90495de90c435,EP182023,Otis,val,2023-10-22 17:30:20+00:00,17.835964014814817,0,True,,18.45419311523437,17.85714340209961,22.97470474243164,29.91811752319336,31.287227630615234,35.58329391479492
EP182023:geo:e94d3fb8fe5982f3,EP182023,Otis,val,2023-10-22 17:40:20+00:00,17.89312445925926,0,True,,16.849979400634766,16.26700210571289,23.30850601196289,30.06291580200196,31.583568572998047,34.91316223144531
EP182023:geo:b95df279676149e0,EP182023,Otis,val,2023-10-22 17:50:20+00:00,17.950284903703704,0,True,,15.766759872436523,15.207476615905762,23.694276809692383,29.71599006652832,31.226083755493164,32.74195861816406
EP182023:geo:1630f9b7a473f691,EP182023,Otis,val,2023-10-22 18:00:20+00:00,18.00554,0,True,,15.463003158569336,14.915838241577148,23.737775802612305,28.691463470458984,29.67488670349121,31.80339813232422
EP182023:geo:cc2e5eee33db8912,EP182023,Otis,val,2023-10-22 18:10:20+00:00,18.00554,0,True,,15.244671821594238,14.704351425170898,23.971662521362305,27.901254653930664,28.6597900390625,30.68692779541016
EP182023:geo:ee0e1a33f58b585b,EP182023,Otis,val,2023-10-22 18:20:20+00:00,18.00554,0,True,,15.17572021484375,14.643804550170898,24.02507400512696,26.33982276916504,27.09833717346192,30.250957489013672
EP182023:geo:306eafa6028c77db,EP182023,Otis,val,2023-10-22 18:30:20+00:00,18.00554,0,True,,15.809111595153809,15.288198471069336,24.10979652404785,25.287107467651367,26.21623420715332,30.88419342041016
EP182023:geo:96cffda62d43fbfe,EP182023,Otis,val,2023-10-22 18:40:20+00:00,18.00554,0,True,,17.093290328979492,16.575162887573242,24.17860412597656,24.96982192993164,26.865020751953125,32.38994598388672
EP182023:geo:da348848a4288508,EP182023,Otis,val,2023-10-22 18:50:20+00:00,18.00554,0,True,,17.838228225708008,17.313358306884766,24.26374053955078,24.65347671508789,27.22586441040039,31.98009490966797
EP182023:geo:bcc1b47eec0e68e9,EP182023,Otis,val,2023-10-22 19:00:20+00:00,18.00554,0,True,,17.64958381652832,17.122648239135742,24.06986618041992,24.42159843444824,27.12236785888672,31.25200653076172
EP182023:geo:035283ccb5e23672,EP182023,Otis,val,2023-10-22 19:10:20+00:00,18.00554,0,True,,18.053974151611328,17.53063201904297,23.826866149902344,24.301456451416016,27.05706787109375,30.530460357666016
EP182023:geo:37b2af8a9c4536af,EP182023,Otis,val,2023-10-22 19:20:20+00:00,18.00554,0,True,,18.497163772583008,17.978269577026367,23.68743324279785,24.268712997436523,27.026519775390625,29.32201766967773
EP182023:geo:e3ea3f0cce0259af,EP182023,Otis,val,2023-10-22 19:30:20+00:00,18.00554,0,True,,18.444957733154297,17.927417755126953,23.585161209106445,24.493593215942383,27.25913429260254,27.75153350830078
EP182023:geo:c1cf49c2fe15bd86,EP182023,Otis,val,2023-10-22 19:40:20+00:00,18.00554,0,True,,18.09367561340332,17.572534561157227,23.36160087585449,24.709815979003903,27.584348678588867,26.20492553710937
EP182023:geo:917690f1d9bb17d6,EP182023,Otis,val,2023-10-22 19:50:20+00:00,18.00554,0,True,,18.36433982849121,17.840557098388672,23.25523376464844,25.585147857666016,28.37366104125977,25.62339782714844
EP182023:geo:98a51e558a41aef5,EP182023,Otis,val,2023-10-22 20:00:20+00:00,18.00554,0,True,,18.236587524414062,17.711618423461914,23.06070327758789,25.99407768249512,28.337865829467773,26.082693099975582
EP182023:geo:f9104a221fc0b285,EP182023,Otis,val,2023-10-22 20:10:20+00:00,18.00554,0,True,,18.345203399658203,17.82015609741211,23.00288772583008,26.26359367370605,28.21202278137207,27.44897079467773
EP182023:geo:aed608e4cf544247,EP182023,Otis,val,2023-10-22 20:20:20+00:00,18.00554,0,True,,18.67948532104492,18.157772064208984,22.8507022857666,26.562259674072266,28.31477165222168,28.599441528320312
EP182023:geo:0941180608f291b7,EP182023,Otis,val,2023-10-22 20:30:20+00:00,18.00554,0,True,,18.963268280029297,18.443872451782227,22.431262969970703,26.97931289672852,29.01532745361328,27.90101623535156
EP182023:geo:55073ebd6c97e532,EP182023,Otis,val,2023-10-22 20:40:20+00:00,18.00554,0,True,,19.07762908935547,18.565692901611328,22.39801597595215,27.00703811645508,29.30517196655273,27.16035461425781
EP182023:geo:27bddf7a6c190eee,EP182023,Otis,val,2023-10-22 20:50:20+00:00,18.00554,0,True,,18.896728515625,18.399845123291016,22.40921401977539,26.6450309753418,29.15701675415039,27.50289535522461
EP182023:geo:259dff68c6da2617,EP182023,Otis,val,2023-10-22 21:00:20+00:00,18.00554,0,True,,21.71430015563965,21.468093872070312,33.578163146972656,26.25497055053711,28.865997314453125,27.4592342376709
EP182023:geo:7f506074b8b46148,EP182023,Otis,val,2023-10-22 21:10:20+00:00,18.00554,0,True,,20.3494815826416,20.142627716064453,33.569480895996094,25.972570419311523,28.68606948852539,27.348011016845703
EP182023:geo:c5d0899713a28a7a,EP182023,Otis,val,2023-10-22 21:20:20+00:00,18.00554,0,True,,20.67269515991211,20.503211975097656,33.59279251098633,25.605695724487305,28.31564712524414,27.68071746826172
EP182023:geo:cf2244f78bd9378f,EP182023,Otis,val,2023-10-22 21:30:20+00:00,18.00554,0,True,,21.2979736328125,21.09502410888672,33.263511657714844,25.34275245666504,28.05180931091309,28.322641372680664
EP182023:geo:a2578c830001a246,EP182023,Otis,val,2023-10-22 21:40:20+00:00,18.00554,0,True,,21.785125732421875,21.52158737182617,32.804298400878906,25.09017944335937,27.76490592956543,29.76834487915039
EP182023:geo:706f4720c5e898e8,EP182023,Otis,val,2023-10-22 21:50:20+00:00,18.00554,0,True,,22.21990966796875,21.918289184570312,32.875030517578125,24.90898704528809,27.474254608154297,30.408432006835938
EP182023:geo:1b80ae956cea5ba4,EP182023,Otis,val,2023-10-22 22:00:20+00:00,18.00554,0,True,,22.28275680541992,21.966455459594727,33.03632354736328,24.895183563232425,27.274024963378903,30.14725875854492
EP182023:geo:38a67d9a7c8a0b17,EP182023,Otis,val,2023-10-22 22:10:20+00:00,18.00554,0,True,,22.176586151123047,21.86286163330078,33.016685485839844,24.78288078308105,27.045574188232425,29.92029571533203
EP182023:geo:879897c9b943a64e,EP182023,Otis,val,2023-10-22 22:20:20+00:00,18.00554,0,True,,21.88245391845703,21.580303192138672,33.050758361816406,24.36218643188477,26.5449161529541,30.67188262939453
EP182023:geo:1f26512b049deb18,EP182023,Otis,val,2023-10-22 22:30:20+00:00,18.00554,0,True,,21.527034759521484,21.242820739746094,33.32220458984375,23.255897521972656,25.555139541625977,31.58230209350586
EP182023:geo:4677fa7a8406f154,EP182023,Otis,val,2023-10-22 22:40:20+00:00,18.00554,0,True,,21.316909790039062,21.04737663269043,33.51640701293945,22.066133499145508,24.497211456298828,32.10010528564453
EP182023:geo:ea1ee0126bdd69ac,EP182023,Otis,val,2023-10-22 22:50:20+00:00,18.00554,0,True,,21.46649169921875,21.194530487060547,33.479766845703125,21.106578826904297,23.1935977935791,32.231597900390625
EP182023:geo:8d4056975ad41641,EP182023,Otis,val,2023-10-22 23:00:20+00:00,18.00554,0,True,,21.60940361022949,21.33348274230957,33.22844696044922,20.353984832763672,21.93489456176757,32.124202728271484
EP182023:geo:f4582d7e9e4f68ab,EP182023,Otis,val,2023-10-22 23:10:20+00:00,18.00554,0,True,,21.59516906738281,21.29801368713379,32.15457534790039,19.658233642578125,20.9129695892334,30.961524963378903
EP182023:geo:9d6dea8c1aab2813,EP182023,Otis,val,2023-10-22 23:20:20+00:00,18.00554,0,True,,21.533428192138672,21.21505355834961,31.416364669799805,18.553789138793945,19.578832626342773,29.122758865356445
EP182023:geo:bd782983f3e8d942,EP182023,Otis,val,2023-10-22 23:30:20+00:00,18.00554,0,True,,21.58023452758789,21.23612594604492,30.844890594482425,17.463409423828125,18.415924072265625,28.477935791015625
EP182023:geo:4454e6e1a5a1d97e,EP182023,Otis,val,2023-10-22 23:40:20+00:00,18.00554,0,True,,21.718446731567383,21.352554321289062,29.7661361694336,16.39558219909668,17.347566604614258,28.096511840820312
EP182023:geo:bd969a1268615cb2,EP182023,Otis,val,2023-10-22 23:50:20+00:00,18.00554,0,True,,21.891008377075195,21.505510330200195,28.40157890319824,15.731372833251951,16.627546310424805,26.93985748291016
EP182023:geo:fb3b2bdc9b0dc265,EP182023,Otis,val,2023-10-23 00:00:20+00:00,18.00554,0,True,,21.94903945922852,21.548309326171875,27.256553649902344,17.075986862182617,17.917394638061523,23.9113883972168
EP182023:geo:97020c60ee99b451,EP182023,Otis,val,2023-10-23 00:10:20+00:00,18.00554,0,True,,21.97185134887696,21.56110382080078,26.609786987304688,18.567157745361328,19.35988044738769,21.680315017700195
EP182023:geo:d972767d805934a8,EP182023,Otis,val,2023-10-23 00:20:20+00:00,18.00554,0,True,,22.061443328857425,21.633922576904297,25.81608390808105,18.66789054870605,19.409297943115234,21.185623168945312
EP182023:geo:1949273a20ed4e54,EP182023,Otis,val,2023-10-23 00:30:20+00:00,18.00554,0,True,,22.274066925048828,21.8283748626709,25.01669692993164,18.37761878967285,19.06154060363769,21.57303047180176
EP182023:geo:17493dffee5dc5a4,EP182023,Otis,val,2023-10-23 00:40:20+00:00,18.00554,0,True,,22.528791427612305,22.063396453857425,23.880205154418945,18.061023712158203,18.66110610961914,21.816051483154297
EP182023:geo:e63e304c06207f2a,EP182023,Otis,val,2023-10-23 00:50:20+00:00,18.00554,0,True,,22.719118118286133,22.230945587158203,22.90912818908692,17.81171417236328,18.34473419189453,21.73777198791504
EP182023:geo:629ec3a53db24123,EP182023,Otis,val,2023-10-23 01:00:20+00:00,18.00554,0,True,,22.78082656860352,22.26787376403809,22.18033218383789,17.98703956604004,18.61517906188965,21.595355987548828
EP182023:geo:446eda5e2e9d797a,EP182023,Otis,val,2023-10-23 01:10:20+00:00,18.00554,0,True,,22.74440574645996,22.210628509521484,21.547622680664062,18.45436286926269,19.10001564025879,21.481046676635746
EP182023:geo:07a3bea6e11a6ebb,EP182023,Otis,val,2023-10-23 01:20:20+00:00,18.00554,0,True,,22.71644592285156,22.153356552124023,21.21578788757324,18.75544548034668,19.282304763793945,21.44484519958496
EP182023:geo:8543b20434d199e2,EP182023,Otis,val,2023-10-23 01:30:20+00:00,18.00554,0,True,,22.81410217285156,22.21996307373047,21.306615829467773,18.651721954345703,19.101747512817383,21.67490768432617
EP182023:geo:ecfddc214cff4653,EP182023,Otis,val,2023-10-23 01:40:20+00:00,18.00554,0,True,,22.80356407165528,22.15301322937012,21.51770401000977,18.45744132995605,18.84808349609375,21.8060245513916
EP182023:geo:3443277002b12925,EP182023,Otis,val,2023-10-23 01:50:20+00:00,18.00554,0,True,,22.74233627319336,22.03033828735352,21.922727584838867,18.6695499420166,19.000682830810547,21.87662124633789
EP182023:geo:42aa01c3a1494e38,EP182023,Otis,val,2023-10-23 02:00:20+00:00,18.00554,0,True,,22.65301513671875,21.877365112304688,22.09980010986328,18.836212158203125,19.09565734863281,22.112924575805664
EP182023:geo:2d33663ef1a10130,EP182023,Otis,val,2023-10-23 02:10:20+00:00,18.00554,0,True,,22.53433609008789,21.700164794921875,22.030611038208008,18.670032501220703,18.909988403320312,22.053607940673828
EP182023:geo:0a8deac8f6dede31,EP182023,Otis,val,2023-10-23 02:20:20+00:00,18.00554,0,True,,22.41583251953125,21.53864288330078,21.928918838500977,18.7264347076416,18.9371337890625,22.204057693481445
EP182023:geo:f27e8258d7487b9a,EP182023,Otis,val,2023-10-23 02:30:20+00:00,18.00554,0,True,,22.171220779418945,21.25817108154297,21.75031280517578,18.68326759338379,18.863401412963867,22.37972640991211
EP182023:geo:3ba303c1502e4677,EP182023,Otis,val,2023-10-23 02:40:20+00:00,18.00554,0,True,,22.03730010986328,21.090490341186523,21.733476638793945,18.505823135375977,18.67793846130371,22.515045166015625
EP182023:geo:6056f8e74a574381,EP182023,Otis,val,2023-10-23 02:50:20+00:00,18.00554,0,True,,21.957029342651367,20.99007797241211,21.71869659423828,18.56800842285156,18.69499397277832,22.54241752624512
EP182023:geo:61754707b45d9237,EP182023,Otis,val,2023-10-23 03:00:20+00:00,18.00554,0,True,,23.113264083862305,22.068302154541016,20.885766983032227,18.843111038208008,18.92258071899414,22.56013870239257
EP182023:geo:d6193d157834078c,EP182023,Otis,val,2023-10-23 03:10:20+00:00,18.00554,0,True,,22.32598304748535,21.265037536621094,20.68076705932617,19.42387580871582,19.47836875915528,22.325746536254883
EP182023:geo:3d3242c18716d305,EP182023,Otis,val,2023-10-23 03:20:20+00:00,18.00554,0,True,,20.42072296142578,19.35405731201172,20.526073455810547,20.195213317871094,20.17156791687012,22.41120719909668
EP182023:geo:46c70d8b52434e18,EP182023,Otis,val,2023-10-23 03:30:20+00:00,18.00554,0,True,,20.37802696228028,19.30217170715332,20.34085464477539,20.937374114990234,20.87280464172364,22.198143005371094
EP182023:geo:2c1bbd628d9ba01c,EP182023,Otis,val,2023-10-23 03:40:20+00:00,18.00554,0,True,,21.13398551940918,20.03329467773437,20.45821762084961,20.99907112121582,20.897310256958008,22.08678436279297
EP182023:geo:5b83cdb530bee24e,EP182023,Otis,val,2023-10-23 03:50:20+00:00,18.00554,0,True,,21.459287643432617,20.32209205627441,20.857208251953125,20.40635299682617,20.27606010437012,21.88031005859375
EP182023:geo:f21cebe70dfaaa9d,EP182023,Otis,val,2023-10-23 04:00:20+00:00,18.00554,0,True,,22.263551712036133,21.08460998535156,21.163423538208008,20.62826538085937,20.475208282470703,21.65530014038086
EP182023:geo:b19b85a86a03530e,EP182023,Otis,val,2023-10-23 04:10:20+00:00,18.00554,0,True,,23.0669174194336,21.84781646728516,21.28767776489257,20.63900756835937,20.46051788330078,21.883337020874023
EP182023:geo:b215d4149db6d583,EP182023,Otis,val,2023-10-23 04:20:20+00:00,18.00554,0,True,,23.53348922729492,22.286922454833984,21.137779235839844,20.09492301940918,19.928369522094727,22.212221145629883
EP182023:geo:c9786708f4573bfe,EP182023,Otis,val,2023-10-23 04:30:20+00:00,18.00554,0,True,,23.34899139404297,22.10101127624512,20.93610000610352,19.851430892944336,19.74282455444336,22.17668342590332
EP182023:geo:9d0ec3e26b1903b0,EP182023,Otis,val,2023-10-23 04:40:20+00:00,18.00554,0,True,,23.08232307434082,21.85716819763184,21.025150299072266,21.155250549316406,21.114620208740234,22.244354248046875
EP182023:geo:cc79c7b339b4bc45,EP182023,Otis,val,2023-10-23 04:50:20+00:00,18.00554,0,True,,23.36948776245117,22.17669677734375,21.321645736694336,22.307355880737305,22.13606834411621,22.428686141967773
EP182023:geo:d4b0c5e115971d90,EP182023,Otis,val,2023-10-23 05:00:20+00:00,18.00554,0,True,,23.94626235961914,22.78829574584961,21.358692169189453,23.38132095336914,22.99707794189453,22.46426582336425
EP182023:geo:07a7c29909c08e83,EP182023,Otis,val,2023-10-23 05:10:20+00:00,18.00554,0,True,,23.74640846252441,22.63623237609864,21.439151763916016,24.2591609954834,23.74238967895508,22.3864688873291
EP182023:geo:f4abb27950076176,EP182023,Otis,val,2023-10-23 05:20:20+00:00,18.00554,0,True,,23.407495498657227,22.330137252807617,21.753612518310547,24.984962463378903,24.405412673950195,22.44493103027344
EP182023:geo:43ed5ec0519e583d,EP182023,Otis,val,2023-10-23 05:30:20+00:00,18.00554,0,True,,23.03815078735352,21.987106323242188,22.105443954467773,25.31590843200684,24.74935913085937,22.37235641479492
EP182023:geo:a7b1e95d6b1ff340,EP182023,Otis,val,2023-10-23 05:40:20+00:00,18.00554,0,True,,23.310779571533203,22.24202537536621,22.178756713867188,25.89858627319336,25.25640869140625,22.7177734375
EP182023:geo:8a0e83ca4a5f7e1c,EP182023,Otis,val,2023-10-23 05:50:20+00:00,18.00554,0,True,,23.720102310180664,22.67926788330078,22.097332000732425,26.69608688354492,25.805740356445312,22.861469268798828
EP182023:geo:7765b15b1b6dd9f5,EP182023,Otis,val,2023-10-23 06:00:20+00:00,18.00839802222222,0,True,,23.824874877929688,22.831581115722656,21.977685928344727,27.33214569091797,26.11467361450196,22.818096160888672
EP182023:geo:18d94f1c29a21603,EP182023,Otis,val,2023-10-23 06:10:20+00:00,18.09413868888889,0,True,,23.940853118896484,23.00966453552246,21.8908920288086,27.94267845153809,26.61374855041504,22.76631736755371
EP182023:geo:fa6e4816b273a549,EP182023,Otis,val,2023-10-23 06:20:20+00:00,18.17987935555556,0,True,,23.944747924804688,23.052196502685547,21.68515586853028,28.66527557373047,27.336286544799805,22.795141220092773
EP182023:geo:d138ea35b1eee0b4,EP182023,Otis,val,2023-10-23 06:30:20+00:00,18.265620022222222,0,True,,24.02193260192871,23.080421447753903,21.69428253173828,29.40802764892578,28.23510360717773,22.780378341674805
EP182023:geo:80eb08c6e8125788,EP182023,Otis,val,2023-10-23 06:40:20+00:00,18.35136068888889,0,True,,23.783823013305664,22.74845314025879,21.80292510986328,30.00164031982422,29.04069900512696,22.8369255065918
EP182023:geo:ba637956425e3dca,EP182023,Otis,val,2023-10-23 06:50:20+00:00,18.437101355555555,0,True,,23.87141799926757,22.72661399841309,21.9351749420166,30.23558235168457,29.43441390991211,22.93929672241211
EP182023:geo:839f095880ca5e6a,EP182023,Otis,val,2023-10-23 07:00:20+00:00,18.52284202222222,0,True,,23.95992660522461,22.754337310791016,22.353389739990234,30.29456901550293,29.62380027770996,22.825767517089844
EP182023:geo:b7e14db7bf1925ba,EP182023,Otis,val,2023-10-23 07:10:20+00:00,18.60858268888889,0,True,,23.547088623046875,22.32156181335449,22.66875457763672,30.12764549255371,29.5000114440918,22.76670455932617
EP182023:geo:434db8fefa01375e,EP182023,Otis,val,2023-10-23 07:20:20+00:00,18.69432335555556,0,True,,23.235492706298828,21.98437690734864,22.90244674682617,29.973527908325195,29.368406295776367,22.95748519897461
EP182023:geo:75eca19be31efa07,EP182023,Otis,val,2023-10-23 07:30:20+00:00,18.78006402222222,0,True,,23.350749969482425,22.08618354797364,23.326492309570312,30.254493713378903,29.6999454498291,23.132568359375
EP182023:geo:14e86d4da1944297,EP182023,Otis,val,2023-10-23 07:40:20+00:00,18.86580468888889,0,True,,23.481231689453125,22.21540641784668,23.60025978088379,30.56085777282715,30.06232452392578,23.20932006835937
EP182023:geo:7d909ad5e6d66c9e,EP182023,Otis,val,2023-10-23 07:50:20+00:00,18.95154535555556,0,True,,23.516225814819336,22.25487899780273,23.69150161743164,30.592164993286133,30.167505264282227,23.69841957092285
EP182023:geo:d030fa0b57ea7d1a,EP182023,Otis,val,2023-10-23 08:00:20+00:00,19.037286022222226,0,True,,23.79052352905273,22.553173065185547,23.70027732849121,30.374345779418945,29.902908325195312,24.26747131347656
EP182023:geo:e4986dc18e4fe315,EP182023,Otis,val,2023-10-23 08:10:20+00:00,19.12302668888889,0,True,,23.516639709472656,22.37700462341309,23.60054588317871,30.136573791503903,29.441293716430664,23.862449645996094
EP182023:geo:29110dbef289b252,EP182023,Otis,val,2023-10-23 08:20:20+00:00,19.208767355555555,0,True,,23.017099380493164,22.035274505615234,23.738365173339844,29.68644523620605,29.101131439208984,25.850950241088867
EP182023:geo:333ddaf108bd9205,EP182023,Otis,val,2023-10-23 08:30:20+00:00,19.29450802222222,0,True,,23.283849716186523,22.41806030273437,23.66860008239746,28.975975036621094,28.55805397033692,25.23645401000977
EP182023:geo:b54d357c2cfeb28a,EP182023,Otis,val,2023-10-23 08:40:20+00:00,19.38024868888889,0,True,,23.9884033203125,23.100833892822266,23.59262084960937,28.63227653503418,28.37360954284668,24.95800399780273
EP182023:geo:623f94ebc84baf5f,EP182023,Otis,val,2023-10-23 08:50:20+00:00,19.46598935555556,0,True,,24.803556442260746,23.76850128173828,23.084827423095703,28.378707885742188,28.25259590148925,24.84412002563477
EP182023:geo:1ed1872f0629cba7,EP182023,Otis,val,2023-10-23 09:00:20+00:00,19.55077734814815,0,True,,22.482097625732425,21.614398956298828,20.2910099029541,27.45759010314941,27.23392868041992,23.97964096069336
EP182023:geo:b3b54c8364182b9b,EP182023,Otis,val,2023-10-23 09:10:20+00:00,19.6079377925926,0,True,,22.63662910461425,21.675500869750977,20.29414367675781,26.66445541381836,26.53331184387207,22.939525604248047
EP182023:geo:d3f3a8bb6ca6b68b,EP182023,Otis,val,2023-10-23 09:20:20+00:00,19.66509823703704,0,True,,22.249977111816406,21.19754981994629,20.37844467163086,26.012584686279297,26.22480583190918,22.65796089172364
EP182023:geo:7a58794622fb1762,EP182023,Otis,val,2023-10-23 09:30:20+00:00,19.72225868148148,0,True,,22.401914596557617,21.26575088500977,20.246671676635746,25.27176284790039,25.88168907165528,22.932506561279297
EP182023:geo:cd60fa2c7d70a473,EP182023,Otis,val,2023-10-23 09:40:20+00:00,19.779419125925926,0,True,,19.682043075561523,18.46187973022461,20.194467544555664,24.39457130432129,25.507083892822266,22.73528289794922
EP182023:geo:e7dac65fcc9a96ff,EP182023,Otis,val,2023-10-23 09:50:20+00:00,19.83657957037037,0,True,,20.48053932189941,19.21260643005371,20.19378662109375,23.408754348754883,24.952655792236328,22.95039749145508
EP182023:geo:9050921176d00822,EP182023,Otis,val,2023-10-23 10:00:20+00:00,19.893740014814817,0,True,,21.21856689453125,19.93781089782715,20.411216735839844,22.50257873535156,23.763301849365234,23.0697021484375
EP182023:geo:672c90fc1974f64d,EP182023,Otis,val,2023-10-23 10:10:20+00:00,19.95090045925926,0,True,,21.41825485229492,20.13957595825196,20.436429977416992,21.2603759765625,22.260189056396484,23.03927230834961
EP182023:geo:d27099d7b2d4144f,EP182023,Otis,val,2023-10-23 10:20:20+00:00,20.008060903703704,0,True,,21.116729736328125,19.850175857543945,20.43851089477539,20.17489051818848,21.05977439880371,23.008235931396484
EP182023:geo:6555a0748df2fd24,EP182023,Otis,val,2023-10-23 10:30:20+00:00,20.06522134814815,0,True,,19.94539260864257,18.694793701171875,20.18951988220215,19.44651222229004,20.35125160217285,22.94697952270508
EP182023:geo:4a833268cd45edf9,EP182023,Otis,val,2023-10-23 10:40:20+00:00,20.12238179259259,0,True,,20.1872787475586,18.94940185546875,20.28126335144043,19.19178009033203,20.152263641357425,23.08797073364257
EP182023:geo:8123f2147fbe2b9c,EP182023,Otis,val,2023-10-23 10:50:20+00:00,20.17954223703704,0,True,,21.12725830078125,19.901758193969727,20.17849349975586,19.09440040588379,20.12063789367676,23.240402221679688
EP182023:geo:715214de766505ec,EP182023,Otis,val,2023-10-23 11:00:20+00:00,20.23670268148148,0,True,,20.833171844482425,19.60820198059082,20.02468490600586,18.965375900268555,20.10190200805664,23.063003540039062
EP182023:geo:97fc2a1c3190caec,EP182023,Otis,val,2023-10-23 11:10:20+00:00,20.293863125925927,0,True,,19.99442672729492,18.76078414916992,19.99399185180664,18.899076461791992,20.13757705688477,22.90739250183105
EP182023:geo:8833b6b35c6e8313,EP182023,Otis,val,2023-10-23 11:20:20+00:00,20.35102357037037,0,True,,18.296329498291016,17.052555084228516,20.256860733032227,18.672475814819336,20.03662872314453,23.105865478515625
EP182023:geo:3f994aa09bd3b644,EP182023,Otis,val,2023-10-23 11:30:20+00:00,20.40818401481481,0,True,,21.447921752929688,20.206716537475582,20.75942611694336,18.88850212097168,20.3879623413086,23.419063568115234
EP182023:geo:d304c302d8d2a219,EP182023,Otis,val,2023-10-23 11:40:20+00:00,20.465344459259256,0,True,,22.759979248046875,21.52955818176269,21.19344520568848,18.69739532470703,20.326190948486328,23.30145263671875
EP182023:geo:446611788c70f045,EP182023,Otis,val,2023-10-23 11:50:20+00:00,20.522504903703705,0,True,,24.68419647216797,23.465330123901367,21.711837768554688,19.30296516418457,21.07659339904785,22.83433532714844
EP182023:geo:faebbfaa7ca4bc48,EP182023,Otis,val,2023-10-23 12:00:20+00:00,20.58061802222222,0,True,,26.23596954345703,25.030776977539062,22.052635192871094,19.86883354187012,21.79145622253418,22.848018646240234
EP182023:geo:fbe40e2ff778adbc,EP182023,Otis,val,2023-10-23 12:10:20+00:00,20.66635868888889,0,True,,27.33795547485352,26.15263557434082,22.10611343383789,20.743152618408203,22.791400909423828,23.32721710205078
EP182023:geo:7a16a3b5e66b27e5,EP182023,Otis,val,2023-10-23 12:20:20+00:00,20.75209935555556,0,True,,27.671838760375977,26.50901222229004,21.44725608825684,21.49347496032715,23.654491424560547,22.88033676147461
EP182023:geo:364bff485d5b21f7,EP182023,Otis,val,2023-10-23 12:30:20+00:00,20.83784002222222,0,True,,27.93127822875977,26.794771194458008,21.231199264526367,21.444744110107425,23.703170776367188,22.094825744628903
EP182023:geo:2dd2bfaeb145dfe4,EP182023,Otis,val,2023-10-23 12:40:20+00:00,20.92358068888889,0,True,,27.98896026611328,26.882110595703125,21.10615921020508,20.93525505065918,23.273765563964844,21.964988708496094
EP182023:geo:0018507496142092,EP182023,Otis,val,2023-10-23 12:50:20+00:00,21.00932135555556,0,True,,27.73431396484375,26.65475082397461,20.56681060791016,20.607580184936523,23.040809631347656,22.437435150146484
EP182023:geo:2de534fd5c3bea0e,EP182023,Otis,val,2023-10-23 13:00:20+00:00,21.095062022222223,0,True,,27.46138000488281,26.4011459350586,20.76318550109864,20.515869140625,23.029693603515625,23.32626724243164
EP182023:geo:1adeebcfcdb05fa3,EP182023,Otis,val,2023-10-23 13:10:20+00:00,21.18080268888889,0,True,,27.228404998779297,26.18206787109375,20.947980880737305,20.32852554321289,22.908706665039062,23.67532730102539
EP182023:geo:ead6a2064c31cb81,EP182023,Otis,val,2023-10-23 13:20:20+00:00,21.266543355555555,0,True,,26.81506729125977,25.77376365661621,20.846332550048828,20.059232711791992,22.702045440673828,23.390682220458984
EP182023:geo:52714e3c27506d83,EP182023,Otis,val,2023-10-23 13:30:20+00:00,21.35228402222222,0,True,,26.09516143798828,25.060148239135746,20.8427848815918,19.77408599853516,22.462158203125,23.01294708251953
EP182023:geo:6ec307d8fa7dc9e7,EP182023,Otis,val,2023-10-23 13:40:20+00:00,21.43802468888889,0,True,,25.199682235717773,24.170238494873047,20.81118392944336,19.519756317138672,22.230270385742188,22.668699264526367
EP182023:geo:38e86f590f6d1363,EP182023,Otis,val,2023-10-23 13:50:20+00:00,21.52376535555556,0,True,,23.748912811279297,22.720569610595703,20.6563720703125,19.346454620361328,22.046464920043945,22.3833122253418
EP182023:geo:8ea7c09a14d32b20,EP182023,Otis,val,2023-10-23 14:00:20+00:00,21.60950602222222,0,True,,22.61001205444336,21.58064651489257,20.5683822631836,19.200868606567383,21.899980545043945,22.342214584350582
EP182023:geo:3919d86f50acb7b2,EP182023,Otis,val,2023-10-23 14:10:20+00:00,21.69524668888889,0,True,,21.86266326904297,20.839017868041992,20.51067543029785,19.093271255493164,21.803131103515625,22.38773536682129
EP182023:geo:74f04370fe30ff01,EP182023,Otis,val,2023-10-23 14:20:20+00:00,21.78098735555556,0,True,,21.02380752563477,20.01063537597656,20.579811096191406,19.05641365051269,21.76946830749512,22.506324768066406
EP182023:geo:dc10d70c8a1b85c1,EP182023,Otis,val,2023-10-23 14:30:20+00:00,21.866728022222222,0,True,,20.54691696166992,19.54893112182617,21.77260398864746,19.00547790527344,21.734657287597656,22.757492065429688
EP182023:geo:e5e51c605d953ff2,EP182023,Otis,val,2023-10-23 14:40:20+00:00,21.95246868888889,0,True,,20.756179809570312,19.77549171447754,22.57934188842773,18.85076141357422,21.580188751220703,22.940977096557617
EP182023:geo:2f3deb30a18b126b,EP182023,Otis,val,2023-10-23 14:50:20+00:00,22.038209355555555,0,True,,20.897441864013672,19.93202018737793,22.61897659301757,18.65986442565918,21.33650588989257,23.045753479003903
EP182023:geo:2e0586dc3a9108e9,EP182023,Otis,val,2023-10-23 15:00:20+00:00,22.12299734814815,0,True,,21.437355041503903,20.61183357238769,20.99481010437012,18.43568420410156,21.069774627685547,22.85932922363281
EP182023:geo:047d59cdeb6ea71d,EP182023,Otis,val,2023-10-23 15:10:20+00:00,22.180157792592592,0,True,,20.99567222595215,20.18087577819824,21.283565521240234,18.310523986816406,20.86681365966797,22.50987434387207
EP182023:geo:a2b4cff22ed680cf,EP182023,Otis,val,2023-10-23 15:20:20+00:00,22.23731823703704,0,True,,20.81440544128418,20.004487991333008,21.44508934020996,18.21576881408692,20.73986053466797,22.442550659179688
EP182023:geo:5a2cd0146e663933,EP182023,Otis,val,2023-10-23 15:30:20+00:00,22.294478681481483,0,True,,20.81049156188965,19.99758529663086,21.445526123046875,18.02130508422852,20.46210479736328,22.62457656860352
EP182023:geo:5c9f388f26cad6e3,EP182023,Otis,val,2023-10-23 15:40:20+00:00,22.351639125925928,0,True,,20.517724990844727,19.69547843933105,21.388839721679688,17.829849243164062,20.236082077026367,22.83584976196289
EP182023:geo:071dcf2c6d0b2919,EP182023,Otis,val,2023-10-23 15:50:20+00:00,22.40879957037037,0,True,,20.12804412841797,19.29295921325684,21.29936790466309,17.756732940673828,20.225906372070312,22.83339500427246
EP182023:geo:8ac55a839c892263,EP182023,Otis,val,2023-10-23 16:00:20+00:00,22.46596001481481,0,True,,20.03006362915039,19.18427848815918,21.308996200561523,17.867551803588867,20.42611694335937,22.60752868652344
EP182023:geo:2694df62e0a87904,EP182023,Otis,val,2023-10-23 16:10:20+00:00,22.523120459259257,0,True,,20.27272605895996,19.4206600189209,21.280010223388672,18.07450485229492,20.616361618041992,22.282581329345703
EP182023:geo:ef5727211ba0db22,EP182023,Otis,val,2023-10-23 16:20:20+00:00,22.580280903703706,0,True,,20.26805686950684,19.410797119140625,21.42757034301757,18.2730712890625,20.75934791564941,22.24365234375
EP182023:geo:d5c8f964387e403e,EP182023,Otis,val,2023-10-23 16:30:20+00:00,22.63744134814815,0,True,,20.32526588439941,19.465892791748047,21.508695602416992,18.502450942993164,21.02264213562012,22.41067886352539
EP182023:geo:2398c1f49cbc93c7,EP182023,Otis,val,2023-10-23 16:40:20+00:00,22.6946017925926,0,True,,20.72845268249512,19.86957550048828,21.61284637451172,18.95120048522949,21.49135971069336,22.525510787963867
EP182023:geo:355aa9de3240a6b1,EP182023,Otis,val,2023-10-23 16:50:20+00:00,22.75176223703704,0,True,,20.800477981567383,19.941200256347656,21.86540603637696,19.154848098754883,21.69445037841797,22.59301948547364
EP182023:geo:ed154afda62e1d40,EP182023,Otis,val,2023-10-23 17:00:20+00:00,22.80892268148148,0,True,,20.3674430847168,19.50679016113281,22.39145469665528,19.24636459350586,21.65049171447754,22.577924728393555
EP182023:geo:3d03de6d951d4e6f,EP182023,Otis,val,2023-10-23 17:10:20+00:00,22.86608312592593,0,True,,19.23406219482422,18.36945343017578,22.81977844238281,19.39734268188477,21.74441337585449,22.713924407958984
EP182023:geo:1062c7923cd48b51,EP182023,Otis,val,2023-10-23 17:20:20+00:00,22.92324357037037,0,True,,18.03208923339844,17.165807723999023,23.08731269836425,19.60264778137207,21.916542053222656,22.832672119140625
EP182023:geo:cdd006dda21c6d69,EP182023,Otis,val,2023-10-23 17:30:20+00:00,22.980404014814816,0,True,,18.56752586364746,17.706695556640625,23.051307678222656,19.92648696899414,22.17697525024414,22.980195999145508
EP182023:geo:56524b35d9d08b93,EP182023,Otis,val,2023-10-23 17:40:20+00:00,23.03756445925925,0,True,,19.1828670501709,18.329790115356445,23.08538818359375,20.306209564208984,22.39736557006836,22.97289657592773
EP182023:geo:6708c9bbdd4c6841,EP182023,Otis,val,2023-10-23 17:50:20+00:00,23.094724903703703,0,True,,19.00218963623047,18.15515518188477,23.07724571228028,20.55308532714844,22.593318939208984,22.6926498413086
EP182023:geo:49b6a94e77edf9c1,EP182023,Otis,val,2023-10-23 18:00:20+00:00,23.15283802222222,0,True,,17.682775497436523,16.82242202758789,23.12694549560547,20.24468421936035,22.28593063354492,22.477617263793945
EP182023:geo:9fcde2dabb5fd1cd,EP182023,Otis,val,2023-10-23 18:10:20+00:00,23.23857868888889,0,True,,19.41573143005371,18.54181861877441,23.174053192138672,20.06707763671875,22.009632110595703,22.30068588256836
EP182023:geo:f0492341cd903c46,EP182023,Otis,val,2023-10-23 18:20:20+00:00,23.32431935555556,0,True,,20.51474571228028,19.6339168548584,23.01886367797852,20.13290786743164,22.14979553222656,22.32891082763672
EP182023:geo:86154b7f4383e737,EP182023,Otis,val,2023-10-23 18:30:20+00:00,23.410060022222225,0,True,,21.739727020263672,20.867286682128903,23.050701141357425,20.483125686645508,22.74021339416504,22.26078414916992
EP182023:geo:fa10dd6a47d3c436,EP182023,Otis,val,2023-10-23 18:40:20+00:00,23.49580068888889,0,True,,22.6504020690918,21.800085067749023,23.204334259033203,21.04004669189453,23.41407585144043,22.393781661987305
EP182023:geo:6f6f2dfcea4f47d1,EP182023,Otis,val,2023-10-23 18:50:20+00:00,23.581541355555554,0,True,,23.2251091003418,22.405956268310547,23.66018295288086,21.517396926879883,23.94179916381836,22.508848190307617
EP182023:geo:5b1e197c75cd83fc,EP182023,Otis,val,2023-10-23 19:00:20+00:00,23.66728202222222,0,True,,23.647310256958008,22.85233497619629,23.45627212524414,21.80234909057617,24.24784278869629,22.49089813232422
EP182023:geo:f39b7e937225304e,EP182023,Otis,val,2023-10-23 19:10:20+00:00,23.75302268888889,0,True,,23.292631149291992,22.51735496520996,23.28270721435547,21.717260360717773,24.184688568115234,22.470911026000977
EP182023:geo:2bd9e3844666f9fd,EP182023,Otis,val,2023-10-23 19:20:20+00:00,23.83876335555556,0,True,,22.79176521301269,22.037267684936523,23.48602867126465,21.24123764038086,23.633514404296875,22.373334884643555
EP182023:geo:f040bffdf7dd68a4,EP182023,Otis,val,2023-10-23 19:30:20+00:00,23.924504022222223,0,True,,22.212703704833984,21.478086471557617,23.54891014099121,20.564990997314453,22.78592872619629,22.10537910461425
EP182023:geo:549738420c8c8641,EP182023,Otis,val,2023-10-23 19:40:20+00:00,24.01024468888889,0,True,,21.297653198242188,20.57912826538086,23.328107833862305,19.98631477355957,22.20122528076172,22.099082946777344
EP182023:geo:55a5baf2cfa4fb14,EP182023,Otis,val,2023-10-23 19:50:20+00:00,24.095985355555555,0,True,,20.89477157592773,20.18716049194336,23.20335578918457,19.734270095825195,21.96300506591797,22.17255210876465
EP182023:geo:f4fbda7492ca05a7,EP182023,Otis,val,2023-10-23 20:00:20+00:00,24.18172602222222,0,True,,19.95406723022461,19.24277877807617,23.332178115844727,19.55199813842773,21.878019332885746,22.266502380371094
EP182023:geo:cc630d38d25eaa42,EP182023,Otis,val,2023-10-23 20:10:20+00:00,24.26746668888889,0,True,,18.20418930053711,17.47579574584961,23.44763946533203,19.33806228637696,21.694982528686523,22.36951065063477
EP182023:geo:86221bd1510e8b66,EP182023,Otis,val,2023-10-23 20:20:20+00:00,24.35320735555556,0,True,,17.234455108642578,16.486003875732422,23.360111236572266,18.95189094543457,21.32279586791992,22.48194122314453
EP182023:geo:d3e8f8342ea8cd3a,EP182023,Otis,val,2023-10-23 20:30:20+00:00,24.43894802222222,0,True,,16.69502830505371,15.937178611755373,23.10457992553711,18.78960418701172,21.12246322631836,22.6218376159668
EP182023:geo:fb1802a780090c1b,EP182023,Otis,val,2023-10-23 20:40:20+00:00,24.52468868888889,0,True,,16.369609832763672,15.60222053527832,22.74229621887207,19.00376319885254,21.24891662597656,22.615657806396484
EP182023:geo:6c15fddbcac1d3f9,EP182023,Otis,val,2023-10-23 20:50:20+00:00,24.61042935555556,0,True,,17.038230895996094,16.261449813842773,22.46888732910156,19.66057777404785,21.853376388549805,22.70225524902344
EP182023:geo:b32af141bd1c5b54,EP182023,Otis,val,2023-10-23 21:00:20+00:00,24.69521734814815,0,True,,24.05217170715332,23.27408790588379,23.76695442199707,20.0962142944336,22.12341690063477,23.004716873168945
EP182023:geo:c2e8a482bc474578,EP182023,Otis,val,2023-10-23 21:10:20+00:00,24.7523777925926,0,True,,23.51208877563477,22.73005104064941,23.87524604797364,20.12898635864257,22.130077362060547,23.33441162109375
EP182023:geo:84423f15dc2d80b7,EP182023,Otis,val,2023-10-23 21:20:20+00:00,24.80953823703704,0,True,,23.40059471130371,22.61617088317871,24.766542434692383,20.44370460510254,22.490234375,23.572717666625977
EP182023:geo:b92f3c3bf7417bcf,EP182023,Otis,val,2023-10-23 21:30:20+00:00,24.86669868148148,0,True,,23.299457550048828,22.510177612304688,25.603504180908203,20.708471298217773,22.693693161010746,23.92233657836914
EP182023:geo:d8d40d4963bb5adf,EP182023,Otis,val,2023-10-23 21:40:20+00:00,24.92385912592593,0,True,,23.470014572143555,22.67695999145508,25.54435920715332,20.771053314208984,22.7414779663086,24.23466682434082
EP182023:geo:81f0775a56e45304,EP182023,Otis,val,2023-10-23 21:50:20+00:00,24.98101957037037,0,True,,24.019153594970703,23.222898483276367,25.793256759643555,20.778743743896484,22.7368392944336,24.63849830627441
EP182023:geo:c7b26c84d77b443d,EP182023,Otis,val,2023-10-23 22:00:20+00:00,25.038180014814817,0,True,,24.174415588378903,23.372217178344727,25.89078712463379,20.679094314575195,22.555877685546875,24.89316177368164
EP182023:geo:9e5a9818302818eb,EP182023,Otis,val,2023-10-23 22:10:20+00:00,25.09534045925926,0,True,,24.504268646240234,23.69638442993164,25.8206787109375,20.74931907653809,22.55359649658203,24.005699157714844
EP182023:geo:de108bd9992700e9,EP182023,Otis,val,2023-10-23 22:20:20+00:00,25.152500903703704,0,True,,24.621532440185547,23.80693244934082,26.02528190612793,20.844411849975582,22.61432266235352,23.249942779541016
EP182023:geo:1ea262b8df4f4341,EP182023,Otis,val,2023-10-23 22:30:20+00:00,25.20966134814815,0,True,,24.71995735168457,23.903982162475582,25.8131103515625,21.092588424682617,22.82670211791992,23.2766170501709
EP182023:geo:d880608f1c29a205,EP182023,Otis,val,2023-10-23 22:40:20+00:00,25.266821792592594,0,True,,24.07339859008789,23.26579475402832,25.54508399963379,21.28108596801757,22.973020553588867,23.52810478210449
EP182023:geo:c657de4d8ffe3251,EP182023,Otis,val,2023-10-23 22:50:20+00:00,25.32398223703704,0,True,,23.62479019165039,22.84100341796875,25.05506896972656,22.3928165435791,24.02988243103028,24.32773399353028
EP182023:geo:c26c3e61e0fdb891,EP182023,Otis,val,2023-10-23 23:00:20+00:00,25.38114268148148,0,True,,24.913896560668945,24.15286445617676,24.39888572692871,23.037797927856445,24.58879852294922,24.223617553710938
EP182023:geo:6a284864f184b253,EP182023,Otis,val,2023-10-23 23:10:20+00:00,25.438303125925927,0,True,,26.20364189147949,25.467294692993164,24.124473571777344,23.86079216003418,25.365591049194336,24.03104782104492
EP182023:geo:34cab7ca6d1d89cc,EP182023,Otis,val,2023-10-23 23:20:20+00:00,25.49546357037037,0,True,,26.90147018432617,26.19737243652344,23.69397735595703,24.37444305419922,25.91309356689453,23.0595703125
EP182023:geo:d339ac73d2b06443,EP182023,Otis,val,2023-10-23 23:30:20+00:00,25.55262401481481,0,True,,27.00894546508789,26.34374237060547,23.679670333862305,23.93604278564453,25.607465744018555,22.99523162841797
EP182023:geo:ceae73885b09db14,EP182023,Otis,val,2023-10-23 23:40:20+00:00,25.60978445925926,0,True,,26.871273040771484,26.254627227783203,23.378040313720703,23.39974594116211,25.26060104370117,23.59697914123535
EP182023:geo:4b4ce51ddd2bf484,EP182023,Otis,val,2023-10-23 23:50:20+00:00,25.666944903703705,0,True,,27.042943954467773,26.538131713867188,23.68058586120605,22.45497131347656,24.40680694580078,24.9001693725586
EP182023:geo:cf4009f6915ba008,EP182023,Otis,val,2023-10-24 00:00:20+00:00,25.72505802222222,0,True,,27.102514266967773,26.807592391967773,24.726442337036133,21.716663360595703,23.79001235961914,24.958953857421875
EP182023:geo:2bb2b600dfc42eb4,EP182023,Otis,val,2023-10-24 00:10:20+00:00,25.81079868888889,0,True,,27.24724578857422,27.060604095458984,25.046979904174805,21.6390438079834,23.9289779663086,26.84737777709961
EP182023:geo:63988243c233a836,EP182023,Otis,val,2023-10-24 00:20:20+00:00,25.89653935555556,0,True,,27.407873153686523,27.22073173522949,25.68297576904297,22.31264877319336,24.71009063720703,27.880746841430664
EP182023:geo:0ff07cb5f6b6edfe,EP182023,Otis,val,2023-10-24 00:30:20+00:00,25.98228002222222,0,True,,27.466428756713867,27.26416015625,25.693832397460938,22.869497299194336,24.961055755615234,29.34850311279297
EP182023:geo:71c0d208b9db8143,EP182023,Otis,val,2023-10-24 00:40:20+00:00,26.06802068888889,0,True,,27.4306755065918,27.16679954528809,26.16826820373535,23.569536209106445,25.21931838989257,30.29626846313477
EP182023:geo:71c3128a8637d382,EP182023,Otis,val,2023-10-24 00:50:20+00:00,26.15376135555556,0,True,,27.491708755493164,27.1695499420166,26.33729362487793,24.23942947387696,25.504112243652344,30.13810539245605
EP182023:geo:300b105a4c4dd068,EP182023,Otis,val,2023-10-24 01:00:20+00:00,26.239502022222226,0,True,,27.464298248291016,27.07331275939941,26.75889587402344,24.70807456970215,25.72195625305176,29.329132080078125
EP182023:geo:ce5dc70d262814f7,EP182023,Otis,val,2023-10-24 01:10:20+00:00,26.32524268888889,0,True,,27.35401725769043,26.90123748779297,27.35418128967285,25.10976791381836,25.757762908935547,27.158187866210938
EP182023:geo:7df9bca50e4931dd,EP182023,Otis,val,2023-10-24 01:20:20+00:00,26.410983355555555,0,True,,27.20598220825196,26.73247337341309,27.42552375793457,25.43157196044922,25.743915557861328,27.67845344543457
EP182023:geo:ac982ed6ebbd53c1,EP182023,Otis,val,2023-10-24 01:30:20+00:00,26.49672402222222,0,True,,26.885974884033203,26.24571228027344,27.445451736450195,25.49259757995605,25.78958320617676,27.3605899810791
EP182023:geo:4ea8d30a6246d15e,EP182023,Otis,val,2023-10-24 01:40:20+00:00,26.58246468888889,0,True,,26.902931213378903,26.15383720397949,27.049041748046875,25.942428588867188,26.201616287231445,27.15208625793457
EP182023:geo:f3aa78333e7d8b54,EP182023,Otis,val,2023-10-24 01:50:20+00:00,26.66820535555556,0,True,,27.004932403564453,26.20694160461425,26.71130752563477,26.60433006286621,26.691770553588867,26.833620071411133
EP182023:geo:f9b8705388ba33fa,EP182023,Otis,val,2023-10-24 02:00:20+00:00,26.753946022222223,0,True,,27.24557113647461,26.439008712768555,26.642148971557617,27.171119689941406,27.049829483032227,27.22988510131836
EP182023:geo:468275dd60250776,EP182023,Otis,val,2023-10-24 02:10:20+00:00,26.83968668888889,0,True,,27.515987396240234,26.75121116638184,26.868194580078125,27.68867492675781,27.41566467285156,29.680667877197266
EP182023:geo:78816aa606db7a1f,EP182023,Otis,val,2023-10-24 02:20:20+00:00,26.92542735555556,0,True,,27.70488739013672,26.947784423828125,27.09412384033203,27.84505653381348,27.558534622192383,29.92562294006348
EP182023:geo:070dd3b3996c2634,EP182023,Otis,val,2023-10-24 02:30:20+00:00,27.011168022222225,0,True,,27.575618743896484,26.848892211914062,26.8665714263916,27.76862907409668,27.479692459106445,28.91568374633789
EP182023:geo:1accc2f9b3623a57,EP182023,Otis,val,2023-10-24 02:40:20+00:00,27.09690868888889,0,True,,27.28789520263672,26.592315673828125,26.567138671875,27.86765480041504,27.551891326904297,27.063920974731445
EP182023:geo:e4d3bb28d44c4ae3,EP182023,Otis,val,2023-10-24 02:50:20+00:00,27.182649355555554,0,True,,26.81733703613281,26.13665008544922,26.281753540039062,28.36471176147461,27.98918914794922,26.47079467773437
EP182023:geo:0d6d4c79e8db0e5e,EP182023,Otis,val,2023-10-24 03:00:20+00:00,27.26743734814815,0,True,,26.26241111755371,25.762107849121094,26.84977149963379,28.84646224975586,28.37087631225586,27.648759841918945
EP182023:geo:02e12232cf7b6dec,EP182023,Otis,val,2023-10-24 03:10:20+00:00,27.32459779259259,0,True,,26.39093017578125,25.880050659179688,26.602310180664062,29.14686393737793,28.51150703430176,32.56996154785156
EP182023:geo:63e83bd04a994eb1,EP182023,Otis,val,2023-10-24 03:20:20+00:00,27.38175823703704,0,True,,26.302631378173828,25.801401138305664,26.28141021728516,29.43303680419922,28.583023071289062,34.71076965332031
EP182023:geo:c62248ba29c54233,EP182023,Otis,val,2023-10-24 03:30:20+00:00,27.43891868148148,0,True,,26.285873413085938,25.84291648864746,26.046310424804688,29.683982849121094,28.683618545532227,32.95634460449219
EP182023:geo:cd451498308b75b0,EP182023,Otis,val,2023-10-24 03:40:20+00:00,27.496079125925927,0,True,,26.45078086853028,26.12059211730957,26.185121536254883,30.19390869140625,29.258686065673828,30.1126708984375
EP182023:geo:55dbfcdf322c4a49,EP182023,Otis,val,2023-10-24 03:50:20+00:00,27.55323957037037,0,True,,26.76411819458008,26.58496856689453,26.15656089782715,30.58234214782715,29.752803802490234,29.51849174499512
EP182023:geo:5e287cf91df9b89a,EP182023,Otis,val,2023-10-24 04:00:20+00:00,27.61040001481481,0,True,,26.87517738342285,26.87722396850586,26.021623611450195,30.949649810791016,30.357873916625977,25.843618392944336
EP182023:geo:e7aeaf60a02b6599,EP182023,Otis,val,2023-10-24 04:10:20+00:00,27.66756045925926,0,True,,27.003576278686523,26.5542049407959,25.3063907623291,31.35965919494629,30.63311004638672,24.199451446533203
EP182023:geo:6fbc20b5435f4576,EP182023,Otis,val,2023-10-24 04:20:20+00:00,27.724720903703705,0,True,,27.21533966064453,26.26951789855957,24.8686466217041,31.755578994750977,30.97574043273925,24.46344375610352
EP182023:geo:1831c08b7be48b65,EP182023,Otis,val,2023-10-24 04:30:20+00:00,27.78188134814815,0,True,,27.34383010864257,26.249004364013672,24.88214111328125,32.01112365722656,31.57877349853516,23.15453720092773
EP182023:geo:55e305e551e7d130,EP182023,Otis,val,2023-10-24 04:40:20+00:00,27.839041792592592,0,True,,27.29451560974121,26.17587852478028,25.186254501342773,32.111629486083984,32.74527359008789,23.32071304321289
EP182023:geo:a0d063a007958499,EP182023,Otis,val,2023-10-24 04:50:20+00:00,27.89620223703704,0,True,,26.98983764648437,25.862043380737305,25.592660903930664,31.80747032165528,33.31047439575195,24.7734375
EP182023:geo:69917de790460cf4,EP182023,Otis,val,2023-10-24 05:00:20+00:00,27.95336268148148,0,True,,26.75072860717773,25.583532333374023,25.67090606689453,31.58546638488769,32.75178909301758,31.03482246398925
EP182023:geo:e534b27140871beb,EP182023,Otis,val,2023-10-24 05:10:20+00:00,28.01052312592593,0,True,,26.835777282714844,25.64745712280273,25.52460670471192,31.5369815826416,32.39711380004883,33.87102127075195
EP182023:geo:e2f1e45ed0f1be1d,EP182023,Otis,val,2023-10-24 05:20:20+00:00,28.06768357037037,0,True,,27.055740356445312,25.85128402709961,25.199901580810547,31.64878463745117,33.250144958496094,31.81771850585937
EP182023:geo:721c8abb35e92d8e,EP182023,Otis,val,2023-10-24 05:30:20+00:00,28.124844014814816,0,True,,27.243213653564453,26.03140640258789,24.897998809814453,31.7358455657959,34.84189987182617,30.20142364501953
EP182023:geo:48829d5a09f54add,EP182023,Otis,val,2023-10-24 05:40:20+00:00,28.182004459259257,0,True,,27.3560848236084,26.136524200439453,24.875804901123047,31.624462127685547,35.52832794189453,31.67306900024414
EP182023:geo:9c6102d8e253b0d5,EP182023,Otis,val,2023-10-24 05:50:20+00:00,28.239164903703703,0,True,,27.585426330566406,26.357345581054688,24.821935653686523,31.634849548339844,35.3718147277832,36.55301284790039
EP182023:geo:d6c507fbc6839435,EP182023,Otis,val,2023-10-24 06:00:20+00:00,28.29918337037037,0,True,,27.74169921875,26.509082794189453,24.444711685180664,32.03754425048828,35.92584228515625,36.79943084716797
EP182023:geo:a4ad1266b8029e41,EP182023,Otis,val,2023-10-24 06:10:20+00:00,28.442084481481483,0,True,,27.89443016052246,26.69589805603028,24.3127670288086,32.403564453125,36.94388198852539,35.1767578125
EP182023:geo:5a8ef3dc51675747,EP182023,Otis,val,2023-10-24 06:20:20+00:00,28.584985592592595,0,True,,28.00436782836914,26.89881896972656,24.16408920288086,32.476078033447266,38.202598571777344,32.053611755371094
EP182023:geo:a7398c57856d9aaf,EP182023,Otis,val,2023-10-24 06:30:20+00:00,28.727886703703707,0,True,,27.85434341430664,26.8294734954834,24.054780960083008,32.21839141845703,36.88769912719727,39.63963317871094
EP182023:geo:18cdb245e27199e7,EP182023,Otis,val,2023-10-24 06:40:20+00:00,28.87078781481481,0,True,,27.79256248474121,26.81332397460937,23.9868106842041,31.76520538330078,34.38684844970703,41.63280487060547
EP182023:geo:6884f072c34ebec7,EP182023,Otis,val,2023-10-24 06:50:20+00:00,29.013688925925926,0,True,,27.8850326538086,26.93438720703125,24.06134986877441,31.18945503234864,32.32515335083008,39.614402770996094
EP182023:geo:e2d127299362a1cc,EP182023,Otis,val,2023-10-24 07:00:20+00:00,29.15659003703704,0,True,,27.792633056640625,26.8997802734375,24.03892135620117,31.269023895263672,31.098861694335938,37.72136688232422
EP182023:geo:cf31bf6261952962,EP182023,Otis,val,2023-10-24 07:10:20+00:00,29.29949114814815,0,True,,27.4932918548584,26.61683464050293,23.91559791564941,32.213653564453125,31.81814956665039,36.25227737426758
EP182023:geo:5cd4b7dc355137e3,EP182023,Otis,val,2023-10-24 07:20:20+00:00,29.44239225925926,0,True,,27.44341278076172,26.561038970947266,23.71291732788086,33.552467346191406,34.23749542236328,35.18439865112305
EP182023:geo:46d030912bb46b1c,EP182023,Otis,val,2023-10-24 07:30:20+00:00,29.585293370370373,0,True,,28.102527618408203,27.190937042236328,23.496381759643555,34.91941452026367,35.496673583984375,31.387083053588867
EP182023:geo:ca4b2aaea1b3cd97,EP182023,Otis,val,2023-10-24 07:40:20+00:00,29.728194481481484,0,True,,28.611387252807617,27.708175659179688,23.33976936340332,35.64986038208008,35.396018981933594,36.349098205566406
EP182023:geo:6c851547b719de1d,EP182023,Otis,val,2023-10-24 07:50:20+00:00,29.8710955925926,0,True,,28.65831756591797,27.77225112915039,23.28412628173828,35.70602798461914,35.234703063964844,37.05592727661133
EP182023:geo:1329986716c4d8ef,EP182023,Otis,val,2023-10-24 08:00:20+00:00,30.013996703703707,0,True,,28.50373077392578,27.661725997924805,23.35895156860352,35.504329681396484,35.916709899902344,31.47693634033203
EP182023:geo:b1763ce3f86926a1,EP182023,Otis,val,2023-10-24 08:10:20+00:00,30.15689781481481,0,True,,28.881999969482425,28.076396942138672,23.545095443725582,35.51004409790039,37.28995895385742,34.48623275756836
EP182023:geo:e714b91cbb6a943f,EP182023,Otis,val,2023-10-24 08:20:20+00:00,30.299798925925923,0,True,,29.13238906860352,28.274248123168945,23.76373672485352,35.46210479736328,37.296234130859375,36.91383361816406
EP182023:geo:d925c297c6ec2256,EP182023,Otis,val,2023-10-24 08:30:20+00:00,30.442700037037035,0,True,,28.817047119140625,27.86656188964844,24.02235984802246,35.03929901123047,36.80177688598633,36.99666595458984
EP182023:geo:c936a3b8a40536f8,EP182023,Otis,val,2023-10-24 08:40:20+00:00,30.585601148148147,0,True,,28.75477600097656,27.74772071838379,24.38545227050781,34.81386184692383,36.24473190307617,38.19873809814453
EP182023:geo:066757f6f55250f9,EP182023,Otis,val,2023-10-24 08:50:20+00:00,30.72850225925926,0,True,,28.697067260742188,27.638954162597656,24.678556442260746,34.41503143310547,35.49192428588867,39.93426513671875
EP182023:geo:e91a7b8f5546ccce,EP182023,Otis,val,2023-10-24 09:00:20+00:00,30.87140337037037,0,True,,33.13800811767578,33.119754791259766,30.5528507232666,33.3305778503418,34.15852737426758,39.249507904052734
EP182023:geo:e74c1aca96558f7c,EP182023,Otis,val,2023-10-24 09:10:20+00:00,31.01430448148148,0,True,,33.51688766479492,34.00786590576172,31.346416473388672,33.03486251831055,33.965091705322266,42.52138137817383
EP182023:geo:c05523d3a30805bf,EP182023,Otis,val,2023-10-24 09:20:20+00:00,31.1572055925926,0,True,,33.26179885864258,34.16627502441406,30.26129913330078,34.19564437866211,35.31351852416992,39.26778411865234
EP182023:geo:a2fd4971d02ea092,EP182023,Otis,val,2023-10-24 09:30:20+00:00,31.300106703703705,0,True,,33.19998550415039,34.52567672729492,30.60580825805664,34.006404876708984,35.30282211303711,34.15254592895508
EP182023:geo:831b753319dde1f0,EP182023,Otis,val,2023-10-24 09:40:20+00:00,31.443007814814813,0,True,,33.235321044921875,35.73794937133789,29.59088706970215,33.255348205566406,34.923343658447266,32.271034240722656
EP182023:geo:6fa5ac462285a928,EP182023,Otis,val,2023-10-24 09:50:20+00:00,31.585908925925924,0,True,,33.4782829284668,37.539546966552734,29.195554733276367,32.38115692138672,34.3828010559082,33.41229248046875
EP182023:geo:cfe0e73e7271a87c,EP182023,Otis,val,2023-10-24 10:00:20+00:00,31.72881003703704,0,True,,33.45786666870117,39.65371322631836,29.463075637817383,33.44865798950195,35.6596565246582,32.76755142211914
EP182023:geo:6a4c6586ddd739b5,EP182023,Otis,val,2023-10-24 10:10:20+00:00,31.871711148148147,0,True,,33.5402717590332,40.331844329833984,29.836145401000977,33.46197891235352,36.04481887817383,32.647239685058594
EP182023:geo:9103419a30e81b83,EP182023,Otis,val,2023-10-24 10:20:20+00:00,32.01461225925926,0,True,,33.835044860839844,40.416900634765625,30.54097366333008,32.93486785888672,36.04847717285156,32.603553771972656
EP182023:geo:0941820ae96aeb6b,EP182023,Otis,val,2023-10-24 10:30:20+00:00,32.157513370370374,0,True,,33.7666130065918,39.942474365234375,30.782358169555664,32.400047302246094,36.20690155029297,28.9510555267334
EP182023:geo:a8efa484914e3c16,EP182023,Otis,val,2023-10-24 10:40:20+00:00,32.30041448148148,0,True,,33.6046028137207,39.03757095336914,31.36387634277344,32.16007614135742,37.00199508666992,29.544132232666016
EP182023:geo:0196594d431cc8ba,EP182023,Otis,val,2023-10-24 10:50:20+00:00,32.4433155925926,0,True,,33.863563537597656,38.5024528503418,31.885183334350582,31.457141876220703,37.45993423461914,30.252525329589844
EP182023:geo:b84db537e626f863,EP182023,Otis,val,2023-10-24 11:00:20+00:00,32.586216703703705,0,True,,34.09196472167969,38.90361022949219,32.00800704956055,30.647146224975582,37.50522994995117,30.08197784423828
EP182023:geo:20b3e90bd6d37dec,EP182023,Otis,val,2023-10-24 11:10:20+00:00,32.72911781481481,0,True,,34.158233642578125,38.95448303222656,32.205718994140625,29.87300491333008,37.34076690673828,27.990741729736328
EP182023:geo:4ba39f48a01c135f,EP182023,Otis,val,2023-10-24 11:20:20+00:00,32.87201892592593,0,True,,34.504085540771484,40.90793991088867,32.90245819091797,29.28553771972656,37.39527893066406,27.19728279113769
EP182023:geo:ac28b5fdda8dd259,EP182023,Otis,val,2023-10-24 11:30:20+00:00,33.01492003703704,1,True,,34.80338668823242,41.67422103881836,33.46053695678711,28.635154724121094,37.02333831787109,27.388729095458984
EP182023:geo:0315ebb7c9726718,EP182023,Otis,val,2023-10-24 11:40:20+00:00,33.15782114814815,1,True,,34.775482177734375,41.7960319519043,34.13334274291992,28.67829704284668,36.92106246948242,28.00937461853028
EP182023:geo:4e3f1b3ad228cc1f,EP182023,Otis,val,2023-10-24 11:50:20+00:00,33.30072225925926,1,True,,34.564491271972656,41.70543670654297,34.294918060302734,28.81633186340332,36.96149444580078,29.545387268066406
EP182023:geo:30f176ad7dd261b0,EP182023,Otis,val,2023-10-24 12:00:20+00:00,33.456008133333334,1,True,,34.57628631591797,41.76515197753906,35.05133056640625,29.601150512695312,37.55563354492188,33.83191680908203
EP182023:geo:8bd1fdc9be694af6,EP182023,Otis,val,2023-10-24 12:10:20+00:00,33.97045213333333,1,True,,34.60405349731445,41.80123519897461,35.85340881347656,32.929954528808594,40.52639389038086,38.10357666015625
EP182023:geo:bdaed5c0296f84b4,EP182023,Otis,val,2023-10-24 12:20:20+00:00,34.484896133333336,1,True,,34.29676055908203,41.504539489746094,36.91735076904297,35.49416732788086,42.9903564453125,37.136451721191406
EP182023:geo:e6fb462efc13ba9a,EP182023,Otis,val,2023-10-24 12:30:20+00:00,34.999340133333334,1,True,,33.90592575073242,41.12311172485352,36.97251129150391,36.07051467895508,43.049896240234375,33.26537322998047
EP182023:geo:5c3fc34e7f6b34d3,EP182023,Otis,val,2023-10-24 12:40:20+00:00,35.51378413333333,1,True,,33.88498306274414,41.11251831054688,35.81813049316406,35.940650939941406,42.62289810180664,32.10451126098633
EP182023:geo:b9a51f097b821ca2,EP182023,Otis,val,2023-10-24 12:50:20+00:00,36.028228133333336,1,True,,34.712093353271484,41.95442581176758,34.54119873046875,36.96516799926758,43.16633224487305,33.0687255859375
EP182023:geo:edba414129dc3474,EP182023,Otis,val,2023-10-24 13:00:20+00:00,36.54267213333333,1,True,,35.61676788330078,42.87452697753906,33.23997497558594,37.962703704833984,43.80870056152344,31.596370697021484
EP182023:geo:051e4526190695df,EP182023,Otis,val,2023-10-24 13:10:20+00:00,37.05711613333333,1,True,,36.04403305053711,43.31072235107422,32.02726745605469,38.39799118041992,43.942169189453125,29.122806549072266
EP182023:geo:2ed2401c3d518e4d,EP182023,Otis,val,2023-10-24 13:20:20+00:00,37.571560133333335,1,True,,35.518882751464844,42.78893280029297,31.909996032714844,38.00790023803711,43.096187591552734,29.005420684814453
EP182023:geo:69f62be1bb63bb46,EP182023,Otis,val,2023-10-24 13:30:20+00:00,38.08600413333333,1,True,,35.3414306640625,42.60673141479492,32.15150833129883,38.00662612915039,43.2138557434082,37.71013259887695
EP182023:geo:be132e5a1835bddc,EP182023,Otis,val,2023-10-24 13:40:20+00:00,38.60044813333333,1,True,,35.145626068115234,42.4098014831543,31.66166305541992,37.89125442504883,44.61571502685547,39.463523864746094
EP182023:geo:15bac274bbc737b6,EP182023,Otis,val,2023-10-24 13:50:20+00:00,39.114892133333335,1,True,,34.94881820678711,42.20856475830078,32.864585876464844,39.05430603027344,47.18202209472656,42.40448760986328
EP182023:geo:912dbf7cbe7ec3cc,EP182023,Otis,val,2023-10-24 14:00:20+00:00,39.62933613333333,1,True,,35.606380462646484,42.846588134765625,33.911468505859375,41.30697250366211,49.53939437866211,42.54921722412109
EP182023:geo:01a94808511f509d,EP182023,Otis,val,2023-10-24 14:10:20+00:00,40.14378013333334,1,True,,36.36341094970703,43.54809188842773,34.41226959228516,42.75618362426758,51.02707290649414,41.39233016967773
EP182023:geo:6bf1f6be062a1e41,EP182023,Otis,val,2023-10-24 14:20:20+00:00,40.65822413333333,1,True,,37.32758331298828,44.390899658203125,34.38652038574219,43.08308029174805,51.63420486450195,44.84366226196289
EP182023:geo:7652468225e29cb8,EP182023,Otis,val,2023-10-24 14:30:20+00:00,41.17266813333333,1,True,,38.170501708984375,44.95576858520508,34.260581970214844,43.135990142822266,51.39121627807617,47.045654296875
EP182023:geo:18837db1ce6e56ba,EP182023,Otis,val,2023-10-24 14:40:20+00:00,41.687112133333336,1,True,,38.025508880615234,43.99575424194336,33.73533248901367,43.17533493041992,50.72078704833984,48.64247512817383
EP182023:geo:ecc7f026e37f3d58,EP182023,Otis,val,2023-10-24 14:50:20+00:00,42.20155613333333,1,True,,37.90938568115234,42.60068893432617,31.64852333068848,42.80030059814453,50.60855102539063,46.0794677734375
EP182023:geo:f698c01cabdc585f,EP182023,Otis,val,2023-10-24 15:00:20+00:00,42.71504745925926,2,True,,36.62169647216797,44.03656005859375,38.211517333984375,42.86357116699219,52.17145538330078,39.80866622924805
EP182023:geo:9e5934e148df74cc,EP182023,Otis,val,2023-10-24 15:10:20+00:00,43.20091123703703,2,True,,36.50623321533203,43.92031478881836,38.53355026245117,43.5341796875,53.62670135498047,38.04647064208984
EP182023:geo:8cd084a8c238ee90,EP182023,Otis,val,2023-10-24 15:20:20+00:00,43.68677501481481,2,True,,37.52212142944336,44.93697738647461,39.36373901367188,43.89069366455078,54.316741943359375,35.68159484863281
EP182023:geo:dee685d813c236d9,EP182023,Otis,val,2023-10-24 15:30:20+00:00,44.17263879259259,2,True,,38.7500228881836,46.1666374206543,41.19462585449219,43.43354797363281,53.24287796020508,35.791358947753906
EP182023:geo:8baa4e0edb716a62,EP182023,Otis,val,2023-10-24 15:40:20+00:00,44.65850257037037,2,True,,39.41261672973633,46.83317947387695,39.47802734375,42.89568328857422,52.24617004394531,35.69488525390625
EP182023:geo:0a6b455f14dc2afa,EP182023,Otis,val,2023-10-24 15:50:20+00:00,45.14436634814816,2,True,,40.05783462524414,47.478851318359375,37.90763854980469,42.16889953613281,51.05598068237305,35.06560516357422
EP182023:geo:03aa69d2bd8a46ea,EP182023,Otis,val,2023-10-24 16:00:20+00:00,45.63023012592593,2,True,,40.33245086669922,47.75472640991211,42.12683868408203,40.93215560913086,49.27006149291992,36.13787841796875
EP182023:geo:0332159fd1a3f2cc,EP182023,Otis,val,2023-10-24 16:10:20+00:00,46.11609390370371,2,True,,40.0226936340332,47.43966293334961,47.6566162109375,40.60346221923828,49.01309967041016,38.33195877075195
EP182023:geo:7d4713f0ceada4be,EP182023,Otis,val,2023-10-24 16:20:20+00:00,46.60195768148148,2,True,,39.82831573486328,47.24174499511719,48.62029266357422,40.719085693359375,49.55191421508789,38.71011734008789
EP182023:geo:dc65fd4a60ecb191,EP182023,Otis,val,2023-10-24 16:30:20+00:00,47.08782145925926,2,True,,40.74202346801758,48.15264892578125,46.875370025634766,40.64202880859375,50.1791877746582,37.12320709228516
EP182023:geo:8aee116e2b319ecf,EP182023,Otis,val,2023-10-24 16:40:20+00:00,47.57368523703703,2,True,,40.82725143432617,48.23514175415039,42.31959533691406,42.4662971496582,52.5258903503418,35.190338134765625
EP182023:geo:5f92b05d19802bed,EP182023,Otis,val,2023-10-24 16:50:20+00:00,48.05954901481481,2,True,,40.310672760009766,47.71453094482422,45.12667083740234,45.20170211791992,55.12889862060547,38.11882400512695
EP182023:geo:8cb6ab050ea2ac4a,EP182023,Otis,val,2023-10-24 17:00:20+00:00,48.5454127925926,2,True,,37.74711608886719,45.15010070800781,40.53572082519531,45.50159454345703,55.33636093139648,37.42655944824219
EP182023:geo:a5877cb2424a3dda,EP182023,Otis,val,2023-10-24 17:10:20+00:00,49.03127657037037,2,True,,36.9356575012207,44.338680267333984,38.97521209716797,45.97732162475586,55.12442779541016,38.26818084716797
EP182023:geo:7479accc400b96e6,EP182023,Otis,val,2023-10-24 17:20:20+00:00,49.51714034814815,3,True,,36.46046447753906,43.8642692565918,37.69852828979492,46.95500564575195,55.36018753051758,40.92720031738281
EP182023:geo:66e7059950076bd1,EP182023,Otis,val,2023-10-24 17:30:20+00:00,50.003004125925926,3,True,,36.24835205078125,43.65333557128906,37.81620407104492,47.48700714111328,55.377872467041016,47.35662841796875
EP182023:geo:cc0f17e1df9b280d,EP182023,Otis,val,2023-10-24 17:40:20+00:00,50.48886790370371,3,True,,36.41144561767578,43.81739807128906,39.549198150634766,47.80143356323242,55.353885650634766,48.69771194458008
EP182023:geo:2af6f20e65d31fc8,EP182023,Otis,val,2023-10-24 17:50:20+00:00,50.97473168148148,3,True,,37.58619689941406,44.99322509765625,41.950313568115234,48.24934005737305,55.120792388916016,45.224246978759766
EP182023:geo:bcd7f6baaac5e42e,EP182023,Otis,val,2023-10-24 18:00:20+00:00,51.45869011111111,3,True,,38.74881362915039,46.15314865112305,49.33702850341797,48.25485229492188,55.0450553894043,45.027042388916016
EP182023:geo:87ebba63f32f1cca,EP182023,Otis,val,2023-10-24 18:10:20+00:00,51.88739344444445,3,True,,39.83992767333984,47.24021911621094,52.46513366699219,48.26310729980469,54.71296691894531,49.31309509277344
EP182023:geo:f93bdf6cdc441178,EP182023,Otis,val,2023-10-24 18:20:20+00:00,52.31609677777778,3,True,,41.58494567871094,48.982513427734375,52.98479080200195,47.76617050170898,54.29293823242188,47.633522033691406
EP182023:geo:0c1975ae522a60c5,EP182023,Otis,val,2023-10-24 18:30:20+00:00,52.74480011111111,3,True,,42.90254974365234,50.29884338378906,53.27618789672852,47.43118667602539,54.28954315185547,46.85997009277344
EP182023:geo:ce398c2f2b280c18,EP182023,Otis,val,2023-10-24 18:40:20+00:00,53.17350344444445,3,True,,43.34380340576172,50.691505432128906,53.92488861083984,47.10414505004883,54.64189147949219,45.55977630615234
EP182023:geo:858575b19e2f254e,EP182023,Otis,val,2023-10-24 18:50:20+00:00,53.60220677777778,3,True,,43.0097770690918,50.05275344848633,53.662376403808594,46.49967956542969,54.66041946411133,45.93659973144531
EP182023:geo:f5e7b28fb961975e,EP182023,Otis,val,2023-10-24 19:00:20+00:00,54.03091011111111,3,True,,42.73138427734375,48.78582000732422,53.50889587402344,45.77568435668945,54.79707336425781,45.73583984375
EP182023:geo:43c909cc27f08744,EP182023,Otis,val,2023-10-24 19:10:20+00:00,54.45961344444445,3,True,,41.89015579223633,46.446571350097656,52.9149169921875,45.514896392822266,54.66423034667969,44.78461456298828
EP182023:geo:ab63610231142e81,EP182023,Otis,val,2023-10-24 19:20:20+00:00,54.88831677777778,3,True,,41.78667449951172,45.31354141235352,53.00798797607422,46.03337097167969,55.27187728881836,49.360939025878906
EP182023:geo:24827edb5e3b9459,EP182023,Otis,val,2023-10-24 19:30:20+00:00,55.31702011111111,3,True,,42.461204528808594,45.42586898803711,52.09326553344727,46.34200286865234,55.9536247253418,50.10201644897461
EP182023:geo:a75a94b6e0160b53,EP182023,Otis,val,2023-10-24 19:40:20+00:00,55.74572344444445,3,True,,42.83306884765625,45.42957305908203,48.89366149902344,46.34035873413086,56.78792572021485,51.976070404052734
EP182023:geo:b2a97ca13cafcb16,EP182023,Otis,val,2023-10-24 19:50:20+00:00,56.174426777777775,3,True,,41.537559509277344,43.72845458984375,41.07966613769531,45.21305084228516,56.04814910888672,49.59294891357422
EP182023:geo:3722e4571a2132ca,EP182023,Otis,val,2023-10-24 20:00:20+00:00,56.60313011111111,3,True,,38.70183563232422,40.55403900146485,39.56389617919922,41.7938346862793,51.707481384277344,49.02256393432617
EP182023:geo:d55aa968ac50474c,EP182023,Otis,val,2023-10-24 20:10:20+00:00,57.031833444444445,3,True,,38.8513298034668,40.61767578125,44.3468132019043,41.77618408203125,50.77602005004883,45.069297790527344
EP182023:geo:64bb502cbac70aa1,EP182023,Otis,val,2023-10-24 20:20:20+00:00,57.460536777777776,3,True,,39.40464019775391,40.91203689575195,44.82770156860352,43.594722747802734,53.05908966064453,50.29774475097656
EP182023:geo:5fff1f278e74a8fa,EP182023,Otis,val,2023-10-24 20:30:20+00:00,57.88924011111111,3,True,,40.1720085144043,41.50117492675781,41.72389602661133,45.170555114746094,54.926979064941406,52.475379943847656
EP182023:geo:8a1c83a0e0eaf156,EP182023,Otis,val,2023-10-24 20:40:20+00:00,58.317943444444445,4,True,,40.48307800292969,41.48738861083984,43.3641357421875,45.43308639526367,55.29121398925781,53.77901458740234
EP182023:geo:932dbc308082b1a1,EP182023,Otis,val,2023-10-24 20:50:20+00:00,58.74664677777778,4,True,,41.34847259521485,42.18107986450195,44.1416244506836,45.207279205322266,55.83634185791016,52.51697540283203
EP182023:geo:7e6dac8d7493ac9b,EP182023,Otis,val,2023-10-24 21:00:20+00:00,59.17535011111111,4,True,,45.21706008911133,50.23108673095703,51.28466033935547,45.1866340637207,55.74568939208984,53.296348571777344
EP182023:geo:b041f56663053184,EP182023,Otis,val,2023-10-24 21:10:20+00:00,59.604053444444446,4,True,,44.40522003173828,48.57858276367188,52.14216232299805,43.49094772338867,53.70066452026367,51.09251403808594
EP182023:geo:f9341bfaa21220d8,EP182023,Otis,val,2023-10-24 21:20:20+00:00,60.03275677777778,4,True,,45.58126831054688,49.016563415527344,53.537933349609375,44.438621520996094,54.05314636230469,49.80916213989258
EP182023:geo:0e25c93e983ef3cb,EP182023,Otis,val,2023-10-24 21:30:20+00:00,60.46146011111111,4,True,,47.5837287902832,50.59990692138672,59.0937614440918,45.874267578125,55.5386962890625,51.13854598999024
EP182023:geo:466573485ec38e61,EP182023,Otis,val,2023-10-24 21:40:20+00:00,60.89016344444445,4,True,,47.41641998291016,49.74745941162109,60.61254501342773,45.202110290527344,54.91188049316406,50.60308074951172
EP182023:geo:f204ec45f6b382e2,EP182023,Otis,val,2023-10-24 21:50:20+00:00,61.31886677777778,4,True,,47.46839141845703,49.23769378662109,57.29823684692383,45.73431396484375,54.86979293823242,48.71259307861328
EP182023:geo:eb4f2e0d8251f81f,EP182023,Otis,val,2023-10-24 22:00:20+00:00,61.74757011111111,4,True,,48.4005241394043,49.738502502441406,62.31040573120117,47.60671615600586,56.33452606201172,51.85114669799805
EP182023:geo:08bb0174711eb413,EP182023,Otis,val,2023-10-24 22:10:20+00:00,62.17627344444445,4,True,,49.44045639038086,50.52627944946289,65.08552551269531,48.358543395996094,57.07357025146485,58.56562423706055
EP182023:geo:0a4f319174e8a795,EP182023,Otis,val,2023-10-24 22:20:20+00:00,62.60497677777778,4,True,,50.50331878662109,51.26884078979492,62.39052963256836,48.68330001831055,56.80696105957031,56.74675369262695
EP182023:geo:355a263e08cd1165,EP182023,Otis,val,2023-10-24 22:30:20+00:00,63.03368011111111,4,True,,51.90815353393555,52.38241195678711,60.43167495727539,48.70606994628906,56.36407852172852,55.2251205444336
EP182023:geo:abe53021b90c833e,EP182023,Otis,val,2023-10-24 22:40:20+00:00,63.46238344444445,4,True,,53.22705841064453,53.48537826538086,61.91039657592773,49.31563949584961,56.99741363525391,58.16228485107422
EP182023:geo:e09b4ac697a41e57,EP182023,Otis,val,2023-10-24 22:50:20+00:00,63.89108677777778,4,True,,54.3352165222168,54.47579956054688,60.802467346191406,49.855499267578125,57.12808227539063,54.71330261230469
EP182023:geo:ed8e519fd00178e4,EP182023,Otis,val,2023-10-24 23:00:20+00:00,64.3197901111111,4,True,,54.96572113037109,55.05867004394531,60.64570999145508,50.80168914794922,57.8253288269043,60.372188568115234
EP182023:geo:368e168f453df1c6,EP182023,Otis,val,2023-10-24 23:10:20+00:00,64.74849344444445,4,True,,56.081729888916016,56.20942306518555,61.01765060424805,52.15059661865234,59.442684173583984,64.8532485961914
EP182023:geo:9927206e58bc4496,EP182023,Otis,val,2023-10-24 23:20:20+00:00,65.17719677777778,4,True,,57.120079040527344,57.21793746948242,61.2155647277832,52.9401969909668,60.8228874206543,66.2711181640625
EP182023:geo:4dac051b4b59b0ad,EP182023,Otis,val,2023-10-24 23:30:20+00:00,65.60590011111111,4,True,,57.681488037109375,57.73243713378906,61.32167434692383,54.48847579956055,63.10581207275391,68.80155944824219
EP182023:geo:734c7318c3cebda4,EP182023,Otis,val,2023-10-24 23:40:20+00:00,66.03460344444444,4,True,,58.138671875,58.242652893066406,61.70708465576172,55.36154174804688,64.75396728515625,69.31938171386719
EP182023:geo:fb00c5c92b187069,EP182023,Otis,val,2023-10-24 23:50:20+00:00,66.46330677777779,4,True,,57.337928771972656,57.4667854309082,61.99619674682617,55.15026473999024,65.08973693847656,69.53440856933594
EP182023:geo:6b7fdc3fca3ce76b,EP182023,Otis,val,2023-10-25 00:00:20+00:00,66.8920101111111,4,True,,55.34837341308594,55.51924514770508,64.23854064941406,56.19768142700195,66.05706024169922,69.518310546875
EP182023:geo:69e705834abc7cf5,EP182023,Otis,val,2023-10-25 00:10:20+00:00,67.32071344444445,4,True,,55.50867462158203,55.89037322998047,66.99787902832031,56.36935806274414,65.83564758300781,70.1748046875
EP182023:geo:710655190d5285e6,EP182023,Otis,val,2023-10-25 00:20:20+00:00,67.74941677777778,4,True,,55.20771789550781,55.598445892333984,69.06060791015625,57.10700607299805,66.47306060791016,70.77978515625
EP182023:geo:29c319dd0fd0f0d4,EP182023,Otis,val,2023-10-25 00:30:20+00:00,68.17812011111111,4,True,,56.44989776611328,56.9681282043457,68.8270263671875,58.53604888916016,67.82643127441406,70.53731536865234
EP182023:geo:3707ea83a6dbad7f,EP182023,Otis,val,2023-10-25 00:40:20+00:00,68.60682344444444,4,True,,56.09114837646485,56.58167266845703,68.87541961669922,59.10934448242188,68.09306335449219,69.28785705566406
EP182023:geo:6bfcf09c6d547d3e,EP182023,Otis,val,2023-10-25 00:50:20+00:00,69.03552677777779,4,True,,55.20735549926758,55.65787887573242,67.91609191894531,59.8650016784668,68.59555053710938,68.79057312011719
EP182023:geo:26929c62f68d362a,EP182023,Otis,val,2023-10-25 01:00:20+00:00,69.4642301111111,4,True,,54.04731750488281,54.33487701416016,67.82087707519531,60.52061080932617,69.24913024902344,69.95071411132812
EP182023:geo:e70fa112bef43680,EP182023,Otis,val,2023-10-25 01:10:20+00:00,69.89293344444445,4,True,,52.77643966674805,52.99079513549805,68.18000793457031,61.01398468017578,69.80166625976562,72.28746032714844
EP182023:geo:de69b8fb9371d543,EP182023,Otis,val,2023-10-25 01:20:20+00:00,70.32163677777778,4,True,,52.24842834472656,52.43932342529297,67.84132385253906,61.27656936645508,70.17100524902344,72.72311401367188
EP182023:geo:9de638006470323a,EP182023,Otis,val,2023-10-25 01:30:20+00:00,70.75034011111111,5,True,,51.94974899291992,51.99924087524414,67.45894622802734,61.489864349365234,70.19725036621094,72.19444274902344
EP182023:geo:ae326e750ec0bc43,EP182023,Otis,val,2023-10-25 01:40:20+00:00,71.17904344444445,5,True,,52.016380310058594,52.05767059326172,67.62321472167969,62.287696838378906,70.74555206298828,73.27285766601562
EP182023:geo:c95db7b10bee9d45,EP182023,Otis,val,2023-10-25 01:50:20+00:00,71.60774677777779,5,True,,52.121856689453125,52.02480316162109,69.93951416015625,62.54151153564453,70.8758316040039,73.13725280761719
EP182023:geo:a21ea25c384d8a89,EP182023,Otis,val,2023-10-25 02:00:20+00:00,72.03645011111111,5,True,,51.56420516967773,51.410980224609375,69.70083618164062,62.14594268798828,70.54035949707031,73.2291259765625
EP182023:geo:3889174368699e70,EP182023,Otis,val,2023-10-25 02:10:20+00:00,72.46515344444445,5,True,,51.567161560058594,51.31243133544922,69.18598937988281,61.88154983520508,70.33453369140625,72.38912200927734
EP182023:geo:73878ea0ce3420d0,EP182023,Otis,val,2023-10-25 02:20:20+00:00,72.89385677777778,5,True,,50.70481872558594,50.3760871887207,69.21343994140625,61.42203521728516,70.18067169189453,72.28790283203125
EP182023:geo:47fc06ddc97f19eb,EP182023,Otis,val,2023-10-25 02:30:20+00:00,73.32256011111112,5,True,,48.68859100341797,48.32147216796875,68.252197265625,60.1253547668457,68.93026733398438,72.01248168945312
EP182023:geo:6eed96ec37f6a9a5,EP182023,Otis,val,2023-10-25 02:40:20+00:00,73.75126344444445,5,True,,46.44649124145508,46.0234489440918,67.36212921142578,59.12635803222656,67.93321990966797,72.02143859863281
EP182023:geo:f96f6a046c3ced71,EP182023,Otis,val,2023-10-25 02:50:20+00:00,74.17996677777779,5,True,,44.6718978881836,44.16914749145508,66.21409606933594,58.49470901489258,67.02900695800781,72.16633605957031
EP182023:geo:78b7a36fc75d7328,EP182023,Otis,val,2023-10-25 03:00:20+00:00,74.59438,5,True,,52.6553840637207,54.98719024658203,61.24300003051758,58.469688415527344,66.78680419921875,72.36445617675781
EP182023:geo:c87703c56574c7db,EP182023,Otis,val,2023-10-25 03:10:20+00:00,74.59438,5,True,,52.84862518310547,55.43532943725586,62.409122467041016,58.97407913208008,67.16297149658203,72.45909118652344
EP182023:geo:b3479c1a957352b5,EP182023,Otis,val,2023-10-25 03:20:20+00:00,74.59438,5,True,,53.33662414550781,55.610652923583984,63.4351921081543,59.73295974731445,67.6722183227539,72.51893615722656
EP182023:geo:63e16a06ccf1c4cb,EP182023,Otis,val,2023-10-25 03:30:20+00:00,74.59438,5,True,,53.85236740112305,55.17429733276367,63.76857376098633,59.91439437866211,67.65755462646484,73.23004913330078
EP182023:geo:99520a7e6a563a09,EP182023,Otis,val,2023-10-25 03:40:20+00:00,74.59438,5,True,,55.01408767700195,56.0021858215332,60.73102188110352,59.96240997314453,67.47705078125,72.81007385253906
EP182023:geo:13d741ca763fd517,EP182023,Otis,val,2023-10-25 03:50:20+00:00,74.59438,5,True,,56.12724685668945,56.629051208496094,59.35345077514648,60.06216430664063,67.14099884033203,72.58552551269531
EP182023:geo:03886801f898c738,EP182023,Otis,val,2023-10-25 04:00:20+00:00,74.59438,5,True,,56.414546966552734,56.342506408691406,58.47516250610352,60.05312728881836,66.80091094970703,72.24919128417969
EP182023:geo:1e5366fa84fe4467,EP182023,Otis,val,2023-10-25 04:10:20+00:00,74.59438,5,True,,56.84942626953125,56.60910034179688,56.83992385864258,59.72410583496094,66.05485534667969,70.59149932861328
EP182023:geo:7cc070368a4c795e,EP182023,Otis,val,2023-10-25 04:20:20+00:00,74.59438,5,True,,56.81184387207031,56.42677688598633,56.26576232910156,59.12102890014648,64.61155700683594,70.54624938964844
EP182023:geo:2a907a11324bb9e9,EP182023,Otis,val,2023-10-25 04:30:20+00:00,74.59438,5,True,,55.454872131347656,54.80829620361328,55.31937026977539,57.68242645263672,62.741886138916016,69.143798828125
EP182023:geo:12a6d2876ffc89b4,EP182023,Otis,val,2023-10-25 04:40:20+00:00,74.59438,5,True,,54.297969818115234,53.72527313232422,55.129539489746094,57.04482269287109,61.714237213134766,69.61940002441406
EP182023:geo:3bc3522c8f450a6a,EP182023,Otis,val,2023-10-25 04:50:20+00:00,74.59438,5,True,,53.26909637451172,52.86920547485352,54.536659240722656,56.16072463989258,60.74679183959961,69.96261596679688
EP182023:geo:3f48e2c64e9f17f0,EP182023,Otis,val,2023-10-25 05:00:20+00:00,74.59438,5,True,,51.33193206787109,50.87446594238281,53.34177780151367,54.287540435791016,58.499507904052734,70.37068176269531
EP182023:geo:eb71a684f9494e67,EP182023,Otis,val,2023-10-25 05:10:20+00:00,74.59438,5,True,,50.33673858642578,50.11709976196289,52.92483139038086,53.25908660888672,57.06560516357422,70.56184387207031
EP182023:geo:dbb20a3993df0574,EP182023,Otis,val,2023-10-25 05:20:20+00:00,74.59438,5,True,,49.1893310546875,48.92375946044922,51.58787536621094,50.80922317504883,54.52169799804688,70.10023498535156
EP182023:geo:55e8d561bad5715a,EP182023,Otis,val,2023-10-25 05:30:20+00:00,74.59438,5,True,,46.94637298583984,46.74396896362305,47.91415023803711,48.80770111083984,52.23457717895508,69.37055969238281
EP182023:geo:9183fb79653cc6cc,EP182023,Otis,val,2023-10-25 05:40:20+00:00,74.59438,5,True,,44.27565002441406,44.11483001708984,43.395599365234375,46.836387634277344,50.62661743164063,68.86651611328125
EP182023:geo:2330532c02628c95,EP182023,Otis,val,2023-10-25 05:50:20+00:00,74.59438,5,True,,41.00627136230469,40.76874923706055,40.04488754272461,45.90743255615234,49.76349258422852,67.18768310546875
EP182023:geo:b9ea1e190641b101,EP182023,Otis,val,2023-10-25 06:00:20+00:00,74.57532651851852,5,True,,37.6405029296875,37.16472244262695,37.35344696044922,44.974220275878906,49.2790641784668,65.59146118164062
EP182023:geo:d77ec6bec2003fdd,EP182023,Otis,val,2023-10-25 06:10:20+00:00,74.00372207407408,5,True,,36.86673355102539,36.32212448120117,37.17470550537109,44.2181510925293,48.92124176025391,64.97598266601562
EP182023:geo:00cf544426ec49ec,EP182023,Otis,val,2023-10-25 06:20:20+00:00,73.43211762962963,5,True,,36.27119445800781,35.64191436767578,37.053810119628906,44.156646728515625,49.22421646118164,65.10795593261719
EP182023:geo:8ae5217e054cbe55,EP182023,Otis,val,2023-10-25 06:30:20+00:00,72.86051318518518,5,True,,36.60125732421875,35.992794036865234,37.00727081298828,44.070106506347656,49.38538360595703,65.86787414550781
EP182023:geo:d76c987dc75973cc,EP182023,Otis,val,2023-10-25 06:40:20+00:00,72.28890874074075,5,True,,36.51325607299805,35.84526443481445,36.76457977294922,44.07918167114258,49.64345932006836,65.47113037109375
EP182023:geo:dd5e6fb38e1b3dd0,EP182023,Otis,val,2023-10-25 06:50:20+00:00,71.53439087407408,5,True,,36.744258880615234,35.94596481323242,36.90564727783203,42.0726432800293,47.64594650268555,63.698543548583984
EP182023:geo:525e370274bf9130,EP182023,Otis,val,2023-10-25 07:00:20+00:00,70.61982376296297,5,True,,37.01080703735352,36.33064270019531,37.06256866455078,39.90853118896485,44.41374969482422,60.92585754394531
EP182023:geo:c3635d7415287e02,EP182023,Otis,val,2023-10-25 07:10:20+00:00,69.70525665185185,4,True,,37.53420639038086,36.66553115844727,37.08222961425781,38.23258590698242,42.150047302246094,58.20107650756836
EP182023:geo:b07c1daaa1fe0cf6,EP182023,Otis,val,2023-10-25 07:20:20+00:00,68.79068954074074,4,True,,37.6458740234375,36.965919494628906,36.92864227294922,36.27337265014648,39.77694320678711,53.45039367675781
EP182023:geo:3f59357eeef04512,EP182023,Otis,val,2023-10-25 07:30:20+00:00,67.87612242962963,4,True,,37.69108581542969,36.93202972412109,37.14701843261719,35.22602462768555,38.38161849975586,45.84614181518555
EP182023:geo:28e158a9a331a30e,EP182023,Otis,val,2023-10-25 07:40:20+00:00,66.96155531851852,4,True,,36.4615478515625,35.986209869384766,37.10672378540039,34.36187744140625,37.15472412109375,44.158721923828125
EP182023:geo:3b268a07c3f30798,EP182023,Otis,val,2023-10-25 07:50:20+00:00,66.04698820740741,4,True,,36.35856628417969,35.83167266845703,36.83064270019531,34.627132415771484,37.369178771972656,45.32011032104492
EP182023:geo:1d462561814ac6cf,EP182023,Otis,val,2023-10-25 08:00:20+00:00,65.1324210962963,4,True,,36.09915542602539,35.7872428894043,36.93113708496094,34.74951934814453,37.71992111206055,39.66989517211914
EP182023:geo:d8d5475a89f934ba,EP182023,Otis,val,2023-10-25 08:10:20+00:00,64.21785398518519,4,True,,36.00402069091797,35.64708709716797,36.764007568359375,33.90743637084961,38.38434600830078,42.2338752746582
EP182023:geo:cacd156352a88c09,EP182023,Otis,val,2023-10-25 08:20:20+00:00,63.30328687407408,4,True,,35.15568923950195,34.77997970581055,36.285003662109375,33.51002502441406,39.10430908203125,42.7191047668457
EP182023:geo:61582bdf09e08619,EP182023,Otis,val,2023-10-25 08:30:20+00:00,62.38871976296296,4,True,,34.27494812011719,34.224666595458984,36.26694869995117,33.57960891723633,39.63813400268555,42.82510757446289
EP182023:geo:faf56d064c5e4be6,EP182023,Otis,val,2023-10-25 08:40:20+00:00,61.47415265185185,4,True,,32.91925430297852,32.66075897216797,36.58933639526367,33.04935836791992,39.04233169555664,40.67920684814453
EP182023:geo:9b878053618cc897,EP182023,Otis,val,2023-10-25 08:50:20+00:00,60.55958554074074,4,True,,30.299541473388672,30.84849548339844,36.65705871582031,32.91215133666992,39.26436614990234,37.8567008972168
EP182023:geo:84e6ba50d9fdf755,EP182023,Otis,val,2023-10-25 09:00:20+00:00,59.6459711037037,4,True,,29.68895721435547,30.630645751953125,26.06830406188965,32.954715728759766,39.6988525390625,37.77050018310547
EP182023:geo:cdf34ec884ca12c8,EP182023,Otis,val,2023-10-25 09:10:20+00:00,58.75998421481482,4,True,,27.724308013916016,28.331504821777344,26.122766494750977,32.9807014465332,39.84740829467773,37.88179397583008
EP182023:geo:4c6a7c0566c57278,EP182023,Otis,val,2023-10-25 09:20:20+00:00,57.87399732592593,3,True,,24.632169723510746,24.781221389770508,26.352371215820312,33.41650390625,39.97251892089844,40.95477294921875
EP182023:geo:094d64b89f32822a,EP182023,Otis,val,2023-10-25 09:30:20+00:00,56.98801043703704,3,True,,21.5582275390625,21.204177856445312,26.481563568115234,33.94940185546875,40.83829879760742,44.57757186889648
EP182023:geo:091671e7b990ba0d,EP182023,Otis,val,2023-10-25 09:40:20+00:00,56.10202354814815,3,True,,18.949806213378903,18.423725128173828,26.226394653320312,33.73246765136719,40.5999641418457,46.37664413452149
EP182023:geo:5ab89d21951bc87a,EP182023,Otis,val,2023-10-25 09:50:20+00:00,55.21603665925927,3,True,,17.031827926635742,16.388717651367188,26.50498390197754,33.387203216552734,39.78142547607422,43.07790756225586
EP182023:geo:bd82081c1b85d3f4,EP182023,Otis,val,2023-10-25 10:00:20+00:00,54.33004977037037,3,True,,14.710676193237305,14.08013153076172,25.8397274017334,33.37291717529297,39.83467102050781,38.31539535522461
EP182023:geo:c9361b27f5dad51f,EP182023,Otis,val,2023-10-25 10:10:20+00:00,53.44406288148148,3,True,,13.746074676513672,13.077743530273438,25.73504447937012,34.07160949707031,40.14044189453125,34.93804168701172
EP182023:geo:35bd12bd55ff4d7a,EP182023,Otis,val,2023-10-25 10:20:20+00:00,52.5580759925926,3,True,,13.224078178405762,12.605319023132324,25.80644798278809,34.93842697143555,40.6473274230957,34.56159210205078
EP182023:geo:fb43db2060b1847a,EP182023,Otis,val,2023-10-25 10:30:20+00:00,51.672089103703705,3,True,,13.064638137817385,12.461894989013672,25.92278289794922,34.661163330078125,40.179664611816406,36.62288665771485
EP182023:geo:35be3b039a5db078,EP182023,Otis,val,2023-10-25 10:40:20+00:00,50.78610221481482,3,True,,13.011733055114746,12.46198272705078,26.08872413635254,33.66025924682617,39.65422821044922,36.07164764404297
EP182023:geo:6554b891895e3bd6,EP182023,Otis,val,2023-10-25 10:50:20+00:00,49.90011532592592,3,True,,13.15654182434082,12.641816139221191,26.113750457763672,31.88873863220215,39.32981872558594,34.4932975769043
EP182023:geo:bb2e0a17256ab0f3,EP182023,Otis,val,2023-10-25 11:00:20+00:00,49.01412843703704,2,True,,13.2608060836792,12.860724449157717,26.22784423828125,29.58388900756836,37.76781463623047,31.50244903564453
EP182023:geo:1b874adfd108a0a1,EP182023,Otis,val,2023-10-25 11:10:20+00:00,48.12814154814815,2,True,,13.20834732055664,12.88168239593506,26.311504364013672,26.97820472717285,31.570444107055664,33.05655288696289
EP182023:geo:e3aa43bd198ff086,EP182023,Otis,val,2023-10-25 11:20:20+00:00,47.242154659259256,2,True,,13.223082542419434,13.056854248046877,26.530668258666992,24.577930450439453,25.395151138305664,30.05352783203125
EP182023:geo:9878773de1812e92,EP182023,Otis,val,2023-10-25 11:30:20+00:00,46.35616777037037,2,True,,13.389483451843262,13.210027694702148,26.5098876953125,22.080236434936523,24.4360408782959,29.587066650390625
EP182023:geo:f09b92e6fc691925,EP182023,Otis,val,2023-10-25 11:40:20+00:00,45.47018088148148,2,True,,13.281389236450195,13.136317253112791,26.86054992675781,19.11391258239746,21.29227828979492,28.16030502319336
EP182023:geo:6d1691c257710924,EP182023,Otis,val,2023-10-25 11:50:20+00:00,44.5841939925926,2,True,,13.068296432495115,12.967528343200684,27.122344970703125,17.28325653076172,19.41887283325196,26.68024063110352
EP182023:geo:f62ff511edc3d0df,EP182023,Otis,val,2023-10-25 12:00:20+00:00,43.70678117037037,2,True,,12.95922565460205,12.92362117767334,27.31568717956543,16.604598999023438,18.88807678222656,26.42121315002441
EP182023:geo:50b7b0e2f289d597,EP182023,Otis,val,2023-10-25 12:10:20+00:00,43.07801628148148,2,True,,13.021766662597656,12.91258430480957,27.824460983276367,16.332828521728516,18.752273559570312,27.45289421081543
EP182023:geo:487daf4b2287a9f3,EP182023,Otis,val,2023-10-25 12:20:20+00:00,42.44925139259259,1,True,,13.09943389892578,13.395150184631348,27.923095703125,16.02079963684082,18.57545661926269,26.25102996826172
EP182023:geo:ad59ea03429b6856,EP182023,Otis,val,2023-10-25 12:30:20+00:00,41.820486503703705,1,True,,13.070650100708008,13.375946998596191,27.70823860168457,15.901490211486816,18.594104766845703,24.456832885742188
EP182023:geo:21b140eda4265f15,EP182023,Otis,val,2023-10-25 12:40:20+00:00,41.19172161481482,1,True,,13.152915000915527,13.88521671295166,27.37391662597656,15.94278621673584,18.75404930114746,23.33856773376465
EP182023:geo:78a393d2ebbb40b6,EP182023,Otis,val,2023-10-25 12:50:20+00:00,40.56295672592592,1,True,,12.933961868286133,13.44896125793457,27.15070343017578,15.884069442749023,18.77900123596192,22.59604454040528
EP182023:geo:a36c87c99cfd9839,EP182023,Otis,val,2023-10-25 13:00:20+00:00,39.93419183703704,1,True,,12.865034103393556,13.32277011871338,27.107532501220703,16.107494354248047,19.03899002075196,22.3967514038086
EP182023:geo:dde9bcfefa6e015f,EP182023,Otis,val,2023-10-25 13:10:20+00:00,39.30542694814815,1,True,,12.891276359558104,13.089141845703123,27.18679428100586,16.725278854370117,19.64758682250977,22.224966049194336
EP182023:geo:2f3417e69f5e1c5c,EP182023,Otis,val,2023-10-25 13:20:20+00:00,38.676662059259264,1,True,,12.81074333190918,12.861260414123535,27.217592239379883,17.06662368774414,20.064064025878903,22.43614959716797
EP182023:geo:a712a912a89d4b8e,EP182023,Otis,val,2023-10-25 13:30:20+00:00,38.04789717037037,1,True,,12.843233108520508,12.877656936645508,27.270999908447266,17.669376373291016,20.79023551940918,22.43589782714844
EP182023:geo:7c6a6304bfd3dc8b,EP182023,Otis,val,2023-10-25 13:40:20+00:00,37.41913228148148,1,True,,12.771042823791504,12.76239013671875,27.693050384521484,18.00194549560547,21.21252822875977,22.754194259643555
EP182023:geo:5529ba4e7f6b1578,EP182023,Otis,val,2023-10-25 13:50:20+00:00,36.79036739259259,1,True,,12.73326587677002,12.544082641601562,28.245052337646484,18.1753158569336,21.368501663208008,23.12627410888672
EP182023:geo:9da02ff3167eba83,EP182023,Otis,val,2023-10-25 14:00:20+00:00,36.161602503703705,1,True,,12.669655799865724,12.486140251159668,28.564769744873047,18.253313064575195,21.353317260742188,23.3614444732666
EP182023:geo:64f25621dcf21cc1,EP182023,Otis,val,2023-10-25 14:10:20+00:00,35.53283761481482,1,True,,12.989540100097656,12.772113800048828,28.16679954528809,18.29163932800293,21.355388641357425,23.260711669921875
EP182023:geo:37a44a44af1f94da,EP182023,Otis,val,2023-10-25 14:20:20+00:00,34.90407272592592,1,True,,12.88629913330078,12.470843315124512,27.831283569335938,18.478710174560547,21.51567649841309,23.05471420288086
EP182023:geo:90b6f2bec0dc602c,EP182023,Otis,val,2023-10-25 14:30:20+00:00,34.27530783703704,1,True,,12.890390396118164,12.610027313232422,27.76979255676269,18.30803871154785,21.348913192749023,22.870582580566406
EP182023:geo:e46adb6859c58166,EP182023,Otis,val,2023-10-25 14:40:20+00:00,33.64654294814815,1,True,,12.806971549987791,12.474967002868652,27.928466796875,17.988929748535156,20.99202537536621,22.786788940429688
EP182023:geo:fadd9f9737b38d44,EP182023,Otis,val,2023-10-25 14:50:20+00:00,33.017778059259264,1,True,,12.695857048034668,12.48913860321045,27.98701286315918,17.77642250061035,20.772829055786133,22.77824592590332
EP182023:geo:aba4586b6e40a413,EP182023,Otis,val,2023-10-25 15:00:20+00:00,32.3880604962963,0,True,,8.372699737548828,8.554932594299316,24.5093002319336,17.63538360595703,20.58196258544922,22.579769134521484
EP182023:geo:d86cc322875ac32b,EP182023,Otis,val,2023-10-25 15:10:20+00:00,31.730715385185185,0,True,,8.395795822143555,8.562350273132324,25.37192726135254,17.114761352539062,19.971454620361328,22.364126205444336
EP182023:geo:b394fed325446c7f,EP182023,Otis,val,2023-10-25 15:20:20+00:00,31.07337027407408,0,True,,8.41700267791748,8.63335132598877,26.282529830932617,17.10900115966797,19.93406105041504,22.20868873596192
EP182023:geo:9bafef6b5245c362,EP182023,Otis,val,2023-10-25 15:30:20+00:00,30.416025162962963,0,True,,8.440526962280273,8.668832778930664,26.7385311126709,17.504148483276367,20.26627922058105,22.422637939453125
EP182023:geo:0c5c3a40bf9d378a,EP182023,Otis,val,2023-10-25 15:40:20+00:00,29.75868005185185,0,True,,8.455997467041016,8.636953353881836,26.504138946533203,17.89055633544922,20.611724853515625,22.3523006439209
EP182023:geo:40ae02956290c48a,EP182023,Otis,val,2023-10-25 15:50:20+00:00,29.101334940740745,0,True,,8.466185569763184,8.755449295043945,26.83485412597656,18.076637268066406,20.76873207092285,21.97160720825196
EP182023:geo:e313dbd4065f717d,EP182023,Otis,val,2023-10-25 16:00:20+00:00,28.44398982962963,0,True,,8.475611686706543,8.552224159240723,27.44155502319336,18.31473922729492,20.94707679748535,21.896976470947266
EP182023:geo:d2b71a5f1b36ff17,EP182023,Otis,val,2023-10-25 16:10:20+00:00,27.78664471851852,0,True,,8.496264457702637,8.60503101348877,27.89335250854492,18.69599151611328,21.27398681640625,21.906539916992188
EP182023:geo:b0ceb60e977da8d4,EP182023,Otis,val,2023-10-25 16:20:20+00:00,27.129299607407408,0,True,,8.525781631469727,8.853729248046875,28.188867568969727,18.85601234436035,21.41273307800293,21.720951080322266
EP182023:geo:3087981b9496a5ff,EP182023,Otis,val,2023-10-25 16:30:20+00:00,26.4719544962963,0,True,,8.550982475280762,8.854263305664062,28.312747955322266,19.223487854003903,21.77351760864257,21.33470726013184
EP182023:geo:9e30e182b1cab068,EP182023,Otis,val,2023-10-25 16:40:20+00:00,25.814609385185182,0,True,,8.574920654296875,8.86921215057373,29.125946044921875,19.21818923950196,21.762168884277344,21.13144493103028
EP182023:geo:2a51cfb270b0482a,EP182023,Otis,val,2023-10-25 16:50:20+00:00,25.15726427407408,0,True,,8.59415054321289,8.907718658447266,29.32075881958008,19.237579345703125,21.69036674499512,21.14477157592773
EP182023:geo:c508bd4ee04a9cbf,EP182023,Otis,val,2023-10-25 17:00:20+00:00,24.499919162962964,0,True,,8.596842765808105,8.971614837646484,29.391956329345703,19.240209579467773,21.558326721191406,21.10166549682617
EP182023:geo:28e1438fb27ab916,EP182023,Otis,val,2023-10-25 17:10:20+00:00,23.84257405185185,0,True,,8.602240562438965,8.888815879821777,29.910051345825195,19.205486297607425,21.41392517089844,21.10863304138184
EP182023:geo:6deccd8acf9bd040,EP182023,Otis,val,2023-10-25 17:20:20+00:00,23.18522894074074,0,True,,8.61492919921875,8.899968147277832,29.82487869262696,19.19464111328125,21.39399528503418,21.16513442993164
EP182023:geo:2df1e31addbe03e7,EP182023,Otis,val,2023-10-25 17:30:20+00:00,22.52788382962964,0,True,,8.630341529846191,8.806877136230469,29.87837600708008,19.40480232238769,21.64875221252441,21.278583526611328
EP182023:geo:4484907a40f508a8,EP182023,Otis,val,2023-10-25 17:40:20+00:00,21.87053871851852,0,True,,8.640371322631836,8.89957332611084,30.35637092590332,19.659542083740234,21.937259674072266,21.46731758117676
EP182023:geo:1cf83155aa96c415,EP182023,Otis,val,2023-10-25 17:50:20+00:00,21.21319360740741,0,True,,8.657751083374023,8.944745063781738,31.341976165771484,19.528215408325195,21.82451438903809,21.549280166625977
