era5,trained_target,model_key,correction_ms,ibtracs_target_ms,intensity_target_source,is_rapid_intensification,observation_timestamp,prediction_category,prediction_ms,raw_unet_anchor_ms,raw_unet_max_ms,raw_unet_ms,raw_unet_robust_peak_ms,ri_24h_change_ms,sample_id,sar_max_wind_ms,sar_robust_peak_target_ms,storm_id,target_category,target_ms
with_era5,ibtracs,joint_unet_mlp,-0.4930400848388672,18.20888900756836,ibtracs,False,2025-06-29T12:23:43+00:00,0,21.37990951538086,21.872949600219727,21.872949600219727,21.872949600219727,19.653669357299805,,AL022025_sar_geo_20250629122343_2019fb4c,26.75994873046875,20.296344757080078,AL022025,0,18.20888900756836
with_era5,ibtracs,joint_unet_mlp,8.021876335144043,17.183143615722656,ibtracs,False,2025-06-30T00:38:22+00:00,0,19.299638748168945,11.277762413024902,11.277762413024902,11.277762413024902,10.323779106140137,3.9930858612060547,AL022025_sar_geo_20250630003822_9f8d8538,38.099998474121094,18.442907333374023,AL022025,-1,17.183143615722656
with_era5,ibtracs,joint_unet_mlp,-1.7753772735595703,25.722200393676758,ibtracs,False,2023-06-24T09:11:41+00:00,0,26.254026412963867,28.029403686523438,28.029403686523438,28.029403686523438,23.662761688232422,3.53432559967041,AL042023_sar_geo_20230624091141_fc94d478,32.65999221801758,26.53125,AL042023,0,25.722200393676758
with_era5,ibtracs,joint_unet_mlp,-1.5136241912841797,24.210735321044922,ibtracs,False,2023-06-24T21:56:17+00:00,0,24.53496551513672,26.0485897064209,26.0485897064209,26.0485897064209,23.36745262145996,1.0607548952102661,AL042023_sar_geo_20230624215617_3236b686,47.7400016784668,26.545425415039062,AL042023,0,24.210735321044922
with_era5,ibtracs,joint_unet_mlp,3.943889617919922,21.681528091430664,ibtracs,False,2023-06-25T09:51:16+00:00,0,24.974849700927734,21.030960083007812,21.030960083007812,21.030960083007812,18.58473777770996,-4.0406718254089355,AL042023_sar_geo_20230625095116_dad4ab5b,28.200000762939453,25.516326904296875,AL042023,0,21.681528091430664
with_era5,ibtracs,joint_unet_mlp,5.270130157470703,24.937578201293945,ibtracs,False,2025-09-25T09:42:44+00:00,0,31.185745239257812,25.91561508178711,25.91561508178711,25.91561508178711,24.45707893371582,,AL082025_sar_geo_20250925094244_08e44ad7,27.859996795654297,21.703502655029297,AL082025,0,24.937578201293945
with_era5,ibtracs,joint_unet_mlp,0.5401725769042969,55.86671447753906,ibtracs,True,2025-09-26T22:04:44+00:00,3,52.62786865234375,52.08769607543945,52.08769607543945,52.08769607543945,46.8324089050293,25.65894317626953,AL082025_sar_geo_20250926220444_2d00f032,55.41999816894531,48.242061614990234,AL082025,3,55.86671447753906
with_era5,ibtracs,joint_unet_mlp,-0.7268714904785156,55.90815353393555,ibtracs,True,2025-09-26T22:06:11+00:00,3,50.73268127441406,51.45955276489258,51.45955276489258,51.45955276489258,46.399593353271484,25.692094802856445,AL082025_sar_geo_20250926220611_04532c06,51.36000061035156,46.63326644897461,AL082025,3,55.90815353393555
with_era5,ibtracs,joint_unet_mlp,7.950687408447266,66.18160247802734,ibtracs,True,2025-09-27T09:58:13+00:00,3,52.590599060058594,44.63991165161133,44.63991165161133,44.63991165161133,41.12562561035156,26.76637840270996,AL082025_sar_geo_20250927095813_d513fd6c,69.83999633789062,56.139591217041016,AL082025,4,66.18160247802734
with_era5,ibtracs,joint_unet_mlp,-0.5852012634277344,72.02216339111328,ibtracs,True,2025-09-27T22:14:16+00:00,3,57.86321258544922,58.44841384887695,58.44841384887695,58.44841384887695,50.30754470825195,15.88298225402832,AL082025_sar_geo_20250927221416_59358115,68.66000366210938,57.38515853881836,AL082025,5,72.02216339111328
with_era5,ibtracs,joint_unet_mlp,11.299324035644531,65.934814453125,ibtracs,False,2025-09-28T10:05:59+00:00,3,56.80653381347656,45.50720977783203,45.50720977783203,45.50720977783203,43.10850143432617,-0.29118484258651733,AL082025_sar_geo_20250928100559_707f4766,58.29999923706055,51.569278717041016,AL082025,4,65.934814453125
with_era5,ibtracs,joint_unet_mlp,6.9178314208984375,62.5663948059082,ibtracs,False,2025-09-28T22:22:50+00:00,3,57.48789978027344,50.570068359375,50.570068359375,50.570068359375,46.32086181640625,-9.455766677856445,AL082025_sar_geo_20250928222250_60332831,57.599998474121094,53.99726104736328,AL082025,4,62.5663948059082
with_era5,ibtracs,joint_unet_mlp,10.400638580322266,63.696075439453125,ibtracs,False,2025-09-29T10:13:23+00:00,3,55.840511322021484,45.43987274169922,45.43987274169922,45.43987274169922,43.66621780395508,-2.1329896450042725,AL082025_sar_geo_20250929101323_61e03351,56.5,49.547393798828125,AL082025,4,63.696075439453125
with_era5,ibtracs,joint_unet_mlp,16.754600524902344,53.46254348754883,ibtracs,False,2025-09-29T22:31:44+00:00,3,50.640846252441406,33.88624572753906,33.88624572753906,33.88624572753906,32.68051528930664,-9.027539253234863,AL082025_sar_geo_20250929223144_b6a1244f,58.15999984741211,50.252620697021484,AL082025,3,53.46254348754883
with_era5,ibtracs,joint_unet_mlp,17.15180206298828,53.445396423339844,ibtracs,False,2025-09-29T22:32:29+00:00,3,51.13458251953125,33.98278045654297,33.98278045654297,33.98278045654297,33.216487884521484,-9.038256645202637,AL082025_sar_geo_20250929223229_4e0b44ba,62.34000015258789,53.213584899902344,AL082025,3,53.445396423339844
with_era5,ibtracs,joint_unet_mlp,-1.5090560913085938,38.4094352722168,ibtracs,False,2025-09-30T10:36:05+00:00,1,35.69249725341797,37.20155334472656,37.20155334472656,37.20155334472656,35.71815490722656,-25.416391372680664,AL082025_sar_geo_20250930103605_996c3d15,39.959999084472656,38.323768615722656,AL082025,1,38.4094352722168
with_era5,ibtracs,joint_unet_mlp,2.97100830078125,36.01108169555664,ibtracs,False,2025-09-30T22:41:16+00:00,1,42.3968505859375,39.42584228515625,39.42584228515625,39.42584228515625,36.91672897338867,-17.23349380493164,AL082025_sar_geo_20250930224116_f96a335d,40.86000061035156,37.576480865478516,AL082025,1,36.01108169555664
with_era5,ibtracs,joint_unet_mlp,-0.13777923583984375,34.248538970947266,ibtracs,False,2025-10-01T10:25:34+00:00,1,37.78032684326172,37.91810607910156,37.91810607910156,37.91810607910156,36.21322250366211,-4.461467742919922,AL082025_sar_geo_20251001102534_7c316d67,38.15999984741211,36.33675765991211,AL082025,1,34.248538970947266
with_era5,ibtracs,joint_unet_mlp,7.952594757080078,25.665515899658203,ibtracs,False,2024-09-24T23:50:05+00:00,1,33.11621856689453,25.163623809814453,25.163623809814453,25.163623809814453,23.723176956176758,7.659976005554199,AL092024_sar_geo_20240924235005_f6c42560,34.099998474121094,25.84740447998047,AL092024,0,25.665515899658203
with_era5,ibtracs,joint_unet_mlp,8.229679107666016,33.20021438598633,ibtracs,False,2024-09-25T11:43:18+00:00,3,54.865135192871094,46.63545608520508,46.63545608520508,46.63545608520508,44.24668884277344,12.717912673950195,AL092024_sar_geo_20240925114318_182f4c98,38.81999969482422,32.314483642578125,AL092024,1,33.20021438598633
with_era5,ibtracs,joint_unet_mlp,14.73126220703125,36.01108169555664,ibtracs,False,2024-09-25T23:58:53+00:00,3,57.669219970703125,42.937957763671875,42.937957763671875,42.937957763671875,42.2864990234375,10.295263290405273,AL092024_sar_geo_20240925235853_bb2fffd5,38.32500076293945,32.80063247680664,AL092024,1,36.01108169555664
with_era5,ibtracs,joint_unet_mlp,13.097057342529297,43.58650588989258,ibtracs,False,2024-09-26T11:50:07+00:00,3,57.03432846069336,43.93727111816406,43.93727111816406,43.93727111816406,42.58690643310547,10.288880348205566,AL092024_sar_geo_20240926115007_1dfc3535,41.63999938964844,35.869930267333984,AL092024,2,43.58650588989258
with_era5,ibtracs,joint_unet_mlp,1.4191970825195312,61.2578010559082,ibtracs,True,2024-09-26T23:36:14+00:00,3,57.95039367675781,56.53119659423828,56.53119659423828,56.53119659423828,53.11313247680664,25.246721267700195,AL092024_sar_geo_20240926233614_4c4a4e8d,56.41999816894531,52.753684997558594,AL092024,4,61.2578010559082
with_era5,ibtracs,joint_unet_mlp,2.0596084594726562,61.27547073364258,ibtracs,True,2024-09-26T23:37:07+00:00,3,58.0072021484375,55.947593688964844,55.947593688964844,55.947593688964844,52.417884826660156,25.264392852783203,AL092024_sar_geo_20240926233707_ba644eb1,53.97999954223633,51.04243469238281,AL092024,4,61.27547073364258
with_era5,ibtracs,joint_unet_mlp,0.9025650024414062,61.300479888916016,ibtracs,True,2024-09-26T23:38:22+00:00,3,57.69727325439453,56.794708251953125,56.794708251953125,56.794708251953125,53.3106689453125,25.289400100708008,AL092024_sar_geo_20240926233822_7d97bd32,55.97999954223633,51.9205207824707,AL092024,4,61.300479888916016
with_era5,ibtracs,joint_unet_mlp,14.522829055786133,27.9754638671875,ibtracs,False,2025-09-29T23:04:12+00:00,1,41.511924743652344,26.98909568786621,26.98909568786621,26.98909568786621,25.972749710083008,9.969924926757812,AL092025_sar_geo_20250929230412_3b893bbb,33.125,25.969348907470703,AL092025,0,27.9754638671875
with_era5,ibtracs,joint_unet_mlp,8.96188735961914,36.01108169555664,ibtracs,False,2025-09-30T23:11:51+00:00,2,45.786109924316406,36.824222564697266,36.824222564697266,36.824222564697266,35.387062072753906,7.99188756942749,AL092025_sar_geo_20250930231151_62ee93bd,37.7400016784668,33.46464538574219,AL092025,1,36.01108169555664
with_era5,ibtracs,joint_unet_mlp,0.24250030517578125,37.67373275756836,ibtracs,False,2025-10-02T10:03:39+00:00,2,43.049400329589844,42.80690002441406,42.80690002441406,42.80690002441406,42.27666473388672,-2.8167238235473633,AL092025_sar_geo_20251002100339_1686cf44,55.81999969482422,47.7620964050293,AL092025,1,37.67373275756836
with_era5,ibtracs,joint_unet_mlp,0.3977527618408203,23.149980545043945,ibtracs,False,2024-09-26T09:38:24+00:00,0,25.01780891418457,24.62005615234375,24.62005615234375,24.62005615234375,20.95425033569336,0.0,AL102024_sar_geo_20240926093824_136192f5,30.619998931884766,26.88939666748047,AL102024,0,23.149980545043945
with_era5,ibtracs,joint_unet_mlp,-0.6005496978759766,27.43263053894043,ibtracs,False,2024-09-26T21:29:14+00:00,0,25.684659957885742,26.28520965576172,26.28520965576172,26.28520965576172,23.73444366455078,4.282650947570801,AL102024_sar_geo_20240926212914_03bcc908,34.779998779296875,28.738861083984375,AL102024,0,27.43263053894043
with_era5,ibtracs,joint_unet_mlp,4.777870178222656,32.48942565917969,ibtracs,False,2024-09-27T09:13:54+00:00,0,30.976669311523438,26.19879913330078,26.19879913330078,26.19879913330078,25.237083435058594,9.339445114135742,AL102024_sar_geo_20240927091354_3a788dd8,36.91999816894531,34.587730407714844,AL102024,0,32.48942565917969
with_era5,ibtracs,joint_unet_mlp,-5.047454833984375,46.29996109008789,ibtracs,False,2024-09-28T08:49:27+00:00,1,34.183067321777344,39.23052215576172,39.23052215576172,39.23052215576172,36.110267639160156,13.980443954467773,AL102024_sar_geo_20240928084927_9b67e147,43.02000045776367,41.03065872192383,AL102024,2,46.29996109008789
with_era5,ibtracs,joint_unet_mlp,1.5813674926757812,35.18644714355469,ibtracs,False,2024-09-29T08:24:16+00:00,1,39.927669525146484,38.3463020324707,38.3463020324707,38.3463020324707,37.904056549072266,-11.11351490020752,AL102024_sar_geo_20240929082416_cf0e50b0,38.34000015258789,35.84708786010742,AL102024,1,35.18644714355469
with_era5,ibtracs,joint_unet_mlp,1.8886871337890625,30.07201385498047,ibtracs,False,2024-09-29T20:19:01+00:00,1,39.30576705932617,37.41707992553711,37.41707992553711,37.41707992553711,37.0267333984375,-11.669161796569824,AL102024_sar_geo_20240929201901_eceb8b95,37.47999954223633,34.81792068481445,AL102024,0,30.07201385498047
with_era5,ibtracs,joint_unet_mlp,-7.857704162597656,22.25275230407715,ibtracs,False,2025-10-07T21:23:02+00:00,0,25.067913055419922,32.92561721801758,32.92561721801758,32.92561721801758,29.55354881286621,,AL102025_sar_geo_20251007212302_65a32d77,31.35999870300293,28.337852478027344,AL102025,0,22.25275230407715
with_era5,ibtracs,joint_unet_mlp,0.5769424438476562,26.01824378967285,ibtracs,False,2025-10-08T09:20:43+00:00,0,26.374961853027344,25.798019409179688,25.798019409179688,25.798019409179688,24.43240737915039,6.350954055786133,AL102025_sar_geo_20251008092043_77759e8c,33.619998931884766,29.984731674194336,AL102025,0,26.01824378967285
with_era5,ibtracs,joint_unet_mlp,3.18682861328125,25.722200393676758,ibtracs,False,2025-10-09T22:12:45+00:00,0,29.282594680786133,26.095766067504883,26.095766067504883,26.095766067504883,25.793739318847656,-2.5722200870513916,AL102025_sar_geo_20251009221245_f4761526,31.220003128051758,27.99546241760254,AL102025,0,25.722200393676758
with_era5,ibtracs,joint_unet_mlp,9.605619430541992,25.722200393676758,ibtracs,False,2025-10-10T10:05:06+00:00,1,33.60099411010742,23.99537467956543,23.99537467956543,23.99537467956543,23.197017669677734,-0.985160231590271,AL102025_sar_geo_20251010100506_5c04fb1b,24.438796997070312,23.330018997192383,AL102025,0,25.722200393676758
with_era5,ibtracs,joint_unet_mlp,-1.029958724975586,25.722200393676758,ibtracs,False,2025-10-10T22:21:57+00:00,0,25.702375411987305,26.73233413696289,26.73233413696289,26.73233413696289,23.99272346496582,0.0,AL102025_sar_geo_20251010222157_3cb50cd4,40.099998474121094,29.378992080688477,AL102025,0,25.722200393676758
with_era5,ibtracs,joint_unet_mlp,11.854379653930664,23.149980545043945,ibtracs,False,2025-10-11T10:13:58+00:00,1,34.723148345947266,22.8687686920166,22.8687686920166,22.8687686920166,21.29351043701172,-2.5722200870513916,AL102025_sar_geo_20251011101358_f6a30809,33.18000030517578,22.940021514892578,AL102025,0,23.149980545043945
with_era5,ibtracs,joint_unet_mlp,10.993541717529297,45.82767105102539,ibtracs,True,2024-11-06T11:26:57+00:00,3,54.69862747192383,43.70508575439453,43.70508575439453,43.70508575439453,40.93767547607422,20.294387817382812,AL182024_sar_geo_20241106112657_5c0e7c84,46.68000030517578,42.82679748535156,AL182024,2,45.82767105102539
with_era5,ibtracs,joint_unet_mlp,10.3883056640625,49.17279052734375,ibtracs,False,2024-11-06T23:40:43+00:00,3,53.922203063964844,43.533897399902344,43.533897399902344,43.533897399902344,40.7452392578125,13.437273025512695,AL182024_sar_geo_20241106234043_5d0cd6d0,50.380001068115234,42.11057662963867,AL182024,2,49.17279052734375
with_era5,ibtracs,joint_unet_mlp,8.693901062011719,49.1434326171875,ibtracs,False,2024-11-06T23:42:36+00:00,3,53.60050964355469,44.90660858154297,44.90660858154297,44.90660858154297,41.803951263427734,13.381000518798828,AL182024_sar_geo_20241106234236_1f54d7b2,54.099998474121094,44.40436553955078,AL182024,2,49.1434326171875
with_era5,ibtracs,joint_unet_mlp,8.202896118164062,49.12030792236328,ibtracs,False,2024-11-06T23:44:05+00:00,3,49.43780517578125,41.23490905761719,41.23490905761719,41.23490905761719,38.45763397216797,13.336679458618164,AL182024_sar_geo_20241106234405_6e8a2b86,54.119998931884766,47.42927169799805,AL182024,2,49.12030792236328
with_era5,ibtracs,joint_unet_mlp,15.381660461425781,46.29996109008789,ibtracs,False,2024-11-07T11:34:27+00:00,3,57.47052764892578,42.0888671875,42.0888671875,42.0888671875,39.6464958190918,0.3651123344898224,AL182024_sar_geo_20241107113427_6c78673a,52.459999084472656,47.70045471191406,AL182024,2,46.29996109008789
with_era5,ibtracs,joint_unet_mlp,8.252059936523438,46.29996109008789,ibtracs,False,2024-11-07T23:51:05+00:00,3,57.305877685546875,49.05381774902344,49.05381774902344,49.05381774902344,45.151641845703125,-2.711223840713501,AL182024_sar_geo_20241107235105_7cb0f20e,48.119998931884766,45.014564514160156,AL182024,2,46.29996109008789
with_era5,ibtracs,joint_unet_mlp,21.059703826904297,33.456390380859375,ibtracs,False,2024-11-08T23:59:14+00:00,3,52.56732177734375,31.507617950439453,31.507617950439453,31.507617950439453,29.59624671936035,-12.843570709228516,AL182024_sar_geo_20241108235914_8a172b82,46.040000915527344,37.65009689331055,AL182024,1,33.456390380859375
with_era5,ibtracs,joint_unet_mlp,13.043601989746094,25.80436897277832,ibtracs,False,2024-11-09T11:50:25+00:00,1,34.59080505371094,21.547203063964844,21.547203063964844,21.547203063964844,20.366098403930664,-23.20475959777832,AL182024_sar_geo_20241109115025_a47eebe7,36.900001525878906,30.126853942871094,AL182024,0,25.80436897277832
with_era5,ibtracs,joint_unet_mlp,5.903570175170898,20.519838333129883,ibtracs,False,2024-11-10T00:10:08+00:00,0,28.017118453979492,22.113548278808594,22.113548278808594,22.113548278808594,18.736656188964844,-12.774215698242188,AL182024_sar_geo_20241110001008_2b803752,30.479999542236328,25.998462677001953,AL182024,0,20.519838333129883
with_era5,ibtracs,joint_unet_mlp,4.200115203857422,18.00554084777832,ibtracs,False,2024-11-10T11:58:06+00:00,0,24.327919006347656,20.127803802490234,20.127803802490234,20.127803802490234,18.390291213989258,-7.732950687408447,AL182024_sar_geo_20241110115806_c5d91f61,30.91888427734375,17.999176025390625,AL182024,0,18.00554084777832
with_era5,ibtracs,joint_unet_mlp,1.816518783569336,38.58330154418945,ibtracs,False,2023-06-29T13:04:56+00:00,0,26.89653968811035,25.080020904541016,25.080020904541016,25.080020904541016,22.465248107910156,4.587697505950928,EP012023_sar_geo_20230629130456_9d69b2fc,38.599998474121094,36.31546401977539,EP012023,1,38.58330154418945
with_era5,ibtracs,joint_unet_mlp,-12.856512069702148,46.29996109008789,ibtracs,False,2023-06-30T13:12:49+00:00,0,24.9588680267334,37.81538009643555,37.81538009643555,37.81538009643555,34.33476257324219,7.716660022735596,EP012023_sar_geo_20230630131249_66c8cd8c,43.15999984741211,38.57410430908203,EP012023,2,46.29996109008789
with_era5,ibtracs,joint_unet_mlp,4.822275161743164,28.29442024230957,ibtracs,False,2025-08-01T02:13:07+00:00,0,28.96204376220703,24.139768600463867,24.139768600463867,24.139768600463867,21.258176803588867,9.147528648376465,EP072025_sar_geo_20250801021307_8951090d,28.525001525878906,25.266023635864258,EP072025,0,28.29442024230957
with_era5,ibtracs,joint_unet_mlp,2.0792198181152344,33.43886184692383,ibtracs,False,2025-08-02T02:21:52+00:00,1,40.848472595214844,38.76925277709961,38.76925277709961,38.76925277709961,37.007469177246094,5.144440174102783,EP072025_sar_geo_20250802022152_23b97394,33.459999084472656,31.609230041503906,EP072025,1,33.43886184692383
with_era5,ibtracs,joint_unet_mlp,4.1516571044921875,32.65681076049805,ibtracs,False,2025-08-02T14:16:49+00:00,1,42.101524353027344,37.949867248535156,37.949867248535156,37.949867248535156,36.81916046142578,3.189314603805542,EP072025_sar_geo_20250802141649_e9600fe9,34.0,32.232173919677734,EP072025,0,32.65681076049805
with_era5,ibtracs,joint_unet_mlp,-8.500850677490234,27.24152374267578,ibtracs,False,2025-08-03T03:02:48+00:00,0,32.50240707397461,41.003257751464844,41.003257751464844,41.003257751464844,38.29289627075195,-6.197335243225098,EP072025_sar_geo_20250803030248_1ccccbaf,30.81999969482422,28.60904312133789,EP072025,0,27.24152374267578
with_era5,ibtracs,joint_unet_mlp,3.2600364685058594,23.149980545043945,ibtracs,False,2025-08-05T02:13:12+00:00,0,28.918577194213867,25.658540725708008,25.658540725708008,25.658540725708008,22.901567459106445,,EP082025_sar_geo_20250805021312_5901b79b,26.499990463256836,24.82594871520996,EP082025,0,23.149980545043945
with_era5,ibtracs,joint_unet_mlp,-0.5278377532958984,23.149980545043945,ibtracs,False,2025-08-05T14:09:24+00:00,0,26.350446701049805,26.878284454345703,26.878284454345703,26.878284454345703,25.407424926757812,4.034955978393555,EP082025_sar_geo_20250805140924_db0bcc3b,27.479997634887695,25.81668472290039,EP082025,0,23.149980545043945
with_era5,ibtracs,joint_unet_mlp,-3.2038650512695312,23.149980545043945,ibtracs,False,2025-08-07T03:02:13+00:00,0,23.418983459472656,26.622848510742188,26.622848510742188,26.622848510742188,24.34003448486328,0.0,EP082025_sar_geo_20250807030213_52172340,23.57967185974121,22.859434127807617,EP082025,0,23.149980545043945
with_era5,ibtracs,joint_unet_mlp,-4.679363250732422,20.624441146850586,ibtracs,False,2025-08-07T14:56:44+00:00,0,22.811038970947266,27.490402221679688,27.490402221679688,27.490402221679688,24.213136672973633,-2.525538921356201,EP082025_sar_geo_20250807145644_31bd62e0,22.598384857177734,19.2292423248291,EP082025,0,20.624441146850586
with_era5,ibtracs,joint_unet_mlp,-4.123617172241211,17.23149299621582,ibtracs,False,2025-08-09T15:44:35+00:00,0,23.330718994140625,27.454336166381836,27.454336166381836,27.454336166381836,24.297245025634766,0.6371008157730103,EP082025_sar_geo_20250809154435_526418b6,23.359994888305664,20.623403549194336,EP082025,-1,17.23149299621582
with_era5,ibtracs,joint_unet_mlp,-3.9611549377441406,22.46662712097168,ibtracs,False,2025-08-10T04:00:27+00:00,0,23.070878982543945,27.032033920288086,27.032033920288086,27.032033920288086,23.240238189697266,7.033307075500488,EP082025_sar_geo_20250810040027_fac1c713,30.600000381469727,26.777254104614258,EP082025,0,22.46662712097168
with_era5,ibtracs,joint_unet_mlp,4.5121612548828125,18.00554084777832,ibtracs,False,2025-08-31T13:53:40+00:00,0,22.26403045654297,17.751869201660156,17.751869201660156,17.751869201660156,14.536638259887695,,EP112025_sar_geo_20250831135340_50cc57bc,25.478801727294922,18.667150497436523,EP112025,0,18.00554084777832
with_era5,ibtracs,joint_unet_mlp,-3.4121131896972656,20.577760696411133,ibtracs,False,2025-09-01T02:37:32+00:00,0,26.3067569732666,29.718870162963867,29.718870162963867,29.718870162963867,26.491628646850586,5.144440174102783,EP112025_sar_geo_20250901023732_00244e32,23.953760147094727,19.280054092407227,EP112025,0,20.577760696411133
with_era5,ibtracs,joint_unet_mlp,-0.647491455078125,30.657766342163086,ibtracs,False,2025-09-02T02:45:23+00:00,0,24.41021728515625,25.057708740234375,25.057708740234375,25.057708740234375,22.901294708251953,10.08000659942627,EP112025_sar_geo_20250902024523_0597f171,32.560001373291016,30.432666778564453,EP112025,0,30.657766342163086
with_era5,ibtracs,joint_unet_mlp,-3.6301345825195312,39.879268646240234,ibtracs,False,2025-09-02T14:31:09+00:00,0,24.583251953125,28.21338653564453,28.21338653564453,28.21338653564453,26.3505859375,14.569339752197266,EP112025_sar_geo_20250902143109_15133331,40.619998931884766,36.63118362426758,EP112025,1,39.879268646240234
with_era5,ibtracs,joint_unet_mlp,-15.726295471191406,64.30549621582031,ibtracs,True,2025-09-04T03:01:20+00:00,0,29.594627380371094,45.3209228515625,45.3209228515625,45.3209228515625,40.199241638183594,18.00554084777832,EP112025_sar_geo_20250904030120_36e6b792,58.900001525878906,53.88230514526367,EP112025,4,64.30549621582031
with_era5,ibtracs,joint_unet_mlp,-19.825876235961914,52.952720642089844,ibtracs,False,2025-09-05T14:55:55+00:00,0,25.83255958557129,45.6584358215332,45.6584358215332,45.6584358215332,40.10049819946289,-6.208338737487793,EP112025_sar_geo_20250905145555_b621c593,48.65999984741211,44.48773956298828,EP112025,3,52.952720642089844
with_era5,ibtracs,joint_unet_mlp,-19.156986236572266,53.02250289916992,ibtracs,False,2025-09-05T15:06:05+00:00,0,25.836284637451172,44.99327087402344,44.99327087402344,44.99327087402344,39.36387252807617,-6.138555526733398,EP112025_sar_geo_20250905150605_f70970d3,51.959999084472656,44.34177780151367,EP112025,3,53.02250289916992
with_era5,ibtracs,joint_unet_mlp,-29.123109817504883,60.8060417175293,ibtracs,False,2025-09-06T03:17:47+00:00,0,28.0748348236084,57.19794464111328,57.19794464111328,57.19794464111328,47.98154830932617,5.398565769195557,EP112025_sar_geo_20250906031747_a0f470c3,53.68000030517578,48.07802200317383,EP112025,4,60.8060417175293
with_era5,ibtracs,joint_unet_mlp,-30.34942626953125,60.841670989990234,ibtracs,False,2025-09-06T03:24:01+00:00,0,27.872058868408203,58.22148513793945,58.22148513793945,58.22148513793945,48.73545837402344,5.487640857696533,EP112025_sar_geo_20250906032401_30e03b1e,54.08000183105469,48.24021530151367,EP112025,4,60.841670989990234
with_era5,ibtracs,joint_unet_mlp,-10.109916687011719,56.58884048461914,ibtracs,False,2025-09-06T15:13:56+00:00,0,30.657371520996094,40.76728820800781,40.76728820800781,40.76728820800781,37.70473098754883,3.5214643478393555,EP112025_sar_geo_20250906151356_04821eb9,50.959999084472656,46.29977798461914,EP112025,3,56.58884048461914
with_era5,ibtracs,joint_unet_mlp,-15.896858215332031,57.84151077270508,ibtracs,False,2025-09-07T03:33:54+00:00,1,33.25897216796875,49.15583038330078,49.15583038330078,49.15583038330078,43.119667053222656,-3.056654691696167,EP112025_sar_geo_20250907033354_b508e3f3,55.36000061035156,47.101844787597656,EP112025,3,57.84151077270508
with_era5,ibtracs,joint_unet_mlp,-4.352081298828125,51.13240051269531,ibtracs,False,2025-09-07T15:21:50+00:00,1,35.56275939941406,39.91484069824219,39.91484069824219,39.91484069824219,35.92891311645508,-5.4564409255981445,EP112025_sar_geo_20250907152150_44831e4a,52.34000015258789,44.898902893066406,EP112025,3,51.13240051269531
with_era5,ibtracs,joint_unet_mlp,-5.460334777832031,51.05809020996094,ibtracs,False,2025-09-07T15:27:02+00:00,1,35.43572235107422,40.89605712890625,40.89605712890625,40.89605712890625,36.42315673828125,-5.530749320983887,EP112025_sar_geo_20250907152702_516cb755,46.79999923706055,42.14361572265625,EP112025,3,51.05809020996094
with_era5,ibtracs,joint_unet_mlp,2.1808319091796875,47.35714340209961,ibtracs,False,2025-09-08T03:56:42+00:00,1,37.07054138183594,34.88970947265625,34.88970947265625,34.88970947265625,32.75086212158203,-10.288880348205566,EP112025_sar_geo_20250908035642_aba9a661,45.7400016784668,41.26231384277344,EP112025,2,47.35714340209961
with_era5,ibtracs,joint_unet_mlp,5.095905303955078,47.271400451660156,ibtracs,False,2025-09-08T04:06:42+00:00,1,41.694580078125,36.59867477416992,36.59867477416992,36.59867477416992,33.87641906738281,-10.288880348205566,EP112025_sar_geo_20250908040642_4064952a,44.70000076293945,38.03972244262695,EP112025,2,47.271400451660156
with_era5,ibtracs,joint_unet_mlp,9.541671752929688,42.17869186401367,ibtracs,False,2025-09-08T16:00:40+00:00,2,46.654335021972656,37.11266326904297,37.11266326904297,37.11266326904297,34.58699417114258,-8.398775100708008,EP112025_sar_geo_20250908160040_97c65dbe,38.15999984741211,33.663917541503906,EP112025,1,42.17869186401367
with_era5,ibtracs,joint_unet_mlp,-3.562417984008789,28.10883903503418,ibtracs,False,2025-09-09T04:15:37+00:00,0,27.149429321289062,30.71184730529785,30.71184730529785,30.71184730529785,28.039838790893555,-19.086111068725586,EP112025_sar_geo_20250909041537_5b813509,28.719999313354492,26.119365692138672,EP112025,0,28.10883903503418
with_era5,ibtracs,joint_unet_mlp,-1.3414325714111328,20.577760696411133,ibtracs,False,2025-09-09T16:08:11+00:00,0,23.96482276916504,25.306255340576172,25.306255340576172,25.306255340576172,23.028100967407227,-21.536483764648438,EP112025_sar_geo_20250909160811_93d58b53,22.379152297973633,20.639429092407227,EP112025,0,20.577760696411133
with_era5,ibtracs,joint_unet_mlp,-0.10556983947753906,18.00554084777832,ibtracs,False,2025-09-10T04:32:26+00:00,0,21.097620010375977,21.203189849853516,21.203189849853516,21.203189849853516,20.10321617126465,-9.718799591064453,EP112025_sar_geo_20250910043226_d511f8a6,22.29558563232422,21.114418029785156,EP112025,0,18.00554084777832
with_era5,ibtracs,joint_unet_mlp,0.2547149658203125,17.02028465270996,ibtracs,False,2024-11-03T02:52:22+00:00,0,19.603351593017578,19.348636627197266,19.348636627197266,19.348636627197266,17.046796798706055,0.10908117890357971,EP132024_sar_geo_20241103025222_0b408406,29.4999942779541,19.52695655822754,EP132024,-1,17.02028465270996
with_era5,ibtracs,joint_unet_mlp,-7.083045959472656,21.506473541259766,ibtracs,False,2025-10-01T01:48:19+00:00,0,23.63932991027832,30.722375869750977,30.722375869750977,30.722375869750977,25.316280364990234,6.073154449462891,EP152025_sar_geo_20251001014819_ecce4d81,22.797077178955078,20.27893829345703,EP152025,0,21.506473541259766
with_era5,ibtracs,joint_unet_mlp,-9.058452606201172,28.29442024230957,ibtracs,False,2025-10-02T01:56:42+00:00,0,19.70526123046875,28.763713836669922,28.763713836669922,28.763713836669922,23.87419891357422,6.716066360473633,EP152025_sar_geo_20251002015642_c698cb8c,33.900001525878906,29.120439529418945,EP152025,0,28.29442024230957
with_era5,ibtracs,joint_unet_mlp,-2.251171112060547,24.19444465637207,ibtracs,False,2025-10-03T14:01:49+00:00,0,30.982532501220703,33.23370361328125,33.23370361328125,33.23370361328125,29.86243438720703,-4.0999755859375,EP152025_sar_geo_20251003140149_960deafc,28.145071029663086,23.714588165283203,EP152025,0,24.19444465637207
with_era5,ibtracs,joint_unet_mlp,-2.682432174682617,25.722200393676758,ibtracs,False,2025-10-04T02:13:11+00:00,0,25.468652725219727,28.151084899902344,28.151084899902344,28.151084899902344,23.775728225708008,0.7612818479537964,EP152025_sar_geo_20251004021311_4c850972,20.299226760864258,19.292953491210938,EP152025,0,25.722200393676758
with_era5,ibtracs,joint_unet_mlp,-7.840934753417969,37.072547912597656,ibtracs,False,2025-10-05T14:03:48+00:00,1,35.305870056152344,43.14680480957031,43.14680480957031,43.14680480957031,40.39019775390625,8.778129577636719,EP152025_sar_geo_20251005140348_c360bcf0,43.31999969482422,37.018798828125,EP152025,1,37.072547912597656
with_era5,ibtracs,joint_unet_mlp,-10.027353286743164,40.3003044128418,ibtracs,False,2025-10-06T02:29:37+00:00,0,27.56123924255371,37.588592529296875,37.588592529296875,37.588592529296875,34.73027420043945,8.150840759277344,EP152025_sar_geo_20251006022937_f3bbea1a,47.880001068115234,37.92021179199219,EP152025,1,40.3003044128418
with_era5,ibtracs,joint_unet_mlp,-5.76616096496582,29.242568969726562,ibtracs,False,2025-10-06T13:53:39+00:00,0,22.30103302001953,28.06719398498535,28.06719398498535,28.06719398498535,24.57332420349121,-7.742953777313232,EP152025_sar_geo_20251006135339_68af0d71,27.599903106689453,25.37576675415039,EP152025,0,29.242568969726562
with_era5,ibtracs,joint_unet_mlp,-5.20286750793457,23.149980545043945,ibtracs,False,2025-10-07T02:05:53+00:00,0,20.9222354888916,26.125102996826172,26.125102996826172,26.125102996826172,22.559795379638672,-17.285985946655273,EP152025_sar_geo_20251007020553_ee3499a4,24.97989845275879,22.91554069519043,EP152025,0,23.149980545043945
with_era5,ibtracs,joint_unet_mlp,-0.8510589599609375,26.13375473022461,ibtracs,False,2023-10-24T00:48:00+00:00,0,28.71312141418457,29.564180374145508,29.564180374145508,29.564180374145508,25.771154403686523,8.128214836120605,EP182023_sar_geo_20231024004800_e546df77,55.5,26.057025909423828,EP182023,0,26.13375473022461
with_era5,ibtracs,joint_unet_mlp,7.980987548828125,69.1234130859375,ibtracs,True,2023-10-25T00:52:23+00:00,3,57.858978271484375,49.87799072265625,49.87799072265625,49.87799072265625,43.32897186279297,42.95207214355469,EP182023_sar_geo_20231025005223_896d8572,59.720001220703125,49.42375183105469,EP182023,4,69.1234130859375
with_era5,ibtracs,joint_unet_mlp,1.4449176788330078,18.413951873779297,ibtracs,False,2024-11-29T12:47:38+00:00,0,24.490339279174805,23.045421600341797,23.045421600341797,23.045421600341797,22.195524215698242,2.9806313514709473,IO042024_sar_geo_20241129124738_26d1fed9,25.840084075927734,20.021028518676758,IO042024,0,18.413951873779297
with_era5,ibtracs,joint_unet_mlp,-1.6064987182617188,46.22208023071289,ibtracs,True,2023-10-24T12:01:49+00:00,1,36.686397552490234,38.29289627075195,38.29289627075195,38.29289627075195,36.34601974487305,23.046138763427734,IO062023_sar_geo_20231024120149_0c524d06,80.0,65.44290924072266,IO062023,2,46.22208023071289
with_era5,ibtracs,joint_unet_mlp,-4.024702072143555,27.343936920166016,ibtracs,False,2024-01-25T08:46:17+00:00,0,23.40812873840332,27.432830810546875,27.432830810546875,27.432830810546875,26.080196380615234,5.340452671051025,SH072024_sar_geo_20240125084617_b51a9b24,38.540000915527344,34.80113220214844,SH072024,0,27.343936920166016
with_era5,ibtracs,joint_unet_mlp,10.750984191894531,32.40449523925781,ibtracs,False,2023-02-08T22:12:23+00:00,3,53.69650650024414,42.94552230834961,42.94552230834961,42.94552230834961,41.4394416809082,-13.895465850830078,SH112023_sar_geo_20230208221223_c0b8bb16,35.70000076293945,34.01755142211914,SH112023,0,32.40449523925781
with_era5,ibtracs,joint_unet_mlp,3.3196773529052734,26.137470245361328,ibtracs,False,2023-02-09T11:11:34+00:00,1,33.74882507324219,30.429147720336914,30.429147720336914,30.429147720336914,28.045574188232422,-18.00554084777832,SH112023_sar_geo_20230209111134_f30f8ca8,31.280000686645508,28.429794311523438,SH112023,0,26.137470245361328
with_era5,ibtracs,joint_unet_mlp,8.953033447265625,33.43886184692383,ibtracs,False,2023-02-09T22:20:32+00:00,2,47.159698486328125,38.2066650390625,38.2066650390625,38.2066650390625,35.49220657348633,1.1508302688598633,SH112023_sar_geo_20230209222032_250d3700,45.13999938964844,38.88908767700195,SH112023,1,33.43886184692383
with_era5,ibtracs,joint_unet_mlp,12.9906005859375,38.06199645996094,ibtracs,False,2023-02-10T22:28:48+00:00,3,51.826683044433594,38.836082458496094,38.836082458496094,38.836082458496094,37.80901336669922,4.623136520385742,SH112023_sar_geo_20230210222848_4f1367f1,42.81999969482422,39.14099884033203,SH112023,1,38.06199645996094
with_era5,ibtracs,joint_unet_mlp,0.5116310119628906,55.674747467041016,ibtracs,True,2023-02-11T11:28:01+00:00,3,52.166587829589844,51.65495681762695,51.65495681762695,51.65495681762695,47.37117004394531,24.53388214111328,SH112023_sar_geo_20230211112801_66c3ce02,54.7599983215332,48.290409088134766,SH112023,3,55.674747467041016
with_era5,ibtracs,joint_unet_mlp,-2.447521209716797,55.911964416503906,ibtracs,True,2023-02-11T11:36:19+00:00,3,52.15509796142578,54.60261917114258,54.60261917114258,54.60261917114258,49.55238723754883,24.842262268066406,SH112023_sar_geo_20230211113619_713ab9a6,58.060001373291016,47.824363708496094,SH112023,3,55.911964416503906
with_era5,ibtracs,joint_unet_mlp,-2.087810516357422,49.24515151977539,ibtracs,False,2023-02-12T23:16:30+00:00,1,36.910160064697266,38.99797058105469,38.99797058105469,38.99797058105469,36.701786041259766,-7.965307712554932,SH112023_sar_geo_20230212231630_6bf369b8,53.880001068115234,48.894439697265625,SH112023,2,49.24515151977539
with_era5,ibtracs,joint_unet_mlp,0.9935455322265625,41.45818328857422,ibtracs,False,2023-02-13T23:24:42+00:00,1,41.9311637878418,40.937618255615234,40.937618255615234,40.937618255615234,38.6408576965332,-7.716660022735596,SH112023_sar_geo_20230213232442_e7bd4405,42.099998474121094,39.77212142944336,SH112023,1,41.45818328857422
with_era5,ibtracs,joint_unet_mlp,5.053985595703125,56.799476623535156,ibtracs,False,2023-02-14T12:24:34+00:00,2,44.508026123046875,39.45404052734375,39.45404052734375,39.45404052734375,38.096229553222656,10.63994026184082,SH112023_sar_geo_20230214122434_504d62a1,54.34000015258789,51.46897888183594,SH112023,3,56.799476623535156
with_era5,ibtracs,joint_unet_mlp,9.071407318115234,63.91752243041992,ibtracs,True,2023-02-14T23:32:51+00:00,3,56.04265213012695,46.97124481201172,46.97124481201172,46.97124481201172,45.200042724609375,22.529216766357422,SH112023_sar_geo_20230214233251_cc5d83ed,60.20000076293945,54.030601501464844,SH112023,4,63.91752243041992
with_era5,ibtracs,joint_unet_mlp,11.693477630615234,66.80645751953125,ibtracs,False,2023-02-16T00:12:28+00:00,3,52.50902557373047,40.815547943115234,40.815547943115234,40.815547943115234,39.83159255981445,2.3940699100494385,SH112023_sar_geo_20230216001228_9bbc9124,65.4000015258789,57.50040817260742,SH112023,4,66.80645751953125
with_era5,ibtracs,joint_unet_mlp,0.3828086853027344,54.08716583251953,ibtracs,True,2025-02-12T21:33:13+00:00,3,57.484375,57.101566314697266,57.101566314697266,57.101566314697266,52.40484619140625,25.31807518005371,SH172025_sar_geo_20250212213313_92c883b4,70.37999725341797,56.62949752807617,SH172025,3,54.08716583251953
with_era5,ibtracs,joint_unet_mlp,11.592853546142578,59.16106033325195,ibtracs,False,2025-02-13T21:41:24+00:00,3,55.888694763183594,44.295841217041016,44.295841217041016,44.295841217041016,42.48637390136719,4.676295757293701,SH172025_sar_geo_20250213214124_e8716993,60.119998931884766,49.55323028564453,SH172025,4,59.16106033325195
with_era5,ibtracs,joint_unet_mlp,-1.0949630737304688,20.577760696411133,ibtracs,False,2023-04-10T10:08:15+00:00,0,20.278079986572266,21.373043060302734,21.373043060302734,21.373043060302734,15.217219352722168,-2.5722200870513916,SH182023_sar_geo_20230410100815_7e28c768,26.04296875,17.008670806884766,SH182023,0,20.577760696411133
with_era5,ibtracs,joint_unet_mlp,3.7726707458496094,33.929439544677734,ibtracs,False,2023-04-11T10:15:57+00:00,1,39.65548324584961,35.8828125,35.8828125,35.8828125,32.558265686035156,13.351679801940918,SH182023_sar_geo_20230411101557_348124f1,48.97999954223633,39.89085388183594,SH182023,1,33.929439544677734
with_era5,ibtracs,joint_unet_mlp,-4.415111541748047,54.48676300048828,ibtracs,True,2023-04-12T21:32:54+00:00,2,46.622161865234375,51.03727340698242,51.03727340698242,51.03727340698242,49.11164093017578,18.475685119628906,SH182023_sar_geo_20230412213254_daeb85a4,58.2599983215332,51.5367546081543,SH182023,3,54.48676300048828
with_era5,ibtracs,joint_unet_mlp,5.429786682128906,70.72319030761719,ibtracs,True,2023-04-13T10:30:54+00:00,3,56.322540283203125,50.89275360107422,50.89275360107422,50.89275360107422,48.812320709228516,28.26869773864746,SH182023_sar_geo_20230413103054_f4cd9cae,68.27999877929688,58.23680877685547,SH182023,5,70.72319030761719
with_era5,ibtracs,joint_unet_mlp,3.4432010650634766,18.00554084777832,ibtracs,False,2025-03-20T12:00:50+00:00,0,20.236894607543945,16.79369354248047,16.79369354248047,16.79369354248047,15.618399620056152,-2.0649211406707764,SH262025_sar_geo_20250320120050_18f77f5f,17.37593650817871,16.022216796875,SH262025,0,18.00554084777832
with_era5,ibtracs,joint_unet_mlp,1.622579574584961,15.35915470123291,ibtracs,False,2025-03-20T23:08:39+00:00,0,20.076818466186523,18.454238891601562,18.454238891601562,18.454238891601562,16.982879638671875,-7.790825843811035,SH262025_sar_geo_20250320230839_df8df358,21.73871421813965,20.395126342773438,SH262025,-1,15.35915470123291
with_era5,ibtracs,joint_unet_mlp,3.0365524291992188,45.73478698730469,ibtracs,True,2024-05-26T21:39:33+00:00,0,25.68048095703125,22.64392852783203,22.64392852783203,22.64392852783203,19.71192169189453,18.24318504333496,WP012024_sar_geo_20240526213933_9df56040,40.63999938964844,35.82577133178711,WP012024,2,45.73478698730469
with_era5,ibtracs,joint_unet_mlp,4.095798492431641,43.72774124145508,ibtracs,False,2024-05-27T09:52:21+00:00,1,34.109867095947266,30.014068603515625,30.014068603515625,30.014068603515625,25.658830642700195,7.698225975036621,WP012024_sar_geo_20240527095221_8e9f9c60,40.900001525878906,35.272613525390625,WP012024,2,43.72774124145508
with_era5,ibtracs,joint_unet_mlp,-2.1108856201171875,35.151100158691406,ibtracs,False,2024-05-28T09:29:33+00:00,1,33.388999938964844,35.49988555908203,35.49988555908203,35.49988555908203,33.06429672241211,-8.576639175415039,WP012024_sar_geo_20240528092933_c06e204a,39.060001373291016,36.184356689453125,WP012024,1,35.151100158691406
with_era5,ibtracs,joint_unet_mlp,1.7041130065917969,39.93971633911133,ibtracs,False,2024-05-28T21:21:48+00:00,1,41.837379455566406,40.13326644897461,40.13326644897461,40.13326644897461,38.044166564941406,4.240161895751953,WP012024_sar_geo_20240528212148_22df3ab7,42.13999938964844,37.435882568359375,WP012024,1,39.93971633911133
with_era5,ibtracs,joint_unet_mlp,-1.2797737121582031,35.01763153076172,ibtracs,False,2024-05-29T09:06:12+00:00,1,34.22407913208008,35.50385284423828,35.50385284423828,35.50385284423828,30.448612213134766,0.0,WP012024_sar_geo_20240529090612_d56e7ad6,39.959999084472656,37.48442077636719,WP012024,1,35.01763153076172
with_era5,ibtracs,joint_unet_mlp,10.544685363769531,28.347055435180664,ibtracs,False,2024-05-29T20:56:19+00:00,1,36.928466796875,26.38378143310547,26.38378143310547,26.38378143310547,24.21591567993164,-11.800630569458008,WP012024_sar_geo_20240529205619_9d4a1090,79.12000274658203,33.07667541503906,WP012024,0,28.347055435180664
with_era5,ibtracs,joint_unet_mlp,4.564342498779297,39.833683013916016,ibtracs,True,2023-07-23T09:43:45+00:00,2,43.042198181152344,38.47785568237305,38.47785568237305,38.47785568237305,36.65647888183594,20.03473663330078,WP052023_sar_geo_20230723094345_16c82bb1,48.20000076293945,38.569480895996094,WP052023,1,39.833683013916016
with_era5,ibtracs,joint_unet_mlp,7.719581604003906,63.574989318847656,ibtracs,True,2023-07-24T09:52:12+00:00,3,56.72795867919922,49.00837707519531,49.00837707519531,49.00837707519531,46.447235107421875,23.499801635742188,WP052023_sar_geo_20230724095212_6c07dd16,53.779998779296875,47.79603958129883,WP052023,4,63.574989318847656
with_era5,ibtracs,joint_unet_mlp,8.034297943115234,61.733280181884766,ibtracs,False,2023-07-25T10:00:51+00:00,3,57.76136016845703,49.7270622253418,49.7270622253418,49.7270622253418,48.2254753112793,-1.891153335571289,WP052023_sar_geo_20230725100051_6a4ed126,57.52000045776367,52.65974807739258,WP052023,4,61.733280181884766
with_era5,ibtracs,joint_unet_mlp,5.443595886230469,47.88854217529297,ibtracs,False,2023-07-26T10:08:50+00:00,2,46.917572021484375,41.473976135253906,41.473976135253906,41.473976135253906,40.68812942504883,-13.844736099243164,WP052023_sar_geo_20230726100850_0d211749,36.900001525878906,35.53444290161133,WP052023,2,47.88854217529297
with_era5,ibtracs,joint_unet_mlp,7.696262359619141,41.155521392822266,ibtracs,False,2023-07-26T22:01:56+00:00,2,47.73406982421875,40.03780746459961,40.03780746459961,40.03780746459961,38.50810623168945,-15.56059741973877,WP052023_sar_geo_20230726220156_e35acc0b,40.41999816894531,37.58406066894531,WP052023,1,41.155521392822266
with_era5,ibtracs,joint_unet_mlp,8.77523422241211,41.155521392822266,ibtracs,False,2023-07-26T22:02:52+00:00,2,48.398658752441406,39.6234245300293,39.6234245300293,39.6234245300293,38.185020446777344,-15.539257049560547,WP052023_sar_geo_20230726220252_d3deb372,38.84000015258789,36.08020782470703,WP052023,1,41.155521392822266
with_era5,ibtracs,joint_unet_mlp,14.042701721191406,48.51921463012695,ibtracs,False,2023-07-27T10:17:39+00:00,3,56.21440887451172,42.17170715332031,42.17170715332031,42.17170715332031,41.40538024902344,0.7566613554954529,WP052023_sar_geo_20230727101739_a9e95728,44.81999969482422,41.74239730834961,WP052023,2,48.51921463012695
with_era5,ibtracs,joint_unet_mlp,5.136486053466797,20.577760696411133,ibtracs,False,2024-08-12T07:55:49+00:00,0,23.653324127197266,18.51683807373047,18.51683807373047,18.51683807373047,17.420452117919922,2.5722200870513916,WP072024_sar_geo_20240812075549_e8fedc4e,21.658456802368164,20.483028411865234,WP072024,0,20.577760696411133
with_era5,ibtracs,joint_unet_mlp,4.803754806518555,19.809429168701172,ibtracs,False,2024-08-12T20:14:25+00:00,0,24.30536651611328,19.501611709594727,19.501611709594727,19.501611709594727,17.974712371826172,-0.7683316469192505,WP072024_sar_geo_20240812201425_1226442e,22.83545684814453,19.634958267211914,WP072024,0,19.809429168701172
with_era5,ibtracs,joint_unet_mlp,0.7488880157470703,14.71900463104248,ibtracs,False,2024-08-13T08:04:58+00:00,0,19.713651657104492,18.964763641357422,18.964763641357422,18.964763641357422,17.516637802124023,-5.858755111694336,WP072024_sar_geo_20240813080458_cdd218d1,21.210275650024414,15.737432479858398,WP072024,-1,14.71900463104248
with_era5,ibtracs,joint_unet_mlp,6.725376129150391,25.722200393676758,ibtracs,False,2023-08-26T07:54:01+00:00,1,36.23164749145508,29.506271362304688,29.506271362304688,29.506271362304688,27.71486473083496,5.144440174102783,WP082023_sar_geo_20230826075401_86c4bdd0,38.68000030517578,34.366600036621094,WP082023,0,25.722200393676758
with_era5,ibtracs,joint_unet_mlp,-0.275146484375,27.52808952331543,ibtracs,False,2023-08-28T08:14:04+00:00,1,37.16438293457031,37.43952941894531,37.43952941894531,37.43952941894531,36.37301254272461,-0.7663310170173645,WP082023_sar_geo_20230828081404_53227c39,33.70000076293945,31.261465072631836,WP082023,0,27.52808952331543
with_era5,ibtracs,joint_unet_mlp,4.901592254638672,18.00554084777832,ibtracs,False,2024-08-19T21:43:55+00:00,0,21.83108901977539,16.92949676513672,16.92949676513672,16.92949676513672,15.943780899047852,0.7778583765029907,WP102024_sar_geo_20240819214355_fe68614f,31.88100814819336,22.201045989990234,WP102024,0,18.00554084777832
with_era5,ibtracs,joint_unet_mlp,17.546504974365234,43.94685363769531,ibtracs,False,2024-08-26T09:15:20+00:00,3,54.722251892089844,37.17574691772461,37.17574691772461,37.17574691772461,35.84700012207031,6.304797172546387,WP112024_sar_geo_20240826091520_95af66ff,44.79999923706055,41.65532684326172,WP112024,2,43.94685363769531
with_era5,ibtracs,joint_unet_mlp,4.793537139892578,53.01136016845703,ibtracs,True,2024-08-26T21:04:08+00:00,2,49.10441589355469,44.31087875366211,44.31087875366211,44.31087875366211,41.9905891418457,15.492385864257812,WP112024_sar_geo_20240826210408_a57cc755,52.724998474121094,45.93745040893555,WP112024,3,53.01136016845703
with_era5,ibtracs,joint_unet_mlp,9.702278137207031,58.26707077026367,ibtracs,False,2024-08-27T09:23:36+00:00,3,51.77337646484375,42.07109832763672,42.07109832763672,42.07109832763672,41.56624221801758,14.202083587646484,WP112024_sar_geo_20240827092336_88090114,57.720001220703125,52.73346710205078,WP112024,4,58.26707077026367
with_era5,ibtracs,joint_unet_mlp,8.328437805175781,56.58884048461914,ibtracs,False,2024-08-27T21:12:15+00:00,3,51.81542205810547,43.48698425292969,43.48698425292969,43.48698425292969,42.6595344543457,3.5310864448547363,WP112024_sar_geo_20240827211215_cbee7e4b,55.81999969482422,49.47250747680664,WP112024,3,56.58884048461914
with_era5,ibtracs,joint_unet_mlp,12.58279037475586,50.14400100708008,ibtracs,False,2024-08-28T09:31:40+00:00,3,56.543174743652344,43.960384368896484,43.960384368896484,43.960384368896484,43.09513854980469,-8.169179916381836,WP112024_sar_geo_20240828093140_80dcdc85,58.7586784362793,41.45331954956055,WP112024,3,50.14400100708008
with_era5,ibtracs,joint_unet_mlp,-0.6442966461181641,40.90044021606445,ibtracs,False,2024-08-28T21:19:50+00:00,0,30.76388168334961,31.408178329467773,31.408178329467773,31.408178329467773,30.628068923950195,-15.688398361206055,WP112024_sar_geo_20240828211950_9fc5a1dd,80.0,47.3892936706543,WP112024,1,40.90044021606445
with_era5,ibtracs,joint_unet_mlp,-11.238475799560547,20.577760696411133,ibtracs,False,2024-09-05T20:14:24+00:00,0,19.779502868652344,31.01797866821289,31.01797866821289,31.01797866821289,27.161029815673828,2.5722200870513916,WP132024_sar_geo_20240905201424_2b6d0688,40.540000915527344,31.746538162231445,WP132024,0,20.577760696411133
with_era5,ibtracs,joint_unet_mlp,4.723127365112305,18.00554084777832,ibtracs,False,2024-09-06T08:05:07+00:00,0,20.047481536865234,15.32435417175293,15.32435417175293,15.32435417175293,14.51691722869873,0.0,WP132024_sar_geo_20240906080507_a6b444e0,20.746583938598633,19.321083068847656,WP132024,0,18.00554084777832
with_era5,ibtracs,joint_unet_mlp,-3.785634994506836,17.384206771850586,ibtracs,False,2024-09-06T19:48:42+00:00,0,19.38228416442871,23.167919158935547,23.167919158935547,23.167919158935547,20.898813247680664,-3.193553924560547,WP132024_sar_geo_20240906194842_9f4d9498,20.069189071655273,18.259702682495117,WP132024,-1,17.384206771850586
with_era5,ibtracs,joint_unet_mlp,-6.202190399169922,22.746999740600586,ibtracs,False,2023-10-19T10:49:30+00:00,1,33.9080924987793,40.11028289794922,40.11028289794922,40.11028289794922,38.11583709716797,2.5722200870513916,WP162023_sar_geo_20231019104930_9a749bdc,80.0,36.78159713745117,WP162023,0,22.746999740600586
with_era5,ibtracs,joint_unet_mlp,-6.134258270263672,20.577760696411133,ibtracs,False,2023-10-19T22:43:10+00:00,0,27.123001098632812,33.257259368896484,33.257259368896484,33.257259368896484,30.14885139465332,1.9134458303451538,WP162023_sar_geo_20231019224310_d9ac92a8,80.0,25.158126831054688,WP162023,0,20.577760696411133
with_era5,ibtracs,joint_unet_mlp,-0.250762939453125,15.9686279296875,ibtracs,False,2023-10-20T10:57:34+00:00,0,21.833515167236328,22.084278106689453,22.084278106689453,22.084278106689453,21.701587677001953,-6.8244805335998535,WP162023_sar_geo_20231020105734_00b31332,80.0,31.868629455566406,WP162023,-1,15.9686279296875
with_era5,ibtracs,joint_unet_mlp,-3.333059310913086,24.468528747558594,ibtracs,False,2025-09-05T08:33:47+00:00,0,22.354564666748047,25.687623977661133,25.687623977661133,25.687623977661133,23.629716873168945,6.462988376617432,WP212025_sar_geo_20250905083347_3ae8e0aa,33.5,27.7016658782959,WP212025,0,24.468528747558594
with_era5,ibtracs,joint_unet_mlp,-1.1500263214111328,19.078346252441406,ibtracs,False,2025-09-18T21:07:41+00:00,0,21.19795036315918,22.347976684570312,22.347976684570312,22.347976684570312,21.377647399902344,,WP242025_sar_geo_20250918210741_c0a8f306,22.194433212280273,20.288606643676758,WP242025,0,19.078346252441406
with_era5,ibtracs,joint_unet_mlp,9.45217514038086,30.547494888305664,ibtracs,False,2025-09-19T21:13:40+00:00,1,37.97273635864258,28.52056121826172,28.52056121826172,28.52056121826172,27.830604553222656,11.43494701385498,WP242025_sar_geo_20250919211340_695286ba,36.70000076293945,34.47115707397461,WP242025,0,30.547494888305664
with_era5,ibtracs,joint_unet_mlp,11.75040054321289,30.57440757751465,ibtracs,False,2025-09-19T21:15:33+00:00,1,40.254905700683594,28.504505157470703,28.504505157470703,28.504505157470703,27.90784454345703,11.451094627380371,WP242025_sar_geo_20250919211533_41d7c3ba,34.58000183105469,33.21208953857422,WP242025,0,30.57440757751465
with_era5,ibtracs,joint_unet_mlp,8.881488800048828,60.323036193847656,ibtracs,True,2025-09-20T21:23:17+00:00,3,52.19731521606445,43.315826416015625,43.315826416015625,43.315826416015625,41.20123291015625,29.638118743896484,WP242025_sar_geo_20250920212317_7e455209,55.7599983215332,48.43717575073242,WP242025,4,60.323036193847656
with_era5,ibtracs,joint_unet_mlp,2.844806671142578,72.85513305664062,ibtracs,True,2025-09-21T09:37:09+00:00,3,57.147865295410156,54.30305862426758,54.30305862426758,54.30305862426758,49.04502868652344,27.640933990478516,WP242025_sar_geo_20250921093709_b508ba36,61.41999816894531,55.058265686035156,WP242025,5,72.85513305664062
with_era5,ibtracs,joint_unet_mlp,1.8575630187988281,74.0799331665039,ibtracs,False,2025-09-21T21:31:23+00:00,3,56.42246627807617,54.564903259277344,54.564903259277344,54.564903259277344,52.9050407409668,13.710599899291992,WP242025_sar_geo_20250921213123_bfc94639,66.27999877929688,59.192657470703125,WP242025,5,74.0799331665039
with_era5,ibtracs,joint_unet_mlp,2.8430023193359375,59.700462341308594,ibtracs,False,2025-09-23T10:25:38+00:00,3,57.128684997558594,54.285682678222656,54.285682678222656,54.285682678222656,51.35284423828125,-7.496878147125244,WP242025_sar_geo_20250923102538_5aa662c2,56.34000015258789,49.855220794677734,WP242025,4,59.700462341308594
with_era5,ibtracs,joint_unet_mlp,4.4203033447265625,56.94694900512695,ibtracs,False,2025-09-23T22:18:14+00:00,3,56.77392578125,52.35362243652344,52.35362243652344,52.35362243652344,50.46334457397461,-6.8441057205200195,WP242025_sar_geo_20250923221814_e7b45b16,80.0,49.36774444580078,WP242025,3,56.94694900512695
with_era5,ibtracs,joint_unet_mlp,4.587596893310547,56.94152069091797,ibtracs,False,2025-09-23T22:18:52+00:00,3,56.645938873291016,52.05834197998047,52.05834197998047,52.05834197998047,50.17131805419922,-6.849535942077637,WP242025_sar_geo_20250923221852_6a75749b,80.0,51.13564682006836,WP242025,3,56.94152069091797
with_era5,ibtracs,joint_unet_mlp,0.63037109375,61.21883773803711,ibtracs,True,2025-10-07T20:56:17+00:00,3,52.43476867675781,51.80439758300781,51.80439758300781,51.80439758300781,49.42741775512695,22.688648223876953,WP282025_sar_geo_20251007205617_b3422293,61.79999923706055,55.649513244628906,WP282025,4,61.21883773803711
with_era5,ibtracs,joint_unet_mlp,7.284881591796875,61.21883773803711,ibtracs,False,2025-10-08T08:44:08+00:00,3,53.19218444824219,45.90730285644531,45.90730285644531,45.90730285644531,44.17581558227539,8.215479850769043,WP282025_sar_geo_20251008084408_05dee5d2,48.68000030517578,46.535682678222656,WP282025,4,61.21883773803711
with_era5,ibtracs,joint_unet_mlp,7.205497741699219,55.207557678222656,ibtracs,False,2025-10-08T20:31:39+00:00,3,50.02241516113281,42.816917419433594,42.816917419433594,42.816917419433594,41.68240737915039,-6.01127815246582,WP282025_sar_geo_20251008203139_134d70ed,59.2400016784668,56.240962982177734,WP282025,3,55.207557678222656
with_era5,ibtracs,joint_unet_mlp,1.5823936462402344,46.24051284790039,ibtracs,False,2025-10-09T08:20:12+00:00,1,40.292991638183594,38.71059799194336,38.71059799194336,38.71059799194336,37.645355224609375,-14.978322982788086,WP282025_sar_geo_20251009082012_18810889,56.439998626708984,54.309810638427734,WP282025,2,46.24051284790039
with_era5,ibtracs,unet_correction,-2.713982343673706,18.20888900756836,ibtracs,False,2025-06-29T12:23:43+00:00,0,19.158967971801758,21.872949600219727,21.872949600219727,21.872949600219727,19.653669357299805,,AL022025_sar_geo_20250629122343_2019fb4c,26.75994873046875,20.296344757080078,AL022025,0,18.20888900756836
with_era5,ibtracs,unet_correction,-2.495171546936035,17.183143615722656,ibtracs,False,2025-06-30T00:38:22+00:00,-1,8.782590866088867,11.277762413024902,11.277762413024902,11.277762413024902,10.323779106140137,3.9930858612060547,AL022025_sar_geo_20250630003822_9f8d8538,38.099998474121094,18.442907333374023,AL022025,-1,17.183143615722656
with_era5,ibtracs,unet_correction,-2.803149700164795,25.722200393676758,ibtracs,False,2023-06-24T09:11:41+00:00,0,25.226253509521484,28.029403686523438,28.029403686523438,28.029403686523438,23.662761688232422,3.53432559967041,AL042023_sar_geo_20230624091141_fc94d478,32.65999221801758,26.53125,AL042023,0,25.722200393676758
with_era5,ibtracs,unet_correction,-2.481624126434326,24.210735321044922,ibtracs,False,2023-06-24T21:56:17+00:00,0,23.566965103149414,26.0485897064209,26.0485897064209,26.0485897064209,23.36745262145996,1.0607548952102661,AL042023_sar_geo_20230624215617_3236b686,47.7400016784668,26.545425415039062,AL042023,0,24.210735321044922
with_era5,ibtracs,unet_correction,-2.6775259971618652,21.681528091430664,ibtracs,False,2023-06-25T09:51:16+00:00,0,18.35343360900879,21.030960083007812,21.030960083007812,21.030960083007812,18.58473777770996,-4.0406718254089355,AL042023_sar_geo_20230625095116_dad4ab5b,28.200000762939453,25.516326904296875,AL042023,0,21.681528091430664
with_era5,ibtracs,unet_correction,-2.475584030151367,24.937578201293945,ibtracs,False,2025-09-25T09:42:44+00:00,0,23.440031051635742,25.91561508178711,25.91561508178711,25.91561508178711,24.45707893371582,,AL082025_sar_geo_20250925094244_08e44ad7,27.859996795654297,21.703502655029297,AL082025,0,24.937578201293945
with_era5,ibtracs,unet_correction,-2.7564845085144043,55.86671447753906,ibtracs,True,2025-09-26T22:04:44+00:00,2,49.33121109008789,52.08769607543945,52.08769607543945,52.08769607543945,46.8324089050293,25.65894317626953,AL082025_sar_geo_20250926220444_2d00f032,55.41999816894531,48.242061614990234,AL082025,3,55.86671447753906
with_era5,ibtracs,unet_correction,-2.472581386566162,55.90815353393555,ibtracs,True,2025-09-26T22:06:11+00:00,2,48.98697280883789,51.45955276489258,51.45955276489258,51.45955276489258,46.399593353271484,25.692094802856445,AL082025_sar_geo_20250926220611_04532c06,51.36000061035156,46.63326644897461,AL082025,3,55.90815353393555
with_era5,ibtracs,unet_correction,5.076411724090576,66.18160247802734,ibtracs,True,2025-09-27T09:58:13+00:00,3,49.71632385253906,44.63991165161133,44.63991165161133,44.63991165161133,41.12562561035156,26.76637840270996,AL082025_sar_geo_20250927095813_d513fd6c,69.83999633789062,56.139591217041016,AL082025,4,66.18160247802734
with_era5,ibtracs,unet_correction,4.906948566436768,72.02216339111328,ibtracs,True,2025-09-27T22:14:16+00:00,4,63.35536193847656,58.44841384887695,58.44841384887695,58.44841384887695,50.30754470825195,15.88298225402832,AL082025_sar_geo_20250927221416_59358115,68.66000366210938,57.38515853881836,AL082025,5,72.02216339111328
with_era5,ibtracs,unet_correction,6.123258113861084,65.934814453125,ibtracs,False,2025-09-28T10:05:59+00:00,3,51.63046646118164,45.50720977783203,45.50720977783203,45.50720977783203,43.10850143432617,-0.29118484258651733,AL082025_sar_geo_20250928100559_707f4766,58.29999923706055,51.569278717041016,AL082025,4,65.934814453125
with_era5,ibtracs,unet_correction,6.1041083335876465,62.5663948059082,ibtracs,False,2025-09-28T22:22:50+00:00,3,56.67417526245117,50.570068359375,50.570068359375,50.570068359375,46.32086181640625,-9.455766677856445,AL082025_sar_geo_20250928222250_60332831,57.599998474121094,53.99726104736328,AL082025,4,62.5663948059082
with_era5,ibtracs,unet_correction,6.130125045776367,63.696075439453125,ibtracs,False,2025-09-29T10:13:23+00:00,3,51.56999969482422,45.43987274169922,45.43987274169922,45.43987274169922,43.66621780395508,-2.1329896450042725,AL082025_sar_geo_20250929101323_61e03351,56.5,49.547393798828125,AL082025,4,63.696075439453125
with_era5,ibtracs,unet_correction,5.083179950714111,53.46254348754883,ibtracs,False,2025-09-29T22:31:44+00:00,1,38.969425201416016,33.88624572753906,33.88624572753906,33.88624572753906,32.68051528930664,-9.027539253234863,AL082025_sar_geo_20250929223144_b6a1244f,58.15999984741211,50.252620697021484,AL082025,3,53.46254348754883
with_era5,ibtracs,unet_correction,5.395811557769775,53.445396423339844,ibtracs,False,2025-09-29T22:32:29+00:00,1,39.37859344482422,33.98278045654297,33.98278045654297,33.98278045654297,33.216487884521484,-9.038256645202637,AL082025_sar_geo_20250929223229_4e0b44ba,62.34000015258789,53.213584899902344,AL082025,3,53.445396423339844
with_era5,ibtracs,unet_correction,-2.6092300415039062,38.4094352722168,ibtracs,False,2025-09-30T10:36:05+00:00,1,34.592323303222656,37.20155334472656,37.20155334472656,37.20155334472656,35.71815490722656,-25.416391372680664,AL082025_sar_geo_20250930103605_996c3d15,39.959999084472656,38.323768615722656,AL082025,1,38.4094352722168
with_era5,ibtracs,unet_correction,-2.516070604324341,36.01108169555664,ibtracs,False,2025-09-30T22:41:16+00:00,1,36.90977096557617,39.42584228515625,39.42584228515625,39.42584228515625,36.91672897338867,-17.23349380493164,AL082025_sar_geo_20250930224116_f96a335d,40.86000061035156,37.576480865478516,AL082025,1,36.01108169555664
with_era5,ibtracs,unet_correction,-2.29168701171875,34.248538970947266,ibtracs,False,2025-10-01T10:25:34+00:00,1,35.62641906738281,37.91810607910156,37.91810607910156,37.91810607910156,36.21322250366211,-4.461467742919922,AL082025_sar_geo_20251001102534_7c316d67,38.15999984741211,36.33675765991211,AL082025,1,34.248538970947266
with_era5,ibtracs,unet_correction,-2.5408716201782227,25.665515899658203,ibtracs,False,2024-09-24T23:50:05+00:00,0,22.622753143310547,25.163623809814453,25.163623809814453,25.163623809814453,23.723176956176758,7.659976005554199,AL092024_sar_geo_20240924235005_f6c42560,34.099998474121094,25.84740447998047,AL092024,0,25.665515899658203
with_era5,ibtracs,unet_correction,6.166905879974365,33.20021438598633,ibtracs,False,2024-09-25T11:43:18+00:00,3,52.80236053466797,46.63545608520508,46.63545608520508,46.63545608520508,44.24668884277344,12.717912673950195,AL092024_sar_geo_20240925114318_182f4c98,38.81999969482422,32.314483642578125,AL092024,1,33.20021438598633
with_era5,ibtracs,unet_correction,6.208909511566162,36.01108169555664,ibtracs,False,2024-09-25T23:58:53+00:00,2,49.14686584472656,42.937957763671875,42.937957763671875,42.937957763671875,42.2864990234375,10.295263290405273,AL092024_sar_geo_20240925235853_bb2fffd5,38.32500076293945,32.80063247680664,AL092024,1,36.01108169555664
with_era5,ibtracs,unet_correction,6.157861709594727,43.58650588989258,ibtracs,False,2024-09-26T11:50:07+00:00,3,50.095130920410156,43.93727111816406,43.93727111816406,43.93727111816406,42.58690643310547,10.288880348205566,AL092024_sar_geo_20240926115007_1dfc3535,41.63999938964844,35.869930267333984,AL092024,2,43.58650588989258
with_era5,ibtracs,unet_correction,4.7141547203063965,61.2578010559082,ibtracs,True,2024-09-26T23:36:14+00:00,4,61.2453498840332,56.53119659423828,56.53119659423828,56.53119659423828,53.11313247680664,25.246721267700195,AL092024_sar_geo_20240926233614_4c4a4e8d,56.41999816894531,52.753684997558594,AL092024,4,61.2578010559082
with_era5,ibtracs,unet_correction,6.163260459899902,61.27547073364258,ibtracs,True,2024-09-26T23:37:07+00:00,4,62.11085510253906,55.947593688964844,55.947593688964844,55.947593688964844,52.417884826660156,25.264392852783203,AL092024_sar_geo_20240926233707_ba644eb1,53.97999954223633,51.04243469238281,AL092024,4,61.27547073364258
with_era5,ibtracs,unet_correction,4.937083721160889,61.300479888916016,ibtracs,True,2024-09-26T23:38:22+00:00,4,61.73179244995117,56.794708251953125,56.794708251953125,56.794708251953125,53.3106689453125,25.289400100708008,AL092024_sar_geo_20240926233822_7d97bd32,55.97999954223633,51.9205207824707,AL092024,4,61.300479888916016
with_era5,ibtracs,unet_correction,-2.3597497940063477,27.9754638671875,ibtracs,False,2025-09-29T23:04:12+00:00,0,24.629344940185547,26.98909568786621,26.98909568786621,26.98909568786621,25.972749710083008,9.969924926757812,AL092025_sar_geo_20250929230412_3b893bbb,33.125,25.969348907470703,AL092025,0,27.9754638671875
with_era5,ibtracs,unet_correction,6.129072666168213,36.01108169555664,ibtracs,False,2025-09-30T23:11:51+00:00,2,42.95329666137695,36.824222564697266,36.824222564697266,36.824222564697266,35.387062072753906,7.99188756942749,AL092025_sar_geo_20250930231151_62ee93bd,37.7400016784668,33.46464538574219,AL092025,1,36.01108169555664
with_era5,ibtracs,unet_correction,0.3963479697704315,37.67373275756836,ibtracs,False,2025-10-02T10:03:39+00:00,2,43.2032470703125,42.80690002441406,42.80690002441406,42.80690002441406,42.27666473388672,-2.8167238235473633,AL092025_sar_geo_20251002100339_1686cf44,55.81999969482422,47.7620964050293,AL092025,1,37.67373275756836
with_era5,ibtracs,unet_correction,-2.457336187362671,23.149980545043945,ibtracs,False,2024-09-26T09:38:24+00:00,0,22.1627197265625,24.62005615234375,24.62005615234375,24.62005615234375,20.95425033569336,0.0,AL102024_sar_geo_20240926093824_136192f5,30.619998931884766,26.88939666748047,AL102024,0,23.149980545043945
with_era5,ibtracs,unet_correction,-2.3508548736572266,27.43263053894043,ibtracs,False,2024-09-26T21:29:14+00:00,0,23.934354782104492,26.28520965576172,26.28520965576172,26.28520965576172,23.73444366455078,4.282650947570801,AL102024_sar_geo_20240926212914_03bcc908,34.779998779296875,28.738861083984375,AL102024,0,27.43263053894043
with_era5,ibtracs,unet_correction,-2.674647808074951,32.48942565917969,ibtracs,False,2024-09-27T09:13:54+00:00,0,23.524150848388672,26.19879913330078,26.19879913330078,26.19879913330078,25.237083435058594,9.339445114135742,AL102024_sar_geo_20240927091354_3a788dd8,36.91999816894531,34.587730407714844,AL102024,0,32.48942565917969
with_era5,ibtracs,unet_correction,-1.7993347644805908,46.29996109008789,ibtracs,False,2024-09-28T08:49:27+00:00,1,37.43118667602539,39.23052215576172,39.23052215576172,39.23052215576172,36.110267639160156,13.980443954467773,AL102024_sar_geo_20240928084927_9b67e147,43.02000045776367,41.03065872192383,AL102024,2,46.29996109008789
with_era5,ibtracs,unet_correction,-1.318697452545166,35.18644714355469,ibtracs,False,2024-09-29T08:24:16+00:00,1,37.02760314941406,38.3463020324707,38.3463020324707,38.3463020324707,37.904056549072266,-11.11351490020752,AL102024_sar_geo_20240929082416_cf0e50b0,38.34000015258789,35.84708786010742,AL102024,1,35.18644714355469
with_era5,ibtracs,unet_correction,-2.5248758792877197,30.07201385498047,ibtracs,False,2024-09-29T20:19:01+00:00,1,34.89220428466797,37.41707992553711,37.41707992553711,37.41707992553711,37.0267333984375,-11.669161796569824,AL102024_sar_geo_20240929201901_eceb8b95,37.47999954223633,34.81792068481445,AL102024,0,30.07201385498047
with_era5,ibtracs,unet_correction,-2.3158514499664307,22.25275230407715,ibtracs,False,2025-10-07T21:23:02+00:00,0,30.609766006469727,32.92561721801758,32.92561721801758,32.92561721801758,29.55354881286621,,AL102025_sar_geo_20251007212302_65a32d77,31.35999870300293,28.337852478027344,AL102025,0,22.25275230407715
with_era5,ibtracs,unet_correction,-2.2344093322753906,26.01824378967285,ibtracs,False,2025-10-08T09:20:43+00:00,0,23.563610076904297,25.798019409179688,25.798019409179688,25.798019409179688,24.43240737915039,6.350954055786133,AL102025_sar_geo_20251008092043_77759e8c,33.619998931884766,29.984731674194336,AL102025,0,26.01824378967285
with_era5,ibtracs,unet_correction,-1.8681511878967285,25.722200393676758,ibtracs,False,2025-10-09T22:12:45+00:00,0,24.227615356445312,26.095766067504883,26.095766067504883,26.095766067504883,25.793739318847656,-2.5722200870513916,AL102025_sar_geo_20251009221245_f4761526,31.220003128051758,27.99546241760254,AL102025,0,25.722200393676758
with_era5,ibtracs,unet_correction,-2.065365791320801,25.722200393676758,ibtracs,False,2025-10-10T10:05:06+00:00,0,21.930007934570312,23.99537467956543,23.99537467956543,23.99537467956543,23.197017669677734,-0.985160231590271,AL102025_sar_geo_20251010100506_5c04fb1b,24.438796997070312,23.330018997192383,AL102025,0,25.722200393676758
with_era5,ibtracs,unet_correction,-2.295250654220581,25.722200393676758,ibtracs,False,2025-10-10T22:21:57+00:00,0,24.437084197998047,26.73233413696289,26.73233413696289,26.73233413696289,23.99272346496582,0.0,AL102025_sar_geo_20251010222157_3cb50cd4,40.099998474121094,29.378992080688477,AL102025,0,25.722200393676758
with_era5,ibtracs,unet_correction,-2.2361130714416504,23.149980545043945,ibtracs,False,2025-10-11T10:13:58+00:00,0,20.63265609741211,22.8687686920166,22.8687686920166,22.8687686920166,21.29351043701172,-2.5722200870513916,AL102025_sar_geo_20251011101358_f6a30809,33.18000030517578,22.940021514892578,AL102025,0,23.149980545043945
with_era5,ibtracs,unet_correction,6.0221052169799805,45.82767105102539,ibtracs,True,2024-11-06T11:26:57+00:00,3,49.72719192504883,43.70508575439453,43.70508575439453,43.70508575439453,40.93767547607422,20.294387817382812,AL182024_sar_geo_20241106112657_5c0e7c84,46.68000030517578,42.82679748535156,AL182024,2,45.82767105102539
with_era5,ibtracs,unet_correction,6.113539218902588,49.17279052734375,ibtracs,False,2024-11-06T23:40:43+00:00,3,49.647438049316406,43.533897399902344,43.533897399902344,43.533897399902344,40.7452392578125,13.437273025512695,AL182024_sar_geo_20241106234043_5d0cd6d0,50.380001068115234,42.11057662963867,AL182024,2,49.17279052734375
with_era5,ibtracs,unet_correction,6.106862545013428,49.1434326171875,ibtracs,False,2024-11-06T23:42:36+00:00,3,51.01346969604492,44.90660858154297,44.90660858154297,44.90660858154297,41.803951263427734,13.381000518798828,AL182024_sar_geo_20241106234236_1f54d7b2,54.099998474121094,44.40436553955078,AL182024,2,49.1434326171875
with_era5,ibtracs,unet_correction,6.109846591949463,49.12030792236328,ibtracs,False,2024-11-06T23:44:05+00:00,2,47.344757080078125,41.23490905761719,41.23490905761719,41.23490905761719,38.45763397216797,13.336679458618164,AL182024_sar_geo_20241106234405_6e8a2b86,54.119998931884766,47.42927169799805,AL182024,2,49.12030792236328
with_era5,ibtracs,unet_correction,6.132526397705078,46.29996109008789,ibtracs,False,2024-11-07T11:34:27+00:00,2,48.22139358520508,42.0888671875,42.0888671875,42.0888671875,39.6464958190918,0.3651123344898224,AL182024_sar_geo_20241107113427_6c78673a,52.459999084472656,47.70045471191406,AL182024,2,46.29996109008789
with_era5,ibtracs,unet_correction,2.3103458881378174,46.29996109008789,ibtracs,False,2024-11-07T23:51:05+00:00,3,51.36416244506836,49.05381774902344,49.05381774902344,49.05381774902344,45.151641845703125,-2.711223840713501,AL182024_sar_geo_20241107235105_7cb0f20e,48.119998931884766,45.014564514160156,AL182024,2,46.29996109008789
with_era5,ibtracs,unet_correction,-1.7905263900756836,33.456390380859375,ibtracs,False,2024-11-08T23:59:14+00:00,0,29.717090606689453,31.507617950439453,31.507617950439453,31.507617950439453,29.59624671936035,-12.843570709228516,AL182024_sar_geo_20241108235914_8a172b82,46.040000915527344,37.65009689331055,AL182024,1,33.456390380859375
with_era5,ibtracs,unet_correction,-2.3689169883728027,25.80436897277832,ibtracs,False,2024-11-09T11:50:25+00:00,0,19.178285598754883,21.547203063964844,21.547203063964844,21.547203063964844,20.366098403930664,-23.20475959777832,AL182024_sar_geo_20241109115025_a47eebe7,36.900001525878906,30.126853942871094,AL182024,0,25.80436897277832
with_era5,ibtracs,unet_correction,-2.280139923095703,20.519838333129883,ibtracs,False,2024-11-10T00:10:08+00:00,0,19.83340835571289,22.113548278808594,22.113548278808594,22.113548278808594,18.736656188964844,-12.774215698242188,AL182024_sar_geo_20241110001008_2b803752,30.479999542236328,25.998462677001953,AL182024,0,20.519838333129883
with_era5,ibtracs,unet_correction,-2.690825939178467,18.00554084777832,ibtracs,False,2024-11-10T11:58:06+00:00,-1,17.43697738647461,20.127803802490234,20.127803802490234,20.127803802490234,18.390291213989258,-7.732950687408447,AL182024_sar_geo_20241110115806_c5d91f61,30.91888427734375,17.999176025390625,AL182024,0,18.00554084777832
with_era5,ibtracs,unet_correction,-2.8178110122680664,38.58330154418945,ibtracs,False,2023-06-29T13:04:56+00:00,0,22.262210845947266,25.080020904541016,25.080020904541016,25.080020904541016,22.465248107910156,4.587697505950928,EP012023_sar_geo_20230629130456_9d69b2fc,38.599998474121094,36.31546401977539,EP012023,1,38.58330154418945
with_era5,ibtracs,unet_correction,-2.798417091369629,46.29996109008789,ibtracs,False,2023-06-30T13:12:49+00:00,1,35.016963958740234,37.81538009643555,37.81538009643555,37.81538009643555,34.33476257324219,7.716660022735596,EP012023_sar_geo_20230630131249_66c8cd8c,43.15999984741211,38.57410430908203,EP012023,2,46.29996109008789
with_era5,ibtracs,unet_correction,-2.0903258323669434,28.29442024230957,ibtracs,False,2025-08-01T02:13:07+00:00,0,22.049442291259766,24.139768600463867,24.139768600463867,24.139768600463867,21.258176803588867,9.147528648376465,EP072025_sar_geo_20250801021307_8951090d,28.525001525878906,25.266023635864258,EP072025,0,28.29442024230957
with_era5,ibtracs,unet_correction,0.6330526471138,33.43886184692383,ibtracs,False,2025-08-02T02:21:52+00:00,1,39.402305603027344,38.76925277709961,38.76925277709961,38.76925277709961,37.007469177246094,5.144440174102783,EP072025_sar_geo_20250802022152_23b97394,33.459999084472656,31.609230041503906,EP072025,1,33.43886184692383
with_era5,ibtracs,unet_correction,6.0543413162231445,32.65681076049805,ibtracs,False,2025-08-02T14:16:49+00:00,2,44.004207611083984,37.949867248535156,37.949867248535156,37.949867248535156,36.81916046142578,3.189314603805542,EP072025_sar_geo_20250802141649_e9600fe9,34.0,32.232173919677734,EP072025,0,32.65681076049805
with_era5,ibtracs,unet_correction,-2.593942165374756,27.24152374267578,ibtracs,False,2025-08-03T03:02:48+00:00,1,38.40931701660156,41.003257751464844,41.003257751464844,41.003257751464844,38.29289627075195,-6.197335243225098,EP072025_sar_geo_20250803030248_1ccccbaf,30.81999969482422,28.60904312133789,EP072025,0,27.24152374267578
with_era5,ibtracs,unet_correction,-2.7226080894470215,23.149980545043945,ibtracs,False,2025-08-05T02:13:12+00:00,0,22.935932159423828,25.658540725708008,25.658540725708008,25.658540725708008,22.901567459106445,,EP082025_sar_geo_20250805021312_5901b79b,26.499990463256836,24.82594871520996,EP082025,0,23.149980545043945
with_era5,ibtracs,unet_correction,-2.7846453189849854,23.149980545043945,ibtracs,False,2025-08-05T14:09:24+00:00,0,24.093639373779297,26.878284454345703,26.878284454345703,26.878284454345703,25.407424926757812,4.034955978393555,EP082025_sar_geo_20250805140924_db0bcc3b,27.479997634887695,25.81668472290039,EP082025,0,23.149980545043945
with_era5,ibtracs,unet_correction,-2.4954097270965576,23.149980545043945,ibtracs,False,2025-08-07T03:02:13+00:00,0,24.127439498901367,26.622848510742188,26.622848510742188,26.622848510742188,24.34003448486328,0.0,EP082025_sar_geo_20250807030213_52172340,23.57967185974121,22.859434127807617,EP082025,0,23.149980545043945
with_era5,ibtracs,unet_correction,-2.6487653255462646,20.624441146850586,ibtracs,False,2025-08-07T14:56:44+00:00,0,24.841636657714844,27.490402221679688,27.490402221679688,27.490402221679688,24.213136672973633,-2.525538921356201,EP082025_sar_geo_20250807145644_31bd62e0,22.598384857177734,19.2292423248291,EP082025,0,20.624441146850586
with_era5,ibtracs,unet_correction,-2.3411262035369873,17.23149299621582,ibtracs,False,2025-08-09T15:44:35+00:00,0,25.113210678100586,27.454336166381836,27.454336166381836,27.454336166381836,24.297245025634766,0.6371008157730103,EP082025_sar_geo_20250809154435_526418b6,23.359994888305664,20.623403549194336,EP082025,-1,17.23149299621582
with_era5,ibtracs,unet_correction,-2.781224250793457,22.46662712097168,ibtracs,False,2025-08-10T04:00:27+00:00,0,24.250808715820312,27.032033920288086,27.032033920288086,27.032033920288086,23.240238189697266,7.033307075500488,EP082025_sar_geo_20250810040027_fac1c713,30.600000381469727,26.777254104614258,EP082025,0,22.46662712097168
with_era5,ibtracs,unet_correction,-2.5091681480407715,18.00554084777832,ibtracs,False,2025-08-31T13:53:40+00:00,-1,15.242700576782227,17.751869201660156,17.751869201660156,17.751869201660156,14.536638259887695,,EP112025_sar_geo_20250831135340_50cc57bc,25.478801727294922,18.667150497436523,EP112025,0,18.00554084777832
with_era5,ibtracs,unet_correction,-2.709075450897217,20.577760696411133,ibtracs,False,2025-09-01T02:37:32+00:00,0,27.009794235229492,29.718870162963867,29.718870162963867,29.718870162963867,26.491628646850586,5.144440174102783,EP112025_sar_geo_20250901023732_00244e32,23.953760147094727,19.280054092407227,EP112025,0,20.577760696411133
with_era5,ibtracs,unet_correction,-2.690985679626465,30.657766342163086,ibtracs,False,2025-09-02T02:45:23+00:00,0,22.366722106933594,25.057708740234375,25.057708740234375,25.057708740234375,22.901294708251953,10.08000659942627,EP112025_sar_geo_20250902024523_0597f171,32.560001373291016,30.432666778564453,EP112025,0,30.657766342163086
with_era5,ibtracs,unet_correction,1.0114037990570068,39.879268646240234,ibtracs,False,2025-09-02T14:31:09+00:00,0,29.224790573120117,28.21338653564453,28.21338653564453,28.21338653564453,26.3505859375,14.569339752197266,EP112025_sar_geo_20250902143109_15133331,40.619998931884766,36.63118362426758,EP112025,1,39.879268646240234
with_era5,ibtracs,unet_correction,1.3110737800598145,64.30549621582031,ibtracs,True,2025-09-04T03:01:20+00:00,2,46.631996154785156,45.3209228515625,45.3209228515625,45.3209228515625,40.199241638183594,18.00554084777832,EP112025_sar_geo_20250904030120_36e6b792,58.900001525878906,53.88230514526367,EP112025,4,64.30549621582031
with_era5,ibtracs,unet_correction,2.3950490951538086,52.952720642089844,ibtracs,False,2025-09-05T14:55:55+00:00,2,48.05348587036133,45.6584358215332,45.6584358215332,45.6584358215332,40.10049819946289,-6.208338737487793,EP112025_sar_geo_20250905145555_b621c593,48.65999984741211,44.48773956298828,EP112025,3,52.952720642089844
with_era5,ibtracs,unet_correction,3.3049442768096924,53.02250289916992,ibtracs,False,2025-09-05T15:06:05+00:00,2,48.298213958740234,44.99327087402344,44.99327087402344,44.99327087402344,39.36387252807617,-6.138555526733398,EP112025_sar_geo_20250905150605_f70970d3,51.959999084472656,44.34177780151367,EP112025,3,53.02250289916992
with_era5,ibtracs,unet_correction,-1.4849708080291748,60.8060417175293,ibtracs,False,2025-09-06T03:17:47+00:00,3,55.712974548339844,57.19794464111328,57.19794464111328,57.19794464111328,47.98154830932617,5.398565769195557,EP112025_sar_geo_20250906031747_a0f470c3,53.68000030517578,48.07802200317383,EP112025,4,60.8060417175293
with_era5,ibtracs,unet_correction,-1.3929760456085205,60.841670989990234,ibtracs,False,2025-09-06T03:24:01+00:00,3,56.82851028442383,58.22148513793945,58.22148513793945,58.22148513793945,48.73545837402344,5.487640857696533,EP112025_sar_geo_20250906032401_30e03b1e,54.08000183105469,48.24021530151367,EP112025,4,60.841670989990234
with_era5,ibtracs,unet_correction,1.7282791137695312,56.58884048461914,ibtracs,False,2025-09-06T15:13:56+00:00,1,42.495567321777344,40.76728820800781,40.76728820800781,40.76728820800781,37.70473098754883,3.5214643478393555,EP112025_sar_geo_20250906151356_04821eb9,50.959999084472656,46.29977798461914,EP112025,3,56.58884048461914
with_era5,ibtracs,unet_correction,-0.5755669474601746,57.84151077270508,ibtracs,False,2025-09-07T03:33:54+00:00,2,48.580265045166016,49.15583038330078,49.15583038330078,49.15583038330078,43.119667053222656,-3.056654691696167,EP112025_sar_geo_20250907033354_b508e3f3,55.36000061035156,47.101844787597656,EP112025,3,57.84151077270508
with_era5,ibtracs,unet_correction,-2.4975476264953613,51.13240051269531,ibtracs,False,2025-09-07T15:21:50+00:00,1,37.417293548583984,39.91484069824219,39.91484069824219,39.91484069824219,35.92891311645508,-5.4564409255981445,EP112025_sar_geo_20250907152150_44831e4a,52.34000015258789,44.898902893066406,EP112025,3,51.13240051269531
with_era5,ibtracs,unet_correction,-2.0534162521362305,51.05809020996094,ibtracs,False,2025-09-07T15:27:02+00:00,1,38.8426399230957,40.89605712890625,40.89605712890625,40.89605712890625,36.42315673828125,-5.530749320983887,EP112025_sar_geo_20250907152702_516cb755,46.79999923706055,42.14361572265625,EP112025,3,51.05809020996094
with_era5,ibtracs,unet_correction,-2.183825969696045,47.35714340209961,ibtracs,False,2025-09-08T03:56:42+00:00,0,32.70588302612305,34.88970947265625,34.88970947265625,34.88970947265625,32.75086212158203,-10.288880348205566,EP112025_sar_geo_20250908035642_aba9a661,45.7400016784668,41.26231384277344,EP112025,2,47.35714340209961
with_era5,ibtracs,unet_correction,-2.5369863510131836,47.271400451660156,ibtracs,False,2025-09-08T04:06:42+00:00,1,34.06168746948242,36.59867477416992,36.59867477416992,36.59867477416992,33.87641906738281,-10.288880348205566,EP112025_sar_geo_20250908040642_4064952a,44.70000076293945,38.03972244262695,EP112025,2,47.271400451660156
with_era5,ibtracs,unet_correction,-2.306720733642578,42.17869186401367,ibtracs,False,2025-09-08T16:00:40+00:00,1,34.80594253540039,37.11266326904297,37.11266326904297,37.11266326904297,34.58699417114258,-8.398775100708008,EP112025_sar_geo_20250908160040_97c65dbe,38.15999984741211,33.663917541503906,EP112025,1,42.17869186401367
with_era5,ibtracs,unet_correction,-2.725473165512085,28.10883903503418,ibtracs,False,2025-09-09T04:15:37+00:00,0,27.986373901367188,30.71184730529785,30.71184730529785,30.71184730529785,28.039838790893555,-19.086111068725586,EP112025_sar_geo_20250909041537_5b813509,28.719999313354492,26.119365692138672,EP112025,0,28.10883903503418
with_era5,ibtracs,unet_correction,-2.5861968994140625,20.577760696411133,ibtracs,False,2025-09-09T16:08:11+00:00,0,22.72005844116211,25.306255340576172,25.306255340576172,25.306255340576172,23.028100967407227,-21.536483764648438,EP112025_sar_geo_20250909160811_93d58b53,22.379152297973633,20.639429092407227,EP112025,0,20.577760696411133
with_era5,ibtracs,unet_correction,-2.7232186794281006,18.00554084777832,ibtracs,False,2025-09-10T04:32:26+00:00,0,18.479970932006836,21.203189849853516,21.203189849853516,21.203189849853516,20.10321617126465,-9.718799591064453,EP112025_sar_geo_20250910043226_d511f8a6,22.29558563232422,21.114418029785156,EP112025,0,18.00554084777832
with_era5,ibtracs,unet_correction,-2.4129366874694824,17.02028465270996,ibtracs,False,2024-11-03T02:52:22+00:00,-1,16.935699462890625,19.348636627197266,19.348636627197266,19.348636627197266,17.046796798706055,0.10908117890357971,EP132024_sar_geo_20241103025222_0b408406,29.4999942779541,19.52695655822754,EP132024,-1,17.02028465270996
with_era5,ibtracs,unet_correction,-2.5239338874816895,21.506473541259766,ibtracs,False,2025-10-01T01:48:19+00:00,0,28.198442459106445,30.722375869750977,30.722375869750977,30.722375869750977,25.316280364990234,6.073154449462891,EP152025_sar_geo_20251001014819_ecce4d81,22.797077178955078,20.27893829345703,EP152025,0,21.506473541259766
with_era5,ibtracs,unet_correction,-2.7723870277404785,28.29442024230957,ibtracs,False,2025-10-02T01:56:42+00:00,0,25.9913272857666,28.763713836669922,28.763713836669922,28.763713836669922,23.87419891357422,6.716066360473633,EP152025_sar_geo_20251002015642_c698cb8c,33.900001525878906,29.120439529418945,EP152025,0,28.29442024230957
with_era5,ibtracs,unet_correction,4.146836757659912,24.19444465637207,ibtracs,False,2025-10-03T14:01:49+00:00,1,37.38053894042969,33.23370361328125,33.23370361328125,33.23370361328125,29.86243438720703,-4.0999755859375,EP152025_sar_geo_20251003140149_960deafc,28.145071029663086,23.714588165283203,EP152025,0,24.19444465637207
with_era5,ibtracs,unet_correction,-2.384876251220703,25.722200393676758,ibtracs,False,2025-10-04T02:13:11+00:00,0,25.76620864868164,28.151084899902344,28.151084899902344,28.151084899902344,23.775728225708008,0.7612818479537964,EP152025_sar_geo_20251004021311_4c850972,20.299226760864258,19.292953491210938,EP152025,0,25.722200393676758
with_era5,ibtracs,unet_correction,-1.2833454608917236,37.072547912597656,ibtracs,False,2025-10-05T14:03:48+00:00,1,41.863460540771484,43.14680480957031,43.14680480957031,43.14680480957031,40.39019775390625,8.778129577636719,EP152025_sar_geo_20251005140348_c360bcf0,43.31999969482422,37.018798828125,EP152025,1,37.072547912597656
with_era5,ibtracs,unet_correction,-2.6541013717651367,40.3003044128418,ibtracs,False,2025-10-06T02:29:37+00:00,1,34.93449020385742,37.588592529296875,37.588592529296875,37.588592529296875,34.73027420043945,8.150840759277344,EP152025_sar_geo_20251006022937_f3bbea1a,47.880001068115234,37.92021179199219,EP152025,1,40.3003044128418
with_era5,ibtracs,unet_correction,-2.6471633911132812,29.242568969726562,ibtracs,False,2025-10-06T13:53:39+00:00,0,25.42003059387207,28.06719398498535,28.06719398498535,28.06719398498535,24.57332420349121,-7.742953777313232,EP152025_sar_geo_20251006135339_68af0d71,27.599903106689453,25.37576675415039,EP152025,0,29.242568969726562
with_era5,ibtracs,unet_correction,-2.6610164642333984,23.149980545043945,ibtracs,False,2025-10-07T02:05:53+00:00,0,23.464086532592773,26.125102996826172,26.125102996826172,26.125102996826172,22.559795379638672,-17.285985946655273,EP152025_sar_geo_20251007020553_ee3499a4,24.97989845275879,22.91554069519043,EP152025,0,23.149980545043945
with_era5,ibtracs,unet_correction,-2.01957106590271,26.13375473022461,ibtracs,False,2023-10-24T00:48:00+00:00,0,27.54460906982422,29.564180374145508,29.564180374145508,29.564180374145508,25.771154403686523,8.128214836120605,EP182023_sar_geo_20231024004800_e546df77,55.5,26.057025909423828,EP182023,0,26.13375473022461
with_era5,ibtracs,unet_correction,3.1586122512817383,69.1234130859375,ibtracs,True,2023-10-25T00:52:23+00:00,3,53.03660202026367,49.87799072265625,49.87799072265625,49.87799072265625,43.32897186279297,42.95207214355469,EP182023_sar_geo_20231025005223_896d8572,59.720001220703125,49.42375183105469,EP182023,4,69.1234130859375
with_era5,ibtracs,unet_correction,-2.2264304161071777,18.413951873779297,ibtracs,False,2024-11-29T12:47:38+00:00,0,20.81899070739746,23.045421600341797,23.045421600341797,23.045421600341797,22.195524215698242,2.9806313514709473,IO042024_sar_geo_20241129124738_26d1fed9,25.840084075927734,20.021028518676758,IO042024,0,18.413951873779297
with_era5,ibtracs,unet_correction,6.166418552398682,46.22208023071289,ibtracs,True,2023-10-24T12:01:49+00:00,2,44.45931625366211,38.29289627075195,38.29289627075195,38.29289627075195,36.34601974487305,23.046138763427734,IO062023_sar_geo_20231024120149_0c524d06,80.0,65.44290924072266,IO062023,2,46.22208023071289
with_era5,ibtracs,unet_correction,-2.8250646591186523,27.343936920166016,ibtracs,False,2024-01-25T08:46:17+00:00,0,24.607765197753906,27.432830810546875,27.432830810546875,27.432830810546875,26.080196380615234,5.340452671051025,SH072024_sar_geo_20240125084617_b51a9b24,38.540000915527344,34.80113220214844,SH072024,0,27.343936920166016
with_era5,ibtracs,unet_correction,6.1322832107543945,32.40449523925781,ibtracs,False,2023-02-08T22:12:23+00:00,2,49.07780456542969,42.94552230834961,42.94552230834961,42.94552230834961,41.4394416809082,-13.895465850830078,SH112023_sar_geo_20230208221223_c0b8bb16,35.70000076293945,34.01755142211914,SH112023,0,32.40449523925781
with_era5,ibtracs,unet_correction,-2.5887162685394287,26.137470245361328,ibtracs,False,2023-02-09T11:11:34+00:00,0,27.840431213378906,30.429147720336914,30.429147720336914,30.429147720336914,28.045574188232422,-18.00554084777832,SH112023_sar_geo_20230209111134_f30f8ca8,31.280000686645508,28.429794311523438,SH112023,0,26.137470245361328
with_era5,ibtracs,unet_correction,3.351530075073242,33.43886184692383,ibtracs,False,2023-02-09T22:20:32+00:00,1,41.558197021484375,38.2066650390625,38.2066650390625,38.2066650390625,35.49220657348633,1.1508302688598633,SH112023_sar_geo_20230209222032_250d3700,45.13999938964844,38.88908767700195,SH112023,1,33.43886184692383
with_era5,ibtracs,unet_correction,3.615624189376831,38.06199645996094,ibtracs,False,2023-02-10T22:28:48+00:00,1,42.45170593261719,38.836082458496094,38.836082458496094,38.836082458496094,37.80901336669922,4.623136520385742,SH112023_sar_geo_20230210222848_4f1367f1,42.81999969482422,39.14099884033203,SH112023,1,38.06199645996094
with_era5,ibtracs,unet_correction,6.157754421234131,55.674747467041016,ibtracs,True,2023-02-11T11:28:01+00:00,3,57.81270980834961,51.65495681762695,51.65495681762695,51.65495681762695,47.37117004394531,24.53388214111328,SH112023_sar_geo_20230211112801_66c3ce02,54.7599983215332,48.290409088134766,SH112023,3,55.674747467041016
with_era5,ibtracs,unet_correction,5.995193004608154,55.911964416503906,ibtracs,True,2023-02-11T11:36:19+00:00,4,60.59781265258789,54.60261917114258,54.60261917114258,54.60261917114258,49.55238723754883,24.842262268066406,SH112023_sar_geo_20230211113619_713ab9a6,58.060001373291016,47.824363708496094,SH112023,3,55.911964416503906
with_era5,ibtracs,unet_correction,4.097006797790527,49.24515151977539,ibtracs,False,2023-02-12T23:16:30+00:00,2,43.09497833251953,38.99797058105469,38.99797058105469,38.99797058105469,36.701786041259766,-7.965307712554932,SH112023_sar_geo_20230212231630_6bf369b8,53.880001068115234,48.894439697265625,SH112023,2,49.24515151977539
with_era5,ibtracs,unet_correction,3.501467704772949,41.45818328857422,ibtracs,False,2023-02-13T23:24:42+00:00,2,44.4390869140625,40.937618255615234,40.937618255615234,40.937618255615234,38.6408576965332,-7.716660022735596,SH112023_sar_geo_20230213232442_e7bd4405,42.099998474121094,39.77212142944336,SH112023,1,41.45818328857422
with_era5,ibtracs,unet_correction,2.4340312480926514,56.799476623535156,ibtracs,False,2023-02-14T12:24:34+00:00,1,41.8880729675293,39.45404052734375,39.45404052734375,39.45404052734375,38.096229553222656,10.63994026184082,SH112023_sar_geo_20230214122434_504d62a1,54.34000015258789,51.46897888183594,SH112023,3,56.799476623535156
with_era5,ibtracs,unet_correction,6.1870574951171875,63.91752243041992,ibtracs,True,2023-02-14T23:32:51+00:00,3,53.158302307128906,46.97124481201172,46.97124481201172,46.97124481201172,45.200042724609375,22.529216766357422,SH112023_sar_geo_20230214233251_cc5d83ed,60.20000076293945,54.030601501464844,SH112023,4,63.91752243041992
with_era5,ibtracs,unet_correction,6.172002792358398,66.80645751953125,ibtracs,False,2023-02-16T00:12:28+00:00,2,46.987548828125,40.815547943115234,40.815547943115234,40.815547943115234,39.83159255981445,2.3940699100494385,SH112023_sar_geo_20230216001228_9bbc9124,65.4000015258789,57.50040817260742,SH112023,4,66.80645751953125
with_era5,ibtracs,unet_correction,-2.631340265274048,54.08716583251953,ibtracs,True,2025-02-12T21:33:13+00:00,3,54.4702262878418,57.101566314697266,57.101566314697266,57.101566314697266,52.40484619140625,25.31807518005371,SH172025_sar_geo_20250212213313_92c883b4,70.37999725341797,56.62949752807617,SH172025,3,54.08716583251953
with_era5,ibtracs,unet_correction,-2.6139135360717773,59.16106033325195,ibtracs,False,2025-02-13T21:41:24+00:00,1,41.68192672729492,44.295841217041016,44.295841217041016,44.295841217041016,42.48637390136719,4.676295757293701,SH172025_sar_geo_20250213214124_e8716993,60.119998931884766,49.55323028564453,SH172025,4,59.16106033325195
with_era5,ibtracs,unet_correction,-2.439772844314575,20.577760696411133,ibtracs,False,2023-04-10T10:08:15+00:00,0,18.933269500732422,21.373043060302734,21.373043060302734,21.373043060302734,15.217219352722168,-2.5722200870513916,SH182023_sar_geo_20230410100815_7e28c768,26.04296875,17.008670806884766,SH182023,0,20.577760696411133
with_era5,ibtracs,unet_correction,4.4828782081604,33.929439544677734,ibtracs,False,2023-04-11T10:15:57+00:00,1,40.365692138671875,35.8828125,35.8828125,35.8828125,32.558265686035156,13.351679801940918,SH182023_sar_geo_20230411101557_348124f1,48.97999954223633,39.89085388183594,SH182023,1,33.929439544677734
with_era5,ibtracs,unet_correction,-2.7121505737304688,54.48676300048828,ibtracs,True,2023-04-12T21:32:54+00:00,2,48.32512283325195,51.03727340698242,51.03727340698242,51.03727340698242,49.11164093017578,18.475685119628906,SH182023_sar_geo_20230412213254_daeb85a4,58.2599983215332,51.5367546081543,SH182023,3,54.48676300048828
with_era5,ibtracs,unet_correction,-2.8517467975616455,70.72319030761719,ibtracs,True,2023-04-13T10:30:54+00:00,2,48.04100799560547,50.89275360107422,50.89275360107422,50.89275360107422,48.812320709228516,28.26869773864746,SH182023_sar_geo_20230413103054_f4cd9cae,68.27999877929688,58.23680877685547,SH182023,5,70.72319030761719
with_era5,ibtracs,unet_correction,-2.5279135704040527,18.00554084777832,ibtracs,False,2025-03-20T12:00:50+00:00,-1,14.265779495239258,16.79369354248047,16.79369354248047,16.79369354248047,15.618399620056152,-2.0649211406707764,SH262025_sar_geo_20250320120050_18f77f5f,17.37593650817871,16.022216796875,SH262025,0,18.00554084777832
with_era5,ibtracs,unet_correction,-1.0050487518310547,15.35915470123291,ibtracs,False,2025-03-20T23:08:39+00:00,-1,17.449190139770508,18.454238891601562,18.454238891601562,18.454238891601562,16.982879638671875,-7.790825843811035,SH262025_sar_geo_20250320230839_df8df358,21.73871421813965,20.395126342773438,SH262025,-1,15.35915470123291
with_era5,ibtracs,unet_correction,-2.49261736869812,45.73478698730469,ibtracs,True,2024-05-26T21:39:33+00:00,0,20.15131187438965,22.64392852783203,22.64392852783203,22.64392852783203,19.71192169189453,18.24318504333496,WP012024_sar_geo_20240526213933_9df56040,40.63999938964844,35.82577133178711,WP012024,2,45.73478698730469
with_era5,ibtracs,unet_correction,-2.636009931564331,43.72774124145508,ibtracs,False,2024-05-27T09:52:21+00:00,0,27.37805938720703,30.014068603515625,30.014068603515625,30.014068603515625,25.658830642700195,7.698225975036621,WP012024_sar_geo_20240527095221_8e9f9c60,40.900001525878906,35.272613525390625,WP012024,2,43.72774124145508
with_era5,ibtracs,unet_correction,-2.358466386795044,35.151100158691406,ibtracs,False,2024-05-28T09:29:33+00:00,1,33.14141845703125,35.49988555908203,35.49988555908203,35.49988555908203,33.06429672241211,-8.576639175415039,WP012024_sar_geo_20240528092933_c06e204a,39.060001373291016,36.184356689453125,WP012024,1,35.151100158691406
with_era5,ibtracs,unet_correction,-2.806736946105957,39.93971633911133,ibtracs,False,2024-05-28T21:21:48+00:00,1,37.32653045654297,40.13326644897461,40.13326644897461,40.13326644897461,38.044166564941406,4.240161895751953,WP012024_sar_geo_20240528212148_22df3ab7,42.13999938964844,37.435882568359375,WP012024,1,39.93971633911133
with_era5,ibtracs,unet_correction,3.884697437286377,35.01763153076172,ibtracs,False,2024-05-29T09:06:12+00:00,1,39.3885498046875,35.50385284423828,35.50385284423828,35.50385284423828,30.448612213134766,0.0,WP012024_sar_geo_20240529090612_d56e7ad6,39.959999084472656,37.48442077636719,WP012024,1,35.01763153076172
with_era5,ibtracs,unet_correction,-2.796231508255005,28.347055435180664,ibtracs,False,2024-05-29T20:56:19+00:00,0,23.587549209594727,26.38378143310547,26.38378143310547,26.38378143310547,24.21591567993164,-11.800630569458008,WP012024_sar_geo_20240529205619_9d4a1090,79.12000274658203,33.07667541503906,WP012024,0,28.347055435180664
with_era5,ibtracs,unet_correction,6.018064975738525,39.833683013916016,ibtracs,True,2023-07-23T09:43:45+00:00,2,44.49592208862305,38.47785568237305,38.47785568237305,38.47785568237305,36.65647888183594,20.03473663330078,WP052023_sar_geo_20230723094345_16c82bb1,48.20000076293945,38.569480895996094,WP052023,1,39.833683013916016
with_era5,ibtracs,unet_correction,6.050991535186768,63.574989318847656,ibtracs,True,2023-07-24T09:52:12+00:00,3,55.05936813354492,49.00837707519531,49.00837707519531,49.00837707519531,46.447235107421875,23.499801635742188,WP052023_sar_geo_20230724095212_6c07dd16,53.779998779296875,47.79603958129883,WP052023,4,63.574989318847656
with_era5,ibtracs,unet_correction,6.009700298309326,61.733280181884766,ibtracs,False,2023-07-25T10:00:51+00:00,3,55.73676300048828,49.7270622253418,49.7270622253418,49.7270622253418,48.2254753112793,-1.891153335571289,WP052023_sar_geo_20230725100051_6a4ed126,57.52000045776367,52.65974807739258,WP052023,4,61.733280181884766
with_era5,ibtracs,unet_correction,6.123191833496094,47.88854217529297,ibtracs,False,2023-07-26T10:08:50+00:00,2,47.59716796875,41.473976135253906,41.473976135253906,41.473976135253906,40.68812942504883,-13.844736099243164,WP052023_sar_geo_20230726100850_0d211749,36.900001525878906,35.53444290161133,WP052023,2,47.88854217529297
with_era5,ibtracs,unet_correction,5.502236366271973,41.155521392822266,ibtracs,False,2023-07-26T22:01:56+00:00,2,45.540042877197266,40.03780746459961,40.03780746459961,40.03780746459961,38.50810623168945,-15.56059741973877,WP052023_sar_geo_20230726220156_e35acc0b,40.41999816894531,37.58406066894531,WP052023,1,41.155521392822266
with_era5,ibtracs,unet_correction,6.169829845428467,41.155521392822266,ibtracs,False,2023-07-26T22:02:52+00:00,2,45.79325485229492,39.6234245300293,39.6234245300293,39.6234245300293,38.185020446777344,-15.539257049560547,WP052023_sar_geo_20230726220252_d3deb372,38.84000015258789,36.08020782470703,WP052023,1,41.155521392822266
with_era5,ibtracs,unet_correction,5.319007396697998,48.51921463012695,ibtracs,False,2023-07-27T10:17:39+00:00,2,47.49071502685547,42.17170715332031,42.17170715332031,42.17170715332031,41.40538024902344,0.7566613554954529,WP052023_sar_geo_20230727101739_a9e95728,44.81999969482422,41.74239730834961,WP052023,2,48.51921463012695
with_era5,ibtracs,unet_correction,-2.803318738937378,20.577760696411133,ibtracs,False,2024-08-12T07:55:49+00:00,-1,15.713519096374512,18.51683807373047,18.51683807373047,18.51683807373047,17.420452117919922,2.5722200870513916,WP072024_sar_geo_20240812075549_e8fedc4e,21.658456802368164,20.483028411865234,WP072024,0,20.577760696411133
with_era5,ibtracs,unet_correction,-2.6489105224609375,19.809429168701172,ibtracs,False,2024-08-12T20:14:25+00:00,-1,16.85270118713379,19.501611709594727,19.501611709594727,19.501611709594727,17.974712371826172,-0.7683316469192505,WP072024_sar_geo_20240812201425_1226442e,22.83545684814453,19.634958267211914,WP072024,0,19.809429168701172
with_era5,ibtracs,unet_correction,-2.35446834564209,14.71900463104248,ibtracs,False,2024-08-13T08:04:58+00:00,-1,16.610294342041016,18.964763641357422,18.964763641357422,18.964763641357422,17.516637802124023,-5.858755111694336,WP072024_sar_geo_20240813080458_cdd218d1,21.210275650024414,15.737432479858398,WP072024,-1,14.71900463104248
with_era5,ibtracs,unet_correction,-2.4742555618286133,25.722200393676758,ibtracs,False,2023-08-26T07:54:01+00:00,0,27.03201675415039,29.506271362304688,29.506271362304688,29.506271362304688,27.71486473083496,5.144440174102783,WP082023_sar_geo_20230826075401_86c4bdd0,38.68000030517578,34.366600036621094,WP082023,0,25.722200393676758
with_era5,ibtracs,unet_correction,2.4971911907196045,27.52808952331543,ibtracs,False,2023-08-28T08:14:04+00:00,1,39.93672180175781,37.43952941894531,37.43952941894531,37.43952941894531,36.37301254272461,-0.7663310170173645,WP082023_sar_geo_20230828081404_53227c39,33.70000076293945,31.261465072631836,WP082023,0,27.52808952331543
with_era5,ibtracs,unet_correction,-2.5337915420532227,18.00554084777832,ibtracs,False,2024-08-19T21:43:55+00:00,-1,14.395705223083496,16.92949676513672,16.92949676513672,16.92949676513672,15.943780899047852,0.7778583765029907,WP102024_sar_geo_20240819214355_fe68614f,31.88100814819336,22.201045989990234,WP102024,0,18.00554084777832
with_era5,ibtracs,unet_correction,5.762405872344971,43.94685363769531,ibtracs,False,2024-08-26T09:15:20+00:00,2,42.93815231323242,37.17574691772461,37.17574691772461,37.17574691772461,35.84700012207031,6.304797172546387,WP112024_sar_geo_20240826091520_95af66ff,44.79999923706055,41.65532684326172,WP112024,2,43.94685363769531
with_era5,ibtracs,unet_correction,6.051018714904785,53.01136016845703,ibtracs,True,2024-08-26T21:04:08+00:00,3,50.36189651489258,44.31087875366211,44.31087875366211,44.31087875366211,41.9905891418457,15.492385864257812,WP112024_sar_geo_20240826210408_a57cc755,52.724998474121094,45.93745040893555,WP112024,3,53.01136016845703
with_era5,ibtracs,unet_correction,5.92190408706665,58.26707077026367,ibtracs,False,2024-08-27T09:23:36+00:00,2,47.993003845214844,42.07109832763672,42.07109832763672,42.07109832763672,41.56624221801758,14.202083587646484,WP112024_sar_geo_20240827092336_88090114,57.720001220703125,52.73346710205078,WP112024,4,58.26707077026367
with_era5,ibtracs,unet_correction,6.071556568145752,56.58884048461914,ibtracs,False,2024-08-27T21:12:15+00:00,3,49.55854034423828,43.48698425292969,43.48698425292969,43.48698425292969,42.6595344543457,3.5310864448547363,WP112024_sar_geo_20240827211215_cbee7e4b,55.81999969482422,49.47250747680664,WP112024,3,56.58884048461914
with_era5,ibtracs,unet_correction,5.9836249351501465,50.14400100708008,ibtracs,False,2024-08-28T09:31:40+00:00,3,49.944007873535156,43.960384368896484,43.960384368896484,43.960384368896484,43.09513854980469,-8.169179916381836,WP112024_sar_geo_20240828093140_80dcdc85,58.7586784362793,41.45331954956055,WP112024,3,50.14400100708008
with_era5,ibtracs,unet_correction,2.3054208755493164,40.90044021606445,ibtracs,False,2024-08-28T21:19:50+00:00,1,33.713600158691406,31.408178329467773,31.408178329467773,31.408178329467773,30.628068923950195,-15.688398361206055,WP112024_sar_geo_20240828211950_9fc5a1dd,80.0,47.3892936706543,WP112024,1,40.90044021606445
with_era5,ibtracs,unet_correction,-2.610781192779541,20.577760696411133,ibtracs,False,2024-09-05T20:14:24+00:00,0,28.407197952270508,31.01797866821289,31.01797866821289,31.01797866821289,27.161029815673828,2.5722200870513916,WP132024_sar_geo_20240905201424_2b6d0688,40.540000915527344,31.746538162231445,WP132024,0,20.577760696411133
with_era5,ibtracs,unet_correction,-2.8686816692352295,18.00554084777832,ibtracs,False,2024-09-06T08:05:07+00:00,-1,12.455672264099121,15.32435417175293,15.32435417175293,15.32435417175293,14.51691722869873,0.0,WP132024_sar_geo_20240906080507_a6b444e0,20.746583938598633,19.321083068847656,WP132024,0,18.00554084777832
with_era5,ibtracs,unet_correction,-2.3551106452941895,17.384206771850586,ibtracs,False,2024-09-06T19:48:42+00:00,0,20.812808990478516,23.167919158935547,23.167919158935547,23.167919158935547,20.898813247680664,-3.193553924560547,WP132024_sar_geo_20240906194842_9f4d9498,20.069189071655273,18.259702682495117,WP132024,-1,17.384206771850586
with_era5,ibtracs,unet_correction,5.035844326019287,22.746999740600586,ibtracs,False,2023-10-19T10:49:30+00:00,2,45.14612579345703,40.11028289794922,40.11028289794922,40.11028289794922,38.11583709716797,2.5722200870513916,WP162023_sar_geo_20231019104930_9a749bdc,80.0,36.78159713745117,WP162023,0,22.746999740600586
with_era5,ibtracs,unet_correction,-2.783393383026123,20.577760696411133,ibtracs,False,2023-10-19T22:43:10+00:00,0,30.473865509033203,33.257259368896484,33.257259368896484,33.257259368896484,30.14885139465332,1.9134458303451538,WP162023_sar_geo_20231019224310_d9ac92a8,80.0,25.158126831054688,WP162023,0,20.577760696411133
with_era5,ibtracs,unet_correction,-2.293236494064331,15.9686279296875,ibtracs,False,2023-10-20T10:57:34+00:00,0,19.79104232788086,22.084278106689453,22.084278106689453,22.084278106689453,21.701587677001953,-6.8244805335998535,WP162023_sar_geo_20231020105734_00b31332,80.0,31.868629455566406,WP162023,-1,15.9686279296875
with_era5,ibtracs,unet_correction,-2.762004852294922,24.468528747558594,ibtracs,False,2025-09-05T08:33:47+00:00,0,22.92561912536621,25.687623977661133,25.687623977661133,25.687623977661133,23.629716873168945,6.462988376617432,WP212025_sar_geo_20250905083347_3ae8e0aa,33.5,27.7016658782959,WP212025,0,24.468528747558594
with_era5,ibtracs,unet_correction,-2.3453736305236816,19.078346252441406,ibtracs,False,2025-09-18T21:07:41+00:00,0,20.00260353088379,22.347976684570312,22.347976684570312,22.347976684570312,21.377647399902344,,WP242025_sar_geo_20250918210741_c0a8f306,22.194433212280273,20.288606643676758,WP242025,0,19.078346252441406
with_era5,ibtracs,unet_correction,-2.827693462371826,30.547494888305664,ibtracs,False,2025-09-19T21:13:40+00:00,0,25.692867279052734,28.52056121826172,28.52056121826172,28.52056121826172,27.830604553222656,11.43494701385498,WP242025_sar_geo_20250919211340_695286ba,36.70000076293945,34.47115707397461,WP242025,0,30.547494888305664
with_era5,ibtracs,unet_correction,-2.841325283050537,30.57440757751465,ibtracs,False,2025-09-19T21:15:33+00:00,0,25.663179397583008,28.504505157470703,28.504505157470703,28.504505157470703,27.90784454345703,11.451094627380371,WP242025_sar_geo_20250919211533_41d7c3ba,34.58000183105469,33.21208953857422,WP242025,0,30.57440757751465
with_era5,ibtracs,unet_correction,6.018736362457275,60.323036193847656,ibtracs,True,2025-09-20T21:23:17+00:00,2,49.334564208984375,43.315826416015625,43.315826416015625,43.315826416015625,41.20123291015625,29.638118743896484,WP242025_sar_geo_20250920212317_7e455209,55.7599983215332,48.43717575073242,WP242025,4,60.323036193847656
with_era5,ibtracs,unet_correction,5.768421649932861,72.85513305664062,ibtracs,True,2025-09-21T09:37:09+00:00,4,60.07147979736328,54.30305862426758,54.30305862426758,54.30305862426758,49.04502868652344,27.640933990478516,WP242025_sar_geo_20250921093709_b508ba36,61.41999816894531,55.058265686035156,WP242025,5,72.85513305664062
with_era5,ibtracs,unet_correction,6.126964092254639,74.0799331665039,ibtracs,False,2025-09-21T21:31:23+00:00,4,60.69186782836914,54.564903259277344,54.564903259277344,54.564903259277344,52.9050407409668,13.710599899291992,WP242025_sar_geo_20250921213123_bfc94639,66.27999877929688,59.192657470703125,WP242025,5,74.0799331665039
with_era5,ibtracs,unet_correction,5.823987007141113,59.700462341308594,ibtracs,False,2025-09-23T10:25:38+00:00,4,60.10966873168945,54.285682678222656,54.285682678222656,54.285682678222656,51.35284423828125,-7.496878147125244,WP242025_sar_geo_20250923102538_5aa662c2,56.34000015258789,49.855220794677734,WP242025,4,59.700462341308594
with_era5,ibtracs,unet_correction,6.092263698577881,56.94694900512695,ibtracs,False,2025-09-23T22:18:14+00:00,4,58.445884704589844,52.35362243652344,52.35362243652344,52.35362243652344,50.46334457397461,-6.8441057205200195,WP242025_sar_geo_20250923221814_e7b45b16,80.0,49.36774444580078,WP242025,3,56.94694900512695
with_era5,ibtracs,unet_correction,6.116114139556885,56.94152069091797,ibtracs,False,2025-09-23T22:18:52+00:00,4,58.17445755004883,52.05834197998047,52.05834197998047,52.05834197998047,50.17131805419922,-6.849535942077637,WP242025_sar_geo_20250923221852_6a75749b,80.0,51.13564682006836,WP242025,3,56.94152069091797
with_era5,ibtracs,unet_correction,6.088188648223877,61.21883773803711,ibtracs,True,2025-10-07T20:56:17+00:00,3,57.89258575439453,51.80439758300781,51.80439758300781,51.80439758300781,49.42741775512695,22.688648223876953,WP282025_sar_geo_20251007205617_b3422293,61.79999923706055,55.649513244628906,WP282025,4,61.21883773803711
with_era5,ibtracs,unet_correction,5.264615535736084,61.21883773803711,ibtracs,False,2025-10-08T08:44:08+00:00,3,51.17191696166992,45.90730285644531,45.90730285644531,45.90730285644531,44.17581558227539,8.215479850769043,WP282025_sar_geo_20251008084408_05dee5d2,48.68000030517578,46.535682678222656,WP282025,4,61.21883773803711
with_era5,ibtracs,unet_correction,3.5707883834838867,55.207557678222656,ibtracs,False,2025-10-08T20:31:39+00:00,2,46.3877067565918,42.816917419433594,42.816917419433594,42.816917419433594,41.68240737915039,-6.01127815246582,WP282025_sar_geo_20251008203139_134d70ed,59.2400016784668,56.240962982177734,WP282025,3,55.207557678222656
with_era5,ibtracs,unet_correction,5.854764461517334,46.24051284790039,ibtracs,False,2025-10-09T08:20:12+00:00,2,44.56536102294922,38.71059799194336,38.71059799194336,38.71059799194336,37.645355224609375,-14.978322982788086,WP282025_sar_geo_20251009082012_18810889,56.439998626708984,54.309810638427734,WP282025,2,46.24051284790039
with_era5,sar_field_only,unet_raw_max,0.0,18.20888900756836,ibtracs,False,2025-06-29T12:23:43+00:00,0,21.872949600219727,21.872949600219727,21.872949600219727,21.872949600219727,19.653669357299805,,AL022025_sar_geo_20250629122343_2019fb4c,26.75994873046875,20.296344757080078,AL022025,0,18.20888900756836
with_era5,sar_field_only,unet_raw_max,0.0,17.183143615722656,ibtracs,False,2025-06-30T00:38:22+00:00,-1,11.277762413024902,11.277762413024902,11.277762413024902,11.277762413024902,10.323779106140137,3.9930858612060547,AL022025_sar_geo_20250630003822_9f8d8538,38.099998474121094,18.442907333374023,AL022025,-1,17.183143615722656
with_era5,sar_field_only,unet_raw_max,0.0,25.722200393676758,ibtracs,False,2023-06-24T09:11:41+00:00,0,28.029403686523438,28.029403686523438,28.029403686523438,28.029403686523438,23.662761688232422,3.53432559967041,AL042023_sar_geo_20230624091141_fc94d478,32.65999221801758,26.53125,AL042023,0,25.722200393676758
with_era5,sar_field_only,unet_raw_max,0.0,24.210735321044922,ibtracs,False,2023-06-24T21:56:17+00:00,0,26.0485897064209,26.0485897064209,26.0485897064209,26.0485897064209,23.36745262145996,1.0607548952102661,AL042023_sar_geo_20230624215617_3236b686,47.7400016784668,26.545425415039062,AL042023,0,24.210735321044922
with_era5,sar_field_only,unet_raw_max,0.0,21.681528091430664,ibtracs,False,2023-06-25T09:51:16+00:00,0,21.030960083007812,21.030960083007812,21.030960083007812,21.030960083007812,18.58473777770996,-4.0406718254089355,AL042023_sar_geo_20230625095116_dad4ab5b,28.200000762939453,25.516326904296875,AL042023,0,21.681528091430664
with_era5,sar_field_only,unet_raw_max,0.0,24.937578201293945,ibtracs,False,2025-09-25T09:42:44+00:00,0,25.91561508178711,25.91561508178711,25.91561508178711,25.91561508178711,24.45707893371582,,AL082025_sar_geo_20250925094244_08e44ad7,27.859996795654297,21.703502655029297,AL082025,0,24.937578201293945
with_era5,sar_field_only,unet_raw_max,0.0,55.86671447753906,ibtracs,True,2025-09-26T22:04:44+00:00,3,52.08769607543945,52.08769607543945,52.08769607543945,52.08769607543945,46.8324089050293,25.65894317626953,AL082025_sar_geo_20250926220444_2d00f032,55.41999816894531,48.242061614990234,AL082025,3,55.86671447753906
with_era5,sar_field_only,unet_raw_max,0.0,55.90815353393555,ibtracs,True,2025-09-26T22:06:11+00:00,3,51.45955276489258,51.45955276489258,51.45955276489258,51.45955276489258,46.399593353271484,25.692094802856445,AL082025_sar_geo_20250926220611_04532c06,51.36000061035156,46.63326644897461,AL082025,3,55.90815353393555
with_era5,sar_field_only,unet_raw_max,0.0,66.18160247802734,ibtracs,True,2025-09-27T09:58:13+00:00,2,44.63991165161133,44.63991165161133,44.63991165161133,44.63991165161133,41.12562561035156,26.76637840270996,AL082025_sar_geo_20250927095813_d513fd6c,69.83999633789062,56.139591217041016,AL082025,4,66.18160247802734
with_era5,sar_field_only,unet_raw_max,0.0,72.02216339111328,ibtracs,True,2025-09-27T22:14:16+00:00,4,58.44841384887695,58.44841384887695,58.44841384887695,58.44841384887695,50.30754470825195,15.88298225402832,AL082025_sar_geo_20250927221416_59358115,68.66000366210938,57.38515853881836,AL082025,5,72.02216339111328
with_era5,sar_field_only,unet_raw_max,0.0,65.934814453125,ibtracs,False,2025-09-28T10:05:59+00:00,2,45.50720977783203,45.50720977783203,45.50720977783203,45.50720977783203,43.10850143432617,-0.29118484258651733,AL082025_sar_geo_20250928100559_707f4766,58.29999923706055,51.569278717041016,AL082025,4,65.934814453125
with_era5,sar_field_only,unet_raw_max,0.0,62.5663948059082,ibtracs,False,2025-09-28T22:22:50+00:00,3,50.570068359375,50.570068359375,50.570068359375,50.570068359375,46.32086181640625,-9.455766677856445,AL082025_sar_geo_20250928222250_60332831,57.599998474121094,53.99726104736328,AL082025,4,62.5663948059082
with_era5,sar_field_only,unet_raw_max,0.0,63.696075439453125,ibtracs,False,2025-09-29T10:13:23+00:00,2,45.43987274169922,45.43987274169922,45.43987274169922,45.43987274169922,43.66621780395508,-2.1329896450042725,AL082025_sar_geo_20250929101323_61e03351,56.5,49.547393798828125,AL082025,4,63.696075439453125
with_era5,sar_field_only,unet_raw_max,0.0,53.46254348754883,ibtracs,False,2025-09-29T22:31:44+00:00,1,33.88624572753906,33.88624572753906,33.88624572753906,33.88624572753906,32.68051528930664,-9.027539253234863,AL082025_sar_geo_20250929223144_b6a1244f,58.15999984741211,50.252620697021484,AL082025,3,53.46254348754883
with_era5,sar_field_only,unet_raw_max,0.0,53.445396423339844,ibtracs,False,2025-09-29T22:32:29+00:00,1,33.98278045654297,33.98278045654297,33.98278045654297,33.98278045654297,33.216487884521484,-9.038256645202637,AL082025_sar_geo_20250929223229_4e0b44ba,62.34000015258789,53.213584899902344,AL082025,3,53.445396423339844
with_era5,sar_field_only,unet_raw_max,0.0,38.4094352722168,ibtracs,False,2025-09-30T10:36:05+00:00,1,37.20155334472656,37.20155334472656,37.20155334472656,37.20155334472656,35.71815490722656,-25.416391372680664,AL082025_sar_geo_20250930103605_996c3d15,39.959999084472656,38.323768615722656,AL082025,1,38.4094352722168
with_era5,sar_field_only,unet_raw_max,0.0,36.01108169555664,ibtracs,False,2025-09-30T22:41:16+00:00,1,39.42584228515625,39.42584228515625,39.42584228515625,39.42584228515625,36.91672897338867,-17.23349380493164,AL082025_sar_geo_20250930224116_f96a335d,40.86000061035156,37.576480865478516,AL082025,1,36.01108169555664
with_era5,sar_field_only,unet_raw_max,0.0,34.248538970947266,ibtracs,False,2025-10-01T10:25:34+00:00,1,37.91810607910156,37.91810607910156,37.91810607910156,37.91810607910156,36.21322250366211,-4.461467742919922,AL082025_sar_geo_20251001102534_7c316d67,38.15999984741211,36.33675765991211,AL082025,1,34.248538970947266
with_era5,sar_field_only,unet_raw_max,0.0,25.665515899658203,ibtracs,False,2024-09-24T23:50:05+00:00,0,25.163623809814453,25.163623809814453,25.163623809814453,25.163623809814453,23.723176956176758,7.659976005554199,AL092024_sar_geo_20240924235005_f6c42560,34.099998474121094,25.84740447998047,AL092024,0,25.665515899658203
with_era5,sar_field_only,unet_raw_max,0.0,33.20021438598633,ibtracs,False,2024-09-25T11:43:18+00:00,2,46.63545608520508,46.63545608520508,46.63545608520508,46.63545608520508,44.24668884277344,12.717912673950195,AL092024_sar_geo_20240925114318_182f4c98,38.81999969482422,32.314483642578125,AL092024,1,33.20021438598633
with_era5,sar_field_only,unet_raw_max,0.0,36.01108169555664,ibtracs,False,2024-09-25T23:58:53+00:00,2,42.937957763671875,42.937957763671875,42.937957763671875,42.937957763671875,42.2864990234375,10.295263290405273,AL092024_sar_geo_20240925235853_bb2fffd5,38.32500076293945,32.80063247680664,AL092024,1,36.01108169555664
with_era5,sar_field_only,unet_raw_max,0.0,43.58650588989258,ibtracs,False,2024-09-26T11:50:07+00:00,2,43.93727111816406,43.93727111816406,43.93727111816406,43.93727111816406,42.58690643310547,10.288880348205566,AL092024_sar_geo_20240926115007_1dfc3535,41.63999938964844,35.869930267333984,AL092024,2,43.58650588989258
with_era5,sar_field_only,unet_raw_max,0.0,61.2578010559082,ibtracs,True,2024-09-26T23:36:14+00:00,3,56.53119659423828,56.53119659423828,56.53119659423828,56.53119659423828,53.11313247680664,25.246721267700195,AL092024_sar_geo_20240926233614_4c4a4e8d,56.41999816894531,52.753684997558594,AL092024,4,61.2578010559082
with_era5,sar_field_only,unet_raw_max,0.0,61.27547073364258,ibtracs,True,2024-09-26T23:37:07+00:00,3,55.947593688964844,55.947593688964844,55.947593688964844,55.947593688964844,52.417884826660156,25.264392852783203,AL092024_sar_geo_20240926233707_ba644eb1,53.97999954223633,51.04243469238281,AL092024,4,61.27547073364258
with_era5,sar_field_only,unet_raw_max,0.0,61.300479888916016,ibtracs,True,2024-09-26T23:38:22+00:00,3,56.794708251953125,56.794708251953125,56.794708251953125,56.794708251953125,53.3106689453125,25.289400100708008,AL092024_sar_geo_20240926233822_7d97bd32,55.97999954223633,51.9205207824707,AL092024,4,61.300479888916016
with_era5,sar_field_only,unet_raw_max,0.0,27.9754638671875,ibtracs,False,2025-09-29T23:04:12+00:00,0,26.98909568786621,26.98909568786621,26.98909568786621,26.98909568786621,25.972749710083008,9.969924926757812,AL092025_sar_geo_20250929230412_3b893bbb,33.125,25.969348907470703,AL092025,0,27.9754638671875
with_era5,sar_field_only,unet_raw_max,0.0,36.01108169555664,ibtracs,False,2025-09-30T23:11:51+00:00,1,36.824222564697266,36.824222564697266,36.824222564697266,36.824222564697266,35.387062072753906,7.99188756942749,AL092025_sar_geo_20250930231151_62ee93bd,37.7400016784668,33.46464538574219,AL092025,1,36.01108169555664
with_era5,sar_field_only,unet_raw_max,0.0,37.67373275756836,ibtracs,False,2025-10-02T10:03:39+00:00,2,42.80690002441406,42.80690002441406,42.80690002441406,42.80690002441406,42.27666473388672,-2.8167238235473633,AL092025_sar_geo_20251002100339_1686cf44,55.81999969482422,47.7620964050293,AL092025,1,37.67373275756836
with_era5,sar_field_only,unet_raw_max,0.0,23.149980545043945,ibtracs,False,2024-09-26T09:38:24+00:00,0,24.62005615234375,24.62005615234375,24.62005615234375,24.62005615234375,20.95425033569336,0.0,AL102024_sar_geo_20240926093824_136192f5,30.619998931884766,26.88939666748047,AL102024,0,23.149980545043945
with_era5,sar_field_only,unet_raw_max,0.0,27.43263053894043,ibtracs,False,2024-09-26T21:29:14+00:00,0,26.28520965576172,26.28520965576172,26.28520965576172,26.28520965576172,23.73444366455078,4.282650947570801,AL102024_sar_geo_20240926212914_03bcc908,34.779998779296875,28.738861083984375,AL102024,0,27.43263053894043
with_era5,sar_field_only,unet_raw_max,0.0,32.48942565917969,ibtracs,False,2024-09-27T09:13:54+00:00,0,26.19879913330078,26.19879913330078,26.19879913330078,26.19879913330078,25.237083435058594,9.339445114135742,AL102024_sar_geo_20240927091354_3a788dd8,36.91999816894531,34.587730407714844,AL102024,0,32.48942565917969
with_era5,sar_field_only,unet_raw_max,0.0,46.29996109008789,ibtracs,False,2024-09-28T08:49:27+00:00,1,39.23052215576172,39.23052215576172,39.23052215576172,39.23052215576172,36.110267639160156,13.980443954467773,AL102024_sar_geo_20240928084927_9b67e147,43.02000045776367,41.03065872192383,AL102024,2,46.29996109008789
with_era5,sar_field_only,unet_raw_max,0.0,35.18644714355469,ibtracs,False,2024-09-29T08:24:16+00:00,1,38.3463020324707,38.3463020324707,38.3463020324707,38.3463020324707,37.904056549072266,-11.11351490020752,AL102024_sar_geo_20240929082416_cf0e50b0,38.34000015258789,35.84708786010742,AL102024,1,35.18644714355469
with_era5,sar_field_only,unet_raw_max,0.0,30.07201385498047,ibtracs,False,2024-09-29T20:19:01+00:00,1,37.41707992553711,37.41707992553711,37.41707992553711,37.41707992553711,37.0267333984375,-11.669161796569824,AL102024_sar_geo_20240929201901_eceb8b95,37.47999954223633,34.81792068481445,AL102024,0,30.07201385498047
with_era5,sar_field_only,unet_raw_max,0.0,22.25275230407715,ibtracs,False,2025-10-07T21:23:02+00:00,1,32.92561721801758,32.92561721801758,32.92561721801758,32.92561721801758,29.55354881286621,,AL102025_sar_geo_20251007212302_65a32d77,31.35999870300293,28.337852478027344,AL102025,0,22.25275230407715
with_era5,sar_field_only,unet_raw_max,0.0,26.01824378967285,ibtracs,False,2025-10-08T09:20:43+00:00,0,25.798019409179688,25.798019409179688,25.798019409179688,25.798019409179688,24.43240737915039,6.350954055786133,AL102025_sar_geo_20251008092043_77759e8c,33.619998931884766,29.984731674194336,AL102025,0,26.01824378967285
with_era5,sar_field_only,unet_raw_max,0.0,25.722200393676758,ibtracs,False,2025-10-09T22:12:45+00:00,0,26.095766067504883,26.095766067504883,26.095766067504883,26.095766067504883,25.793739318847656,-2.5722200870513916,AL102025_sar_geo_20251009221245_f4761526,31.220003128051758,27.99546241760254,AL102025,0,25.722200393676758
with_era5,sar_field_only,unet_raw_max,0.0,25.722200393676758,ibtracs,False,2025-10-10T10:05:06+00:00,0,23.99537467956543,23.99537467956543,23.99537467956543,23.99537467956543,23.197017669677734,-0.985160231590271,AL102025_sar_geo_20251010100506_5c04fb1b,24.438796997070312,23.330018997192383,AL102025,0,25.722200393676758
with_era5,sar_field_only,unet_raw_max,0.0,25.722200393676758,ibtracs,False,2025-10-10T22:21:57+00:00,0,26.73233413696289,26.73233413696289,26.73233413696289,26.73233413696289,23.99272346496582,0.0,AL102025_sar_geo_20251010222157_3cb50cd4,40.099998474121094,29.378992080688477,AL102025,0,25.722200393676758
with_era5,sar_field_only,unet_raw_max,0.0,23.149980545043945,ibtracs,False,2025-10-11T10:13:58+00:00,0,22.8687686920166,22.8687686920166,22.8687686920166,22.8687686920166,21.29351043701172,-2.5722200870513916,AL102025_sar_geo_20251011101358_f6a30809,33.18000030517578,22.940021514892578,AL102025,0,23.149980545043945
with_era5,sar_field_only,unet_raw_max,0.0,45.82767105102539,ibtracs,True,2024-11-06T11:26:57+00:00,2,43.70508575439453,43.70508575439453,43.70508575439453,43.70508575439453,40.93767547607422,20.294387817382812,AL182024_sar_geo_20241106112657_5c0e7c84,46.68000030517578,42.82679748535156,AL182024,2,45.82767105102539
with_era5,sar_field_only,unet_raw_max,0.0,49.17279052734375,ibtracs,False,2024-11-06T23:40:43+00:00,2,43.533897399902344,43.533897399902344,43.533897399902344,43.533897399902344,40.7452392578125,13.437273025512695,AL182024_sar_geo_20241106234043_5d0cd6d0,50.380001068115234,42.11057662963867,AL182024,2,49.17279052734375
with_era5,sar_field_only,unet_raw_max,0.0,49.1434326171875,ibtracs,False,2024-11-06T23:42:36+00:00,2,44.90660858154297,44.90660858154297,44.90660858154297,44.90660858154297,41.803951263427734,13.381000518798828,AL182024_sar_geo_20241106234236_1f54d7b2,54.099998474121094,44.40436553955078,AL182024,2,49.1434326171875
with_era5,sar_field_only,unet_raw_max,0.0,49.12030792236328,ibtracs,False,2024-11-06T23:44:05+00:00,1,41.23490905761719,41.23490905761719,41.23490905761719,41.23490905761719,38.45763397216797,13.336679458618164,AL182024_sar_geo_20241106234405_6e8a2b86,54.119998931884766,47.42927169799805,AL182024,2,49.12030792236328
with_era5,sar_field_only,unet_raw_max,0.0,46.29996109008789,ibtracs,False,2024-11-07T11:34:27+00:00,1,42.0888671875,42.0888671875,42.0888671875,42.0888671875,39.6464958190918,0.3651123344898224,AL182024_sar_geo_20241107113427_6c78673a,52.459999084472656,47.70045471191406,AL182024,2,46.29996109008789
with_era5,sar_field_only,unet_raw_max,0.0,46.29996109008789,ibtracs,False,2024-11-07T23:51:05+00:00,2,49.05381774902344,49.05381774902344,49.05381774902344,49.05381774902344,45.151641845703125,-2.711223840713501,AL182024_sar_geo_20241107235105_7cb0f20e,48.119998931884766,45.014564514160156,AL182024,2,46.29996109008789
with_era5,sar_field_only,unet_raw_max,0.0,33.456390380859375,ibtracs,False,2024-11-08T23:59:14+00:00,0,31.507617950439453,31.507617950439453,31.507617950439453,31.507617950439453,29.59624671936035,-12.843570709228516,AL182024_sar_geo_20241108235914_8a172b82,46.040000915527344,37.65009689331055,AL182024,1,33.456390380859375
with_era5,sar_field_only,unet_raw_max,0.0,25.80436897277832,ibtracs,False,2024-11-09T11:50:25+00:00,0,21.547203063964844,21.547203063964844,21.547203063964844,21.547203063964844,20.366098403930664,-23.20475959777832,AL182024_sar_geo_20241109115025_a47eebe7,36.900001525878906,30.126853942871094,AL182024,0,25.80436897277832
with_era5,sar_field_only,unet_raw_max,0.0,20.519838333129883,ibtracs,False,2024-11-10T00:10:08+00:00,0,22.113548278808594,22.113548278808594,22.113548278808594,22.113548278808594,18.736656188964844,-12.774215698242188,AL182024_sar_geo_20241110001008_2b803752,30.479999542236328,25.998462677001953,AL182024,0,20.519838333129883
with_era5,sar_field_only,unet_raw_max,0.0,18.00554084777832,ibtracs,False,2024-11-10T11:58:06+00:00,0,20.127803802490234,20.127803802490234,20.127803802490234,20.127803802490234,18.390291213989258,-7.732950687408447,AL182024_sar_geo_20241110115806_c5d91f61,30.91888427734375,17.999176025390625,AL182024,0,18.00554084777832
with_era5,sar_field_only,unet_raw_max,0.0,38.58330154418945,ibtracs,False,2023-06-29T13:04:56+00:00,0,25.080020904541016,25.080020904541016,25.080020904541016,25.080020904541016,22.465248107910156,4.587697505950928,EP012023_sar_geo_20230629130456_9d69b2fc,38.599998474121094,36.31546401977539,EP012023,1,38.58330154418945
with_era5,sar_field_only,unet_raw_max,0.0,46.29996109008789,ibtracs,False,2023-06-30T13:12:49+00:00,1,37.81538009643555,37.81538009643555,37.81538009643555,37.81538009643555,34.33476257324219,7.716660022735596,EP012023_sar_geo_20230630131249_66c8cd8c,43.15999984741211,38.57410430908203,EP012023,2,46.29996109008789
with_era5,sar_field_only,unet_raw_max,0.0,28.29442024230957,ibtracs,False,2025-08-01T02:13:07+00:00,0,24.139768600463867,24.139768600463867,24.139768600463867,24.139768600463867,21.258176803588867,9.147528648376465,EP072025_sar_geo_20250801021307_8951090d,28.525001525878906,25.266023635864258,EP072025,0,28.29442024230957
with_era5,sar_field_only,unet_raw_max,0.0,33.43886184692383,ibtracs,False,2025-08-02T02:21:52+00:00,1,38.76925277709961,38.76925277709961,38.76925277709961,38.76925277709961,37.007469177246094,5.144440174102783,EP072025_sar_geo_20250802022152_23b97394,33.459999084472656,31.609230041503906,EP072025,1,33.43886184692383
with_era5,sar_field_only,unet_raw_max,0.0,32.65681076049805,ibtracs,False,2025-08-02T14:16:49+00:00,1,37.949867248535156,37.949867248535156,37.949867248535156,37.949867248535156,36.81916046142578,3.189314603805542,EP072025_sar_geo_20250802141649_e9600fe9,34.0,32.232173919677734,EP072025,0,32.65681076049805
with_era5,sar_field_only,unet_raw_max,0.0,27.24152374267578,ibtracs,False,2025-08-03T03:02:48+00:00,1,41.003257751464844,41.003257751464844,41.003257751464844,41.003257751464844,38.29289627075195,-6.197335243225098,EP072025_sar_geo_20250803030248_1ccccbaf,30.81999969482422,28.60904312133789,EP072025,0,27.24152374267578
with_era5,sar_field_only,unet_raw_max,0.0,23.149980545043945,ibtracs,False,2025-08-05T02:13:12+00:00,0,25.658540725708008,25.658540725708008,25.658540725708008,25.658540725708008,22.901567459106445,,EP082025_sar_geo_20250805021312_5901b79b,26.499990463256836,24.82594871520996,EP082025,0,23.149980545043945
with_era5,sar_field_only,unet_raw_max,0.0,23.149980545043945,ibtracs,False,2025-08-05T14:09:24+00:00,0,26.878284454345703,26.878284454345703,26.878284454345703,26.878284454345703,25.407424926757812,4.034955978393555,EP082025_sar_geo_20250805140924_db0bcc3b,27.479997634887695,25.81668472290039,EP082025,0,23.149980545043945
with_era5,sar_field_only,unet_raw_max,0.0,23.149980545043945,ibtracs,False,2025-08-07T03:02:13+00:00,0,26.622848510742188,26.622848510742188,26.622848510742188,26.622848510742188,24.34003448486328,0.0,EP082025_sar_geo_20250807030213_52172340,23.57967185974121,22.859434127807617,EP082025,0,23.149980545043945
with_era5,sar_field_only,unet_raw_max,0.0,20.624441146850586,ibtracs,False,2025-08-07T14:56:44+00:00,0,27.490402221679688,27.490402221679688,27.490402221679688,27.490402221679688,24.213136672973633,-2.525538921356201,EP082025_sar_geo_20250807145644_31bd62e0,22.598384857177734,19.2292423248291,EP082025,0,20.624441146850586
with_era5,sar_field_only,unet_raw_max,0.0,17.23149299621582,ibtracs,False,2025-08-09T15:44:35+00:00,0,27.454336166381836,27.454336166381836,27.454336166381836,27.454336166381836,24.297245025634766,0.6371008157730103,EP082025_sar_geo_20250809154435_526418b6,23.359994888305664,20.623403549194336,EP082025,-1,17.23149299621582
with_era5,sar_field_only,unet_raw_max,0.0,22.46662712097168,ibtracs,False,2025-08-10T04:00:27+00:00,0,27.032033920288086,27.032033920288086,27.032033920288086,27.032033920288086,23.240238189697266,7.033307075500488,EP082025_sar_geo_20250810040027_fac1c713,30.600000381469727,26.777254104614258,EP082025,0,22.46662712097168
with_era5,sar_field_only,unet_raw_max,0.0,18.00554084777832,ibtracs,False,2025-08-31T13:53:40+00:00,0,17.751869201660156,17.751869201660156,17.751869201660156,17.751869201660156,14.536638259887695,,EP112025_sar_geo_20250831135340_50cc57bc,25.478801727294922,18.667150497436523,EP112025,0,18.00554084777832
with_era5,sar_field_only,unet_raw_max,0.0,20.577760696411133,ibtracs,False,2025-09-01T02:37:32+00:00,0,29.718870162963867,29.718870162963867,29.718870162963867,29.718870162963867,26.491628646850586,5.144440174102783,EP112025_sar_geo_20250901023732_00244e32,23.953760147094727,19.280054092407227,EP112025,0,20.577760696411133
with_era5,sar_field_only,unet_raw_max,0.0,30.657766342163086,ibtracs,False,2025-09-02T02:45:23+00:00,0,25.057708740234375,25.057708740234375,25.057708740234375,25.057708740234375,22.901294708251953,10.08000659942627,EP112025_sar_geo_20250902024523_0597f171,32.560001373291016,30.432666778564453,EP112025,0,30.657766342163086
with_era5,sar_field_only,unet_raw_max,0.0,39.879268646240234,ibtracs,False,2025-09-02T14:31:09+00:00,0,28.21338653564453,28.21338653564453,28.21338653564453,28.21338653564453,26.3505859375,14.569339752197266,EP112025_sar_geo_20250902143109_15133331,40.619998931884766,36.63118362426758,EP112025,1,39.879268646240234
with_era5,sar_field_only,unet_raw_max,0.0,64.30549621582031,ibtracs,True,2025-09-04T03:01:20+00:00,2,45.3209228515625,45.3209228515625,45.3209228515625,45.3209228515625,40.199241638183594,18.00554084777832,EP112025_sar_geo_20250904030120_36e6b792,58.900001525878906,53.88230514526367,EP112025,4,64.30549621582031
with_era5,sar_field_only,unet_raw_max,0.0,52.952720642089844,ibtracs,False,2025-09-05T14:55:55+00:00,2,45.6584358215332,45.6584358215332,45.6584358215332,45.6584358215332,40.10049819946289,-6.208338737487793,EP112025_sar_geo_20250905145555_b621c593,48.65999984741211,44.48773956298828,EP112025,3,52.952720642089844
with_era5,sar_field_only,unet_raw_max,0.0,53.02250289916992,ibtracs,False,2025-09-05T15:06:05+00:00,2,44.99327087402344,44.99327087402344,44.99327087402344,44.99327087402344,39.36387252807617,-6.138555526733398,EP112025_sar_geo_20250905150605_f70970d3,51.959999084472656,44.34177780151367,EP112025,3,53.02250289916992
with_era5,sar_field_only,unet_raw_max,0.0,60.8060417175293,ibtracs,False,2025-09-06T03:17:47+00:00,3,57.19794464111328,57.19794464111328,57.19794464111328,57.19794464111328,47.98154830932617,5.398565769195557,EP112025_sar_geo_20250906031747_a0f470c3,53.68000030517578,48.07802200317383,EP112025,4,60.8060417175293
with_era5,sar_field_only,unet_raw_max,0.0,60.841670989990234,ibtracs,False,2025-09-06T03:24:01+00:00,4,58.22148513793945,58.22148513793945,58.22148513793945,58.22148513793945,48.73545837402344,5.487640857696533,EP112025_sar_geo_20250906032401_30e03b1e,54.08000183105469,48.24021530151367,EP112025,4,60.841670989990234
with_era5,sar_field_only,unet_raw_max,0.0,56.58884048461914,ibtracs,False,2025-09-06T15:13:56+00:00,1,40.76728820800781,40.76728820800781,40.76728820800781,40.76728820800781,37.70473098754883,3.5214643478393555,EP112025_sar_geo_20250906151356_04821eb9,50.959999084472656,46.29977798461914,EP112025,3,56.58884048461914
with_era5,sar_field_only,unet_raw_max,0.0,57.84151077270508,ibtracs,False,2025-09-07T03:33:54+00:00,2,49.15583038330078,49.15583038330078,49.15583038330078,49.15583038330078,43.119667053222656,-3.056654691696167,EP112025_sar_geo_20250907033354_b508e3f3,55.36000061035156,47.101844787597656,EP112025,3,57.84151077270508
with_era5,sar_field_only,unet_raw_max,0.0,51.13240051269531,ibtracs,False,2025-09-07T15:21:50+00:00,1,39.91484069824219,39.91484069824219,39.91484069824219,39.91484069824219,35.92891311645508,-5.4564409255981445,EP112025_sar_geo_20250907152150_44831e4a,52.34000015258789,44.898902893066406,EP112025,3,51.13240051269531
with_era5,sar_field_only,unet_raw_max,0.0,51.05809020996094,ibtracs,False,2025-09-07T15:27:02+00:00,1,40.89605712890625,40.89605712890625,40.89605712890625,40.89605712890625,36.42315673828125,-5.530749320983887,EP112025_sar_geo_20250907152702_516cb755,46.79999923706055,42.14361572265625,EP112025,3,51.05809020996094
with_era5,sar_field_only,unet_raw_max,0.0,47.35714340209961,ibtracs,False,2025-09-08T03:56:42+00:00,1,34.88970947265625,34.88970947265625,34.88970947265625,34.88970947265625,32.75086212158203,-10.288880348205566,EP112025_sar_geo_20250908035642_aba9a661,45.7400016784668,41.26231384277344,EP112025,2,47.35714340209961
with_era5,sar_field_only,unet_raw_max,0.0,47.271400451660156,ibtracs,False,2025-09-08T04:06:42+00:00,1,36.59867477416992,36.59867477416992,36.59867477416992,36.59867477416992,33.87641906738281,-10.288880348205566,EP112025_sar_geo_20250908040642_4064952a,44.70000076293945,38.03972244262695,EP112025,2,47.271400451660156
with_era5,sar_field_only,unet_raw_max,0.0,42.17869186401367,ibtracs,False,2025-09-08T16:00:40+00:00,1,37.11266326904297,37.11266326904297,37.11266326904297,37.11266326904297,34.58699417114258,-8.398775100708008,EP112025_sar_geo_20250908160040_97c65dbe,38.15999984741211,33.663917541503906,EP112025,1,42.17869186401367
with_era5,sar_field_only,unet_raw_max,0.0,28.10883903503418,ibtracs,False,2025-09-09T04:15:37+00:00,0,30.71184730529785,30.71184730529785,30.71184730529785,30.71184730529785,28.039838790893555,-19.086111068725586,EP112025_sar_geo_20250909041537_5b813509,28.719999313354492,26.119365692138672,EP112025,0,28.10883903503418
with_era5,sar_field_only,unet_raw_max,0.0,20.577760696411133,ibtracs,False,2025-09-09T16:08:11+00:00,0,25.306255340576172,25.306255340576172,25.306255340576172,25.306255340576172,23.028100967407227,-21.536483764648438,EP112025_sar_geo_20250909160811_93d58b53,22.379152297973633,20.639429092407227,EP112025,0,20.577760696411133
with_era5,sar_field_only,unet_raw_max,0.0,18.00554084777832,ibtracs,False,2025-09-10T04:32:26+00:00,0,21.203189849853516,21.203189849853516,21.203189849853516,21.203189849853516,20.10321617126465,-9.718799591064453,EP112025_sar_geo_20250910043226_d511f8a6,22.29558563232422,21.114418029785156,EP112025,0,18.00554084777832
with_era5,sar_field_only,unet_raw_max,0.0,17.02028465270996,ibtracs,False,2024-11-03T02:52:22+00:00,0,19.348636627197266,19.348636627197266,19.348636627197266,19.348636627197266,17.046796798706055,0.10908117890357971,EP132024_sar_geo_20241103025222_0b408406,29.4999942779541,19.52695655822754,EP132024,-1,17.02028465270996
with_era5,sar_field_only,unet_raw_max,0.0,21.506473541259766,ibtracs,False,2025-10-01T01:48:19+00:00,0,30.722375869750977,30.722375869750977,30.722375869750977,30.722375869750977,25.316280364990234,6.073154449462891,EP152025_sar_geo_20251001014819_ecce4d81,22.797077178955078,20.27893829345703,EP152025,0,21.506473541259766
with_era5,sar_field_only,unet_raw_max,0.0,28.29442024230957,ibtracs,False,2025-10-02T01:56:42+00:00,0,28.763713836669922,28.763713836669922,28.763713836669922,28.763713836669922,23.87419891357422,6.716066360473633,EP152025_sar_geo_20251002015642_c698cb8c,33.900001525878906,29.120439529418945,EP152025,0,28.29442024230957
with_era5,sar_field_only,unet_raw_max,0.0,24.19444465637207,ibtracs,False,2025-10-03T14:01:49+00:00,1,33.23370361328125,33.23370361328125,33.23370361328125,33.23370361328125,29.86243438720703,-4.0999755859375,EP152025_sar_geo_20251003140149_960deafc,28.145071029663086,23.714588165283203,EP152025,0,24.19444465637207
with_era5,sar_field_only,unet_raw_max,0.0,25.722200393676758,ibtracs,False,2025-10-04T02:13:11+00:00,0,28.151084899902344,28.151084899902344,28.151084899902344,28.151084899902344,23.775728225708008,0.7612818479537964,EP152025_sar_geo_20251004021311_4c850972,20.299226760864258,19.292953491210938,EP152025,0,25.722200393676758
with_era5,sar_field_only,unet_raw_max,0.0,37.072547912597656,ibtracs,False,2025-10-05T14:03:48+00:00,2,43.14680480957031,43.14680480957031,43.14680480957031,43.14680480957031,40.39019775390625,8.778129577636719,EP152025_sar_geo_20251005140348_c360bcf0,43.31999969482422,37.018798828125,EP152025,1,37.072547912597656
with_era5,sar_field_only,unet_raw_max,0.0,40.3003044128418,ibtracs,False,2025-10-06T02:29:37+00:00,1,37.588592529296875,37.588592529296875,37.588592529296875,37.588592529296875,34.73027420043945,8.150840759277344,EP152025_sar_geo_20251006022937_f3bbea1a,47.880001068115234,37.92021179199219,EP152025,1,40.3003044128418
with_era5,sar_field_only,unet_raw_max,0.0,29.242568969726562,ibtracs,False,2025-10-06T13:53:39+00:00,0,28.06719398498535,28.06719398498535,28.06719398498535,28.06719398498535,24.57332420349121,-7.742953777313232,EP152025_sar_geo_20251006135339_68af0d71,27.599903106689453,25.37576675415039,EP152025,0,29.242568969726562
with_era5,sar_field_only,unet_raw_max,0.0,23.149980545043945,ibtracs,False,2025-10-07T02:05:53+00:00,0,26.125102996826172,26.125102996826172,26.125102996826172,26.125102996826172,22.559795379638672,-17.285985946655273,EP152025_sar_geo_20251007020553_ee3499a4,24.97989845275879,22.91554069519043,EP152025,0,23.149980545043945
with_era5,sar_field_only,unet_raw_max,0.0,26.13375473022461,ibtracs,False,2023-10-24T00:48:00+00:00,0,29.564180374145508,29.564180374145508,29.564180374145508,29.564180374145508,25.771154403686523,8.128214836120605,EP182023_sar_geo_20231024004800_e546df77,55.5,26.057025909423828,EP182023,0,26.13375473022461
with_era5,sar_field_only,unet_raw_max,0.0,69.1234130859375,ibtracs,True,2023-10-25T00:52:23+00:00,3,49.87799072265625,49.87799072265625,49.87799072265625,49.87799072265625,43.32897186279297,42.95207214355469,EP182023_sar_geo_20231025005223_896d8572,59.720001220703125,49.42375183105469,EP182023,4,69.1234130859375
with_era5,sar_field_only,unet_raw_max,0.0,18.413951873779297,ibtracs,False,2024-11-29T12:47:38+00:00,0,23.045421600341797,23.045421600341797,23.045421600341797,23.045421600341797,22.195524215698242,2.9806313514709473,IO042024_sar_geo_20241129124738_26d1fed9,25.840084075927734,20.021028518676758,IO042024,0,18.413951873779297
with_era5,sar_field_only,unet_raw_max,0.0,46.22208023071289,ibtracs,True,2023-10-24T12:01:49+00:00,1,38.29289627075195,38.29289627075195,38.29289627075195,38.29289627075195,36.34601974487305,23.046138763427734,IO062023_sar_geo_20231024120149_0c524d06,80.0,65.44290924072266,IO062023,2,46.22208023071289
with_era5,sar_field_only,unet_raw_max,0.0,27.343936920166016,ibtracs,False,2024-01-25T08:46:17+00:00,0,27.432830810546875,27.432830810546875,27.432830810546875,27.432830810546875,26.080196380615234,5.340452671051025,SH072024_sar_geo_20240125084617_b51a9b24,38.540000915527344,34.80113220214844,SH072024,0,27.343936920166016
with_era5,sar_field_only,unet_raw_max,0.0,32.40449523925781,ibtracs,False,2023-02-08T22:12:23+00:00,2,42.94552230834961,42.94552230834961,42.94552230834961,42.94552230834961,41.4394416809082,-13.895465850830078,SH112023_sar_geo_20230208221223_c0b8bb16,35.70000076293945,34.01755142211914,SH112023,0,32.40449523925781
with_era5,sar_field_only,unet_raw_max,0.0,26.137470245361328,ibtracs,False,2023-02-09T11:11:34+00:00,0,30.429147720336914,30.429147720336914,30.429147720336914,30.429147720336914,28.045574188232422,-18.00554084777832,SH112023_sar_geo_20230209111134_f30f8ca8,31.280000686645508,28.429794311523438,SH112023,0,26.137470245361328
with_era5,sar_field_only,unet_raw_max,0.0,33.43886184692383,ibtracs,False,2023-02-09T22:20:32+00:00,1,38.2066650390625,38.2066650390625,38.2066650390625,38.2066650390625,35.49220657348633,1.1508302688598633,SH112023_sar_geo_20230209222032_250d3700,45.13999938964844,38.88908767700195,SH112023,1,33.43886184692383
with_era5,sar_field_only,unet_raw_max,0.0,38.06199645996094,ibtracs,False,2023-02-10T22:28:48+00:00,1,38.836082458496094,38.836082458496094,38.836082458496094,38.836082458496094,37.80901336669922,4.623136520385742,SH112023_sar_geo_20230210222848_4f1367f1,42.81999969482422,39.14099884033203,SH112023,1,38.06199645996094
with_era5,sar_field_only,unet_raw_max,0.0,55.674747467041016,ibtracs,True,2023-02-11T11:28:01+00:00,3,51.65495681762695,51.65495681762695,51.65495681762695,51.65495681762695,47.37117004394531,24.53388214111328,SH112023_sar_geo_20230211112801_66c3ce02,54.7599983215332,48.290409088134766,SH112023,3,55.674747467041016
with_era5,sar_field_only,unet_raw_max,0.0,55.911964416503906,ibtracs,True,2023-02-11T11:36:19+00:00,3,54.60261917114258,54.60261917114258,54.60261917114258,54.60261917114258,49.55238723754883,24.842262268066406,SH112023_sar_geo_20230211113619_713ab9a6,58.060001373291016,47.824363708496094,SH112023,3,55.911964416503906
with_era5,sar_field_only,unet_raw_max,0.0,49.24515151977539,ibtracs,False,2023-02-12T23:16:30+00:00,1,38.99797058105469,38.99797058105469,38.99797058105469,38.99797058105469,36.701786041259766,-7.965307712554932,SH112023_sar_geo_20230212231630_6bf369b8,53.880001068115234,48.894439697265625,SH112023,2,49.24515151977539
with_era5,sar_field_only,unet_raw_max,0.0,41.45818328857422,ibtracs,False,2023-02-13T23:24:42+00:00,1,40.937618255615234,40.937618255615234,40.937618255615234,40.937618255615234,38.6408576965332,-7.716660022735596,SH112023_sar_geo_20230213232442_e7bd4405,42.099998474121094,39.77212142944336,SH112023,1,41.45818328857422
with_era5,sar_field_only,unet_raw_max,0.0,56.799476623535156,ibtracs,False,2023-02-14T12:24:34+00:00,1,39.45404052734375,39.45404052734375,39.45404052734375,39.45404052734375,38.096229553222656,10.63994026184082,SH112023_sar_geo_20230214122434_504d62a1,54.34000015258789,51.46897888183594,SH112023,3,56.799476623535156
with_era5,sar_field_only,unet_raw_max,0.0,63.91752243041992,ibtracs,True,2023-02-14T23:32:51+00:00,2,46.97124481201172,46.97124481201172,46.97124481201172,46.97124481201172,45.200042724609375,22.529216766357422,SH112023_sar_geo_20230214233251_cc5d83ed,60.20000076293945,54.030601501464844,SH112023,4,63.91752243041992
with_era5,sar_field_only,unet_raw_max,0.0,66.80645751953125,ibtracs,False,2023-02-16T00:12:28+00:00,1,40.815547943115234,40.815547943115234,40.815547943115234,40.815547943115234,39.83159255981445,2.3940699100494385,SH112023_sar_geo_20230216001228_9bbc9124,65.4000015258789,57.50040817260742,SH112023,4,66.80645751953125
with_era5,sar_field_only,unet_raw_max,0.0,54.08716583251953,ibtracs,True,2025-02-12T21:33:13+00:00,3,57.101566314697266,57.101566314697266,57.101566314697266,57.101566314697266,52.40484619140625,25.31807518005371,SH172025_sar_geo_20250212213313_92c883b4,70.37999725341797,56.62949752807617,SH172025,3,54.08716583251953
with_era5,sar_field_only,unet_raw_max,0.0,59.16106033325195,ibtracs,False,2025-02-13T21:41:24+00:00,2,44.295841217041016,44.295841217041016,44.295841217041016,44.295841217041016,42.48637390136719,4.676295757293701,SH172025_sar_geo_20250213214124_e8716993,60.119998931884766,49.55323028564453,SH172025,4,59.16106033325195
with_era5,sar_field_only,unet_raw_max,0.0,20.577760696411133,ibtracs,False,2023-04-10T10:08:15+00:00,0,21.373043060302734,21.373043060302734,21.373043060302734,21.373043060302734,15.217219352722168,-2.5722200870513916,SH182023_sar_geo_20230410100815_7e28c768,26.04296875,17.008670806884766,SH182023,0,20.577760696411133
with_era5,sar_field_only,unet_raw_max,0.0,33.929439544677734,ibtracs,False,2023-04-11T10:15:57+00:00,1,35.8828125,35.8828125,35.8828125,35.8828125,32.558265686035156,13.351679801940918,SH182023_sar_geo_20230411101557_348124f1,48.97999954223633,39.89085388183594,SH182023,1,33.929439544677734
with_era5,sar_field_only,unet_raw_max,0.0,54.48676300048828,ibtracs,True,2023-04-12T21:32:54+00:00,3,51.03727340698242,51.03727340698242,51.03727340698242,51.03727340698242,49.11164093017578,18.475685119628906,SH182023_sar_geo_20230412213254_daeb85a4,58.2599983215332,51.5367546081543,SH182023,3,54.48676300048828
with_era5,sar_field_only,unet_raw_max,0.0,70.72319030761719,ibtracs,True,2023-04-13T10:30:54+00:00,3,50.89275360107422,50.89275360107422,50.89275360107422,50.89275360107422,48.812320709228516,28.26869773864746,SH182023_sar_geo_20230413103054_f4cd9cae,68.27999877929688,58.23680877685547,SH182023,5,70.72319030761719
with_era5,sar_field_only,unet_raw_max,0.0,18.00554084777832,ibtracs,False,2025-03-20T12:00:50+00:00,-1,16.79369354248047,16.79369354248047,16.79369354248047,16.79369354248047,15.618399620056152,-2.0649211406707764,SH262025_sar_geo_20250320120050_18f77f5f,17.37593650817871,16.022216796875,SH262025,0,18.00554084777832
with_era5,sar_field_only,unet_raw_max,0.0,15.35915470123291,ibtracs,False,2025-03-20T23:08:39+00:00,0,18.454238891601562,18.454238891601562,18.454238891601562,18.454238891601562,16.982879638671875,-7.790825843811035,SH262025_sar_geo_20250320230839_df8df358,21.73871421813965,20.395126342773438,SH262025,-1,15.35915470123291
with_era5,sar_field_only,unet_raw_max,0.0,45.73478698730469,ibtracs,True,2024-05-26T21:39:33+00:00,0,22.64392852783203,22.64392852783203,22.64392852783203,22.64392852783203,19.71192169189453,18.24318504333496,WP012024_sar_geo_20240526213933_9df56040,40.63999938964844,35.82577133178711,WP012024,2,45.73478698730469
with_era5,sar_field_only,unet_raw_max,0.0,43.72774124145508,ibtracs,False,2024-05-27T09:52:21+00:00,0,30.014068603515625,30.014068603515625,30.014068603515625,30.014068603515625,25.658830642700195,7.698225975036621,WP012024_sar_geo_20240527095221_8e9f9c60,40.900001525878906,35.272613525390625,WP012024,2,43.72774124145508
with_era5,sar_field_only,unet_raw_max,0.0,35.151100158691406,ibtracs,False,2024-05-28T09:29:33+00:00,1,35.49988555908203,35.49988555908203,35.49988555908203,35.49988555908203,33.06429672241211,-8.576639175415039,WP012024_sar_geo_20240528092933_c06e204a,39.060001373291016,36.184356689453125,WP012024,1,35.151100158691406
with_era5,sar_field_only,unet_raw_max,0.0,39.93971633911133,ibtracs,False,2024-05-28T21:21:48+00:00,1,40.13326644897461,40.13326644897461,40.13326644897461,40.13326644897461,38.044166564941406,4.240161895751953,WP012024_sar_geo_20240528212148_22df3ab7,42.13999938964844,37.435882568359375,WP012024,1,39.93971633911133
with_era5,sar_field_only,unet_raw_max,0.0,35.01763153076172,ibtracs,False,2024-05-29T09:06:12+00:00,1,35.50385284423828,35.50385284423828,35.50385284423828,35.50385284423828,30.448612213134766,0.0,WP012024_sar_geo_20240529090612_d56e7ad6,39.959999084472656,37.48442077636719,WP012024,1,35.01763153076172
with_era5,sar_field_only,unet_raw_max,0.0,28.347055435180664,ibtracs,False,2024-05-29T20:56:19+00:00,0,26.38378143310547,26.38378143310547,26.38378143310547,26.38378143310547,24.21591567993164,-11.800630569458008,WP012024_sar_geo_20240529205619_9d4a1090,79.12000274658203,33.07667541503906,WP012024,0,28.347055435180664
with_era5,sar_field_only,unet_raw_max,0.0,39.833683013916016,ibtracs,True,2023-07-23T09:43:45+00:00,1,38.47785568237305,38.47785568237305,38.47785568237305,38.47785568237305,36.65647888183594,20.03473663330078,WP052023_sar_geo_20230723094345_16c82bb1,48.20000076293945,38.569480895996094,WP052023,1,39.833683013916016
with_era5,sar_field_only,unet_raw_max,0.0,63.574989318847656,ibtracs,True,2023-07-24T09:52:12+00:00,2,49.00837707519531,49.00837707519531,49.00837707519531,49.00837707519531,46.447235107421875,23.499801635742188,WP052023_sar_geo_20230724095212_6c07dd16,53.779998779296875,47.79603958129883,WP052023,4,63.574989318847656
with_era5,sar_field_only,unet_raw_max,0.0,61.733280181884766,ibtracs,False,2023-07-25T10:00:51+00:00,3,49.7270622253418,49.7270622253418,49.7270622253418,49.7270622253418,48.2254753112793,-1.891153335571289,WP052023_sar_geo_20230725100051_6a4ed126,57.52000045776367,52.65974807739258,WP052023,4,61.733280181884766
with_era5,sar_field_only,unet_raw_max,0.0,47.88854217529297,ibtracs,False,2023-07-26T10:08:50+00:00,1,41.473976135253906,41.473976135253906,41.473976135253906,41.473976135253906,40.68812942504883,-13.844736099243164,WP052023_sar_geo_20230726100850_0d211749,36.900001525878906,35.53444290161133,WP052023,2,47.88854217529297
with_era5,sar_field_only,unet_raw_max,0.0,41.155521392822266,ibtracs,False,2023-07-26T22:01:56+00:00,1,40.03780746459961,40.03780746459961,40.03780746459961,40.03780746459961,38.50810623168945,-15.56059741973877,WP052023_sar_geo_20230726220156_e35acc0b,40.41999816894531,37.58406066894531,WP052023,1,41.155521392822266
with_era5,sar_field_only,unet_raw_max,0.0,41.155521392822266,ibtracs,False,2023-07-26T22:02:52+00:00,1,39.6234245300293,39.6234245300293,39.6234245300293,39.6234245300293,38.185020446777344,-15.539257049560547,WP052023_sar_geo_20230726220252_d3deb372,38.84000015258789,36.08020782470703,WP052023,1,41.155521392822266
with_era5,sar_field_only,unet_raw_max,0.0,48.51921463012695,ibtracs,False,2023-07-27T10:17:39+00:00,1,42.17170715332031,42.17170715332031,42.17170715332031,42.17170715332031,41.40538024902344,0.7566613554954529,WP052023_sar_geo_20230727101739_a9e95728,44.81999969482422,41.74239730834961,WP052023,2,48.51921463012695
with_era5,sar_field_only,unet_raw_max,0.0,20.577760696411133,ibtracs,False,2024-08-12T07:55:49+00:00,0,18.51683807373047,18.51683807373047,18.51683807373047,18.51683807373047,17.420452117919922,2.5722200870513916,WP072024_sar_geo_20240812075549_e8fedc4e,21.658456802368164,20.483028411865234,WP072024,0,20.577760696411133
with_era5,sar_field_only,unet_raw_max,0.0,19.809429168701172,ibtracs,False,2024-08-12T20:14:25+00:00,0,19.501611709594727,19.501611709594727,19.501611709594727,19.501611709594727,17.974712371826172,-0.7683316469192505,WP072024_sar_geo_20240812201425_1226442e,22.83545684814453,19.634958267211914,WP072024,0,19.809429168701172
with_era5,sar_field_only,unet_raw_max,0.0,14.71900463104248,ibtracs,False,2024-08-13T08:04:58+00:00,0,18.964763641357422,18.964763641357422,18.964763641357422,18.964763641357422,17.516637802124023,-5.858755111694336,WP072024_sar_geo_20240813080458_cdd218d1,21.210275650024414,15.737432479858398,WP072024,-1,14.71900463104248
with_era5,sar_field_only,unet_raw_max,0.0,25.722200393676758,ibtracs,False,2023-08-26T07:54:01+00:00,0,29.506271362304688,29.506271362304688,29.506271362304688,29.506271362304688,27.71486473083496,5.144440174102783,WP082023_sar_geo_20230826075401_86c4bdd0,38.68000030517578,34.366600036621094,WP082023,0,25.722200393676758
with_era5,sar_field_only,unet_raw_max,0.0,27.52808952331543,ibtracs,False,2023-08-28T08:14:04+00:00,1,37.43952941894531,37.43952941894531,37.43952941894531,37.43952941894531,36.37301254272461,-0.7663310170173645,WP082023_sar_geo_20230828081404_53227c39,33.70000076293945,31.261465072631836,WP082023,0,27.52808952331543
with_era5,sar_field_only,unet_raw_max,0.0,18.00554084777832,ibtracs,False,2024-08-19T21:43:55+00:00,-1,16.92949676513672,16.92949676513672,16.92949676513672,16.92949676513672,15.943780899047852,0.7778583765029907,WP102024_sar_geo_20240819214355_fe68614f,31.88100814819336,22.201045989990234,WP102024,0,18.00554084777832
with_era5,sar_field_only,unet_raw_max,0.0,43.94685363769531,ibtracs,False,2024-08-26T09:15:20+00:00,1,37.17574691772461,37.17574691772461,37.17574691772461,37.17574691772461,35.84700012207031,6.304797172546387,WP112024_sar_geo_20240826091520_95af66ff,44.79999923706055,41.65532684326172,WP112024,2,43.94685363769531
with_era5,sar_field_only,unet_raw_max,0.0,53.01136016845703,ibtracs,True,2024-08-26T21:04:08+00:00,2,44.31087875366211,44.31087875366211,44.31087875366211,44.31087875366211,41.9905891418457,15.492385864257812,WP112024_sar_geo_20240826210408_a57cc755,52.724998474121094,45.93745040893555,WP112024,3,53.01136016845703
with_era5,sar_field_only,unet_raw_max,0.0,58.26707077026367,ibtracs,False,2024-08-27T09:23:36+00:00,1,42.07109832763672,42.07109832763672,42.07109832763672,42.07109832763672,41.56624221801758,14.202083587646484,WP112024_sar_geo_20240827092336_88090114,57.720001220703125,52.73346710205078,WP112024,4,58.26707077026367
with_era5,sar_field_only,unet_raw_max,0.0,56.58884048461914,ibtracs,False,2024-08-27T21:12:15+00:00,2,43.48698425292969,43.48698425292969,43.48698425292969,43.48698425292969,42.6595344543457,3.5310864448547363,WP112024_sar_geo_20240827211215_cbee7e4b,55.81999969482422,49.47250747680664,WP112024,3,56.58884048461914
with_era5,sar_field_only,unet_raw_max,0.0,50.14400100708008,ibtracs,False,2024-08-28T09:31:40+00:00,2,43.960384368896484,43.960384368896484,43.960384368896484,43.960384368896484,43.09513854980469,-8.169179916381836,WP112024_sar_geo_20240828093140_80dcdc85,58.7586784362793,41.45331954956055,WP112024,3,50.14400100708008
with_era5,sar_field_only,unet_raw_max,0.0,40.90044021606445,ibtracs,False,2024-08-28T21:19:50+00:00,0,31.408178329467773,31.408178329467773,31.408178329467773,31.408178329467773,30.628068923950195,-15.688398361206055,WP112024_sar_geo_20240828211950_9fc5a1dd,80.0,47.3892936706543,WP112024,1,40.90044021606445
with_era5,sar_field_only,unet_raw_max,0.0,20.577760696411133,ibtracs,False,2024-09-05T20:14:24+00:00,0,31.01797866821289,31.01797866821289,31.01797866821289,31.01797866821289,27.161029815673828,2.5722200870513916,WP132024_sar_geo_20240905201424_2b6d0688,40.540000915527344,31.746538162231445,WP132024,0,20.577760696411133
with_era5,sar_field_only,unet_raw_max,0.0,18.00554084777832,ibtracs,False,2024-09-06T08:05:07+00:00,-1,15.32435417175293,15.32435417175293,15.32435417175293,15.32435417175293,14.51691722869873,0.0,WP132024_sar_geo_20240906080507_a6b444e0,20.746583938598633,19.321083068847656,WP132024,0,18.00554084777832
with_era5,sar_field_only,unet_raw_max,0.0,17.384206771850586,ibtracs,False,2024-09-06T19:48:42+00:00,0,23.167919158935547,23.167919158935547,23.167919158935547,23.167919158935547,20.898813247680664,-3.193553924560547,WP132024_sar_geo_20240906194842_9f4d9498,20.069189071655273,18.259702682495117,WP132024,-1,17.384206771850586
with_era5,sar_field_only,unet_raw_max,0.0,22.746999740600586,ibtracs,False,2023-10-19T10:49:30+00:00,1,40.11028289794922,40.11028289794922,40.11028289794922,40.11028289794922,38.11583709716797,2.5722200870513916,WP162023_sar_geo_20231019104930_9a749bdc,80.0,36.78159713745117,WP162023,0,22.746999740600586
with_era5,sar_field_only,unet_raw_max,0.0,20.577760696411133,ibtracs,False,2023-10-19T22:43:10+00:00,1,33.257259368896484,33.257259368896484,33.257259368896484,33.257259368896484,30.14885139465332,1.9134458303451538,WP162023_sar_geo_20231019224310_d9ac92a8,80.0,25.158126831054688,WP162023,0,20.577760696411133
with_era5,sar_field_only,unet_raw_max,0.0,15.9686279296875,ibtracs,False,2023-10-20T10:57:34+00:00,0,22.084278106689453,22.084278106689453,22.084278106689453,22.084278106689453,21.701587677001953,-6.8244805335998535,WP162023_sar_geo_20231020105734_00b31332,80.0,31.868629455566406,WP162023,-1,15.9686279296875
with_era5,sar_field_only,unet_raw_max,0.0,24.468528747558594,ibtracs,False,2025-09-05T08:33:47+00:00,0,25.687623977661133,25.687623977661133,25.687623977661133,25.687623977661133,23.629716873168945,6.462988376617432,WP212025_sar_geo_20250905083347_3ae8e0aa,33.5,27.7016658782959,WP212025,0,24.468528747558594
with_era5,sar_field_only,unet_raw_max,0.0,19.078346252441406,ibtracs,False,2025-09-18T21:07:41+00:00,0,22.347976684570312,22.347976684570312,22.347976684570312,22.347976684570312,21.377647399902344,,WP242025_sar_geo_20250918210741_c0a8f306,22.194433212280273,20.288606643676758,WP242025,0,19.078346252441406
with_era5,sar_field_only,unet_raw_max,0.0,30.547494888305664,ibtracs,False,2025-09-19T21:13:40+00:00,0,28.52056121826172,28.52056121826172,28.52056121826172,28.52056121826172,27.830604553222656,11.43494701385498,WP242025_sar_geo_20250919211340_695286ba,36.70000076293945,34.47115707397461,WP242025,0,30.547494888305664
with_era5,sar_field_only,unet_raw_max,0.0,30.57440757751465,ibtracs,False,2025-09-19T21:15:33+00:00,0,28.504505157470703,28.504505157470703,28.504505157470703,28.504505157470703,27.90784454345703,11.451094627380371,WP242025_sar_geo_20250919211533_41d7c3ba,34.58000183105469,33.21208953857422,WP242025,0,30.57440757751465
with_era5,sar_field_only,unet_raw_max,0.0,60.323036193847656,ibtracs,True,2025-09-20T21:23:17+00:00,2,43.315826416015625,43.315826416015625,43.315826416015625,43.315826416015625,41.20123291015625,29.638118743896484,WP242025_sar_geo_20250920212317_7e455209,55.7599983215332,48.43717575073242,WP242025,4,60.323036193847656
with_era5,sar_field_only,unet_raw_max,0.0,72.85513305664062,ibtracs,True,2025-09-21T09:37:09+00:00,3,54.30305862426758,54.30305862426758,54.30305862426758,54.30305862426758,49.04502868652344,27.640933990478516,WP242025_sar_geo_20250921093709_b508ba36,61.41999816894531,55.058265686035156,WP242025,5,72.85513305664062
with_era5,sar_field_only,unet_raw_max,0.0,74.0799331665039,ibtracs,False,2025-09-21T21:31:23+00:00,3,54.564903259277344,54.564903259277344,54.564903259277344,54.564903259277344,52.9050407409668,13.710599899291992,WP242025_sar_geo_20250921213123_bfc94639,66.27999877929688,59.192657470703125,WP242025,5,74.0799331665039
with_era5,sar_field_only,unet_raw_max,0.0,59.700462341308594,ibtracs,False,2025-09-23T10:25:38+00:00,3,54.285682678222656,54.285682678222656,54.285682678222656,54.285682678222656,51.35284423828125,-7.496878147125244,WP242025_sar_geo_20250923102538_5aa662c2,56.34000015258789,49.855220794677734,WP242025,4,59.700462341308594
with_era5,sar_field_only,unet_raw_max,0.0,56.94694900512695,ibtracs,False,2025-09-23T22:18:14+00:00,3,52.35362243652344,52.35362243652344,52.35362243652344,52.35362243652344,50.46334457397461,-6.8441057205200195,WP242025_sar_geo_20250923221814_e7b45b16,80.0,49.36774444580078,WP242025,3,56.94694900512695
with_era5,sar_field_only,unet_raw_max,0.0,56.94152069091797,ibtracs,False,2025-09-23T22:18:52+00:00,3,52.05834197998047,52.05834197998047,52.05834197998047,52.05834197998047,50.17131805419922,-6.849535942077637,WP242025_sar_geo_20250923221852_6a75749b,80.0,51.13564682006836,WP242025,3,56.94152069091797
with_era5,sar_field_only,unet_raw_max,0.0,61.21883773803711,ibtracs,True,2025-10-07T20:56:17+00:00,3,51.80439758300781,51.80439758300781,51.80439758300781,51.80439758300781,49.42741775512695,22.688648223876953,WP282025_sar_geo_20251007205617_b3422293,61.79999923706055,55.649513244628906,WP282025,4,61.21883773803711
with_era5,sar_field_only,unet_raw_max,0.0,61.21883773803711,ibtracs,False,2025-10-08T08:44:08+00:00,2,45.90730285644531,45.90730285644531,45.90730285644531,45.90730285644531,44.17581558227539,8.215479850769043,WP282025_sar_geo_20251008084408_05dee5d2,48.68000030517578,46.535682678222656,WP282025,4,61.21883773803711
with_era5,sar_field_only,unet_raw_max,0.0,55.207557678222656,ibtracs,False,2025-10-08T20:31:39+00:00,2,42.816917419433594,42.816917419433594,42.816917419433594,42.816917419433594,41.68240737915039,-6.01127815246582,WP282025_sar_geo_20251008203139_134d70ed,59.2400016784668,56.240962982177734,WP282025,3,55.207557678222656
with_era5,sar_field_only,unet_raw_max,0.0,46.24051284790039,ibtracs,False,2025-10-09T08:20:12+00:00,1,38.71059799194336,38.71059799194336,38.71059799194336,38.71059799194336,37.645355224609375,-14.978322982788086,WP282025_sar_geo_20251009082012_18810889,56.439998626708984,54.309810638427734,WP282025,2,46.24051284790039
with_era5,sar_robust_peak,joint_unet_mlp,13.706689834594727,18.20888900756836,sar_robust_peak,False,2025-06-29T12:23:43+00:00,1,33.36035919189453,19.653669357299805,21.872949600219727,19.653669357299805,19.653669357299805,,AL022025_sar_geo_20250629122343_2019fb4c,26.75994873046875,20.296344757080078,AL022025,0,20.296344757080078
with_era5,sar_robust_peak,joint_unet_mlp,13.597491264343262,17.183143615722656,sar_robust_peak,False,2025-06-30T00:38:22+00:00,0,23.9212703704834,10.323779106140137,11.277762413024902,10.323779106140137,10.323779106140137,3.9930858612060547,AL022025_sar_geo_20250630003822_9f8d8538,38.099998474121094,18.442907333374023,AL022025,0,18.442907333374023
with_era5,sar_robust_peak,joint_unet_mlp,2.2988643646240234,25.722200393676758,sar_robust_peak,False,2023-06-24T09:11:41+00:00,0,25.961626052856445,23.662761688232422,28.029403686523438,23.662761688232422,23.662761688232422,3.53432559967041,AL042023_sar_geo_20230624091141_fc94d478,32.65999221801758,26.53125,AL042023,0,26.53125
with_era5,sar_robust_peak,joint_unet_mlp,0.10198211669921875,24.210735321044922,sar_robust_peak,False,2023-06-24T21:56:17+00:00,0,23.46943473815918,23.36745262145996,26.0485897064209,23.36745262145996,23.36745262145996,1.0607548952102661,AL042023_sar_geo_20230624215617_3236b686,47.7400016784668,26.545425415039062,AL042023,0,26.545425415039062
with_era5,sar_robust_peak,joint_unet_mlp,6.16710090637207,21.681528091430664,sar_robust_peak,False,2023-06-25T09:51:16+00:00,0,24.75183868408203,18.58473777770996,21.030960083007812,18.58473777770996,18.58473777770996,-4.0406718254089355,AL042023_sar_geo_20230625095116_dad4ab5b,28.200000762939453,25.516326904296875,AL042023,0,25.516326904296875
with_era5,sar_robust_peak,joint_unet_mlp,3.1020030975341797,24.937578201293945,sar_robust_peak,False,2025-09-25T09:42:44+00:00,0,27.55908203125,24.45707893371582,25.91561508178711,24.45707893371582,24.45707893371582,,AL082025_sar_geo_20250925094244_08e44ad7,27.859996795654297,21.703502655029297,AL082025,0,21.703502655029297
with_era5,sar_robust_peak,joint_unet_mlp,0.09870147705078125,55.86671447753906,sar_robust_peak,True,2025-09-26T22:04:44+00:00,2,46.93111038208008,46.8324089050293,52.08769607543945,46.8324089050293,46.8324089050293,25.65894317626953,AL082025_sar_geo_20250926220444_2d00f032,55.41999816894531,48.242061614990234,AL082025,2,48.242061614990234
with_era5,sar_robust_peak,joint_unet_mlp,1.3342742919921875,55.90815353393555,sar_robust_peak,True,2025-09-26T22:06:11+00:00,2,47.73386764526367,46.399593353271484,51.45955276489258,46.399593353271484,46.399593353271484,25.692094802856445,AL082025_sar_geo_20250926220611_04532c06,51.36000061035156,46.63326644897461,AL082025,2,46.63326644897461
with_era5,sar_robust_peak,joint_unet_mlp,2.418670654296875,66.18160247802734,sar_robust_peak,True,2025-09-27T09:58:13+00:00,2,43.54429626464844,41.12562561035156,44.63991165161133,41.12562561035156,41.12562561035156,26.76637840270996,AL082025_sar_geo_20250927095813_d513fd6c,69.83999633789062,56.139591217041016,AL082025,3,56.139591217041016
with_era5,sar_robust_peak,joint_unet_mlp,4.584987640380859,72.02216339111328,sar_robust_peak,True,2025-09-27T22:14:16+00:00,3,54.89253234863281,50.30754470825195,58.44841384887695,50.30754470825195,50.30754470825195,15.88298225402832,AL082025_sar_geo_20250927221416_59358115,68.66000366210938,57.38515853881836,AL082025,3,57.38515853881836
with_era5,sar_robust_peak,joint_unet_mlp,7.564922332763672,65.934814453125,sar_robust_peak,False,2025-09-28T10:05:59+00:00,3,50.673423767089844,43.10850143432617,45.50720977783203,43.10850143432617,43.10850143432617,-0.29118484258651733,AL082025_sar_geo_20250928100559_707f4766,58.29999923706055,51.569278717041016,AL082025,3,51.569278717041016
with_era5,sar_robust_peak,joint_unet_mlp,5.867462158203125,62.5663948059082,sar_robust_peak,False,2025-09-28T22:22:50+00:00,3,52.188323974609375,46.32086181640625,50.570068359375,46.32086181640625,46.32086181640625,-9.455766677856445,AL082025_sar_geo_20250928222250_60332831,57.599998474121094,53.99726104736328,AL082025,3,53.99726104736328
with_era5,sar_robust_peak,joint_unet_mlp,3.555938720703125,63.696075439453125,sar_robust_peak,False,2025-09-29T10:13:23+00:00,2,47.2221565246582,43.66621780395508,45.43987274169922,43.66621780395508,43.66621780395508,-2.1329896450042725,AL082025_sar_geo_20250929101323_61e03351,56.5,49.547393798828125,AL082025,3,49.547393798828125
with_era5,sar_robust_peak,joint_unet_mlp,9.116817474365234,53.46254348754883,sar_robust_peak,False,2025-09-29T22:31:44+00:00,1,41.797332763671875,32.68051528930664,33.88624572753906,32.68051528930664,32.68051528930664,-9.027539253234863,AL082025_sar_geo_20250929223144_b6a1244f,58.15999984741211,50.252620697021484,AL082025,3,50.252620697021484
with_era5,sar_robust_peak,joint_unet_mlp,9.437911987304688,53.445396423339844,sar_robust_peak,False,2025-09-29T22:32:29+00:00,1,42.65439987182617,33.216487884521484,33.98278045654297,33.216487884521484,33.216487884521484,-9.038256645202637,AL082025_sar_geo_20250929223229_4e0b44ba,62.34000015258789,53.213584899902344,AL082025,3,53.213584899902344
with_era5,sar_robust_peak,joint_unet_mlp,-0.3020782470703125,38.4094352722168,sar_robust_peak,False,2025-09-30T10:36:05+00:00,1,35.41607666015625,35.71815490722656,37.20155334472656,35.71815490722656,35.71815490722656,-25.416391372680664,AL082025_sar_geo_20250930103605_996c3d15,39.959999084472656,38.323768615722656,AL082025,1,38.323768615722656
with_era5,sar_robust_peak,joint_unet_mlp,2.5299110412597656,36.01108169555664,sar_robust_peak,False,2025-09-30T22:41:16+00:00,1,39.44664001464844,36.91672897338867,39.42584228515625,36.91672897338867,36.91672897338867,-17.23349380493164,AL082025_sar_geo_20250930224116_f96a335d,40.86000061035156,37.576480865478516,AL082025,1,37.576480865478516
with_era5,sar_robust_peak,joint_unet_mlp,6.084556579589844,34.248538970947266,sar_robust_peak,False,2025-10-01T10:25:34+00:00,1,42.29777908325195,36.21322250366211,37.91810607910156,36.21322250366211,36.21322250366211,-4.461467742919922,AL082025_sar_geo_20251001102534_7c316d67,38.15999984741211,36.33675765991211,AL082025,1,36.33675765991211
with_era5,sar_robust_peak,joint_unet_mlp,6.55461311340332,25.665515899658203,sar_robust_peak,False,2024-09-24T23:50:05+00:00,0,30.277790069580078,23.723176956176758,25.163623809814453,23.723176956176758,23.723176956176758,7.659976005554199,AL092024_sar_geo_20240924235005_f6c42560,34.099998474121094,25.84740447998047,AL092024,0,25.84740447998047
with_era5,sar_robust_peak,joint_unet_mlp,2.244293212890625,33.20021438598633,sar_robust_peak,False,2024-09-25T11:43:18+00:00,2,46.49098205566406,44.24668884277344,46.63545608520508,44.24668884277344,44.24668884277344,12.717912673950195,AL092024_sar_geo_20240925114318_182f4c98,38.81999969482422,32.314483642578125,AL092024,0,32.314483642578125
with_era5,sar_robust_peak,joint_unet_mlp,3.7703933715820312,36.01108169555664,sar_robust_peak,False,2024-09-25T23:58:53+00:00,2,46.05689239501953,42.2864990234375,42.937957763671875,42.2864990234375,42.2864990234375,10.295263290405273,AL092024_sar_geo_20240925235853_bb2fffd5,38.32500076293945,32.80063247680664,AL092024,0,32.80063247680664
with_era5,sar_robust_peak,joint_unet_mlp,2.6232452392578125,43.58650588989258,sar_robust_peak,False,2024-09-26T11:50:07+00:00,2,45.21015167236328,42.58690643310547,43.93727111816406,42.58690643310547,42.58690643310547,10.288880348205566,AL092024_sar_geo_20240926115007_1dfc3535,41.63999938964844,35.869930267333984,AL092024,1,35.869930267333984
with_era5,sar_robust_peak,joint_unet_mlp,-1.1052360534667969,61.2578010559082,sar_robust_peak,True,2024-09-26T23:36:14+00:00,3,52.007896423339844,53.11313247680664,56.53119659423828,53.11313247680664,53.11313247680664,25.246721267700195,AL092024_sar_geo_20240926233614_4c4a4e8d,56.41999816894531,52.753684997558594,AL092024,3,52.753684997558594
with_era5,sar_robust_peak,joint_unet_mlp,-4.269374847412109,61.27547073364258,sar_robust_peak,True,2024-09-26T23:37:07+00:00,2,48.14850997924805,52.417884826660156,55.947593688964844,52.417884826660156,52.417884826660156,25.264392852783203,AL092024_sar_geo_20240926233707_ba644eb1,53.97999954223633,51.04243469238281,AL092024,3,51.04243469238281
with_era5,sar_robust_peak,joint_unet_mlp,-1.8695869445800781,61.300479888916016,sar_robust_peak,True,2024-09-26T23:38:22+00:00,3,51.44108200073242,53.3106689453125,56.794708251953125,53.3106689453125,53.3106689453125,25.289400100708008,AL092024_sar_geo_20240926233822_7d97bd32,55.97999954223633,51.9205207824707,AL092024,3,51.9205207824707
with_era5,sar_robust_peak,joint_unet_mlp,11.813482284545898,27.9754638671875,sar_robust_peak,False,2025-09-29T23:04:12+00:00,1,37.786231994628906,25.972749710083008,26.98909568786621,25.972749710083008,25.972749710083008,9.969924926757812,AL092025_sar_geo_20250929230412_3b893bbb,33.125,25.969348907470703,AL092025,0,25.969348907470703
with_era5,sar_robust_peak,joint_unet_mlp,4.9199676513671875,36.01108169555664,sar_robust_peak,False,2025-09-30T23:11:51+00:00,1,40.307029724121094,35.387062072753906,36.824222564697266,35.387062072753906,35.387062072753906,7.99188756942749,AL092025_sar_geo_20250930231151_62ee93bd,37.7400016784668,33.46464538574219,AL092025,1,33.46464538574219
with_era5,sar_robust_peak,joint_unet_mlp,2.779144287109375,37.67373275756836,sar_robust_peak,False,2025-10-02T10:03:39+00:00,2,45.055809020996094,42.27666473388672,42.80690002441406,42.27666473388672,42.27666473388672,-2.8167238235473633,AL092025_sar_geo_20251002100339_1686cf44,55.81999969482422,47.7620964050293,AL092025,2,47.7620964050293
with_era5,sar_robust_peak,joint_unet_mlp,4.232627868652344,23.149980545043945,sar_robust_peak,False,2024-09-26T09:38:24+00:00,0,25.186878204345703,20.95425033569336,24.62005615234375,20.95425033569336,20.95425033569336,0.0,AL102024_sar_geo_20240926093824_136192f5,30.619998931884766,26.88939666748047,AL102024,0,26.88939666748047
with_era5,sar_robust_peak,joint_unet_mlp,1.6649551391601562,27.43263053894043,sar_robust_peak,False,2024-09-26T21:29:14+00:00,0,25.399398803710938,23.73444366455078,26.28520965576172,23.73444366455078,23.73444366455078,4.282650947570801,AL102024_sar_geo_20240926212914_03bcc908,34.779998779296875,28.738861083984375,AL102024,0,28.738861083984375
with_era5,sar_robust_peak,joint_unet_mlp,11.161251068115234,32.48942565917969,sar_robust_peak,False,2024-09-27T09:13:54+00:00,1,36.39833450317383,25.237083435058594,26.19879913330078,25.237083435058594,25.237083435058594,9.339445114135742,AL102024_sar_geo_20240927091354_3a788dd8,36.91999816894531,34.587730407714844,AL102024,1,34.587730407714844
with_era5,sar_robust_peak,joint_unet_mlp,1.9847984313964844,46.29996109008789,sar_robust_peak,False,2024-09-28T08:49:27+00:00,1,38.09506607055664,36.110267639160156,39.23052215576172,36.110267639160156,36.110267639160156,13.980443954467773,AL102024_sar_geo_20240928084927_9b67e147,43.02000045776367,41.03065872192383,AL102024,1,41.03065872192383
with_era5,sar_robust_peak,joint_unet_mlp,3.7051048278808594,35.18644714355469,sar_robust_peak,False,2024-09-29T08:24:16+00:00,1,41.609161376953125,37.904056549072266,38.3463020324707,37.904056549072266,37.904056549072266,-11.11351490020752,AL102024_sar_geo_20240929082416_cf0e50b0,38.34000015258789,35.84708786010742,AL102024,1,35.84708786010742
with_era5,sar_robust_peak,joint_unet_mlp,3.4030075073242188,30.07201385498047,sar_robust_peak,False,2024-09-29T20:19:01+00:00,1,40.42974090576172,37.0267333984375,37.41707992553711,37.0267333984375,37.0267333984375,-11.669161796569824,AL102024_sar_geo_20240929201901_eceb8b95,37.47999954223633,34.81792068481445,AL102024,1,34.81792068481445
with_era5,sar_robust_peak,joint_unet_mlp,-3.7486343383789062,22.25275230407715,sar_robust_peak,False,2025-10-07T21:23:02+00:00,0,25.804914474487305,29.55354881286621,32.92561721801758,29.55354881286621,29.55354881286621,,AL102025_sar_geo_20251007212302_65a32d77,31.35999870300293,28.337852478027344,AL102025,0,28.337852478027344
with_era5,sar_robust_peak,joint_unet_mlp,6.4631805419921875,26.01824378967285,sar_robust_peak,False,2025-10-08T09:20:43+00:00,0,30.895587921142578,24.43240737915039,25.798019409179688,24.43240737915039,24.43240737915039,6.350954055786133,AL102025_sar_geo_20251008092043_77759e8c,33.619998931884766,29.984731674194336,AL102025,0,29.984731674194336
with_era5,sar_robust_peak,joint_unet_mlp,1.6477794647216797,25.722200393676758,sar_robust_peak,False,2025-10-09T22:12:45+00:00,0,27.441518783569336,25.793739318847656,26.095766067504883,25.793739318847656,25.793739318847656,-2.5722200870513916,AL102025_sar_geo_20251009221245_f4761526,31.220003128051758,27.99546241760254,AL102025,0,27.99546241760254
with_era5,sar_robust_peak,joint_unet_mlp,4.897245407104492,25.722200393676758,sar_robust_peak,False,2025-10-10T10:05:06+00:00,0,28.094263076782227,23.197017669677734,23.99537467956543,23.197017669677734,23.197017669677734,-0.985160231590271,AL102025_sar_geo_20251010100506_5c04fb1b,24.438796997070312,23.330018997192383,AL102025,0,23.330018997192383
with_era5,sar_robust_peak,joint_unet_mlp,4.307283401489258,25.722200393676758,sar_robust_peak,False,2025-10-10T22:21:57+00:00,0,28.300006866455078,23.99272346496582,26.73233413696289,23.99272346496582,23.99272346496582,0.0,AL102025_sar_geo_20251010222157_3cb50cd4,40.099998474121094,29.378992080688477,AL102025,0,29.378992080688477
with_era5,sar_robust_peak,joint_unet_mlp,5.619131088256836,23.149980545043945,sar_robust_peak,False,2025-10-11T10:13:58+00:00,0,26.912641525268555,21.29351043701172,22.8687686920166,21.29351043701172,21.29351043701172,-2.5722200870513916,AL102025_sar_geo_20251011101358_f6a30809,33.18000030517578,22.940021514892578,AL102025,0,22.940021514892578
with_era5,sar_robust_peak,joint_unet_mlp,6.1378173828125,45.82767105102539,sar_robust_peak,True,2024-11-06T11:26:57+00:00,2,47.07549285888672,40.93767547607422,43.70508575439453,40.93767547607422,40.93767547607422,20.294387817382812,AL182024_sar_geo_20241106112657_5c0e7c84,46.68000030517578,42.82679748535156,AL182024,2,42.82679748535156
with_era5,sar_robust_peak,joint_unet_mlp,7.262660980224609,49.17279052734375,sar_robust_peak,False,2024-11-06T23:40:43+00:00,2,48.00790023803711,40.7452392578125,43.533897399902344,40.7452392578125,40.7452392578125,13.437273025512695,AL182024_sar_geo_20241106234043_5d0cd6d0,50.380001068115234,42.11057662963867,AL182024,1,42.11057662963867
with_era5,sar_robust_peak,joint_unet_mlp,3.209545135498047,49.1434326171875,sar_robust_peak,False,2024-11-06T23:42:36+00:00,2,45.01349639892578,41.803951263427734,44.90660858154297,41.803951263427734,41.803951263427734,13.381000518798828,AL182024_sar_geo_20241106234236_1f54d7b2,54.099998474121094,44.40436553955078,AL182024,2,44.40436553955078
with_era5,sar_robust_peak,joint_unet_mlp,7.591194152832031,49.12030792236328,sar_robust_peak,False,2024-11-06T23:44:05+00:00,2,46.048828125,38.45763397216797,41.23490905761719,38.45763397216797,38.45763397216797,13.336679458618164,AL182024_sar_geo_20241106234405_6e8a2b86,54.119998931884766,47.42927169799805,AL182024,2,47.42927169799805
with_era5,sar_robust_peak,joint_unet_mlp,8.7109375,46.29996109008789,sar_robust_peak,False,2024-11-07T11:34:27+00:00,2,48.3574333190918,39.6464958190918,42.0888671875,39.6464958190918,39.6464958190918,0.3651123344898224,AL182024_sar_geo_20241107113427_6c78673a,52.459999084472656,47.70045471191406,AL182024,2,47.70045471191406
with_era5,sar_robust_peak,joint_unet_mlp,3.1501846313476562,46.29996109008789,sar_robust_peak,False,2024-11-07T23:51:05+00:00,2,48.30182647705078,45.151641845703125,49.05381774902344,45.151641845703125,45.151641845703125,-2.711223840713501,AL182024_sar_geo_20241107235105_7cb0f20e,48.119998931884766,45.014564514160156,AL182024,2,45.014564514160156
with_era5,sar_robust_peak,joint_unet_mlp,10.968008041381836,33.456390380859375,sar_robust_peak,False,2024-11-08T23:59:14+00:00,1,40.56425476074219,29.59624671936035,31.507617950439453,29.59624671936035,29.59624671936035,-12.843570709228516,AL182024_sar_geo_20241108235914_8a172b82,46.040000915527344,37.65009689331055,AL182024,1,37.65009689331055
with_era5,sar_robust_peak,joint_unet_mlp,10.461650848388672,25.80436897277832,sar_robust_peak,False,2024-11-09T11:50:25+00:00,0,30.827749252319336,20.366098403930664,21.547203063964844,20.366098403930664,20.366098403930664,-23.20475959777832,AL182024_sar_geo_20241109115025_a47eebe7,36.900001525878906,30.126853942871094,AL182024,0,30.126853942871094
with_era5,sar_robust_peak,joint_unet_mlp,8.17155647277832,20.519838333129883,sar_robust_peak,False,2024-11-10T00:10:08+00:00,0,26.908212661743164,18.736656188964844,22.113548278808594,18.736656188964844,18.736656188964844,-12.774215698242188,AL182024_sar_geo_20241110001008_2b803752,30.479999542236328,25.998462677001953,AL182024,0,25.998462677001953
with_era5,sar_robust_peak,joint_unet_mlp,5.634185791015625,18.00554084777832,sar_robust_peak,False,2024-11-10T11:58:06+00:00,0,24.024477005004883,18.390291213989258,20.127803802490234,18.390291213989258,18.390291213989258,-7.732950687408447,AL182024_sar_geo_20241110115806_c5d91f61,30.91888427734375,17.999176025390625,AL182024,0,17.999176025390625
with_era5,sar_robust_peak,joint_unet_mlp,5.706573486328125,38.58330154418945,sar_robust_peak,False,2023-06-29T13:04:56+00:00,0,28.17182159423828,22.465248107910156,25.080020904541016,22.465248107910156,22.465248107910156,4.587697505950928,EP012023_sar_geo_20230629130456_9d69b2fc,38.599998474121094,36.31546401977539,EP012023,1,36.31546401977539
with_era5,sar_robust_peak,joint_unet_mlp,-5.8372650146484375,46.29996109008789,sar_robust_peak,False,2023-06-30T13:12:49+00:00,0,28.49749755859375,34.33476257324219,37.81538009643555,34.33476257324219,34.33476257324219,7.716660022735596,EP012023_sar_geo_20230630131249_66c8cd8c,43.15999984741211,38.57410430908203,EP012023,1,38.57410430908203
with_era5,sar_robust_peak,joint_unet_mlp,4.70094108581543,28.29442024230957,sar_robust_peak,False,2025-08-01T02:13:07+00:00,0,25.959117889404297,21.258176803588867,24.139768600463867,21.258176803588867,21.258176803588867,9.147528648376465,EP072025_sar_geo_20250801021307_8951090d,28.525001525878906,25.266023635864258,EP072025,0,25.266023635864258
with_era5,sar_robust_peak,joint_unet_mlp,2.741504669189453,33.43886184692383,sar_robust_peak,False,2025-08-02T02:21:52+00:00,1,39.74897384643555,37.007469177246094,38.76925277709961,37.007469177246094,37.007469177246094,5.144440174102783,EP072025_sar_geo_20250802022152_23b97394,33.459999084472656,31.609230041503906,EP072025,0,31.609230041503906
with_era5,sar_robust_peak,joint_unet_mlp,4.705314636230469,32.65681076049805,sar_robust_peak,False,2025-08-02T14:16:49+00:00,1,41.52447509765625,36.81916046142578,37.949867248535156,36.81916046142578,36.81916046142578,3.189314603805542,EP072025_sar_geo_20250802141649_e9600fe9,34.0,32.232173919677734,EP072025,0,32.232173919677734
with_era5,sar_robust_peak,joint_unet_mlp,1.0868949890136719,27.24152374267578,sar_robust_peak,False,2025-08-03T03:02:48+00:00,1,39.379791259765625,38.29289627075195,41.003257751464844,38.29289627075195,38.29289627075195,-6.197335243225098,EP072025_sar_geo_20250803030248_1ccccbaf,30.81999969482422,28.60904312133789,EP072025,0,28.60904312133789
with_era5,sar_robust_peak,joint_unet_mlp,9.375810623168945,23.149980545043945,sar_robust_peak,False,2025-08-05T02:13:12+00:00,0,32.27737808227539,22.901567459106445,25.658540725708008,22.901567459106445,22.901567459106445,,EP082025_sar_geo_20250805021312_5901b79b,26.499990463256836,24.82594871520996,EP082025,0,24.82594871520996
with_era5,sar_robust_peak,joint_unet_mlp,-1.0845470428466797,23.149980545043945,sar_robust_peak,False,2025-08-05T14:09:24+00:00,0,24.322877883911133,25.407424926757812,26.878284454345703,25.407424926757812,25.407424926757812,4.034955978393555,EP082025_sar_geo_20250805140924_db0bcc3b,27.479997634887695,25.81668472290039,EP082025,0,25.81668472290039
with_era5,sar_robust_peak,joint_unet_mlp,-0.6467628479003906,23.149980545043945,sar_robust_peak,False,2025-08-07T03:02:13+00:00,0,23.69327163696289,24.34003448486328,26.622848510742188,24.34003448486328,24.34003448486328,0.0,EP082025_sar_geo_20250807030213_52172340,23.57967185974121,22.859434127807617,EP082025,0,22.859434127807617
with_era5,sar_robust_peak,joint_unet_mlp,4.432619094848633,20.624441146850586,sar_robust_peak,False,2025-08-07T14:56:44+00:00,0,28.645755767822266,24.213136672973633,27.490402221679688,24.213136672973633,24.213136672973633,-2.525538921356201,EP082025_sar_geo_20250807145644_31bd62e0,22.598384857177734,19.2292423248291,EP082025,0,19.2292423248291
with_era5,sar_robust_peak,joint_unet_mlp,2.8775482177734375,17.23149299621582,sar_robust_peak,False,2025-08-09T15:44:35+00:00,0,27.174793243408203,24.297245025634766,27.454336166381836,24.297245025634766,24.297245025634766,0.6371008157730103,EP082025_sar_geo_20250809154435_526418b6,23.359994888305664,20.623403549194336,EP082025,0,20.623403549194336
with_era5,sar_robust_peak,joint_unet_mlp,2.248668670654297,22.46662712097168,sar_robust_peak,False,2025-08-10T04:00:27+00:00,0,25.488906860351562,23.240238189697266,27.032033920288086,23.240238189697266,23.240238189697266,7.033307075500488,EP082025_sar_geo_20250810040027_fac1c713,30.600000381469727,26.777254104614258,EP082025,0,26.777254104614258
with_era5,sar_robust_peak,joint_unet_mlp,6.002050399780273,18.00554084777832,sar_robust_peak,False,2025-08-31T13:53:40+00:00,0,20.53868865966797,14.536638259887695,17.751869201660156,14.536638259887695,14.536638259887695,,EP112025_sar_geo_20250831135340_50cc57bc,25.478801727294922,18.667150497436523,EP112025,0,18.667150497436523
with_era5,sar_robust_peak,joint_unet_mlp,2.000253677368164,20.577760696411133,sar_robust_peak,False,2025-09-01T02:37:32+00:00,0,28.49188232421875,26.491628646850586,29.718870162963867,26.491628646850586,26.491628646850586,5.144440174102783,EP112025_sar_geo_20250901023732_00244e32,23.953760147094727,19.280054092407227,EP112025,0,19.280054092407227
with_era5,sar_robust_peak,joint_unet_mlp,-1.1489105224609375,30.657766342163086,sar_robust_peak,False,2025-09-02T02:45:23+00:00,0,21.752384185791016,22.901294708251953,25.057708740234375,22.901294708251953,22.901294708251953,10.08000659942627,EP112025_sar_geo_20250902024523_0597f171,32.560001373291016,30.432666778564453,EP112025,0,30.432666778564453
with_era5,sar_robust_peak,joint_unet_mlp,-1.6832962036132812,39.879268646240234,sar_robust_peak,False,2025-09-02T14:31:09+00:00,0,24.66728973388672,26.3505859375,28.21338653564453,26.3505859375,26.3505859375,14.569339752197266,EP112025_sar_geo_20250902143109_15133331,40.619998931884766,36.63118362426758,EP112025,1,36.63118362426758
with_era5,sar_robust_peak,joint_unet_mlp,-1.25738525390625,64.30549621582031,sar_robust_peak,True,2025-09-04T03:01:20+00:00,1,38.941856384277344,40.199241638183594,45.3209228515625,40.199241638183594,40.199241638183594,18.00554084777832,EP112025_sar_geo_20250904030120_36e6b792,58.900001525878906,53.88230514526367,EP112025,3,53.88230514526367
with_era5,sar_robust_peak,joint_unet_mlp,-10.234130859375,52.952720642089844,sar_robust_peak,False,2025-09-05T14:55:55+00:00,0,29.86636734008789,40.10049819946289,45.6584358215332,40.10049819946289,40.10049819946289,-6.208338737487793,EP112025_sar_geo_20250905145555_b621c593,48.65999984741211,44.48773956298828,EP112025,2,44.48773956298828
with_era5,sar_robust_peak,joint_unet_mlp,-8.530275344848633,53.02250289916992,sar_robust_peak,False,2025-09-05T15:06:05+00:00,0,30.83359718322754,39.36387252807617,44.99327087402344,39.36387252807617,39.36387252807617,-6.138555526733398,EP112025_sar_geo_20250905150605_f70970d3,51.959999084472656,44.34177780151367,EP112025,2,44.34177780151367
with_era5,sar_robust_peak,joint_unet_mlp,-18.47609519958496,60.8060417175293,sar_robust_peak,False,2025-09-06T03:17:47+00:00,0,29.50545310974121,47.98154830932617,57.19794464111328,47.98154830932617,47.98154830932617,5.398565769195557,EP112025_sar_geo_20250906031747_a0f470c3,53.68000030517578,48.07802200317383,EP112025,2,48.07802200317383
with_era5,sar_robust_peak,joint_unet_mlp,-19.57012939453125,60.841670989990234,sar_robust_peak,False,2025-09-06T03:24:01+00:00,0,29.165328979492188,48.73545837402344,58.22148513793945,48.73545837402344,48.73545837402344,5.487640857696533,EP112025_sar_geo_20250906032401_30e03b1e,54.08000183105469,48.24021530151367,EP112025,2,48.24021530151367
with_era5,sar_robust_peak,joint_unet_mlp,-6.190357208251953,56.58884048461914,sar_robust_peak,False,2025-09-06T15:13:56+00:00,0,31.514373779296875,37.70473098754883,40.76728820800781,37.70473098754883,37.70473098754883,3.5214643478393555,EP112025_sar_geo_20250906151356_04821eb9,50.959999084472656,46.29977798461914,EP112025,2,46.29977798461914
with_era5,sar_robust_peak,joint_unet_mlp,-11.754659652709961,57.84151077270508,sar_robust_peak,False,2025-09-07T03:33:54+00:00,0,31.365007400512695,43.119667053222656,49.15583038330078,43.119667053222656,43.119667053222656,-3.056654691696167,EP112025_sar_geo_20250907033354_b508e3f3,55.36000061035156,47.101844787597656,EP112025,2,47.101844787597656
with_era5,sar_robust_peak,joint_unet_mlp,2.343128204345703,51.13240051269531,sar_robust_peak,False,2025-09-07T15:21:50+00:00,1,38.27204132080078,35.92891311645508,39.91484069824219,35.92891311645508,35.92891311645508,-5.4564409255981445,EP112025_sar_geo_20250907152150_44831e4a,52.34000015258789,44.898902893066406,EP112025,2,44.898902893066406
with_era5,sar_robust_peak,joint_unet_mlp,1.1022529602050781,51.05809020996094,sar_robust_peak,False,2025-09-07T15:27:02+00:00,1,37.52540969848633,36.42315673828125,40.89605712890625,36.42315673828125,36.42315673828125,-5.530749320983887,EP112025_sar_geo_20250907152702_516cb755,46.79999923706055,42.14361572265625,EP112025,1,42.14361572265625
with_era5,sar_robust_peak,joint_unet_mlp,6.761344909667969,47.35714340209961,sar_robust_peak,False,2025-09-08T03:56:42+00:00,1,39.51220703125,32.75086212158203,34.88970947265625,32.75086212158203,32.75086212158203,-10.288880348205566,EP112025_sar_geo_20250908035642_aba9a661,45.7400016784668,41.26231384277344,EP112025,1,41.26231384277344
with_era5,sar_robust_peak,joint_unet_mlp,5.554283142089844,47.271400451660156,sar_robust_peak,False,2025-09-08T04:06:42+00:00,1,39.430702209472656,33.87641906738281,36.59867477416992,33.87641906738281,33.87641906738281,-10.288880348205566,EP112025_sar_geo_20250908040642_4064952a,44.70000076293945,38.03972244262695,EP112025,1,38.03972244262695
with_era5,sar_robust_peak,joint_unet_mlp,2.1067581176757812,42.17869186401367,sar_robust_peak,False,2025-09-08T16:00:40+00:00,1,36.69375228881836,34.58699417114258,37.11266326904297,34.58699417114258,34.58699417114258,-8.398775100708008,EP112025_sar_geo_20250908160040_97c65dbe,38.15999984741211,33.663917541503906,EP112025,1,33.663917541503906
with_era5,sar_robust_peak,joint_unet_mlp,-0.11876869201660156,28.10883903503418,sar_robust_peak,False,2025-09-09T04:15:37+00:00,0,27.921070098876953,28.039838790893555,30.71184730529785,28.039838790893555,28.039838790893555,-19.086111068725586,EP112025_sar_geo_20250909041537_5b813509,28.719999313354492,26.119365692138672,EP112025,0,26.119365692138672
with_era5,sar_robust_peak,joint_unet_mlp,3.7909297943115234,20.577760696411133,sar_robust_peak,False,2025-09-09T16:08:11+00:00,0,26.81903076171875,23.028100967407227,25.306255340576172,23.028100967407227,23.028100967407227,-21.536483764648438,EP112025_sar_geo_20250909160811_93d58b53,22.379152297973633,20.639429092407227,EP112025,0,20.639429092407227
with_era5,sar_robust_peak,joint_unet_mlp,5.353748321533203,18.00554084777832,sar_robust_peak,False,2025-09-10T04:32:26+00:00,0,25.45696449279785,20.10321617126465,21.203189849853516,20.10321617126465,20.10321617126465,-9.718799591064453,EP112025_sar_geo_20250910043226_d511f8a6,22.29558563232422,21.114418029785156,EP112025,0,21.114418029785156
with_era5,sar_robust_peak,joint_unet_mlp,0.9456520080566406,17.02028465270996,sar_robust_peak,False,2024-11-03T02:52:22+00:00,0,17.992448806762695,17.046796798706055,19.348636627197266,17.046796798706055,17.046796798706055,0.10908117890357971,EP132024_sar_geo_20241103025222_0b408406,29.4999942779541,19.52695655822754,EP132024,0,19.52695655822754
with_era5,sar_robust_peak,joint_unet_mlp,-2.117269515991211,21.506473541259766,sar_robust_peak,False,2025-10-01T01:48:19+00:00,0,23.199010848999023,25.316280364990234,30.722375869750977,25.316280364990234,25.316280364990234,6.073154449462891,EP152025_sar_geo_20251001014819_ecce4d81,22.797077178955078,20.27893829345703,EP152025,0,20.27893829345703
with_era5,sar_robust_peak,joint_unet_mlp,-0.8377761840820312,28.29442024230957,sar_robust_peak,False,2025-10-02T01:56:42+00:00,0,23.036422729492188,23.87419891357422,28.763713836669922,23.87419891357422,23.87419891357422,6.716066360473633,EP152025_sar_geo_20251002015642_c698cb8c,33.900001525878906,29.120439529418945,EP152025,0,29.120439529418945
with_era5,sar_robust_peak,joint_unet_mlp,-1.1500320434570312,24.19444465637207,sar_robust_peak,False,2025-10-03T14:01:49+00:00,0,28.71240234375,29.86243438720703,33.23370361328125,29.86243438720703,29.86243438720703,-4.0999755859375,EP152025_sar_geo_20251003140149_960deafc,28.145071029663086,23.714588165283203,EP152025,0,23.714588165283203
with_era5,sar_robust_peak,joint_unet_mlp,-0.7460193634033203,25.722200393676758,sar_robust_peak,False,2025-10-04T02:13:11+00:00,0,23.029708862304688,23.775728225708008,28.151084899902344,23.775728225708008,23.775728225708008,0.7612818479537964,EP152025_sar_geo_20251004021311_4c850972,20.299226760864258,19.292953491210938,EP152025,0,19.292953491210938
with_era5,sar_robust_peak,joint_unet_mlp,-2.0653953552246094,37.072547912597656,sar_robust_peak,False,2025-10-05T14:03:48+00:00,1,38.32480239868164,40.39019775390625,43.14680480957031,40.39019775390625,40.39019775390625,8.778129577636719,EP152025_sar_geo_20251005140348_c360bcf0,43.31999969482422,37.018798828125,EP152025,1,37.018798828125
with_era5,sar_robust_peak,joint_unet_mlp,-3.3155574798583984,40.3003044128418,sar_robust_peak,False,2025-10-06T02:29:37+00:00,0,31.414716720581055,34.73027420043945,37.588592529296875,34.73027420043945,34.73027420043945,8.150840759277344,EP152025_sar_geo_20251006022937_f3bbea1a,47.880001068115234,37.92021179199219,EP152025,1,37.92021179199219
with_era5,sar_robust_peak,joint_unet_mlp,-3.3276710510253906,29.242568969726562,sar_robust_peak,False,2025-10-06T13:53:39+00:00,0,21.24565315246582,24.57332420349121,28.06719398498535,24.57332420349121,24.57332420349121,-7.742953777313232,EP152025_sar_geo_20251006135339_68af0d71,27.599903106689453,25.37576675415039,EP152025,0,25.37576675415039
with_era5,sar_robust_peak,joint_unet_mlp,2.4119834899902344,23.149980545043945,sar_robust_peak,False,2025-10-07T02:05:53+00:00,0,24.971778869628906,22.559795379638672,26.125102996826172,22.559795379638672,22.559795379638672,-17.285985946655273,EP152025_sar_geo_20251007020553_ee3499a4,24.97989845275879,22.91554069519043,EP152025,0,22.91554069519043
with_era5,sar_robust_peak,joint_unet_mlp,-0.4867515563964844,26.13375473022461,sar_robust_peak,False,2023-10-24T00:48:00+00:00,0,25.28440284729004,25.771154403686523,29.564180374145508,25.771154403686523,25.771154403686523,8.128214836120605,EP182023_sar_geo_20231024004800_e546df77,55.5,26.057025909423828,EP182023,0,26.057025909423828
with_era5,sar_robust_peak,joint_unet_mlp,0.017704010009765625,69.1234130859375,sar_robust_peak,True,2023-10-25T00:52:23+00:00,2,43.346675872802734,43.32897186279297,49.87799072265625,43.32897186279297,43.32897186279297,42.95207214355469,EP182023_sar_geo_20231025005223_896d8572,59.720001220703125,49.42375183105469,EP182023,3,49.42375183105469
with_era5,sar_robust_peak,joint_unet_mlp,5.715696334838867,18.413951873779297,sar_robust_peak,False,2024-11-29T12:47:38+00:00,0,27.91122055053711,22.195524215698242,23.045421600341797,22.195524215698242,22.195524215698242,2.9806313514709473,IO042024_sar_geo_20241129124738_26d1fed9,25.840084075927734,20.021028518676758,IO042024,0,20.021028518676758
with_era5,sar_robust_peak,joint_unet_mlp,9.232120513916016,46.22208023071289,sar_robust_peak,True,2023-10-24T12:01:49+00:00,2,45.57814025878906,36.34601974487305,38.29289627075195,36.34601974487305,36.34601974487305,23.046138763427734,IO062023_sar_geo_20231024120149_0c524d06,80.0,65.44290924072266,IO062023,4,65.44290924072266
with_era5,sar_robust_peak,joint_unet_mlp,11.517547607421875,27.343936920166016,sar_robust_peak,False,2024-01-25T08:46:17+00:00,1,37.59774398803711,26.080196380615234,27.432830810546875,26.080196380615234,26.080196380615234,5.340452671051025,SH072024_sar_geo_20240125084617_b51a9b24,38.540000915527344,34.80113220214844,SH072024,1,34.80113220214844
with_era5,sar_robust_peak,joint_unet_mlp,5.40325927734375,32.40449523925781,sar_robust_peak,False,2023-02-08T22:12:23+00:00,2,46.84270095825195,41.4394416809082,42.94552230834961,41.4394416809082,41.4394416809082,-13.895465850830078,SH112023_sar_geo_20230208221223_c0b8bb16,35.70000076293945,34.01755142211914,SH112023,1,34.01755142211914
with_era5,sar_robust_peak,joint_unet_mlp,7.706752777099609,26.137470245361328,sar_robust_peak,False,2023-02-09T11:11:34+00:00,1,35.75232696533203,28.045574188232422,30.429147720336914,28.045574188232422,28.045574188232422,-18.00554084777832,SH112023_sar_geo_20230209111134_f30f8ca8,31.280000686645508,28.429794311523438,SH112023,0,28.429794311523438
with_era5,sar_robust_peak,joint_unet_mlp,10.18825912475586,33.43886184692383,sar_robust_peak,False,2023-02-09T22:20:32+00:00,2,45.68046569824219,35.49220657348633,38.2066650390625,35.49220657348633,35.49220657348633,1.1508302688598633,SH112023_sar_geo_20230209222032_250d3700,45.13999938964844,38.88908767700195,SH112023,1,38.88908767700195
with_era5,sar_robust_peak,joint_unet_mlp,7.2792816162109375,38.06199645996094,sar_robust_peak,False,2023-02-10T22:28:48+00:00,2,45.088294982910156,37.80901336669922,38.836082458496094,37.80901336669922,37.80901336669922,4.623136520385742,SH112023_sar_geo_20230210222848_4f1367f1,42.81999969482422,39.14099884033203,SH112023,1,39.14099884033203
with_era5,sar_robust_peak,joint_unet_mlp,-0.19927215576171875,55.674747467041016,sar_robust_peak,True,2023-02-11T11:28:01+00:00,2,47.171897888183594,47.37117004394531,51.65495681762695,47.37117004394531,47.37117004394531,24.53388214111328,SH112023_sar_geo_20230211112801_66c3ce02,54.7599983215332,48.290409088134766,SH112023,2,48.290409088134766
with_era5,sar_robust_peak,joint_unet_mlp,-2.6139297485351562,55.911964416503906,sar_robust_peak,True,2023-02-11T11:36:19+00:00,2,46.93845748901367,49.55238723754883,54.60261917114258,49.55238723754883,49.55238723754883,24.842262268066406,SH112023_sar_geo_20230211113619_713ab9a6,58.060001373291016,47.824363708496094,SH112023,2,47.824363708496094
with_era5,sar_robust_peak,joint_unet_mlp,-2.1167755126953125,49.24515151977539,sar_robust_peak,False,2023-02-12T23:16:30+00:00,1,34.58501052856445,36.701786041259766,38.99797058105469,36.701786041259766,36.701786041259766,-7.965307712554932,SH112023_sar_geo_20230212231630_6bf369b8,53.880001068115234,48.894439697265625,SH112023,2,48.894439697265625
with_era5,sar_robust_peak,joint_unet_mlp,1.4978675842285156,41.45818328857422,sar_robust_peak,False,2023-02-13T23:24:42+00:00,1,40.13872528076172,38.6408576965332,40.937618255615234,38.6408576965332,38.6408576965332,-7.716660022735596,SH112023_sar_geo_20230213232442_e7bd4405,42.099998474121094,39.77212142944336,SH112023,1,39.77212142944336
with_era5,sar_robust_peak,joint_unet_mlp,2.3268203735351562,56.799476623535156,sar_robust_peak,False,2023-02-14T12:24:34+00:00,1,40.42304992675781,38.096229553222656,39.45404052734375,38.096229553222656,38.096229553222656,10.63994026184082,SH112023_sar_geo_20230214122434_504d62a1,54.34000015258789,51.46897888183594,SH112023,3,51.46897888183594
with_era5,sar_robust_peak,joint_unet_mlp,3.5435752868652344,63.91752243041992,sar_robust_peak,True,2023-02-14T23:32:51+00:00,2,48.74361801147461,45.200042724609375,46.97124481201172,45.200042724609375,45.200042724609375,22.529216766357422,SH112023_sar_geo_20230214233251_cc5d83ed,60.20000076293945,54.030601501464844,SH112023,3,54.030601501464844
with_era5,sar_robust_peak,joint_unet_mlp,5.889026641845703,66.80645751953125,sar_robust_peak,False,2023-02-16T00:12:28+00:00,2,45.720619201660156,39.83159255981445,40.815547943115234,39.83159255981445,39.83159255981445,2.3940699100494385,SH112023_sar_geo_20230216001228_9bbc9124,65.4000015258789,57.50040817260742,SH112023,3,57.50040817260742
with_era5,sar_robust_peak,joint_unet_mlp,0.5730438232421875,54.08716583251953,sar_robust_peak,True,2025-02-12T21:33:13+00:00,3,52.97789001464844,52.40484619140625,57.101566314697266,52.40484619140625,52.40484619140625,25.31807518005371,SH172025_sar_geo_20250212213313_92c883b4,70.37999725341797,56.62949752807617,SH172025,3,56.62949752807617
with_era5,sar_robust_peak,joint_unet_mlp,4.072902679443359,59.16106033325195,sar_robust_peak,False,2025-02-13T21:41:24+00:00,2,46.55927658081055,42.48637390136719,44.295841217041016,42.48637390136719,42.48637390136719,4.676295757293701,SH172025_sar_geo_20250213214124_e8716993,60.119998931884766,49.55323028564453,SH172025,3,49.55323028564453
with_era5,sar_robust_peak,joint_unet_mlp,9.650403022766113,20.577760696411133,sar_robust_peak,False,2023-04-10T10:08:15+00:00,0,24.86762237548828,15.217219352722168,21.373043060302734,15.217219352722168,15.217219352722168,-2.5722200870513916,SH182023_sar_geo_20230410100815_7e28c768,26.04296875,17.008670806884766,SH182023,-1,17.008670806884766
with_era5,sar_robust_peak,joint_unet_mlp,11.996070861816406,33.929439544677734,sar_robust_peak,False,2023-04-11T10:15:57+00:00,2,44.55433654785156,32.558265686035156,35.8828125,32.558265686035156,32.558265686035156,13.351679801940918,SH182023_sar_geo_20230411101557_348124f1,48.97999954223633,39.89085388183594,SH182023,1,39.89085388183594
with_era5,sar_robust_peak,joint_unet_mlp,-2.7505264282226562,54.48676300048828,sar_robust_peak,True,2023-04-12T21:32:54+00:00,2,46.361114501953125,49.11164093017578,51.03727340698242,49.11164093017578,49.11164093017578,18.475685119628906,SH182023_sar_geo_20230412213254_daeb85a4,58.2599983215332,51.5367546081543,SH182023,3,51.5367546081543
with_era5,sar_robust_peak,joint_unet_mlp,0.9363670349121094,70.72319030761719,sar_robust_peak,True,2023-04-13T10:30:54+00:00,3,49.748687744140625,48.812320709228516,50.89275360107422,48.812320709228516,48.812320709228516,28.26869773864746,SH182023_sar_geo_20230413103054_f4cd9cae,68.27999877929688,58.23680877685547,SH182023,4,58.23680877685547
with_era5,sar_robust_peak,joint_unet_mlp,3.253962516784668,18.00554084777832,sar_robust_peak,False,2025-03-20T12:00:50+00:00,0,18.87236213684082,15.618399620056152,16.79369354248047,15.618399620056152,15.618399620056152,-2.0649211406707764,SH262025_sar_geo_20250320120050_18f77f5f,17.37593650817871,16.022216796875,SH262025,-1,16.022216796875
with_era5,sar_robust_peak,joint_unet_mlp,3.1198368072509766,15.35915470123291,sar_robust_peak,False,2025-03-20T23:08:39+00:00,0,20.10271644592285,16.982879638671875,18.454238891601562,16.982879638671875,16.982879638671875,-7.790825843811035,SH262025_sar_geo_20250320230839_df8df358,21.73871421813965,20.395126342773438,SH262025,0,20.395126342773438
with_era5,sar_robust_peak,joint_unet_mlp,5.067636489868164,45.73478698730469,sar_robust_peak,True,2024-05-26T21:39:33+00:00,0,24.779558181762695,19.71192169189453,22.64392852783203,19.71192169189453,19.71192169189453,18.24318504333496,WP012024_sar_geo_20240526213933_9df56040,40.63999938964844,35.82577133178711,WP012024,1,35.82577133178711
with_era5,sar_robust_peak,joint_unet_mlp,6.121313095092773,43.72774124145508,sar_robust_peak,False,2024-05-27T09:52:21+00:00,0,31.78014373779297,25.658830642700195,30.014068603515625,25.658830642700195,25.658830642700195,7.698225975036621,WP012024_sar_geo_20240527095221_8e9f9c60,40.900001525878906,35.272613525390625,WP012024,1,35.272613525390625
with_era5,sar_robust_peak,joint_unet_mlp,-1.3603286743164062,35.151100158691406,sar_robust_peak,False,2024-05-28T09:29:33+00:00,0,31.703968048095703,33.06429672241211,35.49988555908203,33.06429672241211,33.06429672241211,-8.576639175415039,WP012024_sar_geo_20240528092933_c06e204a,39.060001373291016,36.184356689453125,WP012024,1,36.184356689453125
with_era5,sar_robust_peak,joint_unet_mlp,0.2645378112792969,39.93971633911133,sar_robust_peak,False,2024-05-28T21:21:48+00:00,1,38.3087043762207,38.044166564941406,40.13326644897461,38.044166564941406,38.044166564941406,4.240161895751953,WP012024_sar_geo_20240528212148_22df3ab7,42.13999938964844,37.435882568359375,WP012024,1,37.435882568359375
with_era5,sar_robust_peak,joint_unet_mlp,2.3095359802246094,35.01763153076172,sar_robust_peak,False,2024-05-29T09:06:12+00:00,0,32.758148193359375,30.448612213134766,35.50385284423828,30.448612213134766,30.448612213134766,0.0,WP012024_sar_geo_20240529090612_d56e7ad6,39.959999084472656,37.48442077636719,WP012024,1,37.48442077636719
with_era5,sar_robust_peak,joint_unet_mlp,16.76723861694336,28.347055435180664,sar_robust_peak,False,2024-05-29T20:56:19+00:00,1,40.983154296875,24.21591567993164,26.38378143310547,24.21591567993164,24.21591567993164,-11.800630569458008,WP012024_sar_geo_20240529205619_9d4a1090,79.12000274658203,33.07667541503906,WP012024,1,33.07667541503906
with_era5,sar_robust_peak,joint_unet_mlp,1.0588912963867188,39.833683013916016,sar_robust_peak,True,2023-07-23T09:43:45+00:00,1,37.715370178222656,36.65647888183594,38.47785568237305,36.65647888183594,36.65647888183594,20.03473663330078,WP052023_sar_geo_20230723094345_16c82bb1,48.20000076293945,38.569480895996094,WP052023,1,38.569480895996094
with_era5,sar_robust_peak,joint_unet_mlp,-0.74456787109375,63.574989318847656,sar_robust_peak,True,2023-07-24T09:52:12+00:00,2,45.702667236328125,46.447235107421875,49.00837707519531,46.447235107421875,46.447235107421875,23.499801635742188,WP052023_sar_geo_20230724095212_6c07dd16,53.779998779296875,47.79603958129883,WP052023,2,47.79603958129883
with_era5,sar_robust_peak,joint_unet_mlp,6.0812835693359375,61.733280181884766,sar_robust_peak,False,2023-07-25T10:00:51+00:00,3,54.306758880615234,48.2254753112793,49.7270622253418,48.2254753112793,48.2254753112793,-1.891153335571289,WP052023_sar_geo_20230725100051_6a4ed126,57.52000045776367,52.65974807739258,WP052023,3,52.65974807739258
with_era5,sar_robust_peak,joint_unet_mlp,-2.631908416748047,47.88854217529297,sar_robust_peak,False,2023-07-26T10:08:50+00:00,1,38.05622100830078,40.68812942504883,41.473976135253906,40.68812942504883,40.68812942504883,-13.844736099243164,WP052023_sar_geo_20230726100850_0d211749,36.900001525878906,35.53444290161133,WP052023,1,35.53444290161133
with_era5,sar_robust_peak,joint_unet_mlp,1.7800254821777344,41.155521392822266,sar_robust_peak,False,2023-07-26T22:01:56+00:00,1,40.28813171386719,38.50810623168945,40.03780746459961,38.50810623168945,38.50810623168945,-15.56059741973877,WP052023_sar_geo_20230726220156_e35acc0b,40.41999816894531,37.58406066894531,WP052023,1,37.58406066894531
with_era5,sar_robust_peak,joint_unet_mlp,2.3633346557617188,41.155521392822266,sar_robust_peak,False,2023-07-26T22:02:52+00:00,1,40.54835510253906,38.185020446777344,39.6234245300293,38.185020446777344,38.185020446777344,-15.539257049560547,WP052023_sar_geo_20230726220252_d3deb372,38.84000015258789,36.08020782470703,WP052023,1,36.08020782470703
with_era5,sar_robust_peak,joint_unet_mlp,4.084129333496094,48.51921463012695,sar_robust_peak,False,2023-07-27T10:17:39+00:00,2,45.48950958251953,41.40538024902344,42.17170715332031,41.40538024902344,41.40538024902344,0.7566613554954529,WP052023_sar_geo_20230727101739_a9e95728,44.81999969482422,41.74239730834961,WP052023,1,41.74239730834961
with_era5,sar_robust_peak,joint_unet_mlp,4.701749801635742,20.577760696411133,sar_robust_peak,False,2024-08-12T07:55:49+00:00,0,22.122201919555664,17.420452117919922,18.51683807373047,17.420452117919922,17.420452117919922,2.5722200870513916,WP072024_sar_geo_20240812075549_e8fedc4e,21.658456802368164,20.483028411865234,WP072024,0,20.483028411865234
with_era5,sar_robust_peak,joint_unet_mlp,0.24873733520507812,19.809429168701172,sar_robust_peak,False,2024-08-12T20:14:25+00:00,0,18.22344970703125,17.974712371826172,19.501611709594727,17.974712371826172,17.974712371826172,-0.7683316469192505,WP072024_sar_geo_20240812201425_1226442e,22.83545684814453,19.634958267211914,WP072024,0,19.634958267211914
with_era5,sar_robust_peak,joint_unet_mlp,2.445230484008789,14.71900463104248,sar_robust_peak,False,2024-08-13T08:04:58+00:00,0,19.961868286132812,17.516637802124023,18.964763641357422,17.516637802124023,17.516637802124023,-5.858755111694336,WP072024_sar_geo_20240813080458_cdd218d1,21.210275650024414,15.737432479858398,WP072024,-1,15.737432479858398
with_era5,sar_robust_peak,joint_unet_mlp,8.376935958862305,25.722200393676758,sar_robust_peak,False,2023-08-26T07:54:01+00:00,1,36.091800689697266,27.71486473083496,29.506271362304688,27.71486473083496,27.71486473083496,5.144440174102783,WP082023_sar_geo_20230826075401_86c4bdd0,38.68000030517578,34.366600036621094,WP082023,1,34.366600036621094
with_era5,sar_robust_peak,joint_unet_mlp,-0.8426971435546875,27.52808952331543,sar_robust_peak,False,2023-08-28T08:14:04+00:00,1,35.53031539916992,36.37301254272461,37.43952941894531,36.37301254272461,36.37301254272461,-0.7663310170173645,WP082023_sar_geo_20230828081404_53227c39,33.70000076293945,31.261465072631836,WP082023,0,31.261465072631836
with_era5,sar_robust_peak,joint_unet_mlp,8.31401252746582,18.00554084777832,sar_robust_peak,False,2024-08-19T21:43:55+00:00,0,24.257793426513672,15.943780899047852,16.92949676513672,15.943780899047852,15.943780899047852,0.7778583765029907,WP102024_sar_geo_20240819214355_fe68614f,31.88100814819336,22.201045989990234,WP102024,0,22.201045989990234
with_era5,sar_robust_peak,joint_unet_mlp,6.347404479980469,43.94685363769531,sar_robust_peak,False,2024-08-26T09:15:20+00:00,1,42.19440460205078,35.84700012207031,37.17574691772461,35.84700012207031,35.84700012207031,6.304797172546387,WP112024_sar_geo_20240826091520_95af66ff,44.79999923706055,41.65532684326172,WP112024,1,41.65532684326172
with_era5,sar_robust_peak,joint_unet_mlp,-2.655284881591797,53.01136016845703,sar_robust_peak,True,2024-08-26T21:04:08+00:00,1,39.335304260253906,41.9905891418457,44.31087875366211,41.9905891418457,41.9905891418457,15.492385864257812,WP112024_sar_geo_20240826210408_a57cc755,52.724998474121094,45.93745040893555,WP112024,2,45.93745040893555
with_era5,sar_robust_peak,joint_unet_mlp,1.5125541687011719,58.26707077026367,sar_robust_peak,False,2024-08-27T09:23:36+00:00,2,43.07879638671875,41.56624221801758,42.07109832763672,41.56624221801758,41.56624221801758,14.202083587646484,WP112024_sar_geo_20240827092336_88090114,57.720001220703125,52.73346710205078,WP112024,3,52.73346710205078
with_era5,sar_robust_peak,joint_unet_mlp,1.6973800659179688,56.58884048461914,sar_robust_peak,False,2024-08-27T21:12:15+00:00,2,44.35691452026367,42.6595344543457,43.48698425292969,42.6595344543457,42.6595344543457,3.5310864448547363,WP112024_sar_geo_20240827211215_cbee7e4b,55.81999969482422,49.47250747680664,WP112024,3,49.47250747680664
with_era5,sar_robust_peak,joint_unet_mlp,0.3422431945800781,50.14400100708008,sar_robust_peak,False,2024-08-28T09:31:40+00:00,2,43.437381744384766,43.09513854980469,43.960384368896484,43.09513854980469,43.09513854980469,-8.169179916381836,WP112024_sar_geo_20240828093140_80dcdc85,58.7586784362793,41.45331954956055,WP112024,1,41.45331954956055
with_era5,sar_robust_peak,joint_unet_mlp,3.8827152252197266,40.90044021606445,sar_robust_peak,False,2024-08-28T21:19:50+00:00,1,34.51078414916992,30.628068923950195,31.408178329467773,30.628068923950195,30.628068923950195,-15.688398361206055,WP112024_sar_geo_20240828211950_9fc5a1dd,80.0,47.3892936706543,WP112024,2,47.3892936706543
with_era5,sar_robust_peak,joint_unet_mlp,-3.4325408935546875,20.577760696411133,sar_robust_peak,False,2024-09-05T20:14:24+00:00,0,23.72848892211914,27.161029815673828,31.01797866821289,27.161029815673828,27.161029815673828,2.5722200870513916,WP132024_sar_geo_20240905201424_2b6d0688,40.540000915527344,31.746538162231445,WP132024,0,31.746538162231445
with_era5,sar_robust_peak,joint_unet_mlp,2.3054819107055664,18.00554084777832,sar_robust_peak,False,2024-09-06T08:05:07+00:00,-1,16.822399139404297,14.51691722869873,15.32435417175293,14.51691722869873,14.51691722869873,0.0,WP132024_sar_geo_20240906080507_a6b444e0,20.746583938598633,19.321083068847656,WP132024,0,19.321083068847656
with_era5,sar_robust_peak,joint_unet_mlp,-1.0276241302490234,17.384206771850586,sar_robust_peak,False,2024-09-06T19:48:42+00:00,0,19.87118911743164,20.898813247680664,23.167919158935547,20.898813247680664,20.898813247680664,-3.193553924560547,WP132024_sar_geo_20240906194842_9f4d9498,20.069189071655273,18.259702682495117,WP132024,0,18.259702682495117
with_era5,sar_robust_peak,joint_unet_mlp,10.903030395507812,22.746999740600586,sar_robust_peak,False,2023-10-19T10:49:30+00:00,2,49.01886749267578,38.11583709716797,40.11028289794922,38.11583709716797,38.11583709716797,2.5722200870513916,WP162023_sar_geo_20231019104930_9a749bdc,80.0,36.78159713745117,WP162023,1,36.78159713745117
with_era5,sar_robust_peak,joint_unet_mlp,15.341436386108398,20.577760696411133,sar_robust_peak,False,2023-10-19T22:43:10+00:00,2,45.49028778076172,30.14885139465332,33.257259368896484,30.14885139465332,30.14885139465332,1.9134458303451538,WP162023_sar_geo_20231019224310_d9ac92a8,80.0,25.158126831054688,WP162023,0,25.158126831054688
with_era5,sar_robust_peak,joint_unet_mlp,4.835418701171875,15.9686279296875,sar_robust_peak,False,2023-10-20T10:57:34+00:00,0,26.537006378173828,21.701587677001953,22.084278106689453,21.701587677001953,21.701587677001953,-6.8244805335998535,WP162023_sar_geo_20231020105734_00b31332,80.0,31.868629455566406,WP162023,0,31.868629455566406
with_era5,sar_robust_peak,joint_unet_mlp,0.8623828887939453,24.468528747558594,sar_robust_peak,False,2025-09-05T08:33:47+00:00,0,24.49209976196289,23.629716873168945,25.687623977661133,23.629716873168945,23.629716873168945,6.462988376617432,WP212025_sar_geo_20250905083347_3ae8e0aa,33.5,27.7016658782959,WP212025,0,27.7016658782959
with_era5,sar_robust_peak,joint_unet_mlp,2.8928775787353516,19.078346252441406,sar_robust_peak,False,2025-09-18T21:07:41+00:00,0,24.270524978637695,21.377647399902344,22.347976684570312,21.377647399902344,21.377647399902344,,WP242025_sar_geo_20250918210741_c0a8f306,22.194433212280273,20.288606643676758,WP242025,0,20.288606643676758
with_era5,sar_robust_peak,joint_unet_mlp,7.004314422607422,30.547494888305664,sar_robust_peak,False,2025-09-19T21:13:40+00:00,1,34.83491897583008,27.830604553222656,28.52056121826172,27.830604553222656,27.830604553222656,11.43494701385498,WP242025_sar_geo_20250919211340_695286ba,36.70000076293945,34.47115707397461,WP242025,1,34.47115707397461
with_era5,sar_robust_peak,joint_unet_mlp,6.533969879150391,30.57440757751465,sar_robust_peak,False,2025-09-19T21:15:33+00:00,1,34.44181442260742,27.90784454345703,28.504505157470703,27.90784454345703,27.90784454345703,11.451094627380371,WP242025_sar_geo_20250919211533_41d7c3ba,34.58000183105469,33.21208953857422,WP242025,1,33.21208953857422
with_era5,sar_robust_peak,joint_unet_mlp,0.05710601806640625,60.323036193847656,sar_robust_peak,True,2025-09-20T21:23:17+00:00,1,41.258338928222656,41.20123291015625,43.315826416015625,41.20123291015625,41.20123291015625,29.638118743896484,WP242025_sar_geo_20250920212317_7e455209,55.7599983215332,48.43717575073242,WP242025,2,48.43717575073242
with_era5,sar_robust_peak,joint_unet_mlp,-3.0758094787597656,72.85513305664062,sar_robust_peak,True,2025-09-21T09:37:09+00:00,2,45.96921920776367,49.04502868652344,54.30305862426758,49.04502868652344,49.04502868652344,27.640933990478516,WP242025_sar_geo_20250921093709_b508ba36,61.41999816894531,55.058265686035156,WP242025,3,55.058265686035156
with_era5,sar_robust_peak,joint_unet_mlp,0.9895095825195312,74.0799331665039,sar_robust_peak,False,2025-09-21T21:31:23+00:00,3,53.89455032348633,52.9050407409668,54.564903259277344,52.9050407409668,52.9050407409668,13.710599899291992,WP242025_sar_geo_20250921213123_bfc94639,66.27999877929688,59.192657470703125,WP242025,4,59.192657470703125
with_era5,sar_robust_peak,joint_unet_mlp,-4.373146057128906,59.700462341308594,sar_robust_peak,False,2025-09-23T10:25:38+00:00,2,46.979698181152344,51.35284423828125,54.285682678222656,51.35284423828125,51.35284423828125,-7.496878147125244,WP242025_sar_geo_20250923102538_5aa662c2,56.34000015258789,49.855220794677734,WP242025,3,49.855220794677734
with_era5,sar_robust_peak,joint_unet_mlp,-2.1687583923339844,56.94694900512695,sar_robust_peak,False,2025-09-23T22:18:14+00:00,2,48.294586181640625,50.46334457397461,52.35362243652344,50.46334457397461,50.46334457397461,-6.8441057205200195,WP242025_sar_geo_20250923221814_e7b45b16,80.0,49.36774444580078,WP242025,2,49.36774444580078
with_era5,sar_robust_peak,joint_unet_mlp,-2.2981033325195312,56.94152069091797,sar_robust_peak,False,2025-09-23T22:18:52+00:00,2,47.87321472167969,50.17131805419922,52.05834197998047,50.17131805419922,50.17131805419922,-6.849535942077637,WP242025_sar_geo_20250923221852_6a75749b,80.0,51.13564682006836,WP242025,3,51.13564682006836
with_era5,sar_robust_peak,joint_unet_mlp,3.410888671875,61.21883773803711,sar_robust_peak,True,2025-10-07T20:56:17+00:00,3,52.83830642700195,49.42741775512695,51.80439758300781,49.42741775512695,49.42741775512695,22.688648223876953,WP282025_sar_geo_20251007205617_b3422293,61.79999923706055,55.649513244628906,WP282025,3,55.649513244628906
with_era5,sar_robust_peak,joint_unet_mlp,-0.7610282897949219,61.21883773803711,sar_robust_peak,False,2025-10-08T08:44:08+00:00,2,43.41478729248047,44.17581558227539,45.90730285644531,44.17581558227539,44.17581558227539,8.215479850769043,WP282025_sar_geo_20251008084408_05dee5d2,48.68000030517578,46.535682678222656,WP282025,2,46.535682678222656
with_era5,sar_robust_peak,joint_unet_mlp,2.8829612731933594,55.207557678222656,sar_robust_peak,False,2025-10-08T20:31:39+00:00,2,44.56536865234375,41.68240737915039,42.816917419433594,41.68240737915039,41.68240737915039,-6.01127815246582,WP282025_sar_geo_20251008203139_134d70ed,59.2400016784668,56.240962982177734,WP282025,3,56.240962982177734
with_era5,sar_robust_peak,joint_unet_mlp,3.9672508239746094,46.24051284790039,sar_robust_peak,False,2025-10-09T08:20:12+00:00,1,41.612606048583984,37.645355224609375,38.71059799194336,37.645355224609375,37.645355224609375,-14.978322982788086,WP282025_sar_geo_20251009082012_18810889,56.439998626708984,54.309810638427734,WP282025,3,54.309810638427734
with_era5,sar_robust_peak,unet_correction,2.0451488494873047,18.20888900756836,sar_robust_peak,False,2025-06-29T12:23:43+00:00,0,21.69881820678711,19.653669357299805,21.872949600219727,19.653669357299805,19.653669357299805,,AL022025_sar_geo_20250629122343_2019fb4c,26.75994873046875,20.296344757080078,AL022025,0,20.296344757080078
with_era5,sar_robust_peak,unet_correction,2.045858860015869,17.183143615722656,sar_robust_peak,False,2025-06-30T00:38:22+00:00,-1,12.369638442993164,10.323779106140137,11.277762413024902,10.323779106140137,10.323779106140137,3.9930858612060547,AL022025_sar_geo_20250630003822_9f8d8538,38.099998474121094,18.442907333374023,AL022025,0,18.442907333374023
with_era5,sar_robust_peak,unet_correction,2.049372911453247,25.722200393676758,sar_robust_peak,False,2023-06-24T09:11:41+00:00,0,25.712135314941406,23.662761688232422,28.029403686523438,23.662761688232422,23.662761688232422,3.53432559967041,AL042023_sar_geo_20230624091141_fc94d478,32.65999221801758,26.53125,AL042023,0,26.53125
with_era5,sar_robust_peak,unet_correction,2.045318841934204,24.210735321044922,sar_robust_peak,False,2023-06-24T21:56:17+00:00,0,25.412771224975586,23.36745262145996,26.0485897064209,23.36745262145996,23.36745262145996,1.0607548952102661,AL042023_sar_geo_20230624215617_3236b686,47.7400016784668,26.545425415039062,AL042023,0,26.545425415039062
with_era5,sar_robust_peak,unet_correction,2.043712615966797,21.681528091430664,sar_robust_peak,False,2023-06-25T09:51:16+00:00,0,20.628450393676758,18.58473777770996,21.030960083007812,18.58473777770996,18.58473777770996,-4.0406718254089355,AL042023_sar_geo_20230625095116_dad4ab5b,28.200000762939453,25.516326904296875,AL042023,0,25.516326904296875
with_era5,sar_robust_peak,unet_correction,2.0432369709014893,24.937578201293945,sar_robust_peak,False,2025-09-25T09:42:44+00:00,0,26.500316619873047,24.45707893371582,25.91561508178711,24.45707893371582,24.45707893371582,,AL082025_sar_geo_20250925094244_08e44ad7,27.859996795654297,21.703502655029297,AL082025,0,21.703502655029297
with_era5,sar_robust_peak,unet_correction,2.04262375831604,55.86671447753906,sar_robust_peak,True,2025-09-26T22:04:44+00:00,2,48.87503433227539,46.8324089050293,52.08769607543945,46.8324089050293,46.8324089050293,25.65894317626953,AL082025_sar_geo_20250926220444_2d00f032,55.41999816894531,48.242061614990234,AL082025,2,48.242061614990234
with_era5,sar_robust_peak,unet_correction,2.050182580947876,55.90815353393555,sar_robust_peak,True,2025-09-26T22:06:11+00:00,2,48.44977569580078,46.399593353271484,51.45955276489258,46.399593353271484,46.399593353271484,25.692094802856445,AL082025_sar_geo_20250926220611_04532c06,51.36000061035156,46.63326644897461,AL082025,2,46.63326644897461
with_era5,sar_robust_peak,unet_correction,2.0495922565460205,66.18160247802734,sar_robust_peak,True,2025-09-27T09:58:13+00:00,2,43.17521667480469,41.12562561035156,44.63991165161133,41.12562561035156,41.12562561035156,26.76637840270996,AL082025_sar_geo_20250927095813_d513fd6c,69.83999633789062,56.139591217041016,AL082025,3,56.139591217041016
with_era5,sar_robust_peak,unet_correction,2.049980640411377,72.02216339111328,sar_robust_peak,True,2025-09-27T22:14:16+00:00,3,52.35752487182617,50.30754470825195,58.44841384887695,50.30754470825195,50.30754470825195,15.88298225402832,AL082025_sar_geo_20250927221416_59358115,68.66000366210938,57.38515853881836,AL082025,3,57.38515853881836
with_era5,sar_robust_peak,unet_correction,2.0540523529052734,65.934814453125,sar_robust_peak,False,2025-09-28T10:05:59+00:00,2,45.16255187988281,43.10850143432617,45.50720977783203,43.10850143432617,43.10850143432617,-0.29118484258651733,AL082025_sar_geo_20250928100559_707f4766,58.29999923706055,51.569278717041016,AL082025,3,51.569278717041016
with_era5,sar_robust_peak,unet_correction,2.0463225841522217,62.5663948059082,sar_robust_peak,False,2025-09-28T22:22:50+00:00,2,48.367183685302734,46.32086181640625,50.570068359375,46.32086181640625,46.32086181640625,-9.455766677856445,AL082025_sar_geo_20250928222250_60332831,57.599998474121094,53.99726104736328,AL082025,3,53.99726104736328
with_era5,sar_robust_peak,unet_correction,2.0453102588653564,63.696075439453125,sar_robust_peak,False,2025-09-29T10:13:23+00:00,2,45.71152877807617,43.66621780395508,45.43987274169922,43.66621780395508,43.66621780395508,-2.1329896450042725,AL082025_sar_geo_20250929101323_61e03351,56.5,49.547393798828125,AL082025,3,49.547393798828125
with_era5,sar_robust_peak,unet_correction,2.0474376678466797,53.46254348754883,sar_robust_peak,False,2025-09-29T22:31:44+00:00,1,34.72795104980469,32.68051528930664,33.88624572753906,32.68051528930664,32.68051528930664,-9.027539253234863,AL082025_sar_geo_20250929223144_b6a1244f,58.15999984741211,50.252620697021484,AL082025,3,50.252620697021484
with_era5,sar_robust_peak,unet_correction,2.0504117012023926,53.445396423339844,sar_robust_peak,False,2025-09-29T22:32:29+00:00,1,35.26689910888672,33.216487884521484,33.98278045654297,33.216487884521484,33.216487884521484,-9.038256645202637,AL082025_sar_geo_20250929223229_4e0b44ba,62.34000015258789,53.213584899902344,AL082025,3,53.213584899902344
with_era5,sar_robust_peak,unet_correction,2.0458872318267822,38.4094352722168,sar_robust_peak,False,2025-09-30T10:36:05+00:00,1,37.764041900634766,35.71815490722656,37.20155334472656,35.71815490722656,35.71815490722656,-25.416391372680664,AL082025_sar_geo_20250930103605_996c3d15,39.959999084472656,38.323768615722656,AL082025,1,38.323768615722656
with_era5,sar_robust_peak,unet_correction,2.04508376121521,36.01108169555664,sar_robust_peak,False,2025-09-30T22:41:16+00:00,1,38.96181106567383,36.91672897338867,39.42584228515625,36.91672897338867,36.91672897338867,-17.23349380493164,AL082025_sar_geo_20250930224116_f96a335d,40.86000061035156,37.576480865478516,AL082025,1,37.576480865478516
with_era5,sar_robust_peak,unet_correction,2.0479555130004883,34.248538970947266,sar_robust_peak,False,2025-10-01T10:25:34+00:00,1,38.26117706298828,36.21322250366211,37.91810607910156,36.21322250366211,36.21322250366211,-4.461467742919922,AL082025_sar_geo_20251001102534_7c316d67,38.15999984741211,36.33675765991211,AL082025,1,36.33675765991211
with_era5,sar_robust_peak,unet_correction,2.051572561264038,25.665515899658203,sar_robust_peak,False,2024-09-24T23:50:05+00:00,0,25.774749755859375,23.723176956176758,25.163623809814453,23.723176956176758,23.723176956176758,7.659976005554199,AL092024_sar_geo_20240924235005_f6c42560,34.099998474121094,25.84740447998047,AL092024,0,25.84740447998047
with_era5,sar_robust_peak,unet_correction,2.043515682220459,33.20021438598633,sar_robust_peak,False,2024-09-25T11:43:18+00:00,2,46.29020309448242,44.24668884277344,46.63545608520508,44.24668884277344,44.24668884277344,12.717912673950195,AL092024_sar_geo_20240925114318_182f4c98,38.81999969482422,32.314483642578125,AL092024,0,32.314483642578125
with_era5,sar_robust_peak,unet_correction,2.047513246536255,36.01108169555664,sar_robust_peak,False,2024-09-25T23:58:53+00:00,2,44.33401107788086,42.2864990234375,42.937957763671875,42.2864990234375,42.2864990234375,10.295263290405273,AL092024_sar_geo_20240925235853_bb2fffd5,38.32500076293945,32.80063247680664,AL092024,0,32.80063247680664
with_era5,sar_robust_peak,unet_correction,2.05049204826355,43.58650588989258,sar_robust_peak,False,2024-09-26T11:50:07+00:00,2,44.63739776611328,42.58690643310547,43.93727111816406,42.58690643310547,42.58690643310547,10.288880348205566,AL092024_sar_geo_20240926115007_1dfc3535,41.63999938964844,35.869930267333984,AL092024,1,35.869930267333984
with_era5,sar_robust_peak,unet_correction,2.0513439178466797,61.2578010559082,sar_robust_peak,True,2024-09-26T23:36:14+00:00,3,55.16447448730469,53.11313247680664,56.53119659423828,53.11313247680664,53.11313247680664,25.246721267700195,AL092024_sar_geo_20240926233614_4c4a4e8d,56.41999816894531,52.753684997558594,AL092024,3,52.753684997558594
with_era5,sar_robust_peak,unet_correction,2.0402886867523193,61.27547073364258,sar_robust_peak,True,2024-09-26T23:37:07+00:00,3,54.45817184448242,52.417884826660156,55.947593688964844,52.417884826660156,52.417884826660156,25.264392852783203,AL092024_sar_geo_20240926233707_ba644eb1,53.97999954223633,51.04243469238281,AL092024,3,51.04243469238281
with_era5,sar_robust_peak,unet_correction,2.0512757301330566,61.300479888916016,sar_robust_peak,True,2024-09-26T23:38:22+00:00,3,55.36194610595703,53.3106689453125,56.794708251953125,53.3106689453125,53.3106689453125,25.289400100708008,AL092024_sar_geo_20240926233822_7d97bd32,55.97999954223633,51.9205207824707,AL092024,3,51.9205207824707
with_era5,sar_robust_peak,unet_correction,2.0518949031829834,27.9754638671875,sar_robust_peak,False,2025-09-29T23:04:12+00:00,0,28.02464485168457,25.972749710083008,26.98909568786621,25.972749710083008,25.972749710083008,9.969924926757812,AL092025_sar_geo_20250929230412_3b893bbb,33.125,25.969348907470703,AL092025,0,25.969348907470703
with_era5,sar_robust_peak,unet_correction,2.0428850650787354,36.01108169555664,sar_robust_peak,False,2025-09-30T23:11:51+00:00,1,37.42994689941406,35.387062072753906,36.824222564697266,35.387062072753906,35.387062072753906,7.99188756942749,AL092025_sar_geo_20250930231151_62ee93bd,37.7400016784668,33.46464538574219,AL092025,1,33.46464538574219
with_era5,sar_robust_peak,unet_correction,2.051301956176758,37.67373275756836,sar_robust_peak,False,2025-10-02T10:03:39+00:00,2,44.327964782714844,42.27666473388672,42.80690002441406,42.27666473388672,42.27666473388672,-2.8167238235473633,AL092025_sar_geo_20251002100339_1686cf44,55.81999969482422,47.7620964050293,AL092025,2,47.7620964050293
with_era5,sar_robust_peak,unet_correction,2.044398069381714,23.149980545043945,sar_robust_peak,False,2024-09-26T09:38:24+00:00,0,22.998647689819336,20.95425033569336,24.62005615234375,20.95425033569336,20.95425033569336,0.0,AL102024_sar_geo_20240926093824_136192f5,30.619998931884766,26.88939666748047,AL102024,0,26.88939666748047
with_era5,sar_robust_peak,unet_correction,2.0448250770568848,27.43263053894043,sar_robust_peak,False,2024-09-26T21:29:14+00:00,0,25.779268264770508,23.73444366455078,26.28520965576172,23.73444366455078,23.73444366455078,4.282650947570801,AL102024_sar_geo_20240926212914_03bcc908,34.779998779296875,28.738861083984375,AL102024,0,28.738861083984375
with_era5,sar_robust_peak,unet_correction,2.051637887954712,32.48942565917969,sar_robust_peak,False,2024-09-27T09:13:54+00:00,0,27.288721084594727,25.237083435058594,26.19879913330078,25.237083435058594,25.237083435058594,9.339445114135742,AL102024_sar_geo_20240927091354_3a788dd8,36.91999816894531,34.587730407714844,AL102024,1,34.587730407714844
with_era5,sar_robust_peak,unet_correction,2.0498578548431396,46.29996109008789,sar_robust_peak,False,2024-09-28T08:49:27+00:00,1,38.160125732421875,36.110267639160156,39.23052215576172,36.110267639160156,36.110267639160156,13.980443954467773,AL102024_sar_geo_20240928084927_9b67e147,43.02000045776367,41.03065872192383,AL102024,1,41.03065872192383
with_era5,sar_robust_peak,unet_correction,2.047724485397339,35.18644714355469,sar_robust_peak,False,2024-09-29T08:24:16+00:00,1,39.9517822265625,37.904056549072266,38.3463020324707,37.904056549072266,37.904056549072266,-11.11351490020752,AL102024_sar_geo_20240929082416_cf0e50b0,38.34000015258789,35.84708786010742,AL102024,1,35.84708786010742
with_era5,sar_robust_peak,unet_correction,2.044487953186035,30.07201385498047,sar_robust_peak,False,2024-09-29T20:19:01+00:00,1,39.07122039794922,37.0267333984375,37.41707992553711,37.0267333984375,37.0267333984375,-11.669161796569824,AL102024_sar_geo_20240929201901_eceb8b95,37.47999954223633,34.81792068481445,AL102024,1,34.81792068481445
with_era5,sar_robust_peak,unet_correction,2.046649217605591,22.25275230407715,sar_robust_peak,False,2025-10-07T21:23:02+00:00,0,31.60019874572754,29.55354881286621,32.92561721801758,29.55354881286621,29.55354881286621,,AL102025_sar_geo_20251007212302_65a32d77,31.35999870300293,28.337852478027344,AL102025,0,28.337852478027344
with_era5,sar_robust_peak,unet_correction,2.047106981277466,26.01824378967285,sar_robust_peak,False,2025-10-08T09:20:43+00:00,0,26.479515075683594,24.43240737915039,25.798019409179688,24.43240737915039,24.43240737915039,6.350954055786133,AL102025_sar_geo_20251008092043_77759e8c,33.619998931884766,29.984731674194336,AL102025,0,29.984731674194336
with_era5,sar_robust_peak,unet_correction,2.0444095134735107,25.722200393676758,sar_robust_peak,False,2025-10-09T22:12:45+00:00,0,27.83814811706543,25.793739318847656,26.095766067504883,25.793739318847656,25.793739318847656,-2.5722200870513916,AL102025_sar_geo_20251009221245_f4761526,31.220003128051758,27.99546241760254,AL102025,0,27.99546241760254
with_era5,sar_robust_peak,unet_correction,2.051506757736206,25.722200393676758,sar_robust_peak,False,2025-10-10T10:05:06+00:00,0,25.248523712158203,23.197017669677734,23.99537467956543,23.197017669677734,23.197017669677734,-0.985160231590271,AL102025_sar_geo_20251010100506_5c04fb1b,24.438796997070312,23.330018997192383,AL102025,0,23.330018997192383
with_era5,sar_robust_peak,unet_correction,2.0524208545684814,25.722200393676758,sar_robust_peak,False,2025-10-10T22:21:57+00:00,0,26.04514503479004,23.99272346496582,26.73233413696289,23.99272346496582,23.99272346496582,0.0,AL102025_sar_geo_20251010222157_3cb50cd4,40.099998474121094,29.378992080688477,AL102025,0,29.378992080688477
with_era5,sar_robust_peak,unet_correction,2.045076608657837,23.149980545043945,sar_robust_peak,False,2025-10-11T10:13:58+00:00,0,23.338586807250977,21.29351043701172,22.8687686920166,21.29351043701172,21.29351043701172,-2.5722200870513916,AL102025_sar_geo_20251011101358_f6a30809,33.18000030517578,22.940021514892578,AL102025,0,22.940021514892578
with_era5,sar_robust_peak,unet_correction,2.0476863384246826,45.82767105102539,sar_robust_peak,True,2024-11-06T11:26:57+00:00,2,42.9853630065918,40.93767547607422,43.70508575439453,40.93767547607422,40.93767547607422,20.294387817382812,AL182024_sar_geo_20241106112657_5c0e7c84,46.68000030517578,42.82679748535156,AL182024,2,42.82679748535156
with_era5,sar_robust_peak,unet_correction,2.047271728515625,49.17279052734375,sar_robust_peak,False,2024-11-06T23:40:43+00:00,2,42.792510986328125,40.7452392578125,43.533897399902344,40.7452392578125,40.7452392578125,13.437273025512695,AL182024_sar_geo_20241106234043_5d0cd6d0,50.380001068115234,42.11057662963867,AL182024,1,42.11057662963867
with_era5,sar_robust_peak,unet_correction,2.049347162246704,49.1434326171875,sar_robust_peak,False,2024-11-06T23:42:36+00:00,2,43.85329818725586,41.803951263427734,44.90660858154297,41.803951263427734,41.803951263427734,13.381000518798828,AL182024_sar_geo_20241106234236_1f54d7b2,54.099998474121094,44.40436553955078,AL182024,2,44.40436553955078
with_era5,sar_robust_peak,unet_correction,2.044670343399048,49.12030792236328,sar_robust_peak,False,2024-11-06T23:44:05+00:00,1,40.50230407714844,38.45763397216797,41.23490905761719,38.45763397216797,38.45763397216797,13.336679458618164,AL182024_sar_geo_20241106234405_6e8a2b86,54.119998931884766,47.42927169799805,AL182024,2,47.42927169799805
with_era5,sar_robust_peak,unet_correction,2.0481739044189453,46.29996109008789,sar_robust_peak,False,2024-11-07T11:34:27+00:00,1,41.694671630859375,39.6464958190918,42.0888671875,39.6464958190918,39.6464958190918,0.3651123344898224,AL182024_sar_geo_20241107113427_6c78673a,52.459999084472656,47.70045471191406,AL182024,2,47.70045471191406
with_era5,sar_robust_peak,unet_correction,2.0468084812164307,46.29996109008789,sar_robust_peak,False,2024-11-07T23:51:05+00:00,2,47.19845199584961,45.151641845703125,49.05381774902344,45.151641845703125,45.151641845703125,-2.711223840713501,AL182024_sar_geo_20241107235105_7cb0f20e,48.119998931884766,45.014564514160156,AL182024,2,45.014564514160156
with_era5,sar_robust_peak,unet_correction,2.049016237258911,33.456390380859375,sar_robust_peak,False,2024-11-08T23:59:14+00:00,0,31.645263671875,29.59624671936035,31.507617950439453,29.59624671936035,29.59624671936035,-12.843570709228516,AL182024_sar_geo_20241108235914_8a172b82,46.040000915527344,37.65009689331055,AL182024,1,37.65009689331055
with_era5,sar_robust_peak,unet_correction,2.0462915897369385,25.80436897277832,sar_robust_peak,False,2024-11-09T11:50:25+00:00,0,22.412389755249023,20.366098403930664,21.547203063964844,20.366098403930664,20.366098403930664,-23.20475959777832,AL182024_sar_geo_20241109115025_a47eebe7,36.900001525878906,30.126853942871094,AL182024,0,30.126853942871094
with_era5,sar_robust_peak,unet_correction,2.0504047870635986,20.519838333129883,sar_robust_peak,False,2024-11-10T00:10:08+00:00,0,20.78706169128418,18.736656188964844,22.113548278808594,18.736656188964844,18.736656188964844,-12.774215698242188,AL182024_sar_geo_20241110001008_2b803752,30.479999542236328,25.998462677001953,AL182024,0,25.998462677001953
with_era5,sar_robust_peak,unet_correction,2.047607183456421,18.00554084777832,sar_robust_peak,False,2024-11-10T11:58:06+00:00,0,20.437898635864258,18.390291213989258,20.127803802490234,18.390291213989258,18.390291213989258,-7.732950687408447,AL182024_sar_geo_20241110115806_c5d91f61,30.91888427734375,17.999176025390625,AL182024,0,17.999176025390625
with_era5,sar_robust_peak,unet_correction,2.04872727394104,38.58330154418945,sar_robust_peak,False,2023-06-29T13:04:56+00:00,0,24.513975143432617,22.465248107910156,25.080020904541016,22.465248107910156,22.465248107910156,4.587697505950928,EP012023_sar_geo_20230629130456_9d69b2fc,38.599998474121094,36.31546401977539,EP012023,1,36.31546401977539
with_era5,sar_robust_peak,unet_correction,2.0459015369415283,46.29996109008789,sar_robust_peak,False,2023-06-30T13:12:49+00:00,1,36.38066482543945,34.33476257324219,37.81538009643555,34.33476257324219,34.33476257324219,7.716660022735596,EP012023_sar_geo_20230630131249_66c8cd8c,43.15999984741211,38.57410430908203,EP012023,1,38.57410430908203
with_era5,sar_robust_peak,unet_correction,2.0505735874176025,28.29442024230957,sar_robust_peak,False,2025-08-01T02:13:07+00:00,0,23.30875015258789,21.258176803588867,24.139768600463867,21.258176803588867,21.258176803588867,9.147528648376465,EP072025_sar_geo_20250801021307_8951090d,28.525001525878906,25.266023635864258,EP072025,0,25.266023635864258
with_era5,sar_robust_peak,unet_correction,2.0515286922454834,33.43886184692383,sar_robust_peak,False,2025-08-02T02:21:52+00:00,1,39.058998107910156,37.007469177246094,38.76925277709961,37.007469177246094,37.007469177246094,5.144440174102783,EP072025_sar_geo_20250802022152_23b97394,33.459999084472656,31.609230041503906,EP072025,0,31.609230041503906
with_era5,sar_robust_peak,unet_correction,2.0527634620666504,32.65681076049805,sar_robust_peak,False,2025-08-02T14:16:49+00:00,1,38.871925354003906,36.81916046142578,37.949867248535156,36.81916046142578,36.81916046142578,3.189314603805542,EP072025_sar_geo_20250802141649_e9600fe9,34.0,32.232173919677734,EP072025,0,32.232173919677734
with_era5,sar_robust_peak,unet_correction,2.047135829925537,27.24152374267578,sar_robust_peak,False,2025-08-03T03:02:48+00:00,1,40.340030670166016,38.29289627075195,41.003257751464844,38.29289627075195,38.29289627075195,-6.197335243225098,EP072025_sar_geo_20250803030248_1ccccbaf,30.81999969482422,28.60904312133789,EP072025,0,28.60904312133789
with_era5,sar_robust_peak,unet_correction,2.0476419925689697,23.149980545043945,sar_robust_peak,False,2025-08-05T02:13:12+00:00,0,24.949209213256836,22.901567459106445,25.658540725708008,22.901567459106445,22.901567459106445,,EP082025_sar_geo_20250805021312_5901b79b,26.499990463256836,24.82594871520996,EP082025,0,24.82594871520996
with_era5,sar_robust_peak,unet_correction,2.0469186305999756,23.149980545043945,sar_robust_peak,False,2025-08-05T14:09:24+00:00,0,27.454343795776367,25.407424926757812,26.878284454345703,25.407424926757812,25.407424926757812,4.034955978393555,EP082025_sar_geo_20250805140924_db0bcc3b,27.479997634887695,25.81668472290039,EP082025,0,25.81668472290039
with_era5,sar_robust_peak,unet_correction,2.044092893600464,23.149980545043945,sar_robust_peak,False,2025-08-07T03:02:13+00:00,0,26.384126663208008,24.34003448486328,26.622848510742188,24.34003448486328,24.34003448486328,0.0,EP082025_sar_geo_20250807030213_52172340,23.57967185974121,22.859434127807617,EP082025,0,22.859434127807617
with_era5,sar_robust_peak,unet_correction,2.049743175506592,20.624441146850586,sar_robust_peak,False,2025-08-07T14:56:44+00:00,0,26.262880325317383,24.213136672973633,27.490402221679688,24.213136672973633,24.213136672973633,-2.525538921356201,EP082025_sar_geo_20250807145644_31bd62e0,22.598384857177734,19.2292423248291,EP082025,0,19.2292423248291
with_era5,sar_robust_peak,unet_correction,2.049913167953491,17.23149299621582,sar_robust_peak,False,2025-08-09T15:44:35+00:00,0,26.347158432006836,24.297245025634766,27.454336166381836,24.297245025634766,24.297245025634766,0.6371008157730103,EP082025_sar_geo_20250809154435_526418b6,23.359994888305664,20.623403549194336,EP082025,0,20.623403549194336
with_era5,sar_robust_peak,unet_correction,2.0509798526763916,22.46662712097168,sar_robust_peak,False,2025-08-10T04:00:27+00:00,0,25.291217803955078,23.240238189697266,27.032033920288086,23.240238189697266,23.240238189697266,7.033307075500488,EP082025_sar_geo_20250810040027_fac1c713,30.600000381469727,26.777254104614258,EP082025,0,26.777254104614258
with_era5,sar_robust_peak,unet_correction,2.05224347114563,18.00554084777832,sar_robust_peak,False,2025-08-31T13:53:40+00:00,-1,16.588882446289062,14.536638259887695,17.751869201660156,14.536638259887695,14.536638259887695,,EP112025_sar_geo_20250831135340_50cc57bc,25.478801727294922,18.667150497436523,EP112025,0,18.667150497436523
with_era5,sar_robust_peak,unet_correction,2.0500550270080566,20.577760696411133,sar_robust_peak,False,2025-09-01T02:37:32+00:00,0,28.541683197021484,26.491628646850586,29.718870162963867,26.491628646850586,26.491628646850586,5.144440174102783,EP112025_sar_geo_20250901023732_00244e32,23.953760147094727,19.280054092407227,EP112025,0,19.280054092407227
with_era5,sar_robust_peak,unet_correction,2.050175666809082,30.657766342163086,sar_robust_peak,False,2025-09-02T02:45:23+00:00,0,24.95146942138672,22.901294708251953,25.057708740234375,22.901294708251953,22.901294708251953,10.08000659942627,EP112025_sar_geo_20250902024523_0597f171,32.560001373291016,30.432666778564453,EP112025,0,30.432666778564453
with_era5,sar_robust_peak,unet_correction,2.050532579421997,39.879268646240234,sar_robust_peak,False,2025-09-02T14:31:09+00:00,0,28.401119232177734,26.3505859375,28.21338653564453,26.3505859375,26.3505859375,14.569339752197266,EP112025_sar_geo_20250902143109_15133331,40.619998931884766,36.63118362426758,EP112025,1,36.63118362426758
with_era5,sar_robust_peak,unet_correction,2.0530359745025635,64.30549621582031,sar_robust_peak,True,2025-09-04T03:01:20+00:00,1,42.25227737426758,40.199241638183594,45.3209228515625,40.199241638183594,40.199241638183594,18.00554084777832,EP112025_sar_geo_20250904030120_36e6b792,58.900001525878906,53.88230514526367,EP112025,3,53.88230514526367
with_era5,sar_robust_peak,unet_correction,2.053138494491577,52.952720642089844,sar_robust_peak,False,2025-09-05T14:55:55+00:00,1,42.15363693237305,40.10049819946289,45.6584358215332,40.10049819946289,40.10049819946289,-6.208338737487793,EP112025_sar_geo_20250905145555_b621c593,48.65999984741211,44.48773956298828,EP112025,2,44.48773956298828
with_era5,sar_robust_peak,unet_correction,2.049471616744995,53.02250289916992,sar_robust_peak,False,2025-09-05T15:06:05+00:00,1,41.41334533691406,39.36387252807617,44.99327087402344,39.36387252807617,39.36387252807617,-6.138555526733398,EP112025_sar_geo_20250905150605_f70970d3,51.959999084472656,44.34177780151367,EP112025,2,44.34177780151367
with_era5,sar_robust_peak,unet_correction,2.0537970066070557,60.8060417175293,sar_robust_peak,False,2025-09-06T03:17:47+00:00,3,50.03534698486328,47.98154830932617,57.19794464111328,47.98154830932617,47.98154830932617,5.398565769195557,EP112025_sar_geo_20250906031747_a0f470c3,53.68000030517578,48.07802200317383,EP112025,2,48.07802200317383
with_era5,sar_robust_peak,unet_correction,2.0446419715881348,60.841670989990234,sar_robust_peak,False,2025-09-06T03:24:01+00:00,3,50.78010177612305,48.73545837402344,58.22148513793945,48.73545837402344,48.73545837402344,5.487640857696533,EP112025_sar_geo_20250906032401_30e03b1e,54.08000183105469,48.24021530151367,EP112025,2,48.24021530151367
with_era5,sar_robust_peak,unet_correction,2.0511109828948975,56.58884048461914,sar_robust_peak,False,2025-09-06T15:13:56+00:00,1,39.75584030151367,37.70473098754883,40.76728820800781,37.70473098754883,37.70473098754883,3.5214643478393555,EP112025_sar_geo_20250906151356_04821eb9,50.959999084472656,46.29977798461914,EP112025,2,46.29977798461914
with_era5,sar_robust_peak,unet_correction,2.0466339588165283,57.84151077270508,sar_robust_peak,False,2025-09-07T03:33:54+00:00,2,45.16630172729492,43.119667053222656,49.15583038330078,43.119667053222656,43.119667053222656,-3.056654691696167,EP112025_sar_geo_20250907033354_b508e3f3,55.36000061035156,47.101844787597656,EP112025,2,47.101844787597656
with_era5,sar_robust_peak,unet_correction,2.046769380569458,51.13240051269531,sar_robust_peak,False,2025-09-07T15:21:50+00:00,1,37.97568130493164,35.92891311645508,39.91484069824219,35.92891311645508,35.92891311645508,-5.4564409255981445,EP112025_sar_geo_20250907152150_44831e4a,52.34000015258789,44.898902893066406,EP112025,2,44.898902893066406
with_era5,sar_robust_peak,unet_correction,2.0453484058380127,51.05809020996094,sar_robust_peak,False,2025-09-07T15:27:02+00:00,1,38.468505859375,36.42315673828125,40.89605712890625,36.42315673828125,36.42315673828125,-5.530749320983887,EP112025_sar_geo_20250907152702_516cb755,46.79999923706055,42.14361572265625,EP112025,1,42.14361572265625
with_era5,sar_robust_peak,unet_correction,2.0441951751708984,47.35714340209961,sar_robust_peak,False,2025-09-08T03:56:42+00:00,1,34.79505920410156,32.75086212158203,34.88970947265625,32.75086212158203,32.75086212158203,-10.288880348205566,EP112025_sar_geo_20250908035642_aba9a661,45.7400016784668,41.26231384277344,EP112025,1,41.26231384277344
with_era5,sar_robust_peak,unet_correction,2.041595458984375,47.271400451660156,sar_robust_peak,False,2025-09-08T04:06:42+00:00,1,35.91801452636719,33.87641906738281,36.59867477416992,33.87641906738281,33.87641906738281,-10.288880348205566,EP112025_sar_geo_20250908040642_4064952a,44.70000076293945,38.03972244262695,EP112025,1,38.03972244262695
with_era5,sar_robust_peak,unet_correction,2.041485548019409,42.17869186401367,sar_robust_peak,False,2025-09-08T16:00:40+00:00,1,36.62847900390625,34.58699417114258,37.11266326904297,34.58699417114258,34.58699417114258,-8.398775100708008,EP112025_sar_geo_20250908160040_97c65dbe,38.15999984741211,33.663917541503906,EP112025,1,33.663917541503906
with_era5,sar_robust_peak,unet_correction,2.0429165363311768,28.10883903503418,sar_robust_peak,False,2025-09-09T04:15:37+00:00,0,30.08275604248047,28.039838790893555,30.71184730529785,28.039838790893555,28.039838790893555,-19.086111068725586,EP112025_sar_geo_20250909041537_5b813509,28.719999313354492,26.119365692138672,EP112025,0,26.119365692138672
with_era5,sar_robust_peak,unet_correction,2.041909694671631,20.577760696411133,sar_robust_peak,False,2025-09-09T16:08:11+00:00,0,25.070011138916016,23.028100967407227,25.306255340576172,23.028100967407227,23.028100967407227,-21.536483764648438,EP112025_sar_geo_20250909160811_93d58b53,22.379152297973633,20.639429092407227,EP112025,0,20.639429092407227
with_era5,sar_robust_peak,unet_correction,2.048489809036255,18.00554084777832,sar_robust_peak,False,2025-09-10T04:32:26+00:00,0,22.15170669555664,20.10321617126465,21.203189849853516,20.10321617126465,20.10321617126465,-9.718799591064453,EP112025_sar_geo_20250910043226_d511f8a6,22.29558563232422,21.114418029785156,EP112025,0,21.114418029785156
with_era5,sar_robust_peak,unet_correction,2.048218250274658,17.02028465270996,sar_robust_peak,False,2024-11-03T02:52:22+00:00,0,19.095014572143555,17.046796798706055,19.348636627197266,17.046796798706055,17.046796798706055,0.10908117890357971,EP132024_sar_geo_20241103025222_0b408406,29.4999942779541,19.52695655822754,EP132024,0,19.52695655822754
with_era5,sar_robust_peak,unet_correction,2.051459550857544,21.506473541259766,sar_robust_peak,False,2025-10-01T01:48:19+00:00,0,27.367740631103516,25.316280364990234,30.722375869750977,25.316280364990234,25.316280364990234,6.073154449462891,EP152025_sar_geo_20251001014819_ecce4d81,22.797077178955078,20.27893829345703,EP152025,0,20.27893829345703
with_era5,sar_robust_peak,unet_correction,2.05202579498291,28.29442024230957,sar_robust_peak,False,2025-10-02T01:56:42+00:00,0,25.926223754882812,23.87419891357422,28.763713836669922,23.87419891357422,23.87419891357422,6.716066360473633,EP152025_sar_geo_20251002015642_c698cb8c,33.900001525878906,29.120439529418945,EP152025,0,29.120439529418945
with_era5,sar_robust_peak,unet_correction,2.04945969581604,24.19444465637207,sar_robust_peak,False,2025-10-03T14:01:49+00:00,0,31.911893844604492,29.86243438720703,33.23370361328125,29.86243438720703,29.86243438720703,-4.0999755859375,EP152025_sar_geo_20251003140149_960deafc,28.145071029663086,23.714588165283203,EP152025,0,23.714588165283203
with_era5,sar_robust_peak,unet_correction,2.052158832550049,25.722200393676758,sar_robust_peak,False,2025-10-04T02:13:11+00:00,0,25.8278865814209,23.775728225708008,28.151084899902344,23.775728225708008,23.775728225708008,0.7612818479537964,EP152025_sar_geo_20251004021311_4c850972,20.299226760864258,19.292953491210938,EP152025,0,19.292953491210938
with_era5,sar_robust_peak,unet_correction,2.0453314781188965,37.072547912597656,sar_robust_peak,False,2025-10-05T14:03:48+00:00,1,42.43552780151367,40.39019775390625,43.14680480957031,40.39019775390625,40.39019775390625,8.778129577636719,EP152025_sar_geo_20251005140348_c360bcf0,43.31999969482422,37.018798828125,EP152025,1,37.018798828125
with_era5,sar_robust_peak,unet_correction,2.0425455570220947,40.3003044128418,sar_robust_peak,False,2025-10-06T02:29:37+00:00,1,36.77281951904297,34.73027420043945,37.588592529296875,34.73027420043945,34.73027420043945,8.150840759277344,EP152025_sar_geo_20251006022937_f3bbea1a,47.880001068115234,37.92021179199219,EP152025,1,37.92021179199219
with_era5,sar_robust_peak,unet_correction,2.048330545425415,29.242568969726562,sar_robust_peak,False,2025-10-06T13:53:39+00:00,0,26.621654510498047,24.57332420349121,28.06719398498535,24.57332420349121,24.57332420349121,-7.742953777313232,EP152025_sar_geo_20251006135339_68af0d71,27.599903106689453,25.37576675415039,EP152025,0,25.37576675415039
with_era5,sar_robust_peak,unet_correction,2.0529868602752686,23.149980545043945,sar_robust_peak,False,2025-10-07T02:05:53+00:00,0,24.612781524658203,22.559795379638672,26.125102996826172,22.559795379638672,22.559795379638672,-17.285985946655273,EP152025_sar_geo_20251007020553_ee3499a4,24.97989845275879,22.91554069519043,EP152025,0,22.91554069519043
with_era5,sar_robust_peak,unet_correction,2.0511722564697266,26.13375473022461,sar_robust_peak,False,2023-10-24T00:48:00+00:00,0,27.82232666015625,25.771154403686523,29.564180374145508,25.771154403686523,25.771154403686523,8.128214836120605,EP182023_sar_geo_20231024004800_e546df77,55.5,26.057025909423828,EP182023,0,26.057025909423828
with_era5,sar_robust_peak,unet_correction,2.0505499839782715,69.1234130859375,sar_robust_peak,True,2023-10-25T00:52:23+00:00,2,45.379520416259766,43.32897186279297,49.87799072265625,43.32897186279297,43.32897186279297,42.95207214355469,EP182023_sar_geo_20231025005223_896d8572,59.720001220703125,49.42375183105469,EP182023,3,49.42375183105469
with_era5,sar_robust_peak,unet_correction,2.049023389816284,18.413951873779297,sar_robust_peak,False,2024-11-29T12:47:38+00:00,0,24.24454689025879,22.195524215698242,23.045421600341797,22.195524215698242,22.195524215698242,2.9806313514709473,IO042024_sar_geo_20241129124738_26d1fed9,25.840084075927734,20.021028518676758,IO042024,0,20.021028518676758
with_era5,sar_robust_peak,unet_correction,2.0518569946289062,46.22208023071289,sar_robust_peak,True,2023-10-24T12:01:49+00:00,1,38.39787673950195,36.34601974487305,38.29289627075195,36.34601974487305,36.34601974487305,23.046138763427734,IO062023_sar_geo_20231024120149_0c524d06,80.0,65.44290924072266,IO062023,4,65.44290924072266
with_era5,sar_robust_peak,unet_correction,2.04536771774292,27.343936920166016,sar_robust_peak,False,2024-01-25T08:46:17+00:00,0,28.125564575195312,26.080196380615234,27.432830810546875,26.080196380615234,26.080196380615234,5.340452671051025,SH072024_sar_geo_20240125084617_b51a9b24,38.540000915527344,34.80113220214844,SH072024,1,34.80113220214844
with_era5,sar_robust_peak,unet_correction,2.0509331226348877,32.40449523925781,sar_robust_peak,False,2023-02-08T22:12:23+00:00,2,43.49037551879883,41.4394416809082,42.94552230834961,41.4394416809082,41.4394416809082,-13.895465850830078,SH112023_sar_geo_20230208221223_c0b8bb16,35.70000076293945,34.01755142211914,SH112023,1,34.01755142211914
with_era5,sar_robust_peak,unet_correction,2.048146963119507,26.137470245361328,sar_robust_peak,False,2023-02-09T11:11:34+00:00,0,30.093721389770508,28.045574188232422,30.429147720336914,28.045574188232422,28.045574188232422,-18.00554084777832,SH112023_sar_geo_20230209111134_f30f8ca8,31.280000686645508,28.429794311523438,SH112023,0,28.429794311523438
with_era5,sar_robust_peak,unet_correction,2.0460875034332275,33.43886184692383,sar_robust_peak,False,2023-02-09T22:20:32+00:00,1,37.53829574584961,35.49220657348633,38.2066650390625,35.49220657348633,35.49220657348633,1.1508302688598633,SH112023_sar_geo_20230209222032_250d3700,45.13999938964844,38.88908767700195,SH112023,1,38.88908767700195
with_era5,sar_robust_peak,unet_correction,2.04744553565979,38.06199645996094,sar_robust_peak,False,2023-02-10T22:28:48+00:00,1,39.85646057128906,37.80901336669922,38.836082458496094,37.80901336669922,37.80901336669922,4.623136520385742,SH112023_sar_geo_20230210222848_4f1367f1,42.81999969482422,39.14099884033203,SH112023,1,39.14099884033203
with_era5,sar_robust_peak,unet_correction,2.053947687149048,55.674747467041016,sar_robust_peak,True,2023-02-11T11:28:01+00:00,3,49.42511749267578,47.37117004394531,51.65495681762695,47.37117004394531,47.37117004394531,24.53388214111328,SH112023_sar_geo_20230211112801_66c3ce02,54.7599983215332,48.290409088134766,SH112023,2,48.290409088134766
with_era5,sar_robust_peak,unet_correction,2.0429179668426514,55.911964416503906,sar_robust_peak,True,2023-02-11T11:36:19+00:00,3,51.595306396484375,49.55238723754883,54.60261917114258,49.55238723754883,49.55238723754883,24.842262268066406,SH112023_sar_geo_20230211113619_713ab9a6,58.060001373291016,47.824363708496094,SH112023,2,47.824363708496094
with_era5,sar_robust_peak,unet_correction,2.051022529602051,49.24515151977539,sar_robust_peak,False,2023-02-12T23:16:30+00:00,1,38.7528076171875,36.701786041259766,38.99797058105469,36.701786041259766,36.701786041259766,-7.965307712554932,SH112023_sar_geo_20230212231630_6bf369b8,53.880001068115234,48.894439697265625,SH112023,2,48.894439697265625
with_era5,sar_robust_peak,unet_correction,2.0484273433685303,41.45818328857422,sar_robust_peak,False,2023-02-13T23:24:42+00:00,1,40.68928527832031,38.6408576965332,40.937618255615234,38.6408576965332,38.6408576965332,-7.716660022735596,SH112023_sar_geo_20230213232442_e7bd4405,42.099998474121094,39.77212142944336,SH112023,1,39.77212142944336
with_era5,sar_robust_peak,unet_correction,2.050163507461548,56.799476623535156,sar_robust_peak,False,2023-02-14T12:24:34+00:00,1,40.146392822265625,38.096229553222656,39.45404052734375,38.096229553222656,38.096229553222656,10.63994026184082,SH112023_sar_geo_20230214122434_504d62a1,54.34000015258789,51.46897888183594,SH112023,3,51.46897888183594
with_era5,sar_robust_peak,unet_correction,2.045841693878174,63.91752243041992,sar_robust_peak,True,2023-02-14T23:32:51+00:00,2,47.24588394165039,45.200042724609375,46.97124481201172,45.200042724609375,45.200042724609375,22.529216766357422,SH112023_sar_geo_20230214233251_cc5d83ed,60.20000076293945,54.030601501464844,SH112023,3,54.030601501464844
with_era5,sar_robust_peak,unet_correction,2.0502445697784424,66.80645751953125,sar_robust_peak,False,2023-02-16T00:12:28+00:00,1,41.8818359375,39.83159255981445,40.815547943115234,39.83159255981445,39.83159255981445,2.3940699100494385,SH112023_sar_geo_20230216001228_9bbc9124,65.4000015258789,57.50040817260742,SH112023,3,57.50040817260742
with_era5,sar_robust_peak,unet_correction,2.046180009841919,54.08716583251953,sar_robust_peak,True,2025-02-12T21:33:13+00:00,3,54.451026916503906,52.40484619140625,57.101566314697266,52.40484619140625,52.40484619140625,25.31807518005371,SH172025_sar_geo_20250212213313_92c883b4,70.37999725341797,56.62949752807617,SH172025,3,56.62949752807617
with_era5,sar_robust_peak,unet_correction,2.0476763248443604,59.16106033325195,sar_robust_peak,False,2025-02-13T21:41:24+00:00,2,44.53404998779297,42.48637390136719,44.295841217041016,42.48637390136719,42.48637390136719,4.676295757293701,SH172025_sar_geo_20250213214124_e8716993,60.119998931884766,49.55323028564453,SH172025,3,49.55323028564453
with_era5,sar_robust_peak,unet_correction,2.0469019412994385,20.577760696411133,sar_robust_peak,False,2023-04-10T10:08:15+00:00,-1,17.264122009277344,15.217219352722168,21.373043060302734,15.217219352722168,15.217219352722168,-2.5722200870513916,SH182023_sar_geo_20230410100815_7e28c768,26.04296875,17.008670806884766,SH182023,-1,17.008670806884766
with_era5,sar_robust_peak,unet_correction,2.048619031906128,33.929439544677734,sar_robust_peak,False,2023-04-11T10:15:57+00:00,1,34.60688400268555,32.558265686035156,35.8828125,32.558265686035156,32.558265686035156,13.351679801940918,SH182023_sar_geo_20230411101557_348124f1,48.97999954223633,39.89085388183594,SH182023,1,39.89085388183594
with_era5,sar_robust_peak,unet_correction,2.045227527618408,54.48676300048828,sar_robust_peak,True,2023-04-12T21:32:54+00:00,3,51.15686798095703,49.11164093017578,51.03727340698242,49.11164093017578,49.11164093017578,18.475685119628906,SH182023_sar_geo_20230412213254_daeb85a4,58.2599983215332,51.5367546081543,SH182023,3,51.5367546081543
with_era5,sar_robust_peak,unet_correction,2.043724298477173,70.72319030761719,sar_robust_peak,True,2023-04-13T10:30:54+00:00,3,50.85604476928711,48.812320709228516,50.89275360107422,48.812320709228516,48.812320709228516,28.26869773864746,SH182023_sar_geo_20230413103054_f4cd9cae,68.27999877929688,58.23680877685547,SH182023,4,58.23680877685547
with_era5,sar_robust_peak,unet_correction,2.048341989517212,18.00554084777832,sar_robust_peak,False,2025-03-20T12:00:50+00:00,0,17.6667423248291,15.618399620056152,16.79369354248047,15.618399620056152,15.618399620056152,-2.0649211406707764,SH262025_sar_geo_20250320120050_18f77f5f,17.37593650817871,16.022216796875,SH262025,-1,16.022216796875
with_era5,sar_robust_peak,unet_correction,2.047778367996216,15.35915470123291,sar_robust_peak,False,2025-03-20T23:08:39+00:00,0,19.030658721923828,16.982879638671875,18.454238891601562,16.982879638671875,16.982879638671875,-7.790825843811035,SH262025_sar_geo_20250320230839_df8df358,21.73871421813965,20.395126342773438,SH262025,0,20.395126342773438
with_era5,sar_robust_peak,unet_correction,2.0469064712524414,45.73478698730469,sar_robust_peak,True,2024-05-26T21:39:33+00:00,0,21.758827209472656,19.71192169189453,22.64392852783203,19.71192169189453,19.71192169189453,18.24318504333496,WP012024_sar_geo_20240526213933_9df56040,40.63999938964844,35.82577133178711,WP012024,1,35.82577133178711
with_era5,sar_robust_peak,unet_correction,2.047534942626953,43.72774124145508,sar_robust_peak,False,2024-05-27T09:52:21+00:00,0,27.70636558532715,25.658830642700195,30.014068603515625,25.658830642700195,25.658830642700195,7.698225975036621,WP012024_sar_geo_20240527095221_8e9f9c60,40.900001525878906,35.272613525390625,WP012024,1,35.272613525390625
with_era5,sar_robust_peak,unet_correction,2.05128812789917,35.151100158691406,sar_robust_peak,False,2024-05-28T09:29:33+00:00,1,35.11558532714844,33.06429672241211,35.49988555908203,33.06429672241211,33.06429672241211,-8.576639175415039,WP012024_sar_geo_20240528092933_c06e204a,39.060001373291016,36.184356689453125,WP012024,1,36.184356689453125
with_era5,sar_robust_peak,unet_correction,2.049428701400757,39.93971633911133,sar_robust_peak,False,2024-05-28T21:21:48+00:00,1,40.09359359741211,38.044166564941406,40.13326644897461,38.044166564941406,38.044166564941406,4.240161895751953,WP012024_sar_geo_20240528212148_22df3ab7,42.13999938964844,37.435882568359375,WP012024,1,37.435882568359375
with_era5,sar_robust_peak,unet_correction,2.0472469329833984,35.01763153076172,sar_robust_peak,False,2024-05-29T09:06:12+00:00,0,32.49585723876953,30.448612213134766,35.50385284423828,30.448612213134766,30.448612213134766,0.0,WP012024_sar_geo_20240529090612_d56e7ad6,39.959999084472656,37.48442077636719,WP012024,1,37.48442077636719
with_era5,sar_robust_peak,unet_correction,2.0488548278808594,28.347055435180664,sar_robust_peak,False,2024-05-29T20:56:19+00:00,0,26.2647705078125,24.21591567993164,26.38378143310547,24.21591567993164,24.21591567993164,-11.800630569458008,WP012024_sar_geo_20240529205619_9d4a1090,79.12000274658203,33.07667541503906,WP012024,1,33.07667541503906
with_era5,sar_robust_peak,unet_correction,2.0444891452789307,39.833683013916016,sar_robust_peak,True,2023-07-23T09:43:45+00:00,1,38.70096969604492,36.65647888183594,38.47785568237305,36.65647888183594,36.65647888183594,20.03473663330078,WP052023_sar_geo_20230723094345_16c82bb1,48.20000076293945,38.569480895996094,WP052023,1,38.569480895996094
with_era5,sar_robust_peak,unet_correction,2.046755075454712,63.574989318847656,sar_robust_peak,True,2023-07-24T09:52:12+00:00,2,48.49399185180664,46.447235107421875,49.00837707519531,46.447235107421875,46.447235107421875,23.499801635742188,WP052023_sar_geo_20230724095212_6c07dd16,53.779998779296875,47.79603958129883,WP052023,2,47.79603958129883
with_era5,sar_robust_peak,unet_correction,2.044044256210327,61.733280181884766,sar_robust_peak,False,2023-07-25T10:00:51+00:00,3,50.2695198059082,48.2254753112793,49.7270622253418,48.2254753112793,48.2254753112793,-1.891153335571289,WP052023_sar_geo_20230725100051_6a4ed126,57.52000045776367,52.65974807739258,WP052023,3,52.65974807739258
with_era5,sar_robust_peak,unet_correction,2.045353412628174,47.88854217529297,sar_robust_peak,False,2023-07-26T10:08:50+00:00,2,42.733482360839844,40.68812942504883,41.473976135253906,40.68812942504883,40.68812942504883,-13.844736099243164,WP052023_sar_geo_20230726100850_0d211749,36.900001525878906,35.53444290161133,WP052023,1,35.53444290161133
with_era5,sar_robust_peak,unet_correction,2.0532329082489014,41.155521392822266,sar_robust_peak,False,2023-07-26T22:01:56+00:00,1,40.56134033203125,38.50810623168945,40.03780746459961,38.50810623168945,38.50810623168945,-15.56059741973877,WP052023_sar_geo_20230726220156_e35acc0b,40.41999816894531,37.58406066894531,WP052023,1,37.58406066894531
with_era5,sar_robust_peak,unet_correction,2.0494353771209717,41.155521392822266,sar_robust_peak,False,2023-07-26T22:02:52+00:00,1,40.23445510864258,38.185020446777344,39.6234245300293,38.185020446777344,38.185020446777344,-15.539257049560547,WP052023_sar_geo_20230726220252_d3deb372,38.84000015258789,36.08020782470703,WP052023,1,36.08020782470703
with_era5,sar_robust_peak,unet_correction,2.0498239994049072,48.51921463012695,sar_robust_peak,False,2023-07-27T10:17:39+00:00,2,43.455204010009766,41.40538024902344,42.17170715332031,41.40538024902344,41.40538024902344,0.7566613554954529,WP052023_sar_geo_20230727101739_a9e95728,44.81999969482422,41.74239730834961,WP052023,1,41.74239730834961
with_era5,sar_robust_peak,unet_correction,2.05017352104187,20.577760696411133,sar_robust_peak,False,2024-08-12T07:55:49+00:00,0,19.470624923706055,17.420452117919922,18.51683807373047,17.420452117919922,17.420452117919922,2.5722200870513916,WP072024_sar_geo_20240812075549_e8fedc4e,21.658456802368164,20.483028411865234,WP072024,0,20.483028411865234
with_era5,sar_robust_peak,unet_correction,2.0495848655700684,19.809429168701172,sar_robust_peak,False,2024-08-12T20:14:25+00:00,0,20.0242977142334,17.974712371826172,19.501611709594727,17.974712371826172,17.974712371826172,-0.7683316469192505,WP072024_sar_geo_20240812201425_1226442e,22.83545684814453,19.634958267211914,WP072024,0,19.634958267211914
with_era5,sar_robust_peak,unet_correction,2.0510847568511963,14.71900463104248,sar_robust_peak,False,2024-08-13T08:04:58+00:00,0,19.56772232055664,17.516637802124023,18.964763641357422,17.516637802124023,17.516637802124023,-5.858755111694336,WP072024_sar_geo_20240813080458_cdd218d1,21.210275650024414,15.737432479858398,WP072024,-1,15.737432479858398
with_era5,sar_robust_peak,unet_correction,2.047715425491333,25.722200393676758,sar_robust_peak,False,2023-08-26T07:54:01+00:00,0,29.76258087158203,27.71486473083496,29.506271362304688,27.71486473083496,27.71486473083496,5.144440174102783,WP082023_sar_geo_20230826075401_86c4bdd0,38.68000030517578,34.366600036621094,WP082023,1,34.366600036621094
with_era5,sar_robust_peak,unet_correction,2.0493412017822266,27.52808952331543,sar_robust_peak,False,2023-08-28T08:14:04+00:00,1,38.42235565185547,36.37301254272461,37.43952941894531,36.37301254272461,36.37301254272461,-0.7663310170173645,WP082023_sar_geo_20230828081404_53227c39,33.70000076293945,31.261465072631836,WP082023,0,31.261465072631836
with_era5,sar_robust_peak,unet_correction,2.0541489124298096,18.00554084777832,sar_robust_peak,False,2024-08-19T21:43:55+00:00,0,17.9979305267334,15.943780899047852,16.92949676513672,15.943780899047852,15.943780899047852,0.7778583765029907,WP102024_sar_geo_20240819214355_fe68614f,31.88100814819336,22.201045989990234,WP102024,0,22.201045989990234
with_era5,sar_robust_peak,unet_correction,2.051482915878296,43.94685363769531,sar_robust_peak,False,2024-08-26T09:15:20+00:00,1,37.89848327636719,35.84700012207031,37.17574691772461,35.84700012207031,35.84700012207031,6.304797172546387,WP112024_sar_geo_20240826091520_95af66ff,44.79999923706055,41.65532684326172,WP112024,1,41.65532684326172
with_era5,sar_robust_peak,unet_correction,2.0482869148254395,53.01136016845703,sar_robust_peak,True,2024-08-26T21:04:08+00:00,2,44.038875579833984,41.9905891418457,44.31087875366211,41.9905891418457,41.9905891418457,15.492385864257812,WP112024_sar_geo_20240826210408_a57cc755,52.724998474121094,45.93745040893555,WP112024,2,45.93745040893555
with_era5,sar_robust_peak,unet_correction,2.051941156387329,58.26707077026367,sar_robust_peak,False,2024-08-27T09:23:36+00:00,2,43.61818313598633,41.56624221801758,42.07109832763672,41.56624221801758,41.56624221801758,14.202083587646484,WP112024_sar_geo_20240827092336_88090114,57.720001220703125,52.73346710205078,WP112024,3,52.73346710205078
with_era5,sar_robust_peak,unet_correction,2.0506458282470703,56.58884048461914,sar_robust_peak,False,2024-08-27T21:12:15+00:00,2,44.710182189941406,42.6595344543457,43.48698425292969,42.6595344543457,42.6595344543457,3.5310864448547363,WP112024_sar_geo_20240827211215_cbee7e4b,55.81999969482422,49.47250747680664,WP112024,3,49.47250747680664
with_era5,sar_robust_peak,unet_correction,2.054157257080078,50.14400100708008,sar_robust_peak,False,2024-08-28T09:31:40+00:00,2,45.149295806884766,43.09513854980469,43.960384368896484,43.09513854980469,43.09513854980469,-8.169179916381836,WP112024_sar_geo_20240828093140_80dcdc85,58.7586784362793,41.45331954956055,WP112024,1,41.45331954956055
with_era5,sar_robust_peak,unet_correction,2.0537846088409424,40.90044021606445,sar_robust_peak,False,2024-08-28T21:19:50+00:00,0,32.681854248046875,30.628068923950195,31.408178329467773,30.628068923950195,30.628068923950195,-15.688398361206055,WP112024_sar_geo_20240828211950_9fc5a1dd,80.0,47.3892936706543,WP112024,2,47.3892936706543
with_era5,sar_robust_peak,unet_correction,2.0491020679473877,20.577760696411133,sar_robust_peak,False,2024-09-05T20:14:24+00:00,0,29.210132598876953,27.161029815673828,31.01797866821289,27.161029815673828,27.161029815673828,2.5722200870513916,WP132024_sar_geo_20240905201424_2b6d0688,40.540000915527344,31.746538162231445,WP132024,0,31.746538162231445
with_era5,sar_robust_peak,unet_correction,2.0502254962921143,18.00554084777832,sar_robust_peak,False,2024-09-06T08:05:07+00:00,-1,16.567142486572266,14.51691722869873,15.32435417175293,14.51691722869873,14.51691722869873,0.0,WP132024_sar_geo_20240906080507_a6b444e0,20.746583938598633,19.321083068847656,WP132024,0,19.321083068847656
with_era5,sar_robust_peak,unet_correction,2.0489399433135986,17.384206771850586,sar_robust_peak,False,2024-09-06T19:48:42+00:00,0,22.94775390625,20.898813247680664,23.167919158935547,20.898813247680664,20.898813247680664,-3.193553924560547,WP132024_sar_geo_20240906194842_9f4d9498,20.069189071655273,18.259702682495117,WP132024,0,18.259702682495117
with_era5,sar_robust_peak,unet_correction,2.052161931991577,22.746999740600586,sar_robust_peak,False,2023-10-19T10:49:30+00:00,1,40.167999267578125,38.11583709716797,40.11028289794922,38.11583709716797,38.11583709716797,2.5722200870513916,WP162023_sar_geo_20231019104930_9a749bdc,80.0,36.78159713745117,WP162023,1,36.78159713745117
with_era5,sar_robust_peak,unet_correction,2.0418224334716797,20.577760696411133,sar_robust_peak,False,2023-10-19T22:43:10+00:00,0,32.190673828125,30.14885139465332,33.257259368896484,30.14885139465332,30.14885139465332,1.9134458303451538,WP162023_sar_geo_20231019224310_d9ac92a8,80.0,25.158126831054688,WP162023,0,25.158126831054688
with_era5,sar_robust_peak,unet_correction,2.0512118339538574,15.9686279296875,sar_robust_peak,False,2023-10-20T10:57:34+00:00,0,23.75279998779297,21.701587677001953,22.084278106689453,21.701587677001953,21.701587677001953,-6.8244805335998535,WP162023_sar_geo_20231020105734_00b31332,80.0,31.868629455566406,WP162023,0,31.868629455566406
with_era5,sar_robust_peak,unet_correction,2.0534896850585938,24.468528747558594,sar_robust_peak,False,2025-09-05T08:33:47+00:00,0,25.68320655822754,23.629716873168945,25.687623977661133,23.629716873168945,23.629716873168945,6.462988376617432,WP212025_sar_geo_20250905083347_3ae8e0aa,33.5,27.7016658782959,WP212025,0,27.7016658782959
with_era5,sar_robust_peak,unet_correction,2.0510952472686768,19.078346252441406,sar_robust_peak,False,2025-09-18T21:07:41+00:00,0,23.428743362426758,21.377647399902344,22.347976684570312,21.377647399902344,21.377647399902344,,WP242025_sar_geo_20250918210741_c0a8f306,22.194433212280273,20.288606643676758,WP242025,0,20.288606643676758
with_era5,sar_robust_peak,unet_correction,2.051123857498169,30.547494888305664,sar_robust_peak,False,2025-09-19T21:13:40+00:00,0,29.881729125976562,27.830604553222656,28.52056121826172,27.830604553222656,27.830604553222656,11.43494701385498,WP242025_sar_geo_20250919211340_695286ba,36.70000076293945,34.47115707397461,WP242025,1,34.47115707397461
with_era5,sar_robust_peak,unet_correction,2.0518078804016113,30.57440757751465,sar_robust_peak,False,2025-09-19T21:15:33+00:00,0,29.959651947021484,27.90784454345703,28.504505157470703,27.90784454345703,27.90784454345703,11.451094627380371,WP242025_sar_geo_20250919211533_41d7c3ba,34.58000183105469,33.21208953857422,WP242025,1,33.21208953857422
with_era5,sar_robust_peak,unet_correction,2.0518276691436768,60.323036193847656,sar_robust_peak,True,2025-09-20T21:23:17+00:00,2,43.25305938720703,41.20123291015625,43.315826416015625,41.20123291015625,41.20123291015625,29.638118743896484,WP242025_sar_geo_20250920212317_7e455209,55.7599983215332,48.43717575073242,WP242025,2,48.43717575073242
with_era5,sar_robust_peak,unet_correction,2.0525691509246826,72.85513305664062,sar_robust_peak,True,2025-09-21T09:37:09+00:00,3,51.097599029541016,49.04502868652344,54.30305862426758,49.04502868652344,49.04502868652344,27.640933990478516,WP242025_sar_geo_20250921093709_b508ba36,61.41999816894531,55.058265686035156,WP242025,3,55.058265686035156
with_era5,sar_robust_peak,unet_correction,2.0481274127960205,74.0799331665039,sar_robust_peak,False,2025-09-21T21:31:23+00:00,3,54.95316696166992,52.9050407409668,54.564903259277344,52.9050407409668,52.9050407409668,13.710599899291992,WP242025_sar_geo_20250921213123_bfc94639,66.27999877929688,59.192657470703125,WP242025,4,59.192657470703125
with_era5,sar_robust_peak,unet_correction,2.0507283210754395,59.700462341308594,sar_robust_peak,False,2025-09-23T10:25:38+00:00,3,53.40357208251953,51.35284423828125,54.285682678222656,51.35284423828125,51.35284423828125,-7.496878147125244,WP242025_sar_geo_20250923102538_5aa662c2,56.34000015258789,49.855220794677734,WP242025,3,49.855220794677734
with_era5,sar_robust_peak,unet_correction,2.0518267154693604,56.94694900512695,sar_robust_peak,False,2025-09-23T22:18:14+00:00,3,52.51517105102539,50.46334457397461,52.35362243652344,50.46334457397461,50.46334457397461,-6.8441057205200195,WP242025_sar_geo_20250923221814_e7b45b16,80.0,49.36774444580078,WP242025,2,49.36774444580078
with_era5,sar_robust_peak,unet_correction,2.051868200302124,56.94152069091797,sar_robust_peak,False,2025-09-23T22:18:52+00:00,3,52.22318649291992,50.17131805419922,52.05834197998047,50.17131805419922,50.17131805419922,-6.849535942077637,WP242025_sar_geo_20250923221852_6a75749b,80.0,51.13564682006836,WP242025,3,51.13564682006836
with_era5,sar_robust_peak,unet_correction,2.0445799827575684,61.21883773803711,sar_robust_peak,True,2025-10-07T20:56:17+00:00,3,51.47199630737305,49.42741775512695,51.80439758300781,49.42741775512695,49.42741775512695,22.688648223876953,WP282025_sar_geo_20251007205617_b3422293,61.79999923706055,55.649513244628906,WP282025,3,55.649513244628906
with_era5,sar_robust_peak,unet_correction,2.0508620738983154,61.21883773803711,sar_robust_peak,False,2025-10-08T08:44:08+00:00,2,46.22667694091797,44.17581558227539,45.90730285644531,44.17581558227539,44.17581558227539,8.215479850769043,WP282025_sar_geo_20251008084408_05dee5d2,48.68000030517578,46.535682678222656,WP282025,2,46.535682678222656
with_era5,sar_robust_peak,unet_correction,2.0477054119110107,55.207557678222656,sar_robust_peak,False,2025-10-08T20:31:39+00:00,2,43.7301139831543,41.68240737915039,42.816917419433594,41.68240737915039,41.68240737915039,-6.01127815246582,WP282025_sar_geo_20251008203139_134d70ed,59.2400016784668,56.240962982177734,WP282025,3,56.240962982177734
with_era5,sar_robust_peak,unet_correction,2.0431783199310303,46.24051284790039,sar_robust_peak,False,2025-10-09T08:20:12+00:00,1,39.688533782958984,37.645355224609375,38.71059799194336,37.645355224609375,37.645355224609375,-14.978322982788086,WP282025_sar_geo_20251009082012_18810889,56.439998626708984,54.309810638427734,WP282025,3,54.309810638427734
without_era5,ibtracs,joint_unet_mlp,0.9712753295898438,18.20888900756836,ibtracs,False,2025-06-29T12:23:43+00:00,0,25.7222900390625,24.751014709472656,24.751014709472656,24.751014709472656,22.48092269897461,,AL022025_sar_geo_20250629122343_2019fb4c,26.75994873046875,20.296344757080078,AL022025,0,18.20888900756836
without_era5,ibtracs,joint_unet_mlp,-0.2576332092285156,17.183143615722656,ibtracs,False,2025-06-30T00:38:22+00:00,0,25.673221588134766,25.93085479736328,25.93085479736328,25.93085479736328,25.140684127807617,3.9930858612060547,AL022025_sar_geo_20250630003822_9f8d8538,38.099998474121094,18.442907333374023,AL022025,-1,17.183143615722656
without_era5,ibtracs,joint_unet_mlp,-0.002452850341796875,25.722200393676758,ibtracs,False,2023-06-24T09:11:41+00:00,0,29.03331756591797,29.035770416259766,29.035770416259766,29.035770416259766,26.54218292236328,3.53432559967041,AL042023_sar_geo_20230624091141_fc94d478,32.65999221801758,26.53125,AL042023,0,25.722200393676758
without_era5,ibtracs,joint_unet_mlp,1.0401973724365234,24.210735321044922,ibtracs,False,2023-06-24T21:56:17+00:00,0,23.283857345581055,22.24365997314453,22.24365997314453,22.24365997314453,21.302167892456055,1.0607548952102661,AL042023_sar_geo_20230624215617_3236b686,47.7400016784668,26.545425415039062,AL042023,0,24.210735321044922
without_era5,ibtracs,joint_unet_mlp,1.103363037109375,21.681528091430664,ibtracs,False,2023-06-25T09:51:16+00:00,0,22.430435180664062,21.327072143554688,21.327072143554688,21.327072143554688,20.510883331298828,-4.0406718254089355,AL042023_sar_geo_20230625095116_dad4ab5b,28.200000762939453,25.516326904296875,AL042023,0,21.681528091430664
without_era5,ibtracs,joint_unet_mlp,0.022558212280273438,24.937578201293945,ibtracs,False,2025-09-25T09:42:44+00:00,0,24.46042823791504,24.437870025634766,24.437870025634766,24.437870025634766,23.550579071044922,,AL082025_sar_geo_20250925094244_08e44ad7,27.859996795654297,21.703502655029297,AL082025,0,24.937578201293945
without_era5,ibtracs,joint_unet_mlp,8.613807678222656,55.86671447753906,ibtracs,True,2025-09-26T22:04:44+00:00,4,60.86337661743164,52.249568939208984,52.249568939208984,52.249568939208984,42.33389663696289,25.65894317626953,AL082025_sar_geo_20250926220444_2d00f032,55.41999816894531,48.242061614990234,AL082025,3,55.86671447753906
without_era5,ibtracs,joint_unet_mlp,3.5578956604003906,55.90815353393555,ibtracs,True,2025-09-26T22:06:11+00:00,4,62.468162536621094,58.9102668762207,58.9102668762207,58.9102668762207,47.71377944946289,25.692094802856445,AL082025_sar_geo_20250926220611_04532c06,51.36000061035156,46.63326644897461,AL082025,3,55.90815353393555
without_era5,ibtracs,joint_unet_mlp,12.278953552246094,66.18160247802734,ibtracs,True,2025-09-27T09:58:13+00:00,3,56.507022857666016,44.22806930541992,44.22806930541992,44.22806930541992,38.759063720703125,26.76637840270996,AL082025_sar_geo_20250927095813_d513fd6c,69.83999633789062,56.139591217041016,AL082025,4,66.18160247802734
without_era5,ibtracs,joint_unet_mlp,14.385303497314453,72.02216339111328,ibtracs,True,2025-09-27T22:14:16+00:00,4,68.59109497070312,54.20579147338867,54.20579147338867,54.20579147338867,47.64318084716797,15.88298225402832,AL082025_sar_geo_20250927221416_59358115,68.66000366210938,57.38515853881836,AL082025,5,72.02216339111328
without_era5,ibtracs,joint_unet_mlp,15.419727325439453,65.934814453125,ibtracs,False,2025-09-28T10:05:59+00:00,4,65.64954376220703,50.22981643676758,50.22981643676758,50.22981643676758,45.09769821166992,-0.29118484258651733,AL082025_sar_geo_20250928100559_707f4766,58.29999923706055,51.569278717041016,AL082025,4,65.934814453125
without_era5,ibtracs,joint_unet_mlp,15.977100372314453,62.5663948059082,ibtracs,False,2025-09-28T22:22:50+00:00,4,61.08860778808594,45.111507415771484,45.111507415771484,45.111507415771484,42.422916412353516,-9.455766677856445,AL082025_sar_geo_20250928222250_60332831,57.599998474121094,53.99726104736328,AL082025,4,62.5663948059082
without_era5,ibtracs,joint_unet_mlp,15.510318756103516,63.696075439453125,ibtracs,False,2025-09-29T10:13:23+00:00,3,52.215415954589844,36.70509719848633,36.70509719848633,36.70509719848633,35.37468338012695,-2.1329896450042725,AL082025_sar_geo_20250929101323_61e03351,56.5,49.547393798828125,AL082025,4,63.696075439453125
without_era5,ibtracs,joint_unet_mlp,-1.8806800842285156,53.46254348754883,ibtracs,False,2025-09-29T22:31:44+00:00,0,30.141490936279297,32.02217102050781,32.02217102050781,32.02217102050781,31.625343322753906,-9.027539253234863,AL082025_sar_geo_20250929223144_b6a1244f,58.15999984741211,50.252620697021484,AL082025,3,53.46254348754883
without_era5,ibtracs,joint_unet_mlp,11.754638671875,53.445396423339844,ibtracs,False,2025-09-29T22:32:29+00:00,1,34.750518798828125,22.995880126953125,22.995880126953125,22.995880126953125,22.35637664794922,-9.038256645202637,AL082025_sar_geo_20250929223229_4e0b44ba,62.34000015258789,53.213584899902344,AL082025,3,53.445396423339844
without_era5,ibtracs,joint_unet_mlp,0.4500160217285156,38.4094352722168,ibtracs,False,2025-09-30T10:36:05+00:00,0,23.33707046508789,22.887054443359375,22.887054443359375,22.887054443359375,22.197662353515625,-25.416391372680664,AL082025_sar_geo_20250930103605_996c3d15,39.959999084472656,38.323768615722656,AL082025,1,38.4094352722168
without_era5,ibtracs,joint_unet_mlp,0.4009990692138672,36.01108169555664,ibtracs,False,2025-09-30T22:41:16+00:00,0,22.879459381103516,22.47846031188965,22.47846031188965,22.47846031188965,22.153316497802734,-17.23349380493164,AL082025_sar_geo_20250930224116_f96a335d,40.86000061035156,37.576480865478516,AL082025,1,36.01108169555664
without_era5,ibtracs,joint_unet_mlp,5.2502593994140625,34.248538970947266,ibtracs,False,2025-10-01T10:25:34+00:00,0,32.183937072753906,26.933677673339844,26.933677673339844,26.933677673339844,26.629545211791992,-4.461467742919922,AL082025_sar_geo_20251001102534_7c316d67,38.15999984741211,36.33675765991211,AL082025,1,34.248538970947266
without_era5,ibtracs,joint_unet_mlp,4.719594955444336,25.665515899658203,ibtracs,False,2024-09-24T23:50:05+00:00,0,30.058870315551758,25.339275360107422,25.339275360107422,25.339275360107422,24.577939987182617,7.659976005554199,AL092024_sar_geo_20240924235005_f6c42560,34.099998474121094,25.84740447998047,AL092024,0,25.665515899658203
without_era5,ibtracs,joint_unet_mlp,-2.008861541748047,33.20021438598633,ibtracs,False,2024-09-25T11:43:18+00:00,1,39.278724670410156,41.2875862121582,41.2875862121582,41.2875862121582,39.910560607910156,12.717912673950195,AL092024_sar_geo_20240925114318_182f4c98,38.81999969482422,32.314483642578125,AL092024,1,33.20021438598633
without_era5,ibtracs,joint_unet_mlp,16.45147705078125,36.01108169555664,ibtracs,False,2024-09-25T23:58:53+00:00,2,42.929203033447266,26.477725982666016,26.477725982666016,26.477725982666016,23.660717010498047,10.295263290405273,AL092024_sar_geo_20240925235853_bb2fffd5,38.32500076293945,32.80063247680664,AL092024,1,36.01108169555664
without_era5,ibtracs,joint_unet_mlp,-3.1941490173339844,43.58650588989258,ibtracs,False,2024-09-26T11:50:07+00:00,1,33.87091827392578,37.065067291259766,37.065067291259766,37.065067291259766,36.52217102050781,10.288880348205566,AL092024_sar_geo_20240926115007_1dfc3535,41.63999938964844,35.869930267333984,AL092024,2,43.58650588989258
without_era5,ibtracs,joint_unet_mlp,10.864521026611328,61.2578010559082,ibtracs,True,2024-09-26T23:36:14+00:00,3,57.80274200439453,46.9382209777832,46.9382209777832,46.9382209777832,44.474369049072266,25.246721267700195,AL092024_sar_geo_20240926233614_4c4a4e8d,56.41999816894531,52.753684997558594,AL092024,4,61.2578010559082
without_era5,ibtracs,joint_unet_mlp,12.08877944946289,61.27547073364258,ibtracs,True,2024-09-26T23:37:07+00:00,3,55.63201904296875,43.54323959350586,43.54323959350586,43.54323959350586,41.25777816772461,25.264392852783203,AL092024_sar_geo_20240926233707_ba644eb1,53.97999954223633,51.04243469238281,AL092024,4,61.27547073364258
without_era5,ibtracs,joint_unet_mlp,12.049724578857422,61.300479888916016,ibtracs,True,2024-09-26T23:38:22+00:00,4,59.51367950439453,47.46395492553711,47.46395492553711,47.46395492553711,44.904441833496094,25.289400100708008,AL092024_sar_geo_20240926233822_7d97bd32,55.97999954223633,51.9205207824707,AL092024,4,61.300479888916016
without_era5,ibtracs,joint_unet_mlp,10.644542694091797,27.9754638671875,ibtracs,False,2025-09-29T23:04:12+00:00,1,36.070133209228516,25.42559051513672,25.42559051513672,25.42559051513672,24.560001373291016,9.969924926757812,AL092025_sar_geo_20250929230412_3b893bbb,33.125,25.969348907470703,AL092025,0,27.9754638671875
without_era5,ibtracs,joint_unet_mlp,0.911224365234375,36.01108169555664,ibtracs,False,2025-09-30T23:11:51+00:00,1,35.89546585083008,34.9842414855957,34.9842414855957,34.9842414855957,33.064151763916016,7.99188756942749,AL092025_sar_geo_20250930231151_62ee93bd,37.7400016784668,33.46464538574219,AL092025,1,36.01108169555664
without_era5,ibtracs,joint_unet_mlp,-3.122316360473633,37.67373275756836,ibtracs,False,2025-10-02T10:03:39+00:00,0,22.783382415771484,25.905698776245117,25.905698776245117,25.905698776245117,25.354719161987305,-2.8167238235473633,AL092025_sar_geo_20251002100339_1686cf44,55.81999969482422,47.7620964050293,AL092025,1,37.67373275756836
without_era5,ibtracs,joint_unet_mlp,3.2365570068359375,23.149980545043945,ibtracs,False,2024-09-26T09:38:24+00:00,0,24.08995819091797,20.85340118408203,20.85340118408203,20.85340118408203,20.085796356201172,0.0,AL102024_sar_geo_20240926093824_136192f5,30.619998931884766,26.88939666748047,AL102024,0,23.149980545043945
without_era5,ibtracs,joint_unet_mlp,-1.6705493927001953,27.43263053894043,ibtracs,False,2024-09-26T21:29:14+00:00,0,23.59467887878418,25.265228271484375,25.265228271484375,25.265228271484375,21.89977264404297,4.282650947570801,AL102024_sar_geo_20240926212914_03bcc908,34.779998779296875,28.738861083984375,AL102024,0,27.43263053894043
without_era5,ibtracs,joint_unet_mlp,8.16801643371582,32.48942565917969,ibtracs,False,2024-09-27T09:13:54+00:00,0,28.644140243530273,20.476123809814453,20.476123809814453,20.476123809814453,20.06974983215332,9.339445114135742,AL102024_sar_geo_20240927091354_3a788dd8,36.91999816894531,34.587730407714844,AL102024,0,32.48942565917969
without_era5,ibtracs,joint_unet_mlp,8.082477569580078,46.29996109008789,ibtracs,False,2024-09-28T08:49:27+00:00,2,44.69313049316406,36.610652923583984,36.610652923583984,36.610652923583984,35.408180236816406,13.980443954467773,AL102024_sar_geo_20240928084927_9b67e147,43.02000045776367,41.03065872192383,AL102024,2,46.29996109008789
without_era5,ibtracs,joint_unet_mlp,4.669391632080078,35.18644714355469,ibtracs,False,2024-09-29T08:24:16+00:00,0,26.505199432373047,21.83580780029297,21.83580780029297,21.83580780029297,21.12000846862793,-11.11351490020752,AL102024_sar_geo_20240929082416_cf0e50b0,38.34000015258789,35.84708786010742,AL102024,1,35.18644714355469
without_era5,ibtracs,joint_unet_mlp,-0.4026145935058594,30.07201385498047,ibtracs,False,2024-09-29T20:19:01+00:00,0,25.053503036499023,25.456117630004883,25.456117630004883,25.456117630004883,24.174915313720703,-11.669161796569824,AL102024_sar_geo_20240929201901_eceb8b95,37.47999954223633,34.81792068481445,AL102024,0,30.07201385498047
without_era5,ibtracs,joint_unet_mlp,2.254087448120117,22.25275230407715,ibtracs,False,2025-10-07T21:23:02+00:00,0,26.460729598999023,24.206642150878906,24.206642150878906,24.206642150878906,22.198408126831055,,AL102025_sar_geo_20251007212302_65a32d77,31.35999870300293,28.337852478027344,AL102025,0,22.25275230407715
without_era5,ibtracs,joint_unet_mlp,3.4290294647216797,26.01824378967285,ibtracs,False,2025-10-08T09:20:43+00:00,0,22.681631088256836,19.252601623535156,19.252601623535156,19.252601623535156,17.95549964904785,6.350954055786133,AL102025_sar_geo_20251008092043_77759e8c,33.619998931884766,29.984731674194336,AL102025,0,26.01824378967285
without_era5,ibtracs,joint_unet_mlp,-0.4192771911621094,25.722200393676758,ibtracs,False,2025-10-09T22:12:45+00:00,0,22.538530349731445,22.957807540893555,22.957807540893555,22.957807540893555,22.102293014526367,-2.5722200870513916,AL102025_sar_geo_20251009221245_f4761526,31.220003128051758,27.99546241760254,AL102025,0,25.722200393676758
without_era5,ibtracs,joint_unet_mlp,4.445810317993164,25.722200393676758,ibtracs,False,2025-10-10T10:05:06+00:00,0,22.767253875732422,18.321443557739258,18.321443557739258,18.321443557739258,17.163633346557617,-0.985160231590271,AL102025_sar_geo_20251010100506_5c04fb1b,24.438796997070312,23.330018997192383,AL102025,0,25.722200393676758
without_era5,ibtracs,joint_unet_mlp,-1.3179740905761719,25.722200393676758,ibtracs,False,2025-10-10T22:21:57+00:00,0,22.276918411254883,23.594892501831055,23.594892501831055,23.594892501831055,22.37273597717285,0.0,AL102025_sar_geo_20251010222157_3cb50cd4,40.099998474121094,29.378992080688477,AL102025,0,25.722200393676758
without_era5,ibtracs,joint_unet_mlp,-2.211545944213867,23.149980545043945,ibtracs,False,2025-10-11T10:13:58+00:00,0,28.379758834838867,30.591304779052734,30.591304779052734,30.591304779052734,29.097909927368164,-2.5722200870513916,AL102025_sar_geo_20251011101358_f6a30809,33.18000030517578,22.940021514892578,AL102025,0,23.149980545043945
without_era5,ibtracs,joint_unet_mlp,7.109798431396484,45.82767105102539,ibtracs,True,2024-11-06T11:26:57+00:00,2,48.44623565673828,41.3364372253418,41.3364372253418,41.3364372253418,37.9466438293457,20.294387817382812,AL182024_sar_geo_20241106112657_5c0e7c84,46.68000030517578,42.82679748535156,AL182024,2,45.82767105102539
without_era5,ibtracs,joint_unet_mlp,4.183551788330078,49.17279052734375,ibtracs,False,2024-11-06T23:40:43+00:00,1,34.855255126953125,30.671703338623047,30.671703338623047,30.671703338623047,28.76685333251953,13.437273025512695,AL182024_sar_geo_20241106234043_5d0cd6d0,50.380001068115234,42.11057662963867,AL182024,2,49.17279052734375
without_era5,ibtracs,joint_unet_mlp,-3.557262420654297,49.1434326171875,ibtracs,False,2024-11-06T23:42:36+00:00,0,28.912479400634766,32.46974182128906,32.46974182128906,32.46974182128906,30.47551727294922,13.381000518798828,AL182024_sar_geo_20241106234236_1f54d7b2,54.099998474121094,44.40436553955078,AL182024,2,49.1434326171875
without_era5,ibtracs,joint_unet_mlp,2.9182662963867188,49.12030792236328,ibtracs,False,2024-11-06T23:44:05+00:00,1,35.58948516845703,32.67121887207031,32.67121887207031,32.67121887207031,30.894847869873047,13.336679458618164,AL182024_sar_geo_20241106234405_6e8a2b86,54.119998931884766,47.42927169799805,AL182024,2,49.12030792236328
without_era5,ibtracs,joint_unet_mlp,11.696708679199219,46.29996109008789,ibtracs,False,2024-11-07T11:34:27+00:00,3,52.16613006591797,40.46942138671875,40.46942138671875,40.46942138671875,38.74950408935547,0.3651123344898224,AL182024_sar_geo_20241107113427_6c78673a,52.459999084472656,47.70045471191406,AL182024,2,46.29996109008789
without_era5,ibtracs,joint_unet_mlp,10.966056823730469,46.29996109008789,ibtracs,False,2024-11-07T23:51:05+00:00,3,54.61190414428711,43.64584732055664,43.64584732055664,43.64584732055664,40.346214294433594,-2.711223840713501,AL182024_sar_geo_20241107235105_7cb0f20e,48.119998931884766,45.014564514160156,AL182024,2,46.29996109008789
without_era5,ibtracs,joint_unet_mlp,4.66004753112793,33.456390380859375,ibtracs,False,2024-11-08T23:59:14+00:00,0,28.56907844543457,23.90903091430664,23.90903091430664,23.90903091430664,22.878198623657227,-12.843570709228516,AL182024_sar_geo_20241108235914_8a172b82,46.040000915527344,37.65009689331055,AL182024,1,33.456390380859375
without_era5,ibtracs,joint_unet_mlp,-0.7929248809814453,25.80436897277832,ibtracs,False,2024-11-09T11:50:25+00:00,0,22.976865768432617,23.769790649414062,23.769790649414062,23.769790649414062,22.59634780883789,-23.20475959777832,AL182024_sar_geo_20241109115025_a47eebe7,36.900001525878906,30.126853942871094,AL182024,0,25.80436897277832
without_era5,ibtracs,joint_unet_mlp,0.4315910339355469,20.519838333129883,ibtracs,False,2024-11-10T00:10:08+00:00,0,23.194202423095703,22.762611389160156,22.762611389160156,22.762611389160156,20.867712020874023,-12.774215698242188,AL182024_sar_geo_20241110001008_2b803752,30.479999542236328,25.998462677001953,AL182024,0,20.519838333129883
without_era5,ibtracs,joint_unet_mlp,5.187749862670898,18.00554084777832,ibtracs,False,2024-11-10T11:58:06+00:00,0,22.215023040771484,17.027273178100586,17.027273178100586,17.027273178100586,16.661067962646484,-7.732950687408447,AL182024_sar_geo_20241110115806_c5d91f61,30.91888427734375,17.999176025390625,AL182024,0,18.00554084777832
without_era5,ibtracs,joint_unet_mlp,9.469890594482422,38.58330154418945,ibtracs,False,2023-06-29T13:04:56+00:00,1,35.2780876159668,25.808197021484375,25.808197021484375,25.808197021484375,24.083709716796875,4.587697505950928,EP012023_sar_geo_20230629130456_9d69b2fc,38.599998474121094,36.31546401977539,EP012023,1,38.58330154418945
without_era5,ibtracs,joint_unet_mlp,15.831222534179688,46.29996109008789,ibtracs,False,2023-06-30T13:12:49+00:00,2,45.64339828491211,29.812175750732422,29.812175750732422,29.812175750732422,27.811424255371094,7.716660022735596,EP012023_sar_geo_20230630131249_66c8cd8c,43.15999984741211,38.57410430908203,EP012023,2,46.29996109008789
without_era5,ibtracs,joint_unet_mlp,-1.5957279205322266,28.29442024230957,ibtracs,False,2025-08-01T02:13:07+00:00,0,27.170778274536133,28.76650619506836,28.76650619506836,28.76650619506836,26.048870086669922,9.147528648376465,EP072025_sar_geo_20250801021307_8951090d,28.525001525878906,25.266023635864258,EP072025,0,28.29442024230957
without_era5,ibtracs,joint_unet_mlp,-7.682901382446289,33.43886184692383,ibtracs,False,2025-08-02T02:21:52+00:00,0,28.85148811340332,36.53438949584961,36.53438949584961,36.53438949584961,35.48827362060547,5.144440174102783,EP072025_sar_geo_20250802022152_23b97394,33.459999084472656,31.609230041503906,EP072025,1,33.43886184692383
without_era5,ibtracs,joint_unet_mlp,1.7684364318847656,32.65681076049805,ibtracs,False,2025-08-02T14:16:49+00:00,0,32.11845016479492,30.350013732910156,30.350013732910156,30.350013732910156,27.71222686767578,3.189314603805542,EP072025_sar_geo_20250802141649_e9600fe9,34.0,32.232173919677734,EP072025,0,32.65681076049805
without_era5,ibtracs,joint_unet_mlp,1.624288558959961,27.24152374267578,ibtracs,False,2025-08-03T03:02:48+00:00,0,25.53728675842285,23.91299819946289,23.91299819946289,23.91299819946289,22.057748794555664,-6.197335243225098,EP072025_sar_geo_20250803030248_1ccccbaf,30.81999969482422,28.60904312133789,EP072025,0,27.24152374267578
without_era5,ibtracs,joint_unet_mlp,-2.050457000732422,23.149980545043945,ibtracs,False,2025-08-05T02:13:12+00:00,0,25.099327087402344,27.149784088134766,27.149784088134766,27.149784088134766,26.224416732788086,,EP082025_sar_geo_20250805021312_5901b79b,26.499990463256836,24.82594871520996,EP082025,0,23.149980545043945
without_era5,ibtracs,joint_unet_mlp,1.3242835998535156,23.149980545043945,ibtracs,False,2025-08-05T14:09:24+00:00,0,27.63197898864746,26.307695388793945,26.307695388793945,26.307695388793945,24.842531204223633,4.034955978393555,EP082025_sar_geo_20250805140924_db0bcc3b,27.479997634887695,25.81668472290039,EP082025,0,23.149980545043945
without_era5,ibtracs,joint_unet_mlp,3.214265823364258,23.149980545043945,ibtracs,False,2025-08-07T03:02:13+00:00,0,22.594135284423828,19.37986946105957,19.37986946105957,19.37986946105957,18.568384170532227,0.0,EP082025_sar_geo_20250807030213_52172340,23.57967185974121,22.859434127807617,EP082025,0,23.149980545043945
without_era5,ibtracs,joint_unet_mlp,-1.503072738647461,20.624441146850586,ibtracs,False,2025-08-07T14:56:44+00:00,0,22.50995445251465,24.01302719116211,24.01302719116211,24.01302719116211,23.131004333496094,-2.525538921356201,EP082025_sar_geo_20250807145644_31bd62e0,22.598384857177734,19.2292423248291,EP082025,0,20.624441146850586
without_era5,ibtracs,joint_unet_mlp,2.6134681701660156,17.23149299621582,ibtracs,False,2025-08-09T15:44:35+00:00,0,22.669599533081055,20.05613136291504,20.05613136291504,20.05613136291504,18.97429656982422,0.6371008157730103,EP082025_sar_geo_20250809154435_526418b6,23.359994888305664,20.623403549194336,EP082025,-1,17.23149299621582
without_era5,ibtracs,joint_unet_mlp,-0.8397006988525391,22.46662712097168,ibtracs,False,2025-08-10T04:00:27+00:00,0,23.51982879638672,24.359529495239258,24.359529495239258,24.359529495239258,21.89141273498535,7.033307075500488,EP082025_sar_geo_20250810040027_fac1c713,30.600000381469727,26.777254104614258,EP082025,0,22.46662712097168
without_era5,ibtracs,joint_unet_mlp,1.8421878814697266,18.00554084777832,ibtracs,False,2025-08-31T13:53:40+00:00,0,25.61317253112793,23.770984649658203,23.770984649658203,23.770984649658203,22.40537452697754,,EP112025_sar_geo_20250831135340_50cc57bc,25.478801727294922,18.667150497436523,EP112025,0,18.00554084777832
without_era5,ibtracs,joint_unet_mlp,-2.119050979614258,20.577760696411133,ibtracs,False,2025-09-01T02:37:32+00:00,0,26.690021514892578,28.809072494506836,28.809072494506836,28.809072494506836,26.759479522705078,5.144440174102783,EP112025_sar_geo_20250901023732_00244e32,23.953760147094727,19.280054092407227,EP112025,0,20.577760696411133
without_era5,ibtracs,joint_unet_mlp,-2.702676773071289,30.657766342163086,ibtracs,False,2025-09-02T02:45:23+00:00,0,30.157217025756836,32.859893798828125,32.859893798828125,32.859893798828125,30.37361717224121,10.08000659942627,EP112025_sar_geo_20250902024523_0597f171,32.560001373291016,30.432666778564453,EP112025,0,30.657766342163086
without_era5,ibtracs,joint_unet_mlp,10.389537811279297,39.879268646240234,ibtracs,False,2025-09-02T14:31:09+00:00,1,41.86500549316406,31.475467681884766,31.475467681884766,31.475467681884766,28.742603302001953,14.569339752197266,EP112025_sar_geo_20250902143109_15133331,40.619998931884766,36.63118362426758,EP112025,1,39.879268646240234
without_era5,ibtracs,joint_unet_mlp,17.877887725830078,64.30549621582031,ibtracs,True,2025-09-04T03:01:20+00:00,4,62.39134216308594,44.51345443725586,44.51345443725586,44.51345443725586,40.36616516113281,18.00554084777832,EP112025_sar_geo_20250904030120_36e6b792,58.900001525878906,53.88230514526367,EP112025,4,64.30549621582031
without_era5,ibtracs,joint_unet_mlp,17.45519256591797,52.952720642089844,ibtracs,False,2025-09-05T14:55:55+00:00,4,61.10366439819336,43.64847183227539,43.64847183227539,43.64847183227539,39.225738525390625,-6.208338737487793,EP112025_sar_geo_20250905145555_b621c593,48.65999984741211,44.48773956298828,EP112025,3,52.952720642089844
without_era5,ibtracs,joint_unet_mlp,16.602115631103516,53.02250289916992,ibtracs,False,2025-09-05T15:06:05+00:00,4,58.98788070678711,42.385765075683594,42.385765075683594,42.385765075683594,38.31654357910156,-6.138555526733398,EP112025_sar_geo_20250905150605_f70970d3,51.959999084472656,44.34177780151367,EP112025,3,53.02250289916992
without_era5,ibtracs,joint_unet_mlp,7.6476898193359375,60.8060417175293,ibtracs,False,2025-09-06T03:17:47+00:00,4,63.592166900634766,55.94447708129883,55.94447708129883,55.94447708129883,45.031593322753906,5.398565769195557,EP112025_sar_geo_20250906031747_a0f470c3,53.68000030517578,48.07802200317383,EP112025,4,60.8060417175293
without_era5,ibtracs,joint_unet_mlp,7.780483245849609,60.841670989990234,ibtracs,False,2025-09-06T03:24:01+00:00,4,64.24996948242188,56.469486236572266,56.469486236572266,56.469486236572266,45.87865447998047,5.487640857696533,EP112025_sar_geo_20250906032401_30e03b1e,54.08000183105469,48.24021530151367,EP112025,4,60.841670989990234
without_era5,ibtracs,joint_unet_mlp,10.049846649169922,56.58884048461914,ibtracs,False,2025-09-06T15:13:56+00:00,3,54.88884735107422,44.8390007019043,44.8390007019043,44.8390007019043,38.75233840942383,3.5214643478393555,EP112025_sar_geo_20250906151356_04821eb9,50.959999084472656,46.29977798461914,EP112025,3,56.58884048461914
without_era5,ibtracs,joint_unet_mlp,3.6781654357910156,57.84151077270508,ibtracs,False,2025-09-07T03:33:54+00:00,4,62.77815246582031,59.0999870300293,59.0999870300293,59.0999870300293,46.70334243774414,-3.056654691696167,EP112025_sar_geo_20250907033354_b508e3f3,55.36000061035156,47.101844787597656,EP112025,3,57.84151077270508
without_era5,ibtracs,joint_unet_mlp,10.500484466552734,51.13240051269531,ibtracs,False,2025-09-07T15:21:50+00:00,2,48.56670379638672,38.066219329833984,38.066219329833984,38.066219329833984,32.64054489135742,-5.4564409255981445,EP112025_sar_geo_20250907152150_44831e4a,52.34000015258789,44.898902893066406,EP112025,3,51.13240051269531
without_era5,ibtracs,joint_unet_mlp,30.216693878173828,51.05809020996094,ibtracs,False,2025-09-07T15:27:02+00:00,4,65.52994537353516,35.31325149536133,35.31325149536133,35.31325149536133,31.178701400756836,-5.530749320983887,EP112025_sar_geo_20250907152702_516cb755,46.79999923706055,42.14361572265625,EP112025,3,51.05809020996094
without_era5,ibtracs,joint_unet_mlp,1.3140525817871094,47.35714340209961,ibtracs,False,2025-09-08T03:56:42+00:00,0,26.536714553833008,25.2226619720459,25.2226619720459,25.2226619720459,23.95570182800293,-10.288880348205566,EP112025_sar_geo_20250908035642_aba9a661,45.7400016784668,41.26231384277344,EP112025,2,47.35714340209961
without_era5,ibtracs,joint_unet_mlp,5.319580078125,47.271400451660156,ibtracs,False,2025-09-08T04:06:42+00:00,1,34.251834869384766,28.932254791259766,28.932254791259766,28.932254791259766,27.636655807495117,-10.288880348205566,EP112025_sar_geo_20250908040642_4064952a,44.70000076293945,38.03972244262695,EP112025,2,47.271400451660156
without_era5,ibtracs,joint_unet_mlp,7.99439811706543,42.17869186401367,ibtracs,False,2025-09-08T16:00:40+00:00,1,34.27112579345703,26.2767276763916,26.2767276763916,26.2767276763916,25.143930435180664,-8.398775100708008,EP112025_sar_geo_20250908160040_97c65dbe,38.15999984741211,33.663917541503906,EP112025,1,42.17869186401367
without_era5,ibtracs,joint_unet_mlp,-0.8114242553710938,28.10883903503418,ibtracs,False,2025-09-09T04:15:37+00:00,0,22.464677810668945,23.27610206604004,23.27610206604004,23.27610206604004,22.28730583190918,-19.086111068725586,EP112025_sar_geo_20250909041537_5b813509,28.719999313354492,26.119365692138672,EP112025,0,28.10883903503418
without_era5,ibtracs,joint_unet_mlp,-0.7343521118164062,20.577760696411133,ibtracs,False,2025-09-09T16:08:11+00:00,0,22.21969223022461,22.954044342041016,22.954044342041016,22.954044342041016,21.981361389160156,-21.536483764648438,EP112025_sar_geo_20250909160811_93d58b53,22.379152297973633,20.639429092407227,EP112025,0,20.577760696411133
without_era5,ibtracs,joint_unet_mlp,0.3939037322998047,18.00554084777832,ibtracs,False,2025-09-10T04:32:26+00:00,0,22.256093978881836,21.86219024658203,21.86219024658203,21.86219024658203,21.644515991210938,-9.718799591064453,EP112025_sar_geo_20250910043226_d511f8a6,22.29558563232422,21.114418029785156,EP112025,0,18.00554084777832
without_era5,ibtracs,joint_unet_mlp,4.869670867919922,17.02028465270996,ibtracs,False,2024-11-03T02:52:22+00:00,0,22.899662017822266,18.029991149902344,18.029991149902344,18.029991149902344,17.038440704345703,0.10908117890357971,EP132024_sar_geo_20241103025222_0b408406,29.4999942779541,19.52695655822754,EP132024,-1,17.02028465270996
without_era5,ibtracs,joint_unet_mlp,0.48847198486328125,21.506473541259766,ibtracs,False,2025-10-01T01:48:19+00:00,0,25.193500518798828,24.705028533935547,24.705028533935547,24.705028533935547,23.094945907592773,6.073154449462891,EP152025_sar_geo_20251001014819_ecce4d81,22.797077178955078,20.27893829345703,EP152025,0,21.506473541259766
without_era5,ibtracs,joint_unet_mlp,16.915546417236328,28.29442024230957,ibtracs,False,2025-10-02T01:56:42+00:00,2,47.1953239440918,30.27977752685547,30.27977752685547,30.27977752685547,28.173439025878906,6.716066360473633,EP152025_sar_geo_20251002015642_c698cb8c,33.900001525878906,29.120439529418945,EP152025,0,28.29442024230957
without_era5,ibtracs,joint_unet_mlp,2.1528186798095703,24.19444465637207,ibtracs,False,2025-10-03T14:01:49+00:00,0,31.04585075378418,28.89303207397461,28.89303207397461,28.89303207397461,27.154613494873047,-4.0999755859375,EP152025_sar_geo_20251003140149_960deafc,28.145071029663086,23.714588165283203,EP152025,0,24.19444465637207
without_era5,ibtracs,joint_unet_mlp,0.3755950927734375,25.722200393676758,ibtracs,False,2025-10-04T02:13:11+00:00,0,24.561153411865234,24.185558319091797,24.185558319091797,24.185558319091797,22.00275421142578,0.7612818479537964,EP152025_sar_geo_20251004021311_4c850972,20.299226760864258,19.292953491210938,EP152025,0,25.722200393676758
without_era5,ibtracs,joint_unet_mlp,9.401790618896484,37.072547912597656,ibtracs,False,2025-10-05T14:03:48+00:00,2,48.321380615234375,38.91958999633789,38.91958999633789,38.91958999633789,37.14308547973633,8.778129577636719,EP152025_sar_geo_20251005140348_c360bcf0,43.31999969482422,37.018798828125,EP152025,1,37.072547912597656
without_era5,ibtracs,joint_unet_mlp,5.106113433837891,40.3003044128418,ibtracs,False,2025-10-06T02:29:37+00:00,1,35.59287643432617,30.48676300048828,30.48676300048828,30.48676300048828,27.91806983947754,8.150840759277344,EP152025_sar_geo_20251006022937_f3bbea1a,47.880001068115234,37.92021179199219,EP152025,1,40.3003044128418
without_era5,ibtracs,joint_unet_mlp,-6.6026763916015625,29.242568969726562,ibtracs,False,2025-10-06T13:53:39+00:00,0,23.107681274414062,29.710357666015625,29.710357666015625,29.710357666015625,27.29560089111328,-7.742953777313232,EP152025_sar_geo_20251006135339_68af0d71,27.599903106689453,25.37576675415039,EP152025,0,29.242568969726562
without_era5,ibtracs,joint_unet_mlp,-0.7197055816650391,23.149980545043945,ibtracs,False,2025-10-07T02:05:53+00:00,0,22.629623413085938,23.349328994750977,23.349328994750977,23.349328994750977,22.735336303710938,-17.285985946655273,EP152025_sar_geo_20251007020553_ee3499a4,24.97989845275879,22.91554069519043,EP152025,0,23.149980545043945
without_era5,ibtracs,joint_unet_mlp,3.270689010620117,26.13375473022461,ibtracs,False,2023-10-24T00:48:00+00:00,0,28.108179092407227,24.83749008178711,24.83749008178711,24.83749008178711,23.762943267822266,8.128214836120605,EP182023_sar_geo_20231024004800_e546df77,55.5,26.057025909423828,EP182023,0,26.13375473022461
without_era5,ibtracs,joint_unet_mlp,12.53988265991211,69.1234130859375,ibtracs,True,2023-10-25T00:52:23+00:00,4,67.70366668701172,55.16378402709961,55.16378402709961,55.16378402709961,47.75224304199219,42.95207214355469,EP182023_sar_geo_20231025005223_896d8572,59.720001220703125,49.42375183105469,EP182023,4,69.1234130859375
without_era5,ibtracs,joint_unet_mlp,1.9162330627441406,18.413951873779297,ibtracs,False,2024-11-29T12:47:38+00:00,1,35.96841049194336,34.05217742919922,34.05217742919922,34.05217742919922,33.111934661865234,2.9806313514709473,IO042024_sar_geo_20241129124738_26d1fed9,25.840084075927734,20.021028518676758,IO042024,0,18.413951873779297
without_era5,ibtracs,joint_unet_mlp,-0.6098823547363281,46.22208023071289,ibtracs,True,2023-10-24T12:01:49+00:00,1,40.99821472167969,41.608097076416016,41.608097076416016,41.608097076416016,39.1455078125,23.046138763427734,IO062023_sar_geo_20231024120149_0c524d06,80.0,65.44290924072266,IO062023,2,46.22208023071289
without_era5,ibtracs,joint_unet_mlp,7.469173431396484,27.343936920166016,ibtracs,False,2024-01-25T08:46:17+00:00,1,36.72574996948242,29.256576538085938,29.256576538085938,29.256576538085938,28.44222068786621,5.340452671051025,SH072024_sar_geo_20240125084617_b51a9b24,38.540000915527344,34.80113220214844,SH072024,0,27.343936920166016
without_era5,ibtracs,joint_unet_mlp,3.69476318359375,32.40449523925781,ibtracs,False,2023-02-08T22:12:23+00:00,1,40.215919494628906,36.521156311035156,36.521156311035156,36.521156311035156,34.92961502075195,-13.895465850830078,SH112023_sar_geo_20230208221223_c0b8bb16,35.70000076293945,34.01755142211914,SH112023,0,32.40449523925781
without_era5,ibtracs,joint_unet_mlp,3.143667221069336,26.137470245361328,ibtracs,False,2023-02-09T11:11:34+00:00,0,25.917444229125977,22.77377700805664,22.77377700805664,22.77377700805664,21.776718139648438,-18.00554084777832,SH112023_sar_geo_20230209111134_f30f8ca8,31.280000686645508,28.429794311523438,SH112023,0,26.137470245361328
without_era5,ibtracs,joint_unet_mlp,-3.0888729095458984,33.43886184692383,ibtracs,False,2023-02-09T22:20:32+00:00,0,28.210657119750977,31.299530029296875,31.299530029296875,31.299530029296875,29.876928329467773,1.1508302688598633,SH112023_sar_geo_20230209222032_250d3700,45.13999938964844,38.88908767700195,SH112023,1,33.43886184692383
without_era5,ibtracs,joint_unet_mlp,14.502655029296875,38.06199645996094,ibtracs,False,2023-02-10T22:28:48+00:00,3,52.4904670715332,37.98781204223633,37.98781204223633,37.98781204223633,36.42301559448242,4.623136520385742,SH112023_sar_geo_20230210222848_4f1367f1,42.81999969482422,39.14099884033203,SH112023,1,38.06199645996094
without_era5,ibtracs,joint_unet_mlp,17.214183807373047,55.674747467041016,ibtracs,True,2023-02-11T11:28:01+00:00,3,56.886619567871094,39.67243576049805,39.67243576049805,39.67243576049805,38.66493606567383,24.53388214111328,SH112023_sar_geo_20230211112801_66c3ce02,54.7599983215332,48.290409088134766,SH112023,3,55.674747467041016
without_era5,ibtracs,joint_unet_mlp,17.693130493164062,55.911964416503906,ibtracs,True,2023-02-11T11:36:19+00:00,4,59.746036529541016,42.05290603637695,42.05290603637695,42.05290603637695,40.34708786010742,24.842262268066406,SH112023_sar_geo_20230211113619_713ab9a6,58.060001373291016,47.824363708496094,SH112023,3,55.911964416503906
without_era5,ibtracs,joint_unet_mlp,27.489582061767578,49.24515151977539,ibtracs,False,2023-02-12T23:16:30+00:00,3,53.003597259521484,25.514015197753906,25.514015197753906,25.514015197753906,24.698923110961914,-7.965307712554932,SH112023_sar_geo_20230212231630_6bf369b8,53.880001068115234,48.894439697265625,SH112023,2,49.24515151977539
without_era5,ibtracs,joint_unet_mlp,18.192867279052734,41.45818328857422,ibtracs,False,2023-02-13T23:24:42+00:00,1,41.419273376464844,23.22640609741211,23.22640609741211,23.22640609741211,22.067974090576172,-7.716660022735596,SH112023_sar_geo_20230213232442_e7bd4405,42.099998474121094,39.77212142944336,SH112023,1,41.45818328857422
without_era5,ibtracs,joint_unet_mlp,4.429084777832031,56.799476623535156,ibtracs,False,2023-02-14T12:24:34+00:00,2,43.020301818847656,38.591217041015625,38.591217041015625,38.591217041015625,37.21382522583008,10.63994026184082,SH112023_sar_geo_20230214122434_504d62a1,54.34000015258789,51.46897888183594,SH112023,3,56.799476623535156
without_era5,ibtracs,joint_unet_mlp,17.90200424194336,63.91752243041992,ibtracs,True,2023-02-14T23:32:51+00:00,3,56.614723205566406,38.71271896362305,38.71271896362305,38.71271896362305,36.62095642089844,22.529216766357422,SH112023_sar_geo_20230214233251_cc5d83ed,60.20000076293945,54.030601501464844,SH112023,4,63.91752243041992
without_era5,ibtracs,joint_unet_mlp,13.083526611328125,66.80645751953125,ibtracs,False,2023-02-16T00:12:28+00:00,2,46.82768249511719,33.74415588378906,33.74415588378906,33.74415588378906,31.589794158935547,2.3940699100494385,SH112023_sar_geo_20230216001228_9bbc9124,65.4000015258789,57.50040817260742,SH112023,4,66.80645751953125
without_era5,ibtracs,joint_unet_mlp,13.85165786743164,54.08716583251953,ibtracs,True,2025-02-12T21:33:13+00:00,4,66.54209899902344,52.6904411315918,52.6904411315918,52.6904411315918,47.610504150390625,25.31807518005371,SH172025_sar_geo_20250212213313_92c883b4,70.37999725341797,56.62949752807617,SH172025,3,54.08716583251953
without_era5,ibtracs,joint_unet_mlp,12.966903686523438,59.16106033325195,ibtracs,False,2025-02-13T21:41:24+00:00,3,53.613311767578125,40.64640808105469,40.64640808105469,40.64640808105469,38.893798828125,4.676295757293701,SH172025_sar_geo_20250213214124_e8716993,60.119998931884766,49.55323028564453,SH172025,4,59.16106033325195
without_era5,ibtracs,joint_unet_mlp,-0.4568195343017578,20.577760696411133,ibtracs,False,2023-04-10T10:08:15+00:00,0,23.569528579711914,24.026348114013672,24.026348114013672,24.026348114013672,20.309907913208008,-2.5722200870513916,SH182023_sar_geo_20230410100815_7e28c768,26.04296875,17.008670806884766,SH182023,0,20.577760696411133
without_era5,ibtracs,joint_unet_mlp,0.14856719970703125,33.929439544677734,ibtracs,False,2023-04-11T10:15:57+00:00,1,39.20339584350586,39.05482864379883,39.05482864379883,39.05482864379883,38.599212646484375,13.351679801940918,SH182023_sar_geo_20230411101557_348124f1,48.97999954223633,39.89085388183594,SH182023,1,33.929439544677734
without_era5,ibtracs,joint_unet_mlp,9.224578857421875,54.48676300048828,ibtracs,True,2023-04-12T21:32:54+00:00,3,54.19868850708008,44.9741096496582,44.9741096496582,44.9741096496582,41.82868576049805,18.475685119628906,SH182023_sar_geo_20230412213254_daeb85a4,58.2599983215332,51.5367546081543,SH182023,3,54.48676300048828
without_era5,ibtracs,joint_unet_mlp,11.827388763427734,70.72319030761719,ibtracs,True,2023-04-13T10:30:54+00:00,3,54.995399475097656,43.16801071166992,43.16801071166992,43.16801071166992,41.64112091064453,28.26869773864746,SH182023_sar_geo_20230413103054_f4cd9cae,68.27999877929688,58.23680877685547,SH182023,5,70.72319030761719
without_era5,ibtracs,joint_unet_mlp,5.458393096923828,18.00554084777832,ibtracs,False,2025-03-20T12:00:50+00:00,0,22.3685245513916,16.910131454467773,16.910131454467773,16.910131454467773,14.71340274810791,-2.0649211406707764,SH262025_sar_geo_20250320120050_18f77f5f,17.37593650817871,16.022216796875,SH262025,0,18.00554084777832
without_era5,ibtracs,joint_unet_mlp,3.7066707611083984,15.35915470123291,ibtracs,False,2025-03-20T23:08:39+00:00,0,22.219362258911133,18.512691497802734,18.512691497802734,18.512691497802734,17.238555908203125,-7.790825843811035,SH262025_sar_geo_20250320230839_df8df358,21.73871421813965,20.395126342773438,SH262025,-1,15.35915470123291
without_era5,ibtracs,joint_unet_mlp,17.109291076660156,45.73478698730469,ibtracs,True,2024-05-26T21:39:33+00:00,1,39.9954719543457,22.886180877685547,22.886180877685547,22.886180877685547,22.029783248901367,18.24318504333496,WP012024_sar_geo_20240526213933_9df56040,40.63999938964844,35.82577133178711,WP012024,2,45.73478698730469
without_era5,ibtracs,joint_unet_mlp,-6.1328887939453125,43.72774124145508,ibtracs,False,2024-05-27T09:52:21+00:00,0,23.50176239013672,29.63465118408203,29.63465118408203,29.63465118408203,25.34527015686035,7.698225975036621,WP012024_sar_geo_20240527095221_8e9f9c60,40.900001525878906,35.272613525390625,WP012024,2,43.72774124145508
without_era5,ibtracs,joint_unet_mlp,-5.895929336547852,35.151100158691406,ibtracs,False,2024-05-28T09:29:33+00:00,0,26.655290603637695,32.55121994018555,32.55121994018555,32.55121994018555,31.3497371673584,-8.576639175415039,WP012024_sar_geo_20240528092933_c06e204a,39.060001373291016,36.184356689453125,WP012024,1,35.151100158691406
without_era5,ibtracs,joint_unet_mlp,10.667457580566406,39.93971633911133,ibtracs,False,2024-05-28T21:21:48+00:00,1,36.08885192871094,25.42139434814453,25.42139434814453,25.42139434814453,25.043787002563477,4.240161895751953,WP012024_sar_geo_20240528212148_22df3ab7,42.13999938964844,37.435882568359375,WP012024,1,39.93971633911133
without_era5,ibtracs,joint_unet_mlp,-1.2639236450195312,35.01763153076172,ibtracs,False,2024-05-29T09:06:12+00:00,0,29.06891632080078,30.332839965820312,30.332839965820312,30.332839965820312,29.667438507080078,0.0,WP012024_sar_geo_20240529090612_d56e7ad6,39.959999084472656,37.48442077636719,WP012024,1,35.01763153076172
without_era5,ibtracs,joint_unet_mlp,6.225860595703125,28.347055435180664,ibtracs,False,2024-05-29T20:56:19+00:00,0,27.58779525756836,21.361934661865234,21.361934661865234,21.361934661865234,21.093542098999023,-11.800630569458008,WP012024_sar_geo_20240529205619_9d4a1090,79.12000274658203,33.07667541503906,WP012024,0,28.347055435180664
without_era5,ibtracs,joint_unet_mlp,3.365081787109375,39.833683013916016,ibtracs,True,2023-07-23T09:43:45+00:00,2,43.367042541503906,40.00196075439453,40.00196075439453,40.00196075439453,38.88835525512695,20.03473663330078,WP052023_sar_geo_20230723094345_16c82bb1,48.20000076293945,38.569480895996094,WP052023,1,39.833683013916016
without_era5,ibtracs,joint_unet_mlp,6.199703216552734,63.574989318847656,ibtracs,True,2023-07-24T09:52:12+00:00,2,49.17597198486328,42.97626876831055,42.97626876831055,42.97626876831055,41.7932243347168,23.499801635742188,WP052023_sar_geo_20230724095212_6c07dd16,53.779998779296875,47.79603958129883,WP052023,4,63.574989318847656
without_era5,ibtracs,joint_unet_mlp,16.297103881835938,61.733280181884766,ibtracs,False,2023-07-25T10:00:51+00:00,4,60.67184066772461,44.37473678588867,44.37473678588867,44.37473678588867,43.734947204589844,-1.891153335571289,WP052023_sar_geo_20230725100051_6a4ed126,57.52000045776367,52.65974807739258,WP052023,4,61.733280181884766
without_era5,ibtracs,joint_unet_mlp,-5.29212760925293,47.88854217529297,ibtracs,False,2023-07-26T10:08:50+00:00,0,23.781137466430664,29.073265075683594,29.073265075683594,29.073265075683594,28.624717712402344,-13.844736099243164,WP052023_sar_geo_20230726100850_0d211749,36.900001525878906,35.53444290161133,WP052023,2,47.88854217529297
without_era5,ibtracs,joint_unet_mlp,-5.81158447265625,41.155521392822266,ibtracs,False,2023-07-26T22:01:56+00:00,0,27.11880874633789,32.93039321899414,32.93039321899414,32.93039321899414,32.72871780395508,-15.56059741973877,WP052023_sar_geo_20230726220156_e35acc0b,40.41999816894531,37.58406066894531,WP052023,1,41.155521392822266
without_era5,ibtracs,joint_unet_mlp,-5.426517486572266,41.155521392822266,ibtracs,False,2023-07-26T22:02:52+00:00,0,30.03885269165039,35.465370178222656,35.465370178222656,35.465370178222656,35.242427825927734,-15.539257049560547,WP052023_sar_geo_20230726220252_d3deb372,38.84000015258789,36.08020782470703,WP052023,1,41.155521392822266
without_era5,ibtracs,joint_unet_mlp,15.263694763183594,48.51921463012695,ibtracs,False,2023-07-27T10:17:39+00:00,3,51.78072738647461,36.517032623291016,36.517032623291016,36.517032623291016,36.0246696472168,0.7566613554954529,WP052023_sar_geo_20230727101739_a9e95728,44.81999969482422,41.74239730834961,WP052023,2,48.51921463012695
without_era5,ibtracs,joint_unet_mlp,-0.6811046600341797,20.577760696411133,ibtracs,False,2024-08-12T07:55:49+00:00,0,22.381195068359375,23.062299728393555,23.062299728393555,23.062299728393555,21.542577743530273,2.5722200870513916,WP072024_sar_geo_20240812075549_e8fedc4e,21.658456802368164,20.483028411865234,WP072024,0,20.577760696411133
without_era5,ibtracs,joint_unet_mlp,4.038476943969727,19.809429168701172,ibtracs,False,2024-08-12T20:14:25+00:00,0,22.329662322998047,18.29118537902832,18.29118537902832,18.29118537902832,15.926700592041016,-0.7683316469192505,WP072024_sar_geo_20240812201425_1226442e,22.83545684814453,19.634958267211914,WP072024,0,19.809429168701172
without_era5,ibtracs,joint_unet_mlp,5.108476638793945,14.71900463104248,ibtracs,False,2024-08-13T08:04:58+00:00,0,22.316076278686523,17.207599639892578,17.207599639892578,17.207599639892578,16.32212257385254,-5.858755111694336,WP072024_sar_geo_20240813080458_cdd218d1,21.210275650024414,15.737432479858398,WP072024,-1,14.71900463104248
without_era5,ibtracs,joint_unet_mlp,8.13320541381836,25.722200393676758,ibtracs,False,2023-08-26T07:54:01+00:00,1,34.674461364746094,26.541255950927734,26.541255950927734,26.541255950927734,25.87964630126953,5.144440174102783,WP082023_sar_geo_20230826075401_86c4bdd0,38.68000030517578,34.366600036621094,WP082023,0,25.722200393676758
without_era5,ibtracs,joint_unet_mlp,3.054729461669922,27.52808952331543,ibtracs,False,2023-08-28T08:14:04+00:00,0,27.085552215576172,24.03082275390625,24.03082275390625,24.03082275390625,22.51152992248535,-0.7663310170173645,WP082023_sar_geo_20230828081404_53227c39,33.70000076293945,31.261465072631836,WP082023,0,27.52808952331543
without_era5,ibtracs,joint_unet_mlp,6.294307708740234,18.00554084777832,ibtracs,False,2024-08-19T21:43:55+00:00,0,26.9442138671875,20.649906158447266,20.649906158447266,20.649906158447266,20.23658561706543,0.7778583765029907,WP102024_sar_geo_20240819214355_fe68614f,31.88100814819336,22.201045989990234,WP102024,0,18.00554084777832
without_era5,ibtracs,joint_unet_mlp,8.216461181640625,43.94685363769531,ibtracs,False,2024-08-26T09:15:20+00:00,1,38.919960021972656,30.70349884033203,30.70349884033203,30.70349884033203,28.899255752563477,6.304797172546387,WP112024_sar_geo_20240826091520_95af66ff,44.79999923706055,41.65532684326172,WP112024,2,43.94685363769531
without_era5,ibtracs,joint_unet_mlp,19.800315856933594,53.01136016845703,ibtracs,True,2024-08-26T21:04:08+00:00,4,60.04576110839844,40.245445251464844,40.245445251464844,40.245445251464844,36.580078125,15.492385864257812,WP112024_sar_geo_20240826210408_a57cc755,52.724998474121094,45.93745040893555,WP112024,3,53.01136016845703
without_era5,ibtracs,joint_unet_mlp,3.9303550720214844,58.26707077026367,ibtracs,False,2024-08-27T09:23:36+00:00,1,42.183692932128906,38.25333786010742,38.25333786010742,38.25333786010742,36.41162872314453,14.202083587646484,WP112024_sar_geo_20240827092336_88090114,57.720001220703125,52.73346710205078,WP112024,4,58.26707077026367
without_era5,ibtracs,joint_unet_mlp,16.037002563476562,56.58884048461914,ibtracs,False,2024-08-27T21:12:15+00:00,3,56.59934616088867,40.56234359741211,40.56234359741211,40.56234359741211,39.66120147705078,3.5310864448547363,WP112024_sar_geo_20240827211215_cbee7e4b,55.81999969482422,49.47250747680664,WP112024,3,56.58884048461914
without_era5,ibtracs,joint_unet_mlp,17.56439971923828,50.14400100708008,ibtracs,False,2024-08-28T09:31:40+00:00,3,49.457725524902344,31.893325805664062,31.893325805664062,31.893325805664062,30.540416717529297,-8.169179916381836,WP112024_sar_geo_20240828093140_80dcdc85,58.7586784362793,41.45331954956055,WP112024,3,50.14400100708008
without_era5,ibtracs,joint_unet_mlp,-0.1238861083984375,40.90044021606445,ibtracs,False,2024-08-28T21:19:50+00:00,0,30.275196075439453,30.39908218383789,30.39908218383789,30.39908218383789,29.650840759277344,-15.688398361206055,WP112024_sar_geo_20240828211950_9fc5a1dd,80.0,47.3892936706543,WP112024,1,40.90044021606445
without_era5,ibtracs,joint_unet_mlp,0.066009521484375,20.577760696411133,ibtracs,False,2024-09-05T20:14:24+00:00,0,23.857532501220703,23.791522979736328,23.791522979736328,23.791522979736328,23.35210418701172,2.5722200870513916,WP132024_sar_geo_20240905201424_2b6d0688,40.540000915527344,31.746538162231445,WP132024,0,20.577760696411133
without_era5,ibtracs,joint_unet_mlp,-1.2289047241210938,18.00554084777832,ibtracs,False,2024-09-06T08:05:07+00:00,0,22.286846160888672,23.515750885009766,23.515750885009766,23.515750885009766,21.405818939208984,0.0,WP132024_sar_geo_20240906080507_a6b444e0,20.746583938598633,19.321083068847656,WP132024,0,18.00554084777832
without_era5,ibtracs,joint_unet_mlp,1.0998287200927734,17.384206771850586,ibtracs,False,2024-09-06T19:48:42+00:00,0,22.46734046936035,21.367511749267578,21.367511749267578,21.367511749267578,20.44999122619629,-3.193553924560547,WP132024_sar_geo_20240906194842_9f4d9498,20.069189071655273,18.259702682495117,WP132024,-1,17.384206771850586
without_era5,ibtracs,joint_unet_mlp,0.6725654602050781,22.746999740600586,ibtracs,False,2023-10-19T10:49:30+00:00,1,41.93024444580078,41.2576789855957,41.2576789855957,41.2576789855957,38.68511199951172,2.5722200870513916,WP162023_sar_geo_20231019104930_9a749bdc,80.0,36.78159713745117,WP162023,0,22.746999740600586
without_era5,ibtracs,joint_unet_mlp,-0.0319366455078125,20.577760696411133,ibtracs,False,2023-10-19T22:43:10+00:00,0,31.810199737548828,31.84213638305664,31.84213638305664,31.84213638305664,31.13584327697754,1.9134458303451538,WP162023_sar_geo_20231019224310_d9ac92a8,80.0,25.158126831054688,WP162023,0,20.577760696411133
without_era5,ibtracs,joint_unet_mlp,0.29620361328125,15.9686279296875,ibtracs,False,2023-10-20T10:57:34+00:00,0,23.440858840942383,23.144655227661133,23.144655227661133,23.144655227661133,22.12255859375,-6.8244805335998535,WP162023_sar_geo_20231020105734_00b31332,80.0,31.868629455566406,WP162023,-1,15.9686279296875
without_era5,ibtracs,joint_unet_mlp,-6.317989349365234,24.468528747558594,ibtracs,False,2025-09-05T08:33:47+00:00,0,29.04247283935547,35.3604621887207,35.3604621887207,35.3604621887207,34.57303237915039,6.462988376617432,WP212025_sar_geo_20250905083347_3ae8e0aa,33.5,27.7016658782959,WP212025,0,24.468528747558594
without_era5,ibtracs,joint_unet_mlp,14.787996292114258,19.078346252441406,ibtracs,False,2025-09-18T21:07:41+00:00,1,36.91466522216797,22.12666893005371,22.12666893005371,22.12666893005371,21.084352493286133,,WP242025_sar_geo_20250918210741_c0a8f306,22.194433212280273,20.288606643676758,WP242025,0,19.078346252441406
without_era5,ibtracs,joint_unet_mlp,11.19809341430664,30.547494888305664,ibtracs,False,2025-09-19T21:13:40+00:00,2,46.06657028198242,34.86847686767578,34.86847686767578,34.86847686767578,33.94698715209961,11.43494701385498,WP242025_sar_geo_20250919211340_695286ba,36.70000076293945,34.47115707397461,WP242025,0,30.547494888305664
without_era5,ibtracs,joint_unet_mlp,11.983760833740234,30.57440757751465,ibtracs,False,2025-09-19T21:15:33+00:00,2,46.33612060546875,34.352359771728516,34.352359771728516,34.352359771728516,33.59060287475586,11.451094627380371,WP242025_sar_geo_20250919211533_41d7c3ba,34.58000183105469,33.21208953857422,WP242025,0,30.57440757751465
without_era5,ibtracs,joint_unet_mlp,23.356613159179688,60.323036193847656,ibtracs,True,2025-09-20T21:23:17+00:00,3,55.80842208862305,32.45180892944336,32.45180892944336,32.45180892944336,31.67746925354004,29.638118743896484,WP242025_sar_geo_20250920212317_7e455209,55.7599983215332,48.43717575073242,WP242025,4,60.323036193847656
without_era5,ibtracs,joint_unet_mlp,23.086307525634766,72.85513305664062,ibtracs,True,2025-09-21T09:37:09+00:00,4,70.07606506347656,46.9897575378418,46.9897575378418,46.9897575378418,43.58610534667969,27.640933990478516,WP242025_sar_geo_20250921093709_b508ba36,61.41999816894531,55.058265686035156,WP242025,5,72.85513305664062
without_era5,ibtracs,joint_unet_mlp,17.67409896850586,74.0799331665039,ibtracs,False,2025-09-21T21:31:23+00:00,4,65.05162811279297,47.37752914428711,47.37752914428711,47.37752914428711,46.05897521972656,13.710599899291992,WP242025_sar_geo_20250921213123_bfc94639,66.27999877929688,59.192657470703125,WP242025,5,74.0799331665039
without_era5,ibtracs,joint_unet_mlp,15.852790832519531,59.700462341308594,ibtracs,False,2025-09-23T10:25:38+00:00,4,58.48064422607422,42.62785339355469,42.62785339355469,42.62785339355469,41.59566116333008,-7.496878147125244,WP242025_sar_geo_20250923102538_5aa662c2,56.34000015258789,49.855220794677734,WP242025,4,59.700462341308594
without_era5,ibtracs,joint_unet_mlp,24.301090240478516,56.94694900512695,ibtracs,False,2025-09-23T22:18:14+00:00,5,70.8193359375,46.518245697021484,46.518245697021484,46.518245697021484,44.9578857421875,-6.8441057205200195,WP242025_sar_geo_20250923221814_e7b45b16,80.0,49.36774444580078,WP242025,3,56.94694900512695
without_era5,ibtracs,joint_unet_mlp,21.814899444580078,56.94152069091797,ibtracs,False,2025-09-23T22:18:52+00:00,4,69.46015167236328,47.6452522277832,47.6452522277832,47.6452522277832,45.95003128051758,-6.849535942077637,WP242025_sar_geo_20250923221852_6a75749b,80.0,51.13564682006836,WP242025,3,56.94152069091797
without_era5,ibtracs,joint_unet_mlp,23.765316009521484,61.21883773803711,ibtracs,True,2025-10-07T20:56:17+00:00,4,66.22981262207031,42.46449661254883,42.46449661254883,42.46449661254883,41.10232162475586,22.688648223876953,WP282025_sar_geo_20251007205617_b3422293,61.79999923706055,55.649513244628906,WP282025,4,61.21883773803711
without_era5,ibtracs,joint_unet_mlp,12.928058624267578,61.21883773803711,ibtracs,False,2025-10-08T08:44:08+00:00,3,51.34626007080078,38.4182014465332,38.4182014465332,38.4182014465332,37.64915466308594,8.215479850769043,WP282025_sar_geo_20251008084408_05dee5d2,48.68000030517578,46.535682678222656,WP282025,4,61.21883773803711
without_era5,ibtracs,joint_unet_mlp,11.880184173583984,55.207557678222656,ibtracs,False,2025-10-08T20:31:39+00:00,3,50.99412536621094,39.11394119262695,39.11394119262695,39.11394119262695,37.41298294067383,-6.01127815246582,WP282025_sar_geo_20251008203139_134d70ed,59.2400016784668,56.240962982177734,WP282025,3,55.207557678222656
without_era5,ibtracs,joint_unet_mlp,4.742046356201172,46.24051284790039,ibtracs,False,2025-10-09T08:20:12+00:00,1,40.02507019042969,35.283023834228516,35.283023834228516,35.283023834228516,33.693275451660156,-14.978322982788086,WP282025_sar_geo_20251009082012_18810889,56.439998626708984,54.309810638427734,WP282025,2,46.24051284790039
without_era5,ibtracs,unet_correction,-2.9651787281036377,18.20888900756836,ibtracs,False,2025-06-29T12:23:43+00:00,0,21.78583526611328,24.751014709472656,24.751014709472656,24.751014709472656,22.48092269897461,,AL022025_sar_geo_20250629122343_2019fb4c,26.75994873046875,20.296344757080078,AL022025,0,18.20888900756836
without_era5,ibtracs,unet_correction,-1.7231054306030273,17.183143615722656,ibtracs,False,2025-06-30T00:38:22+00:00,0,24.207748413085938,25.93085479736328,25.93085479736328,25.93085479736328,25.140684127807617,3.9930858612060547,AL022025_sar_geo_20250630003822_9f8d8538,38.099998474121094,18.442907333374023,AL022025,-1,17.183143615722656
without_era5,ibtracs,unet_correction,-4.920646667480469,25.722200393676758,ibtracs,False,2023-06-24T09:11:41+00:00,0,24.115123748779297,29.035770416259766,29.035770416259766,29.035770416259766,26.54218292236328,3.53432559967041,AL042023_sar_geo_20230624091141_fc94d478,32.65999221801758,26.53125,AL042023,0,25.722200393676758
without_era5,ibtracs,unet_correction,0.8877621293067932,24.210735321044922,ibtracs,False,2023-06-24T21:56:17+00:00,0,23.13142204284668,22.24365997314453,22.24365997314453,22.24365997314453,21.302167892456055,1.0607548952102661,AL042023_sar_geo_20230624215617_3236b686,47.7400016784668,26.545425415039062,AL042023,0,24.210735321044922
without_era5,ibtracs,unet_correction,-3.074401617050171,21.681528091430664,ibtracs,False,2023-06-25T09:51:16+00:00,0,18.252670288085938,21.327072143554688,21.327072143554688,21.327072143554688,20.510883331298828,-4.0406718254089355,AL042023_sar_geo_20230625095116_dad4ab5b,28.200000762939453,25.516326904296875,AL042023,0,21.681528091430664
without_era5,ibtracs,unet_correction,-0.18307740986347198,24.937578201293945,ibtracs,False,2025-09-25T09:42:44+00:00,0,24.254793167114258,24.437870025634766,24.437870025634766,24.437870025634766,23.550579071044922,,AL082025_sar_geo_20250925094244_08e44ad7,27.859996795654297,21.703502655029297,AL082025,0,24.937578201293945
without_era5,ibtracs,unet_correction,9.322638511657715,55.86671447753906,ibtracs,True,2025-09-26T22:04:44+00:00,4,61.572208404541016,52.249568939208984,52.249568939208984,52.249568939208984,42.33389663696289,25.65894317626953,AL082025_sar_geo_20250926220444_2d00f032,55.41999816894531,48.242061614990234,AL082025,3,55.86671447753906
without_era5,ibtracs,unet_correction,11.686903953552246,55.90815353393555,ibtracs,True,2025-09-26T22:06:11+00:00,5,70.59716796875,58.9102668762207,58.9102668762207,58.9102668762207,47.71377944946289,25.692094802856445,AL082025_sar_geo_20250926220611_04532c06,51.36000061035156,46.63326644897461,AL082025,3,55.90815353393555
without_era5,ibtracs,unet_correction,9.61310863494873,66.18160247802734,ibtracs,True,2025-09-27T09:58:13+00:00,3,53.84117889404297,44.22806930541992,44.22806930541992,44.22806930541992,38.759063720703125,26.76637840270996,AL082025_sar_geo_20250927095813_d513fd6c,69.83999633789062,56.139591217041016,AL082025,4,66.18160247802734
without_era5,ibtracs,unet_correction,11.098221778869629,72.02216339111328,ibtracs,True,2025-09-27T22:14:16+00:00,4,65.30401611328125,54.20579147338867,54.20579147338867,54.20579147338867,47.64318084716797,15.88298225402832,AL082025_sar_geo_20250927221416_59358115,68.66000366210938,57.38515853881836,AL082025,5,72.02216339111328
without_era5,ibtracs,unet_correction,9.513699531555176,65.934814453125,ibtracs,False,2025-09-28T10:05:59+00:00,4,59.74351501464844,50.22981643676758,50.22981643676758,50.22981643676758,45.09769821166992,-0.29118484258651733,AL082025_sar_geo_20250928100559_707f4766,58.29999923706055,51.569278717041016,AL082025,4,65.934814453125
without_era5,ibtracs,unet_correction,10.504830360412598,62.5663948059082,ibtracs,False,2025-09-28T22:22:50+00:00,3,55.616336822509766,45.111507415771484,45.111507415771484,45.111507415771484,42.422916412353516,-9.455766677856445,AL082025_sar_geo_20250928222250_60332831,57.599998474121094,53.99726104736328,AL082025,4,62.5663948059082
without_era5,ibtracs,unet_correction,9.36299991607666,63.696075439453125,ibtracs,False,2025-09-29T10:13:23+00:00,2,46.06809616088867,36.70509719848633,36.70509719848633,36.70509719848633,35.37468338012695,-2.1329896450042725,AL082025_sar_geo_20250929101323_61e03351,56.5,49.547393798828125,AL082025,4,63.696075439453125
without_era5,ibtracs,unet_correction,11.589537620544434,53.46254348754883,ibtracs,False,2025-09-29T22:31:44+00:00,2,43.61170959472656,32.02217102050781,32.02217102050781,32.02217102050781,31.625343322753906,-9.027539253234863,AL082025_sar_geo_20250929223144_b6a1244f,58.15999984741211,50.252620697021484,AL082025,3,53.46254348754883
without_era5,ibtracs,unet_correction,4.525702953338623,53.445396423339844,ibtracs,False,2025-09-29T22:32:29+00:00,0,27.521583557128906,22.995880126953125,22.995880126953125,22.995880126953125,22.35637664794922,-9.038256645202637,AL082025_sar_geo_20250929223229_4e0b44ba,62.34000015258789,53.213584899902344,AL082025,3,53.445396423339844
without_era5,ibtracs,unet_correction,1.0747754573822021,38.4094352722168,ibtracs,False,2025-09-30T10:36:05+00:00,0,23.961830139160156,22.887054443359375,22.887054443359375,22.887054443359375,22.197662353515625,-25.416391372680664,AL082025_sar_geo_20250930103605_996c3d15,39.959999084472656,38.323768615722656,AL082025,1,38.4094352722168
without_era5,ibtracs,unet_correction,-5.4870991706848145,36.01108169555664,ibtracs,False,2025-09-30T22:41:16+00:00,-1,16.991361618041992,22.47846031188965,22.47846031188965,22.47846031188965,22.153316497802734,-17.23349380493164,AL082025_sar_geo_20250930224116_f96a335d,40.86000061035156,37.576480865478516,AL082025,1,36.01108169555664
without_era5,ibtracs,unet_correction,9.289488792419434,34.248538970947266,ibtracs,False,2025-10-01T10:25:34+00:00,1,36.223167419433594,26.933677673339844,26.933677673339844,26.933677673339844,26.629545211791992,-4.461467742919922,AL082025_sar_geo_20251001102534_7c316d67,38.15999984741211,36.33675765991211,AL082025,1,34.248538970947266
without_era5,ibtracs,unet_correction,-3.266497850418091,25.665515899658203,ibtracs,False,2024-09-24T23:50:05+00:00,0,22.072776794433594,25.339275360107422,25.339275360107422,25.339275360107422,24.577939987182617,7.659976005554199,AL092024_sar_geo_20240924235005_f6c42560,34.099998474121094,25.84740447998047,AL092024,0,25.665515899658203
without_era5,ibtracs,unet_correction,8.564911842346191,33.20021438598633,ibtracs,False,2024-09-25T11:43:18+00:00,3,49.85249710083008,41.2875862121582,41.2875862121582,41.2875862121582,39.910560607910156,12.717912673950195,AL092024_sar_geo_20240925114318_182f4c98,38.81999969482422,32.314483642578125,AL092024,1,33.20021438598633
without_era5,ibtracs,unet_correction,3.3483169078826904,36.01108169555664,ibtracs,False,2024-09-25T23:58:53+00:00,0,29.82604217529297,26.477725982666016,26.477725982666016,26.477725982666016,23.660717010498047,10.295263290405273,AL092024_sar_geo_20240925235853_bb2fffd5,38.32500076293945,32.80063247680664,AL092024,1,36.01108169555664
without_era5,ibtracs,unet_correction,12.47546100616455,43.58650588989258,ibtracs,False,2024-09-26T11:50:07+00:00,3,49.54052734375,37.065067291259766,37.065067291259766,37.065067291259766,36.52217102050781,10.288880348205566,AL092024_sar_geo_20240926115007_1dfc3535,41.63999938964844,35.869930267333984,AL092024,2,43.58650588989258
without_era5,ibtracs,unet_correction,10.9227876663208,61.2578010559082,ibtracs,True,2024-09-26T23:36:14+00:00,3,57.86100769042969,46.9382209777832,46.9382209777832,46.9382209777832,44.474369049072266,25.246721267700195,AL092024_sar_geo_20240926233614_4c4a4e8d,56.41999816894531,52.753684997558594,AL092024,4,61.2578010559082
without_era5,ibtracs,unet_correction,11.479907035827637,61.27547073364258,ibtracs,True,2024-09-26T23:37:07+00:00,3,55.02314758300781,43.54323959350586,43.54323959350586,43.54323959350586,41.25777816772461,25.264392852783203,AL092024_sar_geo_20240926233707_ba644eb1,53.97999954223633,51.04243469238281,AL092024,4,61.27547073364258
without_era5,ibtracs,unet_correction,11.448981285095215,61.300479888916016,ibtracs,True,2024-09-26T23:38:22+00:00,4,58.91293716430664,47.46395492553711,47.46395492553711,47.46395492553711,44.904441833496094,25.289400100708008,AL092024_sar_geo_20240926233822_7d97bd32,55.97999954223633,51.9205207824707,AL092024,4,61.300479888916016
without_era5,ibtracs,unet_correction,-2.768414258956909,27.9754638671875,ibtracs,False,2025-09-29T23:04:12+00:00,0,22.657176971435547,25.42559051513672,25.42559051513672,25.42559051513672,24.560001373291016,9.969924926757812,AL092025_sar_geo_20250929230412_3b893bbb,33.125,25.969348907470703,AL092025,0,27.9754638671875
without_era5,ibtracs,unet_correction,8.775392532348633,36.01108169555664,ibtracs,False,2025-09-30T23:11:51+00:00,2,43.75963592529297,34.9842414855957,34.9842414855957,34.9842414855957,33.064151763916016,7.99188756942749,AL092025_sar_geo_20250930231151_62ee93bd,37.7400016784668,33.46464538574219,AL092025,1,36.01108169555664
without_era5,ibtracs,unet_correction,7.8040924072265625,37.67373275756836,ibtracs,False,2025-10-02T10:03:39+00:00,1,33.70979309082031,25.905698776245117,25.905698776245117,25.905698776245117,25.354719161987305,-2.8167238235473633,AL092025_sar_geo_20251002100339_1686cf44,55.81999969482422,47.7620964050293,AL092025,1,37.67373275756836
without_era5,ibtracs,unet_correction,11.924848556518555,23.149980545043945,ibtracs,False,2024-09-26T09:38:24+00:00,0,32.77825164794922,20.85340118408203,20.85340118408203,20.85340118408203,20.085796356201172,0.0,AL102024_sar_geo_20240926093824_136192f5,30.619998931884766,26.88939666748047,AL102024,0,23.149980545043945
without_era5,ibtracs,unet_correction,-6.113582611083984,27.43263053894043,ibtracs,False,2024-09-26T21:29:14+00:00,0,19.15164566040039,25.265228271484375,25.265228271484375,25.265228271484375,21.89977264404297,4.282650947570801,AL102024_sar_geo_20240926212914_03bcc908,34.779998779296875,28.738861083984375,AL102024,0,27.43263053894043
without_era5,ibtracs,unet_correction,1.9468199014663696,32.48942565917969,ibtracs,False,2024-09-27T09:13:54+00:00,0,22.422943115234375,20.476123809814453,20.476123809814453,20.476123809814453,20.06974983215332,9.339445114135742,AL102024_sar_geo_20240927091354_3a788dd8,36.91999816894531,34.587730407714844,AL102024,0,32.48942565917969
without_era5,ibtracs,unet_correction,10.552496910095215,46.29996109008789,ibtracs,False,2024-09-28T08:49:27+00:00,2,47.163150787353516,36.610652923583984,36.610652923583984,36.610652923583984,35.408180236816406,13.980443954467773,AL102024_sar_geo_20240928084927_9b67e147,43.02000045776367,41.03065872192383,AL102024,2,46.29996109008789
without_era5,ibtracs,unet_correction,-3.7819626331329346,35.18644714355469,ibtracs,False,2024-09-29T08:24:16+00:00,0,18.053844451904297,21.83580780029297,21.83580780029297,21.83580780029297,21.12000846862793,-11.11351490020752,AL102024_sar_geo_20240929082416_cf0e50b0,38.34000015258789,35.84708786010742,AL102024,1,35.18644714355469
without_era5,ibtracs,unet_correction,-1.6001665592193604,30.07201385498047,ibtracs,False,2024-09-29T20:19:01+00:00,0,23.8559513092041,25.456117630004883,25.456117630004883,25.456117630004883,24.174915313720703,-11.669161796569824,AL102024_sar_geo_20240929201901_eceb8b95,37.47999954223633,34.81792068481445,AL102024,0,30.07201385498047
without_era5,ibtracs,unet_correction,-3.3910934925079346,22.25275230407715,ibtracs,False,2025-10-07T21:23:02+00:00,0,20.815547943115234,24.206642150878906,24.206642150878906,24.206642150878906,22.198408126831055,,AL102025_sar_geo_20251007212302_65a32d77,31.35999870300293,28.337852478027344,AL102025,0,22.25275230407715
without_era5,ibtracs,unet_correction,-0.8883005380630493,26.01824378967285,ibtracs,False,2025-10-08T09:20:43+00:00,0,18.364301681518555,19.252601623535156,19.252601623535156,19.252601623535156,17.95549964904785,6.350954055786133,AL102025_sar_geo_20251008092043_77759e8c,33.619998931884766,29.984731674194336,AL102025,0,26.01824378967285
without_era5,ibtracs,unet_correction,-0.1041373461484909,25.722200393676758,ibtracs,False,2025-10-09T22:12:45+00:00,0,22.853670120239258,22.957807540893555,22.957807540893555,22.957807540893555,22.102293014526367,-2.5722200870513916,AL102025_sar_geo_20251009221245_f4761526,31.220003128051758,27.99546241760254,AL102025,0,25.722200393676758
without_era5,ibtracs,unet_correction,5.551535606384277,25.722200393676758,ibtracs,False,2025-10-10T10:05:06+00:00,0,23.87297821044922,18.321443557739258,18.321443557739258,18.321443557739258,17.163633346557617,-0.985160231590271,AL102025_sar_geo_20251010100506_5c04fb1b,24.438796997070312,23.330018997192383,AL102025,0,25.722200393676758
without_era5,ibtracs,unet_correction,1.9113852977752686,25.722200393676758,ibtracs,False,2025-10-10T22:21:57+00:00,0,25.506277084350586,23.594892501831055,23.594892501831055,23.594892501831055,22.37273597717285,0.0,AL102025_sar_geo_20251010222157_3cb50cd4,40.099998474121094,29.378992080688477,AL102025,0,25.722200393676758
without_era5,ibtracs,unet_correction,5.51182222366333,23.149980545043945,ibtracs,False,2025-10-11T10:13:58+00:00,1,36.103126525878906,30.591304779052734,30.591304779052734,30.591304779052734,29.097909927368164,-2.5722200870513916,AL102025_sar_geo_20251011101358_f6a30809,33.18000030517578,22.940021514892578,AL102025,0,23.149980545043945
without_era5,ibtracs,unet_correction,9.491179466247559,45.82767105102539,ibtracs,True,2024-11-06T11:26:57+00:00,3,50.82761764526367,41.3364372253418,41.3364372253418,41.3364372253418,37.9466438293457,20.294387817382812,AL182024_sar_geo_20241106112657_5c0e7c84,46.68000030517578,42.82679748535156,AL182024,2,45.82767105102539
without_era5,ibtracs,unet_correction,7.705060958862305,49.17279052734375,ibtracs,False,2024-11-06T23:40:43+00:00,1,38.37676239013672,30.671703338623047,30.671703338623047,30.671703338623047,28.76685333251953,13.437273025512695,AL182024_sar_geo_20241106234043_5d0cd6d0,50.380001068115234,42.11057662963867,AL182024,2,49.17279052734375
without_era5,ibtracs,unet_correction,7.188971042633057,49.1434326171875,ibtracs,False,2024-11-06T23:42:36+00:00,1,39.658714294433594,32.46974182128906,32.46974182128906,32.46974182128906,30.47551727294922,13.381000518798828,AL182024_sar_geo_20241106234236_1f54d7b2,54.099998474121094,44.40436553955078,AL182024,2,49.1434326171875
without_era5,ibtracs,unet_correction,11.678387641906738,49.12030792236328,ibtracs,False,2024-11-06T23:44:05+00:00,2,44.349605560302734,32.67121887207031,32.67121887207031,32.67121887207031,30.894847869873047,13.336679458618164,AL182024_sar_geo_20241106234405_6e8a2b86,54.119998931884766,47.42927169799805,AL182024,2,49.12030792236328
without_era5,ibtracs,unet_correction,6.729981422424316,46.29996109008789,ibtracs,False,2024-11-07T11:34:27+00:00,2,47.19940185546875,40.46942138671875,40.46942138671875,40.46942138671875,38.74950408935547,0.3651123344898224,AL182024_sar_geo_20241107113427_6c78673a,52.459999084472656,47.70045471191406,AL182024,2,46.29996109008789
without_era5,ibtracs,unet_correction,10.322046279907227,46.29996109008789,ibtracs,False,2024-11-07T23:51:05+00:00,3,53.9678955078125,43.64584732055664,43.64584732055664,43.64584732055664,40.346214294433594,-2.711223840713501,AL182024_sar_geo_20241107235105_7cb0f20e,48.119998931884766,45.014564514160156,AL182024,2,46.29996109008789
without_era5,ibtracs,unet_correction,-3.1201512813568115,33.456390380859375,ibtracs,False,2024-11-08T23:59:14+00:00,0,20.78887939453125,23.90903091430664,23.90903091430664,23.90903091430664,22.878198623657227,-12.843570709228516,AL182024_sar_geo_20241108235914_8a172b82,46.040000915527344,37.65009689331055,AL182024,1,33.456390380859375
without_era5,ibtracs,unet_correction,0.36193716526031494,25.80436897277832,ibtracs,False,2024-11-09T11:50:25+00:00,0,24.13172721862793,23.769790649414062,23.769790649414062,23.769790649414062,22.59634780883789,-23.20475959777832,AL182024_sar_geo_20241109115025_a47eebe7,36.900001525878906,30.126853942871094,AL182024,0,25.80436897277832
without_era5,ibtracs,unet_correction,-0.6905643343925476,20.519838333129883,ibtracs,False,2024-11-10T00:10:08+00:00,0,22.072046279907227,22.762611389160156,22.762611389160156,22.762611389160156,20.867712020874023,-12.774215698242188,AL182024_sar_geo_20241110001008_2b803752,30.479999542236328,25.998462677001953,AL182024,0,20.519838333129883
without_era5,ibtracs,unet_correction,4.056703567504883,18.00554084777832,ibtracs,False,2024-11-10T11:58:06+00:00,0,21.08397674560547,17.027273178100586,17.027273178100586,17.027273178100586,16.661067962646484,-7.732950687408447,AL182024_sar_geo_20241110115806_c5d91f61,30.91888427734375,17.999176025390625,AL182024,0,18.00554084777832
without_era5,ibtracs,unet_correction,7.283280372619629,38.58330154418945,ibtracs,False,2023-06-29T13:04:56+00:00,1,33.09147644042969,25.808197021484375,25.808197021484375,25.808197021484375,24.083709716796875,4.587697505950928,EP012023_sar_geo_20230629130456_9d69b2fc,38.599998474121094,36.31546401977539,EP012023,1,38.58330154418945
without_era5,ibtracs,unet_correction,12.506409645080566,46.29996109008789,ibtracs,False,2023-06-30T13:12:49+00:00,1,42.31858444213867,29.812175750732422,29.812175750732422,29.812175750732422,27.811424255371094,7.716660022735596,EP012023_sar_geo_20230630131249_66c8cd8c,43.15999984741211,38.57410430908203,EP012023,2,46.29996109008789
without_era5,ibtracs,unet_correction,-0.27591851353645325,28.29442024230957,ibtracs,False,2025-08-01T02:13:07+00:00,0,28.49058723449707,28.76650619506836,28.76650619506836,28.76650619506836,26.048870086669922,9.147528648376465,EP072025_sar_geo_20250801021307_8951090d,28.525001525878906,25.266023635864258,EP072025,0,28.29442024230957
without_era5,ibtracs,unet_correction,12.393514633178711,33.43886184692383,ibtracs,False,2025-08-02T02:21:52+00:00,2,48.92790222167969,36.53438949584961,36.53438949584961,36.53438949584961,35.48827362060547,5.144440174102783,EP072025_sar_geo_20250802022152_23b97394,33.459999084472656,31.609230041503906,EP072025,1,33.43886184692383
without_era5,ibtracs,unet_correction,0.02039976790547371,32.65681076049805,ibtracs,False,2025-08-02T14:16:49+00:00,0,30.370412826538086,30.350013732910156,30.350013732910156,30.350013732910156,27.71222686767578,3.189314603805542,EP072025_sar_geo_20250802141649_e9600fe9,34.0,32.232173919677734,EP072025,0,32.65681076049805
without_era5,ibtracs,unet_correction,3.7560739517211914,27.24152374267578,ibtracs,False,2025-08-03T03:02:48+00:00,0,27.669071197509766,23.91299819946289,23.91299819946289,23.91299819946289,22.057748794555664,-6.197335243225098,EP072025_sar_geo_20250803030248_1ccccbaf,30.81999969482422,28.60904312133789,EP072025,0,27.24152374267578
without_era5,ibtracs,unet_correction,12.442841529846191,23.149980545043945,ibtracs,False,2025-08-05T02:13:12+00:00,1,39.59262466430664,27.149784088134766,27.149784088134766,27.149784088134766,26.224416732788086,,EP082025_sar_geo_20250805021312_5901b79b,26.499990463256836,24.82594871520996,EP082025,0,23.149980545043945
without_era5,ibtracs,unet_correction,-4.901632308959961,23.149980545043945,ibtracs,False,2025-08-05T14:09:24+00:00,0,21.406063079833984,26.307695388793945,26.307695388793945,26.307695388793945,24.842531204223633,4.034955978393555,EP082025_sar_geo_20250805140924_db0bcc3b,27.479997634887695,25.81668472290039,EP082025,0,23.149980545043945
without_era5,ibtracs,unet_correction,-2.876584768295288,23.149980545043945,ibtracs,False,2025-08-07T03:02:13+00:00,-1,16.503284454345703,19.37986946105957,19.37986946105957,19.37986946105957,18.568384170532227,0.0,EP082025_sar_geo_20250807030213_52172340,23.57967185974121,22.859434127807617,EP082025,0,23.149980545043945
without_era5,ibtracs,unet_correction,-4.7903828620910645,20.624441146850586,ibtracs,False,2025-08-07T14:56:44+00:00,0,19.222644805908203,24.01302719116211,24.01302719116211,24.01302719116211,23.131004333496094,-2.525538921356201,EP082025_sar_geo_20250807145644_31bd62e0,22.598384857177734,19.2292423248291,EP082025,0,20.624441146850586
without_era5,ibtracs,unet_correction,3.9902751445770264,17.23149299621582,ibtracs,False,2025-08-09T15:44:35+00:00,0,24.046405792236328,20.05613136291504,20.05613136291504,20.05613136291504,18.97429656982422,0.6371008157730103,EP082025_sar_geo_20250809154435_526418b6,23.359994888305664,20.623403549194336,EP082025,-1,17.23149299621582
without_era5,ibtracs,unet_correction,-4.208898544311523,22.46662712097168,ibtracs,False,2025-08-10T04:00:27+00:00,0,20.150630950927734,24.359529495239258,24.359529495239258,24.359529495239258,21.89141273498535,7.033307075500488,EP082025_sar_geo_20250810040027_fac1c713,30.600000381469727,26.777254104614258,EP082025,0,22.46662712097168
without_era5,ibtracs,unet_correction,-4.845656394958496,18.00554084777832,ibtracs,False,2025-08-31T13:53:40+00:00,0,18.92532730102539,23.770984649658203,23.770984649658203,23.770984649658203,22.40537452697754,,EP112025_sar_geo_20250831135340_50cc57bc,25.478801727294922,18.667150497436523,EP112025,0,18.00554084777832
without_era5,ibtracs,unet_correction,-1.6447792053222656,20.577760696411133,ibtracs,False,2025-09-01T02:37:32+00:00,0,27.16429328918457,28.809072494506836,28.809072494506836,28.809072494506836,26.759479522705078,5.144440174102783,EP112025_sar_geo_20250901023732_00244e32,23.953760147094727,19.280054092407227,EP112025,0,20.577760696411133
without_era5,ibtracs,unet_correction,12.04063606262207,30.657766342163086,ibtracs,False,2025-09-02T02:45:23+00:00,2,44.90052795410156,32.859893798828125,32.859893798828125,32.859893798828125,30.37361717224121,10.08000659942627,EP112025_sar_geo_20250902024523_0597f171,32.560001373291016,30.432666778564453,EP112025,0,30.657766342163086
without_era5,ibtracs,unet_correction,12.564505577087402,39.879268646240234,ibtracs,False,2025-09-02T14:31:09+00:00,2,44.039974212646484,31.475467681884766,31.475467681884766,31.475467681884766,28.742603302001953,14.569339752197266,EP112025_sar_geo_20250902143109_15133331,40.619998931884766,36.63118362426758,EP112025,1,39.879268646240234
without_era5,ibtracs,unet_correction,12.369372367858887,64.30549621582031,ibtracs,True,2025-09-04T03:01:20+00:00,3,56.88282775878906,44.51345443725586,44.51345443725586,44.51345443725586,40.36616516113281,18.00554084777832,EP112025_sar_geo_20250904030120_36e6b792,58.900001525878906,53.88230514526367,EP112025,4,64.30549621582031
without_era5,ibtracs,unet_correction,6.76321268081665,52.952720642089844,ibtracs,False,2025-09-05T14:55:55+00:00,3,50.411685943603516,43.64847183227539,43.64847183227539,43.64847183227539,39.225738525390625,-6.208338737487793,EP112025_sar_geo_20250905145555_b621c593,48.65999984741211,44.48773956298828,EP112025,3,52.952720642089844
without_era5,ibtracs,unet_correction,11.685667991638184,53.02250289916992,ibtracs,False,2025-09-05T15:06:05+00:00,3,54.071434020996094,42.385765075683594,42.385765075683594,42.385765075683594,38.31654357910156,-6.138555526733398,EP112025_sar_geo_20250905150605_f70970d3,51.959999084472656,44.34177780151367,EP112025,3,53.02250289916992
without_era5,ibtracs,unet_correction,11.184466361999512,60.8060417175293,ibtracs,False,2025-09-06T03:17:47+00:00,4,67.12894439697266,55.94447708129883,55.94447708129883,55.94447708129883,45.031593322753906,5.398565769195557,EP112025_sar_geo_20250906031747_a0f470c3,53.68000030517578,48.07802200317383,EP112025,4,60.8060417175293
without_era5,ibtracs,unet_correction,11.826264381408691,60.841670989990234,ibtracs,False,2025-09-06T03:24:01+00:00,4,68.2957534790039,56.469486236572266,56.469486236572266,56.469486236572266,45.87865447998047,5.487640857696533,EP112025_sar_geo_20250906032401_30e03b1e,54.08000183105469,48.24021530151367,EP112025,4,60.841670989990234
without_era5,ibtracs,unet_correction,10.801725387573242,56.58884048461914,ibtracs,False,2025-09-06T15:13:56+00:00,3,55.640724182128906,44.8390007019043,44.8390007019043,44.8390007019043,38.75233840942383,3.5214643478393555,EP112025_sar_geo_20250906151356_04821eb9,50.959999084472656,46.29977798461914,EP112025,3,56.58884048461914
without_era5,ibtracs,unet_correction,11.490662574768066,57.84151077270508,ibtracs,False,2025-09-07T03:33:54+00:00,5,70.59065246582031,59.0999870300293,59.0999870300293,59.0999870300293,46.70334243774414,-3.056654691696167,EP112025_sar_geo_20250907033354_b508e3f3,55.36000061035156,47.101844787597656,EP112025,3,57.84151077270508
without_era5,ibtracs,unet_correction,12.576788902282715,51.13240051269531,ibtracs,False,2025-09-07T15:21:50+00:00,3,50.643009185791016,38.066219329833984,38.066219329833984,38.066219329833984,32.64054489135742,-5.4564409255981445,EP112025_sar_geo_20250907152150_44831e4a,52.34000015258789,44.898902893066406,EP112025,3,51.13240051269531
without_era5,ibtracs,unet_correction,12.682378768920898,51.05809020996094,ibtracs,False,2025-09-07T15:27:02+00:00,2,47.995628356933594,35.31325149536133,35.31325149536133,35.31325149536133,31.178701400756836,-5.530749320983887,EP112025_sar_geo_20250907152702_516cb755,46.79999923706055,42.14361572265625,EP112025,3,51.05809020996094
without_era5,ibtracs,unet_correction,3.09859299659729,47.35714340209961,ibtracs,False,2025-09-08T03:56:42+00:00,0,28.32125473022461,25.2226619720459,25.2226619720459,25.2226619720459,23.95570182800293,-10.288880348205566,EP112025_sar_geo_20250908035642_aba9a661,45.7400016784668,41.26231384277344,EP112025,2,47.35714340209961
without_era5,ibtracs,unet_correction,6.3668131828308105,47.271400451660156,ibtracs,False,2025-09-08T04:06:42+00:00,1,35.299068450927734,28.932254791259766,28.932254791259766,28.932254791259766,27.636655807495117,-10.288880348205566,EP112025_sar_geo_20250908040642_4064952a,44.70000076293945,38.03972244262695,EP112025,2,47.271400451660156
without_era5,ibtracs,unet_correction,-1.124516248703003,42.17869186401367,ibtracs,False,2025-09-08T16:00:40+00:00,0,25.152212142944336,26.2767276763916,26.2767276763916,26.2767276763916,25.143930435180664,-8.398775100708008,EP112025_sar_geo_20250908160040_97c65dbe,38.15999984741211,33.663917541503906,EP112025,1,42.17869186401367
without_era5,ibtracs,unet_correction,2.4006845951080322,28.10883903503418,ibtracs,False,2025-09-09T04:15:37+00:00,0,25.676786422729492,23.27610206604004,23.27610206604004,23.27610206604004,22.28730583190918,-19.086111068725586,EP112025_sar_geo_20250909041537_5b813509,28.719999313354492,26.119365692138672,EP112025,0,28.10883903503418
without_era5,ibtracs,unet_correction,-2.0712544918060303,20.577760696411133,ibtracs,False,2025-09-09T16:08:11+00:00,0,20.882789611816406,22.954044342041016,22.954044342041016,22.954044342041016,21.981361389160156,-21.536483764648438,EP112025_sar_geo_20250909160811_93d58b53,22.379152297973633,20.639429092407227,EP112025,0,20.577760696411133
without_era5,ibtracs,unet_correction,-2.840029001235962,18.00554084777832,ibtracs,False,2025-09-10T04:32:26+00:00,0,19.02216148376465,21.86219024658203,21.86219024658203,21.86219024658203,21.644515991210938,-9.718799591064453,EP112025_sar_geo_20250910043226_d511f8a6,22.29558563232422,21.114418029785156,EP112025,0,18.00554084777832
without_era5,ibtracs,unet_correction,-1.2617824077606201,17.02028465270996,ibtracs,False,2024-11-03T02:52:22+00:00,-1,16.76820945739746,18.029991149902344,18.029991149902344,18.029991149902344,17.038440704345703,0.10908117890357971,EP132024_sar_geo_20241103025222_0b408406,29.4999942779541,19.52695655822754,EP132024,-1,17.02028465270996
without_era5,ibtracs,unet_correction,-2.417085886001587,21.506473541259766,ibtracs,False,2025-10-01T01:48:19+00:00,0,22.28794288635254,24.705028533935547,24.705028533935547,24.705028533935547,23.094945907592773,6.073154449462891,EP152025_sar_geo_20251001014819_ecce4d81,22.797077178955078,20.27893829345703,EP152025,0,21.506473541259766
without_era5,ibtracs,unet_correction,10.246846199035645,28.29442024230957,ibtracs,False,2025-10-02T01:56:42+00:00,1,40.5266227722168,30.27977752685547,30.27977752685547,30.27977752685547,28.173439025878906,6.716066360473633,EP152025_sar_geo_20251002015642_c698cb8c,33.900001525878906,29.120439529418945,EP152025,0,28.29442024230957
without_era5,ibtracs,unet_correction,-0.8033187985420227,24.19444465637207,ibtracs,False,2025-10-03T14:01:49+00:00,0,28.08971405029297,28.89303207397461,28.89303207397461,28.89303207397461,27.154613494873047,-4.0999755859375,EP152025_sar_geo_20251003140149_960deafc,28.145071029663086,23.714588165283203,EP152025,0,24.19444465637207
without_era5,ibtracs,unet_correction,0.6013612747192383,25.722200393676758,ibtracs,False,2025-10-04T02:13:11+00:00,0,24.78691864013672,24.185558319091797,24.185558319091797,24.185558319091797,22.00275421142578,0.7612818479537964,EP152025_sar_geo_20251004021311_4c850972,20.299226760864258,19.292953491210938,EP152025,0,25.722200393676758
without_era5,ibtracs,unet_correction,9.502321243286133,37.072547912597656,ibtracs,False,2025-10-05T14:03:48+00:00,2,48.421913146972656,38.91958999633789,38.91958999633789,38.91958999633789,37.14308547973633,8.778129577636719,EP152025_sar_geo_20251005140348_c360bcf0,43.31999969482422,37.018798828125,EP152025,1,37.072547912597656
without_era5,ibtracs,unet_correction,11.900434494018555,40.3003044128418,ibtracs,False,2025-10-06T02:29:37+00:00,1,42.38719940185547,30.48676300048828,30.48676300048828,30.48676300048828,27.91806983947754,8.150840759277344,EP152025_sar_geo_20251006022937_f3bbea1a,47.880001068115234,37.92021179199219,EP152025,1,40.3003044128418
without_era5,ibtracs,unet_correction,2.4753191471099854,29.242568969726562,ibtracs,False,2025-10-06T13:53:39+00:00,0,32.18567657470703,29.710357666015625,29.710357666015625,29.710357666015625,27.29560089111328,-7.742953777313232,EP152025_sar_geo_20251006135339_68af0d71,27.599903106689453,25.37576675415039,EP152025,0,29.242568969726562
without_era5,ibtracs,unet_correction,0.09488135576248169,23.149980545043945,ibtracs,False,2025-10-07T02:05:53+00:00,0,23.444210052490234,23.349328994750977,23.349328994750977,23.349328994750977,22.735336303710938,-17.285985946655273,EP152025_sar_geo_20251007020553_ee3499a4,24.97989845275879,22.91554069519043,EP152025,0,23.149980545043945
without_era5,ibtracs,unet_correction,-1.2018624544143677,26.13375473022461,ibtracs,False,2023-10-24T00:48:00+00:00,0,23.63562774658203,24.83749008178711,24.83749008178711,24.83749008178711,23.762943267822266,8.128214836120605,EP182023_sar_geo_20231024004800_e546df77,55.5,26.057025909423828,EP182023,0,26.13375473022461
without_era5,ibtracs,unet_correction,11.873236656188965,69.1234130859375,ibtracs,True,2023-10-25T00:52:23+00:00,4,67.03701782226562,55.16378402709961,55.16378402709961,55.16378402709961,47.75224304199219,42.95207214355469,EP182023_sar_geo_20231025005223_896d8572,59.720001220703125,49.42375183105469,EP182023,4,69.1234130859375
without_era5,ibtracs,unet_correction,5.7124433517456055,18.413951873779297,ibtracs,False,2024-11-29T12:47:38+00:00,1,39.76462173461914,34.05217742919922,34.05217742919922,34.05217742919922,33.111934661865234,2.9806313514709473,IO042024_sar_geo_20241129124738_26d1fed9,25.840084075927734,20.021028518676758,IO042024,0,18.413951873779297
without_era5,ibtracs,unet_correction,8.283002853393555,46.22208023071289,ibtracs,True,2023-10-24T12:01:49+00:00,3,49.89109802246094,41.608097076416016,41.608097076416016,41.608097076416016,39.1455078125,23.046138763427734,IO062023_sar_geo_20231024120149_0c524d06,80.0,65.44290924072266,IO062023,2,46.22208023071289
without_era5,ibtracs,unet_correction,0.45623260736465454,27.343936920166016,ibtracs,False,2024-01-25T08:46:17+00:00,0,29.71280860900879,29.256576538085938,29.256576538085938,29.256576538085938,28.44222068786621,5.340452671051025,SH072024_sar_geo_20240125084617_b51a9b24,38.540000915527344,34.80113220214844,SH072024,0,27.343936920166016
without_era5,ibtracs,unet_correction,10.148974418640137,32.40449523925781,ibtracs,False,2023-02-08T22:12:23+00:00,2,46.67013168334961,36.521156311035156,36.521156311035156,36.521156311035156,34.92961502075195,-13.895465850830078,SH112023_sar_geo_20230208221223_c0b8bb16,35.70000076293945,34.01755142211914,SH112023,0,32.40449523925781
without_era5,ibtracs,unet_correction,-4.959827423095703,26.137470245361328,ibtracs,False,2023-02-09T11:11:34+00:00,0,17.813949584960938,22.77377700805664,22.77377700805664,22.77377700805664,21.776718139648438,-18.00554084777832,SH112023_sar_geo_20230209111134_f30f8ca8,31.280000686645508,28.429794311523438,SH112023,0,26.137470245361328
without_era5,ibtracs,unet_correction,12.718199729919434,33.43886184692383,ibtracs,False,2023-02-09T22:20:32+00:00,2,44.017730712890625,31.299530029296875,31.299530029296875,31.299530029296875,29.876928329467773,1.1508302688598633,SH112023_sar_geo_20230209222032_250d3700,45.13999938964844,38.88908767700195,SH112023,1,33.43886184692383
without_era5,ibtracs,unet_correction,11.681419372558594,38.06199645996094,ibtracs,False,2023-02-10T22:28:48+00:00,3,49.66923141479492,37.98781204223633,37.98781204223633,37.98781204223633,36.42301559448242,4.623136520385742,SH112023_sar_geo_20230210222848_4f1367f1,42.81999969482422,39.14099884033203,SH112023,1,38.06199645996094
without_era5,ibtracs,unet_correction,7.998263835906982,55.674747467041016,ibtracs,True,2023-02-11T11:28:01+00:00,2,47.67070007324219,39.67243576049805,39.67243576049805,39.67243576049805,38.66493606567383,24.53388214111328,SH112023_sar_geo_20230211112801_66c3ce02,54.7599983215332,48.290409088134766,SH112023,3,55.674747467041016
without_era5,ibtracs,unet_correction,9.348770141601562,55.911964416503906,ibtracs,True,2023-02-11T11:36:19+00:00,3,51.401676177978516,42.05290603637695,42.05290603637695,42.05290603637695,40.34708786010742,24.842262268066406,SH112023_sar_geo_20230211113619_713ab9a6,58.060001373291016,47.824363708496094,SH112023,3,55.911964416503906
without_era5,ibtracs,unet_correction,11.486842155456543,49.24515151977539,ibtracs,False,2023-02-12T23:16:30+00:00,1,37.000858306884766,25.514015197753906,25.514015197753906,25.514015197753906,24.698923110961914,-7.965307712554932,SH112023_sar_geo_20230212231630_6bf369b8,53.880001068115234,48.894439697265625,SH112023,2,49.24515151977539
without_era5,ibtracs,unet_correction,6.498854637145996,41.45818328857422,ibtracs,False,2023-02-13T23:24:42+00:00,0,29.725261688232422,23.22640609741211,23.22640609741211,23.22640609741211,22.067974090576172,-7.716660022735596,SH112023_sar_geo_20230213232442_e7bd4405,42.099998474121094,39.77212142944336,SH112023,1,41.45818328857422
without_era5,ibtracs,unet_correction,6.760868549346924,56.799476623535156,ibtracs,False,2023-02-14T12:24:34+00:00,2,45.35208511352539,38.591217041015625,38.591217041015625,38.591217041015625,37.21382522583008,10.63994026184082,SH112023_sar_geo_20230214122434_504d62a1,54.34000015258789,51.46897888183594,SH112023,3,56.799476623535156
without_era5,ibtracs,unet_correction,12.075255393981934,63.91752243041992,ibtracs,True,2023-02-14T23:32:51+00:00,3,50.7879753112793,38.71271896362305,38.71271896362305,38.71271896362305,36.62095642089844,22.529216766357422,SH112023_sar_geo_20230214233251_cc5d83ed,60.20000076293945,54.030601501464844,SH112023,4,63.91752243041992
without_era5,ibtracs,unet_correction,12.096148490905762,66.80645751953125,ibtracs,False,2023-02-16T00:12:28+00:00,2,45.84030532836914,33.74415588378906,33.74415588378906,33.74415588378906,31.589794158935547,2.3940699100494385,SH112023_sar_geo_20230216001228_9bbc9124,65.4000015258789,57.50040817260742,SH112023,4,66.80645751953125
without_era5,ibtracs,unet_correction,10.07010269165039,54.08716583251953,ibtracs,True,2025-02-12T21:33:13+00:00,4,62.76054382324219,52.6904411315918,52.6904411315918,52.6904411315918,47.610504150390625,25.31807518005371,SH172025_sar_geo_20250212213313_92c883b4,70.37999725341797,56.62949752807617,SH172025,3,54.08716583251953
without_era5,ibtracs,unet_correction,11.7868070602417,59.16106033325195,ibtracs,False,2025-02-13T21:41:24+00:00,3,52.4332160949707,40.64640808105469,40.64640808105469,40.64640808105469,38.893798828125,4.676295757293701,SH172025_sar_geo_20250213214124_e8716993,60.119998931884766,49.55323028564453,SH172025,4,59.16106033325195
without_era5,ibtracs,unet_correction,-7.061356544494629,20.577760696411133,ibtracs,False,2023-04-10T10:08:15+00:00,-1,16.96499252319336,24.026348114013672,24.026348114013672,24.026348114013672,20.309907913208008,-2.5722200870513916,SH182023_sar_geo_20230410100815_7e28c768,26.04296875,17.008670806884766,SH182023,0,20.577760696411133
without_era5,ibtracs,unet_correction,5.0932722091674805,33.929439544677734,ibtracs,False,2023-04-11T10:15:57+00:00,2,44.148101806640625,39.05482864379883,39.05482864379883,39.05482864379883,38.599212646484375,13.351679801940918,SH182023_sar_geo_20230411101557_348124f1,48.97999954223633,39.89085388183594,SH182023,1,33.929439544677734
without_era5,ibtracs,unet_correction,5.13011360168457,54.48676300048828,ibtracs,True,2023-04-12T21:32:54+00:00,3,50.104225158691406,44.9741096496582,44.9741096496582,44.9741096496582,41.82868576049805,18.475685119628906,SH182023_sar_geo_20230412213254_daeb85a4,58.2599983215332,51.5367546081543,SH182023,3,54.48676300048828
without_era5,ibtracs,unet_correction,3.6577866077423096,70.72319030761719,ibtracs,True,2023-04-13T10:30:54+00:00,2,46.82579803466797,43.16801071166992,43.16801071166992,43.16801071166992,41.64112091064453,28.26869773864746,SH182023_sar_geo_20230413103054_f4cd9cae,68.27999877929688,58.23680877685547,SH182023,5,70.72319030761719
without_era5,ibtracs,unet_correction,-3.0496504306793213,18.00554084777832,ibtracs,False,2025-03-20T12:00:50+00:00,-1,13.860481262207031,16.910131454467773,16.910131454467773,16.910131454467773,14.71340274810791,-2.0649211406707764,SH262025_sar_geo_20250320120050_18f77f5f,17.37593650817871,16.022216796875,SH262025,0,18.00554084777832
without_era5,ibtracs,unet_correction,6.2833099365234375,15.35915470123291,ibtracs,False,2025-03-20T23:08:39+00:00,0,24.796001434326172,18.512691497802734,18.512691497802734,18.512691497802734,17.238555908203125,-7.790825843811035,SH262025_sar_geo_20250320230839_df8df358,21.73871421813965,20.395126342773438,SH262025,-1,15.35915470123291
without_era5,ibtracs,unet_correction,5.44382381439209,45.73478698730469,ibtracs,True,2024-05-26T21:39:33+00:00,0,28.330005645751953,22.886180877685547,22.886180877685547,22.886180877685547,22.029783248901367,18.24318504333496,WP012024_sar_geo_20240526213933_9df56040,40.63999938964844,35.82577133178711,WP012024,2,45.73478698730469
without_era5,ibtracs,unet_correction,-4.4336700439453125,43.72774124145508,ibtracs,False,2024-05-27T09:52:21+00:00,0,25.20098114013672,29.63465118408203,29.63465118408203,29.63465118408203,25.34527015686035,7.698225975036621,WP012024_sar_geo_20240527095221_8e9f9c60,40.900001525878906,35.272613525390625,WP012024,2,43.72774124145508
without_era5,ibtracs,unet_correction,-3.321636199951172,35.151100158691406,ibtracs,False,2024-05-28T09:29:33+00:00,0,29.229583740234375,32.55121994018555,32.55121994018555,32.55121994018555,31.3497371673584,-8.576639175415039,WP012024_sar_geo_20240528092933_c06e204a,39.060001373291016,36.184356689453125,WP012024,1,35.151100158691406
without_era5,ibtracs,unet_correction,4.441937446594238,39.93971633911133,ibtracs,False,2024-05-28T21:21:48+00:00,0,29.863330841064453,25.42139434814453,25.42139434814453,25.42139434814453,25.043787002563477,4.240161895751953,WP012024_sar_geo_20240528212148_22df3ab7,42.13999938964844,37.435882568359375,WP012024,1,39.93971633911133
without_era5,ibtracs,unet_correction,8.250899314880371,35.01763153076172,ibtracs,False,2024-05-29T09:06:12+00:00,1,38.583740234375,30.332839965820312,30.332839965820312,30.332839965820312,29.667438507080078,0.0,WP012024_sar_geo_20240529090612_d56e7ad6,39.959999084472656,37.48442077636719,WP012024,1,35.01763153076172
without_era5,ibtracs,unet_correction,-2.3169596195220947,28.347055435180664,ibtracs,False,2024-05-29T20:56:19+00:00,0,19.04497528076172,21.361934661865234,21.361934661865234,21.361934661865234,21.093542098999023,-11.800630569458008,WP012024_sar_geo_20240529205619_9d4a1090,79.12000274658203,33.07667541503906,WP012024,0,28.347055435180664
without_era5,ibtracs,unet_correction,3.5488991737365723,39.833683013916016,ibtracs,True,2023-07-23T09:43:45+00:00,2,43.55086135864258,40.00196075439453,40.00196075439453,40.00196075439453,38.88835525512695,20.03473663330078,WP052023_sar_geo_20230723094345_16c82bb1,48.20000076293945,38.569480895996094,WP052023,1,39.833683013916016
without_era5,ibtracs,unet_correction,8.185137748718262,63.574989318847656,ibtracs,True,2023-07-24T09:52:12+00:00,3,51.161407470703125,42.97626876831055,42.97626876831055,42.97626876831055,41.7932243347168,23.499801635742188,WP052023_sar_geo_20230724095212_6c07dd16,53.779998779296875,47.79603958129883,WP052023,4,63.574989318847656
without_era5,ibtracs,unet_correction,10.413095474243164,61.733280181884766,ibtracs,False,2023-07-25T10:00:51+00:00,3,54.78783416748047,44.37473678588867,44.37473678588867,44.37473678588867,43.734947204589844,-1.891153335571289,WP052023_sar_geo_20230725100051_6a4ed126,57.52000045776367,52.65974807739258,WP052023,4,61.733280181884766
without_era5,ibtracs,unet_correction,1.2535022497177124,47.88854217529297,ibtracs,False,2023-07-26T10:08:50+00:00,0,30.326766967773438,29.073265075683594,29.073265075683594,29.073265075683594,28.624717712402344,-13.844736099243164,WP052023_sar_geo_20230726100850_0d211749,36.900001525878906,35.53444290161133,WP052023,2,47.88854217529297
without_era5,ibtracs,unet_correction,10.953507423400879,41.155521392822266,ibtracs,False,2023-07-26T22:01:56+00:00,2,43.8838996887207,32.93039321899414,32.93039321899414,32.93039321899414,32.72871780395508,-15.56059741973877,WP052023_sar_geo_20230726220156_e35acc0b,40.41999816894531,37.58406066894531,WP052023,1,41.155521392822266
without_era5,ibtracs,unet_correction,11.906533241271973,41.155521392822266,ibtracs,False,2023-07-26T22:02:52+00:00,2,47.37190246582031,35.465370178222656,35.465370178222656,35.465370178222656,35.242427825927734,-15.539257049560547,WP052023_sar_geo_20230726220252_d3deb372,38.84000015258789,36.08020782470703,WP052023,1,41.155521392822266
without_era5,ibtracs,unet_correction,12.059651374816895,48.51921463012695,ibtracs,False,2023-07-27T10:17:39+00:00,2,48.576683044433594,36.517032623291016,36.517032623291016,36.517032623291016,36.0246696472168,0.7566613554954529,WP052023_sar_geo_20230727101739_a9e95728,44.81999969482422,41.74239730834961,WP052023,2,48.51921463012695
without_era5,ibtracs,unet_correction,2.2069451808929443,20.577760696411133,ibtracs,False,2024-08-12T07:55:49+00:00,0,25.269245147705078,23.062299728393555,23.062299728393555,23.062299728393555,21.542577743530273,2.5722200870513916,WP072024_sar_geo_20240812075549_e8fedc4e,21.658456802368164,20.483028411865234,WP072024,0,20.577760696411133
without_era5,ibtracs,unet_correction,-2.571780204772949,19.809429168701172,ibtracs,False,2024-08-12T20:14:25+00:00,-1,15.719405174255371,18.29118537902832,18.29118537902832,18.29118537902832,15.926700592041016,-0.7683316469192505,WP072024_sar_geo_20240812201425_1226442e,22.83545684814453,19.634958267211914,WP072024,0,19.809429168701172
without_era5,ibtracs,unet_correction,-4.243415355682373,14.71900463104248,ibtracs,False,2024-08-13T08:04:58+00:00,-1,12.964183807373047,17.207599639892578,17.207599639892578,17.207599639892578,16.32212257385254,-5.858755111694336,WP072024_sar_geo_20240813080458_cdd218d1,21.210275650024414,15.737432479858398,WP072024,-1,14.71900463104248
without_era5,ibtracs,unet_correction,-2.597407102584839,25.722200393676758,ibtracs,False,2023-08-26T07:54:01+00:00,0,23.943849563598633,26.541255950927734,26.541255950927734,26.541255950927734,25.87964630126953,5.144440174102783,WP082023_sar_geo_20230826075401_86c4bdd0,38.68000030517578,34.366600036621094,WP082023,0,25.722200393676758
without_era5,ibtracs,unet_correction,3.5018372535705566,27.52808952331543,ibtracs,False,2023-08-28T08:14:04+00:00,0,27.53265953063965,24.03082275390625,24.03082275390625,24.03082275390625,22.51152992248535,-0.7663310170173645,WP082023_sar_geo_20230828081404_53227c39,33.70000076293945,31.261465072631836,WP082023,0,27.52808952331543
without_era5,ibtracs,unet_correction,6.538267135620117,18.00554084777832,ibtracs,False,2024-08-19T21:43:55+00:00,0,27.188173294067383,20.649906158447266,20.649906158447266,20.649906158447266,20.23658561706543,0.7778583765029907,WP102024_sar_geo_20240819214355_fe68614f,31.88100814819336,22.201045989990234,WP102024,0,18.00554084777832
without_era5,ibtracs,unet_correction,1.961808443069458,43.94685363769531,ibtracs,False,2024-08-26T09:15:20+00:00,0,32.665306091308594,30.70349884033203,30.70349884033203,30.70349884033203,28.899255752563477,6.304797172546387,WP112024_sar_geo_20240826091520_95af66ff,44.79999923706055,41.65532684326172,WP112024,2,43.94685363769531
without_era5,ibtracs,unet_correction,10.422307014465332,53.01136016845703,ibtracs,True,2024-08-26T21:04:08+00:00,3,50.66775131225586,40.245445251464844,40.245445251464844,40.245445251464844,36.580078125,15.492385864257812,WP112024_sar_geo_20240826210408_a57cc755,52.724998474121094,45.93745040893555,WP112024,3,53.01136016845703
without_era5,ibtracs,unet_correction,9.642687797546387,58.26707077026367,ibtracs,False,2024-08-27T09:23:36+00:00,2,47.896026611328125,38.25333786010742,38.25333786010742,38.25333786010742,36.41162872314453,14.202083587646484,WP112024_sar_geo_20240827092336_88090114,57.720001220703125,52.73346710205078,WP112024,4,58.26707077026367
without_era5,ibtracs,unet_correction,10.604318618774414,56.58884048461914,ibtracs,False,2024-08-27T21:12:15+00:00,3,51.166664123535156,40.56234359741211,40.56234359741211,40.56234359741211,39.66120147705078,3.5310864448547363,WP112024_sar_geo_20240827211215_cbee7e4b,55.81999969482422,49.47250747680664,WP112024,3,56.58884048461914
without_era5,ibtracs,unet_correction,8.876587867736816,50.14400100708008,ibtracs,False,2024-08-28T09:31:40+00:00,1,40.76991271972656,31.893325805664062,31.893325805664062,31.893325805664062,30.540416717529297,-8.169179916381836,WP112024_sar_geo_20240828093140_80dcdc85,58.7586784362793,41.45331954956055,WP112024,3,50.14400100708008
without_era5,ibtracs,unet_correction,0.9153892993927002,40.90044021606445,ibtracs,False,2024-08-28T21:19:50+00:00,0,31.314472198486328,30.39908218383789,30.39908218383789,30.39908218383789,29.650840759277344,-15.688398361206055,WP112024_sar_geo_20240828211950_9fc5a1dd,80.0,47.3892936706543,WP112024,1,40.90044021606445
without_era5,ibtracs,unet_correction,1.1263478994369507,20.577760696411133,ibtracs,False,2024-09-05T20:14:24+00:00,0,24.917871475219727,23.791522979736328,23.791522979736328,23.791522979736328,23.35210418701172,2.5722200870513916,WP132024_sar_geo_20240905201424_2b6d0688,40.540000915527344,31.746538162231445,WP132024,0,20.577760696411133
without_era5,ibtracs,unet_correction,-6.109009742736816,18.00554084777832,ibtracs,False,2024-09-06T08:05:07+00:00,-1,17.406742095947266,23.515750885009766,23.515750885009766,23.515750885009766,21.405818939208984,0.0,WP132024_sar_geo_20240906080507_a6b444e0,20.746583938598633,19.321083068847656,WP132024,0,18.00554084777832
without_era5,ibtracs,unet_correction,8.36998462677002,17.384206771850586,ibtracs,False,2024-09-06T19:48:42+00:00,0,29.73749542236328,21.367511749267578,21.367511749267578,21.367511749267578,20.44999122619629,-3.193553924560547,WP132024_sar_geo_20240906194842_9f4d9498,20.069189071655273,18.259702682495117,WP132024,-1,17.384206771850586
without_era5,ibtracs,unet_correction,8.843384742736816,22.746999740600586,ibtracs,False,2023-10-19T10:49:30+00:00,3,50.1010627746582,41.2576789855957,41.2576789855957,41.2576789855957,38.68511199951172,2.5722200870513916,WP162023_sar_geo_20231019104930_9a749bdc,80.0,36.78159713745117,WP162023,0,22.746999740600586
without_era5,ibtracs,unet_correction,12.373639106750488,20.577760696411133,ibtracs,False,2023-10-19T22:43:10+00:00,2,44.21577453613281,31.84213638305664,31.84213638305664,31.84213638305664,31.13584327697754,1.9134458303451538,WP162023_sar_geo_20231019224310_d9ac92a8,80.0,25.158126831054688,WP162023,0,20.577760696411133
without_era5,ibtracs,unet_correction,-0.9890294075012207,15.9686279296875,ibtracs,False,2023-10-20T10:57:34+00:00,0,22.15562629699707,23.144655227661133,23.144655227661133,23.144655227661133,22.12255859375,-6.8244805335998535,WP162023_sar_geo_20231020105734_00b31332,80.0,31.868629455566406,WP162023,-1,15.9686279296875
without_era5,ibtracs,unet_correction,6.346406936645508,24.468528747558594,ibtracs,False,2025-09-05T08:33:47+00:00,1,41.706871032714844,35.3604621887207,35.3604621887207,35.3604621887207,34.57303237915039,6.462988376617432,WP212025_sar_geo_20250905083347_3ae8e0aa,33.5,27.7016658782959,WP212025,0,24.468528747558594
without_era5,ibtracs,unet_correction,-4.549247741699219,19.078346252441406,ibtracs,False,2025-09-18T21:07:41+00:00,0,17.577421188354492,22.12666893005371,22.12666893005371,22.12666893005371,21.084352493286133,,WP242025_sar_geo_20250918210741_c0a8f306,22.194433212280273,20.288606643676758,WP242025,0,19.078346252441406
without_era5,ibtracs,unet_correction,11.60177230834961,30.547494888305664,ibtracs,False,2025-09-19T21:13:40+00:00,2,46.47024917602539,34.86847686767578,34.86847686767578,34.86847686767578,33.94698715209961,11.43494701385498,WP242025_sar_geo_20250919211340_695286ba,36.70000076293945,34.47115707397461,WP242025,0,30.547494888305664
without_era5,ibtracs,unet_correction,11.40152645111084,30.57440757751465,ibtracs,False,2025-09-19T21:15:33+00:00,2,45.75388717651367,34.352359771728516,34.352359771728516,34.352359771728516,33.59060287475586,11.451094627380371,WP242025_sar_geo_20250919211533_41d7c3ba,34.58000183105469,33.21208953857422,WP242025,0,30.57440757751465
without_era5,ibtracs,unet_correction,6.215498924255371,60.323036193847656,ibtracs,True,2025-09-20T21:23:17+00:00,1,38.66730880737305,32.45180892944336,32.45180892944336,32.45180892944336,31.67746925354004,29.638118743896484,WP242025_sar_geo_20250920212317_7e455209,55.7599983215332,48.43717575073242,WP242025,4,60.323036193847656
without_era5,ibtracs,unet_correction,11.432812690734863,72.85513305664062,ibtracs,True,2025-09-21T09:37:09+00:00,4,58.422569274902344,46.9897575378418,46.9897575378418,46.9897575378418,43.58610534667969,27.640933990478516,WP242025_sar_geo_20250921093709_b508ba36,61.41999816894531,55.058265686035156,WP242025,5,72.85513305664062
without_era5,ibtracs,unet_correction,11.754168510437012,74.0799331665039,ibtracs,False,2025-09-21T21:31:23+00:00,4,59.13169860839844,47.37752914428711,47.37752914428711,47.37752914428711,46.05897521972656,13.710599899291992,WP242025_sar_geo_20250921213123_bfc94639,66.27999877929688,59.192657470703125,WP242025,5,74.0799331665039
without_era5,ibtracs,unet_correction,10.62209415435791,59.700462341308594,ibtracs,False,2025-09-23T10:25:38+00:00,3,53.24994659423828,42.62785339355469,42.62785339355469,42.62785339355469,41.59566116333008,-7.496878147125244,WP242025_sar_geo_20250923102538_5aa662c2,56.34000015258789,49.855220794677734,WP242025,4,59.700462341308594
without_era5,ibtracs,unet_correction,12.58826732635498,56.94694900512695,ibtracs,False,2025-09-23T22:18:14+00:00,4,59.10651397705078,46.518245697021484,46.518245697021484,46.518245697021484,44.9578857421875,-6.8441057205200195,WP242025_sar_geo_20250923221814_e7b45b16,80.0,49.36774444580078,WP242025,3,56.94694900512695
without_era5,ibtracs,unet_correction,12.807106018066406,56.94152069091797,ibtracs,False,2025-09-23T22:18:52+00:00,4,60.45235824584961,47.6452522277832,47.6452522277832,47.6452522277832,45.95003128051758,-6.849535942077637,WP242025_sar_geo_20250923221852_6a75749b,80.0,51.13564682006836,WP242025,3,56.94152069091797
without_era5,ibtracs,unet_correction,10.731568336486816,61.21883773803711,ibtracs,True,2025-10-07T20:56:17+00:00,3,53.19606399536133,42.46449661254883,42.46449661254883,42.46449661254883,41.10232162475586,22.688648223876953,WP282025_sar_geo_20251007205617_b3422293,61.79999923706055,55.649513244628906,WP282025,4,61.21883773803711
without_era5,ibtracs,unet_correction,11.472344398498535,61.21883773803711,ibtracs,False,2025-10-08T08:44:08+00:00,3,49.89054489135742,38.4182014465332,38.4182014465332,38.4182014465332,37.64915466308594,8.215479850769043,WP282025_sar_geo_20251008084408_05dee5d2,48.68000030517578,46.535682678222656,WP282025,4,61.21883773803711
without_era5,ibtracs,unet_correction,11.359271049499512,55.207557678222656,ibtracs,False,2025-10-08T20:31:39+00:00,3,50.47321319580078,39.11394119262695,39.11394119262695,39.11394119262695,37.41298294067383,-6.01127815246582,WP282025_sar_geo_20251008203139_134d70ed,59.2400016784668,56.240962982177734,WP282025,3,55.207557678222656
without_era5,ibtracs,unet_correction,6.666119575500488,46.24051284790039,ibtracs,False,2025-10-09T08:20:12+00:00,1,41.94914245605469,35.283023834228516,35.283023834228516,35.283023834228516,33.693275451660156,-14.978322982788086,WP282025_sar_geo_20251009082012_18810889,56.439998626708984,54.309810638427734,WP282025,2,46.24051284790039
without_era5,sar_field_only,unet_raw_max,0.0,18.20888900756836,ibtracs,False,2025-06-29T12:23:43+00:00,0,24.751014709472656,24.751014709472656,24.751014709472656,24.751014709472656,22.48092269897461,,AL022025_sar_geo_20250629122343_2019fb4c,26.75994873046875,20.296344757080078,AL022025,0,18.20888900756836
without_era5,sar_field_only,unet_raw_max,0.0,17.183143615722656,ibtracs,False,2025-06-30T00:38:22+00:00,0,25.93085479736328,25.93085479736328,25.93085479736328,25.93085479736328,25.140684127807617,3.9930858612060547,AL022025_sar_geo_20250630003822_9f8d8538,38.099998474121094,18.442907333374023,AL022025,-1,17.183143615722656
without_era5,sar_field_only,unet_raw_max,0.0,25.722200393676758,ibtracs,False,2023-06-24T09:11:41+00:00,0,29.035770416259766,29.035770416259766,29.035770416259766,29.035770416259766,26.54218292236328,3.53432559967041,AL042023_sar_geo_20230624091141_fc94d478,32.65999221801758,26.53125,AL042023,0,25.722200393676758
without_era5,sar_field_only,unet_raw_max,0.0,24.210735321044922,ibtracs,False,2023-06-24T21:56:17+00:00,0,22.24365997314453,22.24365997314453,22.24365997314453,22.24365997314453,21.302167892456055,1.0607548952102661,AL042023_sar_geo_20230624215617_3236b686,47.7400016784668,26.545425415039062,AL042023,0,24.210735321044922
without_era5,sar_field_only,unet_raw_max,0.0,21.681528091430664,ibtracs,False,2023-06-25T09:51:16+00:00,0,21.327072143554688,21.327072143554688,21.327072143554688,21.327072143554688,20.510883331298828,-4.0406718254089355,AL042023_sar_geo_20230625095116_dad4ab5b,28.200000762939453,25.516326904296875,AL042023,0,21.681528091430664
without_era5,sar_field_only,unet_raw_max,0.0,24.937578201293945,ibtracs,False,2025-09-25T09:42:44+00:00,0,24.437870025634766,24.437870025634766,24.437870025634766,24.437870025634766,23.550579071044922,,AL082025_sar_geo_20250925094244_08e44ad7,27.859996795654297,21.703502655029297,AL082025,0,24.937578201293945
without_era5,sar_field_only,unet_raw_max,0.0,55.86671447753906,ibtracs,True,2025-09-26T22:04:44+00:00,3,52.249568939208984,52.249568939208984,52.249568939208984,52.249568939208984,42.33389663696289,25.65894317626953,AL082025_sar_geo_20250926220444_2d00f032,55.41999816894531,48.242061614990234,AL082025,3,55.86671447753906
without_era5,sar_field_only,unet_raw_max,0.0,55.90815353393555,ibtracs,True,2025-09-26T22:06:11+00:00,4,58.9102668762207,58.9102668762207,58.9102668762207,58.9102668762207,47.71377944946289,25.692094802856445,AL082025_sar_geo_20250926220611_04532c06,51.36000061035156,46.63326644897461,AL082025,3,55.90815353393555
without_era5,sar_field_only,unet_raw_max,0.0,66.18160247802734,ibtracs,True,2025-09-27T09:58:13+00:00,2,44.22806930541992,44.22806930541992,44.22806930541992,44.22806930541992,38.759063720703125,26.76637840270996,AL082025_sar_geo_20250927095813_d513fd6c,69.83999633789062,56.139591217041016,AL082025,4,66.18160247802734
without_era5,sar_field_only,unet_raw_max,0.0,72.02216339111328,ibtracs,True,2025-09-27T22:14:16+00:00,3,54.20579147338867,54.20579147338867,54.20579147338867,54.20579147338867,47.64318084716797,15.88298225402832,AL082025_sar_geo_20250927221416_59358115,68.66000366210938,57.38515853881836,AL082025,5,72.02216339111328
without_era5,sar_field_only,unet_raw_max,0.0,65.934814453125,ibtracs,False,2025-09-28T10:05:59+00:00,3,50.22981643676758,50.22981643676758,50.22981643676758,50.22981643676758,45.09769821166992,-0.29118484258651733,AL082025_sar_geo_20250928100559_707f4766,58.29999923706055,51.569278717041016,AL082025,4,65.934814453125
without_era5,sar_field_only,unet_raw_max,0.0,62.5663948059082,ibtracs,False,2025-09-28T22:22:50+00:00,2,45.111507415771484,45.111507415771484,45.111507415771484,45.111507415771484,42.422916412353516,-9.455766677856445,AL082025_sar_geo_20250928222250_60332831,57.599998474121094,53.99726104736328,AL082025,4,62.5663948059082
without_era5,sar_field_only,unet_raw_max,0.0,63.696075439453125,ibtracs,False,2025-09-29T10:13:23+00:00,1,36.70509719848633,36.70509719848633,36.70509719848633,36.70509719848633,35.37468338012695,-2.1329896450042725,AL082025_sar_geo_20250929101323_61e03351,56.5,49.547393798828125,AL082025,4,63.696075439453125
without_era5,sar_field_only,unet_raw_max,0.0,53.46254348754883,ibtracs,False,2025-09-29T22:31:44+00:00,0,32.02217102050781,32.02217102050781,32.02217102050781,32.02217102050781,31.625343322753906,-9.027539253234863,AL082025_sar_geo_20250929223144_b6a1244f,58.15999984741211,50.252620697021484,AL082025,3,53.46254348754883
without_era5,sar_field_only,unet_raw_max,0.0,53.445396423339844,ibtracs,False,2025-09-29T22:32:29+00:00,0,22.995880126953125,22.995880126953125,22.995880126953125,22.995880126953125,22.35637664794922,-9.038256645202637,AL082025_sar_geo_20250929223229_4e0b44ba,62.34000015258789,53.213584899902344,AL082025,3,53.445396423339844
without_era5,sar_field_only,unet_raw_max,0.0,38.4094352722168,ibtracs,False,2025-09-30T10:36:05+00:00,0,22.887054443359375,22.887054443359375,22.887054443359375,22.887054443359375,22.197662353515625,-25.416391372680664,AL082025_sar_geo_20250930103605_996c3d15,39.959999084472656,38.323768615722656,AL082025,1,38.4094352722168
without_era5,sar_field_only,unet_raw_max,0.0,36.01108169555664,ibtracs,False,2025-09-30T22:41:16+00:00,0,22.47846031188965,22.47846031188965,22.47846031188965,22.47846031188965,22.153316497802734,-17.23349380493164,AL082025_sar_geo_20250930224116_f96a335d,40.86000061035156,37.576480865478516,AL082025,1,36.01108169555664
without_era5,sar_field_only,unet_raw_max,0.0,34.248538970947266,ibtracs,False,2025-10-01T10:25:34+00:00,0,26.933677673339844,26.933677673339844,26.933677673339844,26.933677673339844,26.629545211791992,-4.461467742919922,AL082025_sar_geo_20251001102534_7c316d67,38.15999984741211,36.33675765991211,AL082025,1,34.248538970947266
without_era5,sar_field_only,unet_raw_max,0.0,25.665515899658203,ibtracs,False,2024-09-24T23:50:05+00:00,0,25.339275360107422,25.339275360107422,25.339275360107422,25.339275360107422,24.577939987182617,7.659976005554199,AL092024_sar_geo_20240924235005_f6c42560,34.099998474121094,25.84740447998047,AL092024,0,25.665515899658203
without_era5,sar_field_only,unet_raw_max,0.0,33.20021438598633,ibtracs,False,2024-09-25T11:43:18+00:00,1,41.2875862121582,41.2875862121582,41.2875862121582,41.2875862121582,39.910560607910156,12.717912673950195,AL092024_sar_geo_20240925114318_182f4c98,38.81999969482422,32.314483642578125,AL092024,1,33.20021438598633
without_era5,sar_field_only,unet_raw_max,0.0,36.01108169555664,ibtracs,False,2024-09-25T23:58:53+00:00,0,26.477725982666016,26.477725982666016,26.477725982666016,26.477725982666016,23.660717010498047,10.295263290405273,AL092024_sar_geo_20240925235853_bb2fffd5,38.32500076293945,32.80063247680664,AL092024,1,36.01108169555664
without_era5,sar_field_only,unet_raw_max,0.0,43.58650588989258,ibtracs,False,2024-09-26T11:50:07+00:00,1,37.065067291259766,37.065067291259766,37.065067291259766,37.065067291259766,36.52217102050781,10.288880348205566,AL092024_sar_geo_20240926115007_1dfc3535,41.63999938964844,35.869930267333984,AL092024,2,43.58650588989258
without_era5,sar_field_only,unet_raw_max,0.0,61.2578010559082,ibtracs,True,2024-09-26T23:36:14+00:00,2,46.9382209777832,46.9382209777832,46.9382209777832,46.9382209777832,44.474369049072266,25.246721267700195,AL092024_sar_geo_20240926233614_4c4a4e8d,56.41999816894531,52.753684997558594,AL092024,4,61.2578010559082
without_era5,sar_field_only,unet_raw_max,0.0,61.27547073364258,ibtracs,True,2024-09-26T23:37:07+00:00,2,43.54323959350586,43.54323959350586,43.54323959350586,43.54323959350586,41.25777816772461,25.264392852783203,AL092024_sar_geo_20240926233707_ba644eb1,53.97999954223633,51.04243469238281,AL092024,4,61.27547073364258
without_era5,sar_field_only,unet_raw_max,0.0,61.300479888916016,ibtracs,True,2024-09-26T23:38:22+00:00,2,47.46395492553711,47.46395492553711,47.46395492553711,47.46395492553711,44.904441833496094,25.289400100708008,AL092024_sar_geo_20240926233822_7d97bd32,55.97999954223633,51.9205207824707,AL092024,4,61.300479888916016
without_era5,sar_field_only,unet_raw_max,0.0,27.9754638671875,ibtracs,False,2025-09-29T23:04:12+00:00,0,25.42559051513672,25.42559051513672,25.42559051513672,25.42559051513672,24.560001373291016,9.969924926757812,AL092025_sar_geo_20250929230412_3b893bbb,33.125,25.969348907470703,AL092025,0,27.9754638671875
without_era5,sar_field_only,unet_raw_max,0.0,36.01108169555664,ibtracs,False,2025-09-30T23:11:51+00:00,1,34.9842414855957,34.9842414855957,34.9842414855957,34.9842414855957,33.064151763916016,7.99188756942749,AL092025_sar_geo_20250930231151_62ee93bd,37.7400016784668,33.46464538574219,AL092025,1,36.01108169555664
without_era5,sar_field_only,unet_raw_max,0.0,37.67373275756836,ibtracs,False,2025-10-02T10:03:39+00:00,0,25.905698776245117,25.905698776245117,25.905698776245117,25.905698776245117,25.354719161987305,-2.8167238235473633,AL092025_sar_geo_20251002100339_1686cf44,55.81999969482422,47.7620964050293,AL092025,1,37.67373275756836
without_era5,sar_field_only,unet_raw_max,0.0,23.149980545043945,ibtracs,False,2024-09-26T09:38:24+00:00,0,20.85340118408203,20.85340118408203,20.85340118408203,20.85340118408203,20.085796356201172,0.0,AL102024_sar_geo_20240926093824_136192f5,30.619998931884766,26.88939666748047,AL102024,0,23.149980545043945
without_era5,sar_field_only,unet_raw_max,0.0,27.43263053894043,ibtracs,False,2024-09-26T21:29:14+00:00,0,25.265228271484375,25.265228271484375,25.265228271484375,25.265228271484375,21.89977264404297,4.282650947570801,AL102024_sar_geo_20240926212914_03bcc908,34.779998779296875,28.738861083984375,AL102024,0,27.43263053894043
without_era5,sar_field_only,unet_raw_max,0.0,32.48942565917969,ibtracs,False,2024-09-27T09:13:54+00:00,0,20.476123809814453,20.476123809814453,20.476123809814453,20.476123809814453,20.06974983215332,9.339445114135742,AL102024_sar_geo_20240927091354_3a788dd8,36.91999816894531,34.587730407714844,AL102024,0,32.48942565917969
without_era5,sar_field_only,unet_raw_max,0.0,46.29996109008789,ibtracs,False,2024-09-28T08:49:27+00:00,1,36.610652923583984,36.610652923583984,36.610652923583984,36.610652923583984,35.408180236816406,13.980443954467773,AL102024_sar_geo_20240928084927_9b67e147,43.02000045776367,41.03065872192383,AL102024,2,46.29996109008789
without_era5,sar_field_only,unet_raw_max,0.0,35.18644714355469,ibtracs,False,2024-09-29T08:24:16+00:00,0,21.83580780029297,21.83580780029297,21.83580780029297,21.83580780029297,21.12000846862793,-11.11351490020752,AL102024_sar_geo_20240929082416_cf0e50b0,38.34000015258789,35.84708786010742,AL102024,1,35.18644714355469
without_era5,sar_field_only,unet_raw_max,0.0,30.07201385498047,ibtracs,False,2024-09-29T20:19:01+00:00,0,25.456117630004883,25.456117630004883,25.456117630004883,25.456117630004883,24.174915313720703,-11.669161796569824,AL102024_sar_geo_20240929201901_eceb8b95,37.47999954223633,34.81792068481445,AL102024,0,30.07201385498047
without_era5,sar_field_only,unet_raw_max,0.0,22.25275230407715,ibtracs,False,2025-10-07T21:23:02+00:00,0,24.206642150878906,24.206642150878906,24.206642150878906,24.206642150878906,22.198408126831055,,AL102025_sar_geo_20251007212302_65a32d77,31.35999870300293,28.337852478027344,AL102025,0,22.25275230407715
without_era5,sar_field_only,unet_raw_max,0.0,26.01824378967285,ibtracs,False,2025-10-08T09:20:43+00:00,0,19.252601623535156,19.252601623535156,19.252601623535156,19.252601623535156,17.95549964904785,6.350954055786133,AL102025_sar_geo_20251008092043_77759e8c,33.619998931884766,29.984731674194336,AL102025,0,26.01824378967285
without_era5,sar_field_only,unet_raw_max,0.0,25.722200393676758,ibtracs,False,2025-10-09T22:12:45+00:00,0,22.957807540893555,22.957807540893555,22.957807540893555,22.957807540893555,22.102293014526367,-2.5722200870513916,AL102025_sar_geo_20251009221245_f4761526,31.220003128051758,27.99546241760254,AL102025,0,25.722200393676758
without_era5,sar_field_only,unet_raw_max,0.0,25.722200393676758,ibtracs,False,2025-10-10T10:05:06+00:00,0,18.321443557739258,18.321443557739258,18.321443557739258,18.321443557739258,17.163633346557617,-0.985160231590271,AL102025_sar_geo_20251010100506_5c04fb1b,24.438796997070312,23.330018997192383,AL102025,0,25.722200393676758
without_era5,sar_field_only,unet_raw_max,0.0,25.722200393676758,ibtracs,False,2025-10-10T22:21:57+00:00,0,23.594892501831055,23.594892501831055,23.594892501831055,23.594892501831055,22.37273597717285,0.0,AL102025_sar_geo_20251010222157_3cb50cd4,40.099998474121094,29.378992080688477,AL102025,0,25.722200393676758
without_era5,sar_field_only,unet_raw_max,0.0,23.149980545043945,ibtracs,False,2025-10-11T10:13:58+00:00,0,30.591304779052734,30.591304779052734,30.591304779052734,30.591304779052734,29.097909927368164,-2.5722200870513916,AL102025_sar_geo_20251011101358_f6a30809,33.18000030517578,22.940021514892578,AL102025,0,23.149980545043945
without_era5,sar_field_only,unet_raw_max,0.0,45.82767105102539,ibtracs,True,2024-11-06T11:26:57+00:00,1,41.3364372253418,41.3364372253418,41.3364372253418,41.3364372253418,37.9466438293457,20.294387817382812,AL182024_sar_geo_20241106112657_5c0e7c84,46.68000030517578,42.82679748535156,AL182024,2,45.82767105102539
without_era5,sar_field_only,unet_raw_max,0.0,49.17279052734375,ibtracs,False,2024-11-06T23:40:43+00:00,0,30.671703338623047,30.671703338623047,30.671703338623047,30.671703338623047,28.76685333251953,13.437273025512695,AL182024_sar_geo_20241106234043_5d0cd6d0,50.380001068115234,42.11057662963867,AL182024,2,49.17279052734375
without_era5,sar_field_only,unet_raw_max,0.0,49.1434326171875,ibtracs,False,2024-11-06T23:42:36+00:00,0,32.46974182128906,32.46974182128906,32.46974182128906,32.46974182128906,30.47551727294922,13.381000518798828,AL182024_sar_geo_20241106234236_1f54d7b2,54.099998474121094,44.40436553955078,AL182024,2,49.1434326171875
without_era5,sar_field_only,unet_raw_max,0.0,49.12030792236328,ibtracs,False,2024-11-06T23:44:05+00:00,0,32.67121887207031,32.67121887207031,32.67121887207031,32.67121887207031,30.894847869873047,13.336679458618164,AL182024_sar_geo_20241106234405_6e8a2b86,54.119998931884766,47.42927169799805,AL182024,2,49.12030792236328
without_era5,sar_field_only,unet_raw_max,0.0,46.29996109008789,ibtracs,False,2024-11-07T11:34:27+00:00,1,40.46942138671875,40.46942138671875,40.46942138671875,40.46942138671875,38.74950408935547,0.3651123344898224,AL182024_sar_geo_20241107113427_6c78673a,52.459999084472656,47.70045471191406,AL182024,2,46.29996109008789
without_era5,sar_field_only,unet_raw_max,0.0,46.29996109008789,ibtracs,False,2024-11-07T23:51:05+00:00,2,43.64584732055664,43.64584732055664,43.64584732055664,43.64584732055664,40.346214294433594,-2.711223840713501,AL182024_sar_geo_20241107235105_7cb0f20e,48.119998931884766,45.014564514160156,AL182024,2,46.29996109008789
without_era5,sar_field_only,unet_raw_max,0.0,33.456390380859375,ibtracs,False,2024-11-08T23:59:14+00:00,0,23.90903091430664,23.90903091430664,23.90903091430664,23.90903091430664,22.878198623657227,-12.843570709228516,AL182024_sar_geo_20241108235914_8a172b82,46.040000915527344,37.65009689331055,AL182024,1,33.456390380859375
without_era5,sar_field_only,unet_raw_max,0.0,25.80436897277832,ibtracs,False,2024-11-09T11:50:25+00:00,0,23.769790649414062,23.769790649414062,23.769790649414062,23.769790649414062,22.59634780883789,-23.20475959777832,AL182024_sar_geo_20241109115025_a47eebe7,36.900001525878906,30.126853942871094,AL182024,0,25.80436897277832
without_era5,sar_field_only,unet_raw_max,0.0,20.519838333129883,ibtracs,False,2024-11-10T00:10:08+00:00,0,22.762611389160156,22.762611389160156,22.762611389160156,22.762611389160156,20.867712020874023,-12.774215698242188,AL182024_sar_geo_20241110001008_2b803752,30.479999542236328,25.998462677001953,AL182024,0,20.519838333129883
without_era5,sar_field_only,unet_raw_max,0.0,18.00554084777832,ibtracs,False,2024-11-10T11:58:06+00:00,-1,17.027273178100586,17.027273178100586,17.027273178100586,17.027273178100586,16.661067962646484,-7.732950687408447,AL182024_sar_geo_20241110115806_c5d91f61,30.91888427734375,17.999176025390625,AL182024,0,18.00554084777832
without_era5,sar_field_only,unet_raw_max,0.0,38.58330154418945,ibtracs,False,2023-06-29T13:04:56+00:00,0,25.808197021484375,25.808197021484375,25.808197021484375,25.808197021484375,24.083709716796875,4.587697505950928,EP012023_sar_geo_20230629130456_9d69b2fc,38.599998474121094,36.31546401977539,EP012023,1,38.58330154418945
without_era5,sar_field_only,unet_raw_max,0.0,46.29996109008789,ibtracs,False,2023-06-30T13:12:49+00:00,0,29.812175750732422,29.812175750732422,29.812175750732422,29.812175750732422,27.811424255371094,7.716660022735596,EP012023_sar_geo_20230630131249_66c8cd8c,43.15999984741211,38.57410430908203,EP012023,2,46.29996109008789
without_era5,sar_field_only,unet_raw_max,0.0,28.29442024230957,ibtracs,False,2025-08-01T02:13:07+00:00,0,28.76650619506836,28.76650619506836,28.76650619506836,28.76650619506836,26.048870086669922,9.147528648376465,EP072025_sar_geo_20250801021307_8951090d,28.525001525878906,25.266023635864258,EP072025,0,28.29442024230957
without_era5,sar_field_only,unet_raw_max,0.0,33.43886184692383,ibtracs,False,2025-08-02T02:21:52+00:00,1,36.53438949584961,36.53438949584961,36.53438949584961,36.53438949584961,35.48827362060547,5.144440174102783,EP072025_sar_geo_20250802022152_23b97394,33.459999084472656,31.609230041503906,EP072025,1,33.43886184692383
without_era5,sar_field_only,unet_raw_max,0.0,32.65681076049805,ibtracs,False,2025-08-02T14:16:49+00:00,0,30.350013732910156,30.350013732910156,30.350013732910156,30.350013732910156,27.71222686767578,3.189314603805542,EP072025_sar_geo_20250802141649_e9600fe9,34.0,32.232173919677734,EP072025,0,32.65681076049805
without_era5,sar_field_only,unet_raw_max,0.0,27.24152374267578,ibtracs,False,2025-08-03T03:02:48+00:00,0,23.91299819946289,23.91299819946289,23.91299819946289,23.91299819946289,22.057748794555664,-6.197335243225098,EP072025_sar_geo_20250803030248_1ccccbaf,30.81999969482422,28.60904312133789,EP072025,0,27.24152374267578
without_era5,sar_field_only,unet_raw_max,0.0,23.149980545043945,ibtracs,False,2025-08-05T02:13:12+00:00,0,27.149784088134766,27.149784088134766,27.149784088134766,27.149784088134766,26.224416732788086,,EP082025_sar_geo_20250805021312_5901b79b,26.499990463256836,24.82594871520996,EP082025,0,23.149980545043945
without_era5,sar_field_only,unet_raw_max,0.0,23.149980545043945,ibtracs,False,2025-08-05T14:09:24+00:00,0,26.307695388793945,26.307695388793945,26.307695388793945,26.307695388793945,24.842531204223633,4.034955978393555,EP082025_sar_geo_20250805140924_db0bcc3b,27.479997634887695,25.81668472290039,EP082025,0,23.149980545043945
without_era5,sar_field_only,unet_raw_max,0.0,23.149980545043945,ibtracs,False,2025-08-07T03:02:13+00:00,0,19.37986946105957,19.37986946105957,19.37986946105957,19.37986946105957,18.568384170532227,0.0,EP082025_sar_geo_20250807030213_52172340,23.57967185974121,22.859434127807617,EP082025,0,23.149980545043945
without_era5,sar_field_only,unet_raw_max,0.0,20.624441146850586,ibtracs,False,2025-08-07T14:56:44+00:00,0,24.01302719116211,24.01302719116211,24.01302719116211,24.01302719116211,23.131004333496094,-2.525538921356201,EP082025_sar_geo_20250807145644_31bd62e0,22.598384857177734,19.2292423248291,EP082025,0,20.624441146850586
without_era5,sar_field_only,unet_raw_max,0.0,17.23149299621582,ibtracs,False,2025-08-09T15:44:35+00:00,0,20.05613136291504,20.05613136291504,20.05613136291504,20.05613136291504,18.97429656982422,0.6371008157730103,EP082025_sar_geo_20250809154435_526418b6,23.359994888305664,20.623403549194336,EP082025,-1,17.23149299621582
without_era5,sar_field_only,unet_raw_max,0.0,22.46662712097168,ibtracs,False,2025-08-10T04:00:27+00:00,0,24.359529495239258,24.359529495239258,24.359529495239258,24.359529495239258,21.89141273498535,7.033307075500488,EP082025_sar_geo_20250810040027_fac1c713,30.600000381469727,26.777254104614258,EP082025,0,22.46662712097168
without_era5,sar_field_only,unet_raw_max,0.0,18.00554084777832,ibtracs,False,2025-08-31T13:53:40+00:00,0,23.770984649658203,23.770984649658203,23.770984649658203,23.770984649658203,22.40537452697754,,EP112025_sar_geo_20250831135340_50cc57bc,25.478801727294922,18.667150497436523,EP112025,0,18.00554084777832
without_era5,sar_field_only,unet_raw_max,0.0,20.577760696411133,ibtracs,False,2025-09-01T02:37:32+00:00,0,28.809072494506836,28.809072494506836,28.809072494506836,28.809072494506836,26.759479522705078,5.144440174102783,EP112025_sar_geo_20250901023732_00244e32,23.953760147094727,19.280054092407227,EP112025,0,20.577760696411133
without_era5,sar_field_only,unet_raw_max,0.0,30.657766342163086,ibtracs,False,2025-09-02T02:45:23+00:00,0,32.859893798828125,32.859893798828125,32.859893798828125,32.859893798828125,30.37361717224121,10.08000659942627,EP112025_sar_geo_20250902024523_0597f171,32.560001373291016,30.432666778564453,EP112025,0,30.657766342163086
without_era5,sar_field_only,unet_raw_max,0.0,39.879268646240234,ibtracs,False,2025-09-02T14:31:09+00:00,0,31.475467681884766,31.475467681884766,31.475467681884766,31.475467681884766,28.742603302001953,14.569339752197266,EP112025_sar_geo_20250902143109_15133331,40.619998931884766,36.63118362426758,EP112025,1,39.879268646240234
without_era5,sar_field_only,unet_raw_max,0.0,64.30549621582031,ibtracs,True,2025-09-04T03:01:20+00:00,2,44.51345443725586,44.51345443725586,44.51345443725586,44.51345443725586,40.36616516113281,18.00554084777832,EP112025_sar_geo_20250904030120_36e6b792,58.900001525878906,53.88230514526367,EP112025,4,64.30549621582031
without_era5,sar_field_only,unet_raw_max,0.0,52.952720642089844,ibtracs,False,2025-09-05T14:55:55+00:00,2,43.64847183227539,43.64847183227539,43.64847183227539,43.64847183227539,39.225738525390625,-6.208338737487793,EP112025_sar_geo_20250905145555_b621c593,48.65999984741211,44.48773956298828,EP112025,3,52.952720642089844
without_era5,sar_field_only,unet_raw_max,0.0,53.02250289916992,ibtracs,False,2025-09-05T15:06:05+00:00,1,42.385765075683594,42.385765075683594,42.385765075683594,42.385765075683594,38.31654357910156,-6.138555526733398,EP112025_sar_geo_20250905150605_f70970d3,51.959999084472656,44.34177780151367,EP112025,3,53.02250289916992
without_era5,sar_field_only,unet_raw_max,0.0,60.8060417175293,ibtracs,False,2025-09-06T03:17:47+00:00,3,55.94447708129883,55.94447708129883,55.94447708129883,55.94447708129883,45.031593322753906,5.398565769195557,EP112025_sar_geo_20250906031747_a0f470c3,53.68000030517578,48.07802200317383,EP112025,4,60.8060417175293
without_era5,sar_field_only,unet_raw_max,0.0,60.841670989990234,ibtracs,False,2025-09-06T03:24:01+00:00,3,56.469486236572266,56.469486236572266,56.469486236572266,56.469486236572266,45.87865447998047,5.487640857696533,EP112025_sar_geo_20250906032401_30e03b1e,54.08000183105469,48.24021530151367,EP112025,4,60.841670989990234
without_era5,sar_field_only,unet_raw_max,0.0,56.58884048461914,ibtracs,False,2025-09-06T15:13:56+00:00,2,44.8390007019043,44.8390007019043,44.8390007019043,44.8390007019043,38.75233840942383,3.5214643478393555,EP112025_sar_geo_20250906151356_04821eb9,50.959999084472656,46.29977798461914,EP112025,3,56.58884048461914
without_era5,sar_field_only,unet_raw_max,0.0,57.84151077270508,ibtracs,False,2025-09-07T03:33:54+00:00,4,59.0999870300293,59.0999870300293,59.0999870300293,59.0999870300293,46.70334243774414,-3.056654691696167,EP112025_sar_geo_20250907033354_b508e3f3,55.36000061035156,47.101844787597656,EP112025,3,57.84151077270508
without_era5,sar_field_only,unet_raw_max,0.0,51.13240051269531,ibtracs,False,2025-09-07T15:21:50+00:00,1,38.066219329833984,38.066219329833984,38.066219329833984,38.066219329833984,32.64054489135742,-5.4564409255981445,EP112025_sar_geo_20250907152150_44831e4a,52.34000015258789,44.898902893066406,EP112025,3,51.13240051269531
without_era5,sar_field_only,unet_raw_max,0.0,51.05809020996094,ibtracs,False,2025-09-07T15:27:02+00:00,1,35.31325149536133,35.31325149536133,35.31325149536133,35.31325149536133,31.178701400756836,-5.530749320983887,EP112025_sar_geo_20250907152702_516cb755,46.79999923706055,42.14361572265625,EP112025,3,51.05809020996094
without_era5,sar_field_only,unet_raw_max,0.0,47.35714340209961,ibtracs,False,2025-09-08T03:56:42+00:00,0,25.2226619720459,25.2226619720459,25.2226619720459,25.2226619720459,23.95570182800293,-10.288880348205566,EP112025_sar_geo_20250908035642_aba9a661,45.7400016784668,41.26231384277344,EP112025,2,47.35714340209961
without_era5,sar_field_only,unet_raw_max,0.0,47.271400451660156,ibtracs,False,2025-09-08T04:06:42+00:00,0,28.932254791259766,28.932254791259766,28.932254791259766,28.932254791259766,27.636655807495117,-10.288880348205566,EP112025_sar_geo_20250908040642_4064952a,44.70000076293945,38.03972244262695,EP112025,2,47.271400451660156
without_era5,sar_field_only,unet_raw_max,0.0,42.17869186401367,ibtracs,False,2025-09-08T16:00:40+00:00,0,26.2767276763916,26.2767276763916,26.2767276763916,26.2767276763916,25.143930435180664,-8.398775100708008,EP112025_sar_geo_20250908160040_97c65dbe,38.15999984741211,33.663917541503906,EP112025,1,42.17869186401367
without_era5,sar_field_only,unet_raw_max,0.0,28.10883903503418,ibtracs,False,2025-09-09T04:15:37+00:00,0,23.27610206604004,23.27610206604004,23.27610206604004,23.27610206604004,22.28730583190918,-19.086111068725586,EP112025_sar_geo_20250909041537_5b813509,28.719999313354492,26.119365692138672,EP112025,0,28.10883903503418
without_era5,sar_field_only,unet_raw_max,0.0,20.577760696411133,ibtracs,False,2025-09-09T16:08:11+00:00,0,22.954044342041016,22.954044342041016,22.954044342041016,22.954044342041016,21.981361389160156,-21.536483764648438,EP112025_sar_geo_20250909160811_93d58b53,22.379152297973633,20.639429092407227,EP112025,0,20.577760696411133
without_era5,sar_field_only,unet_raw_max,0.0,18.00554084777832,ibtracs,False,2025-09-10T04:32:26+00:00,0,21.86219024658203,21.86219024658203,21.86219024658203,21.86219024658203,21.644515991210938,-9.718799591064453,EP112025_sar_geo_20250910043226_d511f8a6,22.29558563232422,21.114418029785156,EP112025,0,18.00554084777832
without_era5,sar_field_only,unet_raw_max,0.0,17.02028465270996,ibtracs,False,2024-11-03T02:52:22+00:00,0,18.029991149902344,18.029991149902344,18.029991149902344,18.029991149902344,17.038440704345703,0.10908117890357971,EP132024_sar_geo_20241103025222_0b408406,29.4999942779541,19.52695655822754,EP132024,-1,17.02028465270996
without_era5,sar_field_only,unet_raw_max,0.0,21.506473541259766,ibtracs,False,2025-10-01T01:48:19+00:00,0,24.705028533935547,24.705028533935547,24.705028533935547,24.705028533935547,23.094945907592773,6.073154449462891,EP152025_sar_geo_20251001014819_ecce4d81,22.797077178955078,20.27893829345703,EP152025,0,21.506473541259766
without_era5,sar_field_only,unet_raw_max,0.0,28.29442024230957,ibtracs,False,2025-10-02T01:56:42+00:00,0,30.27977752685547,30.27977752685547,30.27977752685547,30.27977752685547,28.173439025878906,6.716066360473633,EP152025_sar_geo_20251002015642_c698cb8c,33.900001525878906,29.120439529418945,EP152025,0,28.29442024230957
without_era5,sar_field_only,unet_raw_max,0.0,24.19444465637207,ibtracs,False,2025-10-03T14:01:49+00:00,0,28.89303207397461,28.89303207397461,28.89303207397461,28.89303207397461,27.154613494873047,-4.0999755859375,EP152025_sar_geo_20251003140149_960deafc,28.145071029663086,23.714588165283203,EP152025,0,24.19444465637207
without_era5,sar_field_only,unet_raw_max,0.0,25.722200393676758,ibtracs,False,2025-10-04T02:13:11+00:00,0,24.185558319091797,24.185558319091797,24.185558319091797,24.185558319091797,22.00275421142578,0.7612818479537964,EP152025_sar_geo_20251004021311_4c850972,20.299226760864258,19.292953491210938,EP152025,0,25.722200393676758
without_era5,sar_field_only,unet_raw_max,0.0,37.072547912597656,ibtracs,False,2025-10-05T14:03:48+00:00,1,38.91958999633789,38.91958999633789,38.91958999633789,38.91958999633789,37.14308547973633,8.778129577636719,EP152025_sar_geo_20251005140348_c360bcf0,43.31999969482422,37.018798828125,EP152025,1,37.072547912597656
without_era5,sar_field_only,unet_raw_max,0.0,40.3003044128418,ibtracs,False,2025-10-06T02:29:37+00:00,0,30.48676300048828,30.48676300048828,30.48676300048828,30.48676300048828,27.91806983947754,8.150840759277344,EP152025_sar_geo_20251006022937_f3bbea1a,47.880001068115234,37.92021179199219,EP152025,1,40.3003044128418
without_era5,sar_field_only,unet_raw_max,0.0,29.242568969726562,ibtracs,False,2025-10-06T13:53:39+00:00,0,29.710357666015625,29.710357666015625,29.710357666015625,29.710357666015625,27.29560089111328,-7.742953777313232,EP152025_sar_geo_20251006135339_68af0d71,27.599903106689453,25.37576675415039,EP152025,0,29.242568969726562
without_era5,sar_field_only,unet_raw_max,0.0,23.149980545043945,ibtracs,False,2025-10-07T02:05:53+00:00,0,23.349328994750977,23.349328994750977,23.349328994750977,23.349328994750977,22.735336303710938,-17.285985946655273,EP152025_sar_geo_20251007020553_ee3499a4,24.97989845275879,22.91554069519043,EP152025,0,23.149980545043945
without_era5,sar_field_only,unet_raw_max,0.0,26.13375473022461,ibtracs,False,2023-10-24T00:48:00+00:00,0,24.83749008178711,24.83749008178711,24.83749008178711,24.83749008178711,23.762943267822266,8.128214836120605,EP182023_sar_geo_20231024004800_e546df77,55.5,26.057025909423828,EP182023,0,26.13375473022461
without_era5,sar_field_only,unet_raw_max,0.0,69.1234130859375,ibtracs,True,2023-10-25T00:52:23+00:00,3,55.16378402709961,55.16378402709961,55.16378402709961,55.16378402709961,47.75224304199219,42.95207214355469,EP182023_sar_geo_20231025005223_896d8572,59.720001220703125,49.42375183105469,EP182023,4,69.1234130859375
without_era5,sar_field_only,unet_raw_max,0.0,18.413951873779297,ibtracs,False,2024-11-29T12:47:38+00:00,1,34.05217742919922,34.05217742919922,34.05217742919922,34.05217742919922,33.111934661865234,2.9806313514709473,IO042024_sar_geo_20241129124738_26d1fed9,25.840084075927734,20.021028518676758,IO042024,0,18.413951873779297
without_era5,sar_field_only,unet_raw_max,0.0,46.22208023071289,ibtracs,True,2023-10-24T12:01:49+00:00,1,41.608097076416016,41.608097076416016,41.608097076416016,41.608097076416016,39.1455078125,23.046138763427734,IO062023_sar_geo_20231024120149_0c524d06,80.0,65.44290924072266,IO062023,2,46.22208023071289
without_era5,sar_field_only,unet_raw_max,0.0,27.343936920166016,ibtracs,False,2024-01-25T08:46:17+00:00,0,29.256576538085938,29.256576538085938,29.256576538085938,29.256576538085938,28.44222068786621,5.340452671051025,SH072024_sar_geo_20240125084617_b51a9b24,38.540000915527344,34.80113220214844,SH072024,0,27.343936920166016
without_era5,sar_field_only,unet_raw_max,0.0,32.40449523925781,ibtracs,False,2023-02-08T22:12:23+00:00,1,36.521156311035156,36.521156311035156,36.521156311035156,36.521156311035156,34.92961502075195,-13.895465850830078,SH112023_sar_geo_20230208221223_c0b8bb16,35.70000076293945,34.01755142211914,SH112023,0,32.40449523925781
without_era5,sar_field_only,unet_raw_max,0.0,26.137470245361328,ibtracs,False,2023-02-09T11:11:34+00:00,0,22.77377700805664,22.77377700805664,22.77377700805664,22.77377700805664,21.776718139648438,-18.00554084777832,SH112023_sar_geo_20230209111134_f30f8ca8,31.280000686645508,28.429794311523438,SH112023,0,26.137470245361328
without_era5,sar_field_only,unet_raw_max,0.0,33.43886184692383,ibtracs,False,2023-02-09T22:20:32+00:00,0,31.299530029296875,31.299530029296875,31.299530029296875,31.299530029296875,29.876928329467773,1.1508302688598633,SH112023_sar_geo_20230209222032_250d3700,45.13999938964844,38.88908767700195,SH112023,1,33.43886184692383
without_era5,sar_field_only,unet_raw_max,0.0,38.06199645996094,ibtracs,False,2023-02-10T22:28:48+00:00,1,37.98781204223633,37.98781204223633,37.98781204223633,37.98781204223633,36.42301559448242,4.623136520385742,SH112023_sar_geo_20230210222848_4f1367f1,42.81999969482422,39.14099884033203,SH112023,1,38.06199645996094
without_era5,sar_field_only,unet_raw_max,0.0,55.674747467041016,ibtracs,True,2023-02-11T11:28:01+00:00,1,39.67243576049805,39.67243576049805,39.67243576049805,39.67243576049805,38.66493606567383,24.53388214111328,SH112023_sar_geo_20230211112801_66c3ce02,54.7599983215332,48.290409088134766,SH112023,3,55.674747467041016
without_era5,sar_field_only,unet_raw_max,0.0,55.911964416503906,ibtracs,True,2023-02-11T11:36:19+00:00,1,42.05290603637695,42.05290603637695,42.05290603637695,42.05290603637695,40.34708786010742,24.842262268066406,SH112023_sar_geo_20230211113619_713ab9a6,58.060001373291016,47.824363708496094,SH112023,3,55.911964416503906
without_era5,sar_field_only,unet_raw_max,0.0,49.24515151977539,ibtracs,False,2023-02-12T23:16:30+00:00,0,25.514015197753906,25.514015197753906,25.514015197753906,25.514015197753906,24.698923110961914,-7.965307712554932,SH112023_sar_geo_20230212231630_6bf369b8,53.880001068115234,48.894439697265625,SH112023,2,49.24515151977539
without_era5,sar_field_only,unet_raw_max,0.0,41.45818328857422,ibtracs,False,2023-02-13T23:24:42+00:00,0,23.22640609741211,23.22640609741211,23.22640609741211,23.22640609741211,22.067974090576172,-7.716660022735596,SH112023_sar_geo_20230213232442_e7bd4405,42.099998474121094,39.77212142944336,SH112023,1,41.45818328857422
without_era5,sar_field_only,unet_raw_max,0.0,56.799476623535156,ibtracs,False,2023-02-14T12:24:34+00:00,1,38.591217041015625,38.591217041015625,38.591217041015625,38.591217041015625,37.21382522583008,10.63994026184082,SH112023_sar_geo_20230214122434_504d62a1,54.34000015258789,51.46897888183594,SH112023,3,56.799476623535156
without_era5,sar_field_only,unet_raw_max,0.0,63.91752243041992,ibtracs,True,2023-02-14T23:32:51+00:00,1,38.71271896362305,38.71271896362305,38.71271896362305,38.71271896362305,36.62095642089844,22.529216766357422,SH112023_sar_geo_20230214233251_cc5d83ed,60.20000076293945,54.030601501464844,SH112023,4,63.91752243041992
without_era5,sar_field_only,unet_raw_max,0.0,66.80645751953125,ibtracs,False,2023-02-16T00:12:28+00:00,1,33.74415588378906,33.74415588378906,33.74415588378906,33.74415588378906,31.589794158935547,2.3940699100494385,SH112023_sar_geo_20230216001228_9bbc9124,65.4000015258789,57.50040817260742,SH112023,4,66.80645751953125
without_era5,sar_field_only,unet_raw_max,0.0,54.08716583251953,ibtracs,True,2025-02-12T21:33:13+00:00,3,52.6904411315918,52.6904411315918,52.6904411315918,52.6904411315918,47.610504150390625,25.31807518005371,SH172025_sar_geo_20250212213313_92c883b4,70.37999725341797,56.62949752807617,SH172025,3,54.08716583251953
without_era5,sar_field_only,unet_raw_max,0.0,59.16106033325195,ibtracs,False,2025-02-13T21:41:24+00:00,1,40.64640808105469,40.64640808105469,40.64640808105469,40.64640808105469,38.893798828125,4.676295757293701,SH172025_sar_geo_20250213214124_e8716993,60.119998931884766,49.55323028564453,SH172025,4,59.16106033325195
without_era5,sar_field_only,unet_raw_max,0.0,20.577760696411133,ibtracs,False,2023-04-10T10:08:15+00:00,0,24.026348114013672,24.026348114013672,24.026348114013672,24.026348114013672,20.309907913208008,-2.5722200870513916,SH182023_sar_geo_20230410100815_7e28c768,26.04296875,17.008670806884766,SH182023,0,20.577760696411133
without_era5,sar_field_only,unet_raw_max,0.0,33.929439544677734,ibtracs,False,2023-04-11T10:15:57+00:00,1,39.05482864379883,39.05482864379883,39.05482864379883,39.05482864379883,38.599212646484375,13.351679801940918,SH182023_sar_geo_20230411101557_348124f1,48.97999954223633,39.89085388183594,SH182023,1,33.929439544677734
without_era5,sar_field_only,unet_raw_max,0.0,54.48676300048828,ibtracs,True,2023-04-12T21:32:54+00:00,2,44.9741096496582,44.9741096496582,44.9741096496582,44.9741096496582,41.82868576049805,18.475685119628906,SH182023_sar_geo_20230412213254_daeb85a4,58.2599983215332,51.5367546081543,SH182023,3,54.48676300048828
without_era5,sar_field_only,unet_raw_max,0.0,70.72319030761719,ibtracs,True,2023-04-13T10:30:54+00:00,2,43.16801071166992,43.16801071166992,43.16801071166992,43.16801071166992,41.64112091064453,28.26869773864746,SH182023_sar_geo_20230413103054_f4cd9cae,68.27999877929688,58.23680877685547,SH182023,5,70.72319030761719
without_era5,sar_field_only,unet_raw_max,0.0,18.00554084777832,ibtracs,False,2025-03-20T12:00:50+00:00,-1,16.910131454467773,16.910131454467773,16.910131454467773,16.910131454467773,14.71340274810791,-2.0649211406707764,SH262025_sar_geo_20250320120050_18f77f5f,17.37593650817871,16.022216796875,SH262025,0,18.00554084777832
without_era5,sar_field_only,unet_raw_max,0.0,15.35915470123291,ibtracs,False,2025-03-20T23:08:39+00:00,0,18.512691497802734,18.512691497802734,18.512691497802734,18.512691497802734,17.238555908203125,-7.790825843811035,SH262025_sar_geo_20250320230839_df8df358,21.73871421813965,20.395126342773438,SH262025,-1,15.35915470123291
without_era5,sar_field_only,unet_raw_max,0.0,45.73478698730469,ibtracs,True,2024-05-26T21:39:33+00:00,0,22.886180877685547,22.886180877685547,22.886180877685547,22.886180877685547,22.029783248901367,18.24318504333496,WP012024_sar_geo_20240526213933_9df56040,40.63999938964844,35.82577133178711,WP012024,2,45.73478698730469
without_era5,sar_field_only,unet_raw_max,0.0,43.72774124145508,ibtracs,False,2024-05-27T09:52:21+00:00,0,29.63465118408203,29.63465118408203,29.63465118408203,29.63465118408203,25.34527015686035,7.698225975036621,WP012024_sar_geo_20240527095221_8e9f9c60,40.900001525878906,35.272613525390625,WP012024,2,43.72774124145508
without_era5,sar_field_only,unet_raw_max,0.0,35.151100158691406,ibtracs,False,2024-05-28T09:29:33+00:00,0,32.55121994018555,32.55121994018555,32.55121994018555,32.55121994018555,31.3497371673584,-8.576639175415039,WP012024_sar_geo_20240528092933_c06e204a,39.060001373291016,36.184356689453125,WP012024,1,35.151100158691406
without_era5,sar_field_only,unet_raw_max,0.0,39.93971633911133,ibtracs,False,2024-05-28T21:21:48+00:00,0,25.42139434814453,25.42139434814453,25.42139434814453,25.42139434814453,25.043787002563477,4.240161895751953,WP012024_sar_geo_20240528212148_22df3ab7,42.13999938964844,37.435882568359375,WP012024,1,39.93971633911133
without_era5,sar_field_only,unet_raw_max,0.0,35.01763153076172,ibtracs,False,2024-05-29T09:06:12+00:00,0,30.332839965820312,30.332839965820312,30.332839965820312,30.332839965820312,29.667438507080078,0.0,WP012024_sar_geo_20240529090612_d56e7ad6,39.959999084472656,37.48442077636719,WP012024,1,35.01763153076172
without_era5,sar_field_only,unet_raw_max,0.0,28.347055435180664,ibtracs,False,2024-05-29T20:56:19+00:00,0,21.361934661865234,21.361934661865234,21.361934661865234,21.361934661865234,21.093542098999023,-11.800630569458008,WP012024_sar_geo_20240529205619_9d4a1090,79.12000274658203,33.07667541503906,WP012024,0,28.347055435180664
without_era5,sar_field_only,unet_raw_max,0.0,39.833683013916016,ibtracs,True,2023-07-23T09:43:45+00:00,1,40.00196075439453,40.00196075439453,40.00196075439453,40.00196075439453,38.88835525512695,20.03473663330078,WP052023_sar_geo_20230723094345_16c82bb1,48.20000076293945,38.569480895996094,WP052023,1,39.833683013916016
without_era5,sar_field_only,unet_raw_max,0.0,63.574989318847656,ibtracs,True,2023-07-24T09:52:12+00:00,2,42.97626876831055,42.97626876831055,42.97626876831055,42.97626876831055,41.7932243347168,23.499801635742188,WP052023_sar_geo_20230724095212_6c07dd16,53.779998779296875,47.79603958129883,WP052023,4,63.574989318847656
without_era5,sar_field_only,unet_raw_max,0.0,61.733280181884766,ibtracs,False,2023-07-25T10:00:51+00:00,2,44.37473678588867,44.37473678588867,44.37473678588867,44.37473678588867,43.734947204589844,-1.891153335571289,WP052023_sar_geo_20230725100051_6a4ed126,57.52000045776367,52.65974807739258,WP052023,4,61.733280181884766
without_era5,sar_field_only,unet_raw_max,0.0,47.88854217529297,ibtracs,False,2023-07-26T10:08:50+00:00,0,29.073265075683594,29.073265075683594,29.073265075683594,29.073265075683594,28.624717712402344,-13.844736099243164,WP052023_sar_geo_20230726100850_0d211749,36.900001525878906,35.53444290161133,WP052023,2,47.88854217529297
without_era5,sar_field_only,unet_raw_max,0.0,41.155521392822266,ibtracs,False,2023-07-26T22:01:56+00:00,1,32.93039321899414,32.93039321899414,32.93039321899414,32.93039321899414,32.72871780395508,-15.56059741973877,WP052023_sar_geo_20230726220156_e35acc0b,40.41999816894531,37.58406066894531,WP052023,1,41.155521392822266
without_era5,sar_field_only,unet_raw_max,0.0,41.155521392822266,ibtracs,False,2023-07-26T22:02:52+00:00,1,35.465370178222656,35.465370178222656,35.465370178222656,35.465370178222656,35.242427825927734,-15.539257049560547,WP052023_sar_geo_20230726220252_d3deb372,38.84000015258789,36.08020782470703,WP052023,1,41.155521392822266
without_era5,sar_field_only,unet_raw_max,0.0,48.51921463012695,ibtracs,False,2023-07-27T10:17:39+00:00,1,36.517032623291016,36.517032623291016,36.517032623291016,36.517032623291016,36.0246696472168,0.7566613554954529,WP052023_sar_geo_20230727101739_a9e95728,44.81999969482422,41.74239730834961,WP052023,2,48.51921463012695
without_era5,sar_field_only,unet_raw_max,0.0,20.577760696411133,ibtracs,False,2024-08-12T07:55:49+00:00,0,23.062299728393555,23.062299728393555,23.062299728393555,23.062299728393555,21.542577743530273,2.5722200870513916,WP072024_sar_geo_20240812075549_e8fedc4e,21.658456802368164,20.483028411865234,WP072024,0,20.577760696411133
without_era5,sar_field_only,unet_raw_max,0.0,19.809429168701172,ibtracs,False,2024-08-12T20:14:25+00:00,0,18.29118537902832,18.29118537902832,18.29118537902832,18.29118537902832,15.926700592041016,-0.7683316469192505,WP072024_sar_geo_20240812201425_1226442e,22.83545684814453,19.634958267211914,WP072024,0,19.809429168701172
without_era5,sar_field_only,unet_raw_max,0.0,14.71900463104248,ibtracs,False,2024-08-13T08:04:58+00:00,-1,17.207599639892578,17.207599639892578,17.207599639892578,17.207599639892578,16.32212257385254,-5.858755111694336,WP072024_sar_geo_20240813080458_cdd218d1,21.210275650024414,15.737432479858398,WP072024,-1,14.71900463104248
without_era5,sar_field_only,unet_raw_max,0.0,25.722200393676758,ibtracs,False,2023-08-26T07:54:01+00:00,0,26.541255950927734,26.541255950927734,26.541255950927734,26.541255950927734,25.87964630126953,5.144440174102783,WP082023_sar_geo_20230826075401_86c4bdd0,38.68000030517578,34.366600036621094,WP082023,0,25.722200393676758
without_era5,sar_field_only,unet_raw_max,0.0,27.52808952331543,ibtracs,False,2023-08-28T08:14:04+00:00,0,24.03082275390625,24.03082275390625,24.03082275390625,24.03082275390625,22.51152992248535,-0.7663310170173645,WP082023_sar_geo_20230828081404_53227c39,33.70000076293945,31.261465072631836,WP082023,0,27.52808952331543
without_era5,sar_field_only,unet_raw_max,0.0,18.00554084777832,ibtracs,False,2024-08-19T21:43:55+00:00,0,20.649906158447266,20.649906158447266,20.649906158447266,20.649906158447266,20.23658561706543,0.7778583765029907,WP102024_sar_geo_20240819214355_fe68614f,31.88100814819336,22.201045989990234,WP102024,0,18.00554084777832
without_era5,sar_field_only,unet_raw_max,0.0,43.94685363769531,ibtracs,False,2024-08-26T09:15:20+00:00,0,30.70349884033203,30.70349884033203,30.70349884033203,30.70349884033203,28.899255752563477,6.304797172546387,WP112024_sar_geo_20240826091520_95af66ff,44.79999923706055,41.65532684326172,WP112024,2,43.94685363769531
without_era5,sar_field_only,unet_raw_max,0.0,53.01136016845703,ibtracs,True,2024-08-26T21:04:08+00:00,1,40.245445251464844,40.245445251464844,40.245445251464844,40.245445251464844,36.580078125,15.492385864257812,WP112024_sar_geo_20240826210408_a57cc755,52.724998474121094,45.93745040893555,WP112024,3,53.01136016845703
without_era5,sar_field_only,unet_raw_max,0.0,58.26707077026367,ibtracs,False,2024-08-27T09:23:36+00:00,1,38.25333786010742,38.25333786010742,38.25333786010742,38.25333786010742,36.41162872314453,14.202083587646484,WP112024_sar_geo_20240827092336_88090114,57.720001220703125,52.73346710205078,WP112024,4,58.26707077026367
without_era5,sar_field_only,unet_raw_max,0.0,56.58884048461914,ibtracs,False,2024-08-27T21:12:15+00:00,1,40.56234359741211,40.56234359741211,40.56234359741211,40.56234359741211,39.66120147705078,3.5310864448547363,WP112024_sar_geo_20240827211215_cbee7e4b,55.81999969482422,49.47250747680664,WP112024,3,56.58884048461914
without_era5,sar_field_only,unet_raw_max,0.0,50.14400100708008,ibtracs,False,2024-08-28T09:31:40+00:00,0,31.893325805664062,31.893325805664062,31.893325805664062,31.893325805664062,30.540416717529297,-8.169179916381836,WP112024_sar_geo_20240828093140_80dcdc85,58.7586784362793,41.45331954956055,WP112024,3,50.14400100708008
without_era5,sar_field_only,unet_raw_max,0.0,40.90044021606445,ibtracs,False,2024-08-28T21:19:50+00:00,0,30.39908218383789,30.39908218383789,30.39908218383789,30.39908218383789,29.650840759277344,-15.688398361206055,WP112024_sar_geo_20240828211950_9fc5a1dd,80.0,47.3892936706543,WP112024,1,40.90044021606445
without_era5,sar_field_only,unet_raw_max,0.0,20.577760696411133,ibtracs,False,2024-09-05T20:14:24+00:00,0,23.791522979736328,23.791522979736328,23.791522979736328,23.791522979736328,23.35210418701172,2.5722200870513916,WP132024_sar_geo_20240905201424_2b6d0688,40.540000915527344,31.746538162231445,WP132024,0,20.577760696411133
without_era5,sar_field_only,unet_raw_max,0.0,18.00554084777832,ibtracs,False,2024-09-06T08:05:07+00:00,0,23.515750885009766,23.515750885009766,23.515750885009766,23.515750885009766,21.405818939208984,0.0,WP132024_sar_geo_20240906080507_a6b444e0,20.746583938598633,19.321083068847656,WP132024,0,18.00554084777832
without_era5,sar_field_only,unet_raw_max,0.0,17.384206771850586,ibtracs,False,2024-09-06T19:48:42+00:00,0,21.367511749267578,21.367511749267578,21.367511749267578,21.367511749267578,20.44999122619629,-3.193553924560547,WP132024_sar_geo_20240906194842_9f4d9498,20.069189071655273,18.259702682495117,WP132024,-1,17.384206771850586
without_era5,sar_field_only,unet_raw_max,0.0,22.746999740600586,ibtracs,False,2023-10-19T10:49:30+00:00,1,41.2576789855957,41.2576789855957,41.2576789855957,41.2576789855957,38.68511199951172,2.5722200870513916,WP162023_sar_geo_20231019104930_9a749bdc,80.0,36.78159713745117,WP162023,0,22.746999740600586
without_era5,sar_field_only,unet_raw_max,0.0,20.577760696411133,ibtracs,False,2023-10-19T22:43:10+00:00,0,31.84213638305664,31.84213638305664,31.84213638305664,31.84213638305664,31.13584327697754,1.9134458303451538,WP162023_sar_geo_20231019224310_d9ac92a8,80.0,25.158126831054688,WP162023,0,20.577760696411133
without_era5,sar_field_only,unet_raw_max,0.0,15.9686279296875,ibtracs,False,2023-10-20T10:57:34+00:00,0,23.144655227661133,23.144655227661133,23.144655227661133,23.144655227661133,22.12255859375,-6.8244805335998535,WP162023_sar_geo_20231020105734_00b31332,80.0,31.868629455566406,WP162023,-1,15.9686279296875
without_era5,sar_field_only,unet_raw_max,0.0,24.468528747558594,ibtracs,False,2025-09-05T08:33:47+00:00,1,35.3604621887207,35.3604621887207,35.3604621887207,35.3604621887207,34.57303237915039,6.462988376617432,WP212025_sar_geo_20250905083347_3ae8e0aa,33.5,27.7016658782959,WP212025,0,24.468528747558594
without_era5,sar_field_only,unet_raw_max,0.0,19.078346252441406,ibtracs,False,2025-09-18T21:07:41+00:00,0,22.12666893005371,22.12666893005371,22.12666893005371,22.12666893005371,21.084352493286133,,WP242025_sar_geo_20250918210741_c0a8f306,22.194433212280273,20.288606643676758,WP242025,0,19.078346252441406
without_era5,sar_field_only,unet_raw_max,0.0,30.547494888305664,ibtracs,False,2025-09-19T21:13:40+00:00,1,34.86847686767578,34.86847686767578,34.86847686767578,34.86847686767578,33.94698715209961,11.43494701385498,WP242025_sar_geo_20250919211340_695286ba,36.70000076293945,34.47115707397461,WP242025,0,30.547494888305664
without_era5,sar_field_only,unet_raw_max,0.0,30.57440757751465,ibtracs,False,2025-09-19T21:15:33+00:00,1,34.352359771728516,34.352359771728516,34.352359771728516,34.352359771728516,33.59060287475586,11.451094627380371,WP242025_sar_geo_20250919211533_41d7c3ba,34.58000183105469,33.21208953857422,WP242025,0,30.57440757751465
without_era5,sar_field_only,unet_raw_max,0.0,60.323036193847656,ibtracs,True,2025-09-20T21:23:17+00:00,0,32.45180892944336,32.45180892944336,32.45180892944336,32.45180892944336,31.67746925354004,29.638118743896484,WP242025_sar_geo_20250920212317_7e455209,55.7599983215332,48.43717575073242,WP242025,4,60.323036193847656
without_era5,sar_field_only,unet_raw_max,0.0,72.85513305664062,ibtracs,True,2025-09-21T09:37:09+00:00,2,46.9897575378418,46.9897575378418,46.9897575378418,46.9897575378418,43.58610534667969,27.640933990478516,WP242025_sar_geo_20250921093709_b508ba36,61.41999816894531,55.058265686035156,WP242025,5,72.85513305664062
without_era5,sar_field_only,unet_raw_max,0.0,74.0799331665039,ibtracs,False,2025-09-21T21:31:23+00:00,2,47.37752914428711,47.37752914428711,47.37752914428711,47.37752914428711,46.05897521972656,13.710599899291992,WP242025_sar_geo_20250921213123_bfc94639,66.27999877929688,59.192657470703125,WP242025,5,74.0799331665039
without_era5,sar_field_only,unet_raw_max,0.0,59.700462341308594,ibtracs,False,2025-09-23T10:25:38+00:00,1,42.62785339355469,42.62785339355469,42.62785339355469,42.62785339355469,41.59566116333008,-7.496878147125244,WP242025_sar_geo_20250923102538_5aa662c2,56.34000015258789,49.855220794677734,WP242025,4,59.700462341308594
without_era5,sar_field_only,unet_raw_max,0.0,56.94694900512695,ibtracs,False,2025-09-23T22:18:14+00:00,2,46.518245697021484,46.518245697021484,46.518245697021484,46.518245697021484,44.9578857421875,-6.8441057205200195,WP242025_sar_geo_20250923221814_e7b45b16,80.0,49.36774444580078,WP242025,3,56.94694900512695
without_era5,sar_field_only,unet_raw_max,0.0,56.94152069091797,ibtracs,False,2025-09-23T22:18:52+00:00,2,47.6452522277832,47.6452522277832,47.6452522277832,47.6452522277832,45.95003128051758,-6.849535942077637,WP242025_sar_geo_20250923221852_6a75749b,80.0,51.13564682006836,WP242025,3,56.94152069091797
without_era5,sar_field_only,unet_raw_max,0.0,61.21883773803711,ibtracs,True,2025-10-07T20:56:17+00:00,1,42.46449661254883,42.46449661254883,42.46449661254883,42.46449661254883,41.10232162475586,22.688648223876953,WP282025_sar_geo_20251007205617_b3422293,61.79999923706055,55.649513244628906,WP282025,4,61.21883773803711
without_era5,sar_field_only,unet_raw_max,0.0,61.21883773803711,ibtracs,False,2025-10-08T08:44:08+00:00,1,38.4182014465332,38.4182014465332,38.4182014465332,38.4182014465332,37.64915466308594,8.215479850769043,WP282025_sar_geo_20251008084408_05dee5d2,48.68000030517578,46.535682678222656,WP282025,4,61.21883773803711
without_era5,sar_field_only,unet_raw_max,0.0,55.207557678222656,ibtracs,False,2025-10-08T20:31:39+00:00,1,39.11394119262695,39.11394119262695,39.11394119262695,39.11394119262695,37.41298294067383,-6.01127815246582,WP282025_sar_geo_20251008203139_134d70ed,59.2400016784668,56.240962982177734,WP282025,3,55.207557678222656
without_era5,sar_field_only,unet_raw_max,0.0,46.24051284790039,ibtracs,False,2025-10-09T08:20:12+00:00,1,35.283023834228516,35.283023834228516,35.283023834228516,35.283023834228516,33.693275451660156,-14.978322982788086,WP282025_sar_geo_20251009082012_18810889,56.439998626708984,54.309810638427734,WP282025,2,46.24051284790039
without_era5,sar_robust_peak,joint_unet_mlp,1.3587303161621094,18.20888900756836,sar_robust_peak,False,2025-06-29T12:23:43+00:00,0,23.83965301513672,22.48092269897461,24.751014709472656,22.48092269897461,22.48092269897461,,AL022025_sar_geo_20250629122343_2019fb4c,26.75994873046875,20.296344757080078,AL022025,0,20.296344757080078
without_era5,sar_robust_peak,joint_unet_mlp,-2.0353565216064453,17.183143615722656,sar_robust_peak,False,2025-06-30T00:38:22+00:00,0,23.105327606201172,25.140684127807617,25.93085479736328,25.140684127807617,25.140684127807617,3.9930858612060547,AL022025_sar_geo_20250630003822_9f8d8538,38.099998474121094,18.442907333374023,AL022025,0,18.442907333374023
without_era5,sar_robust_peak,joint_unet_mlp,3.7374725341796875,25.722200393676758,sar_robust_peak,False,2023-06-24T09:11:41+00:00,0,30.27965545654297,26.54218292236328,29.035770416259766,26.54218292236328,26.54218292236328,3.53432559967041,AL042023_sar_geo_20230624091141_fc94d478,32.65999221801758,26.53125,AL042023,0,26.53125
without_era5,sar_robust_peak,joint_unet_mlp,-0.21962928771972656,24.210735321044922,sar_robust_peak,False,2023-06-24T21:56:17+00:00,0,21.082538604736328,21.302167892456055,22.24365997314453,21.302167892456055,21.302167892456055,1.0607548952102661,AL042023_sar_geo_20230624215617_3236b686,47.7400016784668,26.545425415039062,AL042023,0,26.545425415039062
without_era5,sar_robust_peak,joint_unet_mlp,-0.01633453369140625,21.681528091430664,sar_robust_peak,False,2023-06-25T09:51:16+00:00,0,20.494548797607422,20.510883331298828,21.327072143554688,20.510883331298828,20.510883331298828,-4.0406718254089355,AL042023_sar_geo_20230625095116_dad4ab5b,28.200000762939453,25.516326904296875,AL042023,0,25.516326904296875
without_era5,sar_robust_peak,joint_unet_mlp,1.5062789916992188,24.937578201293945,sar_robust_peak,False,2025-09-25T09:42:44+00:00,0,25.05685806274414,23.550579071044922,24.437870025634766,23.550579071044922,23.550579071044922,,AL082025_sar_geo_20250925094244_08e44ad7,27.859996795654297,21.703502655029297,AL082025,0,21.703502655029297
without_era5,sar_robust_peak,joint_unet_mlp,5.473628997802734,55.86671447753906,sar_robust_peak,True,2025-09-26T22:04:44+00:00,2,47.807525634765625,42.33389663696289,52.249568939208984,42.33389663696289,42.33389663696289,25.65894317626953,AL082025_sar_geo_20250926220444_2d00f032,55.41999816894531,48.242061614990234,AL082025,2,48.242061614990234
without_era5,sar_robust_peak,joint_unet_mlp,4.515804290771484,55.90815353393555,sar_robust_peak,True,2025-09-26T22:06:11+00:00,3,52.229583740234375,47.71377944946289,58.9102668762207,47.71377944946289,47.71377944946289,25.692094802856445,AL082025_sar_geo_20250926220611_04532c06,51.36000061035156,46.63326644897461,AL082025,2,46.63326644897461
without_era5,sar_robust_peak,joint_unet_mlp,10.213653564453125,66.18160247802734,sar_robust_peak,True,2025-09-27T09:58:13+00:00,2,48.97271728515625,38.759063720703125,44.22806930541992,38.759063720703125,38.759063720703125,26.76637840270996,AL082025_sar_geo_20250927095813_d513fd6c,69.83999633789062,56.139591217041016,AL082025,3,56.139591217041016
without_era5,sar_robust_peak,joint_unet_mlp,6.902801513671875,72.02216339111328,sar_robust_peak,True,2025-09-27T22:14:16+00:00,3,54.545982360839844,47.64318084716797,54.20579147338867,47.64318084716797,47.64318084716797,15.88298225402832,AL082025_sar_geo_20250927221416_59358115,68.66000366210938,57.38515853881836,AL082025,3,57.38515853881836
without_era5,sar_robust_peak,joint_unet_mlp,8.016727447509766,65.934814453125,sar_robust_peak,False,2025-09-28T10:05:59+00:00,3,53.11442565917969,45.09769821166992,50.22981643676758,45.09769821166992,45.09769821166992,-0.29118484258651733,AL082025_sar_geo_20250928100559_707f4766,58.29999923706055,51.569278717041016,AL082025,3,51.569278717041016
without_era5,sar_robust_peak,joint_unet_mlp,9.372631072998047,62.5663948059082,sar_robust_peak,False,2025-09-28T22:22:50+00:00,3,51.79554748535156,42.422916412353516,45.111507415771484,42.422916412353516,42.422916412353516,-9.455766677856445,AL082025_sar_geo_20250928222250_60332831,57.599998474121094,53.99726104736328,AL082025,3,53.99726104736328
without_era5,sar_robust_peak,joint_unet_mlp,10.691478729248047,63.696075439453125,sar_robust_peak,False,2025-09-29T10:13:23+00:00,2,46.066162109375,35.37468338012695,36.70509719848633,35.37468338012695,35.37468338012695,-2.1329896450042725,AL082025_sar_geo_20250929101323_61e03351,56.5,49.547393798828125,AL082025,3,49.547393798828125
without_era5,sar_robust_peak,joint_unet_mlp,-0.8047256469726562,53.46254348754883,sar_robust_peak,False,2025-09-29T22:31:44+00:00,0,30.82061767578125,31.625343322753906,32.02217102050781,31.625343322753906,31.625343322753906,-9.027539253234863,AL082025_sar_geo_20250929223144_b6a1244f,58.15999984741211,50.252620697021484,AL082025,3,50.252620697021484
without_era5,sar_robust_peak,joint_unet_mlp,5.372648239135742,53.445396423339844,sar_robust_peak,False,2025-09-29T22:32:29+00:00,0,27.72902488708496,22.35637664794922,22.995880126953125,22.35637664794922,22.35637664794922,-9.038256645202637,AL082025_sar_geo_20250929223229_4e0b44ba,62.34000015258789,53.213584899902344,AL082025,3,53.213584899902344
without_era5,sar_robust_peak,joint_unet_mlp,4.689062118530273,38.4094352722168,sar_robust_peak,False,2025-09-30T10:36:05+00:00,0,26.8867244720459,22.197662353515625,22.887054443359375,22.197662353515625,22.197662353515625,-25.416391372680664,AL082025_sar_geo_20250930103605_996c3d15,39.959999084472656,38.323768615722656,AL082025,1,38.323768615722656
without_era5,sar_robust_peak,joint_unet_mlp,1.222381591796875,36.01108169555664,sar_robust_peak,False,2025-09-30T22:41:16+00:00,0,23.37569808959961,22.153316497802734,22.47846031188965,22.153316497802734,22.153316497802734,-17.23349380493164,AL082025_sar_geo_20250930224116_f96a335d,40.86000061035156,37.576480865478516,AL082025,1,37.576480865478516
without_era5,sar_robust_peak,joint_unet_mlp,6.78099250793457,34.248538970947266,sar_robust_peak,False,2025-10-01T10:25:34+00:00,1,33.41053771972656,26.629545211791992,26.933677673339844,26.629545211791992,26.629545211791992,-4.461467742919922,AL082025_sar_geo_20251001102534_7c316d67,38.15999984741211,36.33675765991211,AL082025,1,36.33675765991211
without_era5,sar_robust_peak,joint_unet_mlp,4.971658706665039,25.665515899658203,sar_robust_peak,False,2024-09-24T23:50:05+00:00,0,29.549598693847656,24.577939987182617,25.339275360107422,24.577939987182617,24.577939987182617,7.659976005554199,AL092024_sar_geo_20240924235005_f6c42560,34.099998474121094,25.84740447998047,AL092024,0,25.84740447998047
without_era5,sar_robust_peak,joint_unet_mlp,3.222412109375,33.20021438598633,sar_robust_peak,False,2024-09-25T11:43:18+00:00,2,43.132972717285156,39.910560607910156,41.2875862121582,39.910560607910156,39.910560607910156,12.717912673950195,AL092024_sar_geo_20240925114318_182f4c98,38.81999969482422,32.314483642578125,AL092024,0,32.314483642578125
without_era5,sar_robust_peak,joint_unet_mlp,9.90350341796875,36.01108169555664,sar_robust_peak,False,2024-09-25T23:58:53+00:00,1,33.5642204284668,23.660717010498047,26.477725982666016,23.660717010498047,23.660717010498047,10.295263290405273,AL092024_sar_geo_20240925235853_bb2fffd5,38.32500076293945,32.80063247680664,AL092024,0,32.80063247680664
without_era5,sar_robust_peak,joint_unet_mlp,3.0735702514648438,43.58650588989258,sar_robust_peak,False,2024-09-26T11:50:07+00:00,1,39.595741271972656,36.52217102050781,37.065067291259766,36.52217102050781,36.52217102050781,10.288880348205566,AL092024_sar_geo_20240926115007_1dfc3535,41.63999938964844,35.869930267333984,AL092024,1,35.869930267333984
without_era5,sar_robust_peak,joint_unet_mlp,7.970348358154297,61.2578010559082,sar_robust_peak,True,2024-09-26T23:36:14+00:00,3,52.44471740722656,44.474369049072266,46.9382209777832,44.474369049072266,44.474369049072266,25.246721267700195,AL092024_sar_geo_20240926233614_4c4a4e8d,56.41999816894531,52.753684997558594,AL092024,3,52.753684997558594
without_era5,sar_robust_peak,joint_unet_mlp,8.857349395751953,61.27547073364258,sar_robust_peak,True,2024-09-26T23:37:07+00:00,3,50.11512756347656,41.25777816772461,43.54323959350586,41.25777816772461,41.25777816772461,25.264392852783203,AL092024_sar_geo_20240926233707_ba644eb1,53.97999954223633,51.04243469238281,AL092024,3,51.04243469238281
without_era5,sar_robust_peak,joint_unet_mlp,7.796974182128906,61.300479888916016,sar_robust_peak,True,2024-09-26T23:38:22+00:00,3,52.701416015625,44.904441833496094,47.46395492553711,44.904441833496094,44.904441833496094,25.289400100708008,AL092024_sar_geo_20240926233822_7d97bd32,55.97999954223633,51.9205207824707,AL092024,3,51.9205207824707
without_era5,sar_robust_peak,joint_unet_mlp,0.8155803680419922,27.9754638671875,sar_robust_peak,False,2025-09-29T23:04:12+00:00,0,25.375581741333008,24.560001373291016,25.42559051513672,24.560001373291016,24.560001373291016,9.969924926757812,AL092025_sar_geo_20250929230412_3b893bbb,33.125,25.969348907470703,AL092025,0,25.969348907470703
without_era5,sar_robust_peak,joint_unet_mlp,6.425113677978516,36.01108169555664,sar_robust_peak,False,2025-09-30T23:11:51+00:00,1,39.48926544189453,33.064151763916016,34.9842414855957,33.064151763916016,33.064151763916016,7.99188756942749,AL092025_sar_geo_20250930231151_62ee93bd,37.7400016784668,33.46464538574219,AL092025,1,33.46464538574219
without_era5,sar_robust_peak,joint_unet_mlp,6.133459091186523,37.67373275756836,sar_robust_peak,False,2025-10-02T10:03:39+00:00,0,31.488178253173828,25.354719161987305,25.905698776245117,25.354719161987305,25.354719161987305,-2.8167238235473633,AL092025_sar_geo_20251002100339_1686cf44,55.81999969482422,47.7620964050293,AL092025,2,47.7620964050293
without_era5,sar_robust_peak,joint_unet_mlp,13.058448791503906,23.149980545043945,sar_robust_peak,False,2024-09-26T09:38:24+00:00,1,33.14424514770508,20.085796356201172,20.85340118408203,20.085796356201172,20.085796356201172,0.0,AL102024_sar_geo_20240926093824_136192f5,30.619998931884766,26.88939666748047,AL102024,0,26.88939666748047
without_era5,sar_robust_peak,joint_unet_mlp,10.70974349975586,27.43263053894043,sar_robust_peak,False,2024-09-26T21:29:14+00:00,0,32.60951614379883,21.89977264404297,25.265228271484375,21.89977264404297,21.89977264404297,4.282650947570801,AL102024_sar_geo_20240926212914_03bcc908,34.779998779296875,28.738861083984375,AL102024,0,28.738861083984375
without_era5,sar_robust_peak,joint_unet_mlp,12.082075119018555,32.48942565917969,sar_robust_peak,False,2024-09-27T09:13:54+00:00,0,32.151824951171875,20.06974983215332,20.476123809814453,20.06974983215332,20.06974983215332,9.339445114135742,AL102024_sar_geo_20240927091354_3a788dd8,36.91999816894531,34.587730407714844,AL102024,1,34.587730407714844
without_era5,sar_robust_peak,joint_unet_mlp,10.291862487792969,46.29996109008789,sar_robust_peak,False,2024-09-28T08:49:27+00:00,2,45.700042724609375,35.408180236816406,36.610652923583984,35.408180236816406,35.408180236816406,13.980443954467773,AL102024_sar_geo_20240928084927_9b67e147,43.02000045776367,41.03065872192383,AL102024,1,41.03065872192383
without_era5,sar_robust_peak,joint_unet_mlp,11.277158737182617,35.18644714355469,sar_robust_peak,False,2024-09-29T08:24:16+00:00,0,32.39716720581055,21.12000846862793,21.83580780029297,21.12000846862793,21.12000846862793,-11.11351490020752,AL102024_sar_geo_20240929082416_cf0e50b0,38.34000015258789,35.84708786010742,AL102024,1,35.84708786010742
without_era5,sar_robust_peak,joint_unet_mlp,7.700571060180664,30.07201385498047,sar_robust_peak,False,2024-09-29T20:19:01+00:00,0,31.875486373901367,24.174915313720703,25.456117630004883,24.174915313720703,24.174915313720703,-11.669161796569824,AL102024_sar_geo_20240929201901_eceb8b95,37.47999954223633,34.81792068481445,AL102024,1,34.81792068481445
without_era5,sar_robust_peak,joint_unet_mlp,4.753129959106445,22.25275230407715,sar_robust_peak,False,2025-10-07T21:23:02+00:00,0,26.9515380859375,22.198408126831055,24.206642150878906,22.198408126831055,22.198408126831055,,AL102025_sar_geo_20251007212302_65a32d77,31.35999870300293,28.337852478027344,AL102025,0,28.337852478027344
without_era5,sar_robust_peak,joint_unet_mlp,4.73628044128418,26.01824378967285,sar_robust_peak,False,2025-10-08T09:20:43+00:00,0,22.69178009033203,17.95549964904785,19.252601623535156,17.95549964904785,17.95549964904785,6.350954055786133,AL102025_sar_geo_20251008092043_77759e8c,33.619998931884766,29.984731674194336,AL102025,0,29.984731674194336
without_era5,sar_robust_peak,joint_unet_mlp,-1.0718517303466797,25.722200393676758,sar_robust_peak,False,2025-10-09T22:12:45+00:00,0,21.030441284179688,22.102293014526367,22.957807540893555,22.102293014526367,22.102293014526367,-2.5722200870513916,AL102025_sar_geo_20251009221245_f4761526,31.220003128051758,27.99546241760254,AL102025,0,27.99546241760254
without_era5,sar_robust_peak,joint_unet_mlp,3.284444808959961,25.722200393676758,sar_robust_peak,False,2025-10-10T10:05:06+00:00,0,20.448078155517578,17.163633346557617,18.321443557739258,17.163633346557617,17.163633346557617,-0.985160231590271,AL102025_sar_geo_20251010100506_5c04fb1b,24.438796997070312,23.330018997192383,AL102025,0,23.330018997192383
without_era5,sar_robust_peak,joint_unet_mlp,-1.7733287811279297,25.722200393676758,sar_robust_peak,False,2025-10-10T22:21:57+00:00,0,20.599407196044922,22.37273597717285,23.594892501831055,22.37273597717285,22.37273597717285,0.0,AL102025_sar_geo_20251010222157_3cb50cd4,40.099998474121094,29.378992080688477,AL102025,0,29.378992080688477
without_era5,sar_robust_peak,joint_unet_mlp,6.983991622924805,23.149980545043945,sar_robust_peak,False,2025-10-11T10:13:58+00:00,1,36.08190155029297,29.097909927368164,30.591304779052734,29.097909927368164,29.097909927368164,-2.5722200870513916,AL102025_sar_geo_20251011101358_f6a30809,33.18000030517578,22.940021514892578,AL102025,0,22.940021514892578
without_era5,sar_robust_peak,joint_unet_mlp,-5.563045501708984,45.82767105102539,sar_robust_peak,True,2024-11-06T11:26:57+00:00,0,32.38359832763672,37.9466438293457,41.3364372253418,37.9466438293457,37.9466438293457,20.294387817382812,AL182024_sar_geo_20241106112657_5c0e7c84,46.68000030517578,42.82679748535156,AL182024,2,42.82679748535156
without_era5,sar_robust_peak,joint_unet_mlp,0.6459236145019531,49.17279052734375,sar_robust_peak,False,2024-11-06T23:40:43+00:00,0,29.412776947021484,28.76685333251953,30.671703338623047,28.76685333251953,28.76685333251953,13.437273025512695,AL182024_sar_geo_20241106234043_5d0cd6d0,50.380001068115234,42.11057662963867,AL182024,1,42.11057662963867
without_era5,sar_robust_peak,joint_unet_mlp,1.4127864837646484,49.1434326171875,sar_robust_peak,False,2024-11-06T23:42:36+00:00,0,31.888303756713867,30.47551727294922,32.46974182128906,30.47551727294922,30.47551727294922,13.381000518798828,AL182024_sar_geo_20241106234236_1f54d7b2,54.099998474121094,44.40436553955078,AL182024,2,44.40436553955078
without_era5,sar_robust_peak,joint_unet_mlp,1.0922050476074219,49.12030792236328,sar_robust_peak,False,2024-11-06T23:44:05+00:00,0,31.98705291748047,30.894847869873047,32.67121887207031,30.894847869873047,30.894847869873047,13.336679458618164,AL182024_sar_geo_20241106234405_6e8a2b86,54.119998931884766,47.42927169799805,AL182024,2,47.42927169799805
without_era5,sar_robust_peak,joint_unet_mlp,0.7632560729980469,46.29996109008789,sar_robust_peak,False,2024-11-07T11:34:27+00:00,1,39.512760162353516,38.74950408935547,40.46942138671875,38.74950408935547,38.74950408935547,0.3651123344898224,AL182024_sar_geo_20241107113427_6c78673a,52.459999084472656,47.70045471191406,AL182024,2,47.70045471191406
without_era5,sar_robust_peak,joint_unet_mlp,7.6456146240234375,46.29996109008789,sar_robust_peak,False,2024-11-07T23:51:05+00:00,2,47.99182891845703,40.346214294433594,43.64584732055664,40.346214294433594,40.346214294433594,-2.711223840713501,AL182024_sar_geo_20241107235105_7cb0f20e,48.119998931884766,45.014564514160156,AL182024,2,45.014564514160156
without_era5,sar_robust_peak,joint_unet_mlp,3.2295303344726562,33.456390380859375,sar_robust_peak,False,2024-11-08T23:59:14+00:00,0,26.107728958129883,22.878198623657227,23.90903091430664,22.878198623657227,22.878198623657227,-12.843570709228516,AL182024_sar_geo_20241108235914_8a172b82,46.040000915527344,37.65009689331055,AL182024,1,37.65009689331055
without_era5,sar_robust_peak,joint_unet_mlp,0.6217479705810547,25.80436897277832,sar_robust_peak,False,2024-11-09T11:50:25+00:00,0,23.218095779418945,22.59634780883789,23.769790649414062,22.59634780883789,22.59634780883789,-23.20475959777832,AL182024_sar_geo_20241109115025_a47eebe7,36.900001525878906,30.126853942871094,AL182024,0,30.126853942871094
without_era5,sar_robust_peak,joint_unet_mlp,0.9221096038818359,20.519838333129883,sar_robust_peak,False,2024-11-10T00:10:08+00:00,0,21.78982162475586,20.867712020874023,22.762611389160156,20.867712020874023,20.867712020874023,-12.774215698242188,AL182024_sar_geo_20241110001008_2b803752,30.479999542236328,25.998462677001953,AL182024,0,25.998462677001953
without_era5,sar_robust_peak,joint_unet_mlp,2.427091598510742,18.00554084777832,sar_robust_peak,False,2024-11-10T11:58:06+00:00,0,19.088159561157227,16.661067962646484,17.027273178100586,16.661067962646484,16.661067962646484,-7.732950687408447,AL182024_sar_geo_20241110115806_c5d91f61,30.91888427734375,17.999176025390625,AL182024,0,17.999176025390625
without_era5,sar_robust_peak,joint_unet_mlp,11.835319519042969,38.58330154418945,sar_robust_peak,False,2023-06-29T13:04:56+00:00,1,35.919029235839844,24.083709716796875,25.808197021484375,24.083709716796875,24.083709716796875,4.587697505950928,EP012023_sar_geo_20230629130456_9d69b2fc,38.599998474121094,36.31546401977539,EP012023,1,36.31546401977539
without_era5,sar_robust_peak,joint_unet_mlp,10.825767517089844,46.29996109008789,sar_robust_peak,False,2023-06-30T13:12:49+00:00,1,38.63719177246094,27.811424255371094,29.812175750732422,27.811424255371094,27.811424255371094,7.716660022735596,EP012023_sar_geo_20230630131249_66c8cd8c,43.15999984741211,38.57410430908203,EP012023,1,38.57410430908203
without_era5,sar_robust_peak,joint_unet_mlp,1.2208385467529297,28.29442024230957,sar_robust_peak,False,2025-08-01T02:13:07+00:00,0,27.26970863342285,26.048870086669922,28.76650619506836,26.048870086669922,26.048870086669922,9.147528648376465,EP072025_sar_geo_20250801021307_8951090d,28.525001525878906,25.266023635864258,EP072025,0,25.266023635864258
without_era5,sar_robust_peak,joint_unet_mlp,-9.80756950378418,33.43886184692383,sar_robust_peak,False,2025-08-02T02:21:52+00:00,0,25.68070411682129,35.48827362060547,36.53438949584961,35.48827362060547,35.48827362060547,5.144440174102783,EP072025_sar_geo_20250802022152_23b97394,33.459999084472656,31.609230041503906,EP072025,0,31.609230041503906
without_era5,sar_robust_peak,joint_unet_mlp,-0.21610450744628906,32.65681076049805,sar_robust_peak,False,2025-08-02T14:16:49+00:00,0,27.496122360229492,27.71222686767578,30.350013732910156,27.71222686767578,27.71222686767578,3.189314603805542,EP072025_sar_geo_20250802141649_e9600fe9,34.0,32.232173919677734,EP072025,0,32.232173919677734
without_era5,sar_robust_peak,joint_unet_mlp,4.687253952026367,27.24152374267578,sar_robust_peak,False,2025-08-03T03:02:48+00:00,0,26.74500274658203,22.057748794555664,23.91299819946289,22.057748794555664,22.057748794555664,-6.197335243225098,EP072025_sar_geo_20250803030248_1ccccbaf,30.81999969482422,28.60904312133789,EP072025,0,28.60904312133789
without_era5,sar_robust_peak,joint_unet_mlp,5.846529006958008,23.149980545043945,sar_robust_peak,False,2025-08-05T02:13:12+00:00,0,32.070945739746094,26.224416732788086,27.149784088134766,26.224416732788086,26.224416732788086,,EP082025_sar_geo_20250805021312_5901b79b,26.499990463256836,24.82594871520996,EP082025,0,24.82594871520996
without_era5,sar_robust_peak,joint_unet_mlp,0.16954803466796875,23.149980545043945,sar_robust_peak,False,2025-08-05T14:09:24+00:00,0,25.0120792388916,24.842531204223633,26.307695388793945,24.842531204223633,24.842531204223633,4.034955978393555,EP082025_sar_geo_20250805140924_db0bcc3b,27.479997634887695,25.81668472290039,EP082025,0,25.81668472290039
without_era5,sar_robust_peak,joint_unet_mlp,11.302713394165039,23.149980545043945,sar_robust_peak,False,2025-08-07T03:02:13+00:00,0,29.871097564697266,18.568384170532227,19.37986946105957,18.568384170532227,18.568384170532227,0.0,EP082025_sar_geo_20250807030213_52172340,23.57967185974121,22.859434127807617,EP082025,0,22.859434127807617
without_era5,sar_robust_peak,joint_unet_mlp,-0.09335708618164062,20.624441146850586,sar_robust_peak,False,2025-08-07T14:56:44+00:00,0,23.037647247314453,23.131004333496094,24.01302719116211,23.131004333496094,23.131004333496094,-2.525538921356201,EP082025_sar_geo_20250807145644_31bd62e0,22.598384857177734,19.2292423248291,EP082025,0,19.2292423248291
without_era5,sar_robust_peak,joint_unet_mlp,6.070625305175781,17.23149299621582,sar_robust_peak,False,2025-08-09T15:44:35+00:00,0,25.044921875,18.97429656982422,20.05613136291504,18.97429656982422,18.97429656982422,0.6371008157730103,EP082025_sar_geo_20250809154435_526418b6,23.359994888305664,20.623403549194336,EP082025,0,20.623403549194336
without_era5,sar_robust_peak,joint_unet_mlp,7.975484848022461,22.46662712097168,sar_robust_peak,False,2025-08-10T04:00:27+00:00,0,29.866897583007812,21.89141273498535,24.359529495239258,21.89141273498535,21.89141273498535,7.033307075500488,EP082025_sar_geo_20250810040027_fac1c713,30.600000381469727,26.777254104614258,EP082025,0,26.777254104614258
without_era5,sar_robust_peak,joint_unet_mlp,1.4871387481689453,18.00554084777832,sar_robust_peak,False,2025-08-31T13:53:40+00:00,0,23.892513275146484,22.40537452697754,23.770984649658203,22.40537452697754,22.40537452697754,,EP112025_sar_geo_20250831135340_50cc57bc,25.478801727294922,18.667150497436523,EP112025,0,18.667150497436523
without_era5,sar_robust_peak,joint_unet_mlp,7.296745300292969,20.577760696411133,sar_robust_peak,False,2025-09-01T02:37:32+00:00,1,34.05622482299805,26.759479522705078,28.809072494506836,26.759479522705078,26.759479522705078,5.144440174102783,EP112025_sar_geo_20250901023732_00244e32,23.953760147094727,19.280054092407227,EP112025,0,19.280054092407227
without_era5,sar_robust_peak,joint_unet_mlp,2.642484664916992,30.657766342163086,sar_robust_peak,False,2025-09-02T02:45:23+00:00,1,33.0161018371582,30.37361717224121,32.859893798828125,30.37361717224121,30.37361717224121,10.08000659942627,EP112025_sar_geo_20250902024523_0597f171,32.560001373291016,30.432666778564453,EP112025,0,30.432666778564453
without_era5,sar_robust_peak,joint_unet_mlp,5.283687591552734,39.879268646240234,sar_robust_peak,False,2025-09-02T14:31:09+00:00,1,34.02629089355469,28.742603302001953,31.475467681884766,28.742603302001953,28.742603302001953,14.569339752197266,EP112025_sar_geo_20250902143109_15133331,40.619998931884766,36.63118362426758,EP112025,1,36.63118362426758
without_era5,sar_robust_peak,joint_unet_mlp,6.824317932128906,64.30549621582031,sar_robust_peak,True,2025-09-04T03:01:20+00:00,2,47.19048309326172,40.36616516113281,44.51345443725586,40.36616516113281,40.36616516113281,18.00554084777832,EP112025_sar_geo_20250904030120_36e6b792,58.900001525878906,53.88230514526367,EP112025,3,53.88230514526367
without_era5,sar_robust_peak,joint_unet_mlp,9.280216217041016,52.952720642089844,sar_robust_peak,False,2025-09-05T14:55:55+00:00,2,48.50595474243164,39.225738525390625,43.64847183227539,39.225738525390625,39.225738525390625,-6.208338737487793,EP112025_sar_geo_20250905145555_b621c593,48.65999984741211,44.48773956298828,EP112025,2,44.48773956298828
without_era5,sar_robust_peak,joint_unet_mlp,10.780860900878906,53.02250289916992,sar_robust_peak,False,2025-09-05T15:06:05+00:00,2,49.09740447998047,38.31654357910156,42.385765075683594,38.31654357910156,38.31654357910156,-6.138555526733398,EP112025_sar_geo_20250905150605_f70970d3,51.959999084472656,44.34177780151367,EP112025,2,44.34177780151367
without_era5,sar_robust_peak,joint_unet_mlp,4.219329833984375,60.8060417175293,sar_robust_peak,False,2025-09-06T03:17:47+00:00,2,49.25092315673828,45.031593322753906,55.94447708129883,45.031593322753906,45.031593322753906,5.398565769195557,EP112025_sar_geo_20250906031747_a0f470c3,53.68000030517578,48.07802200317383,EP112025,2,48.07802200317383
without_era5,sar_robust_peak,joint_unet_mlp,3.679046630859375,60.841670989990234,sar_robust_peak,False,2025-09-06T03:24:01+00:00,3,49.557701110839844,45.87865447998047,56.469486236572266,45.87865447998047,45.87865447998047,5.487640857696533,EP112025_sar_geo_20250906032401_30e03b1e,54.08000183105469,48.24021530151367,EP112025,2,48.24021530151367
without_era5,sar_robust_peak,joint_unet_mlp,6.951175689697266,56.58884048461914,sar_robust_peak,False,2025-09-06T15:13:56+00:00,2,45.703514099121094,38.75233840942383,44.8390007019043,38.75233840942383,38.75233840942383,3.5214643478393555,EP112025_sar_geo_20250906151356_04821eb9,50.959999084472656,46.29977798461914,EP112025,2,46.29977798461914
without_era5,sar_robust_peak,joint_unet_mlp,3.729137420654297,57.84151077270508,sar_robust_peak,False,2025-09-07T03:33:54+00:00,3,50.43247985839844,46.70334243774414,59.0999870300293,46.70334243774414,46.70334243774414,-3.056654691696167,EP112025_sar_geo_20250907033354_b508e3f3,55.36000061035156,47.101844787597656,EP112025,2,47.101844787597656
without_era5,sar_robust_peak,joint_unet_mlp,13.933399200439453,51.13240051269531,sar_robust_peak,False,2025-09-07T15:21:50+00:00,2,46.573944091796875,32.64054489135742,38.066219329833984,32.64054489135742,32.64054489135742,-5.4564409255981445,EP112025_sar_geo_20250907152150_44831e4a,52.34000015258789,44.898902893066406,EP112025,2,44.898902893066406
without_era5,sar_robust_peak,joint_unet_mlp,12.561857223510742,51.05809020996094,sar_robust_peak,False,2025-09-07T15:27:02+00:00,2,43.74055862426758,31.178701400756836,35.31325149536133,31.178701400756836,31.178701400756836,-5.530749320983887,EP112025_sar_geo_20250907152702_516cb755,46.79999923706055,42.14361572265625,EP112025,1,42.14361572265625
without_era5,sar_robust_peak,joint_unet_mlp,8.997720718383789,47.35714340209961,sar_robust_peak,False,2025-09-08T03:56:42+00:00,1,32.95342254638672,23.95570182800293,25.2226619720459,23.95570182800293,23.95570182800293,-10.288880348205566,EP112025_sar_geo_20250908035642_aba9a661,45.7400016784668,41.26231384277344,EP112025,1,41.26231384277344
without_era5,sar_robust_peak,joint_unet_mlp,6.003225326538086,47.271400451660156,sar_robust_peak,False,2025-09-08T04:06:42+00:00,1,33.6398811340332,27.636655807495117,28.932254791259766,27.636655807495117,27.636655807495117,-10.288880348205566,EP112025_sar_geo_20250908040642_4064952a,44.70000076293945,38.03972244262695,EP112025,1,38.03972244262695
without_era5,sar_robust_peak,joint_unet_mlp,4.291316986083984,42.17869186401367,sar_robust_peak,False,2025-09-08T16:00:40+00:00,0,29.43524742126465,25.143930435180664,26.2767276763916,25.143930435180664,25.143930435180664,-8.398775100708008,EP112025_sar_geo_20250908160040_97c65dbe,38.15999984741211,33.663917541503906,EP112025,1,33.663917541503906
without_era5,sar_robust_peak,joint_unet_mlp,9.056177139282227,28.10883903503418,sar_robust_peak,False,2025-09-09T04:15:37+00:00,0,31.343482971191406,22.28730583190918,23.27610206604004,22.28730583190918,22.28730583190918,-19.086111068725586,EP112025_sar_geo_20250909041537_5b813509,28.719999313354492,26.119365692138672,EP112025,0,26.119365692138672
without_era5,sar_robust_peak,joint_unet_mlp,3.7888336181640625,20.577760696411133,sar_robust_peak,False,2025-09-09T16:08:11+00:00,0,25.77019500732422,21.981361389160156,22.954044342041016,21.981361389160156,21.981361389160156,-21.536483764648438,EP112025_sar_geo_20250909160811_93d58b53,22.379152297973633,20.639429092407227,EP112025,0,20.639429092407227
without_era5,sar_robust_peak,joint_unet_mlp,6.467987060546875,18.00554084777832,sar_robust_peak,False,2025-09-10T04:32:26+00:00,0,28.112503051757812,21.644515991210938,21.86219024658203,21.644515991210938,21.644515991210938,-9.718799591064453,EP112025_sar_geo_20250910043226_d511f8a6,22.29558563232422,21.114418029785156,EP112025,0,21.114418029785156
without_era5,sar_robust_peak,joint_unet_mlp,5.293510437011719,17.02028465270996,sar_robust_peak,False,2024-11-03T02:52:22+00:00,0,22.331951141357422,17.038440704345703,18.029991149902344,17.038440704345703,17.038440704345703,0.10908117890357971,EP132024_sar_geo_20241103025222_0b408406,29.4999942779541,19.52695655822754,EP132024,0,19.52695655822754
without_era5,sar_robust_peak,joint_unet_mlp,1.176401138305664,21.506473541259766,sar_robust_peak,False,2025-10-01T01:48:19+00:00,0,24.271347045898438,23.094945907592773,24.705028533935547,23.094945907592773,23.094945907592773,6.073154449462891,EP152025_sar_geo_20251001014819_ecce4d81,22.797077178955078,20.27893829345703,EP152025,0,20.27893829345703
without_era5,sar_robust_peak,joint_unet_mlp,8.722373962402344,28.29442024230957,sar_robust_peak,False,2025-10-02T01:56:42+00:00,1,36.89581298828125,28.173439025878906,30.27977752685547,28.173439025878906,28.173439025878906,6.716066360473633,EP152025_sar_geo_20251002015642_c698cb8c,33.900001525878906,29.120439529418945,EP152025,0,29.120439529418945
without_era5,sar_robust_peak,joint_unet_mlp,5.117565155029297,24.19444465637207,sar_robust_peak,False,2025-10-03T14:01:49+00:00,0,32.272178649902344,27.154613494873047,28.89303207397461,27.154613494873047,27.154613494873047,-4.0999755859375,EP152025_sar_geo_20251003140149_960deafc,28.145071029663086,23.714588165283203,EP152025,0,23.714588165283203
without_era5,sar_robust_peak,joint_unet_mlp,-0.5629081726074219,25.722200393676758,sar_robust_peak,False,2025-10-04T02:13:11+00:00,0,21.43984603881836,22.00275421142578,24.185558319091797,22.00275421142578,22.00275421142578,0.7612818479537964,EP152025_sar_geo_20251004021311_4c850972,20.299226760864258,19.292953491210938,EP152025,0,19.292953491210938
without_era5,sar_robust_peak,joint_unet_mlp,5.891841888427734,37.072547912597656,sar_robust_peak,False,2025-10-05T14:03:48+00:00,2,43.03492736816406,37.14308547973633,38.91958999633789,37.14308547973633,37.14308547973633,8.778129577636719,EP152025_sar_geo_20251005140348_c360bcf0,43.31999969482422,37.018798828125,EP152025,1,37.018798828125
without_era5,sar_robust_peak,joint_unet_mlp,5.985692977905273,40.3003044128418,sar_robust_peak,False,2025-10-06T02:29:37+00:00,1,33.90376281738281,27.91806983947754,30.48676300048828,27.91806983947754,27.91806983947754,8.150840759277344,EP152025_sar_geo_20251006022937_f3bbea1a,47.880001068115234,37.92021179199219,EP152025,1,37.92021179199219
without_era5,sar_robust_peak,joint_unet_mlp,-3.4596920013427734,29.242568969726562,sar_robust_peak,False,2025-10-06T13:53:39+00:00,0,23.835908889770508,27.29560089111328,29.710357666015625,27.29560089111328,27.29560089111328,-7.742953777313232,EP152025_sar_geo_20251006135339_68af0d71,27.599903106689453,25.37576675415039,EP152025,0,25.37576675415039
without_era5,sar_robust_peak,joint_unet_mlp,-1.1852951049804688,23.149980545043945,sar_robust_peak,False,2025-10-07T02:05:53+00:00,0,21.55004119873047,22.735336303710938,23.349328994750977,22.735336303710938,22.735336303710938,-17.285985946655273,EP152025_sar_geo_20251007020553_ee3499a4,24.97989845275879,22.91554069519043,EP152025,0,22.91554069519043
without_era5,sar_robust_peak,joint_unet_mlp,2.038562774658203,26.13375473022461,sar_robust_peak,False,2023-10-24T00:48:00+00:00,0,25.80150604248047,23.762943267822266,24.83749008178711,23.762943267822266,23.762943267822266,8.128214836120605,EP182023_sar_geo_20231024004800_e546df77,55.5,26.057025909423828,EP182023,0,26.057025909423828
without_era5,sar_robust_peak,joint_unet_mlp,7.114479064941406,69.1234130859375,sar_robust_peak,True,2023-10-25T00:52:23+00:00,3,54.866722106933594,47.75224304199219,55.16378402709961,47.75224304199219,47.75224304199219,42.95207214355469,EP182023_sar_geo_20231025005223_896d8572,59.720001220703125,49.42375183105469,EP182023,3,49.42375183105469
without_era5,sar_robust_peak,joint_unet_mlp,2.2365989685058594,18.413951873779297,sar_robust_peak,False,2024-11-29T12:47:38+00:00,1,35.348533630371094,33.111934661865234,34.05217742919922,33.111934661865234,33.111934661865234,2.9806313514709473,IO042024_sar_geo_20241129124738_26d1fed9,25.840084075927734,20.021028518676758,IO042024,0,20.021028518676758
without_era5,sar_robust_peak,joint_unet_mlp,2.0199508666992188,46.22208023071289,sar_robust_peak,True,2023-10-24T12:01:49+00:00,1,41.16545867919922,39.1455078125,41.608097076416016,39.1455078125,39.1455078125,23.046138763427734,IO062023_sar_geo_20231024120149_0c524d06,80.0,65.44290924072266,IO062023,4,65.44290924072266
without_era5,sar_robust_peak,joint_unet_mlp,6.065248489379883,27.343936920166016,sar_robust_peak,False,2024-01-25T08:46:17+00:00,1,34.507469177246094,28.44222068786621,29.256576538085938,28.44222068786621,28.44222068786621,5.340452671051025,SH072024_sar_geo_20240125084617_b51a9b24,38.540000915527344,34.80113220214844,SH072024,1,34.80113220214844
without_era5,sar_robust_peak,joint_unet_mlp,4.538612365722656,32.40449523925781,sar_robust_peak,False,2023-02-08T22:12:23+00:00,1,39.46822738647461,34.92961502075195,36.521156311035156,34.92961502075195,34.92961502075195,-13.895465850830078,SH112023_sar_geo_20230208221223_c0b8bb16,35.70000076293945,34.01755142211914,SH112023,1,34.01755142211914
without_era5,sar_robust_peak,joint_unet_mlp,2.001180648803711,26.137470245361328,sar_robust_peak,False,2023-02-09T11:11:34+00:00,0,23.77789878845215,21.776718139648438,22.77377700805664,21.776718139648438,21.776718139648438,-18.00554084777832,SH112023_sar_geo_20230209111134_f30f8ca8,31.280000686645508,28.429794311523438,SH112023,0,28.429794311523438
without_era5,sar_robust_peak,joint_unet_mlp,11.644533157348633,33.43886184692383,sar_robust_peak,False,2023-02-09T22:20:32+00:00,1,41.521461486816406,29.876928329467773,31.299530029296875,29.876928329467773,29.876928329467773,1.1508302688598633,SH112023_sar_geo_20230209222032_250d3700,45.13999938964844,38.88908767700195,SH112023,1,38.88908767700195
without_era5,sar_robust_peak,joint_unet_mlp,6.051517486572266,38.06199645996094,sar_robust_peak,False,2023-02-10T22:28:48+00:00,1,42.47453308105469,36.42301559448242,37.98781204223633,36.42301559448242,36.42301559448242,4.623136520385742,SH112023_sar_geo_20230210222848_4f1367f1,42.81999969482422,39.14099884033203,SH112023,1,39.14099884033203
without_era5,sar_robust_peak,joint_unet_mlp,8.458568572998047,55.674747467041016,sar_robust_peak,True,2023-02-11T11:28:01+00:00,2,47.123504638671875,38.66493606567383,39.67243576049805,38.66493606567383,38.66493606567383,24.53388214111328,SH112023_sar_geo_20230211112801_66c3ce02,54.7599983215332,48.290409088134766,SH112023,2,48.290409088134766
without_era5,sar_robust_peak,joint_unet_mlp,11.003475189208984,55.911964416503906,sar_robust_peak,True,2023-02-11T11:36:19+00:00,3,51.350563049316406,40.34708786010742,42.05290603637695,40.34708786010742,40.34708786010742,24.842262268066406,SH112023_sar_geo_20230211113619_713ab9a6,58.060001373291016,47.824363708496094,SH112023,2,47.824363708496094
without_era5,sar_robust_peak,joint_unet_mlp,14.849241256713867,49.24515151977539,sar_robust_peak,False,2023-02-12T23:16:30+00:00,1,39.54816436767578,24.698923110961914,25.514015197753906,24.698923110961914,24.698923110961914,-7.965307712554932,SH112023_sar_geo_20230212231630_6bf369b8,53.880001068115234,48.894439697265625,SH112023,2,48.894439697265625
without_era5,sar_robust_peak,joint_unet_mlp,15.459651947021484,41.45818328857422,sar_robust_peak,False,2023-02-13T23:24:42+00:00,1,37.527626037597656,22.067974090576172,23.22640609741211,22.067974090576172,22.067974090576172,-7.716660022735596,SH112023_sar_geo_20230213232442_e7bd4405,42.099998474121094,39.77212142944336,SH112023,1,39.77212142944336
without_era5,sar_robust_peak,joint_unet_mlp,1.4994468688964844,56.799476623535156,sar_robust_peak,False,2023-02-14T12:24:34+00:00,1,38.71327209472656,37.21382522583008,38.591217041015625,37.21382522583008,37.21382522583008,10.63994026184082,SH112023_sar_geo_20230214122434_504d62a1,54.34000015258789,51.46897888183594,SH112023,3,51.46897888183594
without_era5,sar_robust_peak,joint_unet_mlp,12.568450927734375,63.91752243041992,sar_robust_peak,True,2023-02-14T23:32:51+00:00,2,49.18940734863281,36.62095642089844,38.71271896362305,36.62095642089844,36.62095642089844,22.529216766357422,SH112023_sar_geo_20230214233251_cc5d83ed,60.20000076293945,54.030601501464844,SH112023,3,54.030601501464844
without_era5,sar_robust_peak,joint_unet_mlp,9.148441314697266,66.80645751953125,sar_robust_peak,False,2023-02-16T00:12:28+00:00,1,40.73823547363281,31.589794158935547,33.74415588378906,31.589794158935547,31.589794158935547,2.3940699100494385,SH112023_sar_geo_20230216001228_9bbc9124,65.4000015258789,57.50040817260742,SH112023,3,57.50040817260742
without_era5,sar_robust_peak,joint_unet_mlp,6.596981048583984,54.08716583251953,sar_robust_peak,True,2025-02-12T21:33:13+00:00,3,54.20748519897461,47.610504150390625,52.6904411315918,47.610504150390625,47.610504150390625,25.31807518005371,SH172025_sar_geo_20250212213313_92c883b4,70.37999725341797,56.62949752807617,SH172025,3,56.62949752807617
without_era5,sar_robust_peak,joint_unet_mlp,6.543186187744141,59.16106033325195,sar_robust_peak,False,2025-02-13T21:41:24+00:00,2,45.43698501586914,38.893798828125,40.64640808105469,38.893798828125,38.893798828125,4.676295757293701,SH172025_sar_geo_20250213214124_e8716993,60.119998931884766,49.55323028564453,SH172025,3,49.55323028564453
without_era5,sar_robust_peak,joint_unet_mlp,1.4760398864746094,20.577760696411133,sar_robust_peak,False,2023-04-10T10:08:15+00:00,0,21.785947799682617,20.309907913208008,24.026348114013672,20.309907913208008,20.309907913208008,-2.5722200870513916,SH182023_sar_geo_20230410100815_7e28c768,26.04296875,17.008670806884766,SH182023,-1,17.008670806884766
without_era5,sar_robust_peak,joint_unet_mlp,5.6725616455078125,33.929439544677734,sar_robust_peak,False,2023-04-11T10:15:57+00:00,2,44.27177429199219,38.599212646484375,39.05482864379883,38.599212646484375,38.599212646484375,13.351679801940918,SH182023_sar_geo_20230411101557_348124f1,48.97999954223633,39.89085388183594,SH182023,1,39.89085388183594
without_era5,sar_robust_peak,joint_unet_mlp,6.158229827880859,54.48676300048828,sar_robust_peak,True,2023-04-12T21:32:54+00:00,2,47.986915588378906,41.82868576049805,44.9741096496582,41.82868576049805,41.82868576049805,18.475685119628906,SH182023_sar_geo_20230412213254_daeb85a4,58.2599983215332,51.5367546081543,SH182023,3,51.5367546081543
without_era5,sar_robust_peak,joint_unet_mlp,6.488868713378906,70.72319030761719,sar_robust_peak,True,2023-04-13T10:30:54+00:00,2,48.12998962402344,41.64112091064453,43.16801071166992,41.64112091064453,41.64112091064453,28.26869773864746,SH182023_sar_geo_20230413103054_f4cd9cae,68.27999877929688,58.23680877685547,SH182023,4,58.23680877685547
without_era5,sar_robust_peak,joint_unet_mlp,8.422398567199707,18.00554084777832,sar_robust_peak,False,2025-03-20T12:00:50+00:00,0,23.135801315307617,14.71340274810791,16.910131454467773,14.71340274810791,14.71340274810791,-2.0649211406707764,SH262025_sar_geo_20250320120050_18f77f5f,17.37593650817871,16.022216796875,SH262025,-1,16.022216796875
without_era5,sar_robust_peak,joint_unet_mlp,1.7152824401855469,15.35915470123291,sar_robust_peak,False,2025-03-20T23:08:39+00:00,0,18.953838348388672,17.238555908203125,18.512691497802734,17.238555908203125,17.238555908203125,-7.790825843811035,SH262025_sar_geo_20250320230839_df8df358,21.73871421813965,20.395126342773438,SH262025,0,20.395126342773438
without_era5,sar_robust_peak,joint_unet_mlp,11.504003524780273,45.73478698730469,sar_robust_peak,True,2024-05-26T21:39:33+00:00,1,33.53378677368164,22.029783248901367,22.886180877685547,22.029783248901367,22.029783248901367,18.24318504333496,WP012024_sar_geo_20240526213933_9df56040,40.63999938964844,35.82577133178711,WP012024,1,35.82577133178711
without_era5,sar_robust_peak,joint_unet_mlp,-1.4875831604003906,43.72774124145508,sar_robust_peak,False,2024-05-27T09:52:21+00:00,0,23.85768699645996,25.34527015686035,29.63465118408203,25.34527015686035,25.34527015686035,7.698225975036621,WP012024_sar_geo_20240527095221_8e9f9c60,40.900001525878906,35.272613525390625,WP012024,1,35.272613525390625
without_era5,sar_robust_peak,joint_unet_mlp,-1.8724308013916016,35.151100158691406,sar_robust_peak,False,2024-05-28T09:29:33+00:00,0,29.477306365966797,31.3497371673584,32.55121994018555,31.3497371673584,31.3497371673584,-8.576639175415039,WP012024_sar_geo_20240528092933_c06e204a,39.060001373291016,36.184356689453125,WP012024,1,36.184356689453125
without_era5,sar_robust_peak,joint_unet_mlp,7.090333938598633,39.93971633911133,sar_robust_peak,False,2024-05-28T21:21:48+00:00,0,32.13412094116211,25.043787002563477,25.42139434814453,25.043787002563477,25.043787002563477,4.240161895751953,WP012024_sar_geo_20240528212148_22df3ab7,42.13999938964844,37.435882568359375,WP012024,1,37.435882568359375
without_era5,sar_robust_peak,joint_unet_mlp,1.634033203125,35.01763153076172,sar_robust_peak,False,2024-05-29T09:06:12+00:00,0,31.301471710205078,29.667438507080078,30.332839965820312,29.667438507080078,29.667438507080078,0.0,WP012024_sar_geo_20240529090612_d56e7ad6,39.959999084472656,37.48442077636719,WP012024,1,37.48442077636719
without_era5,sar_robust_peak,joint_unet_mlp,14.700952529907227,28.347055435180664,sar_robust_peak,False,2024-05-29T20:56:19+00:00,1,35.79449462890625,21.093542098999023,21.361934661865234,21.093542098999023,21.093542098999023,-11.800630569458008,WP012024_sar_geo_20240529205619_9d4a1090,79.12000274658203,33.07667541503906,WP012024,1,33.07667541503906
without_era5,sar_robust_peak,joint_unet_mlp,-0.5846405029296875,39.833683013916016,sar_robust_peak,True,2023-07-23T09:43:45+00:00,1,38.303714752197266,38.88835525512695,40.00196075439453,38.88835525512695,38.88835525512695,20.03473663330078,WP052023_sar_geo_20230723094345_16c82bb1,48.20000076293945,38.569480895996094,WP052023,1,38.569480895996094
without_era5,sar_robust_peak,joint_unet_mlp,4.883701324462891,63.574989318847656,sar_robust_peak,True,2023-07-24T09:52:12+00:00,2,46.67692565917969,41.7932243347168,42.97626876831055,41.7932243347168,41.7932243347168,23.499801635742188,WP052023_sar_geo_20230724095212_6c07dd16,53.779998779296875,47.79603958129883,WP052023,2,47.79603958129883
without_era5,sar_robust_peak,joint_unet_mlp,6.4969635009765625,61.733280181884766,sar_robust_peak,False,2023-07-25T10:00:51+00:00,3,50.231910705566406,43.734947204589844,44.37473678588867,43.734947204589844,43.734947204589844,-1.891153335571289,WP052023_sar_geo_20230725100051_6a4ed126,57.52000045776367,52.65974807739258,WP052023,3,52.65974807739258
without_era5,sar_robust_peak,joint_unet_mlp,6.4701995849609375,47.88854217529297,sar_robust_peak,False,2023-07-26T10:08:50+00:00,1,35.09491729736328,28.624717712402344,29.073265075683594,28.624717712402344,28.624717712402344,-13.844736099243164,WP052023_sar_geo_20230726100850_0d211749,36.900001525878906,35.53444290161133,WP052023,1,35.53444290161133
without_era5,sar_robust_peak,joint_unet_mlp,-4.099815368652344,41.155521392822266,sar_robust_peak,False,2023-07-26T22:01:56+00:00,0,28.628902435302734,32.72871780395508,32.93039321899414,32.72871780395508,32.72871780395508,-15.56059741973877,WP052023_sar_geo_20230726220156_e35acc0b,40.41999816894531,37.58406066894531,WP052023,1,37.58406066894531
without_era5,sar_robust_peak,joint_unet_mlp,-4.114519119262695,41.155521392822266,sar_robust_peak,False,2023-07-26T22:02:52+00:00,0,31.12790870666504,35.242427825927734,35.465370178222656,35.242427825927734,35.242427825927734,-15.539257049560547,WP052023_sar_geo_20230726220252_d3deb372,38.84000015258789,36.08020782470703,WP052023,1,36.08020782470703
without_era5,sar_robust_peak,joint_unet_mlp,8.199954986572266,48.51921463012695,sar_robust_peak,False,2023-07-27T10:17:39+00:00,2,44.22462463378906,36.0246696472168,36.517032623291016,36.0246696472168,36.0246696472168,0.7566613554954529,WP052023_sar_geo_20230727101739_a9e95728,44.81999969482422,41.74239730834961,WP052023,1,41.74239730834961
without_era5,sar_robust_peak,joint_unet_mlp,1.8864097595214844,20.577760696411133,sar_robust_peak,False,2024-08-12T07:55:49+00:00,0,23.428987503051758,21.542577743530273,23.062299728393555,21.542577743530273,21.542577743530273,2.5722200870513916,WP072024_sar_geo_20240812075549_e8fedc4e,21.658456802368164,20.483028411865234,WP072024,0,20.483028411865234
without_era5,sar_robust_peak,joint_unet_mlp,7.76081657409668,19.809429168701172,sar_robust_peak,False,2024-08-12T20:14:25+00:00,0,23.687517166137695,15.926700592041016,18.29118537902832,15.926700592041016,15.926700592041016,-0.7683316469192505,WP072024_sar_geo_20240812201425_1226442e,22.83545684814453,19.634958267211914,WP072024,0,19.634958267211914
without_era5,sar_robust_peak,joint_unet_mlp,6.5130767822265625,14.71900463104248,sar_robust_peak,False,2024-08-13T08:04:58+00:00,0,22.8351993560791,16.32212257385254,17.207599639892578,16.32212257385254,16.32212257385254,-5.858755111694336,WP072024_sar_geo_20240813080458_cdd218d1,21.210275650024414,15.737432479858398,WP072024,-1,15.737432479858398
without_era5,sar_robust_peak,joint_unet_mlp,8.477149963378906,25.722200393676758,sar_robust_peak,False,2023-08-26T07:54:01+00:00,1,34.35679626464844,25.87964630126953,26.541255950927734,25.87964630126953,25.87964630126953,5.144440174102783,WP082023_sar_geo_20230826075401_86c4bdd0,38.68000030517578,34.366600036621094,WP082023,1,34.366600036621094
without_era5,sar_robust_peak,joint_unet_mlp,8.706670761108398,27.52808952331543,sar_robust_peak,False,2023-08-28T08:14:04+00:00,0,31.21820068359375,22.51152992248535,24.03082275390625,22.51152992248535,22.51152992248535,-0.7663310170173645,WP082023_sar_geo_20230828081404_53227c39,33.70000076293945,31.261465072631836,WP082023,0,31.261465072631836
without_era5,sar_robust_peak,joint_unet_mlp,6.961618423461914,18.00554084777832,sar_robust_peak,False,2024-08-19T21:43:55+00:00,0,27.198204040527344,20.23658561706543,20.649906158447266,20.23658561706543,20.23658561706543,0.7778583765029907,WP102024_sar_geo_20240819214355_fe68614f,31.88100814819336,22.201045989990234,WP102024,0,22.201045989990234
without_era5,sar_robust_peak,joint_unet_mlp,6.769620895385742,43.94685363769531,sar_robust_peak,False,2024-08-26T09:15:20+00:00,1,35.66887664794922,28.899255752563477,30.70349884033203,28.899255752563477,28.899255752563477,6.304797172546387,WP112024_sar_geo_20240826091520_95af66ff,44.79999923706055,41.65532684326172,WP112024,1,41.65532684326172
without_era5,sar_robust_peak,joint_unet_mlp,9.862213134765625,53.01136016845703,sar_robust_peak,True,2024-08-26T21:04:08+00:00,2,46.442291259765625,36.580078125,40.245445251464844,36.580078125,36.580078125,15.492385864257812,WP112024_sar_geo_20240826210408_a57cc755,52.724998474121094,45.93745040893555,WP112024,2,45.93745040893555
without_era5,sar_robust_peak,joint_unet_mlp,10.744361877441406,58.26707077026367,sar_robust_peak,False,2024-08-27T09:23:36+00:00,2,47.15599060058594,36.41162872314453,38.25333786010742,36.41162872314453,36.41162872314453,14.202083587646484,WP112024_sar_geo_20240827092336_88090114,57.720001220703125,52.73346710205078,WP112024,3,52.73346710205078
without_era5,sar_robust_peak,joint_unet_mlp,8.418739318847656,56.58884048461914,sar_robust_peak,False,2024-08-27T21:12:15+00:00,2,48.07994079589844,39.66120147705078,40.56234359741211,39.66120147705078,39.66120147705078,3.5310864448547363,WP112024_sar_geo_20240827211215_cbee7e4b,55.81999969482422,49.47250747680664,WP112024,3,49.47250747680664
without_era5,sar_robust_peak,joint_unet_mlp,8.505176544189453,50.14400100708008,sar_robust_peak,False,2024-08-28T09:31:40+00:00,1,39.04559326171875,30.540416717529297,31.893325805664062,30.540416717529297,30.540416717529297,-8.169179916381836,WP112024_sar_geo_20240828093140_80dcdc85,58.7586784362793,41.45331954956055,WP112024,1,41.45331954956055
without_era5,sar_robust_peak,joint_unet_mlp,6.767707824707031,40.90044021606445,sar_robust_peak,False,2024-08-28T21:19:50+00:00,1,36.418548583984375,29.650840759277344,30.39908218383789,29.650840759277344,29.650840759277344,-15.688398361206055,WP112024_sar_geo_20240828211950_9fc5a1dd,80.0,47.3892936706543,WP112024,2,47.3892936706543
without_era5,sar_robust_peak,joint_unet_mlp,7.033906936645508,20.577760696411133,sar_robust_peak,False,2024-09-05T20:14:24+00:00,0,30.386011123657227,23.35210418701172,23.791522979736328,23.35210418701172,23.35210418701172,2.5722200870513916,WP132024_sar_geo_20240905201424_2b6d0688,40.540000915527344,31.746538162231445,WP132024,0,31.746538162231445
without_era5,sar_robust_peak,joint_unet_mlp,4.228155136108398,18.00554084777832,sar_robust_peak,False,2024-09-06T08:05:07+00:00,0,25.633974075317383,21.405818939208984,23.515750885009766,21.405818939208984,21.405818939208984,0.0,WP132024_sar_geo_20240906080507_a6b444e0,20.746583938598633,19.321083068847656,WP132024,0,19.321083068847656
without_era5,sar_robust_peak,joint_unet_mlp,2.6595211029052734,17.384206771850586,sar_robust_peak,False,2024-09-06T19:48:42+00:00,0,23.109512329101562,20.44999122619629,21.367511749267578,20.44999122619629,20.44999122619629,-3.193553924560547,WP132024_sar_geo_20240906194842_9f4d9498,20.069189071655273,18.259702682495117,WP132024,0,18.259702682495117
without_era5,sar_robust_peak,joint_unet_mlp,-0.48049163818359375,22.746999740600586,sar_robust_peak,False,2023-10-19T10:49:30+00:00,1,38.204620361328125,38.68511199951172,41.2576789855957,38.68511199951172,38.68511199951172,2.5722200870513916,WP162023_sar_geo_20231019104930_9a749bdc,80.0,36.78159713745117,WP162023,1,36.78159713745117
without_era5,sar_robust_peak,joint_unet_mlp,4.411935806274414,20.577760696411133,sar_robust_peak,False,2023-10-19T22:43:10+00:00,1,35.54777908325195,31.13584327697754,31.84213638305664,31.13584327697754,31.13584327697754,1.9134458303451538,WP162023_sar_geo_20231019224310_d9ac92a8,80.0,25.158126831054688,WP162023,0,25.158126831054688
without_era5,sar_robust_peak,joint_unet_mlp,4.1327667236328125,15.9686279296875,sar_robust_peak,False,2023-10-20T10:57:34+00:00,0,26.255325317382812,22.12255859375,23.144655227661133,22.12255859375,22.12255859375,-6.8244805335998535,WP162023_sar_geo_20231020105734_00b31332,80.0,31.868629455566406,WP162023,0,31.868629455566406
without_era5,sar_robust_peak,joint_unet_mlp,3.4125595092773438,24.468528747558594,sar_robust_peak,False,2025-09-05T08:33:47+00:00,1,37.985591888427734,34.57303237915039,35.3604621887207,34.57303237915039,34.57303237915039,6.462988376617432,WP212025_sar_geo_20250905083347_3ae8e0aa,33.5,27.7016658782959,WP212025,0,27.7016658782959
without_era5,sar_robust_peak,joint_unet_mlp,4.499458312988281,19.078346252441406,sar_robust_peak,False,2025-09-18T21:07:41+00:00,0,25.583810806274414,21.084352493286133,22.12666893005371,21.084352493286133,21.084352493286133,,WP242025_sar_geo_20250918210741_c0a8f306,22.194433212280273,20.288606643676758,WP242025,0,20.288606643676758
without_era5,sar_robust_peak,joint_unet_mlp,5.564174652099609,30.547494888305664,sar_robust_peak,False,2025-09-19T21:13:40+00:00,1,39.51116180419922,33.94698715209961,34.86847686767578,33.94698715209961,33.94698715209961,11.43494701385498,WP242025_sar_geo_20250919211340_695286ba,36.70000076293945,34.47115707397461,WP242025,1,34.47115707397461
without_era5,sar_robust_peak,joint_unet_mlp,8.173519134521484,30.57440757751465,sar_robust_peak,False,2025-09-19T21:15:33+00:00,1,41.764122009277344,33.59060287475586,34.352359771728516,33.59060287475586,33.59060287475586,11.451094627380371,WP242025_sar_geo_20250919211533_41d7c3ba,34.58000183105469,33.21208953857422,WP242025,1,33.21208953857422
without_era5,sar_robust_peak,joint_unet_mlp,12.199438095092773,60.323036193847656,sar_robust_peak,True,2025-09-20T21:23:17+00:00,2,43.87690734863281,31.67746925354004,32.45180892944336,31.67746925354004,31.67746925354004,29.638118743896484,WP242025_sar_geo_20250920212317_7e455209,55.7599983215332,48.43717575073242,WP242025,2,48.43717575073242
without_era5,sar_robust_peak,joint_unet_mlp,10.492424011230469,72.85513305664062,sar_robust_peak,True,2025-09-21T09:37:09+00:00,3,54.078529357910156,43.58610534667969,46.9897575378418,43.58610534667969,43.58610534667969,27.640933990478516,WP242025_sar_geo_20250921093709_b508ba36,61.41999816894531,55.058265686035156,WP242025,3,55.058265686035156
without_era5,sar_robust_peak,joint_unet_mlp,5.576324462890625,74.0799331665039,sar_robust_peak,False,2025-09-21T21:31:23+00:00,3,51.63529968261719,46.05897521972656,47.37752914428711,46.05897521972656,46.05897521972656,13.710599899291992,WP242025_sar_geo_20250921213123_bfc94639,66.27999877929688,59.192657470703125,WP242025,4,59.192657470703125
without_era5,sar_robust_peak,joint_unet_mlp,7.998500823974609,59.700462341308594,sar_robust_peak,False,2025-09-23T10:25:38+00:00,3,49.59416198730469,41.59566116333008,42.62785339355469,41.59566116333008,41.59566116333008,-7.496878147125244,WP242025_sar_geo_20250923102538_5aa662c2,56.34000015258789,49.855220794677734,WP242025,3,49.855220794677734
without_era5,sar_robust_peak,joint_unet_mlp,7.570487976074219,56.94694900512695,sar_robust_peak,False,2025-09-23T22:18:14+00:00,3,52.52837371826172,44.9578857421875,46.518245697021484,44.9578857421875,44.9578857421875,-6.8441057205200195,WP242025_sar_geo_20250923221814_e7b45b16,80.0,49.36774444580078,WP242025,2,49.36774444580078
without_era5,sar_robust_peak,joint_unet_mlp,6.197368621826172,56.94152069091797,sar_robust_peak,False,2025-09-23T22:18:52+00:00,3,52.14739990234375,45.95003128051758,47.6452522277832,45.95003128051758,45.95003128051758,-6.849535942077637,WP242025_sar_geo_20250923221852_6a75749b,80.0,51.13564682006836,WP242025,3,51.13564682006836
without_era5,sar_robust_peak,joint_unet_mlp,12.551898956298828,61.21883773803711,sar_robust_peak,True,2025-10-07T20:56:17+00:00,3,53.65422058105469,41.10232162475586,42.46449661254883,41.10232162475586,41.10232162475586,22.688648223876953,WP282025_sar_geo_20251007205617_b3422293,61.79999923706055,55.649513244628906,WP282025,3,55.649513244628906
without_era5,sar_robust_peak,joint_unet_mlp,12.954734802246094,61.21883773803711,sar_robust_peak,False,2025-10-08T08:44:08+00:00,3,50.60388946533203,37.64915466308594,38.4182014465332,37.64915466308594,37.64915466308594,8.215479850769043,WP282025_sar_geo_20251008084408_05dee5d2,48.68000030517578,46.535682678222656,WP282025,2,46.535682678222656
without_era5,sar_robust_peak,joint_unet_mlp,12.542922973632812,55.207557678222656,sar_robust_peak,False,2025-10-08T20:31:39+00:00,3,49.95590591430664,37.41298294067383,39.11394119262695,37.41298294067383,37.41298294067383,-6.01127815246582,WP282025_sar_geo_20251008203139_134d70ed,59.2400016784668,56.240962982177734,WP282025,3,56.240962982177734
without_era5,sar_robust_peak,joint_unet_mlp,7.159942626953125,46.24051284790039,sar_robust_peak,False,2025-10-09T08:20:12+00:00,1,40.85321807861328,33.693275451660156,35.283023834228516,33.693275451660156,33.693275451660156,-14.978322982788086,WP282025_sar_geo_20251009082012_18810889,56.439998626708984,54.309810638427734,WP282025,3,54.309810638427734
without_era5,sar_robust_peak,unet_correction,1.6460920572280884,18.20888900756836,sar_robust_peak,False,2025-06-29T12:23:43+00:00,0,24.12701416015625,22.48092269897461,24.751014709472656,22.48092269897461,22.48092269897461,,AL022025_sar_geo_20250629122343_2019fb4c,26.75994873046875,20.296344757080078,AL022025,0,20.296344757080078
without_era5,sar_robust_peak,unet_correction,2.534151792526245,17.183143615722656,sar_robust_peak,False,2025-06-30T00:38:22+00:00,0,27.674835205078125,25.140684127807617,25.93085479736328,25.140684127807617,25.140684127807617,3.9930858612060547,AL022025_sar_geo_20250630003822_9f8d8538,38.099998474121094,18.442907333374023,AL022025,0,18.442907333374023
without_era5,sar_robust_peak,unet_correction,2.0606577396392822,25.722200393676758,sar_robust_peak,False,2023-06-24T09:11:41+00:00,0,28.602840423583984,26.54218292236328,29.035770416259766,26.54218292236328,26.54218292236328,3.53432559967041,AL042023_sar_geo_20230624091141_fc94d478,32.65999221801758,26.53125,AL042023,0,26.53125
without_era5,sar_robust_peak,unet_correction,1.456141710281372,24.210735321044922,sar_robust_peak,False,2023-06-24T21:56:17+00:00,0,22.758310317993164,21.302167892456055,22.24365997314453,21.302167892456055,21.302167892456055,1.0607548952102661,AL042023_sar_geo_20230624215617_3236b686,47.7400016784668,26.545425415039062,AL042023,0,26.545425415039062
without_era5,sar_robust_peak,unet_correction,1.5108190774917603,21.681528091430664,sar_robust_peak,False,2023-06-25T09:51:16+00:00,0,22.02170181274414,20.510883331298828,21.327072143554688,20.510883331298828,20.510883331298828,-4.0406718254089355,AL042023_sar_geo_20230625095116_dad4ab5b,28.200000762939453,25.516326904296875,AL042023,0,25.516326904296875
without_era5,sar_robust_peak,unet_correction,3.188053846359253,24.937578201293945,sar_robust_peak,False,2025-09-25T09:42:44+00:00,0,26.738632202148438,23.550579071044922,24.437870025634766,23.550579071044922,23.550579071044922,,AL082025_sar_geo_20250925094244_08e44ad7,27.859996795654297,21.703502655029297,AL082025,0,21.703502655029297
without_era5,sar_robust_peak,unet_correction,3.2717204093933105,55.86671447753906,sar_robust_peak,True,2025-09-26T22:04:44+00:00,2,45.60561752319336,42.33389663696289,52.249568939208984,42.33389663696289,42.33389663696289,25.65894317626953,AL082025_sar_geo_20250926220444_2d00f032,55.41999816894531,48.242061614990234,AL082025,2,48.242061614990234
without_era5,sar_robust_peak,unet_correction,3.5629281997680664,55.90815353393555,sar_robust_peak,True,2025-09-26T22:06:11+00:00,3,51.27670669555664,47.71377944946289,58.9102668762207,47.71377944946289,47.71377944946289,25.692094802856445,AL082025_sar_geo_20250926220611_04532c06,51.36000061035156,46.63326644897461,AL082025,2,46.63326644897461
without_era5,sar_robust_peak,unet_correction,6.479445934295654,66.18160247802734,sar_robust_peak,True,2025-09-27T09:58:13+00:00,2,45.23851013183594,38.759063720703125,44.22806930541992,38.759063720703125,38.759063720703125,26.76637840270996,AL082025_sar_geo_20250927095813_d513fd6c,69.83999633789062,56.139591217041016,AL082025,3,56.139591217041016
without_era5,sar_robust_peak,unet_correction,3.925816535949707,72.02216339111328,sar_robust_peak,True,2025-09-27T22:14:16+00:00,3,51.56899642944336,47.64318084716797,54.20579147338867,47.64318084716797,47.64318084716797,15.88298225402832,AL082025_sar_geo_20250927221416_59358115,68.66000366210938,57.38515853881836,AL082025,3,57.38515853881836
without_era5,sar_robust_peak,unet_correction,6.782186031341553,65.934814453125,sar_robust_peak,False,2025-09-28T10:05:59+00:00,3,51.8798828125,45.09769821166992,50.22981643676758,45.09769821166992,45.09769821166992,-0.29118484258651733,AL082025_sar_geo_20250928100559_707f4766,58.29999923706055,51.569278717041016,AL082025,3,51.569278717041016
without_era5,sar_robust_peak,unet_correction,3.8783438205718994,62.5663948059082,sar_robust_peak,False,2025-09-28T22:22:50+00:00,2,46.30126190185547,42.422916412353516,45.111507415771484,42.422916412353516,42.422916412353516,-9.455766677856445,AL082025_sar_geo_20250928222250_60332831,57.599998474121094,53.99726104736328,AL082025,3,53.99726104736328
without_era5,sar_robust_peak,unet_correction,5.6506853103637695,63.696075439453125,sar_robust_peak,False,2025-09-29T10:13:23+00:00,1,41.025367736816406,35.37468338012695,36.70509719848633,35.37468338012695,35.37468338012695,-2.1329896450042725,AL082025_sar_geo_20250929101323_61e03351,56.5,49.547393798828125,AL082025,3,49.547393798828125
without_era5,sar_robust_peak,unet_correction,4.310861110687256,53.46254348754883,sar_robust_peak,False,2025-09-29T22:31:44+00:00,1,35.93620300292969,31.625343322753906,32.02217102050781,31.625343322753906,31.625343322753906,-9.027539253234863,AL082025_sar_geo_20250929223144_b6a1244f,58.15999984741211,50.252620697021484,AL082025,3,50.252620697021484
without_era5,sar_robust_peak,unet_correction,3.0728347301483154,53.445396423339844,sar_robust_peak,False,2025-09-29T22:32:29+00:00,0,25.429210662841797,22.35637664794922,22.995880126953125,22.35637664794922,22.35637664794922,-9.038256645202637,AL082025_sar_geo_20250929223229_4e0b44ba,62.34000015258789,53.213584899902344,AL082025,3,53.213584899902344
without_era5,sar_robust_peak,unet_correction,5.794667720794678,38.4094352722168,sar_robust_peak,False,2025-09-30T10:36:05+00:00,0,27.99233055114746,22.197662353515625,22.887054443359375,22.197662353515625,22.197662353515625,-25.416391372680664,AL082025_sar_geo_20250930103605_996c3d15,39.959999084472656,38.323768615722656,AL082025,1,38.323768615722656
without_era5,sar_robust_peak,unet_correction,3.632319450378418,36.01108169555664,sar_robust_peak,False,2025-09-30T22:41:16+00:00,0,25.78563690185547,22.153316497802734,22.47846031188965,22.153316497802734,22.153316497802734,-17.23349380493164,AL082025_sar_geo_20250930224116_f96a335d,40.86000061035156,37.576480865478516,AL082025,1,37.576480865478516
without_era5,sar_robust_peak,unet_correction,6.700150012969971,34.248538970947266,sar_robust_peak,False,2025-10-01T10:25:34+00:00,1,33.32969665527344,26.629545211791992,26.933677673339844,26.629545211791992,26.629545211791992,-4.461467742919922,AL082025_sar_geo_20251001102534_7c316d67,38.15999984741211,36.33675765991211,AL082025,1,36.33675765991211
without_era5,sar_robust_peak,unet_correction,3.727292537689209,25.665515899658203,sar_robust_peak,False,2024-09-24T23:50:05+00:00,0,28.305233001708984,24.577939987182617,25.339275360107422,24.577939987182617,24.577939987182617,7.659976005554199,AL092024_sar_geo_20240924235005_f6c42560,34.099998474121094,25.84740447998047,AL092024,0,25.84740447998047
without_era5,sar_robust_peak,unet_correction,7.1603312492370605,33.20021438598633,sar_robust_peak,False,2024-09-25T11:43:18+00:00,2,47.070892333984375,39.910560607910156,41.2875862121582,39.910560607910156,39.910560607910156,12.717912673950195,AL092024_sar_geo_20240925114318_182f4c98,38.81999969482422,32.314483642578125,AL092024,0,32.314483642578125
without_era5,sar_robust_peak,unet_correction,3.8771862983703613,36.01108169555664,sar_robust_peak,False,2024-09-25T23:58:53+00:00,0,27.53790283203125,23.660717010498047,26.477725982666016,23.660717010498047,23.660717010498047,10.295263290405273,AL092024_sar_geo_20240925235853_bb2fffd5,38.32500076293945,32.80063247680664,AL092024,0,32.80063247680664
without_era5,sar_robust_peak,unet_correction,7.368780612945557,43.58650588989258,sar_robust_peak,False,2024-09-26T11:50:07+00:00,2,43.890953063964844,36.52217102050781,37.065067291259766,36.52217102050781,36.52217102050781,10.288880348205566,AL092024_sar_geo_20240926115007_1dfc3535,41.63999938964844,35.869930267333984,AL092024,1,35.869930267333984
without_era5,sar_robust_peak,unet_correction,4.817447185516357,61.2578010559082,sar_robust_peak,True,2024-09-26T23:36:14+00:00,2,49.29181671142578,44.474369049072266,46.9382209777832,44.474369049072266,44.474369049072266,25.246721267700195,AL092024_sar_geo_20240926233614_4c4a4e8d,56.41999816894531,52.753684997558594,AL092024,3,52.753684997558594
without_era5,sar_robust_peak,unet_correction,4.0083136558532715,61.27547073364258,sar_robust_peak,True,2024-09-26T23:37:07+00:00,2,45.266090393066406,41.25777816772461,43.54323959350586,41.25777816772461,41.25777816772461,25.264392852783203,AL092024_sar_geo_20240926233707_ba644eb1,53.97999954223633,51.04243469238281,AL092024,3,51.04243469238281
without_era5,sar_robust_peak,unet_correction,4.8316216468811035,61.300479888916016,sar_robust_peak,True,2024-09-26T23:38:22+00:00,3,49.73606491088867,44.904441833496094,47.46395492553711,44.904441833496094,44.904441833496094,25.289400100708008,AL092024_sar_geo_20240926233822_7d97bd32,55.97999954223633,51.9205207824707,AL092024,3,51.9205207824707
without_era5,sar_robust_peak,unet_correction,2.738320827484131,27.9754638671875,sar_robust_peak,False,2025-09-29T23:04:12+00:00,0,27.298322677612305,24.560001373291016,25.42559051513672,24.560001373291016,24.560001373291016,9.969924926757812,AL092025_sar_geo_20250929230412_3b893bbb,33.125,25.969348907470703,AL092025,0,25.969348907470703
without_era5,sar_robust_peak,unet_correction,4.626730442047119,36.01108169555664,sar_robust_peak,False,2025-09-30T23:11:51+00:00,1,37.69088363647461,33.064151763916016,34.9842414855957,33.064151763916016,33.064151763916016,7.99188756942749,AL092025_sar_geo_20250930231151_62ee93bd,37.7400016784668,33.46464538574219,AL092025,1,33.46464538574219
without_era5,sar_robust_peak,unet_correction,5.52360725402832,37.67373275756836,sar_robust_peak,False,2025-10-02T10:03:39+00:00,0,30.878326416015625,25.354719161987305,25.905698776245117,25.354719161987305,25.354719161987305,-2.8167238235473633,AL092025_sar_geo_20251002100339_1686cf44,55.81999969482422,47.7620964050293,AL092025,2,47.7620964050293
without_era5,sar_robust_peak,unet_correction,3.987891912460327,23.149980545043945,sar_robust_peak,False,2024-09-26T09:38:24+00:00,0,24.073688507080078,20.085796356201172,20.85340118408203,20.085796356201172,20.085796356201172,0.0,AL102024_sar_geo_20240926093824_136192f5,30.619998931884766,26.88939666748047,AL102024,0,26.88939666748047
without_era5,sar_robust_peak,unet_correction,1.6130120754241943,27.43263053894043,sar_robust_peak,False,2024-09-26T21:29:14+00:00,0,23.512784957885742,21.89977264404297,25.265228271484375,21.89977264404297,21.89977264404297,4.282650947570801,AL102024_sar_geo_20240926212914_03bcc908,34.779998779296875,28.738861083984375,AL102024,0,28.738861083984375
without_era5,sar_robust_peak,unet_correction,3.2541110515594482,32.48942565917969,sar_robust_peak,False,2024-09-27T09:13:54+00:00,0,23.32386016845703,20.06974983215332,20.476123809814453,20.06974983215332,20.06974983215332,9.339445114135742,AL102024_sar_geo_20240927091354_3a788dd8,36.91999816894531,34.587730407714844,AL102024,1,34.587730407714844
without_era5,sar_robust_peak,unet_correction,6.40491247177124,46.29996109008789,sar_robust_peak,False,2024-09-28T08:49:27+00:00,1,41.81309127807617,35.408180236816406,36.610652923583984,35.408180236816406,35.408180236816406,13.980443954467773,AL102024_sar_geo_20240928084927_9b67e147,43.02000045776367,41.03065872192383,AL102024,1,41.03065872192383
without_era5,sar_robust_peak,unet_correction,4.6988396644592285,35.18644714355469,sar_robust_peak,False,2024-09-29T08:24:16+00:00,0,25.81884765625,21.12000846862793,21.83580780029297,21.12000846862793,21.12000846862793,-11.11351490020752,AL102024_sar_geo_20240929082416_cf0e50b0,38.34000015258789,35.84708786010742,AL102024,1,35.84708786010742
without_era5,sar_robust_peak,unet_correction,2.93526291847229,30.07201385498047,sar_robust_peak,False,2024-09-29T20:19:01+00:00,0,27.110177993774414,24.174915313720703,25.456117630004883,24.174915313720703,24.174915313720703,-11.669161796569824,AL102024_sar_geo_20240929201901_eceb8b95,37.47999954223633,34.81792068481445,AL102024,1,34.81792068481445
without_era5,sar_robust_peak,unet_correction,1.5510008335113525,22.25275230407715,sar_robust_peak,False,2025-10-07T21:23:02+00:00,0,23.749408721923828,22.198408126831055,24.206642150878906,22.198408126831055,22.198408126831055,,AL102025_sar_geo_20251007212302_65a32d77,31.35999870300293,28.337852478027344,AL102025,0,28.337852478027344
without_era5,sar_robust_peak,unet_correction,2.7080891132354736,26.01824378967285,sar_robust_peak,False,2025-10-08T09:20:43+00:00,0,20.663589477539062,17.95549964904785,19.252601623535156,17.95549964904785,17.95549964904785,6.350954055786133,AL102025_sar_geo_20251008092043_77759e8c,33.619998931884766,29.984731674194336,AL102025,0,29.984731674194336
without_era5,sar_robust_peak,unet_correction,2.8806025981903076,25.722200393676758,sar_robust_peak,False,2025-10-09T22:12:45+00:00,0,24.982894897460938,22.102293014526367,22.957807540893555,22.102293014526367,22.102293014526367,-2.5722200870513916,AL102025_sar_geo_20251009221245_f4761526,31.220003128051758,27.99546241760254,AL102025,0,27.99546241760254
without_era5,sar_robust_peak,unet_correction,3.0756890773773193,25.722200393676758,sar_robust_peak,False,2025-10-10T10:05:06+00:00,0,20.239322662353516,17.163633346557617,18.321443557739258,17.163633346557617,17.163633346557617,-0.985160231590271,AL102025_sar_geo_20251010100506_5c04fb1b,24.438796997070312,23.330018997192383,AL102025,0,23.330018997192383
without_era5,sar_robust_peak,unet_correction,3.5738046169281006,25.722200393676758,sar_robust_peak,False,2025-10-10T22:21:57+00:00,0,25.94654083251953,22.37273597717285,23.594892501831055,22.37273597717285,22.37273597717285,0.0,AL102025_sar_geo_20251010222157_3cb50cd4,40.099998474121094,29.378992080688477,AL102025,0,29.378992080688477
without_era5,sar_robust_peak,unet_correction,6.902435302734375,23.149980545043945,sar_robust_peak,False,2025-10-11T10:13:58+00:00,1,36.000343322753906,29.097909927368164,30.591304779052734,29.097909927368164,29.097909927368164,-2.5722200870513916,AL102025_sar_geo_20251011101358_f6a30809,33.18000030517578,22.940021514892578,AL102025,0,22.940021514892578
without_era5,sar_robust_peak,unet_correction,6.532747745513916,45.82767105102539,sar_robust_peak,True,2024-11-06T11:26:57+00:00,2,44.479393005371094,37.9466438293457,41.3364372253418,37.9466438293457,37.9466438293457,20.294387817382812,AL182024_sar_geo_20241106112657_5c0e7c84,46.68000030517578,42.82679748535156,AL182024,2,42.82679748535156
without_era5,sar_robust_peak,unet_correction,4.121551990509033,49.17279052734375,sar_robust_peak,False,2024-11-06T23:40:43+00:00,0,32.888404846191406,28.76685333251953,30.671703338623047,28.76685333251953,28.76685333251953,13.437273025512695,AL182024_sar_geo_20241106234043_5d0cd6d0,50.380001068115234,42.11057662963867,AL182024,1,42.11057662963867
without_era5,sar_robust_peak,unet_correction,4.384286403656006,49.1434326171875,sar_robust_peak,False,2024-11-06T23:42:36+00:00,1,34.85980224609375,30.47551727294922,32.46974182128906,30.47551727294922,30.47551727294922,13.381000518798828,AL182024_sar_geo_20241106234236_1f54d7b2,54.099998474121094,44.40436553955078,AL182024,2,44.40436553955078
without_era5,sar_robust_peak,unet_correction,3.936971664428711,49.12030792236328,sar_robust_peak,False,2024-11-06T23:44:05+00:00,1,34.831817626953125,30.894847869873047,32.67121887207031,30.894847869873047,30.894847869873047,13.336679458618164,AL182024_sar_geo_20241106234405_6e8a2b86,54.119998931884766,47.42927169799805,AL182024,2,47.42927169799805
without_era5,sar_robust_peak,unet_correction,6.963424205780029,46.29996109008789,sar_robust_peak,False,2024-11-07T11:34:27+00:00,2,45.712928771972656,38.74950408935547,40.46942138671875,38.74950408935547,38.74950408935547,0.3651123344898224,AL182024_sar_geo_20241107113427_6c78673a,52.459999084472656,47.70045471191406,AL182024,2,47.70045471191406
without_era5,sar_robust_peak,unet_correction,5.281140327453613,46.29996109008789,sar_robust_peak,False,2024-11-07T23:51:05+00:00,2,45.62735366821289,40.346214294433594,43.64584732055664,40.346214294433594,40.346214294433594,-2.711223840713501,AL182024_sar_geo_20241107235105_7cb0f20e,48.119998931884766,45.014564514160156,AL182024,2,45.014564514160156
without_era5,sar_robust_peak,unet_correction,4.141220569610596,33.456390380859375,sar_robust_peak,False,2024-11-08T23:59:14+00:00,0,27.019418716430664,22.878198623657227,23.90903091430664,22.878198623657227,22.878198623657227,-12.843570709228516,AL182024_sar_geo_20241108235914_8a172b82,46.040000915527344,37.65009689331055,AL182024,1,37.65009689331055
without_era5,sar_robust_peak,unet_correction,3.9326047897338867,25.80436897277832,sar_robust_peak,False,2024-11-09T11:50:25+00:00,0,26.528953552246094,22.59634780883789,23.769790649414062,22.59634780883789,22.59634780883789,-23.20475959777832,AL182024_sar_geo_20241109115025_a47eebe7,36.900001525878906,30.126853942871094,AL182024,0,30.126853942871094
without_era5,sar_robust_peak,unet_correction,3.7515947818756104,20.519838333129883,sar_robust_peak,False,2024-11-10T00:10:08+00:00,0,24.619306564331055,20.867712020874023,22.762611389160156,20.867712020874023,20.867712020874023,-12.774215698242188,AL182024_sar_geo_20241110001008_2b803752,30.479999542236328,25.998462677001953,AL182024,0,25.998462677001953
without_era5,sar_robust_peak,unet_correction,5.238405704498291,18.00554084777832,sar_robust_peak,False,2024-11-10T11:58:06+00:00,0,21.899473190307617,16.661067962646484,17.027273178100586,16.661067962646484,16.661067962646484,-7.732950687408447,AL182024_sar_geo_20241110115806_c5d91f61,30.91888427734375,17.999176025390625,AL182024,0,17.999176025390625
without_era5,sar_robust_peak,unet_correction,0.08037768304347992,38.58330154418945,sar_robust_peak,False,2023-06-29T13:04:56+00:00,0,24.164087295532227,24.083709716796875,25.808197021484375,24.083709716796875,24.083709716796875,4.587697505950928,EP012023_sar_geo_20230629130456_9d69b2fc,38.599998474121094,36.31546401977539,EP012023,1,36.31546401977539
without_era5,sar_robust_peak,unet_correction,0.09073445200920105,46.29996109008789,sar_robust_peak,False,2023-06-30T13:12:49+00:00,0,27.902158737182617,27.811424255371094,29.812175750732422,27.811424255371094,27.811424255371094,7.716660022735596,EP012023_sar_geo_20230630131249_66c8cd8c,43.15999984741211,38.57410430908203,EP012023,1,38.57410430908203
without_era5,sar_robust_peak,unet_correction,2.6607892513275146,28.29442024230957,sar_robust_peak,False,2025-08-01T02:13:07+00:00,0,28.709659576416016,26.048870086669922,28.76650619506836,26.048870086669922,26.048870086669922,9.147528648376465,EP072025_sar_geo_20250801021307_8951090d,28.525001525878906,25.266023635864258,EP072025,0,25.266023635864258
without_era5,sar_robust_peak,unet_correction,3.144481897354126,33.43886184692383,sar_robust_peak,False,2025-08-02T02:21:52+00:00,1,38.632755279541016,35.48827362060547,36.53438949584961,35.48827362060547,35.48827362060547,5.144440174102783,EP072025_sar_geo_20250802022152_23b97394,33.459999084472656,31.609230041503906,EP072025,0,31.609230041503906
without_era5,sar_robust_peak,unet_correction,0.19277611374855042,32.65681076049805,sar_robust_peak,False,2025-08-02T14:16:49+00:00,0,27.90500259399414,27.71222686767578,30.350013732910156,27.71222686767578,27.71222686767578,3.189314603805542,EP072025_sar_geo_20250802141649_e9600fe9,34.0,32.232173919677734,EP072025,0,32.232173919677734
without_era5,sar_robust_peak,unet_correction,1.6176292896270752,27.24152374267578,sar_robust_peak,False,2025-08-03T03:02:48+00:00,0,23.675378799438477,22.057748794555664,23.91299819946289,22.057748794555664,22.057748794555664,-6.197335243225098,EP072025_sar_geo_20250803030248_1ccccbaf,30.81999969482422,28.60904312133789,EP072025,0,28.60904312133789
without_era5,sar_robust_peak,unet_correction,2.2275147438049316,23.149980545043945,sar_robust_peak,False,2025-08-05T02:13:12+00:00,0,28.45193099975586,26.224416732788086,27.149784088134766,26.224416732788086,26.224416732788086,,EP082025_sar_geo_20250805021312_5901b79b,26.499990463256836,24.82594871520996,EP082025,0,24.82594871520996
without_era5,sar_robust_peak,unet_correction,0.14010462164878845,23.149980545043945,sar_robust_peak,False,2025-08-05T14:09:24+00:00,0,24.982635498046875,24.842531204223633,26.307695388793945,24.842531204223633,24.842531204223633,4.034955978393555,EP082025_sar_geo_20250805140924_db0bcc3b,27.479997634887695,25.81668472290039,EP082025,0,25.81668472290039
without_era5,sar_robust_peak,unet_correction,1.8521385192871094,23.149980545043945,sar_robust_peak,False,2025-08-07T03:02:13+00:00,0,20.420522689819336,18.568384170532227,19.37986946105957,18.568384170532227,18.568384170532227,0.0,EP082025_sar_geo_20250807030213_52172340,23.57967185974121,22.859434127807617,EP082025,0,22.859434127807617
without_era5,sar_robust_peak,unet_correction,0.23916491866111755,20.624441146850586,sar_robust_peak,False,2025-08-07T14:56:44+00:00,0,23.370168685913086,23.131004333496094,24.01302719116211,23.131004333496094,23.131004333496094,-2.525538921356201,EP082025_sar_geo_20250807145644_31bd62e0,22.598384857177734,19.2292423248291,EP082025,0,19.2292423248291
without_era5,sar_robust_peak,unet_correction,0.595606803894043,17.23149299621582,sar_robust_peak,False,2025-08-09T15:44:35+00:00,0,19.569904327392578,18.97429656982422,20.05613136291504,18.97429656982422,18.97429656982422,0.6371008157730103,EP082025_sar_geo_20250809154435_526418b6,23.359994888305664,20.623403549194336,EP082025,0,20.623403549194336
without_era5,sar_robust_peak,unet_correction,2.05071759223938,22.46662712097168,sar_robust_peak,False,2025-08-10T04:00:27+00:00,0,23.94213104248047,21.89141273498535,24.359529495239258,21.89141273498535,21.89141273498535,7.033307075500488,EP082025_sar_geo_20250810040027_fac1c713,30.600000381469727,26.777254104614258,EP082025,0,26.777254104614258
without_era5,sar_robust_peak,unet_correction,0.518731951713562,18.00554084777832,sar_robust_peak,False,2025-08-31T13:53:40+00:00,0,22.92410659790039,22.40537452697754,23.770984649658203,22.40537452697754,22.40537452697754,,EP112025_sar_geo_20250831135340_50cc57bc,25.478801727294922,18.667150497436523,EP112025,0,18.667150497436523
without_era5,sar_robust_peak,unet_correction,3.2491204738616943,20.577760696411133,sar_robust_peak,False,2025-09-01T02:37:32+00:00,0,30.00860023498535,26.759479522705078,28.809072494506836,26.759479522705078,26.759479522705078,5.144440174102783,EP112025_sar_geo_20250901023732_00244e32,23.953760147094727,19.280054092407227,EP112025,0,19.280054092407227
without_era5,sar_robust_peak,unet_correction,2.443467855453491,30.657766342163086,sar_robust_peak,False,2025-09-02T02:45:23+00:00,0,32.81708526611328,30.37361717224121,32.859893798828125,30.37361717224121,30.37361717224121,10.08000659942627,EP112025_sar_geo_20250902024523_0597f171,32.560001373291016,30.432666778564453,EP112025,0,30.432666778564453
without_era5,sar_robust_peak,unet_correction,1.1268723011016846,39.879268646240234,sar_robust_peak,False,2025-09-02T14:31:09+00:00,0,29.869476318359375,28.742603302001953,31.475467681884766,28.742603302001953,28.742603302001953,14.569339752197266,EP112025_sar_geo_20250902143109_15133331,40.619998931884766,36.63118362426758,EP112025,1,36.63118362426758
without_era5,sar_robust_peak,unet_correction,3.108262777328491,64.30549621582031,sar_robust_peak,True,2025-09-04T03:01:20+00:00,2,43.47442626953125,40.36616516113281,44.51345443725586,40.36616516113281,40.36616516113281,18.00554084777832,EP112025_sar_geo_20250904030120_36e6b792,58.900001525878906,53.88230514526367,EP112025,3,53.88230514526367
without_era5,sar_robust_peak,unet_correction,1.649303674697876,52.952720642089844,sar_robust_peak,False,2025-09-05T14:55:55+00:00,1,40.87504196166992,39.225738525390625,43.64847183227539,39.225738525390625,39.225738525390625,-6.208338737487793,EP112025_sar_geo_20250905145555_b621c593,48.65999984741211,44.48773956298828,EP112025,2,44.48773956298828
without_era5,sar_robust_peak,unet_correction,1.9125280380249023,53.02250289916992,sar_robust_peak,False,2025-09-05T15:06:05+00:00,1,40.22907257080078,38.31654357910156,42.385765075683594,38.31654357910156,38.31654357910156,-6.138555526733398,EP112025_sar_geo_20250905150605_f70970d3,51.959999084472656,44.34177780151367,EP112025,2,44.34177780151367
without_era5,sar_robust_peak,unet_correction,4.488517761230469,60.8060417175293,sar_robust_peak,False,2025-09-06T03:17:47+00:00,3,49.520111083984375,45.031593322753906,55.94447708129883,45.031593322753906,45.031593322753906,5.398565769195557,EP112025_sar_geo_20250906031747_a0f470c3,53.68000030517578,48.07802200317383,EP112025,2,48.07802200317383
without_era5,sar_robust_peak,unet_correction,4.978701114654541,60.841670989990234,sar_robust_peak,False,2025-09-06T03:24:01+00:00,3,50.857357025146484,45.87865447998047,56.469486236572266,45.87865447998047,45.87865447998047,5.487640857696533,EP112025_sar_geo_20250906032401_30e03b1e,54.08000183105469,48.24021530151367,EP112025,2,48.24021530151367
without_era5,sar_robust_peak,unet_correction,2.076080560684204,56.58884048461914,sar_robust_peak,False,2025-09-06T15:13:56+00:00,1,40.82841873168945,38.75233840942383,44.8390007019043,38.75233840942383,38.75233840942383,3.5214643478393555,EP112025_sar_geo_20250906151356_04821eb9,50.959999084472656,46.29977798461914,EP112025,2,46.29977798461914
without_era5,sar_robust_peak,unet_correction,3.6649768352508545,57.84151077270508,sar_robust_peak,False,2025-09-07T03:33:54+00:00,3,50.36832046508789,46.70334243774414,59.0999870300293,46.70334243774414,46.70334243774414,-3.056654691696167,EP112025_sar_geo_20250907033354_b508e3f3,55.36000061035156,47.101844787597656,EP112025,2,47.101844787597656
without_era5,sar_robust_peak,unet_correction,1.576620101928711,51.13240051269531,sar_robust_peak,False,2025-09-07T15:21:50+00:00,1,34.2171630859375,32.64054489135742,38.066219329833984,32.64054489135742,32.64054489135742,-5.4564409255981445,EP112025_sar_geo_20250907152150_44831e4a,52.34000015258789,44.898902893066406,EP112025,2,44.898902893066406
without_era5,sar_robust_peak,unet_correction,1.5353598594665527,51.05809020996094,sar_robust_peak,False,2025-09-07T15:27:02+00:00,0,32.71406173706055,31.178701400756836,35.31325149536133,31.178701400756836,31.178701400756836,-5.530749320983887,EP112025_sar_geo_20250907152702_516cb755,46.79999923706055,42.14361572265625,EP112025,1,42.14361572265625
without_era5,sar_robust_peak,unet_correction,2.7339727878570557,47.35714340209961,sar_robust_peak,False,2025-09-08T03:56:42+00:00,0,26.689674377441406,23.95570182800293,25.2226619720459,23.95570182800293,23.95570182800293,-10.288880348205566,EP112025_sar_geo_20250908035642_aba9a661,45.7400016784668,41.26231384277344,EP112025,1,41.26231384277344
without_era5,sar_robust_peak,unet_correction,4.9860076904296875,47.271400451660156,sar_robust_peak,False,2025-09-08T04:06:42+00:00,0,32.62266540527344,27.636655807495117,28.932254791259766,27.636655807495117,27.636655807495117,-10.288880348205566,EP112025_sar_geo_20250908040642_4064952a,44.70000076293945,38.03972244262695,EP112025,1,38.03972244262695
without_era5,sar_robust_peak,unet_correction,2.60703706741333,42.17869186401367,sar_robust_peak,False,2025-09-08T16:00:40+00:00,0,27.750967025756836,25.143930435180664,26.2767276763916,25.143930435180664,25.143930435180664,-8.398775100708008,EP112025_sar_geo_20250908160040_97c65dbe,38.15999984741211,33.663917541503906,EP112025,1,33.663917541503906
without_era5,sar_robust_peak,unet_correction,5.02549934387207,28.10883903503418,sar_robust_peak,False,2025-09-09T04:15:37+00:00,0,27.31280517578125,22.28730583190918,23.27610206604004,22.28730583190918,22.28730583190918,-19.086111068725586,EP112025_sar_geo_20250909041537_5b813509,28.719999313354492,26.119365692138672,EP112025,0,26.119365692138672
without_era5,sar_robust_peak,unet_correction,3.0955843925476074,20.577760696411133,sar_robust_peak,False,2025-09-09T16:08:11+00:00,0,25.076946258544922,21.981361389160156,22.954044342041016,21.981361389160156,21.981361389160156,-21.536483764648438,EP112025_sar_geo_20250909160811_93d58b53,22.379152297973633,20.639429092407227,EP112025,0,20.639429092407227
without_era5,sar_robust_peak,unet_correction,5.729533672332764,18.00554084777832,sar_robust_peak,False,2025-09-10T04:32:26+00:00,0,27.37405014038086,21.644515991210938,21.86219024658203,21.644515991210938,21.644515991210938,-9.718799591064453,EP112025_sar_geo_20250910043226_d511f8a6,22.29558563232422,21.114418029785156,EP112025,0,21.114418029785156
without_era5,sar_robust_peak,unet_correction,2.155813694000244,17.02028465270996,sar_robust_peak,False,2024-11-03T02:52:22+00:00,0,19.19425392150879,17.038440704345703,18.029991149902344,17.038440704345703,17.038440704345703,0.10908117890357971,EP132024_sar_geo_20241103025222_0b408406,29.4999942779541,19.52695655822754,EP132024,0,19.52695655822754
without_era5,sar_robust_peak,unet_correction,3.190826177597046,21.506473541259766,sar_robust_peak,False,2025-10-01T01:48:19+00:00,0,26.2857723236084,23.094945907592773,24.705028533935547,23.094945907592773,23.094945907592773,6.073154449462891,EP152025_sar_geo_20251001014819_ecce4d81,22.797077178955078,20.27893829345703,EP152025,0,20.27893829345703
without_era5,sar_robust_peak,unet_correction,2.3798933029174805,28.29442024230957,sar_robust_peak,False,2025-10-02T01:56:42+00:00,0,30.553333282470703,28.173439025878906,30.27977752685547,28.173439025878906,28.173439025878906,6.716066360473633,EP152025_sar_geo_20251002015642_c698cb8c,33.900001525878906,29.120439529418945,EP152025,0,29.120439529418945
without_era5,sar_robust_peak,unet_correction,2.7570979595184326,24.19444465637207,sar_robust_peak,False,2025-10-03T14:01:49+00:00,0,29.911710739135742,27.154613494873047,28.89303207397461,27.154613494873047,27.154613494873047,-4.0999755859375,EP152025_sar_geo_20251003140149_960deafc,28.145071029663086,23.714588165283203,EP152025,0,23.714588165283203
without_era5,sar_robust_peak,unet_correction,2.0896990299224854,25.722200393676758,sar_robust_peak,False,2025-10-04T02:13:11+00:00,0,24.092453002929688,22.00275421142578,24.185558319091797,22.00275421142578,22.00275421142578,0.7612818479537964,EP152025_sar_geo_20251004021311_4c850972,20.299226760864258,19.292953491210938,EP152025,0,19.292953491210938
without_era5,sar_robust_peak,unet_correction,3.8575522899627686,37.072547912597656,sar_robust_peak,False,2025-10-05T14:03:48+00:00,1,41.00063705444336,37.14308547973633,38.91958999633789,37.14308547973633,37.14308547973633,8.778129577636719,EP152025_sar_geo_20251005140348_c360bcf0,43.31999969482422,37.018798828125,EP152025,1,37.018798828125
without_era5,sar_robust_peak,unet_correction,3.113765001296997,40.3003044128418,sar_robust_peak,False,2025-10-06T02:29:37+00:00,0,31.031835556030273,27.91806983947754,30.48676300048828,27.91806983947754,27.91806983947754,8.150840759277344,EP152025_sar_geo_20251006022937_f3bbea1a,47.880001068115234,37.92021179199219,EP152025,1,37.92021179199219
without_era5,sar_robust_peak,unet_correction,2.7782039642333984,29.242568969726562,sar_robust_peak,False,2025-10-06T13:53:39+00:00,0,30.07380485534668,27.29560089111328,29.710357666015625,27.29560089111328,27.29560089111328,-7.742953777313232,EP152025_sar_geo_20251006135339_68af0d71,27.599903106689453,25.37576675415039,EP152025,0,25.37576675415039
without_era5,sar_robust_peak,unet_correction,2.127401113510132,23.149980545043945,sar_robust_peak,False,2025-10-07T02:05:53+00:00,0,24.86273765563965,22.735336303710938,23.349328994750977,22.735336303710938,22.735336303710938,-17.285985946655273,EP152025_sar_geo_20251007020553_ee3499a4,24.97989845275879,22.91554069519043,EP152025,0,22.91554069519043
without_era5,sar_robust_peak,unet_correction,3.5238754749298096,26.13375473022461,sar_robust_peak,False,2023-10-24T00:48:00+00:00,0,27.286819458007812,23.762943267822266,24.83749008178711,23.762943267822266,23.762943267822266,8.128214836120605,EP182023_sar_geo_20231024004800_e546df77,55.5,26.057025909423828,EP182023,0,26.057025909423828
without_era5,sar_robust_peak,unet_correction,4.181464195251465,69.1234130859375,sar_robust_peak,True,2023-10-25T00:52:23+00:00,3,51.93370819091797,47.75224304199219,55.16378402709961,47.75224304199219,47.75224304199219,42.95207214355469,EP182023_sar_geo_20231025005223_896d8572,59.720001220703125,49.42375183105469,EP182023,3,49.42375183105469
without_era5,sar_robust_peak,unet_correction,0.9650494456291199,18.413951873779297,sar_robust_peak,False,2024-11-29T12:47:38+00:00,1,34.07698440551758,33.111934661865234,34.05217742919922,33.111934661865234,33.111934661865234,2.9806313514709473,IO042024_sar_geo_20241129124738_26d1fed9,25.840084075927734,20.021028518676758,IO042024,0,20.021028518676758
without_era5,sar_robust_peak,unet_correction,0.9439282417297363,46.22208023071289,sar_robust_peak,True,2023-10-24T12:01:49+00:00,1,40.08943557739258,39.1455078125,41.608097076416016,39.1455078125,39.1455078125,23.046138763427734,IO062023_sar_geo_20231024120149_0c524d06,80.0,65.44290924072266,IO062023,4,65.44290924072266
without_era5,sar_robust_peak,unet_correction,4.75560998916626,27.343936920166016,sar_robust_peak,False,2024-01-25T08:46:17+00:00,1,33.19783020019531,28.44222068786621,29.256576538085938,28.44222068786621,28.44222068786621,5.340452671051025,SH072024_sar_geo_20240125084617_b51a9b24,38.540000915527344,34.80113220214844,SH072024,1,34.80113220214844
without_era5,sar_robust_peak,unet_correction,7.9121575355529785,32.40449523925781,sar_robust_peak,False,2023-02-08T22:12:23+00:00,2,42.841773986816406,34.92961502075195,36.521156311035156,34.92961502075195,34.92961502075195,-13.895465850830078,SH112023_sar_geo_20230208221223_c0b8bb16,35.70000076293945,34.01755142211914,SH112023,1,34.01755142211914
without_era5,sar_robust_peak,unet_correction,1.483370065689087,26.137470245361328,sar_robust_peak,False,2023-02-09T11:11:34+00:00,0,23.260087966918945,21.776718139648438,22.77377700805664,21.776718139648438,21.776718139648438,-18.00554084777832,SH112023_sar_geo_20230209111134_f30f8ca8,31.280000686645508,28.429794311523438,SH112023,0,28.429794311523438
without_era5,sar_robust_peak,unet_correction,7.502868175506592,33.43886184692383,sar_robust_peak,False,2023-02-09T22:20:32+00:00,1,37.37979507446289,29.876928329467773,31.299530029296875,29.876928329467773,29.876928329467773,1.1508302688598633,SH112023_sar_geo_20230209222032_250d3700,45.13999938964844,38.88908767700195,SH112023,1,38.88908767700195
without_era5,sar_robust_peak,unet_correction,7.866048336029053,38.06199645996094,sar_robust_peak,False,2023-02-10T22:28:48+00:00,2,44.2890625,36.42301559448242,37.98781204223633,36.42301559448242,36.42301559448242,4.623136520385742,SH112023_sar_geo_20230210222848_4f1367f1,42.81999969482422,39.14099884033203,SH112023,1,39.14099884033203
without_era5,sar_robust_peak,unet_correction,3.433809995651245,55.674747467041016,sar_robust_peak,True,2023-02-11T11:28:01+00:00,1,42.09874725341797,38.66493606567383,39.67243576049805,38.66493606567383,38.66493606567383,24.53388214111328,SH112023_sar_geo_20230211112801_66c3ce02,54.7599983215332,48.290409088134766,SH112023,2,48.290409088134766
without_era5,sar_robust_peak,unet_correction,3.3884756565093994,55.911964416503906,sar_robust_peak,True,2023-02-11T11:36:19+00:00,2,43.735565185546875,40.34708786010742,42.05290603637695,40.34708786010742,40.34708786010742,24.842262268066406,SH112023_sar_geo_20230211113619_713ab9a6,58.060001373291016,47.824363708496094,SH112023,2,47.824363708496094
without_era5,sar_robust_peak,unet_correction,7.791167736053467,49.24515151977539,sar_robust_peak,False,2023-02-12T23:16:30+00:00,0,32.490089416503906,24.698923110961914,25.514015197753906,24.698923110961914,24.698923110961914,-7.965307712554932,SH112023_sar_geo_20230212231630_6bf369b8,53.880001068115234,48.894439697265625,SH112023,2,48.894439697265625
without_era5,sar_robust_peak,unet_correction,6.8807854652404785,41.45818328857422,sar_robust_peak,False,2023-02-13T23:24:42+00:00,0,28.948759078979492,22.067974090576172,23.22640609741211,22.067974090576172,22.067974090576172,-7.716660022735596,SH112023_sar_geo_20230213232442_e7bd4405,42.099998474121094,39.77212142944336,SH112023,1,39.77212142944336
without_era5,sar_robust_peak,unet_correction,2.8303864002227783,56.799476623535156,sar_robust_peak,False,2023-02-14T12:24:34+00:00,1,40.044212341308594,37.21382522583008,38.591217041015625,37.21382522583008,37.21382522583008,10.63994026184082,SH112023_sar_geo_20230214122434_504d62a1,54.34000015258789,51.46897888183594,SH112023,3,51.46897888183594
without_era5,sar_robust_peak,unet_correction,7.831813335418701,63.91752243041992,sar_robust_peak,True,2023-02-14T23:32:51+00:00,2,44.4527702331543,36.62095642089844,38.71271896362305,36.62095642089844,36.62095642089844,22.529216766357422,SH112023_sar_geo_20230214233251_cc5d83ed,60.20000076293945,54.030601501464844,SH112023,3,54.030601501464844
without_era5,sar_robust_peak,unet_correction,7.200272560119629,66.80645751953125,sar_robust_peak,False,2023-02-16T00:12:28+00:00,1,38.79006576538086,31.589794158935547,33.74415588378906,31.589794158935547,31.589794158935547,2.3940699100494385,SH112023_sar_geo_20230216001228_9bbc9124,65.4000015258789,57.50040817260742,SH112023,3,57.50040817260742
without_era5,sar_robust_peak,unet_correction,7.743993282318115,54.08716583251953,sar_robust_peak,True,2025-02-12T21:33:13+00:00,3,55.354496002197266,47.610504150390625,52.6904411315918,47.610504150390625,47.610504150390625,25.31807518005371,SH172025_sar_geo_20250212213313_92c883b4,70.37999725341797,56.62949752807617,SH172025,3,56.62949752807617
without_era5,sar_robust_peak,unet_correction,7.92537260055542,59.16106033325195,sar_robust_peak,False,2025-02-13T21:41:24+00:00,2,46.81917190551758,38.893798828125,40.64640808105469,38.893798828125,38.893798828125,4.676295757293701,SH172025_sar_geo_20250213214124_e8716993,60.119998931884766,49.55323028564453,SH172025,3,49.55323028564453
without_era5,sar_robust_peak,unet_correction,0.6164611577987671,20.577760696411133,sar_robust_peak,False,2023-04-10T10:08:15+00:00,0,20.926368713378906,20.309907913208008,24.026348114013672,20.309907913208008,20.309907913208008,-2.5722200870513916,SH182023_sar_geo_20230410100815_7e28c768,26.04296875,17.008670806884766,SH182023,-1,17.008670806884766
without_era5,sar_robust_peak,unet_correction,0.9914588332176208,33.929439544677734,sar_robust_peak,False,2023-04-11T10:15:57+00:00,1,39.59067153930664,38.599212646484375,39.05482864379883,38.599212646484375,38.599212646484375,13.351679801940918,SH182023_sar_geo_20230411101557_348124f1,48.97999954223633,39.89085388183594,SH182023,1,39.89085388183594
without_era5,sar_robust_peak,unet_correction,2.598280668258667,54.48676300048828,sar_robust_peak,True,2023-04-12T21:32:54+00:00,2,44.42696762084961,41.82868576049805,44.9741096496582,41.82868576049805,41.82868576049805,18.475685119628906,SH182023_sar_geo_20230412213254_daeb85a4,58.2599983215332,51.5367546081543,SH182023,3,51.5367546081543
without_era5,sar_robust_peak,unet_correction,0.8693666458129883,70.72319030761719,sar_robust_peak,True,2023-04-13T10:30:54+00:00,1,42.5104866027832,41.64112091064453,43.16801071166992,41.64112091064453,41.64112091064453,28.26869773864746,SH182023_sar_geo_20230413103054_f4cd9cae,68.27999877929688,58.23680877685547,SH182023,4,58.23680877685547
without_era5,sar_robust_peak,unet_correction,1.1710083484649658,18.00554084777832,sar_robust_peak,False,2025-03-20T12:00:50+00:00,-1,15.884410858154297,14.71340274810791,16.910131454467773,14.71340274810791,14.71340274810791,-2.0649211406707764,SH262025_sar_geo_20250320120050_18f77f5f,17.37593650817871,16.022216796875,SH262025,-1,16.022216796875
without_era5,sar_robust_peak,unet_correction,6.529282093048096,15.35915470123291,sar_robust_peak,False,2025-03-20T23:08:39+00:00,0,23.767837524414062,17.238555908203125,18.512691497802734,17.238555908203125,17.238555908203125,-7.790825843811035,SH262025_sar_geo_20250320230839_df8df358,21.73871421813965,20.395126342773438,SH262025,0,20.395126342773438
without_era5,sar_robust_peak,unet_correction,4.650700569152832,45.73478698730469,sar_robust_peak,True,2024-05-26T21:39:33+00:00,0,26.680484771728516,22.029783248901367,22.886180877685547,22.029783248901367,22.029783248901367,18.24318504333496,WP012024_sar_geo_20240526213933_9df56040,40.63999938964844,35.82577133178711,WP012024,1,35.82577133178711
without_era5,sar_robust_peak,unet_correction,6.294138431549072,43.72774124145508,sar_robust_peak,False,2024-05-27T09:52:21+00:00,0,31.639408111572266,25.34527015686035,29.63465118408203,25.34527015686035,25.34527015686035,7.698225975036621,WP012024_sar_geo_20240527095221_8e9f9c60,40.900001525878906,35.272613525390625,WP012024,1,35.272613525390625
without_era5,sar_robust_peak,unet_correction,7.25972318649292,35.151100158691406,sar_robust_peak,False,2024-05-28T09:29:33+00:00,1,38.609458923339844,31.3497371673584,32.55121994018555,31.3497371673584,31.3497371673584,-8.576639175415039,WP012024_sar_geo_20240528092933_c06e204a,39.060001373291016,36.184356689453125,WP012024,1,36.184356689453125
without_era5,sar_robust_peak,unet_correction,7.915182590484619,39.93971633911133,sar_robust_peak,False,2024-05-28T21:21:48+00:00,1,32.95896911621094,25.043787002563477,25.42139434814453,25.043787002563477,25.043787002563477,4.240161895751953,WP012024_sar_geo_20240528212148_22df3ab7,42.13999938964844,37.435882568359375,WP012024,1,37.435882568359375
without_era5,sar_robust_peak,unet_correction,7.576694488525391,35.01763153076172,sar_robust_peak,False,2024-05-29T09:06:12+00:00,1,37.24413299560547,29.667438507080078,30.332839965820312,29.667438507080078,29.667438507080078,0.0,WP012024_sar_geo_20240529090612_d56e7ad6,39.959999084472656,37.48442077636719,WP012024,1,37.48442077636719
without_era5,sar_robust_peak,unet_correction,7.854483604431152,28.347055435180664,sar_robust_peak,False,2024-05-29T20:56:19+00:00,0,28.94802474975586,21.093542098999023,21.361934661865234,21.093542098999023,21.093542098999023,-11.800630569458008,WP012024_sar_geo_20240529205619_9d4a1090,79.12000274658203,33.07667541503906,WP012024,1,33.07667541503906
without_era5,sar_robust_peak,unet_correction,7.396332263946533,39.833683013916016,sar_robust_peak,True,2023-07-23T09:43:45+00:00,2,46.28468704223633,38.88835525512695,40.00196075439453,38.88835525512695,38.88835525512695,20.03473663330078,WP052023_sar_geo_20230723094345_16c82bb1,48.20000076293945,38.569480895996094,WP052023,1,38.569480895996094
without_era5,sar_robust_peak,unet_correction,7.490190029144287,63.574989318847656,sar_robust_peak,True,2023-07-24T09:52:12+00:00,2,49.28341293334961,41.7932243347168,42.97626876831055,41.7932243347168,41.7932243347168,23.499801635742188,WP052023_sar_geo_20230724095212_6c07dd16,53.779998779296875,47.79603958129883,WP052023,2,47.79603958129883
without_era5,sar_robust_peak,unet_correction,7.5396409034729,61.733280181884766,sar_robust_peak,False,2023-07-25T10:00:51+00:00,3,51.27458953857422,43.734947204589844,44.37473678588867,43.734947204589844,43.734947204589844,-1.891153335571289,WP052023_sar_geo_20230725100051_6a4ed126,57.52000045776367,52.65974807739258,WP052023,3,52.65974807739258
without_era5,sar_robust_peak,unet_correction,7.494486331939697,47.88854217529297,sar_robust_peak,False,2023-07-26T10:08:50+00:00,1,36.119205474853516,28.624717712402344,29.073265075683594,28.624717712402344,28.624717712402344,-13.844736099243164,WP052023_sar_geo_20230726100850_0d211749,36.900001525878906,35.53444290161133,WP052023,1,35.53444290161133
without_era5,sar_robust_peak,unet_correction,7.70953893661499,41.155521392822266,sar_robust_peak,False,2023-07-26T22:01:56+00:00,1,40.438255310058594,32.72871780395508,32.93039321899414,32.72871780395508,32.72871780395508,-15.56059741973877,WP052023_sar_geo_20230726220156_e35acc0b,40.41999816894531,37.58406066894531,WP052023,1,37.58406066894531
without_era5,sar_robust_peak,unet_correction,7.685576915740967,41.155521392822266,sar_robust_peak,False,2023-07-26T22:02:52+00:00,2,42.92800521850586,35.242427825927734,35.465370178222656,35.242427825927734,35.242427825927734,-15.539257049560547,WP052023_sar_geo_20230726220252_d3deb372,38.84000015258789,36.08020782470703,WP052023,1,36.08020782470703
without_era5,sar_robust_peak,unet_correction,7.589585304260254,48.51921463012695,sar_robust_peak,False,2023-07-27T10:17:39+00:00,2,43.614253997802734,36.0246696472168,36.517032623291016,36.0246696472168,36.0246696472168,0.7566613554954529,WP052023_sar_geo_20230727101739_a9e95728,44.81999969482422,41.74239730834961,WP052023,1,41.74239730834961
without_era5,sar_robust_peak,unet_correction,4.005494117736816,20.577760696411133,sar_robust_peak,False,2024-08-12T07:55:49+00:00,0,25.548072814941406,21.542577743530273,23.062299728393555,21.542577743530273,21.542577743530273,2.5722200870513916,WP072024_sar_geo_20240812075549_e8fedc4e,21.658456802368164,20.483028411865234,WP072024,0,20.483028411865234
without_era5,sar_robust_peak,unet_correction,5.5915327072143555,19.809429168701172,sar_robust_peak,False,2024-08-12T20:14:25+00:00,0,21.518234252929688,15.926700592041016,18.29118537902832,15.926700592041016,15.926700592041016,-0.7683316469192505,WP072024_sar_geo_20240812201425_1226442e,22.83545684814453,19.634958267211914,WP072024,0,19.634958267211914
without_era5,sar_robust_peak,unet_correction,4.255377292633057,14.71900463104248,sar_robust_peak,False,2024-08-13T08:04:58+00:00,0,20.577499389648438,16.32212257385254,17.207599639892578,16.32212257385254,16.32212257385254,-5.858755111694336,WP072024_sar_geo_20240813080458_cdd218d1,21.210275650024414,15.737432479858398,WP072024,-1,15.737432479858398
without_era5,sar_robust_peak,unet_correction,7.3009419441223145,25.722200393676758,sar_robust_peak,False,2023-08-26T07:54:01+00:00,1,33.18058776855469,25.87964630126953,26.541255950927734,25.87964630126953,25.87964630126953,5.144440174102783,WP082023_sar_geo_20230826075401_86c4bdd0,38.68000030517578,34.366600036621094,WP082023,1,34.366600036621094
without_era5,sar_robust_peak,unet_correction,6.028716087341309,27.52808952331543,sar_robust_peak,False,2023-08-28T08:14:04+00:00,0,28.540245056152344,22.51152992248535,24.03082275390625,22.51152992248535,22.51152992248535,-0.7663310170173645,WP082023_sar_geo_20230828081404_53227c39,33.70000076293945,31.261465072631836,WP082023,0,31.261465072631836
without_era5,sar_robust_peak,unet_correction,7.865042209625244,18.00554084777832,sar_robust_peak,False,2024-08-19T21:43:55+00:00,0,28.101627349853516,20.23658561706543,20.649906158447266,20.23658561706543,20.23658561706543,0.7778583765029907,WP102024_sar_geo_20240819214355_fe68614f,31.88100814819336,22.201045989990234,WP102024,0,22.201045989990234
without_era5,sar_robust_peak,unet_correction,7.147890567779541,43.94685363769531,sar_robust_peak,False,2024-08-26T09:15:20+00:00,1,36.04714584350586,28.899255752563477,30.70349884033203,28.899255752563477,28.899255752563477,6.304797172546387,WP112024_sar_geo_20240826091520_95af66ff,44.79999923706055,41.65532684326172,WP112024,1,41.65532684326172
without_era5,sar_robust_peak,unet_correction,7.822058200836182,53.01136016845703,sar_robust_peak,True,2024-08-26T21:04:08+00:00,2,44.402137756347656,36.580078125,40.245445251464844,36.580078125,36.580078125,15.492385864257812,WP112024_sar_geo_20240826210408_a57cc755,52.724998474121094,45.93745040893555,WP112024,2,45.93745040893555
without_era5,sar_robust_peak,unet_correction,7.894041538238525,58.26707077026367,sar_robust_peak,False,2024-08-27T09:23:36+00:00,2,44.30567169189453,36.41162872314453,38.25333786010742,36.41162872314453,36.41162872314453,14.202083587646484,WP112024_sar_geo_20240827092336_88090114,57.720001220703125,52.73346710205078,WP112024,3,52.73346710205078
without_era5,sar_robust_peak,unet_correction,7.562681198120117,56.58884048461914,sar_robust_peak,False,2024-08-27T21:12:15+00:00,2,47.22388458251953,39.66120147705078,40.56234359741211,39.66120147705078,39.66120147705078,3.5310864448547363,WP112024_sar_geo_20240827211215_cbee7e4b,55.81999969482422,49.47250747680664,WP112024,3,49.47250747680664
without_era5,sar_robust_peak,unet_correction,7.919731140136719,50.14400100708008,sar_robust_peak,False,2024-08-28T09:31:40+00:00,1,38.460147857666016,30.540416717529297,31.893325805664062,30.540416717529297,30.540416717529297,-8.169179916381836,WP112024_sar_geo_20240828093140_80dcdc85,58.7586784362793,41.45331954956055,WP112024,1,41.45331954956055
without_era5,sar_robust_peak,unet_correction,7.3421807289123535,40.90044021606445,sar_robust_peak,False,2024-08-28T21:19:50+00:00,1,36.99302291870117,29.650840759277344,30.39908218383789,29.650840759277344,29.650840759277344,-15.688398361206055,WP112024_sar_geo_20240828211950_9fc5a1dd,80.0,47.3892936706543,WP112024,2,47.3892936706543
without_era5,sar_robust_peak,unet_correction,7.769382953643799,20.577760696411133,sar_robust_peak,False,2024-09-05T20:14:24+00:00,0,31.12148666381836,23.35210418701172,23.791522979736328,23.35210418701172,23.35210418701172,2.5722200870513916,WP132024_sar_geo_20240905201424_2b6d0688,40.540000915527344,31.746538162231445,WP132024,0,31.746538162231445
without_era5,sar_robust_peak,unet_correction,4.568335056304932,18.00554084777832,sar_robust_peak,False,2024-09-06T08:05:07+00:00,0,25.974153518676758,21.405818939208984,23.515750885009766,21.405818939208984,21.405818939208984,0.0,WP132024_sar_geo_20240906080507_a6b444e0,20.746583938598633,19.321083068847656,WP132024,0,19.321083068847656
without_era5,sar_robust_peak,unet_correction,6.891290664672852,17.384206771850586,sar_robust_peak,False,2024-09-06T19:48:42+00:00,0,27.34128189086914,20.44999122619629,21.367511749267578,20.44999122619629,20.44999122619629,-3.193553924560547,WP132024_sar_geo_20240906194842_9f4d9498,20.069189071655273,18.259702682495117,WP132024,0,18.259702682495117
without_era5,sar_robust_peak,unet_correction,6.464423656463623,22.746999740600586,sar_robust_peak,False,2023-10-19T10:49:30+00:00,2,45.1495361328125,38.68511199951172,41.2576789855957,38.68511199951172,38.68511199951172,2.5722200870513916,WP162023_sar_geo_20231019104930_9a749bdc,80.0,36.78159713745117,WP162023,1,36.78159713745117
without_era5,sar_robust_peak,unet_correction,7.532284259796143,20.577760696411133,sar_robust_peak,False,2023-10-19T22:43:10+00:00,1,38.668128967285156,31.13584327697754,31.84213638305664,31.13584327697754,31.13584327697754,1.9134458303451538,WP162023_sar_geo_20231019224310_d9ac92a8,80.0,25.158126831054688,WP162023,0,25.158126831054688
without_era5,sar_robust_peak,unet_correction,5.695872783660889,15.9686279296875,sar_robust_peak,False,2023-10-20T10:57:34+00:00,0,27.818431854248047,22.12255859375,23.144655227661133,22.12255859375,22.12255859375,-6.8244805335998535,WP162023_sar_geo_20231020105734_00b31332,80.0,31.868629455566406,WP162023,0,31.868629455566406
without_era5,sar_robust_peak,unet_correction,7.771786689758301,24.468528747558594,sar_robust_peak,False,2025-09-05T08:33:47+00:00,1,42.344818115234375,34.57303237915039,35.3604621887207,34.57303237915039,34.57303237915039,6.462988376617432,WP212025_sar_geo_20250905083347_3ae8e0aa,33.5,27.7016658782959,WP212025,0,27.7016658782959
without_era5,sar_robust_peak,unet_correction,5.280505657196045,19.078346252441406,sar_robust_peak,False,2025-09-18T21:07:41+00:00,0,26.364858627319336,21.084352493286133,22.12666893005371,21.084352493286133,21.084352493286133,,WP242025_sar_geo_20250918210741_c0a8f306,22.194433212280273,20.288606643676758,WP242025,0,20.288606643676758
without_era5,sar_robust_peak,unet_correction,7.628073215484619,30.547494888305664,sar_robust_peak,False,2025-09-19T21:13:40+00:00,1,41.5750617980957,33.94698715209961,34.86847686767578,33.94698715209961,33.94698715209961,11.43494701385498,WP242025_sar_geo_20250919211340_695286ba,36.70000076293945,34.47115707397461,WP242025,1,34.47115707397461
without_era5,sar_robust_peak,unet_correction,7.727872371673584,30.57440757751465,sar_robust_peak,False,2025-09-19T21:15:33+00:00,1,41.31847381591797,33.59060287475586,34.352359771728516,33.59060287475586,33.59060287475586,11.451094627380371,WP242025_sar_geo_20250919211533_41d7c3ba,34.58000183105469,33.21208953857422,WP242025,1,33.21208953857422
without_era5,sar_robust_peak,unet_correction,7.558155059814453,60.323036193847656,sar_robust_peak,True,2025-09-20T21:23:17+00:00,1,39.235626220703125,31.67746925354004,32.45180892944336,31.67746925354004,31.67746925354004,29.638118743896484,WP242025_sar_geo_20250920212317_7e455209,55.7599983215332,48.43717575073242,WP242025,2,48.43717575073242
without_era5,sar_robust_peak,unet_correction,7.517282485961914,72.85513305664062,sar_robust_peak,True,2025-09-21T09:37:09+00:00,3,51.10338592529297,43.58610534667969,46.9897575378418,43.58610534667969,43.58610534667969,27.640933990478516,WP242025_sar_geo_20250921093709_b508ba36,61.41999816894531,55.058265686035156,WP242025,3,55.058265686035156
without_era5,sar_robust_peak,unet_correction,7.859493732452393,74.0799331665039,sar_robust_peak,False,2025-09-21T21:31:23+00:00,3,53.9184684753418,46.05897521972656,47.37752914428711,46.05897521972656,46.05897521972656,13.710599899291992,WP242025_sar_geo_20250921213123_bfc94639,66.27999877929688,59.192657470703125,WP242025,4,59.192657470703125
without_era5,sar_robust_peak,unet_correction,7.654040813446045,59.700462341308594,sar_robust_peak,False,2025-09-23T10:25:38+00:00,2,49.24970245361328,41.59566116333008,42.62785339355469,41.59566116333008,41.59566116333008,-7.496878147125244,WP242025_sar_geo_20250923102538_5aa662c2,56.34000015258789,49.855220794677734,WP242025,3,49.855220794677734
without_era5,sar_robust_peak,unet_correction,7.296855449676514,56.94694900512695,sar_robust_peak,False,2025-09-23T22:18:14+00:00,3,52.25474166870117,44.9578857421875,46.518245697021484,44.9578857421875,44.9578857421875,-6.8441057205200195,WP242025_sar_geo_20250923221814_e7b45b16,80.0,49.36774444580078,WP242025,2,49.36774444580078
without_era5,sar_robust_peak,unet_correction,7.23109769821167,56.94152069091797,sar_robust_peak,False,2025-09-23T22:18:52+00:00,3,53.181129455566406,45.95003128051758,47.6452522277832,45.95003128051758,45.95003128051758,-6.849535942077637,WP242025_sar_geo_20250923221852_6a75749b,80.0,51.13564682006836,WP242025,3,51.13564682006836
without_era5,sar_robust_peak,unet_correction,7.644139289855957,61.21883773803711,sar_robust_peak,True,2025-10-07T20:56:17+00:00,2,48.7464599609375,41.10232162475586,42.46449661254883,41.10232162475586,41.10232162475586,22.688648223876953,WP282025_sar_geo_20251007205617_b3422293,61.79999923706055,55.649513244628906,WP282025,3,55.649513244628906
without_era5,sar_robust_peak,unet_correction,7.853126049041748,61.21883773803711,sar_robust_peak,False,2025-10-08T08:44:08+00:00,2,45.502281188964844,37.64915466308594,38.4182014465332,37.64915466308594,37.64915466308594,8.215479850769043,WP282025_sar_geo_20251008084408_05dee5d2,48.68000030517578,46.535682678222656,WP282025,2,46.535682678222656
without_era5,sar_robust_peak,unet_correction,7.777402877807617,55.207557678222656,sar_robust_peak,False,2025-10-08T20:31:39+00:00,2,45.19038391113281,37.41298294067383,39.11394119262695,37.41298294067383,37.41298294067383,-6.01127815246582,WP282025_sar_geo_20251008203139_134d70ed,59.2400016784668,56.240962982177734,WP282025,3,56.240962982177734
without_era5,sar_robust_peak,unet_correction,7.905356407165527,46.24051284790039,sar_robust_peak,False,2025-10-09T08:20:12+00:00,1,41.5986328125,33.693275451660156,35.283023834228516,33.693275451660156,33.693275451660156,-14.978322982788086,WP282025_sar_geo_20251009082012_18810889,56.439998626708984,54.309810638427734,WP282025,3,54.309810638427734
