storm_id,storm,conditioning,observation_timestamp,series_key,series,maximum_wind_ms,is_rapid_intensification,aggregation,smoothing_hours
AL082025,Humberto (2025),with_era5,2025-09-24T12:00:00+00:00,ibtracs_best_track,IBTrACS best track,18.00554,False,hourly mean,3
AL082025,Humberto (2025),with_era5,2025-09-24T13:00:00+00:00,ibtracs_best_track,IBTrACS best track,18.00554,False,hourly mean,3
AL082025,Humberto (2025),with_era5,2025-09-24T14:00:00+00:00,ibtracs_best_track,IBTrACS best track,18.00554,False,hourly mean,3
AL082025,Humberto (2025),with_era5,2025-09-24T15:00:00+00:00,ibtracs_best_track,IBTrACS best track,18.00554,False,hourly mean,3
AL082025,Humberto (2025),with_era5,2025-09-24T16:00:00+00:00,ibtracs_best_track,IBTrACS best track,18.00554,False,hourly mean,3
AL082025,Humberto (2025),with_era5,2025-09-24T17:00:00+00:00,ibtracs_best_track,IBTrACS best track,18.077847962222222,False,hourly mean,3
AL082025,Humberto (2025),with_era5,2025-09-24T18:00:00+00:00,ibtracs_best_track,IBTrACS best track,18.32163725777778,False,hourly mean,3
AL082025,Humberto (2025),with_era5,2025-09-24T19:00:00+00:00,ibtracs_best_track,IBTrACS best track,18.736907886666668,False,hourly mean,3
AL082025,Humberto (2025),with_era5,2025-09-24T20:00:00+00:00,ibtracs_best_track,IBTrACS best track,19.227249232592595,False,hourly mean,3
AL082025,Humberto (2025),with_era5,2025-09-24T21:00:00+00:00,ibtracs_best_track,IBTrACS best track,19.660430134074073,False,hourly mean,3
AL082025,Humberto (2025),with_era5,2025-09-24T22:00:00+00:00,ibtracs_best_track,IBTrACS best track,20.036450591111112,False,hourly mean,3
AL082025,Humberto (2025),with_era5,2025-09-24T23:00:00+00:00,ibtracs_best_track,IBTrACS best track,20.40351591185185,False,hourly mean,3
AL082025,Humberto (2025),with_era5,2025-09-25T00:00:00+00:00,ibtracs_best_track,IBTrACS best track,20.827741677037036,False,hourly mean,3
AL082025,Humberto (2025),with_era5,2025-09-25T01:00:00+00:00,ibtracs_best_track,IBTrACS best track,21.30912788666667,False,hourly mean,3
AL082025,Humberto (2025),with_era5,2025-09-25T02:00:00+00:00,ibtracs_best_track,IBTrACS best track,21.79946923259259,False,hourly mean,3
AL082025,Humberto (2025),with_era5,2025-09-25T03:00:00+00:00,ibtracs_best_track,IBTrACS best track,22.23265542670782,False,hourly mean,3
AL082025,Humberto (2025),with_era5,2025-09-25T04:00:00+00:00,ibtracs_best_track,IBTrACS best track,22.608707639547323,False,hourly mean,3
AL082025,Humberto (2025),with_era5,2025-09-25T05:00:00+00:00,ibtracs_best_track,IBTrACS best track,22.97582059399177,False,hourly mean,3
AL082025,Humberto (2025),with_era5,2025-09-25T06:00:00+00:00,ibtracs_best_track,IBTrACS best track,23.400088700246915,False,hourly mean,3
AL082025,Humberto (2025),with_era5,2025-09-25T07:00:00+00:00,ibtracs_best_track,IBTrACS best track,23.88149078777778,False,hourly mean,3
AL082025,Humberto (2025),with_era5,2025-09-25T08:00:00+00:00,ibtracs_best_track,IBTrACS best track,24.37181625580247,False,hourly mean,3
AL082025,Humberto (2025),with_era5,2025-09-25T09:00:00+00:00,ibtracs_best_track,IBTrACS best track,24.804981279382716,False,hourly mean,3
AL082025,Humberto (2025),with_era5,2025-09-25T10:00:00+00:00,ibtracs_best_track,IBTrACS best track,25.180985858518522,False,hourly mean,3
AL082025,Humberto (2025),with_era5,2025-09-25T11:00:00+00:00,ibtracs_best_track,IBTrACS best track,25.548067057160495,False,hourly mean,3
AL082025,Humberto (2025),with_era5,2025-09-25T12:00:00+00:00,ibtracs_best_track,IBTrACS best track,25.972308700246916,False,hourly mean,3
AL082025,Humberto (2025),with_era5,2025-09-25T13:00:00+00:00,ibtracs_best_track,IBTrACS best track,26.45371078777778,False,hourly mean,3
AL082025,Humberto (2025),with_era5,2025-09-25T14:00:00+00:00,ibtracs_best_track,IBTrACS best track,26.94403625580247,False,hourly mean,3
AL082025,Humberto (2025),with_era5,2025-09-25T15:00:00+00:00,ibtracs_best_track,IBTrACS best track,27.37719598674897,False,hourly mean,3
AL082025,Humberto (2025),with_era5,2025-09-25T16:00:00+00:00,ibtracs_best_track,IBTrACS best track,27.753179395349793,False,hourly mean,3
AL082025,Humberto (2025),with_era5,2025-09-25T17:00:00+00:00,ibtracs_best_track,IBTrACS best track,28.12026059399177,False,hourly mean,3
AL082025,Humberto (2025),with_era5,2025-09-25T18:00:00+00:00,ibtracs_best_track,IBTrACS best track,28.544507529711936,False,hourly mean,3
AL082025,Humberto (2025),with_era5,2025-09-25T19:00:00+00:00,ibtracs_best_track,IBTrACS best track,29.02593078777778,False,hourly mean,3
AL082025,Humberto (2025),with_era5,2025-09-25T20:00:00+00:00,ibtracs_best_track,IBTrACS best track,29.51625625580247,False,hourly mean,3
AL082025,Humberto (2025),with_era5,2025-09-25T21:00:00+00:00,ibtracs_best_track,IBTrACS best track,29.949421279382715,False,hourly mean,3
AL082025,Humberto (2025),with_era5,2025-09-25T22:00:00+00:00,ibtracs_best_track,IBTrACS best track,30.325425858518518,False,hourly mean,3
AL082025,Humberto (2025),with_era5,2025-09-25T23:00:00+00:00,ibtracs_best_track,IBTrACS best track,30.74074412111111,False,hourly mean,3
AL082025,Humberto (2025),with_era5,2025-09-26T00:00:00+00:00,ibtracs_best_track,IBTrACS best track,31.327543717037035,False,hourly mean,3
AL082025,Humberto (2025),with_era5,2025-09-26T01:00:00+00:00,ibtracs_best_track,IBTrACS best track,32.085824646296295,False,hourly mean,3
AL082025,Humberto (2025),with_era5,2025-09-26T02:00:00+00:00,ibtracs_best_track,IBTrACS best track,32.94323131296297,False,hourly mean,3
AL082025,Humberto (2025),with_era5,2025-09-26T03:00:00+00:00,ibtracs_best_track,IBTrACS best track,33.800637979629634,False,hourly mean,3
AL082025,Humberto (2025),with_era5,2025-09-26T04:00:00+00:00,ibtracs_best_track,IBTrACS best track,34.6580446462963,False,hourly mean,3
AL082025,Humberto (2025),with_era5,2025-09-26T05:00:00+00:00,ibtracs_best_track,IBTrACS best track,35.515451312962966,False,hourly mean,3
AL082025,Humberto (2025),with_era5,2025-09-26T06:00:00+00:00,ibtracs_best_track,IBTrACS best track,36.372857979629636,False,hourly mean,3
AL082025,Humberto (2025),with_era5,2025-09-26T07:00:00+00:00,ibtracs_best_track,IBTrACS best track,37.2302646462963,False,hourly mean,3
AL082025,Humberto (2025),with_era5,2025-09-26T08:00:00+00:00,ibtracs_best_track,IBTrACS best track,38.08767131296296,False,hourly mean,3
AL082025,Humberto (2025),with_era5,2025-09-26T09:00:00+00:00,ibtracs_best_track,IBTrACS best track,38.94507797962962,False,hourly mean,3
AL082025,Humberto (2025),with_era5,2025-09-26T10:00:00+00:00,ibtracs_best_track,IBTrACS best track,39.8024846462963,False,hourly mean,3
AL082025,Humberto (2025),with_era5,2025-09-26T11:00:00+00:00,ibtracs_best_track,IBTrACS best track,40.73224690888889,False,hourly mean,3
AL082025,Humberto (2025),with_era5,2025-09-26T12:00:00+00:00,ibtracs_best_track,IBTrACS best track,41.83349050481481,True,hourly mean,3
AL082025,Humberto (2025),with_era5,2025-09-26T13:00:00+00:00,ibtracs_best_track,IBTrACS best track,43.10621543407407,True,hourly mean,3
AL082025,Humberto (2025),with_era5,2025-09-26T14:00:00+00:00,ibtracs_best_track,IBTrACS best track,44.453947568765436,True,hourly mean,3
AL082025,Humberto (2025),with_era5,2025-09-26T15:00:00+00:00,ibtracs_best_track,IBTrACS best track,45.74451925901235,True,hourly mean,3
AL082025,Humberto (2025),with_era5,2025-09-26T16:00:00+00:00,ibtracs_best_track,IBTrACS best track,46.97793050481482,True,hourly mean,3
AL082025,Humberto (2025),with_era5,2025-09-26T17:00:00+00:00,ibtracs_best_track,IBTrACS best track,48.250655434074076,True,hourly mean,3
AL082025,Humberto (2025),with_era5,2025-09-26T18:00:00+00:00,ibtracs_best_track,IBTrACS best track,49.69486169666666,True,hourly mean,3
AL082025,Humberto (2025),with_era5,2025-09-26T19:00:00+00:00,ibtracs_best_track,IBTrACS best track,51.31054929259259,True,hourly mean,3
AL082025,Humberto (2025),with_era5,2025-09-26T20:00:00+00:00,ibtracs_best_track,IBTrACS best track,53.02536262592593,True,hourly mean,3
AL082025,Humberto (2025),with_era5,2025-09-26T21:00:00+00:00,ibtracs_best_track,IBTrACS best track,54.74017595925926,True,hourly mean,3
AL082025,Humberto (2025),with_era5,2025-09-26T22:00:00+00:00,ibtracs_best_track,IBTrACS best track,56.454989292592586,True,hourly mean,3
AL082025,Humberto (2025),with_era5,2025-09-26T23:00:00+00:00,ibtracs_best_track,IBTrACS best track,58.049209966049375,True,hourly mean,3
AL082025,Humberto (2025),with_era5,2025-09-27T00:00:00+00:00,ibtracs_best_track,IBTrACS best track,59.357628417283955,True,hourly mean,3
AL082025,Humberto (2025),with_era5,2025-09-27T01:00:00+00:00,ibtracs_best_track,IBTrACS best track,60.3802446462963,True,hourly mean,3
AL082025,Humberto (2025),with_era5,2025-09-27T02:00:00+00:00,ibtracs_best_track,IBTrACS best track,61.237651312962974,True,hourly mean,3
AL082025,Humberto (2025),with_era5,2025-09-27T03:00:00+00:00,ibtracs_best_track,IBTrACS best track,62.09505797962964,True,hourly mean,3
AL082025,Humberto (2025),with_era5,2025-09-27T04:00:00+00:00,ibtracs_best_track,IBTrACS best track,62.9524646462963,True,hourly mean,3
AL082025,Humberto (2025),with_era5,2025-09-27T05:00:00+00:00,ibtracs_best_track,IBTrACS best track,63.76163424901235,True,hourly mean,3
AL082025,Humberto (2025),with_era5,2025-09-27T06:00:00+00:00,ibtracs_best_track,IBTrACS best track,64.45648296283952,True,hourly mean,3
AL082025,Humberto (2025),with_era5,2025-09-27T07:00:00+00:00,ibtracs_best_track,IBTrACS best track,65.03701078777779,True,hourly mean,3
AL082025,Humberto (2025),with_era5,2025-09-27T08:00:00+00:00,ibtracs_best_track,IBTrACS best track,65.52733625580248,True,hourly mean,3
AL082025,Humberto (2025),with_era5,2025-09-27T09:00:00+00:00,ibtracs_best_track,IBTrACS best track,65.96050127938274,True,hourly mean,3
AL082025,Humberto (2025),with_era5,2025-09-27T10:00:00+00:00,ibtracs_best_track,IBTrACS best track,66.33650585851852,True,hourly mean,3
AL082025,Humberto (2025),with_era5,2025-09-27T11:00:00+00:00,ibtracs_best_track,IBTrACS best track,66.75182412111111,True,hourly mean,3
AL082025,Humberto (2025),with_era5,2025-09-27T12:00:00+00:00,ibtracs_best_track,IBTrACS best track,67.33862371703704,True,hourly mean,3
AL082025,Humberto (2025),with_era5,2025-09-27T13:00:00+00:00,ibtracs_best_track,IBTrACS best track,68.0969046462963,True,hourly mean,3
AL082025,Humberto (2025),with_era5,2025-09-27T14:00:00+00:00,ibtracs_best_track,IBTrACS best track,68.95431131296296,True,hourly mean,3
AL082025,Humberto (2025),with_era5,2025-09-27T15:00:00+00:00,ibtracs_best_track,IBTrACS best track,69.81171797962963,True,hourly mean,3
AL082025,Humberto (2025),with_era5,2025-09-27T16:00:00+00:00,ibtracs_best_track,IBTrACS best track,70.66912464629631,True,hourly mean,3
AL082025,Humberto (2025),with_era5,2025-09-27T17:00:00+00:00,ibtracs_best_track,IBTrACS best track,71.40593865308642,True,hourly mean,3
AL082025,Humberto (2025),with_era5,2025-09-27T18:00:00+00:00,ibtracs_best_track,IBTrACS best track,71.85695043765433,True,hourly mean,3
AL082025,Humberto (2025),with_era5,2025-09-27T19:00:00+00:00,ibtracs_best_track,IBTrACS best track,72.02216,True,hourly mean,3
AL082025,Humberto (2025),with_era5,2025-09-27T20:00:00+00:00,ibtracs_best_track,IBTrACS best track,72.02216,True,hourly mean,3
AL082025,Humberto (2025),with_era5,2025-09-27T21:00:00+00:00,ibtracs_best_track,IBTrACS best track,72.02216,True,hourly mean,3
AL082025,Humberto (2025),with_era5,2025-09-27T22:00:00+00:00,ibtracs_best_track,IBTrACS best track,72.02216,True,hourly mean,3
AL082025,Humberto (2025),with_era5,2025-09-27T23:00:00+00:00,ibtracs_best_track,IBTrACS best track,71.97392293604939,False,hourly mean,3
AL082025,Humberto (2025),with_era5,2025-09-28T00:00:00+00:00,ibtracs_best_track,IBTrACS best track,71.81136498320988,False,hourly mean,3
AL082025,Humberto (2025),with_era5,2025-09-28T01:00:00+00:00,ibtracs_best_track,IBTrACS best track,71.53448614148148,False,hourly mean,3
AL082025,Humberto (2025),with_era5,2025-09-28T02:00:00+00:00,ibtracs_best_track,IBTrACS best track,71.16740494283953,False,hourly mean,3
AL082025,Humberto (2025),with_era5,2025-09-28T03:00:00+00:00,ibtracs_best_track,IBTrACS best track,70.74316329975309,False,hourly mean,3
AL082025,Humberto (2025),with_era5,2025-09-28T04:00:00+00:00,ibtracs_best_track,IBTrACS best track,70.26176121222223,False,hourly mean,3
AL082025,Humberto (2025),with_era5,2025-09-28T05:00:00+00:00,ibtracs_best_track,IBTrACS best track,69.69908014827162,False,hourly mean,3
AL082025,Humberto (2025),with_era5,2025-09-28T06:00:00+00:00,ibtracs_best_track,IBTrACS best track,69.02207819543212,False,hourly mean,3
AL082025,Humberto (2025),with_era5,2025-09-28T07:00:00+00:00,ibtracs_best_track,IBTrACS best track,68.23075535370371,False,hourly mean,3
AL082025,Humberto (2025),with_era5,2025-09-28T08:00:00+00:00,ibtracs_best_track,IBTrACS best track,67.37334868703705,False,hourly mean,3
AL082025,Humberto (2025),with_era5,2025-09-28T09:00:00+00:00,ibtracs_best_track,IBTrACS best track,66.51594202037037,False,hourly mean,3
AL082025,Humberto (2025),with_era5,2025-09-28T10:00:00+00:00,ibtracs_best_track,IBTrACS best track,65.65853535370371,False,hourly mean,3
AL082025,Humberto (2025),with_era5,2025-09-28T11:00:00+00:00,ibtracs_best_track,IBTrACS best track,64.92172134691357,False,hourly mean,3
AL082025,Humberto (2025),with_era5,2025-09-28T12:00:00+00:00,ibtracs_best_track,IBTrACS best track,64.47070956234568,False,hourly mean,3
AL082025,Humberto (2025),with_era5,2025-09-28T13:00:00+00:00,ibtracs_best_track,IBTrACS best track,64.3055,False,hourly mean,3
AL082025,Humberto (2025),with_era5,2025-09-28T14:00:00+00:00,ibtracs_best_track,IBTrACS best track,64.3055,False,hourly mean,3
AL082025,Humberto (2025),with_era5,2025-09-28T15:00:00+00:00,ibtracs_best_track,IBTrACS best track,64.3055,False,hourly mean,3
AL082025,Humberto (2025),with_era5,2025-09-28T16:00:00+00:00,ibtracs_best_track,IBTrACS best track,64.3055,False,hourly mean,3
AL082025,Humberto (2025),with_era5,2025-09-28T17:00:00+00:00,ibtracs_best_track,IBTrACS best track,64.25726293604939,False,hourly mean,3
AL082025,Humberto (2025),with_era5,2025-09-28T18:00:00+00:00,ibtracs_best_track,IBTrACS best track,64.09470498320988,False,hourly mean,3
AL082025,Humberto (2025),with_era5,2025-09-28T19:00:00+00:00,ibtracs_best_track,IBTrACS best track,63.8178261414815,False,hourly mean,3
AL082025,Humberto (2025),with_era5,2025-09-28T20:00:00+00:00,ibtracs_best_track,IBTrACS best track,63.45074494283951,False,hourly mean,3
AL082025,Humberto (2025),with_era5,2025-09-28T21:00:00+00:00,ibtracs_best_track,IBTrACS best track,63.026503299753095,False,hourly mean,3
AL082025,Humberto (2025),with_era5,2025-09-28T22:00:00+00:00,ibtracs_best_track,IBTrACS best track,62.54510121222223,False,hourly mean,3
AL082025,Humberto (2025),with_era5,2025-09-28T23:00:00+00:00,ibtracs_best_track,IBTrACS best track,62.10301280814815,False,hourly mean,3
AL082025,Humberto (2025),with_era5,2025-09-29T00:00:00+00:00,ibtracs_best_track,IBTrACS best track,61.83240573740741,False,hourly mean,3
AL082025,Humberto (2025),with_era5,2025-09-29T01:00:00+00:00,ibtracs_best_track,IBTrACS best track,61.73328,False,hourly mean,3
AL082025,Humberto (2025),with_era5,2025-09-29T02:00:00+00:00,ibtracs_best_track,IBTrACS best track,61.73328,False,hourly mean,3
AL082025,Humberto (2025),with_era5,2025-09-29T03:00:00+00:00,ibtracs_best_track,IBTrACS best track,61.73328,False,hourly mean,3
AL082025,Humberto (2025),with_era5,2025-09-29T04:00:00+00:00,ibtracs_best_track,IBTrACS best track,61.73328,False,hourly mean,3
AL082025,Humberto (2025),with_era5,2025-09-29T05:00:00+00:00,ibtracs_best_track,IBTrACS best track,61.805635595925935,False,hourly mean,3
AL082025,Humberto (2025),with_era5,2025-09-29T06:00:00+00:00,ibtracs_best_track,IBTrACS best track,62.049472525185195,False,hourly mean,3
AL082025,Humberto (2025),with_era5,2025-09-29T07:00:00+00:00,ibtracs_best_track,IBTrACS best track,62.46479078777779,False,hourly mean,3
AL082025,Humberto (2025),with_era5,2025-09-29T08:00:00+00:00,ibtracs_best_track,IBTrACS best track,62.95511625580247,False,hourly mean,3
AL082025,Humberto (2025),with_era5,2025-09-29T09:00:00+00:00,ibtracs_best_track,IBTrACS best track,63.38828127938272,False,hourly mean,3
AL082025,Humberto (2025),with_era5,2025-09-29T10:00:00+00:00,ibtracs_best_track,IBTrACS best track,63.76428585851852,False,hourly mean,3
AL082025,Humberto (2025),with_era5,2025-09-29T11:00:00+00:00,ibtracs_best_track,IBTrACS best track,63.93841880135802,False,hourly mean,3
AL082025,Humberto (2025),with_era5,2025-09-29T12:00:00+00:00,ibtracs_best_track,IBTrACS best track,63.712428633086425,False,hourly mean,3
AL082025,Humberto (2025),with_era5,2025-09-29T13:00:00+00:00,ibtracs_best_track,IBTrACS best track,63.086315353703704,False,hourly mean,3
AL082025,Humberto (2025),with_era5,2025-09-29T14:00:00+00:00,ibtracs_best_track,IBTrACS best track,62.22890868703704,False,hourly mean,3
AL082025,Humberto (2025),with_era5,2025-09-29T15:00:00+00:00,ibtracs_best_track,IBTrACS best track,61.37150202037037,False,hourly mean,3
AL082025,Humberto (2025),with_era5,2025-09-29T16:00:00+00:00,ibtracs_best_track,IBTrACS best track,60.51409535370371,False,hourly mean,3
AL082025,Humberto (2025),with_era5,2025-09-29T17:00:00+00:00,ibtracs_best_track,IBTrACS best track,59.60845162308643,False,hourly mean,3
AL082025,Humberto (2025),with_era5,2025-09-29T18:00:00+00:00,ibtracs_best_track,IBTrACS best track,58.58848700358025,False,hourly mean,3
AL082025,Humberto (2025),with_era5,2025-09-29T19:00:00+00:00,ibtracs_best_track,IBTrACS best track,57.45420149518518,False,hourly mean,3
AL082025,Humberto (2025),with_era5,2025-09-29T20:00:00+00:00,ibtracs_best_track,IBTrACS best track,56.229713629876535,False,hourly mean,3
AL082025,Humberto (2025),with_era5,2025-09-29T21:00:00+00:00,ibtracs_best_track,IBTrACS best track,54.948065320123455,False,hourly mean,3
AL082025,Humberto (2025),with_era5,2025-09-29T22:00:00+00:00,ibtracs_best_track,IBTrACS best track,53.60925656592593,False,hourly mean,3
AL082025,Humberto (2025),with_era5,2025-09-29T23:00:00+00:00,ibtracs_best_track,IBTrACS best track,52.30976149518519,False,hourly mean,3
AL082025,Humberto (2025),with_era5,2025-09-30T00:00:00+00:00,ibtracs_best_track,IBTrACS best track,51.18174775777778,False,hourly mean,3
AL082025,Humberto (2025),with_era5,2025-09-30T01:00:00+00:00,ibtracs_best_track,IBTrACS best track,50.2252153537037,False,hourly mean,3
AL082025,Humberto (2025),with_era5,2025-09-30T02:00:00+00:00,ibtracs_best_track,IBTrACS best track,49.36780868703704,False,hourly mean,3
AL082025,Humberto (2025),with_era5,2025-09-30T03:00:00+00:00,ibtracs_best_track,IBTrACS best track,48.51040202037037,False,hourly mean,3
AL082025,Humberto (2025),with_era5,2025-09-30T04:00:00+00:00,ibtracs_best_track,IBTrACS best track,47.65299535370371,False,hourly mean,3
AL082025,Humberto (2025),with_era5,2025-09-30T05:00:00+00:00,ibtracs_best_track,IBTrACS best track,46.67499602716049,False,hourly mean,3
AL082025,Humberto (2025),with_era5,2025-09-30T06:00:00+00:00,ibtracs_best_track,IBTrACS best track,45.41119447839506,False,hourly mean,3
AL082025,Humberto (2025),with_era5,2025-09-30T07:00:00+00:00,ibtracs_best_track,IBTrACS best track,43.86159070740741,False,hourly mean,3
AL082025,Humberto (2025),with_era5,2025-09-30T08:00:00+00:00,ibtracs_best_track,IBTrACS best track,42.14677737407408,False,hourly mean,3
AL082025,Humberto (2025),with_era5,2025-09-30T09:00:00+00:00,ibtracs_best_track,IBTrACS best track,40.47959774444445,False,hourly mean,3
AL082025,Humberto (2025),with_era5,2025-09-30T10:00:00+00:00,ibtracs_best_track,IBTrACS best track,38.76430807407408,False,hourly mean,3
AL082025,Humberto (2025),with_era5,2025-09-30T11:00:00+00:00,ibtracs_best_track,IBTrACS best track,37.29068006049383,False,hourly mean,3
AL082025,Humberto (2025),with_era5,2025-09-30T12:00:00+00:00,ibtracs_best_track,IBTrACS best track,36.341022787654325,False,hourly mean,3
AL082025,Humberto (2025),with_era5,2025-09-30T13:00:00+00:00,ibtracs_best_track,IBTrACS best track,36.01108,False,hourly mean,3
AL082025,Humberto (2025),with_era5,2025-09-30T14:00:00+00:00,ibtracs_best_track,IBTrACS best track,36.01108,False,hourly mean,3
AL082025,Humberto (2025),with_era5,2025-09-30T15:00:00+00:00,ibtracs_best_track,IBTrACS best track,36.01108,False,hourly mean,3
AL082025,Humberto (2025),with_era5,2025-09-30T16:00:00+00:00,ibtracs_best_track,IBTrACS best track,36.01108,False,hourly mean,3
AL082025,Humberto (2025),with_era5,2025-09-30T17:00:00+00:00,ibtracs_best_track,IBTrACS best track,36.01108,False,hourly mean,3
AL082025,Humberto (2025),with_era5,2025-09-30T18:00:00+00:00,ibtracs_best_track,IBTrACS best track,36.01108,False,hourly mean,3
AL082025,Humberto (2025),with_era5,2025-09-30T19:00:00+00:00,ibtracs_best_track,IBTrACS best track,36.01108,False,hourly mean,3
AL082025,Humberto (2025),with_era5,2025-09-30T20:00:00+00:00,ibtracs_best_track,IBTrACS best track,36.01108,False,hourly mean,3
AL082025,Humberto (2025),with_era5,2025-09-30T21:00:00+00:00,ibtracs_best_track,IBTrACS best track,36.01108,False,hourly mean,3
AL082025,Humberto (2025),with_era5,2025-09-30T22:00:00+00:00,ibtracs_best_track,IBTrACS best track,36.01108,False,hourly mean,3
AL082025,Humberto (2025),with_era5,2025-09-30T23:00:00+00:00,ibtracs_best_track,IBTrACS best track,36.01108,False,hourly mean,3
AL082025,Humberto (2025),with_era5,2025-10-01T00:00:00+00:00,ibtracs_best_track,IBTrACS best track,36.01108,False,hourly mean,3
AL082025,Humberto (2025),with_era5,2025-10-01T01:00:00+00:00,ibtracs_best_track,IBTrACS best track,36.01108,False,hourly mean,3
AL082025,Humberto (2025),with_era5,2025-10-01T02:00:00+00:00,ibtracs_best_track,IBTrACS best track,36.01108,False,hourly mean,3
AL082025,Humberto (2025),with_era5,2025-10-01T03:00:00+00:00,ibtracs_best_track,IBTrACS best track,36.01108,False,hourly mean,3
AL082025,Humberto (2025),with_era5,2025-10-01T04:00:00+00:00,ibtracs_best_track,IBTrACS best track,36.01108,False,hourly mean,3
AL082025,Humberto (2025),with_era5,2025-10-01T05:00:00+00:00,ibtracs_best_track,IBTrACS best track,35.962811180246916,False,hourly mean,3
AL082025,Humberto (2025),with_era5,2025-10-01T06:00:00+00:00,ibtracs_best_track,IBTrACS best track,35.80022147160494,False,hourly mean,3
AL082025,Humberto (2025),with_era5,2025-10-01T07:00:00+00:00,ibtracs_best_track,IBTrACS best track,35.52331087407408,False,hourly mean,3
AL082025,Humberto (2025),with_era5,2025-10-01T08:00:00+00:00,ibtracs_best_track,IBTrACS best track,35.156213797530874,False,hourly mean,3
AL082025,Humberto (2025),with_era5,2025-10-01T09:00:00+00:00,ibtracs_best_track,IBTrACS best track,34.73195627654321,False,hourly mean,3
AL082025,Humberto (2025),with_era5,2025-10-01T10:00:00+00:00,ibtracs_best_track,IBTrACS best track,34.250538311111114,False,hourly mean,3
AL082025,Humberto (2025),with_era5,2025-10-01T11:00:00+00:00,ibtracs_best_track,IBTrACS best track,33.993316311111116,False,hourly mean,3
AL082025,Humberto (2025),with_era5,2025-09-24T12:00:00+00:00,era5_max_wind,ERA5 10 m maximum,14.354845348653454,False,hourly mean,3
AL082025,Humberto (2025),with_era5,2025-09-24T13:00:00+00:00,era5_max_wind,ERA5 10 m maximum,14.354845348653454,False,hourly mean,3
AL082025,Humberto (2025),with_era5,2025-09-24T14:00:00+00:00,era5_max_wind,ERA5 10 m maximum,14.02089676078758,False,hourly mean,3
AL082025,Humberto (2025),with_era5,2025-09-24T15:00:00+00:00,era5_max_wind,ERA5 10 m maximum,13.686948172921708,False,hourly mean,3
AL082025,Humberto (2025),with_era5,2025-09-24T16:00:00+00:00,era5_max_wind,ERA5 10 m maximum,13.352999585055835,False,hourly mean,3
AL082025,Humberto (2025),with_era5,2025-09-24T17:00:00+00:00,era5_max_wind,ERA5 10 m maximum,13.352999585055835,False,hourly mean,3
AL082025,Humberto (2025),with_era5,2025-09-24T18:00:00+00:00,era5_max_wind,ERA5 10 m maximum,13.352999585055835,False,hourly mean,3
AL082025,Humberto (2025),with_era5,2025-09-24T19:00:00+00:00,era5_max_wind,ERA5 10 m maximum,13.352999585055835,False,hourly mean,3
AL082025,Humberto (2025),with_era5,2025-09-24T20:00:00+00:00,era5_max_wind,ERA5 10 m maximum,13.565153895082608,False,hourly mean,3
AL082025,Humberto (2025),with_era5,2025-09-24T21:00:00+00:00,era5_max_wind,ERA5 10 m maximum,13.77730820510938,False,hourly mean,3
AL082025,Humberto (2025),with_era5,2025-09-24T22:00:00+00:00,era5_max_wind,ERA5 10 m maximum,13.989462515136152,False,hourly mean,3
AL082025,Humberto (2025),with_era5,2025-09-24T23:00:00+00:00,era5_max_wind,ERA5 10 m maximum,13.989462515136152,False,hourly mean,3
AL082025,Humberto (2025),with_era5,2025-09-25T00:00:00+00:00,era5_max_wind,ERA5 10 m maximum,13.989462515136152,False,hourly mean,3
AL082025,Humberto (2025),with_era5,2025-09-25T01:00:00+00:00,era5_max_wind,ERA5 10 m maximum,13.989462515136152,False,hourly mean,3
AL082025,Humberto (2025),with_era5,2025-09-25T02:00:00+00:00,era5_max_wind,ERA5 10 m maximum,14.607431577141284,False,hourly mean,3
AL082025,Humberto (2025),with_era5,2025-09-25T03:00:00+00:00,era5_max_wind,ERA5 10 m maximum,15.22540063914642,False,hourly mean,3
AL082025,Humberto (2025),with_era5,2025-09-25T04:00:00+00:00,era5_max_wind,ERA5 10 m maximum,15.843369701151554,False,hourly mean,3
AL082025,Humberto (2025),with_era5,2025-09-25T05:00:00+00:00,era5_max_wind,ERA5 10 m maximum,15.843369701151554,False,hourly mean,3
AL082025,Humberto (2025),with_era5,2025-09-25T06:00:00+00:00,era5_max_wind,ERA5 10 m maximum,15.843369701151554,False,hourly mean,3
AL082025,Humberto (2025),with_era5,2025-09-25T07:00:00+00:00,era5_max_wind,ERA5 10 m maximum,15.843369701151554,False,hourly mean,3
AL082025,Humberto (2025),with_era5,2025-09-25T08:00:00+00:00,era5_max_wind,ERA5 10 m maximum,16.12603412088832,False,hourly mean,3
AL082025,Humberto (2025),with_era5,2025-09-25T09:00:00+00:00,era5_max_wind,ERA5 10 m maximum,16.408698540625085,False,hourly mean,3
AL082025,Humberto (2025),with_era5,2025-09-25T10:00:00+00:00,era5_max_wind,ERA5 10 m maximum,16.691362960361854,False,hourly mean,3
AL082025,Humberto (2025),with_era5,2025-09-25T11:00:00+00:00,era5_max_wind,ERA5 10 m maximum,16.691362960361854,False,hourly mean,3
AL082025,Humberto (2025),with_era5,2025-09-25T12:00:00+00:00,era5_max_wind,ERA5 10 m maximum,16.691362960361854,False,hourly mean,3
AL082025,Humberto (2025),with_era5,2025-09-25T13:00:00+00:00,era5_max_wind,ERA5 10 m maximum,16.691362960361854,False,hourly mean,3
AL082025,Humberto (2025),with_era5,2025-09-25T14:00:00+00:00,era5_max_wind,ERA5 10 m maximum,16.348536775769507,False,hourly mean,3
AL082025,Humberto (2025),with_era5,2025-09-25T15:00:00+00:00,era5_max_wind,ERA5 10 m maximum,16.00571059117716,False,hourly mean,3
AL082025,Humberto (2025),with_era5,2025-09-25T16:00:00+00:00,era5_max_wind,ERA5 10 m maximum,15.662884406584814,False,hourly mean,3
AL082025,Humberto (2025),with_era5,2025-09-25T17:00:00+00:00,era5_max_wind,ERA5 10 m maximum,15.662884406584814,False,hourly mean,3
AL082025,Humberto (2025),with_era5,2025-09-25T18:00:00+00:00,era5_max_wind,ERA5 10 m maximum,15.662884406584814,False,hourly mean,3
AL082025,Humberto (2025),with_era5,2025-09-25T19:00:00+00:00,era5_max_wind,ERA5 10 m maximum,15.662884406584814,False,hourly mean,3
AL082025,Humberto (2025),with_era5,2025-09-25T20:00:00+00:00,era5_max_wind,ERA5 10 m maximum,16.214205367792903,False,hourly mean,3
AL082025,Humberto (2025),with_era5,2025-09-25T21:00:00+00:00,era5_max_wind,ERA5 10 m maximum,16.76552632900099,False,hourly mean,3
AL082025,Humberto (2025),with_era5,2025-09-25T22:00:00+00:00,era5_max_wind,ERA5 10 m maximum,17.31684729020908,False,hourly mean,3
AL082025,Humberto (2025),with_era5,2025-09-25T23:00:00+00:00,era5_max_wind,ERA5 10 m maximum,17.31684729020908,False,hourly mean,3
AL082025,Humberto (2025),with_era5,2025-09-26T00:00:00+00:00,era5_max_wind,ERA5 10 m maximum,17.31684729020908,False,hourly mean,3
AL082025,Humberto (2025),with_era5,2025-09-26T01:00:00+00:00,era5_max_wind,ERA5 10 m maximum,17.31684729020908,False,hourly mean,3
AL082025,Humberto (2025),with_era5,2025-09-26T02:00:00+00:00,era5_max_wind,ERA5 10 m maximum,18.199565511166266,False,hourly mean,3
AL082025,Humberto (2025),with_era5,2025-09-26T03:00:00+00:00,era5_max_wind,ERA5 10 m maximum,19.082283732123454,False,hourly mean,3
AL082025,Humberto (2025),with_era5,2025-09-26T04:00:00+00:00,era5_max_wind,ERA5 10 m maximum,19.965001953080638,False,hourly mean,3
AL082025,Humberto (2025),with_era5,2025-09-26T05:00:00+00:00,era5_max_wind,ERA5 10 m maximum,19.965001953080638,False,hourly mean,3
AL082025,Humberto (2025),with_era5,2025-09-26T06:00:00+00:00,era5_max_wind,ERA5 10 m maximum,19.965001953080638,False,hourly mean,3
AL082025,Humberto (2025),with_era5,2025-09-26T07:00:00+00:00,era5_max_wind,ERA5 10 m maximum,19.965001953080638,False,hourly mean,3
AL082025,Humberto (2025),with_era5,2025-09-26T08:00:00+00:00,era5_max_wind,ERA5 10 m maximum,19.62748686779882,False,hourly mean,3
AL082025,Humberto (2025),with_era5,2025-09-26T09:00:00+00:00,era5_max_wind,ERA5 10 m maximum,19.289971782517,False,hourly mean,3
AL082025,Humberto (2025),with_era5,2025-09-26T10:00:00+00:00,era5_max_wind,ERA5 10 m maximum,18.95245669723518,False,hourly mean,3
AL082025,Humberto (2025),with_era5,2025-09-26T11:00:00+00:00,era5_max_wind,ERA5 10 m maximum,18.95245669723518,False,hourly mean,3
AL082025,Humberto (2025),with_era5,2025-09-26T12:00:00+00:00,era5_max_wind,ERA5 10 m maximum,18.95245669723518,True,hourly mean,3
AL082025,Humberto (2025),with_era5,2025-09-26T13:00:00+00:00,era5_max_wind,ERA5 10 m maximum,18.95245669723518,True,hourly mean,3
AL082025,Humberto (2025),with_era5,2025-09-26T14:00:00+00:00,era5_max_wind,ERA5 10 m maximum,19.542986673008546,True,hourly mean,3
AL082025,Humberto (2025),with_era5,2025-09-26T15:00:00+00:00,era5_max_wind,ERA5 10 m maximum,20.133516648781907,True,hourly mean,3
AL082025,Humberto (2025),with_era5,2025-09-26T16:00:00+00:00,era5_max_wind,ERA5 10 m maximum,20.72404662455527,True,hourly mean,3
AL082025,Humberto (2025),with_era5,2025-09-26T17:00:00+00:00,era5_max_wind,ERA5 10 m maximum,20.72404662455527,True,hourly mean,3
AL082025,Humberto (2025),with_era5,2025-09-26T18:00:00+00:00,era5_max_wind,ERA5 10 m maximum,20.72404662455527,True,hourly mean,3
AL082025,Humberto (2025),with_era5,2025-09-26T19:00:00+00:00,era5_max_wind,ERA5 10 m maximum,20.72404662455527,True,hourly mean,3
AL082025,Humberto (2025),with_era5,2025-09-26T20:00:00+00:00,era5_max_wind,ERA5 10 m maximum,20.64426543206846,True,hourly mean,3
AL082025,Humberto (2025),with_era5,2025-09-26T21:00:00+00:00,era5_max_wind,ERA5 10 m maximum,20.56448423958165,True,hourly mean,3
AL082025,Humberto (2025),with_era5,2025-09-26T22:00:00+00:00,era5_max_wind,ERA5 10 m maximum,20.484703047094836,True,hourly mean,3
AL082025,Humberto (2025),with_era5,2025-09-26T23:00:00+00:00,era5_max_wind,ERA5 10 m maximum,20.484703047094836,True,hourly mean,3
AL082025,Humberto (2025),with_era5,2025-09-27T00:00:00+00:00,era5_max_wind,ERA5 10 m maximum,20.484703047094836,True,hourly mean,3
AL082025,Humberto (2025),with_era5,2025-09-27T01:00:00+00:00,era5_max_wind,ERA5 10 m maximum,20.484703047094836,True,hourly mean,3
AL082025,Humberto (2025),with_era5,2025-09-27T02:00:00+00:00,era5_max_wind,ERA5 10 m maximum,20.383677378612127,True,hourly mean,3
AL082025,Humberto (2025),with_era5,2025-09-27T03:00:00+00:00,era5_max_wind,ERA5 10 m maximum,20.282651710129418,True,hourly mean,3
AL082025,Humberto (2025),with_era5,2025-09-27T04:00:00+00:00,era5_max_wind,ERA5 10 m maximum,20.181626041646712,True,hourly mean,3
AL082025,Humberto (2025),with_era5,2025-09-27T05:00:00+00:00,era5_max_wind,ERA5 10 m maximum,20.181626041646712,True,hourly mean,3
AL082025,Humberto (2025),with_era5,2025-09-27T06:00:00+00:00,era5_max_wind,ERA5 10 m maximum,20.181626041646712,True,hourly mean,3
AL082025,Humberto (2025),with_era5,2025-09-27T07:00:00+00:00,era5_max_wind,ERA5 10 m maximum,20.181626041646712,True,hourly mean,3
AL082025,Humberto (2025),with_era5,2025-09-27T08:00:00+00:00,era5_max_wind,ERA5 10 m maximum,21.01689002336863,True,hourly mean,3
AL082025,Humberto (2025),with_era5,2025-09-27T09:00:00+00:00,era5_max_wind,ERA5 10 m maximum,21.85215400509055,True,hourly mean,3
AL082025,Humberto (2025),with_era5,2025-09-27T10:00:00+00:00,era5_max_wind,ERA5 10 m maximum,22.687417986812466,True,hourly mean,3
AL082025,Humberto (2025),with_era5,2025-09-27T11:00:00+00:00,era5_max_wind,ERA5 10 m maximum,22.687417986812466,True,hourly mean,3
AL082025,Humberto (2025),with_era5,2025-09-27T12:00:00+00:00,era5_max_wind,ERA5 10 m maximum,22.687417986812466,True,hourly mean,3
AL082025,Humberto (2025),with_era5,2025-09-27T13:00:00+00:00,era5_max_wind,ERA5 10 m maximum,22.687417986812466,True,hourly mean,3
AL082025,Humberto (2025),with_era5,2025-09-27T14:00:00+00:00,era5_max_wind,ERA5 10 m maximum,23.189759736290046,True,hourly mean,3
AL082025,Humberto (2025),with_era5,2025-09-27T15:00:00+00:00,era5_max_wind,ERA5 10 m maximum,23.692101485767623,True,hourly mean,3
AL082025,Humberto (2025),with_era5,2025-09-27T16:00:00+00:00,era5_max_wind,ERA5 10 m maximum,24.194443235245203,True,hourly mean,3
AL082025,Humberto (2025),with_era5,2025-09-27T17:00:00+00:00,era5_max_wind,ERA5 10 m maximum,24.194443235245203,True,hourly mean,3
AL082025,Humberto (2025),with_era5,2025-09-27T18:00:00+00:00,era5_max_wind,ERA5 10 m maximum,24.194443235245203,True,hourly mean,3
AL082025,Humberto (2025),with_era5,2025-09-27T19:00:00+00:00,era5_max_wind,ERA5 10 m maximum,24.194443235245203,True,hourly mean,3
AL082025,Humberto (2025),with_era5,2025-09-27T20:00:00+00:00,era5_max_wind,ERA5 10 m maximum,24.46555910977267,True,hourly mean,3
AL082025,Humberto (2025),with_era5,2025-09-27T21:00:00+00:00,era5_max_wind,ERA5 10 m maximum,24.73667498430014,True,hourly mean,3
AL082025,Humberto (2025),with_era5,2025-09-27T22:00:00+00:00,era5_max_wind,ERA5 10 m maximum,25.007790858827608,True,hourly mean,3
AL082025,Humberto (2025),with_era5,2025-09-27T23:00:00+00:00,era5_max_wind,ERA5 10 m maximum,25.007790858827608,False,hourly mean,3
AL082025,Humberto (2025),with_era5,2025-09-28T00:00:00+00:00,era5_max_wind,ERA5 10 m maximum,25.007790858827608,False,hourly mean,3
AL082025,Humberto (2025),with_era5,2025-09-28T01:00:00+00:00,era5_max_wind,ERA5 10 m maximum,25.007790858827608,False,hourly mean,3
AL082025,Humberto (2025),with_era5,2025-09-28T02:00:00+00:00,era5_max_wind,ERA5 10 m maximum,25.23964022980013,False,hourly mean,3
AL082025,Humberto (2025),with_era5,2025-09-28T03:00:00+00:00,era5_max_wind,ERA5 10 m maximum,25.471489600772646,False,hourly mean,3
AL082025,Humberto (2025),with_era5,2025-09-28T04:00:00+00:00,era5_max_wind,ERA5 10 m maximum,25.703338971745165,False,hourly mean,3
AL082025,Humberto (2025),with_era5,2025-09-28T05:00:00+00:00,era5_max_wind,ERA5 10 m maximum,25.703338971745165,False,hourly mean,3
AL082025,Humberto (2025),with_era5,2025-09-28T06:00:00+00:00,era5_max_wind,ERA5 10 m maximum,25.703338971745165,False,hourly mean,3
AL082025,Humberto (2025),with_era5,2025-09-28T07:00:00+00:00,era5_max_wind,ERA5 10 m maximum,25.703338971745165,False,hourly mean,3
AL082025,Humberto (2025),with_era5,2025-09-28T08:00:00+00:00,era5_max_wind,ERA5 10 m maximum,25.85529674056201,False,hourly mean,3
AL082025,Humberto (2025),with_era5,2025-09-28T09:00:00+00:00,era5_max_wind,ERA5 10 m maximum,26.007254509378864,False,hourly mean,3
AL082025,Humberto (2025),with_era5,2025-09-28T10:00:00+00:00,era5_max_wind,ERA5 10 m maximum,26.15921227819571,False,hourly mean,3
AL082025,Humberto (2025),with_era5,2025-09-28T11:00:00+00:00,era5_max_wind,ERA5 10 m maximum,26.15921227819571,False,hourly mean,3
AL082025,Humberto (2025),with_era5,2025-09-28T12:00:00+00:00,era5_max_wind,ERA5 10 m maximum,26.15921227819571,False,hourly mean,3
AL082025,Humberto (2025),with_era5,2025-09-28T13:00:00+00:00,era5_max_wind,ERA5 10 m maximum,26.15921227819571,False,hourly mean,3
AL082025,Humberto (2025),with_era5,2025-09-28T14:00:00+00:00,era5_max_wind,ERA5 10 m maximum,26.703918735109557,False,hourly mean,3
AL082025,Humberto (2025),with_era5,2025-09-28T15:00:00+00:00,era5_max_wind,ERA5 10 m maximum,27.248625192023407,False,hourly mean,3
AL082025,Humberto (2025),with_era5,2025-09-28T16:00:00+00:00,era5_max_wind,ERA5 10 m maximum,27.793331648937254,False,hourly mean,3
AL082025,Humberto (2025),with_era5,2025-09-28T17:00:00+00:00,era5_max_wind,ERA5 10 m maximum,27.793331648937254,False,hourly mean,3
AL082025,Humberto (2025),with_era5,2025-09-28T18:00:00+00:00,era5_max_wind,ERA5 10 m maximum,27.793331648937254,False,hourly mean,3
AL082025,Humberto (2025),with_era5,2025-09-28T19:00:00+00:00,era5_max_wind,ERA5 10 m maximum,27.793331648937254,False,hourly mean,3
AL082025,Humberto (2025),with_era5,2025-09-28T20:00:00+00:00,era5_max_wind,ERA5 10 m maximum,28.337279330802676,False,hourly mean,3
AL082025,Humberto (2025),with_era5,2025-09-28T21:00:00+00:00,era5_max_wind,ERA5 10 m maximum,28.881227012668102,False,hourly mean,3
AL082025,Humberto (2025),with_era5,2025-09-28T22:00:00+00:00,era5_max_wind,ERA5 10 m maximum,29.425174694533524,False,hourly mean,3
AL082025,Humberto (2025),with_era5,2025-09-28T23:00:00+00:00,era5_max_wind,ERA5 10 m maximum,29.425174694533524,False,hourly mean,3
AL082025,Humberto (2025),with_era5,2025-09-29T00:00:00+00:00,era5_max_wind,ERA5 10 m maximum,29.425174694533524,False,hourly mean,3
AL082025,Humberto (2025),with_era5,2025-09-29T01:00:00+00:00,era5_max_wind,ERA5 10 m maximum,29.425174694533524,False,hourly mean,3
AL082025,Humberto (2025),with_era5,2025-09-29T02:00:00+00:00,era5_max_wind,ERA5 10 m maximum,30.22884368155634,False,hourly mean,3
AL082025,Humberto (2025),with_era5,2025-09-29T03:00:00+00:00,era5_max_wind,ERA5 10 m maximum,31.03251266857916,False,hourly mean,3
AL082025,Humberto (2025),with_era5,2025-09-29T04:00:00+00:00,era5_max_wind,ERA5 10 m maximum,31.83618165560198,False,hourly mean,3
AL082025,Humberto (2025),with_era5,2025-09-29T05:00:00+00:00,era5_max_wind,ERA5 10 m maximum,31.83618165560198,False,hourly mean,3
AL082025,Humberto (2025),with_era5,2025-09-29T06:00:00+00:00,era5_max_wind,ERA5 10 m maximum,31.83618165560198,False,hourly mean,3
AL082025,Humberto (2025),with_era5,2025-09-29T07:00:00+00:00,era5_max_wind,ERA5 10 m maximum,31.83618165560198,False,hourly mean,3
AL082025,Humberto (2025),with_era5,2025-09-29T08:00:00+00:00,era5_max_wind,ERA5 10 m maximum,31.250007196863766,False,hourly mean,3
AL082025,Humberto (2025),with_era5,2025-09-29T09:00:00+00:00,era5_max_wind,ERA5 10 m maximum,30.66383273812555,False,hourly mean,3
AL082025,Humberto (2025),with_era5,2025-09-29T10:00:00+00:00,era5_max_wind,ERA5 10 m maximum,30.077658279387336,False,hourly mean,3
AL082025,Humberto (2025),with_era5,2025-09-29T11:00:00+00:00,era5_max_wind,ERA5 10 m maximum,30.077658279387336,False,hourly mean,3
AL082025,Humberto (2025),with_era5,2025-09-29T12:00:00+00:00,era5_max_wind,ERA5 10 m maximum,30.077658279387336,False,hourly mean,3
AL082025,Humberto (2025),with_era5,2025-09-29T13:00:00+00:00,era5_max_wind,ERA5 10 m maximum,30.077658279387336,False,hourly mean,3
AL082025,Humberto (2025),with_era5,2025-09-29T14:00:00+00:00,era5_max_wind,ERA5 10 m maximum,30.4126681770899,False,hourly mean,3
AL082025,Humberto (2025),with_era5,2025-09-29T15:00:00+00:00,era5_max_wind,ERA5 10 m maximum,30.74767807479246,False,hourly mean,3
AL082025,Humberto (2025),with_era5,2025-09-29T16:00:00+00:00,era5_max_wind,ERA5 10 m maximum,31.082687972495023,False,hourly mean,3
AL082025,Humberto (2025),with_era5,2025-09-29T17:00:00+00:00,era5_max_wind,ERA5 10 m maximum,31.082687972495023,False,hourly mean,3
AL082025,Humberto (2025),with_era5,2025-09-29T18:00:00+00:00,era5_max_wind,ERA5 10 m maximum,31.082687972495023,False,hourly mean,3
AL082025,Humberto (2025),with_era5,2025-09-29T19:00:00+00:00,era5_max_wind,ERA5 10 m maximum,31.082687972495023,False,hourly mean,3
AL082025,Humberto (2025),with_era5,2025-09-29T20:00:00+00:00,era5_max_wind,ERA5 10 m maximum,30.28727665261268,False,hourly mean,3
AL082025,Humberto (2025),with_era5,2025-09-29T21:00:00+00:00,era5_max_wind,ERA5 10 m maximum,29.491865332730338,False,hourly mean,3
AL082025,Humberto (2025),with_era5,2025-09-29T22:00:00+00:00,era5_max_wind,ERA5 10 m maximum,28.696454012847994,False,hourly mean,3
AL082025,Humberto (2025),with_era5,2025-09-29T23:00:00+00:00,era5_max_wind,ERA5 10 m maximum,28.696454012847994,False,hourly mean,3
AL082025,Humberto (2025),with_era5,2025-09-30T00:00:00+00:00,era5_max_wind,ERA5 10 m maximum,28.696454012847994,False,hourly mean,3
AL082025,Humberto (2025),with_era5,2025-09-30T01:00:00+00:00,era5_max_wind,ERA5 10 m maximum,28.696454012847994,False,hourly mean,3
AL082025,Humberto (2025),with_era5,2025-09-30T02:00:00+00:00,era5_max_wind,ERA5 10 m maximum,28.00184361711403,False,hourly mean,3
AL082025,Humberto (2025),with_era5,2025-09-30T03:00:00+00:00,era5_max_wind,ERA5 10 m maximum,27.30723322138006,False,hourly mean,3
AL082025,Humberto (2025),with_era5,2025-09-30T04:00:00+00:00,era5_max_wind,ERA5 10 m maximum,26.61262282564609,False,hourly mean,3
AL082025,Humberto (2025),with_era5,2025-09-30T05:00:00+00:00,era5_max_wind,ERA5 10 m maximum,26.61262282564609,False,hourly mean,3
AL082025,Humberto (2025),with_era5,2025-09-30T06:00:00+00:00,era5_max_wind,ERA5 10 m maximum,26.61262282564609,False,hourly mean,3
AL082025,Humberto (2025),with_era5,2025-09-30T07:00:00+00:00,era5_max_wind,ERA5 10 m maximum,26.61262282564609,False,hourly mean,3
AL082025,Humberto (2025),with_era5,2025-09-30T08:00:00+00:00,era5_max_wind,ERA5 10 m maximum,26.499945937621774,False,hourly mean,3
AL082025,Humberto (2025),with_era5,2025-09-30T09:00:00+00:00,era5_max_wind,ERA5 10 m maximum,26.387269049597453,False,hourly mean,3
AL082025,Humberto (2025),with_era5,2025-09-30T10:00:00+00:00,era5_max_wind,ERA5 10 m maximum,26.27459216157314,False,hourly mean,3
AL082025,Humberto (2025),with_era5,2025-09-30T11:00:00+00:00,era5_max_wind,ERA5 10 m maximum,26.27459216157314,False,hourly mean,3
AL082025,Humberto (2025),with_era5,2025-09-30T12:00:00+00:00,era5_max_wind,ERA5 10 m maximum,26.27459216157314,False,hourly mean,3
AL082025,Humberto (2025),with_era5,2025-09-30T13:00:00+00:00,era5_max_wind,ERA5 10 m maximum,26.27459216157314,False,hourly mean,3
AL082025,Humberto (2025),with_era5,2025-09-30T14:00:00+00:00,era5_max_wind,ERA5 10 m maximum,25.349375140733514,False,hourly mean,3
AL082025,Humberto (2025),with_era5,2025-09-30T15:00:00+00:00,era5_max_wind,ERA5 10 m maximum,24.42415811989389,False,hourly mean,3
AL082025,Humberto (2025),with_era5,2025-09-30T16:00:00+00:00,era5_max_wind,ERA5 10 m maximum,23.49894109905426,False,hourly mean,3
AL082025,Humberto (2025),with_era5,2025-09-30T17:00:00+00:00,era5_max_wind,ERA5 10 m maximum,23.49894109905426,False,hourly mean,3
AL082025,Humberto (2025),with_era5,2025-09-30T18:00:00+00:00,era5_max_wind,ERA5 10 m maximum,23.49894109905426,False,hourly mean,3
AL082025,Humberto (2025),with_era5,2025-09-30T19:00:00+00:00,era5_max_wind,ERA5 10 m maximum,23.49894109905426,False,hourly mean,3
AL082025,Humberto (2025),with_era5,2025-09-30T20:00:00+00:00,era5_max_wind,ERA5 10 m maximum,23.132587363797303,False,hourly mean,3
AL082025,Humberto (2025),with_era5,2025-09-30T21:00:00+00:00,era5_max_wind,ERA5 10 m maximum,22.766233628540352,False,hourly mean,3
AL082025,Humberto (2025),with_era5,2025-09-30T22:00:00+00:00,era5_max_wind,ERA5 10 m maximum,22.3998798932834,False,hourly mean,3
AL082025,Humberto (2025),with_era5,2025-09-30T23:00:00+00:00,era5_max_wind,ERA5 10 m maximum,22.3998798932834,False,hourly mean,3
AL082025,Humberto (2025),with_era5,2025-10-01T00:00:00+00:00,era5_max_wind,ERA5 10 m maximum,22.3998798932834,False,hourly mean,3
AL082025,Humberto (2025),with_era5,2025-10-01T01:00:00+00:00,era5_max_wind,ERA5 10 m maximum,22.3998798932834,False,hourly mean,3
AL082025,Humberto (2025),with_era5,2025-10-01T02:00:00+00:00,era5_max_wind,ERA5 10 m maximum,23.72613813748991,False,hourly mean,3
AL082025,Humberto (2025),with_era5,2025-10-01T03:00:00+00:00,era5_max_wind,ERA5 10 m maximum,25.052396381696422,False,hourly mean,3
AL082025,Humberto (2025),with_era5,2025-10-01T04:00:00+00:00,era5_max_wind,ERA5 10 m maximum,26.37865462590293,False,hourly mean,3
AL082025,Humberto (2025),with_era5,2025-10-01T05:00:00+00:00,era5_max_wind,ERA5 10 m maximum,26.37865462590293,False,hourly mean,3
AL082025,Humberto (2025),with_era5,2025-10-01T06:00:00+00:00,era5_max_wind,ERA5 10 m maximum,26.37865462590293,False,hourly mean,3
AL082025,Humberto (2025),with_era5,2025-10-01T07:00:00+00:00,era5_max_wind,ERA5 10 m maximum,26.37865462590293,False,hourly mean,3
AL082025,Humberto (2025),with_era5,2025-10-01T08:00:00+00:00,era5_max_wind,ERA5 10 m maximum,25.91492733703612,False,hourly mean,3
AL082025,Humberto (2025),with_era5,2025-10-01T09:00:00+00:00,era5_max_wind,ERA5 10 m maximum,25.451200048169312,False,hourly mean,3
AL082025,Humberto (2025),with_era5,2025-10-01T10:00:00+00:00,era5_max_wind,ERA5 10 m maximum,24.987472759302502,False,hourly mean,3
AL082025,Humberto (2025),with_era5,2025-10-01T11:00:00+00:00,era5_max_wind,ERA5 10 m maximum,24.987472759302502,False,hourly mean,3
AL082025,Humberto (2025),with_era5,2025-09-24T12:00:00+00:00,correction_image_radii,Standard MLP · image radii,22.71213960647583,False,hourly mean,3
AL082025,Humberto (2025),with_era5,2025-09-24T13:00:00+00:00,correction_image_radii,Standard MLP · image radii,22.494293954637314,False,hourly mean,3
AL082025,Humberto (2025),with_era5,2025-09-24T14:00:00+00:00,correction_image_radii,Standard MLP · image radii,23.118335088094074,False,hourly mean,3
AL082025,Humberto (2025),with_era5,2025-09-24T15:00:00+00:00,correction_image_radii,Standard MLP · image radii,24.487105899386936,False,hourly mean,3
AL082025,Humberto (2025),with_era5,2025-09-24T16:00:00+00:00,correction_image_radii,Standard MLP · image radii,25.18216885460748,False,hourly mean,3
AL082025,Humberto (2025),with_era5,2025-09-24T17:00:00+00:00,correction_image_radii,Standard MLP · image radii,24.281362109714085,False,hourly mean,3
AL082025,Humberto (2025),with_era5,2025-09-24T18:00:00+00:00,correction_image_radii,Standard MLP · image radii,22.797693252563477,False,hourly mean,3
AL082025,Humberto (2025),with_era5,2025-09-24T19:00:00+00:00,correction_image_radii,Standard MLP · image radii,22.03754372066922,False,hourly mean,3
AL082025,Humberto (2025),with_era5,2025-09-24T20:00:00+00:00,correction_image_radii,Standard MLP · image radii,21.620120260450573,False,hourly mean,3
AL082025,Humberto (2025),with_era5,2025-09-24T21:00:00+00:00,correction_image_radii,Standard MLP · image radii,21.582832230461964,False,hourly mean,3
AL082025,Humberto (2025),with_era5,2025-09-24T22:00:00+00:00,correction_image_radii,Standard MLP · image radii,21.561252805921768,False,hourly mean,3
AL082025,Humberto (2025),with_era5,2025-09-24T23:00:00+00:00,correction_image_radii,Standard MLP · image radii,21.68762461344401,False,hourly mean,3
AL082025,Humberto (2025),with_era5,2025-09-25T00:00:00+00:00,correction_image_radii,Standard MLP · image radii,20.971126980251736,False,hourly mean,3
AL082025,Humberto (2025),with_era5,2025-09-25T01:00:00+00:00,correction_image_radii,Standard MLP · image radii,20.288217650519474,False,hourly mean,3
AL082025,Humberto (2025),with_era5,2025-09-25T02:00:00+00:00,correction_image_radii,Standard MLP · image radii,21.387874709235295,False,hourly mean,3
AL082025,Humberto (2025),with_era5,2025-09-25T03:00:00+00:00,correction_image_radii,Standard MLP · image radii,23.960463629828563,False,hourly mean,3
AL082025,Humberto (2025),with_era5,2025-09-25T04:00:00+00:00,correction_image_radii,Standard MLP · image radii,26.987476560804577,False,hourly mean,3
AL082025,Humberto (2025),with_era5,2025-09-25T05:00:00+00:00,correction_image_radii,Standard MLP · image radii,28.194013171725803,False,hourly mean,3
AL082025,Humberto (2025),with_era5,2025-09-25T06:00:00+00:00,correction_image_radii,Standard MLP · image radii,27.85235055287679,False,hourly mean,3
AL082025,Humberto (2025),with_era5,2025-09-25T07:00:00+00:00,correction_image_radii,Standard MLP · image radii,26.96480719248454,False,hourly mean,3
AL082025,Humberto (2025),with_era5,2025-09-25T08:00:00+00:00,correction_image_radii,Standard MLP · image radii,26.487623426649307,False,hourly mean,3
AL082025,Humberto (2025),with_era5,2025-09-25T09:00:00+00:00,correction_image_radii,Standard MLP · image radii,27.970001008775498,False,hourly mean,3
AL082025,Humberto (2025),with_era5,2025-09-25T10:00:00+00:00,correction_image_radii,Standard MLP · image radii,29.111544715033634,False,hourly mean,3
AL082025,Humberto (2025),with_era5,2025-09-25T11:00:00+00:00,correction_image_radii,Standard MLP · image radii,30.141216490003796,False,hourly mean,3
AL082025,Humberto (2025),with_era5,2025-09-25T12:00:00+00:00,correction_image_radii,Standard MLP · image radii,30.340138541327587,False,hourly mean,3
AL082025,Humberto (2025),with_era5,2025-09-25T13:00:00+00:00,correction_image_radii,Standard MLP · image radii,31.04806963602702,False,hourly mean,3
AL082025,Humberto (2025),with_era5,2025-09-25T14:00:00+00:00,correction_image_radii,Standard MLP · image radii,31.184036148919002,False,hourly mean,3
AL082025,Humberto (2025),with_era5,2025-09-25T15:00:00+00:00,correction_image_radii,Standard MLP · image radii,30.76716306474474,False,hourly mean,3
AL082025,Humberto (2025),with_era5,2025-09-25T16:00:00+00:00,correction_image_radii,Standard MLP · image radii,29.892793973286945,False,hourly mean,3
AL082025,Humberto (2025),with_era5,2025-09-25T17:00:00+00:00,correction_image_radii,Standard MLP · image radii,29.177409066094288,False,hourly mean,3
AL082025,Humberto (2025),with_era5,2025-09-25T18:00:00+00:00,correction_image_radii,Standard MLP · image radii,29.041889190673828,False,hourly mean,3
AL082025,Humberto (2025),with_era5,2025-09-25T19:00:00+00:00,correction_image_radii,Standard MLP · image radii,29.498885578579376,False,hourly mean,3
AL082025,Humberto (2025),with_era5,2025-09-25T20:00:00+00:00,correction_image_radii,Standard MLP · image radii,30.289204809400772,False,hourly mean,3
AL082025,Humberto (2025),with_era5,2025-09-25T21:00:00+00:00,correction_image_radii,Standard MLP · image radii,30.404885821872288,False,hourly mean,3
AL082025,Humberto (2025),with_era5,2025-09-25T22:00:00+00:00,correction_image_radii,Standard MLP · image radii,30.602947235107422,False,hourly mean,3
AL082025,Humberto (2025),with_era5,2025-09-25T23:00:00+00:00,correction_image_radii,Standard MLP · image radii,31.293774392869736,False,hourly mean,3
AL082025,Humberto (2025),with_era5,2025-09-26T00:00:00+00:00,correction_image_radii,Standard MLP · image radii,32.418576876322426,False,hourly mean,3
AL082025,Humberto (2025),with_era5,2025-09-26T01:00:00+00:00,correction_image_radii,Standard MLP · image radii,33.39419004652235,False,hourly mean,3
AL082025,Humberto (2025),with_era5,2025-09-26T02:00:00+00:00,correction_image_radii,Standard MLP · image radii,35.019279056125214,False,hourly mean,3
AL082025,Humberto (2025),with_era5,2025-09-26T03:00:00+00:00,correction_image_radii,Standard MLP · image radii,36.41581768459744,False,hourly mean,3
AL082025,Humberto (2025),with_era5,2025-09-26T04:00:00+00:00,correction_image_radii,Standard MLP · image radii,37.87962447272407,False,hourly mean,3
AL082025,Humberto (2025),with_era5,2025-09-26T05:00:00+00:00,correction_image_radii,Standard MLP · image radii,38.7860296037462,False,hourly mean,3
AL082025,Humberto (2025),with_era5,2025-09-26T06:00:00+00:00,correction_image_radii,Standard MLP · image radii,40.104606204562714,False,hourly mean,3
AL082025,Humberto (2025),with_era5,2025-09-26T07:00:00+00:00,correction_image_radii,Standard MLP · image radii,39.66194597880045,False,hourly mean,3
AL082025,Humberto (2025),with_era5,2025-09-26T08:00:00+00:00,correction_image_radii,Standard MLP · image radii,39.36435869004991,False,hourly mean,3
AL082025,Humberto (2025),with_era5,2025-09-26T09:00:00+00:00,correction_image_radii,Standard MLP · image radii,39.03253830803765,False,hourly mean,3
AL082025,Humberto (2025),with_era5,2025-09-26T10:00:00+00:00,correction_image_radii,Standard MLP · image radii,40.019562403361,False,hourly mean,3
AL082025,Humberto (2025),with_era5,2025-09-26T11:00:00+00:00,correction_image_radii,Standard MLP · image radii,39.85358111063639,False,hourly mean,3
AL082025,Humberto (2025),with_era5,2025-09-26T12:00:00+00:00,correction_image_radii,Standard MLP · image radii,39.74416330125597,True,hourly mean,3
AL082025,Humberto (2025),with_era5,2025-09-26T13:00:00+00:00,correction_image_radii,Standard MLP · image radii,41.1013683742947,True,hourly mean,3
AL082025,Humberto (2025),with_era5,2025-09-26T14:00:00+00:00,correction_image_radii,Standard MLP · image radii,44.090600119696724,True,hourly mean,3
AL082025,Humberto (2025),with_era5,2025-09-26T15:00:00+00:00,correction_image_radii,Standard MLP · image radii,45.36481369866265,True,hourly mean,3
AL082025,Humberto (2025),with_era5,2025-09-26T16:00:00+00:00,correction_image_radii,Standard MLP · image radii,45.24731975131564,True,hourly mean,3
AL082025,Humberto (2025),with_era5,2025-09-26T17:00:00+00:00,correction_image_radii,Standard MLP · image radii,45.65717548794217,True,hourly mean,3
AL082025,Humberto (2025),with_era5,2025-09-26T18:00:00+00:00,correction_image_radii,Standard MLP · image radii,47.40994071960449,True,hourly mean,3
AL082025,Humberto (2025),with_era5,2025-09-26T19:00:00+00:00,correction_image_radii,Standard MLP · image radii,50.0414244333903,True,hourly mean,3
AL082025,Humberto (2025),with_era5,2025-09-26T20:00:00+00:00,correction_image_radii,Standard MLP · image radii,52.0841064453125,True,hourly mean,3
AL082025,Humberto (2025),with_era5,2025-09-26T21:00:00+00:00,correction_image_radii,Standard MLP · image radii,54.75767093234592,True,hourly mean,3
AL082025,Humberto (2025),with_era5,2025-09-26T22:00:00+00:00,correction_image_radii,Standard MLP · image radii,56.67938910590278,True,hourly mean,3
AL082025,Humberto (2025),with_era5,2025-09-26T23:00:00+00:00,correction_image_radii,Standard MLP · image radii,57.71808963351779,True,hourly mean,3
AL082025,Humberto (2025),with_era5,2025-09-27T00:00:00+00:00,correction_image_radii,Standard MLP · image radii,57.854522705078125,True,hourly mean,3
AL082025,Humberto (2025),with_era5,2025-09-27T01:00:00+00:00,correction_image_radii,Standard MLP · image radii,57.53088739183213,True,hourly mean,3
AL082025,Humberto (2025),with_era5,2025-09-27T02:00:00+00:00,correction_image_radii,Standard MLP · image radii,54.727957831488716,True,hourly mean,3
AL082025,Humberto (2025),with_era5,2025-09-27T03:00:00+00:00,correction_image_radii,Standard MLP · image radii,52.90752771165635,True,hourly mean,3
AL082025,Humberto (2025),with_era5,2025-09-27T04:00:00+00:00,correction_image_radii,Standard MLP · image radii,50.6946055094401,True,hourly mean,3
AL082025,Humberto (2025),with_era5,2025-09-27T05:00:00+00:00,correction_image_radii,Standard MLP · image radii,49.8813156551785,True,hourly mean,3
AL082025,Humberto (2025),with_era5,2025-09-27T06:00:00+00:00,correction_image_radii,Standard MLP · image radii,48.74600389268664,True,hourly mean,3
AL082025,Humberto (2025),with_era5,2025-09-27T07:00:00+00:00,correction_image_radii,Standard MLP · image radii,48.318328645494255,True,hourly mean,3
AL082025,Humberto (2025),with_era5,2025-09-27T08:00:00+00:00,correction_image_radii,Standard MLP · image radii,47.23727459377713,True,hourly mean,3
AL082025,Humberto (2025),with_era5,2025-09-27T09:00:00+00:00,correction_image_radii,Standard MLP · image radii,46.08325089348687,True,hourly mean,3
AL082025,Humberto (2025),with_era5,2025-09-27T10:00:00+00:00,correction_image_radii,Standard MLP · image radii,45.65600797865125,True,hourly mean,3
AL082025,Humberto (2025),with_era5,2025-09-27T11:00:00+00:00,correction_image_radii,Standard MLP · image radii,47.308863110012474,True,hourly mean,3
AL082025,Humberto (2025),with_era5,2025-09-27T12:00:00+00:00,correction_image_radii,Standard MLP · image radii,48.92624049716525,True,hourly mean,3
AL082025,Humberto (2025),with_era5,2025-09-27T13:00:00+00:00,correction_image_radii,Standard MLP · image radii,49.68114407857259,True,hourly mean,3
AL082025,Humberto (2025),with_era5,2025-09-27T14:00:00+00:00,correction_image_radii,Standard MLP · image radii,49.79558436075846,True,hourly mean,3
AL082025,Humberto (2025),with_era5,2025-09-27T15:00:00+00:00,correction_image_radii,Standard MLP · image radii,50.21950446234809,True,hourly mean,3
AL082025,Humberto (2025),with_era5,2025-09-27T16:00:00+00:00,correction_image_radii,Standard MLP · image radii,51.306732389661995,True,hourly mean,3
AL082025,Humberto (2025),with_era5,2025-09-27T17:00:00+00:00,correction_image_radii,Standard MLP · image radii,52.65147166781956,True,hourly mean,3
AL082025,Humberto (2025),with_era5,2025-09-27T18:00:00+00:00,correction_image_radii,Standard MLP · image radii,54.15125041537814,True,hourly mean,3
AL082025,Humberto (2025),with_era5,2025-09-27T19:00:00+00:00,correction_image_radii,Standard MLP · image radii,55.77640342712402,True,hourly mean,3
AL082025,Humberto (2025),with_era5,2025-09-27T20:00:00+00:00,correction_image_radii,Standard MLP · image radii,57.14350128173828,True,hourly mean,3
AL082025,Humberto (2025),with_era5,2025-09-27T21:00:00+00:00,correction_image_radii,Standard MLP · image radii,58.35786819458008,True,hourly mean,3
AL082025,Humberto (2025),with_era5,2025-09-27T22:00:00+00:00,correction_image_radii,Standard MLP · image radii,59.04707188076443,True,hourly mean,3
AL082025,Humberto (2025),with_era5,2025-09-27T23:00:00+00:00,correction_image_radii,Standard MLP · image radii,59.325766033596466,False,hourly mean,3
AL082025,Humberto (2025),with_era5,2025-09-28T00:00:00+00:00,correction_image_radii,Standard MLP · image radii,58.10134251912435,False,hourly mean,3
AL082025,Humberto (2025),with_era5,2025-09-28T01:00:00+00:00,correction_image_radii,Standard MLP · image radii,56.61695798238119,False,hourly mean,3
AL082025,Humberto (2025),with_era5,2025-09-28T02:00:00+00:00,correction_image_radii,Standard MLP · image radii,54.82677735222711,False,hourly mean,3
AL082025,Humberto (2025),with_era5,2025-09-28T03:00:00+00:00,correction_image_radii,Standard MLP · image radii,54.24321471320258,False,hourly mean,3
AL082025,Humberto (2025),with_era5,2025-09-28T04:00:00+00:00,correction_image_radii,Standard MLP · image radii,54.66754468282064,False,hourly mean,3
AL082025,Humberto (2025),with_era5,2025-09-28T05:00:00+00:00,correction_image_radii,Standard MLP · image radii,55.2949104309082,False,hourly mean,3
AL082025,Humberto (2025),with_era5,2025-09-28T06:00:00+00:00,correction_image_radii,Standard MLP · image radii,55.18660418192545,False,hourly mean,3
AL082025,Humberto (2025),with_era5,2025-09-28T07:00:00+00:00,correction_image_radii,Standard MLP · image radii,54.4283390045166,False,hourly mean,3
AL082025,Humberto (2025),with_era5,2025-09-28T08:00:00+00:00,correction_image_radii,Standard MLP · image radii,53.79191462198893,False,hourly mean,3
AL082025,Humberto (2025),with_era5,2025-09-28T09:00:00+00:00,correction_image_radii,Standard MLP · image radii,53.30864885118273,False,hourly mean,3
AL082025,Humberto (2025),with_era5,2025-09-28T10:00:00+00:00,correction_image_radii,Standard MLP · image radii,52.66940540737576,False,hourly mean,3
AL082025,Humberto (2025),with_era5,2025-09-28T11:00:00+00:00,correction_image_radii,Standard MLP · image radii,51.545609368218315,False,hourly mean,3
AL082025,Humberto (2025),with_era5,2025-09-28T12:00:00+00:00,correction_image_radii,Standard MLP · image radii,50.47492027282715,False,hourly mean,3
AL082025,Humberto (2025),with_era5,2025-09-28T13:00:00+00:00,correction_image_radii,Standard MLP · image radii,49.3680534362793,False,hourly mean,3
AL082025,Humberto (2025),with_era5,2025-09-28T14:00:00+00:00,correction_image_radii,Standard MLP · image radii,49.5576523674859,False,hourly mean,3
AL082025,Humberto (2025),with_era5,2025-09-28T15:00:00+00:00,correction_image_radii,Standard MLP · image radii,50.13712120056152,False,hourly mean,3
AL082025,Humberto (2025),with_era5,2025-09-28T16:00:00+00:00,correction_image_radii,Standard MLP · image radii,51.13046391805013,False,hourly mean,3
AL082025,Humberto (2025),with_era5,2025-09-28T17:00:00+00:00,correction_image_radii,Standard MLP · image radii,51.85017437405056,False,hourly mean,3
AL082025,Humberto (2025),with_era5,2025-09-28T18:00:00+00:00,correction_image_radii,Standard MLP · image radii,51.847823037041564,False,hourly mean,3
AL082025,Humberto (2025),with_era5,2025-09-28T19:00:00+00:00,correction_image_radii,Standard MLP · image radii,51.973676681518555,False,hourly mean,3
AL082025,Humberto (2025),with_era5,2025-09-28T20:00:00+00:00,correction_image_radii,Standard MLP · image radii,52.35072814093696,False,hourly mean,3
AL082025,Humberto (2025),with_era5,2025-09-28T21:00:00+00:00,correction_image_radii,Standard MLP · image radii,53.14502461751302,False,hourly mean,3
AL082025,Humberto (2025),with_era5,2025-09-28T22:00:00+00:00,correction_image_radii,Standard MLP · image radii,54.00517972310384,False,hourly mean,3
AL082025,Humberto (2025),with_era5,2025-09-28T23:00:00+00:00,correction_image_radii,Standard MLP · image radii,54.939305411444764,False,hourly mean,3
AL082025,Humberto (2025),with_era5,2025-09-29T00:00:00+00:00,correction_image_radii,Standard MLP · image radii,55.66851446363662,False,hourly mean,3
AL082025,Humberto (2025),with_era5,2025-09-29T01:00:00+00:00,correction_image_radii,Standard MLP · image radii,55.30354330274793,False,hourly mean,3
AL082025,Humberto (2025),with_era5,2025-09-29T02:00:00+00:00,correction_image_radii,Standard MLP · image radii,53.683454301622184,False,hourly mean,3
AL082025,Humberto (2025),with_era5,2025-09-29T03:00:00+00:00,correction_image_radii,Standard MLP · image radii,51.81353569030762,False,hourly mean,3
AL082025,Humberto (2025),with_era5,2025-09-29T04:00:00+00:00,correction_image_radii,Standard MLP · image radii,50.780582639906136,False,hourly mean,3
AL082025,Humberto (2025),with_era5,2025-09-29T05:00:00+00:00,correction_image_radii,Standard MLP · image radii,50.00416480170355,False,hourly mean,3
AL082025,Humberto (2025),with_era5,2025-09-29T06:00:00+00:00,correction_image_radii,Standard MLP · image radii,49.549977408515076,False,hourly mean,3
AL082025,Humberto (2025),with_era5,2025-09-29T07:00:00+00:00,correction_image_radii,Standard MLP · image radii,49.168160544501404,False,hourly mean,3
AL082025,Humberto (2025),with_era5,2025-09-29T08:00:00+00:00,correction_image_radii,Standard MLP · image radii,48.958312564426,False,hourly mean,3
AL082025,Humberto (2025),with_era5,2025-09-29T09:00:00+00:00,correction_image_radii,Standard MLP · image radii,48.551626205444336,False,hourly mean,3
AL082025,Humberto (2025),with_era5,2025-09-29T10:00:00+00:00,correction_image_radii,Standard MLP · image radii,47.495616065131294,False,hourly mean,3
AL082025,Humberto (2025),with_era5,2025-09-29T11:00:00+00:00,correction_image_radii,Standard MLP · image radii,46.94895447625055,False,hourly mean,3
AL082025,Humberto (2025),with_era5,2025-09-29T12:00:00+00:00,correction_image_radii,Standard MLP · image radii,47.02327940199111,False,hourly mean,3
AL082025,Humberto (2025),with_era5,2025-09-29T13:00:00+00:00,correction_image_radii,Standard MLP · image radii,46.19465170966254,False,hourly mean,3
AL082025,Humberto (2025),with_era5,2025-09-29T14:00:00+00:00,correction_image_radii,Standard MLP · image radii,44.93949953715006,False,hourly mean,3
AL082025,Humberto (2025),with_era5,2025-09-29T15:00:00+00:00,correction_image_radii,Standard MLP · image radii,43.850716484917534,False,hourly mean,3
AL082025,Humberto (2025),with_era5,2025-09-29T16:00:00+00:00,correction_image_radii,Standard MLP · image radii,43.58866352505154,False,hourly mean,3
AL082025,Humberto (2025),with_era5,2025-09-29T17:00:00+00:00,correction_image_radii,Standard MLP · image radii,43.96709971957736,False,hourly mean,3
AL082025,Humberto (2025),with_era5,2025-09-29T18:00:00+00:00,correction_image_radii,Standard MLP · image radii,43.75635019938151,False,hourly mean,3
AL082025,Humberto (2025),with_era5,2025-09-29T19:00:00+00:00,correction_image_radii,Standard MLP · image radii,43.13259718153213,False,hourly mean,3
AL082025,Humberto (2025),with_era5,2025-09-29T20:00:00+00:00,correction_image_radii,Standard MLP · image radii,41.99401961432563,False,hourly mean,3
AL082025,Humberto (2025),with_era5,2025-09-29T21:00:00+00:00,correction_image_radii,Standard MLP · image radii,41.32034492492676,False,hourly mean,3
AL082025,Humberto (2025),with_era5,2025-09-29T22:00:00+00:00,correction_image_radii,Standard MLP · image radii,41.255242029825844,False,hourly mean,3
AL082025,Humberto (2025),with_era5,2025-09-29T23:00:00+00:00,correction_image_radii,Standard MLP · image radii,41.318534427218964,False,hourly mean,3
AL082025,Humberto (2025),with_era5,2025-09-30T00:00:00+00:00,correction_image_radii,Standard MLP · image radii,39.897887547810875,False,hourly mean,3
AL082025,Humberto (2025),with_era5,2025-09-30T01:00:00+00:00,correction_image_radii,Standard MLP · image radii,37.44114875793457,False,hourly mean,3
AL082025,Humberto (2025),with_era5,2025-09-30T02:00:00+00:00,correction_image_radii,Standard MLP · image radii,35.8052224053277,False,hourly mean,3
AL082025,Humberto (2025),with_era5,2025-09-30T03:00:00+00:00,correction_image_radii,Standard MLP · image radii,36.5411671532525,False,hourly mean,3
AL082025,Humberto (2025),with_era5,2025-09-30T04:00:00+00:00,correction_image_radii,Standard MLP · image radii,38.54863696628147,False,hourly mean,3
AL082025,Humberto (2025),with_era5,2025-09-30T05:00:00+00:00,correction_image_radii,Standard MLP · image radii,38.775832706027565,False,hourly mean,3
AL082025,Humberto (2025),with_era5,2025-09-30T06:00:00+00:00,correction_image_radii,Standard MLP · image radii,36.34502686394586,False,hourly mean,3
AL082025,Humberto (2025),with_era5,2025-09-30T07:00:00+00:00,correction_image_radii,Standard MLP · image radii,33.81573380364312,False,hourly mean,3
AL082025,Humberto (2025),with_era5,2025-09-30T08:00:00+00:00,correction_image_radii,Standard MLP · image radii,32.36829164293078,False,hourly mean,3
AL082025,Humberto (2025),with_era5,2025-09-30T09:00:00+00:00,correction_image_radii,Standard MLP · image radii,33.431840684678825,False,hourly mean,3
AL082025,Humberto (2025),with_era5,2025-09-30T10:00:00+00:00,correction_image_radii,Standard MLP · image radii,35.06642278035482,False,hourly mean,3
AL082025,Humberto (2025),with_era5,2025-09-30T11:00:00+00:00,correction_image_radii,Standard MLP · image radii,35.887240197923454,False,hourly mean,3
AL082025,Humberto (2025),with_era5,2025-09-30T12:00:00+00:00,correction_image_radii,Standard MLP · image radii,35.391836696200905,False,hourly mean,3
AL082025,Humberto (2025),with_era5,2025-09-30T13:00:00+00:00,correction_image_radii,Standard MLP · image radii,35.14626831478543,False,hourly mean,3
AL082025,Humberto (2025),with_era5,2025-09-30T14:00:00+00:00,correction_image_radii,Standard MLP · image radii,34.95417128668891,False,hourly mean,3
AL082025,Humberto (2025),with_era5,2025-09-30T15:00:00+00:00,correction_image_radii,Standard MLP · image radii,34.644242180718315,False,hourly mean,3
AL082025,Humberto (2025),with_era5,2025-09-30T16:00:00+00:00,correction_image_radii,Standard MLP · image radii,33.59092775980631,False,hourly mean,3
AL082025,Humberto (2025),with_era5,2025-09-30T17:00:00+00:00,correction_image_radii,Standard MLP · image radii,32.912100262112084,False,hourly mean,3
AL082025,Humberto (2025),with_era5,2025-09-30T18:00:00+00:00,correction_image_radii,Standard MLP · image radii,32.41074456108941,False,hourly mean,3
AL082025,Humberto (2025),with_era5,2025-09-30T19:00:00+00:00,correction_image_radii,Standard MLP · image radii,32.05163754357232,False,hourly mean,3
AL082025,Humberto (2025),with_era5,2025-09-30T20:00:00+00:00,correction_image_radii,Standard MLP · image radii,30.09977361891005,False,hourly mean,3
AL082025,Humberto (2025),with_era5,2025-09-30T21:00:00+00:00,correction_image_radii,Standard MLP · image radii,29.38287999894884,False,hourly mean,3
AL082025,Humberto (2025),with_era5,2025-09-30T22:00:00+00:00,correction_image_radii,Standard MLP · image radii,28.541049745347767,False,hourly mean,3
AL082025,Humberto (2025),with_era5,2025-09-30T23:00:00+00:00,correction_image_radii,Standard MLP · image radii,29.904291937086317,False,hourly mean,3
AL082025,Humberto (2025),with_era5,2025-10-01T00:00:00+00:00,correction_image_radii,Standard MLP · image radii,29.9724553849962,False,hourly mean,3
AL082025,Humberto (2025),with_era5,2025-10-01T01:00:00+00:00,correction_image_radii,Standard MLP · image radii,29.814801364474828,False,hourly mean,3
AL082025,Humberto (2025),with_era5,2025-10-01T02:00:00+00:00,correction_image_radii,Standard MLP · image radii,31.404504140218098,False,hourly mean,3
AL082025,Humberto (2025),with_era5,2025-10-01T03:00:00+00:00,correction_image_radii,Standard MLP · image radii,33.835558573404946,False,hourly mean,3
AL082025,Humberto (2025),with_era5,2025-10-01T04:00:00+00:00,correction_image_radii,Standard MLP · image radii,36.41451793246799,False,hourly mean,3
AL082025,Humberto (2025),with_era5,2025-10-01T05:00:00+00:00,correction_image_radii,Standard MLP · image radii,37.021628909640846,False,hourly mean,3
AL082025,Humberto (2025),with_era5,2025-10-01T06:00:00+00:00,correction_image_radii,Standard MLP · image radii,36.96197064717611,False,hourly mean,3
AL082025,Humberto (2025),with_era5,2025-10-01T07:00:00+00:00,correction_image_radii,Standard MLP · image radii,35.78753683302138,False,hourly mean,3
AL082025,Humberto (2025),with_era5,2025-10-01T08:00:00+00:00,correction_image_radii,Standard MLP · image radii,35.21839459737142,False,hourly mean,3
AL082025,Humberto (2025),with_era5,2025-10-01T09:00:00+00:00,correction_image_radii,Standard MLP · image radii,35.25442292955187,False,hourly mean,3
AL082025,Humberto (2025),with_era5,2025-10-01T10:00:00+00:00,correction_image_radii,Standard MLP · image radii,36.56468539767795,False,hourly mean,3
AL082025,Humberto (2025),with_era5,2025-10-01T11:00:00+00:00,correction_image_radii,Standard MLP · image radii,36.99676036834717,False,hourly mean,3
AL082025,Humberto (2025),with_era5,2025-09-24T12:00:00+00:00,correction_mlp_radii,Standard MLP · MLP radii,22.17975346247355,False,hourly mean,3
AL082025,Humberto (2025),with_era5,2025-09-24T13:00:00+00:00,correction_mlp_radii,Standard MLP · MLP radii,21.958235210842556,False,hourly mean,3
AL082025,Humberto (2025),with_era5,2025-09-24T14:00:00+00:00,correction_mlp_radii,Standard MLP · MLP radii,22.6398311191135,False,hourly mean,3
AL082025,Humberto (2025),with_era5,2025-09-24T15:00:00+00:00,correction_mlp_radii,Standard MLP · MLP radii,24.050816747877334,False,hourly mean,3
AL082025,Humberto (2025),with_era5,2025-09-24T16:00:00+00:00,correction_mlp_radii,Standard MLP · MLP radii,24.785809622870556,False,hourly mean,3
AL082025,Humberto (2025),with_era5,2025-09-24T17:00:00+00:00,correction_mlp_radii,Standard MLP · MLP radii,23.857850710550945,False,hourly mean,3
AL082025,Humberto (2025),with_era5,2025-09-24T18:00:00+00:00,correction_mlp_radii,Standard MLP · MLP radii,22.349107530381943,False,hourly mean,3
AL082025,Humberto (2025),with_era5,2025-09-24T19:00:00+00:00,correction_mlp_radii,Standard MLP · MLP radii,21.565683364868164,False,hourly mean,3
AL082025,Humberto (2025),with_era5,2025-09-24T20:00:00+00:00,correction_mlp_radii,Standard MLP · MLP radii,21.163095262315537,False,hourly mean,3
AL082025,Humberto (2025),with_era5,2025-09-24T21:00:00+00:00,correction_mlp_radii,Standard MLP · MLP radii,21.101328637864857,False,hourly mean,3
AL082025,Humberto (2025),with_era5,2025-09-24T22:00:00+00:00,correction_mlp_radii,Standard MLP · MLP radii,21.01966391669379,False,hourly mean,3
AL082025,Humberto (2025),with_era5,2025-09-24T23:00:00+00:00,correction_mlp_radii,Standard MLP · MLP radii,21.029130299886067,False,hourly mean,3
AL082025,Humberto (2025),with_era5,2025-09-25T00:00:00+00:00,correction_mlp_radii,Standard MLP · MLP radii,20.230211787753635,False,hourly mean,3
AL082025,Humberto (2025),with_era5,2025-09-25T01:00:00+00:00,correction_mlp_radii,Standard MLP · MLP radii,19.507901297675236,False,hourly mean,3
AL082025,Humberto (2025),with_era5,2025-09-25T02:00:00+00:00,correction_mlp_radii,Standard MLP · MLP radii,20.695201343960232,False,hourly mean,3
AL082025,Humberto (2025),with_era5,2025-09-25T03:00:00+00:00,correction_mlp_radii,Standard MLP · MLP radii,23.34935273064507,False,hourly mean,3
AL082025,Humberto (2025),with_era5,2025-09-25T04:00:00+00:00,correction_mlp_radii,Standard MLP · MLP radii,26.43535592820909,False,hourly mean,3
AL082025,Humberto (2025),with_era5,2025-09-25T05:00:00+00:00,correction_mlp_radii,Standard MLP · MLP radii,27.591313891940647,False,hourly mean,3
AL082025,Humberto (2025),with_era5,2025-09-25T06:00:00+00:00,correction_mlp_radii,Standard MLP · MLP radii,27.222422811720108,False,hourly mean,3
AL082025,Humberto (2025),with_era5,2025-09-25T07:00:00+00:00,correction_mlp_radii,Standard MLP · MLP radii,26.34921709696452,False,hourly mean,3
AL082025,Humberto (2025),with_era5,2025-09-25T08:00:00+00:00,correction_mlp_radii,Standard MLP · MLP radii,25.99390474955241,False,hourly mean,3
AL082025,Humberto (2025),with_era5,2025-09-25T09:00:00+00:00,correction_mlp_radii,Standard MLP · MLP radii,27.607693884107803,False,hourly mean,3
AL082025,Humberto (2025),with_era5,2025-09-25T10:00:00+00:00,correction_mlp_radii,Standard MLP · MLP radii,28.861569510565868,False,hourly mean,3
AL082025,Humberto (2025),with_era5,2025-09-25T11:00:00+00:00,correction_mlp_radii,Standard MLP · MLP radii,29.90175935957167,False,hourly mean,3
AL082025,Humberto (2025),with_era5,2025-09-25T12:00:00+00:00,correction_mlp_radii,Standard MLP · MLP radii,30.080907821655273,False,hourly mean,3
AL082025,Humberto (2025),with_era5,2025-09-25T13:00:00+00:00,correction_mlp_radii,Standard MLP · MLP radii,30.75035858154297,False,hourly mean,3
AL082025,Humberto (2025),with_era5,2025-09-25T14:00:00+00:00,correction_mlp_radii,Standard MLP · MLP radii,30.859876102871365,False,hourly mean,3
AL082025,Humberto (2025),with_era5,2025-09-25T15:00:00+00:00,correction_mlp_radii,Standard MLP · MLP radii,30.454288058810764,False,hourly mean,3
AL082025,Humberto (2025),with_era5,2025-09-25T16:00:00+00:00,correction_mlp_radii,Standard MLP · MLP radii,29.60743236541748,False,hourly mean,3
AL082025,Humberto (2025),with_era5,2025-09-25T17:00:00+00:00,correction_mlp_radii,Standard MLP · MLP radii,28.911762025621204,False,hourly mean,3
AL082025,Humberto (2025),with_era5,2025-09-25T18:00:00+00:00,correction_mlp_radii,Standard MLP · MLP radii,28.775447951422795,False,hourly mean,3
AL082025,Humberto (2025),with_era5,2025-09-25T19:00:00+00:00,correction_mlp_radii,Standard MLP · MLP radii,29.233300420973034,False,hourly mean,3
AL082025,Humberto (2025),with_era5,2025-09-25T20:00:00+00:00,correction_mlp_radii,Standard MLP · MLP radii,30.024663501315647,False,hourly mean,3
AL082025,Humberto (2025),with_era5,2025-09-25T21:00:00+00:00,correction_mlp_radii,Standard MLP · MLP radii,30.14674260881212,False,hourly mean,3
AL082025,Humberto (2025),with_era5,2025-09-25T22:00:00+00:00,correction_mlp_radii,Standard MLP · MLP radii,30.35046397315131,False,hourly mean,3
AL082025,Humberto (2025),with_era5,2025-09-25T23:00:00+00:00,correction_mlp_radii,Standard MLP · MLP radii,31.037252320183644,False,hourly mean,3
AL082025,Humberto (2025),with_era5,2025-09-26T00:00:00+00:00,correction_mlp_radii,Standard MLP · MLP radii,32.14945316314697,False,hourly mean,3
AL082025,Humberto (2025),with_era5,2025-09-26T01:00:00+00:00,correction_mlp_radii,Standard MLP · MLP radii,33.112428453233505,False,hourly mean,3
AL082025,Humberto (2025),with_era5,2025-09-26T02:00:00+00:00,correction_mlp_radii,Standard MLP · MLP radii,34.70722685919868,False,hourly mean,3
AL082025,Humberto (2025),with_era5,2025-09-26T03:00:00+00:00,correction_mlp_radii,Standard MLP · MLP radii,36.080330954657654,False,hourly mean,3
AL082025,Humberto (2025),with_era5,2025-09-26T04:00:00+00:00,correction_mlp_radii,Standard MLP · MLP radii,37.52425765991211,False,hourly mean,3
AL082025,Humberto (2025),with_era5,2025-09-26T05:00:00+00:00,correction_mlp_radii,Standard MLP · MLP radii,38.42853673299154,False,hourly mean,3
AL082025,Humberto (2025),with_era5,2025-09-26T06:00:00+00:00,correction_mlp_radii,Standard MLP · MLP radii,39.721412446763786,False,hourly mean,3
AL082025,Humberto (2025),with_era5,2025-09-26T07:00:00+00:00,correction_mlp_radii,Standard MLP · MLP radii,39.23231082492404,False,hourly mean,3
AL082025,Humberto (2025),with_era5,2025-09-26T08:00:00+00:00,correction_mlp_radii,Standard MLP · MLP radii,38.87569957309299,False,hourly mean,3
AL082025,Humberto (2025),with_era5,2025-09-26T09:00:00+00:00,correction_mlp_radii,Standard MLP · MLP radii,38.51806852552625,False,hourly mean,3
AL082025,Humberto (2025),with_era5,2025-09-26T10:00:00+00:00,correction_mlp_radii,Standard MLP · MLP radii,39.49664603339301,False,hourly mean,3
AL082025,Humberto (2025),with_era5,2025-09-26T11:00:00+00:00,correction_mlp_radii,Standard MLP · MLP radii,39.34485138787164,False,hourly mean,3
AL082025,Humberto (2025),with_era5,2025-09-26T12:00:00+00:00,correction_mlp_radii,Standard MLP · MLP radii,39.24221187167698,True,hourly mean,3
AL082025,Humberto (2025),with_era5,2025-09-26T13:00:00+00:00,correction_mlp_radii,Standard MLP · MLP radii,40.60024494594998,True,hourly mean,3
AL082025,Humberto (2025),with_era5,2025-09-26T14:00:00+00:00,correction_mlp_radii,Standard MLP · MLP radii,43.58339966668023,True,hourly mean,3
AL082025,Humberto (2025),with_era5,2025-09-26T15:00:00+00:00,correction_mlp_radii,Standard MLP · MLP radii,44.86164262559678,True,hourly mean,3
AL082025,Humberto (2025),with_era5,2025-09-26T16:00:00+00:00,correction_mlp_radii,Standard MLP · MLP radii,44.750965966118706,True,hourly mean,3
AL082025,Humberto (2025),with_era5,2025-09-26T17:00:00+00:00,correction_mlp_radii,Standard MLP · MLP radii,45.16633097330729,True,hourly mean,3
AL082025,Humberto (2025),with_era5,2025-09-26T18:00:00+00:00,correction_mlp_radii,Standard MLP · MLP radii,46.91218948364258,True,hourly mean,3
AL082025,Humberto (2025),with_era5,2025-09-26T19:00:00+00:00,correction_mlp_radii,Standard MLP · MLP radii,49.53547604878744,True,hourly mean,3
AL082025,Humberto (2025),with_era5,2025-09-26T20:00:00+00:00,correction_mlp_radii,Standard MLP · MLP radii,51.51304478115506,True,hourly mean,3
AL082025,Humberto (2025),with_era5,2025-09-26T21:00:00+00:00,correction_mlp_radii,Standard MLP · MLP radii,54.13081338670519,True,hourly mean,3
AL082025,Humberto (2025),with_era5,2025-09-26T22:00:00+00:00,correction_mlp_radii,Standard MLP · MLP radii,55.9889390733507,True,hourly mean,3
AL082025,Humberto (2025),with_era5,2025-09-26T23:00:00+00:00,correction_mlp_radii,Standard MLP · MLP radii,57.026902516682945,True,hourly mean,3
AL082025,Humberto (2025),with_era5,2025-09-27T00:00:00+00:00,correction_mlp_radii,Standard MLP · MLP radii,57.143857108222115,True,hourly mean,3
AL082025,Humberto (2025),with_era5,2025-09-27T01:00:00+00:00,correction_mlp_radii,Standard MLP · MLP radii,56.81400214301215,True,hourly mean,3
AL082025,Humberto (2025),with_era5,2025-09-27T02:00:00+00:00,correction_mlp_radii,Standard MLP · MLP radii,54.00861676534017,True,hourly mean,3
AL082025,Humberto (2025),with_era5,2025-09-27T03:00:00+00:00,correction_mlp_radii,Standard MLP · MLP radii,52.19968075222439,True,hourly mean,3
AL082025,Humberto (2025),with_era5,2025-09-27T04:00:00+00:00,correction_mlp_radii,Standard MLP · MLP radii,50.009639739990234,True,hourly mean,3
AL082025,Humberto (2025),with_era5,2025-09-27T05:00:00+00:00,correction_mlp_radii,Standard MLP · MLP radii,49.22389581468371,True,hourly mean,3
AL082025,Humberto (2025),with_era5,2025-09-27T06:00:00+00:00,correction_mlp_radii,Standard MLP · MLP radii,48.10536744859484,True,hourly mean,3
AL082025,Humberto (2025),with_era5,2025-09-27T07:00:00+00:00,correction_mlp_radii,Standard MLP · MLP radii,47.686598247951935,True,hourly mean,3
AL082025,Humberto (2025),with_era5,2025-09-27T08:00:00+00:00,correction_mlp_radii,Standard MLP · MLP radii,46.55018403795031,True,hourly mean,3
AL082025,Humberto (2025),with_era5,2025-09-27T09:00:00+00:00,correction_mlp_radii,Standard MLP · MLP radii,45.34082455105251,True,hourly mean,3
AL082025,Humberto (2025),with_era5,2025-09-27T10:00:00+00:00,correction_mlp_radii,Standard MLP · MLP radii,44.85532315572103,True,hourly mean,3
AL082025,Humberto (2025),with_era5,2025-09-27T11:00:00+00:00,correction_mlp_radii,Standard MLP · MLP radii,46.50718116760254,True,hourly mean,3
AL082025,Humberto (2025),with_era5,2025-09-27T12:00:00+00:00,correction_mlp_radii,Standard MLP · MLP radii,48.13323465983073,True,hourly mean,3
AL082025,Humberto (2025),with_era5,2025-09-27T13:00:00+00:00,correction_mlp_radii,Standard MLP · MLP radii,48.890595542060005,True,hourly mean,3
AL082025,Humberto (2025),with_era5,2025-09-27T14:00:00+00:00,correction_mlp_radii,Standard MLP · MLP radii,48.90552944607205,True,hourly mean,3
AL082025,Humberto (2025),with_era5,2025-09-27T15:00:00+00:00,correction_mlp_radii,Standard MLP · MLP radii,49.235907236735024,True,hourly mean,3
AL082025,Humberto (2025),with_era5,2025-09-27T16:00:00+00:00,correction_mlp_radii,Standard MLP · MLP radii,50.23195033603244,True,hourly mean,3
AL082025,Humberto (2025),with_era5,2025-09-27T17:00:00+00:00,correction_mlp_radii,Standard MLP · MLP radii,51.581027348836265,True,hourly mean,3
AL082025,Humberto (2025),with_era5,2025-09-27T18:00:00+00:00,correction_mlp_radii,Standard MLP · MLP radii,53.0730726453993,True,hourly mean,3
AL082025,Humberto (2025),with_era5,2025-09-27T19:00:00+00:00,correction_mlp_radii,Standard MLP · MLP radii,54.69972907172309,True,hourly mean,3
AL082025,Humberto (2025),with_era5,2025-09-27T20:00:00+00:00,correction_mlp_radii,Standard MLP · MLP radii,56.05209159851074,True,hourly mean,3
AL082025,Humberto (2025),with_era5,2025-09-27T21:00:00+00:00,correction_mlp_radii,Standard MLP · MLP radii,57.24586062961155,True,hourly mean,3
AL082025,Humberto (2025),with_era5,2025-09-27T22:00:00+00:00,correction_mlp_radii,Standard MLP · MLP radii,57.90939606560602,True,hourly mean,3
AL082025,Humberto (2025),with_era5,2025-09-27T23:00:00+00:00,correction_mlp_radii,Standard MLP · MLP radii,58.19217703077529,False,hourly mean,3
AL082025,Humberto (2025),with_era5,2025-09-28T00:00:00+00:00,correction_mlp_radii,Standard MLP · MLP radii,56.98485332065158,False,hourly mean,3
AL082025,Humberto (2025),with_era5,2025-09-28T01:00:00+00:00,correction_mlp_radii,Standard MLP · MLP radii,55.51568582322863,False,hourly mean,3
AL082025,Humberto (2025),with_era5,2025-09-28T02:00:00+00:00,correction_mlp_radii,Standard MLP · MLP radii,53.72296799553766,False,hourly mean,3
AL082025,Humberto (2025),with_era5,2025-09-28T03:00:00+00:00,correction_mlp_radii,Standard MLP · MLP radii,53.125501420762795,False,hourly mean,3
AL082025,Humberto (2025),with_era5,2025-09-28T04:00:00+00:00,correction_mlp_radii,Standard MLP · MLP radii,53.53744718763563,False,hourly mean,3
AL082025,Humberto (2025),with_era5,2025-09-28T05:00:00+00:00,correction_mlp_radii,Standard MLP · MLP radii,54.16454082065159,False,hourly mean,3
AL082025,Humberto (2025),with_era5,2025-09-28T06:00:00+00:00,correction_mlp_radii,Standard MLP · MLP radii,54.06718466016982,False,hourly mean,3
AL082025,Humberto (2025),with_era5,2025-09-28T07:00:00+00:00,correction_mlp_radii,Standard MLP · MLP radii,53.32784695095486,False,hourly mean,3
AL082025,Humberto (2025),with_era5,2025-09-28T08:00:00+00:00,correction_mlp_radii,Standard MLP · MLP radii,52.68023003472222,False,hourly mean,3
AL082025,Humberto (2025),with_era5,2025-09-28T09:00:00+00:00,correction_mlp_radii,Standard MLP · MLP radii,52.172877629597984,False,hourly mean,3
AL082025,Humberto (2025),with_era5,2025-09-28T10:00:00+00:00,correction_mlp_radii,Standard MLP · MLP radii,51.50136227077908,False,hourly mean,3
AL082025,Humberto (2025),with_era5,2025-09-28T11:00:00+00:00,correction_mlp_radii,Standard MLP · MLP radii,50.378928714328346,False,hourly mean,3
AL082025,Humberto (2025),with_era5,2025-09-28T12:00:00+00:00,correction_mlp_radii,Standard MLP · MLP radii,49.314419428507485,False,hourly mean,3
AL082025,Humberto (2025),with_era5,2025-09-28T13:00:00+00:00,correction_mlp_radii,Standard MLP · MLP radii,48.20907677544488,False,hourly mean,3
AL082025,Humberto (2025),with_era5,2025-09-28T14:00:00+00:00,correction_mlp_radii,Standard MLP · MLP radii,48.38137647840711,False,hourly mean,3
AL082025,Humberto (2025),with_era5,2025-09-28T15:00:00+00:00,correction_mlp_radii,Standard MLP · MLP radii,48.94861390855578,False,hourly mean,3
AL082025,Humberto (2025),with_era5,2025-09-28T16:00:00+00:00,correction_mlp_radii,Standard MLP · MLP radii,49.936198764377174,False,hourly mean,3
AL082025,Humberto (2025),with_era5,2025-09-28T17:00:00+00:00,correction_mlp_radii,Standard MLP · MLP radii,50.66629070705838,False,hourly mean,3
AL082025,Humberto (2025),with_era5,2025-09-28T18:00:00+00:00,correction_mlp_radii,Standard MLP · MLP radii,50.67338795132107,False,hourly mean,3
AL082025,Humberto (2025),with_era5,2025-09-28T19:00:00+00:00,correction_mlp_radii,Standard MLP · MLP radii,50.80707825554742,False,hourly mean,3
AL082025,Humberto (2025),with_era5,2025-09-28T20:00:00+00:00,correction_mlp_radii,Standard MLP · MLP radii,51.17159038119846,False,hourly mean,3
AL082025,Humberto (2025),with_era5,2025-09-28T21:00:00+00:00,correction_mlp_radii,Standard MLP · MLP radii,51.955294079250756,False,hourly mean,3
AL082025,Humberto (2025),with_era5,2025-09-28T22:00:00+00:00,correction_mlp_radii,Standard MLP · MLP radii,52.80903519524469,False,hourly mean,3
AL082025,Humberto (2025),with_era5,2025-09-28T23:00:00+00:00,correction_mlp_radii,Standard MLP · MLP radii,53.756978352864586,False,hourly mean,3
AL082025,Humberto (2025),with_era5,2025-09-29T00:00:00+00:00,correction_mlp_radii,Standard MLP · MLP radii,54.50504790412055,False,hourly mean,3
AL082025,Humberto (2025),with_era5,2025-09-29T01:00:00+00:00,correction_mlp_radii,Standard MLP · MLP radii,54.159832212660056,False,hourly mean,3
AL082025,Humberto (2025),with_era5,2025-09-29T02:00:00+00:00,correction_mlp_radii,Standard MLP · MLP radii,52.52667978074816,False,hourly mean,3
AL082025,Humberto (2025),with_era5,2025-09-29T03:00:00+00:00,correction_mlp_radii,Standard MLP · MLP radii,50.63461706373426,False,hourly mean,3
AL082025,Humberto (2025),with_era5,2025-09-29T04:00:00+00:00,correction_mlp_radii,Standard MLP · MLP radii,49.573032167222756,False,hourly mean,3
AL082025,Humberto (2025),with_era5,2025-09-29T05:00:00+00:00,correction_mlp_radii,Standard MLP · MLP radii,48.799883948432075,False,hourly mean,3
AL082025,Humberto (2025),with_era5,2025-09-29T06:00:00+00:00,correction_mlp_radii,Standard MLP · MLP radii,48.35065205891927,False,hourly mean,3
AL082025,Humberto (2025),with_era5,2025-09-29T07:00:00+00:00,correction_mlp_radii,Standard MLP · MLP radii,47.97311104668511,False,hourly mean,3
AL082025,Humberto (2025),with_era5,2025-09-29T08:00:00+00:00,correction_mlp_radii,Standard MLP · MLP radii,47.76483450995551,False,hourly mean,3
AL082025,Humberto (2025),with_era5,2025-09-29T09:00:00+00:00,correction_mlp_radii,Standard MLP · MLP radii,47.36026403639051,False,hourly mean,3
AL082025,Humberto (2025),with_era5,2025-09-29T10:00:00+00:00,correction_mlp_radii,Standard MLP · MLP radii,46.3089230855306,False,hourly mean,3
AL082025,Humberto (2025),with_era5,2025-09-29T11:00:00+00:00,correction_mlp_radii,Standard MLP · MLP radii,45.768466525607636,False,hourly mean,3
AL082025,Humberto (2025),with_era5,2025-09-29T12:00:00+00:00,correction_mlp_radii,Standard MLP · MLP radii,45.84786245557998,False,hourly mean,3
AL082025,Humberto (2025),with_era5,2025-09-29T13:00:00+00:00,correction_mlp_radii,Standard MLP · MLP radii,45.02299160427518,False,hourly mean,3
AL082025,Humberto (2025),with_era5,2025-09-29T14:00:00+00:00,correction_mlp_radii,Standard MLP · MLP radii,43.75786781311035,False,hourly mean,3
AL082025,Humberto (2025),with_era5,2025-09-29T15:00:00+00:00,correction_mlp_radii,Standard MLP · MLP radii,42.66427569919162,False,hourly mean,3
AL082025,Humberto (2025),with_era5,2025-09-29T16:00:00+00:00,correction_mlp_radii,Standard MLP · MLP radii,42.402986738416885,False,hourly mean,3
AL082025,Humberto (2025),with_era5,2025-09-29T17:00:00+00:00,correction_mlp_radii,Standard MLP · MLP radii,42.79651917351617,False,hourly mean,3
AL082025,Humberto (2025),with_era5,2025-09-29T18:00:00+00:00,correction_mlp_radii,Standard MLP · MLP radii,42.59134419759114,False,hourly mean,3
AL082025,Humberto (2025),with_era5,2025-09-29T19:00:00+00:00,correction_mlp_radii,Standard MLP · MLP radii,41.961681789822045,False,hourly mean,3
AL082025,Humberto (2025),with_era5,2025-09-29T20:00:00+00:00,correction_mlp_radii,Standard MLP · MLP radii,40.82662031385633,False,hourly mean,3
AL082025,Humberto (2025),with_era5,2025-09-29T21:00:00+00:00,correction_mlp_radii,Standard MLP · MLP radii,40.16171794467502,False,hourly mean,3
AL082025,Humberto (2025),with_era5,2025-09-29T22:00:00+00:00,correction_mlp_radii,Standard MLP · MLP radii,40.113942040337456,False,hourly mean,3
AL082025,Humberto (2025),with_era5,2025-09-29T23:00:00+00:00,correction_mlp_radii,Standard MLP · MLP radii,40.17894977993436,False,hourly mean,3
AL082025,Humberto (2025),with_era5,2025-09-30T00:00:00+00:00,correction_mlp_radii,Standard MLP · MLP radii,38.75758404201932,False,hourly mean,3
AL082025,Humberto (2025),with_era5,2025-09-30T01:00:00+00:00,correction_mlp_radii,Standard MLP · MLP radii,36.30281024509006,False,hourly mean,3
AL082025,Humberto (2025),with_era5,2025-09-30T02:00:00+00:00,correction_mlp_radii,Standard MLP · MLP radii,34.66043387518989,False,hourly mean,3
AL082025,Humberto (2025),with_era5,2025-09-30T03:00:00+00:00,correction_mlp_radii,Standard MLP · MLP radii,35.38791275024414,False,hourly mean,3
AL082025,Humberto (2025),with_era5,2025-09-30T04:00:00+00:00,correction_mlp_radii,Standard MLP · MLP radii,37.3838382297092,False,hourly mean,3
AL082025,Humberto (2025),with_era5,2025-09-30T05:00:00+00:00,correction_mlp_radii,Standard MLP · MLP radii,37.60571543375651,False,hourly mean,3
AL082025,Humberto (2025),with_era5,2025-09-30T06:00:00+00:00,correction_mlp_radii,Standard MLP · MLP radii,35.17709403567844,False,hourly mean,3
AL082025,Humberto (2025),with_era5,2025-09-30T07:00:00+00:00,correction_mlp_radii,Standard MLP · MLP radii,32.658508936564125,False,hourly mean,3
AL082025,Humberto (2025),with_era5,2025-09-30T08:00:00+00:00,correction_mlp_radii,Standard MLP · MLP radii,31.200799624125164,False,hourly mean,3
AL082025,Humberto (2025),with_era5,2025-09-30T09:00:00+00:00,correction_mlp_radii,Standard MLP · MLP radii,32.24473864237468,False,hourly mean,3
AL082025,Humberto (2025),with_era5,2025-09-30T10:00:00+00:00,correction_mlp_radii,Standard MLP · MLP radii,33.84736364152696,False,hourly mean,3
AL082025,Humberto (2025),with_era5,2025-09-30T11:00:00+00:00,correction_mlp_radii,Standard MLP · MLP radii,34.663966242472334,False,hourly mean,3
AL082025,Humberto (2025),with_era5,2025-09-30T12:00:00+00:00,correction_mlp_radii,Standard MLP · MLP radii,34.1682972378201,False,hourly mean,3
AL082025,Humberto (2025),with_era5,2025-09-30T13:00:00+00:00,correction_mlp_radii,Standard MLP · MLP radii,33.9232406616211,False,hourly mean,3
AL082025,Humberto (2025),with_era5,2025-09-30T14:00:00+00:00,correction_mlp_radii,Standard MLP · MLP radii,33.733465830485024,False,hourly mean,3
AL082025,Humberto (2025),with_era5,2025-09-30T15:00:00+00:00,correction_mlp_radii,Standard MLP · MLP radii,33.42541323767768,False,hourly mean,3
AL082025,Humberto (2025),with_era5,2025-09-30T16:00:00+00:00,correction_mlp_radii,Standard MLP · MLP radii,32.37197960747613,False,hourly mean,3
AL082025,Humberto (2025),with_era5,2025-09-30T17:00:00+00:00,correction_mlp_radii,Standard MLP · MLP radii,31.69058280520969,False,hourly mean,3
AL082025,Humberto (2025),with_era5,2025-09-30T18:00:00+00:00,correction_mlp_radii,Standard MLP · MLP radii,31.18652142418755,False,hourly mean,3
AL082025,Humberto (2025),with_era5,2025-09-30T19:00:00+00:00,correction_mlp_radii,Standard MLP · MLP radii,30.826760080125595,False,hourly mean,3
AL082025,Humberto (2025),with_era5,2025-09-30T20:00:00+00:00,correction_mlp_radii,Standard MLP · MLP radii,28.876853519015842,False,hourly mean,3
AL082025,Humberto (2025),with_era5,2025-09-30T21:00:00+00:00,correction_mlp_radii,Standard MLP · MLP radii,28.159902678595646,False,hourly mean,3
AL082025,Humberto (2025),with_era5,2025-09-30T22:00:00+00:00,correction_mlp_radii,Standard MLP · MLP radii,27.317671563890247,False,hourly mean,3
AL082025,Humberto (2025),with_era5,2025-09-30T23:00:00+00:00,correction_mlp_radii,Standard MLP · MLP radii,28.679222128126355,False,hourly mean,3
AL082025,Humberto (2025),with_era5,2025-10-01T00:00:00+00:00,correction_mlp_radii,Standard MLP · MLP radii,28.7504673216078,False,hourly mean,3
AL082025,Humberto (2025),with_era5,2025-10-01T01:00:00+00:00,correction_mlp_radii,Standard MLP · MLP radii,28.595779016282822,False,hourly mean,3
AL082025,Humberto (2025),with_era5,2025-10-01T02:00:00+00:00,correction_mlp_radii,Standard MLP · MLP radii,30.189743359883625,False,hourly mean,3
AL082025,Humberto (2025),with_era5,2025-10-01T03:00:00+00:00,correction_mlp_radii,Standard MLP · MLP radii,32.623899141947426,False,hourly mean,3
AL082025,Humberto (2025),with_era5,2025-10-01T04:00:00+00:00,correction_mlp_radii,Standard MLP · MLP radii,35.20021777682834,False,hourly mean,3
AL082025,Humberto (2025),with_era5,2025-10-01T05:00:00+00:00,correction_mlp_radii,Standard MLP · MLP radii,35.803034676445854,False,hourly mean,3
AL082025,Humberto (2025),with_era5,2025-10-01T06:00:00+00:00,correction_mlp_radii,Standard MLP · MLP radii,35.73807546827528,False,hourly mean,3
AL082025,Humberto (2025),with_era5,2025-10-01T07:00:00+00:00,correction_mlp_radii,Standard MLP · MLP radii,34.564544995625816,False,hourly mean,3
AL082025,Humberto (2025),with_era5,2025-10-01T08:00:00+00:00,correction_mlp_radii,Standard MLP · MLP radii,33.9947968588935,False,hourly mean,3
AL082025,Humberto (2025),with_era5,2025-10-01T09:00:00+00:00,correction_mlp_radii,Standard MLP · MLP radii,34.030291345384384,False,hourly mean,3
AL082025,Humberto (2025),with_era5,2025-10-01T10:00:00+00:00,correction_mlp_radii,Standard MLP · MLP radii,35.34024831983778,False,hourly mean,3
AL082025,Humberto (2025),with_era5,2025-10-01T11:00:00+00:00,correction_mlp_radii,Standard MLP · MLP radii,35.7730172475179,False,hourly mean,3
AL082025,Humberto (2025),with_era5,2025-09-24T12:00:00+00:00,latent_sar_max_wind_radii,Latent MLP · SAR · wind + radii,20.347218195597332,False,hourly mean,3
AL082025,Humberto (2025),with_era5,2025-09-24T13:00:00+00:00,latent_sar_max_wind_radii,Latent MLP · SAR · wind + radii,20.526984638637966,False,hourly mean,3
AL082025,Humberto (2025),with_era5,2025-09-24T14:00:00+00:00,latent_sar_max_wind_radii,Latent MLP · SAR · wind + radii,20.664256307813858,False,hourly mean,3
AL082025,Humberto (2025),with_era5,2025-09-24T15:00:00+00:00,latent_sar_max_wind_radii,Latent MLP · SAR · wind + radii,20.898350927564834,False,hourly mean,3
AL082025,Humberto (2025),with_era5,2025-09-24T16:00:00+00:00,latent_sar_max_wind_radii,Latent MLP · SAR · wind + radii,21.099560313754612,False,hourly mean,3
AL082025,Humberto (2025),with_era5,2025-09-24T17:00:00+00:00,latent_sar_max_wind_radii,Latent MLP · SAR · wind + radii,21.373234007093643,False,hourly mean,3
AL082025,Humberto (2025),with_era5,2025-09-24T18:00:00+00:00,latent_sar_max_wind_radii,Latent MLP · SAR · wind + radii,21.386763360765244,False,hourly mean,3
AL082025,Humberto (2025),with_era5,2025-09-24T19:00:00+00:00,latent_sar_max_wind_radii,Latent MLP · SAR · wind + radii,21.13276312086317,False,hourly mean,3
AL082025,Humberto (2025),with_era5,2025-09-24T20:00:00+00:00,latent_sar_max_wind_radii,Latent MLP · SAR · wind + radii,21.572472466362843,False,hourly mean,3
AL082025,Humberto (2025),with_era5,2025-09-24T21:00:00+00:00,latent_sar_max_wind_radii,Latent MLP · SAR · wind + radii,22.087856504652233,False,hourly mean,3
AL082025,Humberto (2025),with_era5,2025-09-24T22:00:00+00:00,latent_sar_max_wind_radii,Latent MLP · SAR · wind + radii,22.538564046223957,False,hourly mean,3
AL082025,Humberto (2025),with_era5,2025-09-24T23:00:00+00:00,latent_sar_max_wind_radii,Latent MLP · SAR · wind + radii,22.15705098046197,False,hourly mean,3
AL082025,Humberto (2025),with_era5,2025-09-25T00:00:00+00:00,latent_sar_max_wind_radii,Latent MLP · SAR · wind + radii,21.729766421847874,False,hourly mean,3
AL082025,Humberto (2025),with_era5,2025-09-25T01:00:00+00:00,latent_sar_max_wind_radii,Latent MLP · SAR · wind + radii,21.574155277676052,False,hourly mean,3
AL082025,Humberto (2025),with_era5,2025-09-25T02:00:00+00:00,latent_sar_max_wind_radii,Latent MLP · SAR · wind + radii,22.427627987331814,False,hourly mean,3
AL082025,Humberto (2025),with_era5,2025-09-25T03:00:00+00:00,latent_sar_max_wind_radii,Latent MLP · SAR · wind + radii,23.671100086636017,False,hourly mean,3
AL082025,Humberto (2025),with_era5,2025-09-25T04:00:00+00:00,latent_sar_max_wind_radii,Latent MLP · SAR · wind + radii,24.908706771002873,False,hourly mean,3
AL082025,Humberto (2025),with_era5,2025-09-25T05:00:00+00:00,latent_sar_max_wind_radii,Latent MLP · SAR · wind + radii,25.131014188130695,False,hourly mean,3
AL082025,Humberto (2025),with_era5,2025-09-25T06:00:00+00:00,latent_sar_max_wind_radii,Latent MLP · SAR · wind + radii,25.04762638939751,False,hourly mean,3
AL082025,Humberto (2025),with_era5,2025-09-25T07:00:00+00:00,latent_sar_max_wind_radii,Latent MLP · SAR · wind + radii,25.06118541293674,False,hourly mean,3
AL082025,Humberto (2025),with_era5,2025-09-25T08:00:00+00:00,latent_sar_max_wind_radii,Latent MLP · SAR · wind + radii,25.530426767137314,False,hourly mean,3
AL082025,Humberto (2025),with_era5,2025-09-25T09:00:00+00:00,latent_sar_max_wind_radii,Latent MLP · SAR · wind + radii,25.415457513597275,False,hourly mean,3
AL082025,Humberto (2025),with_era5,2025-09-25T10:00:00+00:00,latent_sar_max_wind_radii,Latent MLP · SAR · wind + radii,24.888366805182567,False,hourly mean,3
AL082025,Humberto (2025),with_era5,2025-09-25T11:00:00+00:00,latent_sar_max_wind_radii,Latent MLP · SAR · wind + radii,24.117704285515682,False,hourly mean,3
AL082025,Humberto (2025),with_era5,2025-09-25T12:00:00+00:00,latent_sar_max_wind_radii,Latent MLP · SAR · wind + radii,24.182003339131672,False,hourly mean,3
AL082025,Humberto (2025),with_era5,2025-09-25T13:00:00+00:00,latent_sar_max_wind_radii,Latent MLP · SAR · wind + radii,25.096097734239365,False,hourly mean,3
AL082025,Humberto (2025),with_era5,2025-09-25T14:00:00+00:00,latent_sar_max_wind_radii,Latent MLP · SAR · wind + radii,27.068375693427196,False,hourly mean,3
AL082025,Humberto (2025),with_era5,2025-09-25T15:00:00+00:00,latent_sar_max_wind_radii,Latent MLP · SAR · wind + radii,28.921117040846084,False,hourly mean,3
AL082025,Humberto (2025),with_era5,2025-09-25T16:00:00+00:00,latent_sar_max_wind_radii,Latent MLP · SAR · wind + radii,30.16383234659831,False,hourly mean,3
AL082025,Humberto (2025),with_era5,2025-09-25T17:00:00+00:00,latent_sar_max_wind_radii,Latent MLP · SAR · wind + radii,30.24034881591797,False,hourly mean,3
AL082025,Humberto (2025),with_era5,2025-09-25T18:00:00+00:00,latent_sar_max_wind_radii,Latent MLP · SAR · wind + radii,30.452630148993595,False,hourly mean,3
AL082025,Humberto (2025),with_era5,2025-09-25T19:00:00+00:00,latent_sar_max_wind_radii,Latent MLP · SAR · wind + radii,30.781877835591633,False,hourly mean,3
AL082025,Humberto (2025),with_era5,2025-09-25T20:00:00+00:00,latent_sar_max_wind_radii,Latent MLP · SAR · wind + radii,32.16723155975342,False,hourly mean,3
AL082025,Humberto (2025),with_era5,2025-09-25T21:00:00+00:00,latent_sar_max_wind_radii,Latent MLP · SAR · wind + radii,34.33241812388102,False,hourly mean,3
AL082025,Humberto (2025),with_era5,2025-09-25T22:00:00+00:00,latent_sar_max_wind_radii,Latent MLP · SAR · wind + radii,36.73706860012478,False,hourly mean,3
AL082025,Humberto (2025),with_era5,2025-09-25T23:00:00+00:00,latent_sar_max_wind_radii,Latent MLP · SAR · wind + radii,38.163916481865776,False,hourly mean,3
AL082025,Humberto (2025),with_era5,2025-09-26T00:00:00+00:00,latent_sar_max_wind_radii,Latent MLP · SAR · wind + radii,38.65075556437174,False,hourly mean,3
AL082025,Humberto (2025),with_era5,2025-09-26T01:00:00+00:00,latent_sar_max_wind_radii,Latent MLP · SAR · wind + radii,38.8592111799452,False,hourly mean,3
AL082025,Humberto (2025),with_era5,2025-09-26T02:00:00+00:00,latent_sar_max_wind_radii,Latent MLP · SAR · wind + radii,39.97806612650553,False,hourly mean,3
AL082025,Humberto (2025),with_era5,2025-09-26T03:00:00+00:00,latent_sar_max_wind_radii,Latent MLP · SAR · wind + radii,40.81352233886719,False,hourly mean,3
AL082025,Humberto (2025),with_era5,2025-09-26T04:00:00+00:00,latent_sar_max_wind_radii,Latent MLP · SAR · wind + radii,42.60497008429633,False,hourly mean,3
AL082025,Humberto (2025),with_era5,2025-09-26T05:00:00+00:00,latent_sar_max_wind_radii,Latent MLP · SAR · wind + radii,45.78026347690159,False,hourly mean,3
AL082025,Humberto (2025),with_era5,2025-09-26T06:00:00+00:00,latent_sar_max_wind_radii,Latent MLP · SAR · wind + radii,49.16626697116428,False,hourly mean,3
AL082025,Humberto (2025),with_era5,2025-09-26T07:00:00+00:00,latent_sar_max_wind_radii,Latent MLP · SAR · wind + radii,50.16457854376899,False,hourly mean,3
AL082025,Humberto (2025),with_era5,2025-09-26T08:00:00+00:00,latent_sar_max_wind_radii,Latent MLP · SAR · wind + radii,48.5602609846327,False,hourly mean,3
AL082025,Humberto (2025),with_era5,2025-09-26T09:00:00+00:00,latent_sar_max_wind_radii,Latent MLP · SAR · wind + radii,47.79266611735026,False,hourly mean,3
AL082025,Humberto (2025),with_era5,2025-09-26T10:00:00+00:00,latent_sar_max_wind_radii,Latent MLP · SAR · wind + radii,48.88012271457249,False,hourly mean,3
AL082025,Humberto (2025),with_era5,2025-09-26T11:00:00+00:00,latent_sar_max_wind_radii,Latent MLP · SAR · wind + radii,50.86065991719564,False,hourly mean,3
AL082025,Humberto (2025),with_era5,2025-09-26T12:00:00+00:00,latent_sar_max_wind_radii,Latent MLP · SAR · wind + radii,51.15056885613336,True,hourly mean,3
AL082025,Humberto (2025),with_era5,2025-09-26T13:00:00+00:00,latent_sar_max_wind_radii,Latent MLP · SAR · wind + radii,52.462372673882385,True,hourly mean,3
AL082025,Humberto (2025),with_era5,2025-09-26T14:00:00+00:00,latent_sar_max_wind_radii,Latent MLP · SAR · wind + radii,55.15677155388727,True,hourly mean,3
AL082025,Humberto (2025),with_era5,2025-09-26T15:00:00+00:00,latent_sar_max_wind_radii,Latent MLP · SAR · wind + radii,56.275177637736,True,hourly mean,3
AL082025,Humberto (2025),with_era5,2025-09-26T16:00:00+00:00,latent_sar_max_wind_radii,Latent MLP · SAR · wind + radii,56.57029194302029,True,hourly mean,3
AL082025,Humberto (2025),with_era5,2025-09-26T17:00:00+00:00,latent_sar_max_wind_radii,Latent MLP · SAR · wind + radii,56.921447330050995,True,hourly mean,3
AL082025,Humberto (2025),with_era5,2025-09-26T18:00:00+00:00,latent_sar_max_wind_radii,Latent MLP · SAR · wind + radii,59.30099678039551,True,hourly mean,3
AL082025,Humberto (2025),with_era5,2025-09-26T19:00:00+00:00,latent_sar_max_wind_radii,Latent MLP · SAR · wind + radii,61.5555419921875,True,hourly mean,3
AL082025,Humberto (2025),with_era5,2025-09-26T20:00:00+00:00,latent_sar_max_wind_radii,Latent MLP · SAR · wind + radii,62.66224034627279,True,hourly mean,3
AL082025,Humberto (2025),with_era5,2025-09-26T21:00:00+00:00,latent_sar_max_wind_radii,Latent MLP · SAR · wind + radii,64.08930354648166,True,hourly mean,3
AL082025,Humberto (2025),with_era5,2025-09-26T22:00:00+00:00,latent_sar_max_wind_radii,Latent MLP · SAR · wind + radii,64.64787716335721,True,hourly mean,3
AL082025,Humberto (2025),with_era5,2025-09-26T23:00:00+00:00,latent_sar_max_wind_radii,Latent MLP · SAR · wind + radii,64.28475379943848,True,hourly mean,3
AL082025,Humberto (2025),with_era5,2025-09-27T00:00:00+00:00,latent_sar_max_wind_radii,Latent MLP · SAR · wind + radii,63.844250996907554,True,hourly mean,3
AL082025,Humberto (2025),with_era5,2025-09-27T01:00:00+00:00,latent_sar_max_wind_radii,Latent MLP · SAR · wind + radii,63.48052554660373,True,hourly mean,3
AL082025,Humberto (2025),with_era5,2025-09-27T02:00:00+00:00,latent_sar_max_wind_radii,Latent MLP · SAR · wind + radii,62.07376035054525,True,hourly mean,3
AL082025,Humberto (2025),with_era5,2025-09-27T03:00:00+00:00,latent_sar_max_wind_radii,Latent MLP · SAR · wind + radii,60.755046420627174,True,hourly mean,3
AL082025,Humberto (2025),with_era5,2025-09-27T04:00:00+00:00,latent_sar_max_wind_radii,Latent MLP · SAR · wind + radii,59.056986278957794,True,hourly mean,3
AL082025,Humberto (2025),with_era5,2025-09-27T05:00:00+00:00,latent_sar_max_wind_radii,Latent MLP · SAR · wind + radii,58.36836221483018,True,hourly mean,3
AL082025,Humberto (2025),with_era5,2025-09-27T06:00:00+00:00,latent_sar_max_wind_radii,Latent MLP · SAR · wind + radii,58.60048972235786,True,hourly mean,3
AL082025,Humberto (2025),with_era5,2025-09-27T07:00:00+00:00,latent_sar_max_wind_radii,Latent MLP · SAR · wind + radii,59.794349670410156,True,hourly mean,3
AL082025,Humberto (2025),with_era5,2025-09-27T08:00:00+00:00,latent_sar_max_wind_radii,Latent MLP · SAR · wind + radii,59.63049761454264,True,hourly mean,3
AL082025,Humberto (2025),with_era5,2025-09-27T09:00:00+00:00,latent_sar_max_wind_radii,Latent MLP · SAR · wind + radii,59.8326850467258,True,hourly mean,3
AL082025,Humberto (2025),with_era5,2025-09-27T10:00:00+00:00,latent_sar_max_wind_radii,Latent MLP · SAR · wind + radii,61.01545015970866,True,hourly mean,3
AL082025,Humberto (2025),with_era5,2025-09-27T11:00:00+00:00,latent_sar_max_wind_radii,Latent MLP · SAR · wind + radii,64.78838560316298,True,hourly mean,3
AL082025,Humberto (2025),with_era5,2025-09-27T12:00:00+00:00,latent_sar_max_wind_radii,Latent MLP · SAR · wind + radii,67.41490321689183,True,hourly mean,3
AL082025,Humberto (2025),with_era5,2025-09-27T13:00:00+00:00,latent_sar_max_wind_radii,Latent MLP · SAR · wind + radii,68.83814832899306,True,hourly mean,3
AL082025,Humberto (2025),with_era5,2025-09-27T14:00:00+00:00,latent_sar_max_wind_radii,Latent MLP · SAR · wind + radii,70.29131317138672,True,hourly mean,3
AL082025,Humberto (2025),with_era5,2025-09-27T15:00:00+00:00,latent_sar_max_wind_radii,Latent MLP · SAR · wind + radii,70.66935687594945,True,hourly mean,3
AL082025,Humberto (2025),with_era5,2025-09-27T16:00:00+00:00,latent_sar_max_wind_radii,Latent MLP · SAR · wind + radii,70.81106821695964,True,hourly mean,3
AL082025,Humberto (2025),with_era5,2025-09-27T17:00:00+00:00,latent_sar_max_wind_radii,Latent MLP · SAR · wind + radii,69.72390196058485,True,hourly mean,3
AL082025,Humberto (2025),with_era5,2025-09-27T18:00:00+00:00,latent_sar_max_wind_radii,Latent MLP · SAR · wind + radii,69.74023140801324,True,hourly mean,3
AL082025,Humberto (2025),with_era5,2025-09-27T19:00:00+00:00,latent_sar_max_wind_radii,Latent MLP · SAR · wind + radii,69.91472880045573,True,hourly mean,3
AL082025,Humberto (2025),with_era5,2025-09-27T20:00:00+00:00,latent_sar_max_wind_radii,Latent MLP · SAR · wind + radii,71.58357238769531,True,hourly mean,3
AL082025,Humberto (2025),with_era5,2025-09-27T21:00:00+00:00,latent_sar_max_wind_radii,Latent MLP · SAR · wind + radii,72.74861992730035,True,hourly mean,3
AL082025,Humberto (2025),with_era5,2025-09-27T22:00:00+00:00,latent_sar_max_wind_radii,Latent MLP · SAR · wind + radii,73.1077372233073,True,hourly mean,3
AL082025,Humberto (2025),with_era5,2025-09-27T23:00:00+00:00,latent_sar_max_wind_radii,Latent MLP · SAR · wind + radii,71.49638493855794,False,hourly mean,3
AL082025,Humberto (2025),with_era5,2025-09-28T00:00:00+00:00,latent_sar_max_wind_radii,Latent MLP · SAR · wind + radii,69.77424282497832,False,hourly mean,3
AL082025,Humberto (2025),with_era5,2025-09-28T01:00:00+00:00,latent_sar_max_wind_radii,Latent MLP · SAR · wind + radii,67.63888083563911,False,hourly mean,3
AL082025,Humberto (2025),with_era5,2025-09-28T02:00:00+00:00,latent_sar_max_wind_radii,Latent MLP · SAR · wind + radii,68.65175755818687,False,hourly mean,3
AL082025,Humberto (2025),with_era5,2025-09-28T03:00:00+00:00,latent_sar_max_wind_radii,Latent MLP · SAR · wind + radii,70.53607092963325,False,hourly mean,3
AL082025,Humberto (2025),with_era5,2025-09-28T04:00:00+00:00,latent_sar_max_wind_radii,Latent MLP · SAR · wind + radii,72.65702819824219,False,hourly mean,3
AL082025,Humberto (2025),with_era5,2025-09-28T05:00:00+00:00,latent_sar_max_wind_radii,Latent MLP · SAR · wind + radii,72.13576804267036,False,hourly mean,3
AL082025,Humberto (2025),with_era5,2025-09-28T06:00:00+00:00,latent_sar_max_wind_radii,Latent MLP · SAR · wind + radii,70.68167622884114,False,hourly mean,3
AL082025,Humberto (2025),with_era5,2025-09-28T07:00:00+00:00,latent_sar_max_wind_radii,Latent MLP · SAR · wind + radii,69.55118518405492,False,hourly mean,3
AL082025,Humberto (2025),with_era5,2025-09-28T08:00:00+00:00,latent_sar_max_wind_radii,Latent MLP · SAR · wind + radii,69.48281139797636,False,hourly mean,3
AL082025,Humberto (2025),with_era5,2025-09-28T09:00:00+00:00,latent_sar_max_wind_radii,Latent MLP · SAR · wind + radii,70.25397915310332,False,hourly mean,3
AL082025,Humberto (2025),with_era5,2025-09-28T10:00:00+00:00,latent_sar_max_wind_radii,Latent MLP · SAR · wind + radii,71.24411222669814,False,hourly mean,3
AL082025,Humberto (2025),with_era5,2025-09-28T11:00:00+00:00,latent_sar_max_wind_radii,Latent MLP · SAR · wind + radii,70.76545376247829,False,hourly mean,3
AL082025,Humberto (2025),with_era5,2025-09-28T12:00:00+00:00,latent_sar_max_wind_radii,Latent MLP · SAR · wind + radii,70.51933034261067,False,hourly mean,3
AL082025,Humberto (2025),with_era5,2025-09-28T13:00:00+00:00,latent_sar_max_wind_radii,Latent MLP · SAR · wind + radii,71.04992887708876,False,hourly mean,3
AL082025,Humberto (2025),with_era5,2025-09-28T14:00:00+00:00,latent_sar_max_wind_radii,Latent MLP · SAR · wind + radii,71.33224995930989,False,hourly mean,3
AL082025,Humberto (2025),with_era5,2025-09-28T15:00:00+00:00,latent_sar_max_wind_radii,Latent MLP · SAR · wind + radii,72.06254535251195,False,hourly mean,3
AL082025,Humberto (2025),with_era5,2025-09-28T16:00:00+00:00,latent_sar_max_wind_radii,Latent MLP · SAR · wind + radii,72.34662034776477,False,hourly mean,3
AL082025,Humberto (2025),with_era5,2025-09-28T17:00:00+00:00,latent_sar_max_wind_radii,Latent MLP · SAR · wind + radii,73.09162606133356,False,hourly mean,3
AL082025,Humberto (2025),with_era5,2025-09-28T18:00:00+00:00,latent_sar_max_wind_radii,Latent MLP · SAR · wind + radii,71.75667317708333,False,hourly mean,3
AL082025,Humberto (2025),with_era5,2025-09-28T19:00:00+00:00,latent_sar_max_wind_radii,Latent MLP · SAR · wind + radii,69.23301463656955,False,hourly mean,3
AL082025,Humberto (2025),with_era5,2025-09-28T20:00:00+00:00,latent_sar_max_wind_radii,Latent MLP · SAR · wind + radii,68.92763625250923,False,hourly mean,3
AL082025,Humberto (2025),with_era5,2025-09-28T21:00:00+00:00,latent_sar_max_wind_radii,Latent MLP · SAR · wind + radii,70.17737473381891,False,hourly mean,3
AL082025,Humberto (2025),with_era5,2025-09-28T22:00:00+00:00,latent_sar_max_wind_radii,Latent MLP · SAR · wind + radii,71.60590447319879,False,hourly mean,3
AL082025,Humberto (2025),with_era5,2025-09-28T23:00:00+00:00,latent_sar_max_wind_radii,Latent MLP · SAR · wind + radii,71.14266459147136,False,hourly mean,3
AL082025,Humberto (2025),with_era5,2025-09-29T00:00:00+00:00,latent_sar_max_wind_radii,Latent MLP · SAR · wind + radii,69.2632819281684,False,hourly mean,3
AL082025,Humberto (2025),with_era5,2025-09-29T01:00:00+00:00,latent_sar_max_wind_radii,Latent MLP · SAR · wind + radii,66.65393680996365,False,hourly mean,3
AL082025,Humberto (2025),with_era5,2025-09-29T02:00:00+00:00,latent_sar_max_wind_radii,Latent MLP · SAR · wind + radii,64.27568287319608,False,hourly mean,3
AL082025,Humberto (2025),with_era5,2025-09-29T03:00:00+00:00,latent_sar_max_wind_radii,Latent MLP · SAR · wind + radii,62.24900415208605,False,hourly mean,3
AL082025,Humberto (2025),with_era5,2025-09-29T04:00:00+00:00,latent_sar_max_wind_radii,Latent MLP · SAR · wind + radii,62.71241230434842,False,hourly mean,3
AL082025,Humberto (2025),with_era5,2025-09-29T05:00:00+00:00,latent_sar_max_wind_radii,Latent MLP · SAR · wind + radii,62.16499053107368,False,hourly mean,3
AL082025,Humberto (2025),with_era5,2025-09-29T06:00:00+00:00,latent_sar_max_wind_radii,Latent MLP · SAR · wind + radii,61.391605165269645,False,hourly mean,3
AL082025,Humberto (2025),with_era5,2025-09-29T07:00:00+00:00,latent_sar_max_wind_radii,Latent MLP · SAR · wind + radii,58.41003163655599,False,hourly mean,3
AL082025,Humberto (2025),with_era5,2025-09-29T08:00:00+00:00,latent_sar_max_wind_radii,Latent MLP · SAR · wind + radii,58.9702188703749,False,hourly mean,3
AL082025,Humberto (2025),with_era5,2025-09-29T09:00:00+00:00,latent_sar_max_wind_radii,Latent MLP · SAR · wind + radii,59.766280068291564,False,hourly mean,3
AL082025,Humberto (2025),with_era5,2025-09-29T10:00:00+00:00,latent_sar_max_wind_radii,Latent MLP · SAR · wind + radii,60.80244000752767,False,hourly mean,3
AL082025,Humberto (2025),with_era5,2025-09-29T11:00:00+00:00,latent_sar_max_wind_radii,Latent MLP · SAR · wind + radii,59.28858142428928,False,hourly mean,3
AL082025,Humberto (2025),with_era5,2025-09-29T12:00:00+00:00,latent_sar_max_wind_radii,Latent MLP · SAR · wind + radii,58.22686831156414,False,hourly mean,3
AL082025,Humberto (2025),with_era5,2025-09-29T13:00:00+00:00,latent_sar_max_wind_radii,Latent MLP · SAR · wind + radii,59.58238029479981,False,hourly mean,3
AL082025,Humberto (2025),with_era5,2025-09-29T14:00:00+00:00,latent_sar_max_wind_radii,Latent MLP · SAR · wind + radii,57.12278514438206,False,hourly mean,3
AL082025,Humberto (2025),with_era5,2025-09-29T15:00:00+00:00,latent_sar_max_wind_radii,Latent MLP · SAR · wind + radii,55.41052436828613,False,hourly mean,3
AL082025,Humberto (2025),with_era5,2025-09-29T16:00:00+00:00,latent_sar_max_wind_radii,Latent MLP · SAR · wind + radii,53.33603837754992,False,hourly mean,3
AL082025,Humberto (2025),with_era5,2025-09-29T17:00:00+00:00,latent_sar_max_wind_radii,Latent MLP · SAR · wind + radii,53.81019571092394,False,hourly mean,3
AL082025,Humberto (2025),with_era5,2025-09-29T18:00:00+00:00,latent_sar_max_wind_radii,Latent MLP · SAR · wind + radii,53.05293930901422,False,hourly mean,3
AL082025,Humberto (2025),with_era5,2025-09-29T19:00:00+00:00,latent_sar_max_wind_radii,Latent MLP · SAR · wind + radii,50.97459369235569,False,hourly mean,3
AL082025,Humberto (2025),with_era5,2025-09-29T20:00:00+00:00,latent_sar_max_wind_radii,Latent MLP · SAR · wind + radii,47.42668130662707,False,hourly mean,3
AL082025,Humberto (2025),with_era5,2025-09-29T21:00:00+00:00,latent_sar_max_wind_radii,Latent MLP · SAR · wind + radii,44.58313666449653,False,hourly mean,3
AL082025,Humberto (2025),with_era5,2025-09-29T22:00:00+00:00,latent_sar_max_wind_radii,Latent MLP · SAR · wind + radii,42.29636171129015,False,hourly mean,3
AL082025,Humberto (2025),with_era5,2025-09-29T23:00:00+00:00,latent_sar_max_wind_radii,Latent MLP · SAR · wind + radii,42.398786332872184,False,hourly mean,3
AL082025,Humberto (2025),with_era5,2025-09-30T00:00:00+00:00,latent_sar_max_wind_radii,Latent MLP · SAR · wind + radii,42.24311065673829,False,hourly mean,3
AL082025,Humberto (2025),with_era5,2025-09-30T01:00:00+00:00,latent_sar_max_wind_radii,Latent MLP · SAR · wind + radii,41.99748208787707,False,hourly mean,3
AL082025,Humberto (2025),with_era5,2025-09-30T02:00:00+00:00,latent_sar_max_wind_radii,Latent MLP · SAR · wind + radii,40.82287809583877,False,hourly mean,3
AL082025,Humberto (2025),with_era5,2025-09-30T03:00:00+00:00,latent_sar_max_wind_radii,Latent MLP · SAR · wind + radii,40.25200271606446,False,hourly mean,3
AL082025,Humberto (2025),with_era5,2025-09-30T04:00:00+00:00,latent_sar_max_wind_radii,Latent MLP · SAR · wind + radii,39.89317491319445,False,hourly mean,3
AL082025,Humberto (2025),with_era5,2025-09-30T05:00:00+00:00,latent_sar_max_wind_radii,Latent MLP · SAR · wind + radii,40.50740178426107,False,hourly mean,3
AL082025,Humberto (2025),with_era5,2025-09-30T06:00:00+00:00,latent_sar_max_wind_radii,Latent MLP · SAR · wind + radii,40.565752877129455,False,hourly mean,3
AL082025,Humberto (2025),with_era5,2025-09-30T07:00:00+00:00,latent_sar_max_wind_radii,Latent MLP · SAR · wind + radii,40.33071857028538,False,hourly mean,3
AL082025,Humberto (2025),with_era5,2025-09-30T08:00:00+00:00,latent_sar_max_wind_radii,Latent MLP · SAR · wind + radii,38.96751679314508,False,hourly mean,3
AL082025,Humberto (2025),with_era5,2025-09-30T09:00:00+00:00,latent_sar_max_wind_radii,Latent MLP · SAR · wind + radii,37.85387903849284,False,hourly mean,3
AL082025,Humberto (2025),with_era5,2025-09-30T10:00:00+00:00,latent_sar_max_wind_radii,Latent MLP · SAR · wind + radii,36.91100964016385,False,hourly mean,3
AL082025,Humberto (2025),with_era5,2025-09-30T11:00:00+00:00,latent_sar_max_wind_radii,Latent MLP · SAR · wind + radii,36.96323284573025,False,hourly mean,3
AL082025,Humberto (2025),with_era5,2025-09-30T12:00:00+00:00,latent_sar_max_wind_radii,Latent MLP · SAR · wind + radii,37.338499069213874,False,hourly mean,3
AL082025,Humberto (2025),with_era5,2025-09-30T13:00:00+00:00,latent_sar_max_wind_radii,Latent MLP · SAR · wind + radii,37.91122923956977,False,hourly mean,3
AL082025,Humberto (2025),with_era5,2025-09-30T14:00:00+00:00,latent_sar_max_wind_radii,Latent MLP · SAR · wind + radii,38.67670758565268,False,hourly mean,3
AL082025,Humberto (2025),with_era5,2025-09-30T15:00:00+00:00,latent_sar_max_wind_radii,Latent MLP · SAR · wind + radii,39.0719091627333,False,hourly mean,3
AL082025,Humberto (2025),with_era5,2025-09-30T16:00:00+00:00,latent_sar_max_wind_radii,Latent MLP · SAR · wind + radii,39.21024788750543,False,hourly mean,3
AL082025,Humberto (2025),with_era5,2025-09-30T17:00:00+00:00,latent_sar_max_wind_radii,Latent MLP · SAR · wind + radii,39.09924104478625,False,hourly mean,3
AL082025,Humberto (2025),with_era5,2025-09-30T18:00:00+00:00,latent_sar_max_wind_radii,Latent MLP · SAR · wind + radii,38.57254367404514,False,hourly mean,3
AL082025,Humberto (2025),with_era5,2025-09-30T19:00:00+00:00,latent_sar_max_wind_radii,Latent MLP · SAR · wind + radii,37.99142477247451,False,hourly mean,3
AL082025,Humberto (2025),with_era5,2025-09-30T20:00:00+00:00,latent_sar_max_wind_radii,Latent MLP · SAR · wind + radii,37.90707715352377,False,hourly mean,3
AL082025,Humberto (2025),with_era5,2025-09-30T21:00:00+00:00,latent_sar_max_wind_radii,Latent MLP · SAR · wind + radii,38.146495819091804,False,hourly mean,3
AL082025,Humberto (2025),with_era5,2025-09-30T22:00:00+00:00,latent_sar_max_wind_radii,Latent MLP · SAR · wind + radii,38.29815419514974,False,hourly mean,3
AL082025,Humberto (2025),with_era5,2025-09-30T23:00:00+00:00,latent_sar_max_wind_radii,Latent MLP · SAR · wind + radii,38.04609993828668,False,hourly mean,3
AL082025,Humberto (2025),with_era5,2025-10-01T00:00:00+00:00,latent_sar_max_wind_radii,Latent MLP · SAR · wind + radii,37.68517935011122,False,hourly mean,3
AL082025,Humberto (2025),with_era5,2025-10-01T01:00:00+00:00,latent_sar_max_wind_radii,Latent MLP · SAR · wind + radii,37.322847323947485,False,hourly mean,3
AL082025,Humberto (2025),with_era5,2025-10-01T02:00:00+00:00,latent_sar_max_wind_radii,Latent MLP · SAR · wind + radii,41.437661064995666,False,hourly mean,3
AL082025,Humberto (2025),with_era5,2025-10-01T03:00:00+00:00,latent_sar_max_wind_radii,Latent MLP · SAR · wind + radii,46.0733502705892,False,hourly mean,3
AL082025,Humberto (2025),with_era5,2025-10-01T04:00:00+00:00,latent_sar_max_wind_radii,Latent MLP · SAR · wind + radii,51.130305608113616,False,hourly mean,3
AL082025,Humberto (2025),with_era5,2025-10-01T05:00:00+00:00,latent_sar_max_wind_radii,Latent MLP · SAR · wind + radii,51.49510002136231,False,hourly mean,3
AL082025,Humberto (2025),with_era5,2025-10-01T06:00:00+00:00,latent_sar_max_wind_radii,Latent MLP · SAR · wind + radii,50.90981313917373,False,hourly mean,3
AL082025,Humberto (2025),with_era5,2025-10-01T07:00:00+00:00,latent_sar_max_wind_radii,Latent MLP · SAR · wind + radii,49.1817544301351,False,hourly mean,3
AL082025,Humberto (2025),with_era5,2025-10-01T08:00:00+00:00,latent_sar_max_wind_radii,Latent MLP · SAR · wind + radii,46.41400421990289,False,hourly mean,3
AL082025,Humberto (2025),with_era5,2025-10-01T09:00:00+00:00,latent_sar_max_wind_radii,Latent MLP · SAR · wind + radii,43.865356869167755,False,hourly mean,3
AL082025,Humberto (2025),with_era5,2025-10-01T10:00:00+00:00,latent_sar_max_wind_radii,Latent MLP · SAR · wind + radii,42.11965009901259,False,hourly mean,3
AL082025,Humberto (2025),with_era5,2025-10-01T11:00:00+00:00,latent_sar_max_wind_radii,Latent MLP · SAR · wind + radii,41.727136611938484,False,hourly mean,3
AL082025,Humberto (2025),with_era5,2025-09-24T12:00:00+00:00,latent_no_sar_max_wind_radii,Latent MLP · no SAR · wind + radii,20.759074687957764,False,hourly mean,3
AL082025,Humberto (2025),with_era5,2025-09-24T13:00:00+00:00,latent_no_sar_max_wind_radii,Latent MLP · no SAR · wind + radii,20.459885491265194,False,hourly mean,3
AL082025,Humberto (2025),with_era5,2025-09-24T14:00:00+00:00,latent_no_sar_max_wind_radii,Latent MLP · no SAR · wind + radii,20.498079405890575,False,hourly mean,3
AL082025,Humberto (2025),with_era5,2025-09-24T15:00:00+00:00,latent_no_sar_max_wind_radii,Latent MLP · no SAR · wind + radii,20.921926498413086,False,hourly mean,3
AL082025,Humberto (2025),with_era5,2025-09-24T16:00:00+00:00,latent_no_sar_max_wind_radii,Latent MLP · no SAR · wind + radii,21.962080637613933,False,hourly mean,3
AL082025,Humberto (2025),with_era5,2025-09-24T17:00:00+00:00,latent_no_sar_max_wind_radii,Latent MLP · no SAR · wind + radii,22.538276460435654,False,hourly mean,3
AL082025,Humberto (2025),with_era5,2025-09-24T18:00:00+00:00,latent_no_sar_max_wind_radii,Latent MLP · no SAR · wind + radii,22.919936392042374,False,hourly mean,3
AL082025,Humberto (2025),with_era5,2025-09-24T19:00:00+00:00,latent_no_sar_max_wind_radii,Latent MLP · no SAR · wind + radii,22.652757432725693,False,hourly mean,3
AL082025,Humberto (2025),with_era5,2025-09-24T20:00:00+00:00,latent_no_sar_max_wind_radii,Latent MLP · no SAR · wind + radii,23.460482597351074,False,hourly mean,3
AL082025,Humberto (2025),with_era5,2025-09-24T21:00:00+00:00,latent_no_sar_max_wind_radii,Latent MLP · no SAR · wind + radii,23.750276883443195,False,hourly mean,3
AL082025,Humberto (2025),with_era5,2025-09-24T22:00:00+00:00,latent_no_sar_max_wind_radii,Latent MLP · no SAR · wind + radii,24.19598060184055,False,hourly mean,3
AL082025,Humberto (2025),with_era5,2025-09-24T23:00:00+00:00,latent_no_sar_max_wind_radii,Latent MLP · no SAR · wind + radii,23.924654006958008,False,hourly mean,3
AL082025,Humberto (2025),with_era5,2025-09-25T00:00:00+00:00,latent_no_sar_max_wind_radii,Latent MLP · no SAR · wind + radii,24.36186451382107,False,hourly mean,3
AL082025,Humberto (2025),with_era5,2025-09-25T01:00:00+00:00,latent_no_sar_max_wind_radii,Latent MLP · no SAR · wind + radii,24.795550028483074,False,hourly mean,3
AL082025,Humberto (2025),with_era5,2025-09-25T02:00:00+00:00,latent_no_sar_max_wind_radii,Latent MLP · no SAR · wind + radii,24.621025191413036,False,hourly mean,3
AL082025,Humberto (2025),with_era5,2025-09-25T03:00:00+00:00,latent_no_sar_max_wind_radii,Latent MLP · no SAR · wind + radii,24.469148953755695,False,hourly mean,3
AL082025,Humberto (2025),with_era5,2025-09-25T04:00:00+00:00,latent_no_sar_max_wind_radii,Latent MLP · no SAR · wind + radii,24.191761228773327,False,hourly mean,3
AL082025,Humberto (2025),with_era5,2025-09-25T05:00:00+00:00,latent_no_sar_max_wind_radii,Latent MLP · no SAR · wind + radii,24.44315030839708,False,hourly mean,3
AL082025,Humberto (2025),with_era5,2025-09-25T06:00:00+00:00,latent_no_sar_max_wind_radii,Latent MLP · no SAR · wind + radii,24.439252747429737,False,hourly mean,3
AL082025,Humberto (2025),with_era5,2025-09-25T07:00:00+00:00,latent_no_sar_max_wind_radii,Latent MLP · no SAR · wind + radii,24.75141493479411,False,hourly mean,3
AL082025,Humberto (2025),with_era5,2025-09-25T08:00:00+00:00,latent_no_sar_max_wind_radii,Latent MLP · no SAR · wind + radii,25.404108895195858,False,hourly mean,3
AL082025,Humberto (2025),with_era5,2025-09-25T09:00:00+00:00,latent_no_sar_max_wind_radii,Latent MLP · no SAR · wind + radii,25.612576802571613,False,hourly mean,3
AL082025,Humberto (2025),with_era5,2025-09-25T10:00:00+00:00,latent_no_sar_max_wind_radii,Latent MLP · no SAR · wind + radii,26.31407727135552,False,hourly mean,3
AL082025,Humberto (2025),with_era5,2025-09-25T11:00:00+00:00,latent_no_sar_max_wind_radii,Latent MLP · no SAR · wind + radii,26.74791261884901,False,hourly mean,3
AL082025,Humberto (2025),with_era5,2025-09-25T12:00:00+00:00,latent_no_sar_max_wind_radii,Latent MLP · no SAR · wind + radii,27.07567818959554,False,hourly mean,3
AL082025,Humberto (2025),with_era5,2025-09-25T13:00:00+00:00,latent_no_sar_max_wind_radii,Latent MLP · no SAR · wind + radii,26.53500525156657,False,hourly mean,3
AL082025,Humberto (2025),with_era5,2025-09-25T14:00:00+00:00,latent_no_sar_max_wind_radii,Latent MLP · no SAR · wind + radii,25.865877469380695,False,hourly mean,3
AL082025,Humberto (2025),with_era5,2025-09-25T15:00:00+00:00,latent_no_sar_max_wind_radii,Latent MLP · no SAR · wind + radii,25.645673539903427,False,hourly mean,3
AL082025,Humberto (2025),with_era5,2025-09-25T16:00:00+00:00,latent_no_sar_max_wind_radii,Latent MLP · no SAR · wind + radii,25.656298001607258,False,hourly mean,3
AL082025,Humberto (2025),with_era5,2025-09-25T17:00:00+00:00,latent_no_sar_max_wind_radii,Latent MLP · no SAR · wind + radii,26.50594096713596,False,hourly mean,3
AL082025,Humberto (2025),with_era5,2025-09-25T18:00:00+00:00,latent_no_sar_max_wind_radii,Latent MLP · no SAR · wind + radii,28.11795912848579,False,hourly mean,3
AL082025,Humberto (2025),with_era5,2025-09-25T19:00:00+00:00,latent_no_sar_max_wind_radii,Latent MLP · no SAR · wind + radii,30.01089011298286,False,hourly mean,3
AL082025,Humberto (2025),with_era5,2025-09-25T20:00:00+00:00,latent_no_sar_max_wind_radii,Latent MLP · no SAR · wind + radii,32.30207951863607,False,hourly mean,3
AL082025,Humberto (2025),with_era5,2025-09-25T21:00:00+00:00,latent_no_sar_max_wind_radii,Latent MLP · no SAR · wind + radii,33.46382957034641,False,hourly mean,3
AL082025,Humberto (2025),with_era5,2025-09-25T22:00:00+00:00,latent_no_sar_max_wind_radii,Latent MLP · no SAR · wind + radii,33.7266665564643,False,hourly mean,3
AL082025,Humberto (2025),with_era5,2025-09-25T23:00:00+00:00,latent_no_sar_max_wind_radii,Latent MLP · no SAR · wind + radii,33.5830078125,False,hourly mean,3
AL082025,Humberto (2025),with_era5,2025-09-26T00:00:00+00:00,latent_no_sar_max_wind_radii,Latent MLP · no SAR · wind + radii,34.671356413099495,False,hourly mean,3
AL082025,Humberto (2025),with_era5,2025-09-26T01:00:00+00:00,latent_no_sar_max_wind_radii,Latent MLP · no SAR · wind + radii,37.08810297648112,False,hourly mean,3
AL082025,Humberto (2025),with_era5,2025-09-26T02:00:00+00:00,latent_no_sar_max_wind_radii,Latent MLP · no SAR · wind + radii,37.92178747389051,False,hourly mean,3
AL082025,Humberto (2025),with_era5,2025-09-26T03:00:00+00:00,latent_no_sar_max_wind_radii,Latent MLP · no SAR · wind + radii,36.59434021843804,False,hourly mean,3
AL082025,Humberto (2025),with_era5,2025-09-26T04:00:00+00:00,latent_no_sar_max_wind_radii,Latent MLP · no SAR · wind + radii,33.672890769110786,False,hourly mean,3
AL082025,Humberto (2025),with_era5,2025-09-26T05:00:00+00:00,latent_no_sar_max_wind_radii,Latent MLP · no SAR · wind + radii,32.89747683207194,False,hourly mean,3
AL082025,Humberto (2025),with_era5,2025-09-26T06:00:00+00:00,latent_no_sar_max_wind_radii,Latent MLP · no SAR · wind + radii,35.26015133327908,False,hourly mean,3
AL082025,Humberto (2025),with_era5,2025-09-26T07:00:00+00:00,latent_no_sar_max_wind_radii,Latent MLP · no SAR · wind + radii,37.22297265794543,False,hourly mean,3
AL082025,Humberto (2025),with_era5,2025-09-26T08:00:00+00:00,latent_no_sar_max_wind_radii,Latent MLP · no SAR · wind + radii,38.5991153717041,False,hourly mean,3
AL082025,Humberto (2025),with_era5,2025-09-26T09:00:00+00:00,latent_no_sar_max_wind_radii,Latent MLP · no SAR · wind + radii,36.51485400729709,False,hourly mean,3
AL082025,Humberto (2025),with_era5,2025-09-26T10:00:00+00:00,latent_no_sar_max_wind_radii,Latent MLP · no SAR · wind + radii,35.69008911980523,False,hourly mean,3
AL082025,Humberto (2025),with_era5,2025-09-26T11:00:00+00:00,latent_no_sar_max_wind_radii,Latent MLP · no SAR · wind + radii,34.61824395921496,False,hourly mean,3
AL082025,Humberto (2025),with_era5,2025-09-26T12:00:00+00:00,latent_no_sar_max_wind_radii,Latent MLP · no SAR · wind + radii,33.690886391533745,True,hourly mean,3
AL082025,Humberto (2025),with_era5,2025-09-26T13:00:00+00:00,latent_no_sar_max_wind_radii,Latent MLP · no SAR · wind + radii,35.63577185736762,True,hourly mean,3
AL082025,Humberto (2025),with_era5,2025-09-26T14:00:00+00:00,latent_no_sar_max_wind_radii,Latent MLP · no SAR · wind + radii,39.72989018758138,True,hourly mean,3
AL082025,Humberto (2025),with_era5,2025-09-26T15:00:00+00:00,latent_no_sar_max_wind_radii,Latent MLP · no SAR · wind + radii,43.95818667941624,True,hourly mean,3
AL082025,Humberto (2025),with_era5,2025-09-26T16:00:00+00:00,latent_no_sar_max_wind_radii,Latent MLP · no SAR · wind + radii,45.774645063612205,True,hourly mean,3
AL082025,Humberto (2025),with_era5,2025-09-26T17:00:00+00:00,latent_no_sar_max_wind_radii,Latent MLP · no SAR · wind + radii,46.33700540330674,True,hourly mean,3
AL082025,Humberto (2025),with_era5,2025-09-26T18:00:00+00:00,latent_no_sar_max_wind_radii,Latent MLP · no SAR · wind + radii,48.306095123291016,True,hourly mean,3
AL082025,Humberto (2025),with_era5,2025-09-26T19:00:00+00:00,latent_no_sar_max_wind_radii,Latent MLP · no SAR · wind + radii,51.704148610432945,True,hourly mean,3
AL082025,Humberto (2025),with_era5,2025-09-26T20:00:00+00:00,latent_no_sar_max_wind_radii,Latent MLP · no SAR · wind + radii,53.88055737813314,True,hourly mean,3
AL082025,Humberto (2025),with_era5,2025-09-26T21:00:00+00:00,latent_no_sar_max_wind_radii,Latent MLP · no SAR · wind + radii,57.305251651340065,True,hourly mean,3
AL082025,Humberto (2025),with_era5,2025-09-26T22:00:00+00:00,latent_no_sar_max_wind_radii,Latent MLP · no SAR · wind + radii,59.28891033596463,True,hourly mean,3
AL082025,Humberto (2025),with_era5,2025-09-26T23:00:00+00:00,latent_no_sar_max_wind_radii,Latent MLP · no SAR · wind + radii,61.978402879503044,True,hourly mean,3
AL082025,Humberto (2025),with_era5,2025-09-27T00:00:00+00:00,latent_no_sar_max_wind_radii,Latent MLP · no SAR · wind + radii,63.41867044236924,True,hourly mean,3
AL082025,Humberto (2025),with_era5,2025-09-27T01:00:00+00:00,latent_no_sar_max_wind_radii,Latent MLP · no SAR · wind + radii,64.81321695115831,True,hourly mean,3
AL082025,Humberto (2025),with_era5,2025-09-27T02:00:00+00:00,latent_no_sar_max_wind_radii,Latent MLP · no SAR · wind + radii,63.298820283677834,True,hourly mean,3
AL082025,Humberto (2025),with_era5,2025-09-27T03:00:00+00:00,latent_no_sar_max_wind_radii,Latent MLP · no SAR · wind + radii,62.44855033026801,True,hourly mean,3
AL082025,Humberto (2025),with_era5,2025-09-27T04:00:00+00:00,latent_no_sar_max_wind_radii,Latent MLP · no SAR · wind + radii,61.04060808817545,True,hourly mean,3
AL082025,Humberto (2025),with_era5,2025-09-27T05:00:00+00:00,latent_no_sar_max_wind_radii,Latent MLP · no SAR · wind + radii,61.351591957939995,True,hourly mean,3
AL082025,Humberto (2025),with_era5,2025-09-27T06:00:00+00:00,latent_no_sar_max_wind_radii,Latent MLP · no SAR · wind + radii,61.639667299058694,True,hourly mean,3
AL082025,Humberto (2025),with_era5,2025-09-27T07:00:00+00:00,latent_no_sar_max_wind_radii,Latent MLP · no SAR · wind + radii,62.53842904832627,True,hourly mean,3
AL082025,Humberto (2025),with_era5,2025-09-27T08:00:00+00:00,latent_no_sar_max_wind_radii,Latent MLP · no SAR · wind + radii,62.91315566168891,True,hourly mean,3
AL082025,Humberto (2025),with_era5,2025-09-27T09:00:00+00:00,latent_no_sar_max_wind_radii,Latent MLP · no SAR · wind + radii,62.543851428561744,True,hourly mean,3
AL082025,Humberto (2025),with_era5,2025-09-27T10:00:00+00:00,latent_no_sar_max_wind_radii,Latent MLP · no SAR · wind + radii,61.80171012878418,True,hourly mean,3
AL082025,Humberto (2025),with_era5,2025-09-27T11:00:00+00:00,latent_no_sar_max_wind_radii,Latent MLP · no SAR · wind + radii,61.07926029629178,True,hourly mean,3
AL082025,Humberto (2025),with_era5,2025-09-27T12:00:00+00:00,latent_no_sar_max_wind_radii,Latent MLP · no SAR · wind + radii,60.51250775655111,True,hourly mean,3
AL082025,Humberto (2025),with_era5,2025-09-27T13:00:00+00:00,latent_no_sar_max_wind_radii,Latent MLP · no SAR · wind + radii,60.75607575310601,True,hourly mean,3
AL082025,Humberto (2025),with_era5,2025-09-27T14:00:00+00:00,latent_no_sar_max_wind_radii,Latent MLP · no SAR · wind + radii,61.745420879787865,True,hourly mean,3
AL082025,Humberto (2025),with_era5,2025-09-27T15:00:00+00:00,latent_no_sar_max_wind_radii,Latent MLP · no SAR · wind + radii,61.58356221516927,True,hourly mean,3
AL082025,Humberto (2025),with_era5,2025-09-27T16:00:00+00:00,latent_no_sar_max_wind_radii,Latent MLP · no SAR · wind + radii,60.350150002373596,True,hourly mean,3
AL082025,Humberto (2025),with_era5,2025-09-27T17:00:00+00:00,latent_no_sar_max_wind_radii,Latent MLP · no SAR · wind + radii,59.841346528795036,True,hourly mean,3
AL082025,Humberto (2025),with_era5,2025-09-27T18:00:00+00:00,latent_no_sar_max_wind_radii,Latent MLP · no SAR · wind + radii,60.96173074510363,True,hourly mean,3
AL082025,Humberto (2025),with_era5,2025-09-27T19:00:00+00:00,latent_no_sar_max_wind_radii,Latent MLP · no SAR · wind + radii,63.06440099080404,True,hourly mean,3
AL082025,Humberto (2025),with_era5,2025-09-27T20:00:00+00:00,latent_no_sar_max_wind_radii,Latent MLP · no SAR · wind + radii,66.77874374389648,True,hourly mean,3
AL082025,Humberto (2025),with_era5,2025-09-27T21:00:00+00:00,latent_no_sar_max_wind_radii,Latent MLP · no SAR · wind + radii,70.04712253146701,True,hourly mean,3
AL082025,Humberto (2025),with_era5,2025-09-27T22:00:00+00:00,latent_no_sar_max_wind_radii,Latent MLP · no SAR · wind + radii,72.03464974297417,True,hourly mean,3
AL082025,Humberto (2025),with_era5,2025-09-27T23:00:00+00:00,latent_no_sar_max_wind_radii,Latent MLP · no SAR · wind + radii,71.80660883585612,False,hourly mean,3
AL082025,Humberto (2025),with_era5,2025-09-28T00:00:00+00:00,latent_no_sar_max_wind_radii,Latent MLP · no SAR · wind + radii,72.05461459689671,False,hourly mean,3
AL082025,Humberto (2025),with_era5,2025-09-28T01:00:00+00:00,latent_no_sar_max_wind_radii,Latent MLP · no SAR · wind + radii,73.23538801405165,False,hourly mean,3
AL082025,Humberto (2025),with_era5,2025-09-28T02:00:00+00:00,latent_no_sar_max_wind_radii,Latent MLP · no SAR · wind + radii,74.90753343370226,False,hourly mean,3
AL082025,Humberto (2025),with_era5,2025-09-28T03:00:00+00:00,latent_no_sar_max_wind_radii,Latent MLP · no SAR · wind + radii,75.96197297837999,False,hourly mean,3
AL082025,Humberto (2025),with_era5,2025-09-28T04:00:00+00:00,latent_no_sar_max_wind_radii,Latent MLP · no SAR · wind + radii,75.3806898328993,False,hourly mean,3
AL082025,Humberto (2025),with_era5,2025-09-28T05:00:00+00:00,latent_no_sar_max_wind_radii,Latent MLP · no SAR · wind + radii,73.80498462253146,False,hourly mean,3
AL082025,Humberto (2025),with_era5,2025-09-28T06:00:00+00:00,latent_no_sar_max_wind_radii,Latent MLP · no SAR · wind + radii,71.75929472181532,False,hourly mean,3
AL082025,Humberto (2025),with_era5,2025-09-28T07:00:00+00:00,latent_no_sar_max_wind_radii,Latent MLP · no SAR · wind + radii,70.50637520684135,False,hourly mean,3
AL082025,Humberto (2025),with_era5,2025-09-28T08:00:00+00:00,latent_no_sar_max_wind_radii,Latent MLP · no SAR · wind + radii,69.2178332010905,False,hourly mean,3
AL082025,Humberto (2025),with_era5,2025-09-28T09:00:00+00:00,latent_no_sar_max_wind_radii,Latent MLP · no SAR · wind + radii,67.23042911953395,False,hourly mean,3
AL082025,Humberto (2025),with_era5,2025-09-28T10:00:00+00:00,latent_no_sar_max_wind_radii,Latent MLP · no SAR · wind + radii,66.08415773179796,False,hourly mean,3
AL082025,Humberto (2025),with_era5,2025-09-28T11:00:00+00:00,latent_no_sar_max_wind_radii,Latent MLP · no SAR · wind + radii,63.98016442192925,False,hourly mean,3
AL082025,Humberto (2025),with_era5,2025-09-28T12:00:00+00:00,latent_no_sar_max_wind_radii,Latent MLP · no SAR · wind + radii,63.26854854159885,False,hourly mean,3
AL082025,Humberto (2025),with_era5,2025-09-28T13:00:00+00:00,latent_no_sar_max_wind_radii,Latent MLP · no SAR · wind + radii,62.915413114759666,False,hourly mean,3
AL082025,Humberto (2025),with_era5,2025-09-28T14:00:00+00:00,latent_no_sar_max_wind_radii,Latent MLP · no SAR · wind + radii,63.87978723314074,False,hourly mean,3
AL082025,Humberto (2025),with_era5,2025-09-28T15:00:00+00:00,latent_no_sar_max_wind_radii,Latent MLP · no SAR · wind + radii,63.710621727837456,False,hourly mean,3
AL082025,Humberto (2025),with_era5,2025-09-28T16:00:00+00:00,latent_no_sar_max_wind_radii,Latent MLP · no SAR · wind + radii,62.24252552456326,False,hourly mean,3
AL082025,Humberto (2025),with_era5,2025-09-28T17:00:00+00:00,latent_no_sar_max_wind_radii,Latent MLP · no SAR · wind + radii,61.82443406846789,False,hourly mean,3
AL082025,Humberto (2025),with_era5,2025-09-28T18:00:00+00:00,latent_no_sar_max_wind_radii,Latent MLP · no SAR · wind + radii,61.63304583231609,False,hourly mean,3
AL082025,Humberto (2025),with_era5,2025-09-28T19:00:00+00:00,latent_no_sar_max_wind_radii,Latent MLP · no SAR · wind + radii,62.54460334777833,False,hourly mean,3
AL082025,Humberto (2025),with_era5,2025-09-28T20:00:00+00:00,latent_no_sar_max_wind_radii,Latent MLP · no SAR · wind + radii,64.47987704806859,False,hourly mean,3
AL082025,Humberto (2025),with_era5,2025-09-28T21:00:00+00:00,latent_no_sar_max_wind_radii,Latent MLP · no SAR · wind + radii,66.83615769280327,False,hourly mean,3
AL082025,Humberto (2025),with_era5,2025-09-28T22:00:00+00:00,latent_no_sar_max_wind_radii,Latent MLP · no SAR · wind + radii,68.1787552303738,False,hourly mean,3
AL082025,Humberto (2025),with_era5,2025-09-28T23:00:00+00:00,latent_no_sar_max_wind_radii,Latent MLP · no SAR · wind + radii,67.62564828660753,False,hourly mean,3
AL082025,Humberto (2025),with_era5,2025-09-29T00:00:00+00:00,latent_no_sar_max_wind_radii,Latent MLP · no SAR · wind + radii,65.97273106045193,False,hourly mean,3
AL082025,Humberto (2025),with_era5,2025-09-29T01:00:00+00:00,latent_no_sar_max_wind_radii,Latent MLP · no SAR · wind + radii,63.47183418273926,False,hourly mean,3
AL082025,Humberto (2025),with_era5,2025-09-29T02:00:00+00:00,latent_no_sar_max_wind_radii,Latent MLP · no SAR · wind + radii,60.514835145738395,False,hourly mean,3
AL082025,Humberto (2025),with_era5,2025-09-29T03:00:00+00:00,latent_no_sar_max_wind_radii,Latent MLP · no SAR · wind + radii,58.224961598714195,False,hourly mean,3
AL082025,Humberto (2025),with_era5,2025-09-29T04:00:00+00:00,latent_no_sar_max_wind_radii,Latent MLP · no SAR · wind + radii,58.325710932413735,False,hourly mean,3
AL082025,Humberto (2025),with_era5,2025-09-29T05:00:00+00:00,latent_no_sar_max_wind_radii,Latent MLP · no SAR · wind + radii,58.34748140970867,False,hourly mean,3
AL082025,Humberto (2025),with_era5,2025-09-29T06:00:00+00:00,latent_no_sar_max_wind_radii,Latent MLP · no SAR · wind + radii,58.264064576890746,False,hourly mean,3
AL082025,Humberto (2025),with_era5,2025-09-29T07:00:00+00:00,latent_no_sar_max_wind_radii,Latent MLP · no SAR · wind + radii,57.31734254625109,False,hourly mean,3
AL082025,Humberto (2025),with_era5,2025-09-29T08:00:00+00:00,latent_no_sar_max_wind_radii,Latent MLP · no SAR · wind + radii,57.189306683010535,False,hourly mean,3
AL082025,Humberto (2025),with_era5,2025-09-29T09:00:00+00:00,latent_no_sar_max_wind_radii,Latent MLP · no SAR · wind + radii,57.99211608039008,False,hourly mean,3
AL082025,Humberto (2025),with_era5,2025-09-29T10:00:00+00:00,latent_no_sar_max_wind_radii,Latent MLP · no SAR · wind + radii,57.35361268785265,False,hourly mean,3
AL082025,Humberto (2025),with_era5,2025-09-29T11:00:00+00:00,latent_no_sar_max_wind_radii,Latent MLP · no SAR · wind + radii,55.8561617533366,False,hourly mean,3
AL082025,Humberto (2025),with_era5,2025-09-29T12:00:00+00:00,latent_no_sar_max_wind_radii,Latent MLP · no SAR · wind + radii,54.552328745524086,False,hourly mean,3
AL082025,Humberto (2025),with_era5,2025-09-29T13:00:00+00:00,latent_no_sar_max_wind_radii,Latent MLP · no SAR · wind + radii,54.95912912156847,False,hourly mean,3
AL082025,Humberto (2025),with_era5,2025-09-29T14:00:00+00:00,latent_no_sar_max_wind_radii,Latent MLP · no SAR · wind + radii,52.25580151875814,False,hourly mean,3
AL082025,Humberto (2025),with_era5,2025-09-29T15:00:00+00:00,latent_no_sar_max_wind_radii,Latent MLP · no SAR · wind + radii,49.078332053290474,False,hourly mean,3
AL082025,Humberto (2025),with_era5,2025-09-29T16:00:00+00:00,latent_no_sar_max_wind_radii,Latent MLP · no SAR · wind + radii,46.157545301649314,False,hourly mean,3
AL082025,Humberto (2025),with_era5,2025-09-29T17:00:00+00:00,latent_no_sar_max_wind_radii,Latent MLP · no SAR · wind + radii,47.057129118177635,False,hourly mean,3
AL082025,Humberto (2025),with_era5,2025-09-29T18:00:00+00:00,latent_no_sar_max_wind_radii,Latent MLP · no SAR · wind + radii,48.86564742194282,False,hourly mean,3
AL082025,Humberto (2025),with_era5,2025-09-29T19:00:00+00:00,latent_no_sar_max_wind_radii,Latent MLP · no SAR · wind + radii,50.46186171637641,False,hourly mean,3
AL082025,Humberto (2025),with_era5,2025-09-29T20:00:00+00:00,latent_no_sar_max_wind_radii,Latent MLP · no SAR · wind + radii,48.82318369547526,False,hourly mean,3
AL082025,Humberto (2025),with_era5,2025-09-29T21:00:00+00:00,latent_no_sar_max_wind_radii,Latent MLP · no SAR · wind + radii,47.10027885437012,False,hourly mean,3
AL082025,Humberto (2025),with_era5,2025-09-29T22:00:00+00:00,latent_no_sar_max_wind_radii,Latent MLP · no SAR · wind + radii,45.07610935635037,False,hourly mean,3
AL082025,Humberto (2025),with_era5,2025-09-29T23:00:00+00:00,latent_no_sar_max_wind_radii,Latent MLP · no SAR · wind + radii,46.38476668463813,False,hourly mean,3
AL082025,Humberto (2025),with_era5,2025-09-30T00:00:00+00:00,latent_no_sar_max_wind_radii,Latent MLP · no SAR · wind + radii,47.67563056945801,False,hourly mean,3
AL082025,Humberto (2025),with_era5,2025-09-30T01:00:00+00:00,latent_no_sar_max_wind_radii,Latent MLP · no SAR · wind + radii,48.420310974121094,False,hourly mean,3
AL082025,Humberto (2025),with_era5,2025-09-30T02:00:00+00:00,latent_no_sar_max_wind_radii,Latent MLP · no SAR · wind + radii,44.41998545328777,False,hourly mean,3
AL082025,Humberto (2025),with_era5,2025-09-30T03:00:00+00:00,latent_no_sar_max_wind_radii,Latent MLP · no SAR · wind + radii,42.59926711188423,False,hourly mean,3
AL082025,Humberto (2025),with_era5,2025-09-30T04:00:00+00:00,latent_no_sar_max_wind_radii,Latent MLP · no SAR · wind + radii,42.93086793687609,False,hourly mean,3
AL082025,Humberto (2025),with_era5,2025-09-30T05:00:00+00:00,latent_no_sar_max_wind_radii,Latent MLP · no SAR · wind + radii,47.623055564032676,False,hourly mean,3
AL082025,Humberto (2025),with_era5,2025-09-30T06:00:00+00:00,latent_no_sar_max_wind_radii,Latent MLP · no SAR · wind + radii,48.60894563463,False,hourly mean,3
AL082025,Humberto (2025),with_era5,2025-09-30T07:00:00+00:00,latent_no_sar_max_wind_radii,Latent MLP · no SAR · wind + radii,47.05073250664606,False,hourly mean,3
AL082025,Humberto (2025),with_era5,2025-09-30T08:00:00+00:00,latent_no_sar_max_wind_radii,Latent MLP · no SAR · wind + radii,39.620054244995124,False,hourly mean,3
AL082025,Humberto (2025),with_era5,2025-09-30T09:00:00+00:00,latent_no_sar_max_wind_radii,Latent MLP · no SAR · wind + radii,33.99589686923557,False,hourly mean,3
AL082025,Humberto (2025),with_era5,2025-09-30T10:00:00+00:00,latent_no_sar_max_wind_radii,Latent MLP · no SAR · wind + radii,28.970235718621154,False,hourly mean,3
AL082025,Humberto (2025),with_era5,2025-09-30T11:00:00+00:00,latent_no_sar_max_wind_radii,Latent MLP · no SAR · wind + radii,30.0962167316013,False,hourly mean,3
AL082025,Humberto (2025),with_era5,2025-09-30T12:00:00+00:00,latent_no_sar_max_wind_radii,Latent MLP · no SAR · wind + radii,33.027654329935714,False,hourly mean,3
AL082025,Humberto (2025),with_era5,2025-09-30T13:00:00+00:00,latent_no_sar_max_wind_radii,Latent MLP · no SAR · wind + radii,36.44379827711318,False,hourly mean,3
AL082025,Humberto (2025),with_era5,2025-09-30T14:00:00+00:00,latent_no_sar_max_wind_radii,Latent MLP · no SAR · wind + radii,39.426518334282775,False,hourly mean,3
AL082025,Humberto (2025),with_era5,2025-09-30T15:00:00+00:00,latent_no_sar_max_wind_radii,Latent MLP · no SAR · wind + radii,38.837180667453346,False,hourly mean,3
AL082025,Humberto (2025),with_era5,2025-09-30T16:00:00+00:00,latent_no_sar_max_wind_radii,Latent MLP · no SAR · wind + radii,37.023512522379555,False,hourly mean,3
AL082025,Humberto (2025),with_era5,2025-09-30T17:00:00+00:00,latent_no_sar_max_wind_radii,Latent MLP · no SAR · wind + radii,33.16379197438558,False,hourly mean,3
AL082025,Humberto (2025),with_era5,2025-09-30T18:00:00+00:00,latent_no_sar_max_wind_radii,Latent MLP · no SAR · wind + radii,29.39073541429308,False,hourly mean,3
AL082025,Humberto (2025),with_era5,2025-09-30T19:00:00+00:00,latent_no_sar_max_wind_radii,Latent MLP · no SAR · wind + radii,27.027736133999298,False,hourly mean,3
AL082025,Humberto (2025),with_era5,2025-09-30T20:00:00+00:00,latent_no_sar_max_wind_radii,Latent MLP · no SAR · wind + radii,30.727126227484813,False,hourly mean,3
AL082025,Humberto (2025),with_era5,2025-09-30T21:00:00+00:00,latent_no_sar_max_wind_radii,Latent MLP · no SAR · wind + radii,33.59377808041043,False,hourly mean,3
AL082025,Humberto (2025),with_era5,2025-09-30T22:00:00+00:00,latent_no_sar_max_wind_radii,Latent MLP · no SAR · wind + radii,34.23693953620064,False,hourly mean,3
AL082025,Humberto (2025),with_era5,2025-09-30T23:00:00+00:00,latent_no_sar_max_wind_radii,Latent MLP · no SAR · wind + radii,31.263291083441846,False,hourly mean,3
AL082025,Humberto (2025),with_era5,2025-10-01T00:00:00+00:00,latent_no_sar_max_wind_radii,Latent MLP · no SAR · wind + radii,29.634876717461484,False,hourly mean,3
AL082025,Humberto (2025),with_era5,2025-10-01T01:00:00+00:00,latent_no_sar_max_wind_radii,Latent MLP · no SAR · wind + radii,29.482375081380212,False,hourly mean,3
AL082025,Humberto (2025),with_era5,2025-10-01T02:00:00+00:00,latent_no_sar_max_wind_radii,Latent MLP · no SAR · wind + radii,36.22216860453288,False,hourly mean,3
AL082025,Humberto (2025),with_era5,2025-10-01T03:00:00+00:00,latent_no_sar_max_wind_radii,Latent MLP · no SAR · wind + radii,43.650672700670036,False,hourly mean,3
AL082025,Humberto (2025),with_era5,2025-10-01T04:00:00+00:00,latent_no_sar_max_wind_radii,Latent MLP · no SAR · wind + radii,52.503635830349396,False,hourly mean,3
AL082025,Humberto (2025),with_era5,2025-10-01T05:00:00+00:00,latent_no_sar_max_wind_radii,Latent MLP · no SAR · wind + radii,53.246721055772575,False,hourly mean,3
AL082025,Humberto (2025),with_era5,2025-10-01T06:00:00+00:00,latent_no_sar_max_wind_radii,Latent MLP · no SAR · wind + radii,51.45024956597223,False,hourly mean,3
AL082025,Humberto (2025),with_era5,2025-10-01T07:00:00+00:00,latent_no_sar_max_wind_radii,Latent MLP · no SAR · wind + radii,48.24621687995063,False,hourly mean,3
AL082025,Humberto (2025),with_era5,2025-10-01T08:00:00+00:00,latent_no_sar_max_wind_radii,Latent MLP · no SAR · wind + radii,45.130502700805664,False,hourly mean,3
AL082025,Humberto (2025),with_era5,2025-10-01T09:00:00+00:00,latent_no_sar_max_wind_radii,Latent MLP · no SAR · wind + radii,42.8975764380561,False,hourly mean,3
AL082025,Humberto (2025),with_era5,2025-10-01T10:00:00+00:00,latent_no_sar_max_wind_radii,Latent MLP · no SAR · wind + radii,39.599339803059905,False,hourly mean,3
AL082025,Humberto (2025),with_era5,2025-10-01T11:00:00+00:00,latent_no_sar_max_wind_radii,Latent MLP · no SAR · wind + radii,37.73605314890545,False,hourly mean,3
AL082025,Humberto (2025),without_era5,2025-09-24T12:00:00+00:00,ibtracs_best_track,IBTrACS best track,18.00554,False,hourly mean,3
AL082025,Humberto (2025),without_era5,2025-09-24T13:00:00+00:00,ibtracs_best_track,IBTrACS best track,18.00554,False,hourly mean,3
AL082025,Humberto (2025),without_era5,2025-09-24T14:00:00+00:00,ibtracs_best_track,IBTrACS best track,18.00554,False,hourly mean,3
AL082025,Humberto (2025),without_era5,2025-09-24T15:00:00+00:00,ibtracs_best_track,IBTrACS best track,18.00554,False,hourly mean,3
AL082025,Humberto (2025),without_era5,2025-09-24T16:00:00+00:00,ibtracs_best_track,IBTrACS best track,18.00554,False,hourly mean,3
AL082025,Humberto (2025),without_era5,2025-09-24T17:00:00+00:00,ibtracs_best_track,IBTrACS best track,18.077847962222222,False,hourly mean,3
AL082025,Humberto (2025),without_era5,2025-09-24T18:00:00+00:00,ibtracs_best_track,IBTrACS best track,18.32163725777778,False,hourly mean,3
AL082025,Humberto (2025),without_era5,2025-09-24T19:00:00+00:00,ibtracs_best_track,IBTrACS best track,18.736907886666668,False,hourly mean,3
AL082025,Humberto (2025),without_era5,2025-09-24T20:00:00+00:00,ibtracs_best_track,IBTrACS best track,19.227249232592595,False,hourly mean,3
AL082025,Humberto (2025),without_era5,2025-09-24T21:00:00+00:00,ibtracs_best_track,IBTrACS best track,19.660430134074073,False,hourly mean,3
AL082025,Humberto (2025),without_era5,2025-09-24T22:00:00+00:00,ibtracs_best_track,IBTrACS best track,20.036450591111112,False,hourly mean,3
AL082025,Humberto (2025),without_era5,2025-09-24T23:00:00+00:00,ibtracs_best_track,IBTrACS best track,20.40351591185185,False,hourly mean,3
AL082025,Humberto (2025),without_era5,2025-09-25T00:00:00+00:00,ibtracs_best_track,IBTrACS best track,20.827741677037036,False,hourly mean,3
AL082025,Humberto (2025),without_era5,2025-09-25T01:00:00+00:00,ibtracs_best_track,IBTrACS best track,21.30912788666667,False,hourly mean,3
AL082025,Humberto (2025),without_era5,2025-09-25T02:00:00+00:00,ibtracs_best_track,IBTrACS best track,21.79946923259259,False,hourly mean,3
AL082025,Humberto (2025),without_era5,2025-09-25T03:00:00+00:00,ibtracs_best_track,IBTrACS best track,22.23265542670782,False,hourly mean,3
AL082025,Humberto (2025),without_era5,2025-09-25T04:00:00+00:00,ibtracs_best_track,IBTrACS best track,22.608707639547323,False,hourly mean,3
AL082025,Humberto (2025),without_era5,2025-09-25T05:00:00+00:00,ibtracs_best_track,IBTrACS best track,22.97582059399177,False,hourly mean,3
AL082025,Humberto (2025),without_era5,2025-09-25T06:00:00+00:00,ibtracs_best_track,IBTrACS best track,23.400088700246915,False,hourly mean,3
AL082025,Humberto (2025),without_era5,2025-09-25T07:00:00+00:00,ibtracs_best_track,IBTrACS best track,23.88149078777778,False,hourly mean,3
AL082025,Humberto (2025),without_era5,2025-09-25T08:00:00+00:00,ibtracs_best_track,IBTrACS best track,24.37181625580247,False,hourly mean,3
AL082025,Humberto (2025),without_era5,2025-09-25T09:00:00+00:00,ibtracs_best_track,IBTrACS best track,24.804981279382716,False,hourly mean,3
AL082025,Humberto (2025),without_era5,2025-09-25T10:00:00+00:00,ibtracs_best_track,IBTrACS best track,25.180985858518522,False,hourly mean,3
AL082025,Humberto (2025),without_era5,2025-09-25T11:00:00+00:00,ibtracs_best_track,IBTrACS best track,25.548067057160495,False,hourly mean,3
AL082025,Humberto (2025),without_era5,2025-09-25T12:00:00+00:00,ibtracs_best_track,IBTrACS best track,25.972308700246916,False,hourly mean,3
AL082025,Humberto (2025),without_era5,2025-09-25T13:00:00+00:00,ibtracs_best_track,IBTrACS best track,26.45371078777778,False,hourly mean,3
AL082025,Humberto (2025),without_era5,2025-09-25T14:00:00+00:00,ibtracs_best_track,IBTrACS best track,26.94403625580247,False,hourly mean,3
AL082025,Humberto (2025),without_era5,2025-09-25T15:00:00+00:00,ibtracs_best_track,IBTrACS best track,27.37719598674897,False,hourly mean,3
AL082025,Humberto (2025),without_era5,2025-09-25T16:00:00+00:00,ibtracs_best_track,IBTrACS best track,27.753179395349793,False,hourly mean,3
AL082025,Humberto (2025),without_era5,2025-09-25T17:00:00+00:00,ibtracs_best_track,IBTrACS best track,28.12026059399177,False,hourly mean,3
AL082025,Humberto (2025),without_era5,2025-09-25T18:00:00+00:00,ibtracs_best_track,IBTrACS best track,28.544507529711936,False,hourly mean,3
AL082025,Humberto (2025),without_era5,2025-09-25T19:00:00+00:00,ibtracs_best_track,IBTrACS best track,29.02593078777778,False,hourly mean,3
AL082025,Humberto (2025),without_era5,2025-09-25T20:00:00+00:00,ibtracs_best_track,IBTrACS best track,29.51625625580247,False,hourly mean,3
AL082025,Humberto (2025),without_era5,2025-09-25T21:00:00+00:00,ibtracs_best_track,IBTrACS best track,29.949421279382715,False,hourly mean,3
AL082025,Humberto (2025),without_era5,2025-09-25T22:00:00+00:00,ibtracs_best_track,IBTrACS best track,30.325425858518518,False,hourly mean,3
AL082025,Humberto (2025),without_era5,2025-09-25T23:00:00+00:00,ibtracs_best_track,IBTrACS best track,30.74074412111111,False,hourly mean,3
AL082025,Humberto (2025),without_era5,2025-09-26T00:00:00+00:00,ibtracs_best_track,IBTrACS best track,31.327543717037035,False,hourly mean,3
AL082025,Humberto (2025),without_era5,2025-09-26T01:00:00+00:00,ibtracs_best_track,IBTrACS best track,32.085824646296295,False,hourly mean,3
AL082025,Humberto (2025),without_era5,2025-09-26T02:00:00+00:00,ibtracs_best_track,IBTrACS best track,32.94323131296297,False,hourly mean,3
AL082025,Humberto (2025),without_era5,2025-09-26T03:00:00+00:00,ibtracs_best_track,IBTrACS best track,33.800637979629634,False,hourly mean,3
AL082025,Humberto (2025),without_era5,2025-09-26T04:00:00+00:00,ibtracs_best_track,IBTrACS best track,34.6580446462963,False,hourly mean,3
AL082025,Humberto (2025),without_era5,2025-09-26T05:00:00+00:00,ibtracs_best_track,IBTrACS best track,35.515451312962966,False,hourly mean,3
AL082025,Humberto (2025),without_era5,2025-09-26T06:00:00+00:00,ibtracs_best_track,IBTrACS best track,36.372857979629636,False,hourly mean,3
AL082025,Humberto (2025),without_era5,2025-09-26T07:00:00+00:00,ibtracs_best_track,IBTrACS best track,37.2302646462963,False,hourly mean,3
AL082025,Humberto (2025),without_era5,2025-09-26T08:00:00+00:00,ibtracs_best_track,IBTrACS best track,38.08767131296296,False,hourly mean,3
AL082025,Humberto (2025),without_era5,2025-09-26T09:00:00+00:00,ibtracs_best_track,IBTrACS best track,38.94507797962962,False,hourly mean,3
AL082025,Humberto (2025),without_era5,2025-09-26T10:00:00+00:00,ibtracs_best_track,IBTrACS best track,39.8024846462963,False,hourly mean,3
AL082025,Humberto (2025),without_era5,2025-09-26T11:00:00+00:00,ibtracs_best_track,IBTrACS best track,40.73224690888889,False,hourly mean,3
AL082025,Humberto (2025),without_era5,2025-09-26T12:00:00+00:00,ibtracs_best_track,IBTrACS best track,41.83349050481481,True,hourly mean,3
AL082025,Humberto (2025),without_era5,2025-09-26T13:00:00+00:00,ibtracs_best_track,IBTrACS best track,43.10621543407407,True,hourly mean,3
AL082025,Humberto (2025),without_era5,2025-09-26T14:00:00+00:00,ibtracs_best_track,IBTrACS best track,44.453947568765436,True,hourly mean,3
AL082025,Humberto (2025),without_era5,2025-09-26T15:00:00+00:00,ibtracs_best_track,IBTrACS best track,45.74451925901235,True,hourly mean,3
AL082025,Humberto (2025),without_era5,2025-09-26T16:00:00+00:00,ibtracs_best_track,IBTrACS best track,46.97793050481482,True,hourly mean,3
AL082025,Humberto (2025),without_era5,2025-09-26T17:00:00+00:00,ibtracs_best_track,IBTrACS best track,48.250655434074076,True,hourly mean,3
AL082025,Humberto (2025),without_era5,2025-09-26T18:00:00+00:00,ibtracs_best_track,IBTrACS best track,49.69486169666666,True,hourly mean,3
AL082025,Humberto (2025),without_era5,2025-09-26T19:00:00+00:00,ibtracs_best_track,IBTrACS best track,51.31054929259259,True,hourly mean,3
AL082025,Humberto (2025),without_era5,2025-09-26T20:00:00+00:00,ibtracs_best_track,IBTrACS best track,53.02536262592593,True,hourly mean,3
AL082025,Humberto (2025),without_era5,2025-09-26T21:00:00+00:00,ibtracs_best_track,IBTrACS best track,54.74017595925926,True,hourly mean,3
AL082025,Humberto (2025),without_era5,2025-09-26T22:00:00+00:00,ibtracs_best_track,IBTrACS best track,56.454989292592586,True,hourly mean,3
AL082025,Humberto (2025),without_era5,2025-09-26T23:00:00+00:00,ibtracs_best_track,IBTrACS best track,58.049209966049375,True,hourly mean,3
AL082025,Humberto (2025),without_era5,2025-09-27T00:00:00+00:00,ibtracs_best_track,IBTrACS best track,59.357628417283955,True,hourly mean,3
AL082025,Humberto (2025),without_era5,2025-09-27T01:00:00+00:00,ibtracs_best_track,IBTrACS best track,60.3802446462963,True,hourly mean,3
AL082025,Humberto (2025),without_era5,2025-09-27T02:00:00+00:00,ibtracs_best_track,IBTrACS best track,61.237651312962974,True,hourly mean,3
AL082025,Humberto (2025),without_era5,2025-09-27T03:00:00+00:00,ibtracs_best_track,IBTrACS best track,62.09505797962964,True,hourly mean,3
AL082025,Humberto (2025),without_era5,2025-09-27T04:00:00+00:00,ibtracs_best_track,IBTrACS best track,62.9524646462963,True,hourly mean,3
AL082025,Humberto (2025),without_era5,2025-09-27T05:00:00+00:00,ibtracs_best_track,IBTrACS best track,63.76163424901235,True,hourly mean,3
AL082025,Humberto (2025),without_era5,2025-09-27T06:00:00+00:00,ibtracs_best_track,IBTrACS best track,64.45648296283952,True,hourly mean,3
AL082025,Humberto (2025),without_era5,2025-09-27T07:00:00+00:00,ibtracs_best_track,IBTrACS best track,65.03701078777779,True,hourly mean,3
AL082025,Humberto (2025),without_era5,2025-09-27T08:00:00+00:00,ibtracs_best_track,IBTrACS best track,65.52733625580248,True,hourly mean,3
AL082025,Humberto (2025),without_era5,2025-09-27T09:00:00+00:00,ibtracs_best_track,IBTrACS best track,65.96050127938274,True,hourly mean,3
AL082025,Humberto (2025),without_era5,2025-09-27T10:00:00+00:00,ibtracs_best_track,IBTrACS best track,66.33650585851852,True,hourly mean,3
AL082025,Humberto (2025),without_era5,2025-09-27T11:00:00+00:00,ibtracs_best_track,IBTrACS best track,66.75182412111111,True,hourly mean,3
AL082025,Humberto (2025),without_era5,2025-09-27T12:00:00+00:00,ibtracs_best_track,IBTrACS best track,67.33862371703704,True,hourly mean,3
AL082025,Humberto (2025),without_era5,2025-09-27T13:00:00+00:00,ibtracs_best_track,IBTrACS best track,68.0969046462963,True,hourly mean,3
AL082025,Humberto (2025),without_era5,2025-09-27T14:00:00+00:00,ibtracs_best_track,IBTrACS best track,68.95431131296296,True,hourly mean,3
AL082025,Humberto (2025),without_era5,2025-09-27T15:00:00+00:00,ibtracs_best_track,IBTrACS best track,69.81171797962963,True,hourly mean,3
AL082025,Humberto (2025),without_era5,2025-09-27T16:00:00+00:00,ibtracs_best_track,IBTrACS best track,70.66912464629631,True,hourly mean,3
AL082025,Humberto (2025),without_era5,2025-09-27T17:00:00+00:00,ibtracs_best_track,IBTrACS best track,71.40593865308642,True,hourly mean,3
AL082025,Humberto (2025),without_era5,2025-09-27T18:00:00+00:00,ibtracs_best_track,IBTrACS best track,71.85695043765433,True,hourly mean,3
AL082025,Humberto (2025),without_era5,2025-09-27T19:00:00+00:00,ibtracs_best_track,IBTrACS best track,72.02216,True,hourly mean,3
AL082025,Humberto (2025),without_era5,2025-09-27T20:00:00+00:00,ibtracs_best_track,IBTrACS best track,72.02216,True,hourly mean,3
AL082025,Humberto (2025),without_era5,2025-09-27T21:00:00+00:00,ibtracs_best_track,IBTrACS best track,72.02216,True,hourly mean,3
AL082025,Humberto (2025),without_era5,2025-09-27T22:00:00+00:00,ibtracs_best_track,IBTrACS best track,72.02216,True,hourly mean,3
AL082025,Humberto (2025),without_era5,2025-09-27T23:00:00+00:00,ibtracs_best_track,IBTrACS best track,71.97392293604939,False,hourly mean,3
AL082025,Humberto (2025),without_era5,2025-09-28T00:00:00+00:00,ibtracs_best_track,IBTrACS best track,71.81136498320988,False,hourly mean,3
AL082025,Humberto (2025),without_era5,2025-09-28T01:00:00+00:00,ibtracs_best_track,IBTrACS best track,71.53448614148148,False,hourly mean,3
AL082025,Humberto (2025),without_era5,2025-09-28T02:00:00+00:00,ibtracs_best_track,IBTrACS best track,71.16740494283953,False,hourly mean,3
AL082025,Humberto (2025),without_era5,2025-09-28T03:00:00+00:00,ibtracs_best_track,IBTrACS best track,70.74316329975309,False,hourly mean,3
AL082025,Humberto (2025),without_era5,2025-09-28T04:00:00+00:00,ibtracs_best_track,IBTrACS best track,70.26176121222223,False,hourly mean,3
AL082025,Humberto (2025),without_era5,2025-09-28T05:00:00+00:00,ibtracs_best_track,IBTrACS best track,69.69908014827162,False,hourly mean,3
AL082025,Humberto (2025),without_era5,2025-09-28T06:00:00+00:00,ibtracs_best_track,IBTrACS best track,69.02207819543212,False,hourly mean,3
AL082025,Humberto (2025),without_era5,2025-09-28T07:00:00+00:00,ibtracs_best_track,IBTrACS best track,68.23075535370371,False,hourly mean,3
AL082025,Humberto (2025),without_era5,2025-09-28T08:00:00+00:00,ibtracs_best_track,IBTrACS best track,67.37334868703705,False,hourly mean,3
AL082025,Humberto (2025),without_era5,2025-09-28T09:00:00+00:00,ibtracs_best_track,IBTrACS best track,66.51594202037037,False,hourly mean,3
AL082025,Humberto (2025),without_era5,2025-09-28T10:00:00+00:00,ibtracs_best_track,IBTrACS best track,65.65853535370371,False,hourly mean,3
AL082025,Humberto (2025),without_era5,2025-09-28T11:00:00+00:00,ibtracs_best_track,IBTrACS best track,64.92172134691357,False,hourly mean,3
AL082025,Humberto (2025),without_era5,2025-09-28T12:00:00+00:00,ibtracs_best_track,IBTrACS best track,64.47070956234568,False,hourly mean,3
AL082025,Humberto (2025),without_era5,2025-09-28T13:00:00+00:00,ibtracs_best_track,IBTrACS best track,64.3055,False,hourly mean,3
AL082025,Humberto (2025),without_era5,2025-09-28T14:00:00+00:00,ibtracs_best_track,IBTrACS best track,64.3055,False,hourly mean,3
AL082025,Humberto (2025),without_era5,2025-09-28T15:00:00+00:00,ibtracs_best_track,IBTrACS best track,64.3055,False,hourly mean,3
AL082025,Humberto (2025),without_era5,2025-09-28T16:00:00+00:00,ibtracs_best_track,IBTrACS best track,64.3055,False,hourly mean,3
AL082025,Humberto (2025),without_era5,2025-09-28T17:00:00+00:00,ibtracs_best_track,IBTrACS best track,64.25726293604939,False,hourly mean,3
AL082025,Humberto (2025),without_era5,2025-09-28T18:00:00+00:00,ibtracs_best_track,IBTrACS best track,64.09470498320988,False,hourly mean,3
AL082025,Humberto (2025),without_era5,2025-09-28T19:00:00+00:00,ibtracs_best_track,IBTrACS best track,63.8178261414815,False,hourly mean,3
AL082025,Humberto (2025),without_era5,2025-09-28T20:00:00+00:00,ibtracs_best_track,IBTrACS best track,63.45074494283951,False,hourly mean,3
AL082025,Humberto (2025),without_era5,2025-09-28T21:00:00+00:00,ibtracs_best_track,IBTrACS best track,63.026503299753095,False,hourly mean,3
AL082025,Humberto (2025),without_era5,2025-09-28T22:00:00+00:00,ibtracs_best_track,IBTrACS best track,62.54510121222223,False,hourly mean,3
AL082025,Humberto (2025),without_era5,2025-09-28T23:00:00+00:00,ibtracs_best_track,IBTrACS best track,62.10301280814815,False,hourly mean,3
AL082025,Humberto (2025),without_era5,2025-09-29T00:00:00+00:00,ibtracs_best_track,IBTrACS best track,61.83240573740741,False,hourly mean,3
AL082025,Humberto (2025),without_era5,2025-09-29T01:00:00+00:00,ibtracs_best_track,IBTrACS best track,61.73328,False,hourly mean,3
AL082025,Humberto (2025),without_era5,2025-09-29T02:00:00+00:00,ibtracs_best_track,IBTrACS best track,61.73328,False,hourly mean,3
AL082025,Humberto (2025),without_era5,2025-09-29T03:00:00+00:00,ibtracs_best_track,IBTrACS best track,61.73328,False,hourly mean,3
AL082025,Humberto (2025),without_era5,2025-09-29T04:00:00+00:00,ibtracs_best_track,IBTrACS best track,61.73328,False,hourly mean,3
AL082025,Humberto (2025),without_era5,2025-09-29T05:00:00+00:00,ibtracs_best_track,IBTrACS best track,61.805635595925935,False,hourly mean,3
AL082025,Humberto (2025),without_era5,2025-09-29T06:00:00+00:00,ibtracs_best_track,IBTrACS best track,62.049472525185195,False,hourly mean,3
AL082025,Humberto (2025),without_era5,2025-09-29T07:00:00+00:00,ibtracs_best_track,IBTrACS best track,62.46479078777779,False,hourly mean,3
AL082025,Humberto (2025),without_era5,2025-09-29T08:00:00+00:00,ibtracs_best_track,IBTrACS best track,62.95511625580247,False,hourly mean,3
AL082025,Humberto (2025),without_era5,2025-09-29T09:00:00+00:00,ibtracs_best_track,IBTrACS best track,63.38828127938272,False,hourly mean,3
AL082025,Humberto (2025),without_era5,2025-09-29T10:00:00+00:00,ibtracs_best_track,IBTrACS best track,63.76428585851852,False,hourly mean,3
AL082025,Humberto (2025),without_era5,2025-09-29T11:00:00+00:00,ibtracs_best_track,IBTrACS best track,63.93841880135802,False,hourly mean,3
AL082025,Humberto (2025),without_era5,2025-09-29T12:00:00+00:00,ibtracs_best_track,IBTrACS best track,63.712428633086425,False,hourly mean,3
AL082025,Humberto (2025),without_era5,2025-09-29T13:00:00+00:00,ibtracs_best_track,IBTrACS best track,63.086315353703704,False,hourly mean,3
AL082025,Humberto (2025),without_era5,2025-09-29T14:00:00+00:00,ibtracs_best_track,IBTrACS best track,62.22890868703704,False,hourly mean,3
AL082025,Humberto (2025),without_era5,2025-09-29T15:00:00+00:00,ibtracs_best_track,IBTrACS best track,61.37150202037037,False,hourly mean,3
AL082025,Humberto (2025),without_era5,2025-09-29T16:00:00+00:00,ibtracs_best_track,IBTrACS best track,60.51409535370371,False,hourly mean,3
AL082025,Humberto (2025),without_era5,2025-09-29T17:00:00+00:00,ibtracs_best_track,IBTrACS best track,59.60845162308643,False,hourly mean,3
AL082025,Humberto (2025),without_era5,2025-09-29T18:00:00+00:00,ibtracs_best_track,IBTrACS best track,58.58848700358025,False,hourly mean,3
AL082025,Humberto (2025),without_era5,2025-09-29T19:00:00+00:00,ibtracs_best_track,IBTrACS best track,57.45420149518518,False,hourly mean,3
AL082025,Humberto (2025),without_era5,2025-09-29T20:00:00+00:00,ibtracs_best_track,IBTrACS best track,56.229713629876535,False,hourly mean,3
AL082025,Humberto (2025),without_era5,2025-09-29T21:00:00+00:00,ibtracs_best_track,IBTrACS best track,54.948065320123455,False,hourly mean,3
AL082025,Humberto (2025),without_era5,2025-09-29T22:00:00+00:00,ibtracs_best_track,IBTrACS best track,53.60925656592593,False,hourly mean,3
AL082025,Humberto (2025),without_era5,2025-09-29T23:00:00+00:00,ibtracs_best_track,IBTrACS best track,52.30976149518519,False,hourly mean,3
AL082025,Humberto (2025),without_era5,2025-09-30T00:00:00+00:00,ibtracs_best_track,IBTrACS best track,51.18174775777778,False,hourly mean,3
AL082025,Humberto (2025),without_era5,2025-09-30T01:00:00+00:00,ibtracs_best_track,IBTrACS best track,50.2252153537037,False,hourly mean,3
AL082025,Humberto (2025),without_era5,2025-09-30T02:00:00+00:00,ibtracs_best_track,IBTrACS best track,49.36780868703704,False,hourly mean,3
AL082025,Humberto (2025),without_era5,2025-09-30T03:00:00+00:00,ibtracs_best_track,IBTrACS best track,48.51040202037037,False,hourly mean,3
AL082025,Humberto (2025),without_era5,2025-09-30T04:00:00+00:00,ibtracs_best_track,IBTrACS best track,47.65299535370371,False,hourly mean,3
AL082025,Humberto (2025),without_era5,2025-09-30T05:00:00+00:00,ibtracs_best_track,IBTrACS best track,46.67499602716049,False,hourly mean,3
AL082025,Humberto (2025),without_era5,2025-09-30T06:00:00+00:00,ibtracs_best_track,IBTrACS best track,45.41119447839506,False,hourly mean,3
AL082025,Humberto (2025),without_era5,2025-09-30T07:00:00+00:00,ibtracs_best_track,IBTrACS best track,43.86159070740741,False,hourly mean,3
AL082025,Humberto (2025),without_era5,2025-09-30T08:00:00+00:00,ibtracs_best_track,IBTrACS best track,42.14677737407408,False,hourly mean,3
AL082025,Humberto (2025),without_era5,2025-09-30T09:00:00+00:00,ibtracs_best_track,IBTrACS best track,40.47959774444445,False,hourly mean,3
AL082025,Humberto (2025),without_era5,2025-09-30T10:00:00+00:00,ibtracs_best_track,IBTrACS best track,38.76430807407408,False,hourly mean,3
AL082025,Humberto (2025),without_era5,2025-09-30T11:00:00+00:00,ibtracs_best_track,IBTrACS best track,37.29068006049383,False,hourly mean,3
AL082025,Humberto (2025),without_era5,2025-09-30T12:00:00+00:00,ibtracs_best_track,IBTrACS best track,36.341022787654325,False,hourly mean,3
AL082025,Humberto (2025),without_era5,2025-09-30T13:00:00+00:00,ibtracs_best_track,IBTrACS best track,36.01108,False,hourly mean,3
AL082025,Humberto (2025),without_era5,2025-09-30T14:00:00+00:00,ibtracs_best_track,IBTrACS best track,36.01108,False,hourly mean,3
AL082025,Humberto (2025),without_era5,2025-09-30T15:00:00+00:00,ibtracs_best_track,IBTrACS best track,36.01108,False,hourly mean,3
AL082025,Humberto (2025),without_era5,2025-09-30T16:00:00+00:00,ibtracs_best_track,IBTrACS best track,36.01108,False,hourly mean,3
AL082025,Humberto (2025),without_era5,2025-09-30T17:00:00+00:00,ibtracs_best_track,IBTrACS best track,36.01108,False,hourly mean,3
AL082025,Humberto (2025),without_era5,2025-09-30T18:00:00+00:00,ibtracs_best_track,IBTrACS best track,36.01108,False,hourly mean,3
AL082025,Humberto (2025),without_era5,2025-09-30T19:00:00+00:00,ibtracs_best_track,IBTrACS best track,36.01108,False,hourly mean,3
AL082025,Humberto (2025),without_era5,2025-09-30T20:00:00+00:00,ibtracs_best_track,IBTrACS best track,36.01108,False,hourly mean,3
AL082025,Humberto (2025),without_era5,2025-09-30T21:00:00+00:00,ibtracs_best_track,IBTrACS best track,36.01108,False,hourly mean,3
AL082025,Humberto (2025),without_era5,2025-09-30T22:00:00+00:00,ibtracs_best_track,IBTrACS best track,36.01108,False,hourly mean,3
AL082025,Humberto (2025),without_era5,2025-09-30T23:00:00+00:00,ibtracs_best_track,IBTrACS best track,36.01108,False,hourly mean,3
AL082025,Humberto (2025),without_era5,2025-10-01T00:00:00+00:00,ibtracs_best_track,IBTrACS best track,36.01108,False,hourly mean,3
AL082025,Humberto (2025),without_era5,2025-10-01T01:00:00+00:00,ibtracs_best_track,IBTrACS best track,36.01108,False,hourly mean,3
AL082025,Humberto (2025),without_era5,2025-10-01T02:00:00+00:00,ibtracs_best_track,IBTrACS best track,36.01108,False,hourly mean,3
AL082025,Humberto (2025),without_era5,2025-10-01T03:00:00+00:00,ibtracs_best_track,IBTrACS best track,36.01108,False,hourly mean,3
AL082025,Humberto (2025),without_era5,2025-10-01T04:00:00+00:00,ibtracs_best_track,IBTrACS best track,36.01108,False,hourly mean,3
AL082025,Humberto (2025),without_era5,2025-10-01T05:00:00+00:00,ibtracs_best_track,IBTrACS best track,35.962811180246916,False,hourly mean,3
AL082025,Humberto (2025),without_era5,2025-10-01T06:00:00+00:00,ibtracs_best_track,IBTrACS best track,35.80022147160494,False,hourly mean,3
AL082025,Humberto (2025),without_era5,2025-10-01T07:00:00+00:00,ibtracs_best_track,IBTrACS best track,35.52331087407408,False,hourly mean,3
AL082025,Humberto (2025),without_era5,2025-10-01T08:00:00+00:00,ibtracs_best_track,IBTrACS best track,35.156213797530874,False,hourly mean,3
AL082025,Humberto (2025),without_era5,2025-10-01T09:00:00+00:00,ibtracs_best_track,IBTrACS best track,34.73195627654321,False,hourly mean,3
AL082025,Humberto (2025),without_era5,2025-10-01T10:00:00+00:00,ibtracs_best_track,IBTrACS best track,34.250538311111114,False,hourly mean,3
AL082025,Humberto (2025),without_era5,2025-10-01T11:00:00+00:00,ibtracs_best_track,IBTrACS best track,33.993316311111116,False,hourly mean,3
AL082025,Humberto (2025),without_era5,2025-09-24T12:00:00+00:00,era5_max_wind,ERA5 10 m maximum,14.354845348653454,False,hourly mean,3
AL082025,Humberto (2025),without_era5,2025-09-24T13:00:00+00:00,era5_max_wind,ERA5 10 m maximum,14.354845348653454,False,hourly mean,3
AL082025,Humberto (2025),without_era5,2025-09-24T14:00:00+00:00,era5_max_wind,ERA5 10 m maximum,14.02089676078758,False,hourly mean,3
AL082025,Humberto (2025),without_era5,2025-09-24T15:00:00+00:00,era5_max_wind,ERA5 10 m maximum,13.686948172921708,False,hourly mean,3
AL082025,Humberto (2025),without_era5,2025-09-24T16:00:00+00:00,era5_max_wind,ERA5 10 m maximum,13.352999585055835,False,hourly mean,3
AL082025,Humberto (2025),without_era5,2025-09-24T17:00:00+00:00,era5_max_wind,ERA5 10 m maximum,13.352999585055835,False,hourly mean,3
AL082025,Humberto (2025),without_era5,2025-09-24T18:00:00+00:00,era5_max_wind,ERA5 10 m maximum,13.352999585055835,False,hourly mean,3
AL082025,Humberto (2025),without_era5,2025-09-24T19:00:00+00:00,era5_max_wind,ERA5 10 m maximum,13.352999585055835,False,hourly mean,3
AL082025,Humberto (2025),without_era5,2025-09-24T20:00:00+00:00,era5_max_wind,ERA5 10 m maximum,13.565153895082608,False,hourly mean,3
AL082025,Humberto (2025),without_era5,2025-09-24T21:00:00+00:00,era5_max_wind,ERA5 10 m maximum,13.77730820510938,False,hourly mean,3
AL082025,Humberto (2025),without_era5,2025-09-24T22:00:00+00:00,era5_max_wind,ERA5 10 m maximum,13.989462515136152,False,hourly mean,3
AL082025,Humberto (2025),without_era5,2025-09-24T23:00:00+00:00,era5_max_wind,ERA5 10 m maximum,13.989462515136152,False,hourly mean,3
AL082025,Humberto (2025),without_era5,2025-09-25T00:00:00+00:00,era5_max_wind,ERA5 10 m maximum,13.989462515136152,False,hourly mean,3
AL082025,Humberto (2025),without_era5,2025-09-25T01:00:00+00:00,era5_max_wind,ERA5 10 m maximum,13.989462515136152,False,hourly mean,3
AL082025,Humberto (2025),without_era5,2025-09-25T02:00:00+00:00,era5_max_wind,ERA5 10 m maximum,14.607431577141284,False,hourly mean,3
AL082025,Humberto (2025),without_era5,2025-09-25T03:00:00+00:00,era5_max_wind,ERA5 10 m maximum,15.22540063914642,False,hourly mean,3
AL082025,Humberto (2025),without_era5,2025-09-25T04:00:00+00:00,era5_max_wind,ERA5 10 m maximum,15.843369701151554,False,hourly mean,3
AL082025,Humberto (2025),without_era5,2025-09-25T05:00:00+00:00,era5_max_wind,ERA5 10 m maximum,15.843369701151554,False,hourly mean,3
AL082025,Humberto (2025),without_era5,2025-09-25T06:00:00+00:00,era5_max_wind,ERA5 10 m maximum,15.843369701151554,False,hourly mean,3
AL082025,Humberto (2025),without_era5,2025-09-25T07:00:00+00:00,era5_max_wind,ERA5 10 m maximum,15.843369701151554,False,hourly mean,3
AL082025,Humberto (2025),without_era5,2025-09-25T08:00:00+00:00,era5_max_wind,ERA5 10 m maximum,16.12603412088832,False,hourly mean,3
AL082025,Humberto (2025),without_era5,2025-09-25T09:00:00+00:00,era5_max_wind,ERA5 10 m maximum,16.408698540625085,False,hourly mean,3
AL082025,Humberto (2025),without_era5,2025-09-25T10:00:00+00:00,era5_max_wind,ERA5 10 m maximum,16.691362960361854,False,hourly mean,3
AL082025,Humberto (2025),without_era5,2025-09-25T11:00:00+00:00,era5_max_wind,ERA5 10 m maximum,16.691362960361854,False,hourly mean,3
AL082025,Humberto (2025),without_era5,2025-09-25T12:00:00+00:00,era5_max_wind,ERA5 10 m maximum,16.691362960361854,False,hourly mean,3
AL082025,Humberto (2025),without_era5,2025-09-25T13:00:00+00:00,era5_max_wind,ERA5 10 m maximum,16.691362960361854,False,hourly mean,3
AL082025,Humberto (2025),without_era5,2025-09-25T14:00:00+00:00,era5_max_wind,ERA5 10 m maximum,16.348536775769507,False,hourly mean,3
AL082025,Humberto (2025),without_era5,2025-09-25T15:00:00+00:00,era5_max_wind,ERA5 10 m maximum,16.00571059117716,False,hourly mean,3
AL082025,Humberto (2025),without_era5,2025-09-25T16:00:00+00:00,era5_max_wind,ERA5 10 m maximum,15.662884406584814,False,hourly mean,3
AL082025,Humberto (2025),without_era5,2025-09-25T17:00:00+00:00,era5_max_wind,ERA5 10 m maximum,15.662884406584814,False,hourly mean,3
AL082025,Humberto (2025),without_era5,2025-09-25T18:00:00+00:00,era5_max_wind,ERA5 10 m maximum,15.662884406584814,False,hourly mean,3
AL082025,Humberto (2025),without_era5,2025-09-25T19:00:00+00:00,era5_max_wind,ERA5 10 m maximum,15.662884406584814,False,hourly mean,3
AL082025,Humberto (2025),without_era5,2025-09-25T20:00:00+00:00,era5_max_wind,ERA5 10 m maximum,16.214205367792903,False,hourly mean,3
AL082025,Humberto (2025),without_era5,2025-09-25T21:00:00+00:00,era5_max_wind,ERA5 10 m maximum,16.76552632900099,False,hourly mean,3
AL082025,Humberto (2025),without_era5,2025-09-25T22:00:00+00:00,era5_max_wind,ERA5 10 m maximum,17.31684729020908,False,hourly mean,3
AL082025,Humberto (2025),without_era5,2025-09-25T23:00:00+00:00,era5_max_wind,ERA5 10 m maximum,17.31684729020908,False,hourly mean,3
AL082025,Humberto (2025),without_era5,2025-09-26T00:00:00+00:00,era5_max_wind,ERA5 10 m maximum,17.31684729020908,False,hourly mean,3
AL082025,Humberto (2025),without_era5,2025-09-26T01:00:00+00:00,era5_max_wind,ERA5 10 m maximum,17.31684729020908,False,hourly mean,3
AL082025,Humberto (2025),without_era5,2025-09-26T02:00:00+00:00,era5_max_wind,ERA5 10 m maximum,18.199565511166266,False,hourly mean,3
AL082025,Humberto (2025),without_era5,2025-09-26T03:00:00+00:00,era5_max_wind,ERA5 10 m maximum,19.082283732123454,False,hourly mean,3
AL082025,Humberto (2025),without_era5,2025-09-26T04:00:00+00:00,era5_max_wind,ERA5 10 m maximum,19.965001953080638,False,hourly mean,3
AL082025,Humberto (2025),without_era5,2025-09-26T05:00:00+00:00,era5_max_wind,ERA5 10 m maximum,19.965001953080638,False,hourly mean,3
AL082025,Humberto (2025),without_era5,2025-09-26T06:00:00+00:00,era5_max_wind,ERA5 10 m maximum,19.965001953080638,False,hourly mean,3
AL082025,Humberto (2025),without_era5,2025-09-26T07:00:00+00:00,era5_max_wind,ERA5 10 m maximum,19.965001953080638,False,hourly mean,3
AL082025,Humberto (2025),without_era5,2025-09-26T08:00:00+00:00,era5_max_wind,ERA5 10 m maximum,19.62748686779882,False,hourly mean,3
AL082025,Humberto (2025),without_era5,2025-09-26T09:00:00+00:00,era5_max_wind,ERA5 10 m maximum,19.289971782517,False,hourly mean,3
AL082025,Humberto (2025),without_era5,2025-09-26T10:00:00+00:00,era5_max_wind,ERA5 10 m maximum,18.95245669723518,False,hourly mean,3
AL082025,Humberto (2025),without_era5,2025-09-26T11:00:00+00:00,era5_max_wind,ERA5 10 m maximum,18.95245669723518,False,hourly mean,3
AL082025,Humberto (2025),without_era5,2025-09-26T12:00:00+00:00,era5_max_wind,ERA5 10 m maximum,18.95245669723518,True,hourly mean,3
AL082025,Humberto (2025),without_era5,2025-09-26T13:00:00+00:00,era5_max_wind,ERA5 10 m maximum,18.95245669723518,True,hourly mean,3
AL082025,Humberto (2025),without_era5,2025-09-26T14:00:00+00:00,era5_max_wind,ERA5 10 m maximum,19.542986673008546,True,hourly mean,3
AL082025,Humberto (2025),without_era5,2025-09-26T15:00:00+00:00,era5_max_wind,ERA5 10 m maximum,20.133516648781907,True,hourly mean,3
AL082025,Humberto (2025),without_era5,2025-09-26T16:00:00+00:00,era5_max_wind,ERA5 10 m maximum,20.72404662455527,True,hourly mean,3
AL082025,Humberto (2025),without_era5,2025-09-26T17:00:00+00:00,era5_max_wind,ERA5 10 m maximum,20.72404662455527,True,hourly mean,3
AL082025,Humberto (2025),without_era5,2025-09-26T18:00:00+00:00,era5_max_wind,ERA5 10 m maximum,20.72404662455527,True,hourly mean,3
AL082025,Humberto (2025),without_era5,2025-09-26T19:00:00+00:00,era5_max_wind,ERA5 10 m maximum,20.72404662455527,True,hourly mean,3
AL082025,Humberto (2025),without_era5,2025-09-26T20:00:00+00:00,era5_max_wind,ERA5 10 m maximum,20.64426543206846,True,hourly mean,3
AL082025,Humberto (2025),without_era5,2025-09-26T21:00:00+00:00,era5_max_wind,ERA5 10 m maximum,20.56448423958165,True,hourly mean,3
AL082025,Humberto (2025),without_era5,2025-09-26T22:00:00+00:00,era5_max_wind,ERA5 10 m maximum,20.484703047094836,True,hourly mean,3
AL082025,Humberto (2025),without_era5,2025-09-26T23:00:00+00:00,era5_max_wind,ERA5 10 m maximum,20.484703047094836,True,hourly mean,3
AL082025,Humberto (2025),without_era5,2025-09-27T00:00:00+00:00,era5_max_wind,ERA5 10 m maximum,20.484703047094836,True,hourly mean,3
AL082025,Humberto (2025),without_era5,2025-09-27T01:00:00+00:00,era5_max_wind,ERA5 10 m maximum,20.484703047094836,True,hourly mean,3
AL082025,Humberto (2025),without_era5,2025-09-27T02:00:00+00:00,era5_max_wind,ERA5 10 m maximum,20.383677378612127,True,hourly mean,3
AL082025,Humberto (2025),without_era5,2025-09-27T03:00:00+00:00,era5_max_wind,ERA5 10 m maximum,20.282651710129418,True,hourly mean,3
AL082025,Humberto (2025),without_era5,2025-09-27T04:00:00+00:00,era5_max_wind,ERA5 10 m maximum,20.181626041646712,True,hourly mean,3
AL082025,Humberto (2025),without_era5,2025-09-27T05:00:00+00:00,era5_max_wind,ERA5 10 m maximum,20.181626041646712,True,hourly mean,3
AL082025,Humberto (2025),without_era5,2025-09-27T06:00:00+00:00,era5_max_wind,ERA5 10 m maximum,20.181626041646712,True,hourly mean,3
AL082025,Humberto (2025),without_era5,2025-09-27T07:00:00+00:00,era5_max_wind,ERA5 10 m maximum,20.181626041646712,True,hourly mean,3
AL082025,Humberto (2025),without_era5,2025-09-27T08:00:00+00:00,era5_max_wind,ERA5 10 m maximum,21.01689002336863,True,hourly mean,3
AL082025,Humberto (2025),without_era5,2025-09-27T09:00:00+00:00,era5_max_wind,ERA5 10 m maximum,21.85215400509055,True,hourly mean,3
AL082025,Humberto (2025),without_era5,2025-09-27T10:00:00+00:00,era5_max_wind,ERA5 10 m maximum,22.687417986812466,True,hourly mean,3
AL082025,Humberto (2025),without_era5,2025-09-27T11:00:00+00:00,era5_max_wind,ERA5 10 m maximum,22.687417986812466,True,hourly mean,3
AL082025,Humberto (2025),without_era5,2025-09-27T12:00:00+00:00,era5_max_wind,ERA5 10 m maximum,22.687417986812466,True,hourly mean,3
AL082025,Humberto (2025),without_era5,2025-09-27T13:00:00+00:00,era5_max_wind,ERA5 10 m maximum,22.687417986812466,True,hourly mean,3
AL082025,Humberto (2025),without_era5,2025-09-27T14:00:00+00:00,era5_max_wind,ERA5 10 m maximum,23.189759736290046,True,hourly mean,3
AL082025,Humberto (2025),without_era5,2025-09-27T15:00:00+00:00,era5_max_wind,ERA5 10 m maximum,23.692101485767623,True,hourly mean,3
AL082025,Humberto (2025),without_era5,2025-09-27T16:00:00+00:00,era5_max_wind,ERA5 10 m maximum,24.194443235245203,True,hourly mean,3
AL082025,Humberto (2025),without_era5,2025-09-27T17:00:00+00:00,era5_max_wind,ERA5 10 m maximum,24.194443235245203,True,hourly mean,3
AL082025,Humberto (2025),without_era5,2025-09-27T18:00:00+00:00,era5_max_wind,ERA5 10 m maximum,24.194443235245203,True,hourly mean,3
AL082025,Humberto (2025),without_era5,2025-09-27T19:00:00+00:00,era5_max_wind,ERA5 10 m maximum,24.194443235245203,True,hourly mean,3
AL082025,Humberto (2025),without_era5,2025-09-27T20:00:00+00:00,era5_max_wind,ERA5 10 m maximum,24.46555910977267,True,hourly mean,3
AL082025,Humberto (2025),without_era5,2025-09-27T21:00:00+00:00,era5_max_wind,ERA5 10 m maximum,24.73667498430014,True,hourly mean,3
AL082025,Humberto (2025),without_era5,2025-09-27T22:00:00+00:00,era5_max_wind,ERA5 10 m maximum,25.007790858827608,True,hourly mean,3
AL082025,Humberto (2025),without_era5,2025-09-27T23:00:00+00:00,era5_max_wind,ERA5 10 m maximum,25.007790858827608,False,hourly mean,3
AL082025,Humberto (2025),without_era5,2025-09-28T00:00:00+00:00,era5_max_wind,ERA5 10 m maximum,25.007790858827608,False,hourly mean,3
AL082025,Humberto (2025),without_era5,2025-09-28T01:00:00+00:00,era5_max_wind,ERA5 10 m maximum,25.007790858827608,False,hourly mean,3
AL082025,Humberto (2025),without_era5,2025-09-28T02:00:00+00:00,era5_max_wind,ERA5 10 m maximum,25.23964022980013,False,hourly mean,3
AL082025,Humberto (2025),without_era5,2025-09-28T03:00:00+00:00,era5_max_wind,ERA5 10 m maximum,25.471489600772646,False,hourly mean,3
AL082025,Humberto (2025),without_era5,2025-09-28T04:00:00+00:00,era5_max_wind,ERA5 10 m maximum,25.703338971745165,False,hourly mean,3
AL082025,Humberto (2025),without_era5,2025-09-28T05:00:00+00:00,era5_max_wind,ERA5 10 m maximum,25.703338971745165,False,hourly mean,3
AL082025,Humberto (2025),without_era5,2025-09-28T06:00:00+00:00,era5_max_wind,ERA5 10 m maximum,25.703338971745165,False,hourly mean,3
AL082025,Humberto (2025),without_era5,2025-09-28T07:00:00+00:00,era5_max_wind,ERA5 10 m maximum,25.703338971745165,False,hourly mean,3
AL082025,Humberto (2025),without_era5,2025-09-28T08:00:00+00:00,era5_max_wind,ERA5 10 m maximum,25.85529674056201,False,hourly mean,3
AL082025,Humberto (2025),without_era5,2025-09-28T09:00:00+00:00,era5_max_wind,ERA5 10 m maximum,26.007254509378864,False,hourly mean,3
AL082025,Humberto (2025),without_era5,2025-09-28T10:00:00+00:00,era5_max_wind,ERA5 10 m maximum,26.15921227819571,False,hourly mean,3
AL082025,Humberto (2025),without_era5,2025-09-28T11:00:00+00:00,era5_max_wind,ERA5 10 m maximum,26.15921227819571,False,hourly mean,3
AL082025,Humberto (2025),without_era5,2025-09-28T12:00:00+00:00,era5_max_wind,ERA5 10 m maximum,26.15921227819571,False,hourly mean,3
AL082025,Humberto (2025),without_era5,2025-09-28T13:00:00+00:00,era5_max_wind,ERA5 10 m maximum,26.15921227819571,False,hourly mean,3
AL082025,Humberto (2025),without_era5,2025-09-28T14:00:00+00:00,era5_max_wind,ERA5 10 m maximum,26.703918735109557,False,hourly mean,3
AL082025,Humberto (2025),without_era5,2025-09-28T15:00:00+00:00,era5_max_wind,ERA5 10 m maximum,27.248625192023407,False,hourly mean,3
AL082025,Humberto (2025),without_era5,2025-09-28T16:00:00+00:00,era5_max_wind,ERA5 10 m maximum,27.793331648937254,False,hourly mean,3
AL082025,Humberto (2025),without_era5,2025-09-28T17:00:00+00:00,era5_max_wind,ERA5 10 m maximum,27.793331648937254,False,hourly mean,3
AL082025,Humberto (2025),without_era5,2025-09-28T18:00:00+00:00,era5_max_wind,ERA5 10 m maximum,27.793331648937254,False,hourly mean,3
AL082025,Humberto (2025),without_era5,2025-09-28T19:00:00+00:00,era5_max_wind,ERA5 10 m maximum,27.793331648937254,False,hourly mean,3
AL082025,Humberto (2025),without_era5,2025-09-28T20:00:00+00:00,era5_max_wind,ERA5 10 m maximum,28.337279330802676,False,hourly mean,3
AL082025,Humberto (2025),without_era5,2025-09-28T21:00:00+00:00,era5_max_wind,ERA5 10 m maximum,28.881227012668102,False,hourly mean,3
AL082025,Humberto (2025),without_era5,2025-09-28T22:00:00+00:00,era5_max_wind,ERA5 10 m maximum,29.425174694533524,False,hourly mean,3
AL082025,Humberto (2025),without_era5,2025-09-28T23:00:00+00:00,era5_max_wind,ERA5 10 m maximum,29.425174694533524,False,hourly mean,3
AL082025,Humberto (2025),without_era5,2025-09-29T00:00:00+00:00,era5_max_wind,ERA5 10 m maximum,29.425174694533524,False,hourly mean,3
AL082025,Humberto (2025),without_era5,2025-09-29T01:00:00+00:00,era5_max_wind,ERA5 10 m maximum,29.425174694533524,False,hourly mean,3
AL082025,Humberto (2025),without_era5,2025-09-29T02:00:00+00:00,era5_max_wind,ERA5 10 m maximum,30.22884368155634,False,hourly mean,3
AL082025,Humberto (2025),without_era5,2025-09-29T03:00:00+00:00,era5_max_wind,ERA5 10 m maximum,31.03251266857916,False,hourly mean,3
AL082025,Humberto (2025),without_era5,2025-09-29T04:00:00+00:00,era5_max_wind,ERA5 10 m maximum,31.83618165560198,False,hourly mean,3
AL082025,Humberto (2025),without_era5,2025-09-29T05:00:00+00:00,era5_max_wind,ERA5 10 m maximum,31.83618165560198,False,hourly mean,3
AL082025,Humberto (2025),without_era5,2025-09-29T06:00:00+00:00,era5_max_wind,ERA5 10 m maximum,31.83618165560198,False,hourly mean,3
AL082025,Humberto (2025),without_era5,2025-09-29T07:00:00+00:00,era5_max_wind,ERA5 10 m maximum,31.83618165560198,False,hourly mean,3
AL082025,Humberto (2025),without_era5,2025-09-29T08:00:00+00:00,era5_max_wind,ERA5 10 m maximum,31.250007196863766,False,hourly mean,3
AL082025,Humberto (2025),without_era5,2025-09-29T09:00:00+00:00,era5_max_wind,ERA5 10 m maximum,30.66383273812555,False,hourly mean,3
AL082025,Humberto (2025),without_era5,2025-09-29T10:00:00+00:00,era5_max_wind,ERA5 10 m maximum,30.077658279387336,False,hourly mean,3
AL082025,Humberto (2025),without_era5,2025-09-29T11:00:00+00:00,era5_max_wind,ERA5 10 m maximum,30.077658279387336,False,hourly mean,3
AL082025,Humberto (2025),without_era5,2025-09-29T12:00:00+00:00,era5_max_wind,ERA5 10 m maximum,30.077658279387336,False,hourly mean,3
AL082025,Humberto (2025),without_era5,2025-09-29T13:00:00+00:00,era5_max_wind,ERA5 10 m maximum,30.077658279387336,False,hourly mean,3
AL082025,Humberto (2025),without_era5,2025-09-29T14:00:00+00:00,era5_max_wind,ERA5 10 m maximum,30.4126681770899,False,hourly mean,3
AL082025,Humberto (2025),without_era5,2025-09-29T15:00:00+00:00,era5_max_wind,ERA5 10 m maximum,30.74767807479246,False,hourly mean,3
AL082025,Humberto (2025),without_era5,2025-09-29T16:00:00+00:00,era5_max_wind,ERA5 10 m maximum,31.082687972495023,False,hourly mean,3
AL082025,Humberto (2025),without_era5,2025-09-29T17:00:00+00:00,era5_max_wind,ERA5 10 m maximum,31.082687972495023,False,hourly mean,3
AL082025,Humberto (2025),without_era5,2025-09-29T18:00:00+00:00,era5_max_wind,ERA5 10 m maximum,31.082687972495023,False,hourly mean,3
AL082025,Humberto (2025),without_era5,2025-09-29T19:00:00+00:00,era5_max_wind,ERA5 10 m maximum,31.082687972495023,False,hourly mean,3
AL082025,Humberto (2025),without_era5,2025-09-29T20:00:00+00:00,era5_max_wind,ERA5 10 m maximum,30.28727665261268,False,hourly mean,3
AL082025,Humberto (2025),without_era5,2025-09-29T21:00:00+00:00,era5_max_wind,ERA5 10 m maximum,29.491865332730338,False,hourly mean,3
AL082025,Humberto (2025),without_era5,2025-09-29T22:00:00+00:00,era5_max_wind,ERA5 10 m maximum,28.696454012847994,False,hourly mean,3
AL082025,Humberto (2025),without_era5,2025-09-29T23:00:00+00:00,era5_max_wind,ERA5 10 m maximum,28.696454012847994,False,hourly mean,3
AL082025,Humberto (2025),without_era5,2025-09-30T00:00:00+00:00,era5_max_wind,ERA5 10 m maximum,28.696454012847994,False,hourly mean,3
AL082025,Humberto (2025),without_era5,2025-09-30T01:00:00+00:00,era5_max_wind,ERA5 10 m maximum,28.696454012847994,False,hourly mean,3
AL082025,Humberto (2025),without_era5,2025-09-30T02:00:00+00:00,era5_max_wind,ERA5 10 m maximum,28.00184361711403,False,hourly mean,3
AL082025,Humberto (2025),without_era5,2025-09-30T03:00:00+00:00,era5_max_wind,ERA5 10 m maximum,27.30723322138006,False,hourly mean,3
AL082025,Humberto (2025),without_era5,2025-09-30T04:00:00+00:00,era5_max_wind,ERA5 10 m maximum,26.61262282564609,False,hourly mean,3
AL082025,Humberto (2025),without_era5,2025-09-30T05:00:00+00:00,era5_max_wind,ERA5 10 m maximum,26.61262282564609,False,hourly mean,3
AL082025,Humberto (2025),without_era5,2025-09-30T06:00:00+00:00,era5_max_wind,ERA5 10 m maximum,26.61262282564609,False,hourly mean,3
AL082025,Humberto (2025),without_era5,2025-09-30T07:00:00+00:00,era5_max_wind,ERA5 10 m maximum,26.61262282564609,False,hourly mean,3
AL082025,Humberto (2025),without_era5,2025-09-30T08:00:00+00:00,era5_max_wind,ERA5 10 m maximum,26.499945937621774,False,hourly mean,3
AL082025,Humberto (2025),without_era5,2025-09-30T09:00:00+00:00,era5_max_wind,ERA5 10 m maximum,26.387269049597453,False,hourly mean,3
AL082025,Humberto (2025),without_era5,2025-09-30T10:00:00+00:00,era5_max_wind,ERA5 10 m maximum,26.27459216157314,False,hourly mean,3
AL082025,Humberto (2025),without_era5,2025-09-30T11:00:00+00:00,era5_max_wind,ERA5 10 m maximum,26.27459216157314,False,hourly mean,3
AL082025,Humberto (2025),without_era5,2025-09-30T12:00:00+00:00,era5_max_wind,ERA5 10 m maximum,26.27459216157314,False,hourly mean,3
AL082025,Humberto (2025),without_era5,2025-09-30T13:00:00+00:00,era5_max_wind,ERA5 10 m maximum,26.27459216157314,False,hourly mean,3
AL082025,Humberto (2025),without_era5,2025-09-30T14:00:00+00:00,era5_max_wind,ERA5 10 m maximum,25.349375140733514,False,hourly mean,3
AL082025,Humberto (2025),without_era5,2025-09-30T15:00:00+00:00,era5_max_wind,ERA5 10 m maximum,24.42415811989389,False,hourly mean,3
AL082025,Humberto (2025),without_era5,2025-09-30T16:00:00+00:00,era5_max_wind,ERA5 10 m maximum,23.49894109905426,False,hourly mean,3
AL082025,Humberto (2025),without_era5,2025-09-30T17:00:00+00:00,era5_max_wind,ERA5 10 m maximum,23.49894109905426,False,hourly mean,3
AL082025,Humberto (2025),without_era5,2025-09-30T18:00:00+00:00,era5_max_wind,ERA5 10 m maximum,23.49894109905426,False,hourly mean,3
AL082025,Humberto (2025),without_era5,2025-09-30T19:00:00+00:00,era5_max_wind,ERA5 10 m maximum,23.49894109905426,False,hourly mean,3
AL082025,Humberto (2025),without_era5,2025-09-30T20:00:00+00:00,era5_max_wind,ERA5 10 m maximum,23.132587363797303,False,hourly mean,3
AL082025,Humberto (2025),without_era5,2025-09-30T21:00:00+00:00,era5_max_wind,ERA5 10 m maximum,22.766233628540352,False,hourly mean,3
AL082025,Humberto (2025),without_era5,2025-09-30T22:00:00+00:00,era5_max_wind,ERA5 10 m maximum,22.3998798932834,False,hourly mean,3
AL082025,Humberto (2025),without_era5,2025-09-30T23:00:00+00:00,era5_max_wind,ERA5 10 m maximum,22.3998798932834,False,hourly mean,3
AL082025,Humberto (2025),without_era5,2025-10-01T00:00:00+00:00,era5_max_wind,ERA5 10 m maximum,22.3998798932834,False,hourly mean,3
AL082025,Humberto (2025),without_era5,2025-10-01T01:00:00+00:00,era5_max_wind,ERA5 10 m maximum,22.3998798932834,False,hourly mean,3
AL082025,Humberto (2025),without_era5,2025-10-01T02:00:00+00:00,era5_max_wind,ERA5 10 m maximum,23.72613813748991,False,hourly mean,3
AL082025,Humberto (2025),without_era5,2025-10-01T03:00:00+00:00,era5_max_wind,ERA5 10 m maximum,25.052396381696422,False,hourly mean,3
AL082025,Humberto (2025),without_era5,2025-10-01T04:00:00+00:00,era5_max_wind,ERA5 10 m maximum,26.37865462590293,False,hourly mean,3
AL082025,Humberto (2025),without_era5,2025-10-01T05:00:00+00:00,era5_max_wind,ERA5 10 m maximum,26.37865462590293,False,hourly mean,3
AL082025,Humberto (2025),without_era5,2025-10-01T06:00:00+00:00,era5_max_wind,ERA5 10 m maximum,26.37865462590293,False,hourly mean,3
AL082025,Humberto (2025),without_era5,2025-10-01T07:00:00+00:00,era5_max_wind,ERA5 10 m maximum,26.37865462590293,False,hourly mean,3
AL082025,Humberto (2025),without_era5,2025-10-01T08:00:00+00:00,era5_max_wind,ERA5 10 m maximum,25.91492733703612,False,hourly mean,3
AL082025,Humberto (2025),without_era5,2025-10-01T09:00:00+00:00,era5_max_wind,ERA5 10 m maximum,25.451200048169312,False,hourly mean,3
AL082025,Humberto (2025),without_era5,2025-10-01T10:00:00+00:00,era5_max_wind,ERA5 10 m maximum,24.987472759302502,False,hourly mean,3
AL082025,Humberto (2025),without_era5,2025-10-01T11:00:00+00:00,era5_max_wind,ERA5 10 m maximum,24.987472759302502,False,hourly mean,3
AL082025,Humberto (2025),without_era5,2025-09-24T12:00:00+00:00,latent_sar_max_wind_radii,Latent MLP · SAR · wind + radii,25.192138512929283,False,hourly mean,3
AL082025,Humberto (2025),without_era5,2025-09-24T13:00:00+00:00,latent_sar_max_wind_radii,Latent MLP · SAR · wind + radii,24.9117914835612,False,hourly mean,3
AL082025,Humberto (2025),without_era5,2025-09-24T14:00:00+00:00,latent_sar_max_wind_radii,Latent MLP · SAR · wind + radii,24.660899056328663,False,hourly mean,3
AL082025,Humberto (2025),without_era5,2025-09-24T15:00:00+00:00,latent_sar_max_wind_radii,Latent MLP · SAR · wind + radii,23.72329881456163,False,hourly mean,3
AL082025,Humberto (2025),without_era5,2025-09-24T16:00:00+00:00,latent_sar_max_wind_radii,Latent MLP · SAR · wind + radii,24.11565833621555,False,hourly mean,3
AL082025,Humberto (2025),without_era5,2025-09-24T17:00:00+00:00,latent_sar_max_wind_radii,Latent MLP · SAR · wind + radii,24.958318922254776,False,hourly mean,3
AL082025,Humberto (2025),without_era5,2025-09-24T18:00:00+00:00,latent_sar_max_wind_radii,Latent MLP · SAR · wind + radii,25.755025227864582,False,hourly mean,3
AL082025,Humberto (2025),without_era5,2025-09-24T19:00:00+00:00,latent_sar_max_wind_radii,Latent MLP · SAR · wind + radii,25.218125873141815,False,hourly mean,3
AL082025,Humberto (2025),without_era5,2025-09-24T20:00:00+00:00,latent_sar_max_wind_radii,Latent MLP · SAR · wind + radii,25.157581011454266,False,hourly mean,3
AL082025,Humberto (2025),without_era5,2025-09-24T21:00:00+00:00,latent_sar_max_wind_radii,Latent MLP · SAR · wind + radii,25.226670900980633,False,hourly mean,3
AL082025,Humberto (2025),without_era5,2025-09-24T22:00:00+00:00,latent_sar_max_wind_radii,Latent MLP · SAR · wind + radii,25.082416428460018,False,hourly mean,3
AL082025,Humberto (2025),without_era5,2025-09-24T23:00:00+00:00,latent_sar_max_wind_radii,Latent MLP · SAR · wind + radii,23.98897425333659,False,hourly mean,3
AL082025,Humberto (2025),without_era5,2025-09-25T00:00:00+00:00,latent_sar_max_wind_radii,Latent MLP · SAR · wind + radii,23.314680841233994,False,hourly mean,3
AL082025,Humberto (2025),without_era5,2025-09-25T01:00:00+00:00,latent_sar_max_wind_radii,Latent MLP · SAR · wind + radii,23.554421001010468,False,hourly mean,3
AL082025,Humberto (2025),without_era5,2025-09-25T02:00:00+00:00,latent_sar_max_wind_radii,Latent MLP · SAR · wind + radii,24.962280167473683,False,hourly mean,3
AL082025,Humberto (2025),without_era5,2025-09-25T03:00:00+00:00,latent_sar_max_wind_radii,Latent MLP · SAR · wind + radii,27.645301077100967,False,hourly mean,3
AL082025,Humberto (2025),without_era5,2025-09-25T04:00:00+00:00,latent_sar_max_wind_radii,Latent MLP · SAR · wind + radii,28.958410157097706,False,hourly mean,3
AL082025,Humberto (2025),without_era5,2025-09-25T05:00:00+00:00,latent_sar_max_wind_radii,Latent MLP · SAR · wind + radii,27.78423362308078,False,hourly mean,3
AL082025,Humberto (2025),without_era5,2025-09-25T06:00:00+00:00,latent_sar_max_wind_radii,Latent MLP · SAR · wind + radii,25.71163495381673,False,hourly mean,3
AL082025,Humberto (2025),without_era5,2025-09-25T07:00:00+00:00,latent_sar_max_wind_radii,Latent MLP · SAR · wind + radii,25.315942340426975,False,hourly mean,3
AL082025,Humberto (2025),without_era5,2025-09-25T08:00:00+00:00,latent_sar_max_wind_radii,Latent MLP · SAR · wind + radii,25.382444593641495,False,hourly mean,3
AL082025,Humberto (2025),without_era5,2025-09-25T09:00:00+00:00,latent_sar_max_wind_radii,Latent MLP · SAR · wind + radii,28.924420568678112,False,hourly mean,3
AL082025,Humberto (2025),without_era5,2025-09-25T10:00:00+00:00,latent_sar_max_wind_radii,Latent MLP · SAR · wind + radii,31.529202249315045,False,hourly mean,3
AL082025,Humberto (2025),without_era5,2025-09-25T11:00:00+00:00,latent_sar_max_wind_radii,Latent MLP · SAR · wind + radii,36.048403633965385,False,hourly mean,3
AL082025,Humberto (2025),without_era5,2025-09-25T12:00:00+00:00,latent_sar_max_wind_radii,Latent MLP · SAR · wind + radii,36.41096475389269,False,hourly mean,3
AL082025,Humberto (2025),without_era5,2025-09-25T13:00:00+00:00,latent_sar_max_wind_radii,Latent MLP · SAR · wind + radii,37.67520713806153,False,hourly mean,3
AL082025,Humberto (2025),without_era5,2025-09-25T14:00:00+00:00,latent_sar_max_wind_radii,Latent MLP · SAR · wind + radii,37.820339626736114,False,hourly mean,3
AL082025,Humberto (2025),without_era5,2025-09-25T15:00:00+00:00,latent_sar_max_wind_radii,Latent MLP · SAR · wind + radii,40.0669436984592,False,hourly mean,3
AL082025,Humberto (2025),without_era5,2025-09-25T16:00:00+00:00,latent_sar_max_wind_radii,Latent MLP · SAR · wind + radii,40.53795093960232,False,hourly mean,3
AL082025,Humberto (2025),without_era5,2025-09-25T17:00:00+00:00,latent_sar_max_wind_radii,Latent MLP · SAR · wind + radii,40.993458853827576,False,hourly mean,3
AL082025,Humberto (2025),without_era5,2025-09-25T18:00:00+00:00,latent_sar_max_wind_radii,Latent MLP · SAR · wind + radii,37.01042101118299,False,hourly mean,3
AL082025,Humberto (2025),without_era5,2025-09-25T19:00:00+00:00,latent_sar_max_wind_radii,Latent MLP · SAR · wind + radii,34.060146967569985,False,hourly mean,3
AL082025,Humberto (2025),without_era5,2025-09-25T20:00:00+00:00,latent_sar_max_wind_radii,Latent MLP · SAR · wind + radii,29.545613606770832,False,hourly mean,3
AL082025,Humberto (2025),without_era5,2025-09-25T21:00:00+00:00,latent_sar_max_wind_radii,Latent MLP · SAR · wind + radii,27.746635754903156,False,hourly mean,3
AL082025,Humberto (2025),without_era5,2025-09-25T22:00:00+00:00,latent_sar_max_wind_radii,Latent MLP · SAR · wind + radii,25.511099497477215,False,hourly mean,3
AL082025,Humberto (2025),without_era5,2025-09-25T23:00:00+00:00,latent_sar_max_wind_radii,Latent MLP · SAR · wind + radii,25.430002848307293,False,hourly mean,3
AL082025,Humberto (2025),without_era5,2025-09-26T00:00:00+00:00,latent_sar_max_wind_radii,Latent MLP · SAR · wind + radii,25.214226404825848,False,hourly mean,3
AL082025,Humberto (2025),without_era5,2025-09-26T01:00:00+00:00,latent_sar_max_wind_radii,Latent MLP · SAR · wind + radii,26.01077641381158,False,hourly mean,3
AL082025,Humberto (2025),without_era5,2025-09-26T02:00:00+00:00,latent_sar_max_wind_radii,Latent MLP · SAR · wind + radii,27.019936561584473,False,hourly mean,3
AL082025,Humberto (2025),without_era5,2025-09-26T03:00:00+00:00,latent_sar_max_wind_radii,Latent MLP · SAR · wind + radii,27.293166478474934,False,hourly mean,3
AL082025,Humberto (2025),without_era5,2025-09-26T04:00:00+00:00,latent_sar_max_wind_radii,Latent MLP · SAR · wind + radii,29.760640144348145,False,hourly mean,3
AL082025,Humberto (2025),without_era5,2025-09-26T05:00:00+00:00,latent_sar_max_wind_radii,Latent MLP · SAR · wind + radii,38.357456313239204,False,hourly mean,3
AL082025,Humberto (2025),without_era5,2025-09-26T06:00:00+00:00,latent_sar_max_wind_radii,Latent MLP · SAR · wind + radii,45.24220191107856,False,hourly mean,3
AL082025,Humberto (2025),without_era5,2025-09-26T07:00:00+00:00,latent_sar_max_wind_radii,Latent MLP · SAR · wind + radii,50.335609436035156,False,hourly mean,3
AL082025,Humberto (2025),without_era5,2025-09-26T08:00:00+00:00,latent_sar_max_wind_radii,Latent MLP · SAR · wind + radii,47.594525231255425,False,hourly mean,3
AL082025,Humberto (2025),without_era5,2025-09-26T09:00:00+00:00,latent_sar_max_wind_radii,Latent MLP · SAR · wind + radii,47.503366682264534,False,hourly mean,3
AL082025,Humberto (2025),without_era5,2025-09-26T10:00:00+00:00,latent_sar_max_wind_radii,Latent MLP · SAR · wind + radii,46.794626235961914,False,hourly mean,3
AL082025,Humberto (2025),without_era5,2025-09-26T11:00:00+00:00,latent_sar_max_wind_radii,Latent MLP · SAR · wind + radii,49.84595489501953,False,hourly mean,3
AL082025,Humberto (2025),without_era5,2025-09-26T12:00:00+00:00,latent_sar_max_wind_radii,Latent MLP · SAR · wind + radii,49.2356997595893,True,hourly mean,3
AL082025,Humberto (2025),without_era5,2025-09-26T13:00:00+00:00,latent_sar_max_wind_radii,Latent MLP · SAR · wind + radii,51.329220665825744,True,hourly mean,3
AL082025,Humberto (2025),without_era5,2025-09-26T14:00:00+00:00,latent_sar_max_wind_radii,Latent MLP · SAR · wind + radii,50.579293992784294,True,hourly mean,3
AL082025,Humberto (2025),without_era5,2025-09-26T15:00:00+00:00,latent_sar_max_wind_radii,Latent MLP · SAR · wind + radii,51.751868142022026,True,hourly mean,3
AL082025,Humberto (2025),without_era5,2025-09-26T16:00:00+00:00,latent_sar_max_wind_radii,Latent MLP · SAR · wind + radii,51.627131356133354,True,hourly mean,3
AL082025,Humberto (2025),without_era5,2025-09-26T17:00:00+00:00,latent_sar_max_wind_radii,Latent MLP · SAR · wind + radii,53.08240403069391,True,hourly mean,3
AL082025,Humberto (2025),without_era5,2025-09-26T18:00:00+00:00,latent_sar_max_wind_radii,Latent MLP · SAR · wind + radii,55.96988042195638,True,hourly mean,3
AL082025,Humberto (2025),without_era5,2025-09-26T19:00:00+00:00,latent_sar_max_wind_radii,Latent MLP · SAR · wind + radii,58.70158259073893,True,hourly mean,3
AL082025,Humberto (2025),without_era5,2025-09-26T20:00:00+00:00,latent_sar_max_wind_radii,Latent MLP · SAR · wind + radii,60.52186139424642,True,hourly mean,3
AL082025,Humberto (2025),without_era5,2025-09-26T21:00:00+00:00,latent_sar_max_wind_radii,Latent MLP · SAR · wind + radii,64.13179016113281,True,hourly mean,3
AL082025,Humberto (2025),without_era5,2025-09-26T22:00:00+00:00,latent_sar_max_wind_radii,Latent MLP · SAR · wind + radii,63.916899787055115,True,hourly mean,3
AL082025,Humberto (2025),without_era5,2025-09-26T23:00:00+00:00,latent_sar_max_wind_radii,Latent MLP · SAR · wind + radii,63.01486502753363,True,hourly mean,3
AL082025,Humberto (2025),without_era5,2025-09-27T00:00:00+00:00,latent_sar_max_wind_radii,Latent MLP · SAR · wind + radii,61.96874131096734,True,hourly mean,3
AL082025,Humberto (2025),without_era5,2025-09-27T01:00:00+00:00,latent_sar_max_wind_radii,Latent MLP · SAR · wind + radii,62.75181664360894,True,hourly mean,3
AL082025,Humberto (2025),without_era5,2025-09-27T02:00:00+00:00,latent_sar_max_wind_radii,Latent MLP · SAR · wind + radii,62.96432579888238,True,hourly mean,3
AL082025,Humberto (2025),without_era5,2025-09-27T03:00:00+00:00,latent_sar_max_wind_radii,Latent MLP · SAR · wind + radii,62.59714847140842,True,hourly mean,3
AL082025,Humberto (2025),without_era5,2025-09-27T04:00:00+00:00,latent_sar_max_wind_radii,Latent MLP · SAR · wind + radii,62.7876705593533,True,hourly mean,3
AL082025,Humberto (2025),without_era5,2025-09-27T05:00:00+00:00,latent_sar_max_wind_radii,Latent MLP · SAR · wind + radii,63.1866438123915,True,hourly mean,3
AL082025,Humberto (2025),without_era5,2025-09-27T06:00:00+00:00,latent_sar_max_wind_radii,Latent MLP · SAR · wind + radii,61.92754109700521,True,hourly mean,3
AL082025,Humberto (2025),without_era5,2025-09-27T07:00:00+00:00,latent_sar_max_wind_radii,Latent MLP · SAR · wind + radii,61.26126141018337,True,hourly mean,3
AL082025,Humberto (2025),without_era5,2025-09-27T08:00:00+00:00,latent_sar_max_wind_radii,Latent MLP · SAR · wind + radii,60.62285380893283,True,hourly mean,3
AL082025,Humberto (2025),without_era5,2025-09-27T09:00:00+00:00,latent_sar_max_wind_radii,Latent MLP · SAR · wind + radii,61.707974116007485,True,hourly mean,3
AL082025,Humberto (2025),without_era5,2025-09-27T10:00:00+00:00,latent_sar_max_wind_radii,Latent MLP · SAR · wind + radii,62.96012073092991,True,hourly mean,3
AL082025,Humberto (2025),without_era5,2025-09-27T11:00:00+00:00,latent_sar_max_wind_radii,Latent MLP · SAR · wind + radii,65.22941907246907,True,hourly mean,3
AL082025,Humberto (2025),without_era5,2025-09-27T12:00:00+00:00,latent_sar_max_wind_radii,Latent MLP · SAR · wind + radii,67.03728315565321,True,hourly mean,3
AL082025,Humberto (2025),without_era5,2025-09-27T13:00:00+00:00,latent_sar_max_wind_radii,Latent MLP · SAR · wind + radii,67.07784016927084,True,hourly mean,3
AL082025,Humberto (2025),without_era5,2025-09-27T14:00:00+00:00,latent_sar_max_wind_radii,Latent MLP · SAR · wind + radii,67.48811213175458,True,hourly mean,3
AL082025,Humberto (2025),without_era5,2025-09-27T15:00:00+00:00,latent_sar_max_wind_radii,Latent MLP · SAR · wind + radii,68.12610159979927,True,hourly mean,3
AL082025,Humberto (2025),without_era5,2025-09-27T16:00:00+00:00,latent_sar_max_wind_radii,Latent MLP · SAR · wind + radii,70.19440121120877,True,hourly mean,3
AL082025,Humberto (2025),without_era5,2025-09-27T17:00:00+00:00,latent_sar_max_wind_radii,Latent MLP · SAR · wind + radii,71.36978954739043,True,hourly mean,3
AL082025,Humberto (2025),without_era5,2025-09-27T18:00:00+00:00,latent_sar_max_wind_radii,Latent MLP · SAR · wind + radii,72.14540481567384,True,hourly mean,3
AL082025,Humberto (2025),without_era5,2025-09-27T19:00:00+00:00,latent_sar_max_wind_radii,Latent MLP · SAR · wind + radii,72.56389194064671,True,hourly mean,3
AL082025,Humberto (2025),without_era5,2025-09-27T20:00:00+00:00,latent_sar_max_wind_radii,Latent MLP · SAR · wind + radii,72.96140204535591,True,hourly mean,3
AL082025,Humberto (2025),without_era5,2025-09-27T21:00:00+00:00,latent_sar_max_wind_radii,Latent MLP · SAR · wind + radii,73.28403176201715,True,hourly mean,3
AL082025,Humberto (2025),without_era5,2025-09-27T22:00:00+00:00,latent_sar_max_wind_radii,Latent MLP · SAR · wind + radii,73.4124510023329,True,hourly mean,3
AL082025,Humberto (2025),without_era5,2025-09-27T23:00:00+00:00,latent_sar_max_wind_radii,Latent MLP · SAR · wind + radii,73.29158486260309,False,hourly mean,3
AL082025,Humberto (2025),without_era5,2025-09-28T00:00:00+00:00,latent_sar_max_wind_radii,Latent MLP · SAR · wind + radii,72.99327892727324,False,hourly mean,3
AL082025,Humberto (2025),without_era5,2025-09-28T01:00:00+00:00,latent_sar_max_wind_radii,Latent MLP · SAR · wind + radii,72.0331899854872,False,hourly mean,3
AL082025,Humberto (2025),without_era5,2025-09-28T02:00:00+00:00,latent_sar_max_wind_radii,Latent MLP · SAR · wind + radii,70.74434661865236,False,hourly mean,3
AL082025,Humberto (2025),without_era5,2025-09-28T03:00:00+00:00,latent_sar_max_wind_radii,Latent MLP · SAR · wind + radii,68.98448265923395,False,hourly mean,3
AL082025,Humberto (2025),without_era5,2025-09-28T04:00:00+00:00,latent_sar_max_wind_radii,Latent MLP · SAR · wind + radii,68.55494096544054,False,hourly mean,3
AL082025,Humberto (2025),without_era5,2025-09-28T05:00:00+00:00,latent_sar_max_wind_radii,Latent MLP · SAR · wind + radii,68.3604367574056,False,hourly mean,3
AL082025,Humberto (2025),without_era5,2025-09-28T06:00:00+00:00,latent_sar_max_wind_radii,Latent MLP · SAR · wind + radii,68.45990456475153,False,hourly mean,3
AL082025,Humberto (2025),without_era5,2025-09-28T07:00:00+00:00,latent_sar_max_wind_radii,Latent MLP · SAR · wind + radii,66.80024740431044,False,hourly mean,3
AL082025,Humberto (2025),without_era5,2025-09-28T08:00:00+00:00,latent_sar_max_wind_radii,Latent MLP · SAR · wind + radii,64.38907284206816,False,hourly mean,3
AL082025,Humberto (2025),without_era5,2025-09-28T09:00:00+00:00,latent_sar_max_wind_radii,Latent MLP · SAR · wind + radii,62.09371778700088,False,hourly mean,3
AL082025,Humberto (2025),without_era5,2025-09-28T10:00:00+00:00,latent_sar_max_wind_radii,Latent MLP · SAR · wind + radii,61.5969058142768,False,hourly mean,3
AL082025,Humberto (2025),without_era5,2025-09-28T11:00:00+00:00,latent_sar_max_wind_radii,Latent MLP · SAR · wind + radii,60.26328786214193,False,hourly mean,3
AL082025,Humberto (2025),without_era5,2025-09-28T12:00:00+00:00,latent_sar_max_wind_radii,Latent MLP · SAR · wind + radii,60.530945460001625,False,hourly mean,3
AL082025,Humberto (2025),without_era5,2025-09-28T13:00:00+00:00,latent_sar_max_wind_radii,Latent MLP · SAR · wind + radii,60.52439181009928,False,hourly mean,3
AL082025,Humberto (2025),without_era5,2025-09-28T14:00:00+00:00,latent_sar_max_wind_radii,Latent MLP · SAR · wind + radii,62.408983654446075,False,hourly mean,3
AL082025,Humberto (2025),without_era5,2025-09-28T15:00:00+00:00,latent_sar_max_wind_radii,Latent MLP · SAR · wind + radii,63.32568211025662,False,hourly mean,3
AL082025,Humberto (2025),without_era5,2025-09-28T16:00:00+00:00,latent_sar_max_wind_radii,Latent MLP · SAR · wind + radii,64.2106490665012,False,hourly mean,3
AL082025,Humberto (2025),without_era5,2025-09-28T17:00:00+00:00,latent_sar_max_wind_radii,Latent MLP · SAR · wind + radii,64.63247765435113,False,hourly mean,3
AL082025,Humberto (2025),without_era5,2025-09-28T18:00:00+00:00,latent_sar_max_wind_radii,Latent MLP · SAR · wind + radii,66.37572034200033,False,hourly mean,3
AL082025,Humberto (2025),without_era5,2025-09-28T19:00:00+00:00,latent_sar_max_wind_radii,Latent MLP · SAR · wind + radii,66.90570471021864,False,hourly mean,3
AL082025,Humberto (2025),without_era5,2025-09-28T20:00:00+00:00,latent_sar_max_wind_radii,Latent MLP · SAR · wind + radii,69.16834598117406,False,hourly mean,3
AL082025,Humberto (2025),without_era5,2025-09-28T21:00:00+00:00,latent_sar_max_wind_radii,Latent MLP · SAR · wind + radii,67.81432999504938,False,hourly mean,3
AL082025,Humberto (2025),without_era5,2025-09-28T22:00:00+00:00,latent_sar_max_wind_radii,Latent MLP · SAR · wind + radii,66.89807022942438,False,hourly mean,3
AL082025,Humberto (2025),without_era5,2025-09-28T23:00:00+00:00,latent_sar_max_wind_radii,Latent MLP · SAR · wind + radii,63.4745322333442,False,hourly mean,3
AL082025,Humberto (2025),without_era5,2025-09-29T00:00:00+00:00,latent_sar_max_wind_radii,Latent MLP · SAR · wind + radii,62.44721624586318,False,hourly mean,3
AL082025,Humberto (2025),without_era5,2025-09-29T01:00:00+00:00,latent_sar_max_wind_radii,Latent MLP · SAR · wind + radii,61.426617092556434,False,hourly mean,3
AL082025,Humberto (2025),without_era5,2025-09-29T02:00:00+00:00,latent_sar_max_wind_radii,Latent MLP · SAR · wind + radii,62.29456732008193,False,hourly mean,3
AL082025,Humberto (2025),without_era5,2025-09-29T03:00:00+00:00,latent_sar_max_wind_radii,Latent MLP · SAR · wind + radii,58.58029556274415,False,hourly mean,3
AL082025,Humberto (2025),without_era5,2025-09-29T04:00:00+00:00,latent_sar_max_wind_radii,Latent MLP · SAR · wind + radii,54.89445728725858,False,hourly mean,3
AL082025,Humberto (2025),without_era5,2025-09-29T05:00:00+00:00,latent_sar_max_wind_radii,Latent MLP · SAR · wind + radii,50.84331364101835,False,hourly mean,3
AL082025,Humberto (2025),without_era5,2025-09-29T06:00:00+00:00,latent_sar_max_wind_radii,Latent MLP · SAR · wind + radii,48.48352029588489,False,hourly mean,3
AL082025,Humberto (2025),without_era5,2025-09-29T07:00:00+00:00,latent_sar_max_wind_radii,Latent MLP · SAR · wind + radii,45.58053546481663,False,hourly mean,3
AL082025,Humberto (2025),without_era5,2025-09-29T08:00:00+00:00,latent_sar_max_wind_radii,Latent MLP · SAR · wind + radii,46.5819755130344,False,hourly mean,3
AL082025,Humberto (2025),without_era5,2025-09-29T09:00:00+00:00,latent_sar_max_wind_radii,Latent MLP · SAR · wind + radii,47.60348065694174,False,hourly mean,3
AL082025,Humberto (2025),without_era5,2025-09-29T10:00:00+00:00,latent_sar_max_wind_radii,Latent MLP · SAR · wind + radii,50.38361358642579,False,hourly mean,3
AL082025,Humberto (2025),without_era5,2025-09-29T11:00:00+00:00,latent_sar_max_wind_radii,Latent MLP · SAR · wind + radii,47.233433829413535,False,hourly mean,3
AL082025,Humberto (2025),without_era5,2025-09-29T12:00:00+00:00,latent_sar_max_wind_radii,Latent MLP · SAR · wind + radii,47.62287203470867,False,hourly mean,3
AL082025,Humberto (2025),without_era5,2025-09-29T13:00:00+00:00,latent_sar_max_wind_radii,Latent MLP · SAR · wind + radii,50.05122248331707,False,hourly mean,3
AL082025,Humberto (2025),without_era5,2025-09-29T14:00:00+00:00,latent_sar_max_wind_radii,Latent MLP · SAR · wind + radii,51.996980667114265,False,hourly mean,3
AL082025,Humberto (2025),without_era5,2025-09-29T15:00:00+00:00,latent_sar_max_wind_radii,Latent MLP · SAR · wind + radii,50.74980672200522,False,hourly mean,3
AL082025,Humberto (2025),without_era5,2025-09-29T16:00:00+00:00,latent_sar_max_wind_radii,Latent MLP · SAR · wind + radii,46.92497613694934,False,hourly mean,3
AL082025,Humberto (2025),without_era5,2025-09-29T17:00:00+00:00,latent_sar_max_wind_radii,Latent MLP · SAR · wind + radii,44.58879809909397,False,hourly mean,3
AL082025,Humberto (2025),without_era5,2025-09-29T18:00:00+00:00,latent_sar_max_wind_radii,Latent MLP · SAR · wind + radii,43.185629950629355,False,hourly mean,3
AL082025,Humberto (2025),without_era5,2025-09-29T19:00:00+00:00,latent_sar_max_wind_radii,Latent MLP · SAR · wind + radii,40.7675755818685,False,hourly mean,3
AL082025,Humberto (2025),without_era5,2025-09-29T20:00:00+00:00,latent_sar_max_wind_radii,Latent MLP · SAR · wind + radii,40.53598658243816,False,hourly mean,3
AL082025,Humberto (2025),without_era5,2025-09-29T21:00:00+00:00,latent_sar_max_wind_radii,Latent MLP · SAR · wind + radii,37.59269120958117,False,hourly mean,3
AL082025,Humberto (2025),without_era5,2025-09-29T22:00:00+00:00,latent_sar_max_wind_radii,Latent MLP · SAR · wind + radii,33.16545550028484,False,hourly mean,3
AL082025,Humberto (2025),without_era5,2025-09-29T23:00:00+00:00,latent_sar_max_wind_radii,Latent MLP · SAR · wind + radii,28.715200424194347,False,hourly mean,3
AL082025,Humberto (2025),without_era5,2025-09-30T00:00:00+00:00,latent_sar_max_wind_radii,Latent MLP · SAR · wind + radii,27.288320753309474,False,hourly mean,3
AL082025,Humberto (2025),without_era5,2025-09-30T01:00:00+00:00,latent_sar_max_wind_radii,Latent MLP · SAR · wind + radii,26.9780059390598,False,hourly mean,3
AL082025,Humberto (2025),without_era5,2025-09-30T02:00:00+00:00,latent_sar_max_wind_radii,Latent MLP · SAR · wind + radii,25.859402868482814,False,hourly mean,3
AL082025,Humberto (2025),without_era5,2025-09-30T03:00:00+00:00,latent_sar_max_wind_radii,Latent MLP · SAR · wind + radii,25.11194843716093,False,hourly mean,3
AL082025,Humberto (2025),without_era5,2025-09-30T04:00:00+00:00,latent_sar_max_wind_radii,Latent MLP · SAR · wind + radii,24.774659156799327,False,hourly mean,3
AL082025,Humberto (2025),without_era5,2025-09-30T05:00:00+00:00,latent_sar_max_wind_radii,Latent MLP · SAR · wind + radii,23.535709804958774,False,hourly mean,3
AL082025,Humberto (2025),without_era5,2025-09-30T06:00:00+00:00,latent_sar_max_wind_radii,Latent MLP · SAR · wind + radii,23.185259924994586,False,hourly mean,3
AL082025,Humberto (2025),without_era5,2025-09-30T07:00:00+00:00,latent_sar_max_wind_radii,Latent MLP · SAR · wind + radii,23.621000501844623,False,hourly mean,3
AL082025,Humberto (2025),without_era5,2025-09-30T08:00:00+00:00,latent_sar_max_wind_radii,Latent MLP · SAR · wind + radii,24.23501798841689,False,hourly mean,3
AL082025,Humberto (2025),without_era5,2025-09-30T09:00:00+00:00,latent_sar_max_wind_radii,Latent MLP · SAR · wind + radii,24.089359092712414,False,hourly mean,3
AL082025,Humberto (2025),without_era5,2025-09-30T10:00:00+00:00,latent_sar_max_wind_radii,Latent MLP · SAR · wind + radii,24.177612855699337,False,hourly mean,3
AL082025,Humberto (2025),without_era5,2025-09-30T11:00:00+00:00,latent_sar_max_wind_radii,Latent MLP · SAR · wind + radii,25.006278906928177,False,hourly mean,3
AL082025,Humberto (2025),without_era5,2025-09-30T12:00:00+00:00,latent_sar_max_wind_radii,Latent MLP · SAR · wind + radii,25.994139989217132,False,hourly mean,3
AL082025,Humberto (2025),without_era5,2025-09-30T13:00:00+00:00,latent_sar_max_wind_radii,Latent MLP · SAR · wind + radii,27.262977600097667,False,hourly mean,3
AL082025,Humberto (2025),without_era5,2025-09-30T14:00:00+00:00,latent_sar_max_wind_radii,Latent MLP · SAR · wind + radii,28.614714410569945,False,hourly mean,3
AL082025,Humberto (2025),without_era5,2025-09-30T15:00:00+00:00,latent_sar_max_wind_radii,Latent MLP · SAR · wind + radii,29.707230356004512,False,hourly mean,3
AL082025,Humberto (2025),without_era5,2025-09-30T16:00:00+00:00,latent_sar_max_wind_radii,Latent MLP · SAR · wind + radii,29.344971444871703,False,hourly mean,3
AL082025,Humberto (2025),without_era5,2025-09-30T17:00:00+00:00,latent_sar_max_wind_radii,Latent MLP · SAR · wind + radii,27.764117346869583,False,hourly mean,3
AL082025,Humberto (2025),without_era5,2025-09-30T18:00:00+00:00,latent_sar_max_wind_radii,Latent MLP · SAR · wind + radii,26.359594768948032,False,hourly mean,3
AL082025,Humberto (2025),without_era5,2025-09-30T19:00:00+00:00,latent_sar_max_wind_radii,Latent MLP · SAR · wind + radii,25.961087650722934,False,hourly mean,3
AL082025,Humberto (2025),without_era5,2025-09-30T20:00:00+00:00,latent_sar_max_wind_radii,Latent MLP · SAR · wind + radii,25.227740817599837,False,hourly mean,3
AL082025,Humberto (2025),without_era5,2025-09-30T21:00:00+00:00,latent_sar_max_wind_radii,Latent MLP · SAR · wind + radii,24.683048248291026,False,hourly mean,3
AL082025,Humberto (2025),without_era5,2025-09-30T22:00:00+00:00,latent_sar_max_wind_radii,Latent MLP · SAR · wind + radii,23.683689011467838,False,hourly mean,3
AL082025,Humberto (2025),without_era5,2025-09-30T23:00:00+00:00,latent_sar_max_wind_radii,Latent MLP · SAR · wind + radii,23.468886693318694,False,hourly mean,3
AL082025,Humberto (2025),without_era5,2025-10-01T00:00:00+00:00,latent_sar_max_wind_radii,Latent MLP · SAR · wind + radii,23.25862693786622,False,hourly mean,3
AL082025,Humberto (2025),without_era5,2025-10-01T01:00:00+00:00,latent_sar_max_wind_radii,Latent MLP · SAR · wind + radii,23.864919132656528,False,hourly mean,3
AL082025,Humberto (2025),without_era5,2025-10-01T02:00:00+00:00,latent_sar_max_wind_radii,Latent MLP · SAR · wind + radii,24.755241817898227,False,hourly mean,3
AL082025,Humberto (2025),without_era5,2025-10-01T03:00:00+00:00,latent_sar_max_wind_radii,Latent MLP · SAR · wind + radii,25.580206976996536,False,hourly mean,3
AL082025,Humberto (2025),without_era5,2025-10-01T04:00:00+00:00,latent_sar_max_wind_radii,Latent MLP · SAR · wind + radii,26.35852485232884,False,hourly mean,3
AL082025,Humberto (2025),without_era5,2025-10-01T05:00:00+00:00,latent_sar_max_wind_radii,Latent MLP · SAR · wind + radii,28.53412151336671,False,hourly mean,3
AL082025,Humberto (2025),without_era5,2025-10-01T06:00:00+00:00,latent_sar_max_wind_radii,Latent MLP · SAR · wind + radii,29.39213996463353,False,hourly mean,3
AL082025,Humberto (2025),without_era5,2025-10-01T07:00:00+00:00,latent_sar_max_wind_radii,Latent MLP · SAR · wind + radii,30.05094485812718,False,hourly mean,3
AL082025,Humberto (2025),without_era5,2025-10-01T08:00:00+00:00,latent_sar_max_wind_radii,Latent MLP · SAR · wind + radii,28.6838107638889,False,hourly mean,3
AL082025,Humberto (2025),without_era5,2025-10-01T09:00:00+00:00,latent_sar_max_wind_radii,Latent MLP · SAR · wind + radii,29.076420360141338,False,hourly mean,3
AL082025,Humberto (2025),without_era5,2025-10-01T10:00:00+00:00,latent_sar_max_wind_radii,Latent MLP · SAR · wind + radii,30.25463242001005,False,hourly mean,3
AL082025,Humberto (2025),without_era5,2025-10-01T11:00:00+00:00,latent_sar_max_wind_radii,Latent MLP · SAR · wind + radii,31.226454734802267,False,hourly mean,3
AL082025,Humberto (2025),without_era5,2025-09-24T12:00:00+00:00,latent_no_sar_max_wind_radii,Latent MLP · no SAR · wind + radii,23.779225826263428,False,hourly mean,3
AL082025,Humberto (2025),without_era5,2025-09-24T13:00:00+00:00,latent_no_sar_max_wind_radii,Latent MLP · no SAR · wind + radii,22.735517607794865,False,hourly mean,3
AL082025,Humberto (2025),without_era5,2025-09-24T14:00:00+00:00,latent_no_sar_max_wind_radii,Latent MLP · no SAR · wind + radii,22.10355144076877,False,hourly mean,3
AL082025,Humberto (2025),without_era5,2025-09-24T15:00:00+00:00,latent_no_sar_max_wind_radii,Latent MLP · no SAR · wind + radii,21.71618111928304,False,hourly mean,3
AL082025,Humberto (2025),without_era5,2025-09-24T16:00:00+00:00,latent_no_sar_max_wind_radii,Latent MLP · no SAR · wind + radii,23.249675432840984,False,hourly mean,3
AL082025,Humberto (2025),without_era5,2025-09-24T17:00:00+00:00,latent_no_sar_max_wind_radii,Latent MLP · no SAR · wind + radii,23.909198549058704,False,hourly mean,3
AL082025,Humberto (2025),without_era5,2025-09-24T18:00:00+00:00,latent_no_sar_max_wind_radii,Latent MLP · no SAR · wind + radii,25.222991625467937,False,hourly mean,3
AL082025,Humberto (2025),without_era5,2025-09-24T19:00:00+00:00,latent_no_sar_max_wind_radii,Latent MLP · no SAR · wind + radii,24.5773040983412,False,hourly mean,3
AL082025,Humberto (2025),without_era5,2025-09-24T20:00:00+00:00,latent_no_sar_max_wind_radii,Latent MLP · no SAR · wind + radii,23.655837694803875,False,hourly mean,3
AL082025,Humberto (2025),without_era5,2025-09-24T21:00:00+00:00,latent_no_sar_max_wind_radii,Latent MLP · no SAR · wind + radii,21.249778111775715,False,hourly mean,3
AL082025,Humberto (2025),without_era5,2025-09-24T22:00:00+00:00,latent_no_sar_max_wind_radii,Latent MLP · no SAR · wind + radii,19.732222345140247,False,hourly mean,3
AL082025,Humberto (2025),without_era5,2025-09-24T23:00:00+00:00,latent_no_sar_max_wind_radii,Latent MLP · no SAR · wind + radii,19.490431149800617,False,hourly mean,3
AL082025,Humberto (2025),without_era5,2025-09-25T00:00:00+00:00,latent_no_sar_max_wind_radii,Latent MLP · no SAR · wind + radii,19.9072167078654,False,hourly mean,3
AL082025,Humberto (2025),without_era5,2025-09-25T01:00:00+00:00,latent_no_sar_max_wind_radii,Latent MLP · no SAR · wind + radii,20.617360432942707,False,hourly mean,3
AL082025,Humberto (2025),without_era5,2025-09-25T02:00:00+00:00,latent_no_sar_max_wind_radii,Latent MLP · no SAR · wind + radii,20.728703286912708,False,hourly mean,3
AL082025,Humberto (2025),without_era5,2025-09-25T03:00:00+00:00,latent_no_sar_max_wind_radii,Latent MLP · no SAR · wind + radii,20.519729508294002,False,hourly mean,3
AL082025,Humberto (2025),without_era5,2025-09-25T04:00:00+00:00,latent_no_sar_max_wind_radii,Latent MLP · no SAR · wind + radii,20.201828532748753,False,hourly mean,3
AL082025,Humberto (2025),without_era5,2025-09-25T05:00:00+00:00,latent_no_sar_max_wind_radii,Latent MLP · no SAR · wind + radii,19.663630803426106,False,hourly mean,3
AL082025,Humberto (2025),without_era5,2025-09-25T06:00:00+00:00,latent_no_sar_max_wind_radii,Latent MLP · no SAR · wind + radii,20.066275172763397,False,hourly mean,3
AL082025,Humberto (2025),without_era5,2025-09-25T07:00:00+00:00,latent_no_sar_max_wind_radii,Latent MLP · no SAR · wind + radii,20.65701855553521,False,hourly mean,3
AL082025,Humberto (2025),without_era5,2025-09-25T08:00:00+00:00,latent_no_sar_max_wind_radii,Latent MLP · no SAR · wind + radii,22.390114148457844,False,hourly mean,3
AL082025,Humberto (2025),without_era5,2025-09-25T09:00:00+00:00,latent_no_sar_max_wind_radii,Latent MLP · no SAR · wind + radii,25.21327665117052,False,hourly mean,3
AL082025,Humberto (2025),without_era5,2025-09-25T10:00:00+00:00,latent_no_sar_max_wind_radii,Latent MLP · no SAR · wind + radii,27.853259086608887,False,hourly mean,3
AL082025,Humberto (2025),without_era5,2025-09-25T11:00:00+00:00,latent_no_sar_max_wind_radii,Latent MLP · no SAR · wind + radii,32.94660970899794,False,hourly mean,3
AL082025,Humberto (2025),without_era5,2025-09-25T12:00:00+00:00,latent_no_sar_max_wind_radii,Latent MLP · no SAR · wind + radii,34.083955658806694,False,hourly mean,3
AL082025,Humberto (2025),without_era5,2025-09-25T13:00:00+00:00,latent_no_sar_max_wind_radii,Latent MLP · no SAR · wind + radii,35.03565491570367,False,hourly mean,3
AL082025,Humberto (2025),without_era5,2025-09-25T14:00:00+00:00,latent_no_sar_max_wind_radii,Latent MLP · no SAR · wind + radii,32.62696976131863,False,hourly mean,3
AL082025,Humberto (2025),without_era5,2025-09-25T15:00:00+00:00,latent_no_sar_max_wind_radii,Latent MLP · no SAR · wind + radii,31.531259536743164,False,hourly mean,3
AL082025,Humberto (2025),without_era5,2025-09-25T16:00:00+00:00,latent_no_sar_max_wind_radii,Latent MLP · no SAR · wind + radii,29.940252621968586,False,hourly mean,3
AL082025,Humberto (2025),without_era5,2025-09-25T17:00:00+00:00,latent_no_sar_max_wind_radii,Latent MLP · no SAR · wind + radii,29.418705304463703,False,hourly mean,3
AL082025,Humberto (2025),without_era5,2025-09-25T18:00:00+00:00,latent_no_sar_max_wind_radii,Latent MLP · no SAR · wind + radii,31.54178269704183,False,hourly mean,3
AL082025,Humberto (2025),without_era5,2025-09-25T19:00:00+00:00,latent_no_sar_max_wind_radii,Latent MLP · no SAR · wind + radii,35.93917285071479,False,hourly mean,3
AL082025,Humberto (2025),without_era5,2025-09-25T20:00:00+00:00,latent_no_sar_max_wind_radii,Latent MLP · no SAR · wind + radii,36.45391453637017,False,hourly mean,3
AL082025,Humberto (2025),without_era5,2025-09-25T21:00:00+00:00,latent_no_sar_max_wind_radii,Latent MLP · no SAR · wind + radii,36.46069176991781,False,hourly mean,3
AL082025,Humberto (2025),without_era5,2025-09-25T22:00:00+00:00,latent_no_sar_max_wind_radii,Latent MLP · no SAR · wind + radii,33.73768594529893,False,hourly mean,3
AL082025,Humberto (2025),without_era5,2025-09-25T23:00:00+00:00,latent_no_sar_max_wind_radii,Latent MLP · no SAR · wind + radii,35.43009789784749,False,hourly mean,3
AL082025,Humberto (2025),without_era5,2025-09-26T00:00:00+00:00,latent_no_sar_max_wind_radii,Latent MLP · no SAR · wind + radii,37.07618999481201,False,hourly mean,3
AL082025,Humberto (2025),without_era5,2025-09-26T01:00:00+00:00,latent_no_sar_max_wind_radii,Latent MLP · no SAR · wind + radii,40.95648977491591,False,hourly mean,3
AL082025,Humberto (2025),without_era5,2025-09-26T02:00:00+00:00,latent_no_sar_max_wind_radii,Latent MLP · no SAR · wind + radii,41.964097552829315,False,hourly mean,3
AL082025,Humberto (2025),without_era5,2025-09-26T03:00:00+00:00,latent_no_sar_max_wind_radii,Latent MLP · no SAR · wind + radii,43.569528155856666,False,hourly mean,3
AL082025,Humberto (2025),without_era5,2025-09-26T04:00:00+00:00,latent_no_sar_max_wind_radii,Latent MLP · no SAR · wind + radii,45.02678553263346,False,hourly mean,3
AL082025,Humberto (2025),without_era5,2025-09-26T05:00:00+00:00,latent_no_sar_max_wind_radii,Latent MLP · no SAR · wind + radii,50.81161880493164,False,hourly mean,3
AL082025,Humberto (2025),without_era5,2025-09-26T06:00:00+00:00,latent_no_sar_max_wind_radii,Latent MLP · no SAR · wind + radii,56.322068956163186,False,hourly mean,3
AL082025,Humberto (2025),without_era5,2025-09-26T07:00:00+00:00,latent_no_sar_max_wind_radii,Latent MLP · no SAR · wind + radii,60.65472645229764,False,hourly mean,3
AL082025,Humberto (2025),without_era5,2025-09-26T08:00:00+00:00,latent_no_sar_max_wind_radii,Latent MLP · no SAR · wind + radii,56.18680890401205,False,hourly mean,3
AL082025,Humberto (2025),without_era5,2025-09-26T09:00:00+00:00,latent_no_sar_max_wind_radii,Latent MLP · no SAR · wind + radii,47.847462018330894,False,hourly mean,3
AL082025,Humberto (2025),without_era5,2025-09-26T10:00:00+00:00,latent_no_sar_max_wind_radii,Latent MLP · no SAR · wind + radii,42.83619001176623,False,hourly mean,3
AL082025,Humberto (2025),without_era5,2025-09-26T11:00:00+00:00,latent_no_sar_max_wind_radii,Latent MLP · no SAR · wind + radii,44.038115077548554,False,hourly mean,3
AL082025,Humberto (2025),without_era5,2025-09-26T12:00:00+00:00,latent_no_sar_max_wind_radii,Latent MLP · no SAR · wind + radii,44.26459799872504,True,hourly mean,3
AL082025,Humberto (2025),without_era5,2025-09-26T13:00:00+00:00,latent_no_sar_max_wind_radii,Latent MLP · no SAR · wind + radii,45.56137932671441,True,hourly mean,3
AL082025,Humberto (2025),without_era5,2025-09-26T14:00:00+00:00,latent_no_sar_max_wind_radii,Latent MLP · no SAR · wind + radii,46.45929781595866,True,hourly mean,3
AL082025,Humberto (2025),without_era5,2025-09-26T15:00:00+00:00,latent_no_sar_max_wind_radii,Latent MLP · no SAR · wind + radii,47.51880200703939,True,hourly mean,3
AL082025,Humberto (2025),without_era5,2025-09-26T16:00:00+00:00,latent_no_sar_max_wind_radii,Latent MLP · no SAR · wind + radii,48.12592358059353,True,hourly mean,3
AL082025,Humberto (2025),without_era5,2025-09-26T17:00:00+00:00,latent_no_sar_max_wind_radii,Latent MLP · no SAR · wind + radii,52.3092295328776,True,hourly mean,3
AL082025,Humberto (2025),without_era5,2025-09-26T18:00:00+00:00,latent_no_sar_max_wind_radii,Latent MLP · no SAR · wind + radii,58.643614239162865,True,hourly mean,3
AL082025,Humberto (2025),without_era5,2025-09-26T19:00:00+00:00,latent_no_sar_max_wind_radii,Latent MLP · no SAR · wind + radii,60.882667329576286,True,hourly mean,3
AL082025,Humberto (2025),without_era5,2025-09-26T20:00:00+00:00,latent_no_sar_max_wind_radii,Latent MLP · no SAR · wind + radii,60.280633290608726,True,hourly mean,3
AL082025,Humberto (2025),without_era5,2025-09-26T21:00:00+00:00,latent_no_sar_max_wind_radii,Latent MLP · no SAR · wind + radii,60.429670545789925,True,hourly mean,3
AL082025,Humberto (2025),without_era5,2025-09-26T22:00:00+00:00,latent_no_sar_max_wind_radii,Latent MLP · no SAR · wind + radii,63.697822994656036,True,hourly mean,3
AL082025,Humberto (2025),without_era5,2025-09-26T23:00:00+00:00,latent_no_sar_max_wind_radii,Latent MLP · no SAR · wind + radii,63.176352183024086,True,hourly mean,3
AL082025,Humberto (2025),without_era5,2025-09-27T00:00:00+00:00,latent_no_sar_max_wind_radii,Latent MLP · no SAR · wind + radii,65.36041174994575,True,hourly mean,3
AL082025,Humberto (2025),without_era5,2025-09-27T01:00:00+00:00,latent_no_sar_max_wind_radii,Latent MLP · no SAR · wind + radii,65.09348678588867,True,hourly mean,3
AL082025,Humberto (2025),without_era5,2025-09-27T02:00:00+00:00,latent_no_sar_max_wind_radii,Latent MLP · no SAR · wind + radii,67.55541144476996,True,hourly mean,3
AL082025,Humberto (2025),without_era5,2025-09-27T03:00:00+00:00,latent_no_sar_max_wind_radii,Latent MLP · no SAR · wind + radii,67.35560692681206,True,hourly mean,3
AL082025,Humberto (2025),without_era5,2025-09-27T04:00:00+00:00,latent_no_sar_max_wind_radii,Latent MLP · no SAR · wind + radii,66.89314821031358,True,hourly mean,3
AL082025,Humberto (2025),without_era5,2025-09-27T05:00:00+00:00,latent_no_sar_max_wind_radii,Latent MLP · no SAR · wind + radii,66.02972073025174,True,hourly mean,3
AL082025,Humberto (2025),without_era5,2025-09-27T06:00:00+00:00,latent_no_sar_max_wind_radii,Latent MLP · no SAR · wind + radii,64.27746793958876,True,hourly mean,3
AL082025,Humberto (2025),without_era5,2025-09-27T07:00:00+00:00,latent_no_sar_max_wind_radii,Latent MLP · no SAR · wind + radii,61.59814198811849,True,hourly mean,3
AL082025,Humberto (2025),without_era5,2025-09-27T08:00:00+00:00,latent_no_sar_max_wind_radii,Latent MLP · no SAR · wind + radii,58.90401713053385,True,hourly mean,3
AL082025,Humberto (2025),without_era5,2025-09-27T09:00:00+00:00,latent_no_sar_max_wind_radii,Latent MLP · no SAR · wind + radii,56.85386043124729,True,hourly mean,3
AL082025,Humberto (2025),without_era5,2025-09-27T10:00:00+00:00,latent_no_sar_max_wind_radii,Latent MLP · no SAR · wind + radii,57.266379038492836,True,hourly mean,3
AL082025,Humberto (2025),without_era5,2025-09-27T11:00:00+00:00,latent_no_sar_max_wind_radii,Latent MLP · no SAR · wind + radii,60.00803735521105,True,hourly mean,3
AL082025,Humberto (2025),without_era5,2025-09-27T12:00:00+00:00,latent_no_sar_max_wind_radii,Latent MLP · no SAR · wind + radii,63.56380038791233,True,hourly mean,3
AL082025,Humberto (2025),without_era5,2025-09-27T13:00:00+00:00,latent_no_sar_max_wind_radii,Latent MLP · no SAR · wind + radii,65.95383559332954,True,hourly mean,3
AL082025,Humberto (2025),without_era5,2025-09-27T14:00:00+00:00,latent_no_sar_max_wind_radii,Latent MLP · no SAR · wind + radii,67.816279941135,True,hourly mean,3
AL082025,Humberto (2025),without_era5,2025-09-27T15:00:00+00:00,latent_no_sar_max_wind_radii,Latent MLP · no SAR · wind + radii,68.91452153523763,True,hourly mean,3
AL082025,Humberto (2025),without_era5,2025-09-27T16:00:00+00:00,latent_no_sar_max_wind_radii,Latent MLP · no SAR · wind + radii,70.55979961819118,True,hourly mean,3
AL082025,Humberto (2025),without_era5,2025-09-27T17:00:00+00:00,latent_no_sar_max_wind_radii,Latent MLP · no SAR · wind + radii,71.3665148417155,True,hourly mean,3
AL082025,Humberto (2025),without_era5,2025-09-27T18:00:00+00:00,latent_no_sar_max_wind_radii,Latent MLP · no SAR · wind + radii,72.20846727159288,True,hourly mean,3
AL082025,Humberto (2025),without_era5,2025-09-27T19:00:00+00:00,latent_no_sar_max_wind_radii,Latent MLP · no SAR · wind + radii,72.47582456800673,True,hourly mean,3
AL082025,Humberto (2025),without_era5,2025-09-27T20:00:00+00:00,latent_no_sar_max_wind_radii,Latent MLP · no SAR · wind + radii,72.50028949313693,True,hourly mean,3
AL082025,Humberto (2025),without_era5,2025-09-27T21:00:00+00:00,latent_no_sar_max_wind_radii,Latent MLP · no SAR · wind + radii,73.14517466227214,True,hourly mean,3
AL082025,Humberto (2025),without_era5,2025-09-27T22:00:00+00:00,latent_no_sar_max_wind_radii,Latent MLP · no SAR · wind + radii,73.6129887898763,True,hourly mean,3
AL082025,Humberto (2025),without_era5,2025-09-27T23:00:00+00:00,latent_no_sar_max_wind_radii,Latent MLP · no SAR · wind + radii,74.42666880289714,False,hourly mean,3
AL082025,Humberto (2025),without_era5,2025-09-28T00:00:00+00:00,latent_no_sar_max_wind_radii,Latent MLP · no SAR · wind + radii,74.86832809448242,False,hourly mean,3
AL082025,Humberto (2025),without_era5,2025-09-28T01:00:00+00:00,latent_no_sar_max_wind_radii,Latent MLP · no SAR · wind + radii,74.55071979098851,False,hourly mean,3
AL082025,Humberto (2025),without_era5,2025-09-28T02:00:00+00:00,latent_no_sar_max_wind_radii,Latent MLP · no SAR · wind + radii,72.65804799397786,False,hourly mean,3
AL082025,Humberto (2025),without_era5,2025-09-28T03:00:00+00:00,latent_no_sar_max_wind_radii,Latent MLP · no SAR · wind + radii,70.29527642991808,False,hourly mean,3
AL082025,Humberto (2025),without_era5,2025-09-28T04:00:00+00:00,latent_no_sar_max_wind_radii,Latent MLP · no SAR · wind + radii,68.01718627081978,False,hourly mean,3
AL082025,Humberto (2025),without_era5,2025-09-28T05:00:00+00:00,latent_no_sar_max_wind_radii,Latent MLP · no SAR · wind + radii,67.50070508321126,False,hourly mean,3
AL082025,Humberto (2025),without_era5,2025-09-28T06:00:00+00:00,latent_no_sar_max_wind_radii,Latent MLP · no SAR · wind + radii,67.2862983279758,False,hourly mean,3
AL082025,Humberto (2025),without_era5,2025-09-28T07:00:00+00:00,latent_no_sar_max_wind_radii,Latent MLP · no SAR · wind + radii,67.61882930331761,False,hourly mean,3
AL082025,Humberto (2025),without_era5,2025-09-28T08:00:00+00:00,latent_no_sar_max_wind_radii,Latent MLP · no SAR · wind + radii,67.81384213765462,False,hourly mean,3
AL082025,Humberto (2025),without_era5,2025-09-28T09:00:00+00:00,latent_no_sar_max_wind_radii,Latent MLP · no SAR · wind + radii,66.14689021640353,False,hourly mean,3
AL082025,Humberto (2025),without_era5,2025-09-28T10:00:00+00:00,latent_no_sar_max_wind_radii,Latent MLP · no SAR · wind + radii,65.47258991665309,False,hourly mean,3
AL082025,Humberto (2025),without_era5,2025-09-28T11:00:00+00:00,latent_no_sar_max_wind_radii,Latent MLP · no SAR · wind + radii,63.795558505588104,False,hourly mean,3
AL082025,Humberto (2025),without_era5,2025-09-28T12:00:00+00:00,latent_no_sar_max_wind_radii,Latent MLP · no SAR · wind + radii,66.54145071241591,False,hourly mean,3
AL082025,Humberto (2025),without_era5,2025-09-28T13:00:00+00:00,latent_no_sar_max_wind_radii,Latent MLP · no SAR · wind + radii,66.5149868859185,False,hourly mean,3
AL082025,Humberto (2025),without_era5,2025-09-28T14:00:00+00:00,latent_no_sar_max_wind_radii,Latent MLP · no SAR · wind + radii,67.26180775960286,False,hourly mean,3
AL082025,Humberto (2025),without_era5,2025-09-28T15:00:00+00:00,latent_no_sar_max_wind_radii,Latent MLP · no SAR · wind + radii,66.18476592169868,False,hourly mean,3
AL082025,Humberto (2025),without_era5,2025-09-28T16:00:00+00:00,latent_no_sar_max_wind_radii,Latent MLP · no SAR · wind + radii,61.66075113084582,False,hourly mean,3
AL082025,Humberto (2025),without_era5,2025-09-28T17:00:00+00:00,latent_no_sar_max_wind_radii,Latent MLP · no SAR · wind + radii,61.90756797790527,False,hourly mean,3
AL082025,Humberto (2025),without_era5,2025-09-28T18:00:00+00:00,latent_no_sar_max_wind_radii,Latent MLP · no SAR · wind + radii,59.531365076700844,False,hourly mean,3
AL082025,Humberto (2025),without_era5,2025-09-28T19:00:00+00:00,latent_no_sar_max_wind_radii,Latent MLP · no SAR · wind + radii,64.43722195095485,False,hourly mean,3
AL082025,Humberto (2025),without_era5,2025-09-28T20:00:00+00:00,latent_no_sar_max_wind_radii,Latent MLP · no SAR · wind + radii,64.73825899759929,False,hourly mean,3
AL082025,Humberto (2025),without_era5,2025-09-28T21:00:00+00:00,latent_no_sar_max_wind_radii,Latent MLP · no SAR · wind + radii,66.96660783555772,False,hourly mean,3
AL082025,Humberto (2025),without_era5,2025-09-28T22:00:00+00:00,latent_no_sar_max_wind_radii,Latent MLP · no SAR · wind + radii,67.32355329725478,False,hourly mean,3
AL082025,Humberto (2025),without_era5,2025-09-28T23:00:00+00:00,latent_no_sar_max_wind_radii,Latent MLP · no SAR · wind + radii,67.38096639845106,False,hourly mean,3
AL082025,Humberto (2025),without_era5,2025-09-29T00:00:00+00:00,latent_no_sar_max_wind_radii,Latent MLP · no SAR · wind + radii,68.08553674485948,False,hourly mean,3
AL082025,Humberto (2025),without_era5,2025-09-29T01:00:00+00:00,latent_no_sar_max_wind_radii,Latent MLP · no SAR · wind + radii,67.96326149834526,False,hourly mean,3
AL082025,Humberto (2025),without_era5,2025-09-29T02:00:00+00:00,latent_no_sar_max_wind_radii,Latent MLP · no SAR · wind + radii,63.85733583238389,False,hourly mean,3
AL082025,Humberto (2025),without_era5,2025-09-29T03:00:00+00:00,latent_no_sar_max_wind_radii,Latent MLP · no SAR · wind + radii,55.79142676459418,False,hourly mean,3
AL082025,Humberto (2025),without_era5,2025-09-29T04:00:00+00:00,latent_no_sar_max_wind_radii,Latent MLP · no SAR · wind + radii,50.35552978515624,False,hourly mean,3
AL082025,Humberto (2025),without_era5,2025-09-29T05:00:00+00:00,latent_no_sar_max_wind_radii,Latent MLP · no SAR · wind + radii,49.54167577955457,False,hourly mean,3
AL082025,Humberto (2025),without_era5,2025-09-29T06:00:00+00:00,latent_no_sar_max_wind_radii,Latent MLP · no SAR · wind + radii,51.95593749152289,False,hourly mean,3
AL082025,Humberto (2025),without_era5,2025-09-29T07:00:00+00:00,latent_no_sar_max_wind_radii,Latent MLP · no SAR · wind + radii,52.03746880425347,False,hourly mean,3
AL082025,Humberto (2025),without_era5,2025-09-29T08:00:00+00:00,latent_no_sar_max_wind_radii,Latent MLP · no SAR · wind + radii,52.148270712958436,False,hourly mean,3
AL082025,Humberto (2025),without_era5,2025-09-29T09:00:00+00:00,latent_no_sar_max_wind_radii,Latent MLP · no SAR · wind + radii,48.35827106899685,False,hourly mean,3
AL082025,Humberto (2025),without_era5,2025-09-29T10:00:00+00:00,latent_no_sar_max_wind_radii,Latent MLP · no SAR · wind + radii,44.73161866929795,False,hourly mean,3
AL082025,Humberto (2025),without_era5,2025-09-29T11:00:00+00:00,latent_no_sar_max_wind_radii,Latent MLP · no SAR · wind + radii,41.62755499945746,False,hourly mean,3
AL082025,Humberto (2025),without_era5,2025-09-29T12:00:00+00:00,latent_no_sar_max_wind_radii,Latent MLP · no SAR · wind + radii,42.30767313639323,False,hourly mean,3
AL082025,Humberto (2025),without_era5,2025-09-29T13:00:00+00:00,latent_no_sar_max_wind_radii,Latent MLP · no SAR · wind + radii,42.877493328518334,False,hourly mean,3
AL082025,Humberto (2025),without_era5,2025-09-29T14:00:00+00:00,latent_no_sar_max_wind_radii,Latent MLP · no SAR · wind + radii,40.28369013468424,False,hourly mean,3
AL082025,Humberto (2025),without_era5,2025-09-29T15:00:00+00:00,latent_no_sar_max_wind_radii,Latent MLP · no SAR · wind + radii,38.09625011020236,False,hourly mean,3
AL082025,Humberto (2025),without_era5,2025-09-29T16:00:00+00:00,latent_no_sar_max_wind_radii,Latent MLP · no SAR · wind + radii,36.39572779337564,False,hourly mean,3
AL082025,Humberto (2025),without_era5,2025-09-29T17:00:00+00:00,latent_no_sar_max_wind_radii,Latent MLP · no SAR · wind + radii,35.87410767873127,False,hourly mean,3
AL082025,Humberto (2025),without_era5,2025-09-29T18:00:00+00:00,latent_no_sar_max_wind_radii,Latent MLP · no SAR · wind + radii,36.23063818613688,False,hourly mean,3
AL082025,Humberto (2025),without_era5,2025-09-29T19:00:00+00:00,latent_no_sar_max_wind_radii,Latent MLP · no SAR · wind + radii,35.930811882019036,False,hourly mean,3
AL082025,Humberto (2025),without_era5,2025-09-29T20:00:00+00:00,latent_no_sar_max_wind_radii,Latent MLP · no SAR · wind + radii,37.505004670884865,False,hourly mean,3
AL082025,Humberto (2025),without_era5,2025-09-29T21:00:00+00:00,latent_no_sar_max_wind_radii,Latent MLP · no SAR · wind + radii,35.41702206929524,False,hourly mean,3
AL082025,Humberto (2025),without_era5,2025-09-29T22:00:00+00:00,latent_no_sar_max_wind_radii,Latent MLP · no SAR · wind + radii,33.30924479166666,False,hourly mean,3
AL082025,Humberto (2025),without_era5,2025-09-29T23:00:00+00:00,latent_no_sar_max_wind_radii,Latent MLP · no SAR · wind + radii,29.442560619778096,False,hourly mean,3
AL082025,Humberto (2025),without_era5,2025-09-30T00:00:00+00:00,latent_no_sar_max_wind_radii,Latent MLP · no SAR · wind + radii,27.030646853976776,False,hourly mean,3
AL082025,Humberto (2025),without_era5,2025-09-30T01:00:00+00:00,latent_no_sar_max_wind_radii,Latent MLP · no SAR · wind + radii,25.908901638454854,False,hourly mean,3
AL082025,Humberto (2025),without_era5,2025-09-30T02:00:00+00:00,latent_no_sar_max_wind_radii,Latent MLP · no SAR · wind + radii,25.732842975192597,False,hourly mean,3
AL082025,Humberto (2025),without_era5,2025-09-30T03:00:00+00:00,latent_no_sar_max_wind_radii,Latent MLP · no SAR · wind + radii,26.598802142673065,False,hourly mean,3
AL082025,Humberto (2025),without_era5,2025-09-30T04:00:00+00:00,latent_no_sar_max_wind_radii,Latent MLP · no SAR · wind + radii,26.641436682807072,False,hourly mean,3
AL082025,Humberto (2025),without_era5,2025-09-30T05:00:00+00:00,latent_no_sar_max_wind_radii,Latent MLP · no SAR · wind + radii,26.698611471388073,False,hourly mean,3
AL082025,Humberto (2025),without_era5,2025-09-30T06:00:00+00:00,latent_no_sar_max_wind_radii,Latent MLP · no SAR · wind + radii,26.131421301099987,False,hourly mean,3
AL082025,Humberto (2025),without_era5,2025-09-30T07:00:00+00:00,latent_no_sar_max_wind_radii,Latent MLP · no SAR · wind + radii,25.565315670437275,False,hourly mean,3
AL082025,Humberto (2025),without_era5,2025-09-30T08:00:00+00:00,latent_no_sar_max_wind_radii,Latent MLP · no SAR · wind + radii,24.29486200544569,False,hourly mean,3
AL082025,Humberto (2025),without_era5,2025-09-30T09:00:00+00:00,latent_no_sar_max_wind_radii,Latent MLP · no SAR · wind + radii,23.809510612487788,False,hourly mean,3
AL082025,Humberto (2025),without_era5,2025-09-30T10:00:00+00:00,latent_no_sar_max_wind_radii,Latent MLP · no SAR · wind + radii,23.471478949652774,False,hourly mean,3
AL082025,Humberto (2025),without_era5,2025-09-30T11:00:00+00:00,latent_no_sar_max_wind_radii,Latent MLP · no SAR · wind + radii,23.71556171841091,False,hourly mean,3
AL082025,Humberto (2025),without_era5,2025-09-30T12:00:00+00:00,latent_no_sar_max_wind_radii,Latent MLP · no SAR · wind + radii,24.226437992519795,False,hourly mean,3
AL082025,Humberto (2025),without_era5,2025-09-30T13:00:00+00:00,latent_no_sar_max_wind_radii,Latent MLP · no SAR · wind + radii,25.31608200073242,False,hourly mean,3
AL082025,Humberto (2025),without_era5,2025-09-30T14:00:00+00:00,latent_no_sar_max_wind_radii,Latent MLP · no SAR · wind + radii,26.534060372246632,False,hourly mean,3
AL082025,Humberto (2025),without_era5,2025-09-30T15:00:00+00:00,latent_no_sar_max_wind_radii,Latent MLP · no SAR · wind + radii,26.38269180721706,False,hourly mean,3
AL082025,Humberto (2025),without_era5,2025-09-30T16:00:00+00:00,latent_no_sar_max_wind_radii,Latent MLP · no SAR · wind + radii,24.925266265869137,False,hourly mean,3
AL082025,Humberto (2025),without_era5,2025-09-30T17:00:00+00:00,latent_no_sar_max_wind_radii,Latent MLP · no SAR · wind + radii,23.68353462219238,False,hourly mean,3
AL082025,Humberto (2025),without_era5,2025-09-30T18:00:00+00:00,latent_no_sar_max_wind_radii,Latent MLP · no SAR · wind + radii,23.777266714307995,False,hourly mean,3
AL082025,Humberto (2025),without_era5,2025-09-30T19:00:00+00:00,latent_no_sar_max_wind_radii,Latent MLP · no SAR · wind + radii,24.36986658308241,False,hourly mean,3
AL082025,Humberto (2025),without_era5,2025-09-30T20:00:00+00:00,latent_no_sar_max_wind_radii,Latent MLP · no SAR · wind + radii,24.348574320475254,False,hourly mean,3
AL082025,Humberto (2025),without_era5,2025-09-30T21:00:00+00:00,latent_no_sar_max_wind_radii,Latent MLP · no SAR · wind + radii,24.010636435614686,False,hourly mean,3
AL082025,Humberto (2025),without_era5,2025-09-30T22:00:00+00:00,latent_no_sar_max_wind_radii,Latent MLP · no SAR · wind + radii,23.995342890421544,False,hourly mean,3
AL082025,Humberto (2025),without_era5,2025-09-30T23:00:00+00:00,latent_no_sar_max_wind_radii,Latent MLP · no SAR · wind + radii,23.914418941073944,False,hourly mean,3
AL082025,Humberto (2025),without_era5,2025-10-01T00:00:00+00:00,latent_no_sar_max_wind_radii,Latent MLP · no SAR · wind + radii,23.821179792616096,False,hourly mean,3
AL082025,Humberto (2025),without_era5,2025-10-01T01:00:00+00:00,latent_no_sar_max_wind_radii,Latent MLP · no SAR · wind + radii,24.544112714131668,False,hourly mean,3
AL082025,Humberto (2025),without_era5,2025-10-01T02:00:00+00:00,latent_no_sar_max_wind_radii,Latent MLP · no SAR · wind + radii,26.758351431952576,False,hourly mean,3
AL082025,Humberto (2025),without_era5,2025-10-01T03:00:00+00:00,latent_no_sar_max_wind_radii,Latent MLP · no SAR · wind + radii,28.76341777377658,False,hourly mean,3
AL082025,Humberto (2025),without_era5,2025-10-01T04:00:00+00:00,latent_no_sar_max_wind_radii,Latent MLP · no SAR · wind + radii,31.62644078996446,False,hourly mean,3
AL082025,Humberto (2025),without_era5,2025-10-01T05:00:00+00:00,latent_no_sar_max_wind_radii,Latent MLP · no SAR · wind + radii,36.43750508626301,False,hourly mean,3
AL082025,Humberto (2025),without_era5,2025-10-01T06:00:00+00:00,latent_no_sar_max_wind_radii,Latent MLP · no SAR · wind + radii,38.39841821458604,False,hourly mean,3
AL082025,Humberto (2025),without_era5,2025-10-01T07:00:00+00:00,latent_no_sar_max_wind_radii,Latent MLP · no SAR · wind + radii,36.58195082346598,False,hourly mean,3
AL082025,Humberto (2025),without_era5,2025-10-01T08:00:00+00:00,latent_no_sar_max_wind_radii,Latent MLP · no SAR · wind + radii,32.71911207834879,False,hourly mean,3
AL082025,Humberto (2025),without_era5,2025-10-01T09:00:00+00:00,latent_no_sar_max_wind_radii,Latent MLP · no SAR · wind + radii,32.836175282796226,False,hourly mean,3
AL082025,Humberto (2025),without_era5,2025-10-01T10:00:00+00:00,latent_no_sar_max_wind_radii,Latent MLP · no SAR · wind + radii,35.0957269668579,False,hourly mean,3
AL082025,Humberto (2025),without_era5,2025-10-01T11:00:00+00:00,latent_no_sar_max_wind_radii,Latent MLP · no SAR · wind + radii,36.13197755813598,False,hourly mean,3
EP112025,Kiko (2025),with_era5,2025-08-31T00:00:00+00:00,ibtracs_best_track,IBTrACS best track,15.43332,False,hourly mean,3
EP112025,Kiko (2025),with_era5,2025-08-31T01:00:00+00:00,ibtracs_best_track,IBTrACS best track,15.43332,False,hourly mean,3
EP112025,Kiko (2025),with_era5,2025-08-31T02:00:00+00:00,ibtracs_best_track,IBTrACS best track,15.43332,False,hourly mean,3
EP112025,Kiko (2025),with_era5,2025-08-31T03:00:00+00:00,ibtracs_best_track,IBTrACS best track,15.43332,False,hourly mean,3
EP112025,Kiko (2025),with_era5,2025-08-31T04:00:00+00:00,ibtracs_best_track,IBTrACS best track,15.43332,False,hourly mean,3
EP112025,Kiko (2025),with_era5,2025-08-31T05:00:00+00:00,ibtracs_best_track,IBTrACS best track,15.505818497037035,False,hourly mean,3
EP112025,Kiko (2025),with_era5,2025-08-31T06:00:00+00:00,ibtracs_best_track,IBTrACS best track,15.749798327407406,False,hourly mean,3
EP112025,Kiko (2025),with_era5,2025-08-31T07:00:00+00:00,ibtracs_best_track,IBTrACS best track,16.165275369012345,False,hourly mean,3
EP112025,Kiko (2025),with_era5,2025-08-31T08:00:00+00:00,ibtracs_best_track,IBTrACS best track,16.655574373868316,False,hourly mean,3
EP112025,Kiko (2025),with_era5,2025-08-31T09:00:00+00:00,ibtracs_best_track,IBTrACS best track,17.088691763744855,False,hourly mean,3
EP112025,Kiko (2025),with_era5,2025-08-31T10:00:00+00:00,ibtracs_best_track,IBTrACS best track,17.464632831275722,False,hourly mean,3
EP112025,Kiko (2025),with_era5,2025-08-31T11:00:00+00:00,ibtracs_best_track,IBTrACS best track,17.759241996049383,False,hourly mean,3
EP112025,Kiko (2025),with_era5,2025-08-31T12:00:00+00:00,ibtracs_best_track,IBTrACS best track,17.939551442469135,False,hourly mean,3
EP112025,Kiko (2025),with_era5,2025-08-31T13:00:00+00:00,ibtracs_best_track,IBTrACS best track,18.00554,False,hourly mean,3
EP112025,Kiko (2025),with_era5,2025-08-31T14:00:00+00:00,ibtracs_best_track,IBTrACS best track,18.00554,False,hourly mean,3
EP112025,Kiko (2025),with_era5,2025-08-31T15:00:00+00:00,ibtracs_best_track,IBTrACS best track,18.00554,False,hourly mean,3
EP112025,Kiko (2025),with_era5,2025-08-31T16:00:00+00:00,ibtracs_best_track,IBTrACS best track,18.00554,False,hourly mean,3
EP112025,Kiko (2025),with_era5,2025-08-31T17:00:00+00:00,ibtracs_best_track,IBTrACS best track,18.07803849703704,False,hourly mean,3
EP112025,Kiko (2025),with_era5,2025-08-31T18:00:00+00:00,ibtracs_best_track,IBTrACS best track,18.32201832740741,False,hourly mean,3
EP112025,Kiko (2025),with_era5,2025-08-31T19:00:00+00:00,ibtracs_best_track,IBTrACS best track,18.737479491111113,False,hourly mean,3
EP112025,Kiko (2025),with_era5,2025-08-31T20:00:00+00:00,ibtracs_best_track,IBTrACS best track,19.227757325432098,False,hourly mean,3
EP112025,Kiko (2025),with_era5,2025-08-31T21:00:00+00:00,ibtracs_best_track,IBTrACS best track,19.66087471530864,False,hourly mean,3
EP112025,Kiko (2025),with_era5,2025-08-31T22:00:00+00:00,ibtracs_best_track,IBTrACS best track,20.03683166074074,False,hourly mean,3
EP112025,Kiko (2025),with_era5,2025-08-31T23:00:00+00:00,ibtracs_best_track,IBTrACS best track,20.331461996049384,False,hourly mean,3
EP112025,Kiko (2025),with_era5,2025-09-01T00:00:00+00:00,ibtracs_best_track,IBTrACS best track,20.511771442469136,False,hourly mean,3
EP112025,Kiko (2025),with_era5,2025-09-01T01:00:00+00:00,ibtracs_best_track,IBTrACS best track,20.57776,False,hourly mean,3
EP112025,Kiko (2025),with_era5,2025-09-01T02:00:00+00:00,ibtracs_best_track,IBTrACS best track,20.57776,False,hourly mean,3
EP112025,Kiko (2025),with_era5,2025-09-01T03:00:00+00:00,ibtracs_best_track,IBTrACS best track,20.57776,False,hourly mean,3
EP112025,Kiko (2025),with_era5,2025-09-01T04:00:00+00:00,ibtracs_best_track,IBTrACS best track,20.57776,False,hourly mean,3
EP112025,Kiko (2025),with_era5,2025-09-01T05:00:00+00:00,ibtracs_best_track,IBTrACS best track,20.65025849703704,False,hourly mean,3
EP112025,Kiko (2025),with_era5,2025-09-01T06:00:00+00:00,ibtracs_best_track,IBTrACS best track,20.894238327407407,False,hourly mean,3
EP112025,Kiko (2025),with_era5,2025-09-01T07:00:00+00:00,ibtracs_best_track,IBTrACS best track,21.30971536901235,False,hourly mean,3
EP112025,Kiko (2025),with_era5,2025-09-01T08:00:00+00:00,ibtracs_best_track,IBTrACS best track,21.80001437386831,False,hourly mean,3
EP112025,Kiko (2025),with_era5,2025-09-01T09:00:00+00:00,ibtracs_best_track,IBTrACS best track,22.233131763744854,False,hourly mean,3
EP112025,Kiko (2025),with_era5,2025-09-01T10:00:00+00:00,ibtracs_best_track,IBTrACS best track,22.60907283127572,False,hourly mean,3
EP112025,Kiko (2025),with_era5,2025-09-01T11:00:00+00:00,ibtracs_best_track,IBTrACS best track,23.024512824444447,False,hourly mean,3
EP112025,Kiko (2025),with_era5,2025-09-01T12:00:00+00:00,ibtracs_best_track,IBTrACS best track,23.611455321481483,False,hourly mean,3
EP112025,Kiko (2025),with_era5,2025-09-01T13:00:00+00:00,ibtracs_best_track,IBTrACS best track,24.36987915185185,False,hourly mean,3
EP112025,Kiko (2025),with_era5,2025-09-01T14:00:00+00:00,ibtracs_best_track,IBTrACS best track,25.23125529382716,False,hourly mean,3
EP112025,Kiko (2025),with_era5,2025-09-01T15:00:00+00:00,ibtracs_best_track,IBTrACS best track,26.088503181481485,False,hourly mean,3
EP112025,Kiko (2025),with_era5,2025-09-01T16:00:00+00:00,ibtracs_best_track,IBTrACS best track,26.945751069135806,False,hourly mean,3
EP112025,Kiko (2025),with_era5,2025-09-01T17:00:00+00:00,ibtracs_best_track,IBTrACS best track,27.678357432098768,False,hourly mean,3
EP112025,Kiko (2025),with_era5,2025-09-01T18:00:00+00:00,ibtracs_best_track,IBTrACS best track,28.129289827160495,False,hourly mean,3
EP112025,Kiko (2025),with_era5,2025-09-01T19:00:00+00:00,ibtracs_best_track,IBTrACS best track,28.29442,False,hourly mean,3
EP112025,Kiko (2025),with_era5,2025-09-01T20:00:00+00:00,ibtracs_best_track,IBTrACS best track,28.29442,False,hourly mean,3
EP112025,Kiko (2025),with_era5,2025-09-01T21:00:00+00:00,ibtracs_best_track,IBTrACS best track,28.29442,False,hourly mean,3
EP112025,Kiko (2025),with_era5,2025-09-01T22:00:00+00:00,ibtracs_best_track,IBTrACS best track,28.29442,False,hourly mean,3
EP112025,Kiko (2025),with_era5,2025-09-01T23:00:00+00:00,ibtracs_best_track,IBTrACS best track,28.415092049382718,False,hourly mean,3
EP112025,Kiko (2025),with_era5,2025-09-02T00:00:00+00:00,ibtracs_best_track,IBTrACS best track,28.821566320987653,False,hourly mean,3
EP112025,Kiko (2025),with_era5,2025-09-02T01:00:00+00:00,ibtracs_best_track,IBTrACS best track,29.51384281481482,False,hourly mean,3
EP112025,Kiko (2025),with_era5,2025-09-02T02:00:00+00:00,ibtracs_best_track,IBTrACS best track,30.371249481481485,False,hourly mean,3
EP112025,Kiko (2025),with_era5,2025-09-02T03:00:00+00:00,ibtracs_best_track,IBTrACS best track,31.228656148148147,False,hourly mean,3
EP112025,Kiko (2025),with_era5,2025-09-02T04:00:00+00:00,ibtracs_best_track,IBTrACS best track,32.08606281481482,False,hourly mean,3
EP112025,Kiko (2025),with_era5,2025-09-02T05:00:00+00:00,ibtracs_best_track,IBTrACS best track,32.94346948148148,False,hourly mean,3
EP112025,Kiko (2025),with_era5,2025-09-02T06:00:00+00:00,ibtracs_best_track,IBTrACS best track,33.80087614814815,False,hourly mean,3
EP112025,Kiko (2025),with_era5,2025-09-02T07:00:00+00:00,ibtracs_best_track,IBTrACS best track,34.65830927798354,False,hourly mean,3
EP112025,Kiko (2025),with_era5,2025-09-02T08:00:00+00:00,ibtracs_best_track,IBTrACS best track,35.515768870987664,False,hourly mean,3
EP112025,Kiko (2025),with_era5,2025-09-02T09:00:00+00:00,ibtracs_best_track,IBTrACS best track,36.373175537654326,False,hourly mean,3
EP112025,Kiko (2025),with_era5,2025-09-02T10:00:00+00:00,ibtracs_best_track,IBTrACS best track,37.230555741152266,False,hourly mean,3
EP112025,Kiko (2025),with_era5,2025-09-02T11:00:00+00:00,ibtracs_best_track,IBTrACS best track,38.039640661728406,False,hourly mean,3
EP112025,Kiko (2025),with_era5,2025-09-02T12:00:00+00:00,ibtracs_best_track,IBTrACS best track,38.734457619753094,False,hourly mean,3
EP112025,Kiko (2025),with_era5,2025-09-02T13:00:00+00:00,ibtracs_best_track,IBTrACS best track,39.31495368888889,False,hourly mean,3
EP112025,Kiko (2025),with_era5,2025-09-02T14:00:00+00:00,ibtracs_best_track,IBTrACS best track,39.805263279012344,False,hourly mean,3
EP112025,Kiko (2025),with_era5,2025-09-02T15:00:00+00:00,ibtracs_best_track,IBTrACS best track,40.238412424691354,False,hourly mean,3
EP112025,Kiko (2025),with_era5,2025-09-02T16:00:00+00:00,ibtracs_best_track,IBTrACS best track,40.61440112592592,False,hourly mean,3
EP112025,Kiko (2025),with_era5,2025-09-02T17:00:00+00:00,ibtracs_best_track,IBTrACS best track,41.029767022222224,False,hourly mean,3
EP112025,Kiko (2025),with_era5,2025-09-02T18:00:00+00:00,ibtracs_best_track,IBTrACS best track,41.61661425185185,False,hourly mean,3
EP112025,Kiko (2025),with_era5,2025-09-02T19:00:00+00:00,ibtracs_best_track,IBTrACS best track,42.37494281481482,False,hourly mean,3
EP112025,Kiko (2025),with_era5,2025-09-02T20:00:00+00:00,ibtracs_best_track,IBTrACS best track,43.232349481481485,False,hourly mean,3
EP112025,Kiko (2025),with_era5,2025-09-02T21:00:00+00:00,ibtracs_best_track,IBTrACS best track,44.08975614814815,True,hourly mean,3
EP112025,Kiko (2025),with_era5,2025-09-02T22:00:00+00:00,ibtracs_best_track,IBTrACS best track,44.94716281481482,True,hourly mean,3
EP112025,Kiko (2025),with_era5,2025-09-02T23:00:00+00:00,ibtracs_best_track,IBTrACS best track,45.68389743209877,True,hourly mean,3
EP112025,Kiko (2025),with_era5,2025-09-03T00:00:00+00:00,ibtracs_best_track,IBTrACS best track,46.134829827160495,True,hourly mean,3
EP112025,Kiko (2025),with_era5,2025-09-03T01:00:00+00:00,ibtracs_best_track,IBTrACS best track,46.29996,True,hourly mean,3
EP112025,Kiko (2025),with_era5,2025-09-03T02:00:00+00:00,ibtracs_best_track,IBTrACS best track,46.29996,True,hourly mean,3
EP112025,Kiko (2025),with_era5,2025-09-03T03:00:00+00:00,ibtracs_best_track,IBTrACS best track,46.29996,False,hourly mean,3
EP112025,Kiko (2025),with_era5,2025-09-03T04:00:00+00:00,ibtracs_best_track,IBTrACS best track,46.29996,False,hourly mean,3
EP112025,Kiko (2025),with_era5,2025-09-03T05:00:00+00:00,ibtracs_best_track,IBTrACS best track,46.29996,False,hourly mean,3
EP112025,Kiko (2025),with_era5,2025-09-03T06:00:00+00:00,ibtracs_best_track,IBTrACS best track,46.29996,False,hourly mean,3
EP112025,Kiko (2025),with_era5,2025-09-03T07:00:00+00:00,ibtracs_best_track,IBTrACS best track,46.29996,False,hourly mean,3
EP112025,Kiko (2025),with_era5,2025-09-03T08:00:00+00:00,ibtracs_best_track,IBTrACS best track,46.29996,False,hourly mean,3
EP112025,Kiko (2025),with_era5,2025-09-03T09:00:00+00:00,ibtracs_best_track,IBTrACS best track,46.29996,False,hourly mean,3
EP112025,Kiko (2025),with_era5,2025-09-03T10:00:00+00:00,ibtracs_best_track,IBTrACS best track,46.29996,False,hourly mean,3
EP112025,Kiko (2025),with_era5,2025-09-03T11:00:00+00:00,ibtracs_best_track,IBTrACS best track,46.54130409876543,False,hourly mean,3
EP112025,Kiko (2025),with_era5,2025-09-03T12:00:00+00:00,ibtracs_best_track,IBTrACS best track,47.35425264197531,False,hourly mean,3
EP112025,Kiko (2025),with_era5,2025-09-03T13:00:00+00:00,ibtracs_best_track,IBTrACS best track,48.73880562962963,False,hourly mean,3
EP112025,Kiko (2025),with_era5,2025-09-03T14:00:00+00:00,ibtracs_best_track,IBTrACS best track,50.45361896296296,False,hourly mean,3
EP112025,Kiko (2025),with_era5,2025-09-03T15:00:00+00:00,ibtracs_best_track,IBTrACS best track,52.168432296296295,False,hourly mean,3
EP112025,Kiko (2025),with_era5,2025-09-03T16:00:00+00:00,ibtracs_best_track,IBTrACS best track,53.883245629629634,False,hourly mean,3
EP112025,Kiko (2025),with_era5,2025-09-03T17:00:00+00:00,ibtracs_best_track,IBTrACS best track,55.54979014320988,False,hourly mean,3
EP112025,Kiko (2025),with_era5,2025-09-03T18:00:00+00:00,ibtracs_best_track,IBTrACS best track,57.102013767901234,True,hourly mean,3
EP112025,Kiko (2025),with_era5,2025-09-03T19:00:00+00:00,ibtracs_best_track,IBTrACS best track,58.5399165037037,True,hourly mean,3
EP112025,Kiko (2025),with_era5,2025-09-03T20:00:00+00:00,ibtracs_best_track,IBTrACS best track,59.88763276049383,True,hourly mean,3
EP112025,Kiko (2025),with_era5,2025-09-03T21:00:00+00:00,ibtracs_best_track,IBTrACS best track,61.17818857283951,True,hourly mean,3
EP112025,Kiko (2025),with_era5,2025-09-03T22:00:00+00:00,ibtracs_best_track,IBTrACS best track,62.41158394074074,True,hourly mean,3
EP112025,Kiko (2025),with_era5,2025-09-03T23:00:00+00:00,ibtracs_best_track,IBTrACS best track,63.443012404938266,True,hourly mean,3
EP112025,Kiko (2025),with_era5,2025-09-04T00:00:00+00:00,ibtracs_best_track,IBTrACS best track,64.07431775802469,True,hourly mean,3
EP112025,Kiko (2025),with_era5,2025-09-04T01:00:00+00:00,ibtracs_best_track,IBTrACS best track,64.3055,True,hourly mean,3
EP112025,Kiko (2025),with_era5,2025-09-04T02:00:00+00:00,ibtracs_best_track,IBTrACS best track,64.3055,True,hourly mean,3
EP112025,Kiko (2025),with_era5,2025-09-04T03:00:00+00:00,ibtracs_best_track,IBTrACS best track,64.3055,True,hourly mean,3
EP112025,Kiko (2025),with_era5,2025-09-04T04:00:00+00:00,ibtracs_best_track,IBTrACS best track,64.3055,True,hourly mean,3
EP112025,Kiko (2025),with_era5,2025-09-04T05:00:00+00:00,ibtracs_best_track,IBTrACS best track,64.18482795061728,True,hourly mean,3
EP112025,Kiko (2025),with_era5,2025-09-04T06:00:00+00:00,ibtracs_best_track,IBTrACS best track,63.77835367901235,True,hourly mean,3
EP112025,Kiko (2025),with_era5,2025-09-04T07:00:00+00:00,ibtracs_best_track,IBTrACS best track,63.0860374904321,True,hourly mean,3
EP112025,Kiko (2025),with_era5,2025-09-04T08:00:00+00:00,ibtracs_best_track,IBTrACS best track,62.22857789742798,True,hourly mean,3
EP112025,Kiko (2025),with_era5,2025-09-04T09:00:00+00:00,ibtracs_best_track,IBTrACS best track,61.37117123076131,False,hourly mean,3
EP112025,Kiko (2025),with_era5,2025-09-04T10:00:00+00:00,ibtracs_best_track,IBTrACS best track,60.513804258847735,False,hourly mean,3
EP112025,Kiko (2025),with_era5,2025-09-04T11:00:00+00:00,ibtracs_best_track,IBTrACS best track,59.77712256790124,False,hourly mean,3
EP112025,Kiko (2025),with_era5,2025-09-04T12:00:00+00:00,ibtracs_best_track,IBTrACS best track,59.32619017283951,False,hourly mean,3
EP112025,Kiko (2025),with_era5,2025-09-04T13:00:00+00:00,ibtracs_best_track,IBTrACS best track,59.16106,False,hourly mean,3
EP112025,Kiko (2025),with_era5,2025-09-04T14:00:00+00:00,ibtracs_best_track,IBTrACS best track,59.16106,False,hourly mean,3
EP112025,Kiko (2025),with_era5,2025-09-04T15:00:00+00:00,ibtracs_best_track,IBTrACS best track,59.16106,False,hourly mean,3
EP112025,Kiko (2025),with_era5,2025-09-04T16:00:00+00:00,ibtracs_best_track,IBTrACS best track,59.16106,False,hourly mean,3
EP112025,Kiko (2025),with_era5,2025-09-04T17:00:00+00:00,ibtracs_best_track,IBTrACS best track,59.131844661728394,False,hourly mean,3
EP112025,Kiko (2025),with_era5,2025-09-04T18:00:00+00:00,ibtracs_best_track,IBTrACS best track,58.95020147160494,False,hourly mean,3
EP112025,Kiko (2025),with_era5,2025-09-04T19:00:00+00:00,ibtracs_best_track,IBTrACS best track,58.67329087407408,False,hourly mean,3
EP112025,Kiko (2025),with_era5,2025-09-04T20:00:00+00:00,ibtracs_best_track,IBTrACS best track,58.28714031604938,False,hourly mean,3
EP112025,Kiko (2025),with_era5,2025-09-04T21:00:00+00:00,ibtracs_best_track,IBTrACS best track,57.88193627654321,False,hourly mean,3
EP112025,Kiko (2025),with_era5,2025-09-04T22:00:00+00:00,ibtracs_best_track,IBTrACS best track,57.400518311111114,False,hourly mean,3
EP112025,Kiko (2025),with_era5,2025-09-04T23:00:00+00:00,ibtracs_best_track,IBTrACS best track,56.91020872098766,False,hourly mean,3
EP112025,Kiko (2025),with_era5,2025-09-05T00:00:00+00:00,ibtracs_best_track,IBTrACS best track,56.47705957530865,False,hourly mean,3
EP112025,Kiko (2025),with_era5,2025-09-05T01:00:00+00:00,ibtracs_best_track,IBTrACS best track,56.10107087407408,False,hourly mean,3
EP112025,Kiko (2025),with_era5,2025-09-05T02:00:00+00:00,ibtracs_best_track,IBTrACS best track,55.733973797530865,False,hourly mean,3
EP112025,Kiko (2025),with_era5,2025-09-05T03:00:00+00:00,ibtracs_best_track,IBTrACS best track,55.30971627654321,False,hourly mean,3
EP112025,Kiko (2025),with_era5,2025-09-05T04:00:00+00:00,ibtracs_best_track,IBTrACS best track,54.82829831111112,False,hourly mean,3
EP112025,Kiko (2025),with_era5,2025-09-05T05:00:00+00:00,ibtracs_best_track,IBTrACS best track,54.33798872098765,False,hourly mean,3
EP112025,Kiko (2025),with_era5,2025-09-05T06:00:00+00:00,ibtracs_best_track,IBTrACS best track,53.90483957530864,False,hourly mean,3
EP112025,Kiko (2025),with_era5,2025-09-05T07:00:00+00:00,ibtracs_best_track,IBTrACS best track,53.52883499617284,False,hourly mean,3
EP112025,Kiko (2025),with_era5,2025-09-05T08:00:00+00:00,ibtracs_best_track,IBTrACS best track,53.161698224876545,False,hourly mean,3
EP112025,Kiko (2025),with_era5,2025-09-05T09:00:00+00:00,ibtracs_best_track,IBTrACS best track,52.73739307018519,False,hourly mean,3
EP112025,Kiko (2025),with_era5,2025-09-05T10:00:00+00:00,ibtracs_best_track,IBTrACS best track,52.255943348950616,False,hourly mean,3
EP112025,Kiko (2025),with_era5,2025-09-05T11:00:00+00:00,ibtracs_best_track,IBTrACS best track,51.88639313666667,False,hourly mean,3
EP112025,Kiko (2025),with_era5,2025-09-05T12:00:00+00:00,ibtracs_best_track,IBTrACS best track,51.85981353,False,hourly mean,3
EP112025,Kiko (2025),with_era5,2025-09-05T13:00:00+00:00,ibtracs_best_track,IBTrACS best track,52.176196589999996,False,hourly mean,3
EP112025,Kiko (2025),with_era5,2025-09-05T14:00:00+00:00,ibtracs_best_track,IBTrACS best track,52.66649030222222,False,hourly mean,3
EP112025,Kiko (2025),with_era5,2025-09-05T15:00:00+00:00,ibtracs_best_track,IBTrACS best track,53.099623570000006,False,hourly mean,3
EP112025,Kiko (2025),with_era5,2025-09-05T16:00:00+00:00,ibtracs_best_track,IBTrACS best track,53.47559639333334,False,hourly mean,3
EP112025,Kiko (2025),with_era5,2025-09-05T17:00:00+00:00,ibtracs_best_track,IBTrACS best track,53.891009923333336,False,hourly mean,3
EP112025,Kiko (2025),with_era5,2025-09-05T18:00:00+00:00,ibtracs_best_track,IBTrACS best track,54.47790478666667,False,hourly mean,3
EP112025,Kiko (2025),with_era5,2025-09-05T19:00:00+00:00,ibtracs_best_track,IBTrACS best track,55.23628098333333,False,hourly mean,3
EP112025,Kiko (2025),with_era5,2025-09-05T20:00:00+00:00,ibtracs_best_track,IBTrACS best track,56.09362149207819,False,hourly mean,3
EP112025,Kiko (2025),with_era5,2025-09-05T21:00:00+00:00,ibtracs_best_track,IBTrACS best track,56.950948769238686,False,hourly mean,3
EP112025,Kiko (2025),with_era5,2025-09-05T22:00:00+00:00,ibtracs_best_track,IBTrACS best track,57.80827604639918,False,hourly mean,3
EP112025,Kiko (2025),with_era5,2025-09-05T23:00:00+00:00,ibtracs_best_track,IBTrACS best track,58.61740066172839,False,hourly mean,3
EP112025,Kiko (2025),with_era5,2025-09-06T00:00:00+00:00,ibtracs_best_track,IBTrACS best track,59.312217619753085,False,hourly mean,3
EP112025,Kiko (2025),with_era5,2025-09-06T01:00:00+00:00,ibtracs_best_track,IBTrACS best track,59.8927136888889,False,hourly mean,3
EP112025,Kiko (2025),with_era5,2025-09-06T02:00:00+00:00,ibtracs_best_track,IBTrACS best track,60.38302327901235,False,hourly mean,3
EP112025,Kiko (2025),with_era5,2025-09-06T03:00:00+00:00,ibtracs_best_track,IBTrACS best track,60.81617242469136,False,hourly mean,3
EP112025,Kiko (2025),with_era5,2025-09-06T04:00:00+00:00,ibtracs_best_track,IBTrACS best track,61.19216112592593,False,hourly mean,3
EP112025,Kiko (2025),with_era5,2025-09-06T05:00:00+00:00,ibtracs_best_track,IBTrACS best track,61.36618292345679,False,hourly mean,3
EP112025,Kiko (2025),with_era5,2025-09-06T06:00:00+00:00,ibtracs_best_track,IBTrACS best track,61.140081609876546,False,hourly mean,3
EP112025,Kiko (2025),with_era5,2025-09-06T07:00:00+00:00,ibtracs_best_track,IBTrACS best track,60.513817490432096,False,hourly mean,3
EP112025,Kiko (2025),with_era5,2025-09-06T08:00:00+00:00,ibtracs_best_track,IBTrACS best track,59.65634466584362,False,hourly mean,3
EP112025,Kiko (2025),with_era5,2025-09-06T09:00:00+00:00,ibtracs_best_track,IBTrACS best track,58.78456849855968,False,hourly mean,3
EP112025,Kiko (2025),with_era5,2025-09-06T10:00:00+00:00,ibtracs_best_track,IBTrACS best track,57.92712213713992,False,hourly mean,3
EP112025,Kiko (2025),with_era5,2025-09-06T11:00:00+00:00,ibtracs_best_track,IBTrACS best track,57.19045367777778,False,hourly mean,3
EP112025,Kiko (2025),with_era5,2025-09-06T12:00:00+00:00,ibtracs_best_track,IBTrACS best track,56.75389078333333,False,hourly mean,3
EP112025,Kiko (2025),with_era5,2025-09-06T13:00:00+00:00,ibtracs_best_track,IBTrACS best track,56.588840000000005,False,hourly mean,3
EP112025,Kiko (2025),with_era5,2025-09-06T14:00:00+00:00,ibtracs_best_track,IBTrACS best track,56.588840000000005,False,hourly mean,3
EP112025,Kiko (2025),with_era5,2025-09-06T15:00:00+00:00,ibtracs_best_track,IBTrACS best track,56.588840000000005,False,hourly mean,3
EP112025,Kiko (2025),with_era5,2025-09-06T16:00:00+00:00,ibtracs_best_track,IBTrACS best track,56.588840000000005,False,hourly mean,3
EP112025,Kiko (2025),with_era5,2025-09-06T17:00:00+00:00,ibtracs_best_track,IBTrACS best track,56.661290863333335,False,hourly mean,3
EP112025,Kiko (2025),with_era5,2025-09-06T18:00:00+00:00,ibtracs_best_track,IBTrACS best track,56.905223060000004,False,hourly mean,3
EP112025,Kiko (2025),with_era5,2025-09-06T19:00:00+00:00,ibtracs_best_track,IBTrACS best track,57.32063659,False,hourly mean,3
EP112025,Kiko (2025),with_era5,2025-09-06T20:00:00+00:00,ibtracs_best_track,IBTrACS best track,57.810930302222225,False,hourly mean,3
EP112025,Kiko (2025),with_era5,2025-09-06T21:00:00+00:00,ibtracs_best_track,IBTrACS best track,58.24406357,False,hourly mean,3
EP112025,Kiko (2025),with_era5,2025-09-06T22:00:00+00:00,ibtracs_best_track,IBTrACS best track,58.62003639333333,False,hourly mean,3
EP112025,Kiko (2025),with_era5,2025-09-06T23:00:00+00:00,ibtracs_best_track,IBTrACS best track,58.86639790888889,False,hourly mean,3
EP112025,Kiko (2025),with_era5,2025-09-07T00:00:00+00:00,ibtracs_best_track,IBTrACS best track,58.884117646666674,False,hourly mean,3
EP112025,Kiko (2025),with_era5,2025-09-07T01:00:00+00:00,ibtracs_best_track,IBTrACS best track,58.67319560666667,False,hourly mean,3
EP112025,Kiko (2025),with_era5,2025-09-07T02:00:00+00:00,ibtracs_best_track,IBTrACS best track,58.30608265222222,False,hourly mean,3
EP112025,Kiko (2025),with_era5,2025-09-07T03:00:00+00:00,ibtracs_best_track,IBTrACS best track,57.88180925333334,False,hourly mean,3
EP112025,Kiko (2025),with_era5,2025-09-07T04:00:00+00:00,ibtracs_best_track,IBTrACS best track,57.40037541,False,hourly mean,3
EP112025,Kiko (2025),with_era5,2025-09-07T05:00:00+00:00,ibtracs_best_track,IBTrACS best track,56.91008169777778,False,hourly mean,3
EP112025,Kiko (2025),with_era5,2025-09-07T06:00:00+00:00,ibtracs_best_track,IBTrACS best track,56.47694843,False,hourly mean,3
EP112025,Kiko (2025),with_era5,2025-09-07T07:00:00+00:00,ibtracs_best_track,IBTrACS best track,56.10097031403293,False,hourly mean,3
EP112025,Kiko (2025),with_era5,2025-09-07T08:00:00+00:00,ibtracs_best_track,IBTrACS best track,55.73385735958848,False,hourly mean,3
EP112025,Kiko (2025),with_era5,2025-09-07T09:00:00+00:00,ibtracs_best_track,IBTrACS best track,55.30958396069959,False,hourly mean,3
EP112025,Kiko (2025),with_era5,2025-09-07T10:00:00+00:00,ibtracs_best_track,IBTrACS best track,54.828155409999994,False,hourly mean,3
EP112025,Kiko (2025),with_era5,2025-09-07T11:00:00+00:00,ibtracs_best_track,IBTrACS best track,54.265410834444445,False,hourly mean,3
EP112025,Kiko (2025),with_era5,2025-09-07T12:00:00+00:00,ibtracs_best_track,IBTrACS best track,53.588345370000006,False,hourly mean,3
EP112025,Kiko (2025),with_era5,2025-09-07T13:00:00+00:00,ibtracs_best_track,IBTrACS best track,52.79695901666667,False,hourly mean,3
EP112025,Kiko (2025),with_era5,2025-09-07T14:00:00+00:00,ibtracs_best_track,IBTrACS best track,51.93955234999999,False,hourly mean,3
EP112025,Kiko (2025),with_era5,2025-09-07T15:00:00+00:00,ibtracs_best_track,IBTrACS best track,51.08214568333332,False,hourly mean,3
EP112025,Kiko (2025),with_era5,2025-09-07T16:00:00+00:00,ibtracs_best_track,IBTrACS best track,50.22473901666666,False,hourly mean,3
EP112025,Kiko (2025),with_era5,2025-09-07T17:00:00+00:00,ibtracs_best_track,IBTrACS best track,49.48808378888888,False,hourly mean,3
EP112025,Kiko (2025),with_era5,2025-09-07T18:00:00+00:00,ibtracs_best_track,IBTrACS best track,49.037230783333335,False,hourly mean,3
EP112025,Kiko (2025),with_era5,2025-09-07T19:00:00+00:00,ibtracs_best_track,IBTrACS best track,48.87217999999999,False,hourly mean,3
EP112025,Kiko (2025),with_era5,2025-09-07T20:00:00+00:00,ibtracs_best_track,IBTrACS best track,48.87217999999999,False,hourly mean,3
EP112025,Kiko (2025),with_era5,2025-09-07T21:00:00+00:00,ibtracs_best_track,IBTrACS best track,48.87217999999999,False,hourly mean,3
EP112025,Kiko (2025),with_era5,2025-09-07T22:00:00+00:00,ibtracs_best_track,IBTrACS best track,48.87217999999999,False,hourly mean,3
EP112025,Kiko (2025),with_era5,2025-09-07T23:00:00+00:00,ibtracs_best_track,IBTrACS best track,48.82387942444444,False,hourly mean,3
EP112025,Kiko (2025),with_era5,2025-09-08T00:00:00+00:00,ibtracs_best_track,IBTrACS best track,48.66125796,False,hourly mean,3
EP112025,Kiko (2025),with_era5,2025-09-08T01:00:00+00:00,ibtracs_best_track,IBTrACS best track,48.38431560666667,False,hourly mean,3
EP112025,Kiko (2025),with_era5,2025-09-08T02:00:00+00:00,ibtracs_best_track,IBTrACS best track,48.01720265222222,False,hourly mean,3
EP112025,Kiko (2025),with_era5,2025-09-08T03:00:00+00:00,ibtracs_best_track,IBTrACS best track,47.59292925333333,False,hourly mean,3
EP112025,Kiko (2025),with_era5,2025-09-08T04:00:00+00:00,ibtracs_best_track,IBTrACS best track,47.11149541,False,hourly mean,3
EP112025,Kiko (2025),with_era5,2025-09-08T05:00:00+00:00,ibtracs_best_track,IBTrACS best track,46.621201697777785,False,hourly mean,3
EP112025,Kiko (2025),with_era5,2025-09-08T06:00:00+00:00,ibtracs_best_track,IBTrACS best track,46.18806843000001,False,hourly mean,3
EP112025,Kiko (2025),with_era5,2025-09-08T07:00:00+00:00,ibtracs_best_track,IBTrACS best track,45.812095606666674,False,hourly mean,3
EP112025,Kiko (2025),with_era5,2025-09-08T08:00:00+00:00,ibtracs_best_track,IBTrACS best track,45.44498265222222,False,hourly mean,3
EP112025,Kiko (2025),with_era5,2025-09-08T09:00:00+00:00,ibtracs_best_track,IBTrACS best track,45.02070925333334,False,hourly mean,3
EP112025,Kiko (2025),with_era5,2025-09-08T10:00:00+00:00,ibtracs_best_track,IBTrACS best track,44.539275409999995,False,hourly mean,3
EP112025,Kiko (2025),with_era5,2025-09-08T11:00:00+00:00,ibtracs_best_track,IBTrACS best track,44.048981697777776,False,hourly mean,3
EP112025,Kiko (2025),with_era5,2025-09-08T12:00:00+00:00,ibtracs_best_track,IBTrACS best track,43.61584843,False,hourly mean,3
EP112025,Kiko (2025),with_era5,2025-09-08T13:00:00+00:00,ibtracs_best_track,IBTrACS best track,43.239875606666665,False,hourly mean,3
EP112025,Kiko (2025),with_era5,2025-09-08T14:00:00+00:00,ibtracs_best_track,IBTrACS best track,42.87276265222223,False,hourly mean,3
EP112025,Kiko (2025),with_era5,2025-09-08T15:00:00+00:00,ibtracs_best_track,IBTrACS best track,42.448489253333335,False,hourly mean,3
EP112025,Kiko (2025),with_era5,2025-09-08T16:00:00+00:00,ibtracs_best_track,IBTrACS best track,41.96705541,False,hourly mean,3
EP112025,Kiko (2025),with_era5,2025-09-08T17:00:00+00:00,ibtracs_best_track,IBTrACS best track,41.35601025888889,False,hourly mean,3
EP112025,Kiko (2025),with_era5,2025-09-08T18:00:00+00:00,ibtracs_best_track,IBTrACS best track,40.51632333,False,hourly mean,3
EP112025,Kiko (2025),with_era5,2025-09-08T19:00:00+00:00,ibtracs_best_track,IBTrACS best track,39.44799462333333,False,hourly mean,3
EP112025,Kiko (2025),with_era5,2025-09-08T20:00:00+00:00,ibtracs_best_track,IBTrACS best track,38.22347500222222,False,hourly mean,3
EP112025,Kiko (2025),with_era5,2025-09-08T21:00:00+00:00,ibtracs_best_track,IBTrACS best track,36.94179493666667,False,hourly mean,3
EP112025,Kiko (2025),with_era5,2025-09-08T22:00:00+00:00,ibtracs_best_track,IBTrACS best track,35.60295442666667,False,hourly mean,3
EP112025,Kiko (2025),with_era5,2025-09-08T23:00:00+00:00,ibtracs_best_track,IBTrACS best track,34.255254047777775,False,hourly mean,3
EP112025,Kiko (2025),with_era5,2025-09-09T00:00:00+00:00,ibtracs_best_track,IBTrACS best track,32.964714113333336,False,hourly mean,3
EP112025,Kiko (2025),with_era5,2025-09-09T01:00:00+00:00,ibtracs_best_track,IBTrACS best track,31.731334623333336,False,hourly mean,3
EP112025,Kiko (2025),with_era5,2025-09-09T02:00:00+00:00,ibtracs_best_track,IBTrACS best track,30.506815002222226,False,hourly mean,3
EP112025,Kiko (2025),with_era5,2025-09-09T03:00:00+00:00,ibtracs_best_track,IBTrACS best track,29.225134936666667,False,hourly mean,3
EP112025,Kiko (2025),with_era5,2025-09-09T04:00:00+00:00,ibtracs_best_track,IBTrACS best track,27.886294426666666,False,hourly mean,3
EP112025,Kiko (2025),with_era5,2025-09-09T05:00:00+00:00,ibtracs_best_track,IBTrACS best track,26.586894623333333,False,hourly mean,3
EP112025,Kiko (2025),with_era5,2025-09-09T06:00:00+00:00,ibtracs_best_track,IBTrACS best track,25.458976153333335,False,hourly mean,3
EP112025,Kiko (2025),with_era5,2025-09-09T07:00:00+00:00,ibtracs_best_track,IBTrACS best track,24.50253901666667,False,hourly mean,3
EP112025,Kiko (2025),with_era5,2025-09-09T08:00:00+00:00,ibtracs_best_track,IBTrACS best track,23.64513235,False,hourly mean,3
EP112025,Kiko (2025),with_era5,2025-09-09T09:00:00+00:00,ibtracs_best_track,IBTrACS best track,22.787725683333335,False,hourly mean,3
EP112025,Kiko (2025),with_era5,2025-09-09T10:00:00+00:00,ibtracs_best_track,IBTrACS best track,21.93031901666667,False,hourly mean,3
EP112025,Kiko (2025),with_era5,2025-09-09T11:00:00+00:00,ibtracs_best_track,IBTrACS best track,21.19366378888889,False,hourly mean,3
EP112025,Kiko (2025),with_era5,2025-09-09T12:00:00+00:00,ibtracs_best_track,IBTrACS best track,20.742810783333336,False,hourly mean,3
EP112025,Kiko (2025),with_era5,2025-09-09T13:00:00+00:00,ibtracs_best_track,IBTrACS best track,20.57776,False,hourly mean,3
EP112025,Kiko (2025),with_era5,2025-09-09T14:00:00+00:00,ibtracs_best_track,IBTrACS best track,20.57776,False,hourly mean,3
EP112025,Kiko (2025),with_era5,2025-09-09T15:00:00+00:00,ibtracs_best_track,IBTrACS best track,20.57776,False,hourly mean,3
EP112025,Kiko (2025),with_era5,2025-09-09T16:00:00+00:00,ibtracs_best_track,IBTrACS best track,20.57776,False,hourly mean,3
EP112025,Kiko (2025),with_era5,2025-09-09T17:00:00+00:00,ibtracs_best_track,IBTrACS best track,20.529459424444447,False,hourly mean,3
EP112025,Kiko (2025),with_era5,2025-09-09T18:00:00+00:00,ibtracs_best_track,IBTrACS best track,20.36683796,False,hourly mean,3
EP112025,Kiko (2025),with_era5,2025-09-09T19:00:00+00:00,ibtracs_best_track,IBTrACS best track,20.08989560666667,False,hourly mean,3
EP112025,Kiko (2025),with_era5,2025-09-09T20:00:00+00:00,ibtracs_best_track,IBTrACS best track,19.722782652222225,False,hourly mean,3
EP112025,Kiko (2025),with_era5,2025-09-09T21:00:00+00:00,ibtracs_best_track,IBTrACS best track,19.298509253333336,False,hourly mean,3
EP112025,Kiko (2025),with_era5,2025-09-09T22:00:00+00:00,ibtracs_best_track,IBTrACS best track,18.81707541,False,hourly mean,3
EP112025,Kiko (2025),with_era5,2025-09-09T23:00:00+00:00,ibtracs_best_track,IBTrACS best track,18.375082273333334,False,hourly mean,3
EP112025,Kiko (2025),with_era5,2025-09-10T00:00:00+00:00,ibtracs_best_track,IBTrACS best track,18.10457047,False,hourly mean,3
EP112025,Kiko (2025),with_era5,2025-09-10T01:00:00+00:00,ibtracs_best_track,IBTrACS best track,18.00554,False,hourly mean,3
EP112025,Kiko (2025),with_era5,2025-09-10T02:00:00+00:00,ibtracs_best_track,IBTrACS best track,18.00554,False,hourly mean,3
EP112025,Kiko (2025),with_era5,2025-09-10T03:00:00+00:00,ibtracs_best_track,IBTrACS best track,18.00554,False,hourly mean,3
EP112025,Kiko (2025),with_era5,2025-09-10T04:00:00+00:00,ibtracs_best_track,IBTrACS best track,18.00554,False,hourly mean,3
EP112025,Kiko (2025),with_era5,2025-09-10T05:00:00+00:00,ibtracs_best_track,IBTrACS best track,17.957239424444445,False,hourly mean,3
EP112025,Kiko (2025),with_era5,2025-09-10T06:00:00+00:00,ibtracs_best_track,IBTrACS best track,17.79461796,False,hourly mean,3
EP112025,Kiko (2025),with_era5,2025-09-10T07:00:00+00:00,ibtracs_best_track,IBTrACS best track,17.517675606666668,False,hourly mean,3
EP112025,Kiko (2025),with_era5,2025-09-10T08:00:00+00:00,ibtracs_best_track,IBTrACS best track,17.150562652222224,False,hourly mean,3
EP112025,Kiko (2025),with_era5,2025-09-10T09:00:00+00:00,ibtracs_best_track,IBTrACS best track,16.726289253333334,False,hourly mean,3
EP112025,Kiko (2025),with_era5,2025-09-10T10:00:00+00:00,ibtracs_best_track,IBTrACS best track,16.24485541,False,hourly mean,3
EP112025,Kiko (2025),with_era5,2025-09-10T11:00:00+00:00,ibtracs_best_track,IBTrACS best track,15.802862273333332,False,hourly mean,3
EP112025,Kiko (2025),with_era5,2025-09-10T12:00:00+00:00,ibtracs_best_track,IBTrACS best track,15.532350469999999,False,hourly mean,3
EP112025,Kiko (2025),with_era5,2025-09-10T13:00:00+00:00,ibtracs_best_track,IBTrACS best track,15.43332,False,hourly mean,3
EP112025,Kiko (2025),with_era5,2025-09-10T14:00:00+00:00,ibtracs_best_track,IBTrACS best track,15.43332,False,hourly mean,3
EP112025,Kiko (2025),with_era5,2025-09-10T15:00:00+00:00,ibtracs_best_track,IBTrACS best track,15.43332,False,hourly mean,3
EP112025,Kiko (2025),with_era5,2025-09-10T16:00:00+00:00,ibtracs_best_track,IBTrACS best track,15.43332,False,hourly mean,3
EP112025,Kiko (2025),with_era5,2025-09-10T17:00:00+00:00,ibtracs_best_track,IBTrACS best track,15.43332,False,hourly mean,3
EP112025,Kiko (2025),with_era5,2025-09-10T18:00:00+00:00,ibtracs_best_track,IBTrACS best track,15.43332,False,hourly mean,3
EP112025,Kiko (2025),with_era5,2025-09-10T19:00:00+00:00,ibtracs_best_track,IBTrACS best track,15.43332,False,hourly mean,3
EP112025,Kiko (2025),with_era5,2025-09-10T20:00:00+00:00,ibtracs_best_track,IBTrACS best track,15.43332,False,hourly mean,3
EP112025,Kiko (2025),with_era5,2025-09-10T21:00:00+00:00,ibtracs_best_track,IBTrACS best track,15.43332,False,hourly mean,3
EP112025,Kiko (2025),with_era5,2025-09-10T22:00:00+00:00,ibtracs_best_track,IBTrACS best track,15.43332,False,hourly mean,3
EP112025,Kiko (2025),with_era5,2025-09-10T23:00:00+00:00,ibtracs_best_track,IBTrACS best track,15.43332,False,hourly mean,3
EP112025,Kiko (2025),with_era5,2025-08-31T00:00:00+00:00,era5_max_wind,ERA5 10 m maximum,9.294077505286964,False,hourly mean,3
EP112025,Kiko (2025),with_era5,2025-08-31T01:00:00+00:00,era5_max_wind,ERA5 10 m maximum,9.294077505286964,False,hourly mean,3
EP112025,Kiko (2025),with_era5,2025-08-31T02:00:00+00:00,era5_max_wind,ERA5 10 m maximum,9.021471971569431,False,hourly mean,3
EP112025,Kiko (2025),with_era5,2025-08-31T03:00:00+00:00,era5_max_wind,ERA5 10 m maximum,8.748866437851897,False,hourly mean,3
EP112025,Kiko (2025),with_era5,2025-08-31T04:00:00+00:00,era5_max_wind,ERA5 10 m maximum,8.476260904134362,False,hourly mean,3
EP112025,Kiko (2025),with_era5,2025-08-31T05:00:00+00:00,era5_max_wind,ERA5 10 m maximum,8.476260904134362,False,hourly mean,3
EP112025,Kiko (2025),with_era5,2025-08-31T06:00:00+00:00,era5_max_wind,ERA5 10 m maximum,8.476260904134362,False,hourly mean,3
EP112025,Kiko (2025),with_era5,2025-08-31T07:00:00+00:00,era5_max_wind,ERA5 10 m maximum,8.476260904134362,False,hourly mean,3
EP112025,Kiko (2025),with_era5,2025-08-31T08:00:00+00:00,era5_max_wind,ERA5 10 m maximum,9.31034788252799,False,hourly mean,3
EP112025,Kiko (2025),with_era5,2025-08-31T09:00:00+00:00,era5_max_wind,ERA5 10 m maximum,10.144434860921619,False,hourly mean,3
EP112025,Kiko (2025),with_era5,2025-08-31T10:00:00+00:00,era5_max_wind,ERA5 10 m maximum,10.978521839315247,False,hourly mean,3
EP112025,Kiko (2025),with_era5,2025-08-31T11:00:00+00:00,era5_max_wind,ERA5 10 m maximum,10.978521839315247,False,hourly mean,3
EP112025,Kiko (2025),with_era5,2025-08-31T12:00:00+00:00,era5_max_wind,ERA5 10 m maximum,10.978521839315247,False,hourly mean,3
EP112025,Kiko (2025),with_era5,2025-08-31T13:00:00+00:00,era5_max_wind,ERA5 10 m maximum,10.978521839315247,False,hourly mean,3
EP112025,Kiko (2025),with_era5,2025-08-31T14:00:00+00:00,era5_max_wind,ERA5 10 m maximum,11.698939924918477,False,hourly mean,3
EP112025,Kiko (2025),with_era5,2025-08-31T15:00:00+00:00,era5_max_wind,ERA5 10 m maximum,12.419358010521705,False,hourly mean,3
EP112025,Kiko (2025),with_era5,2025-08-31T16:00:00+00:00,era5_max_wind,ERA5 10 m maximum,13.139776096124935,False,hourly mean,3
EP112025,Kiko (2025),with_era5,2025-08-31T17:00:00+00:00,era5_max_wind,ERA5 10 m maximum,13.139776096124935,False,hourly mean,3
EP112025,Kiko (2025),with_era5,2025-08-31T18:00:00+00:00,era5_max_wind,ERA5 10 m maximum,13.139776096124935,False,hourly mean,3
EP112025,Kiko (2025),with_era5,2025-08-31T19:00:00+00:00,era5_max_wind,ERA5 10 m maximum,13.139776096124935,False,hourly mean,3
EP112025,Kiko (2025),with_era5,2025-08-31T20:00:00+00:00,era5_max_wind,ERA5 10 m maximum,13.25956766491848,False,hourly mean,3
EP112025,Kiko (2025),with_era5,2025-08-31T21:00:00+00:00,era5_max_wind,ERA5 10 m maximum,13.379359233712028,False,hourly mean,3
EP112025,Kiko (2025),with_era5,2025-08-31T22:00:00+00:00,era5_max_wind,ERA5 10 m maximum,13.499150802505573,False,hourly mean,3
EP112025,Kiko (2025),with_era5,2025-08-31T23:00:00+00:00,era5_max_wind,ERA5 10 m maximum,13.499150802505573,False,hourly mean,3
EP112025,Kiko (2025),with_era5,2025-09-01T00:00:00+00:00,era5_max_wind,ERA5 10 m maximum,13.499150802505573,False,hourly mean,3
EP112025,Kiko (2025),with_era5,2025-09-01T01:00:00+00:00,era5_max_wind,ERA5 10 m maximum,13.499150802505573,False,hourly mean,3
EP112025,Kiko (2025),with_era5,2025-09-01T02:00:00+00:00,era5_max_wind,ERA5 10 m maximum,13.163947344215876,False,hourly mean,3
EP112025,Kiko (2025),with_era5,2025-09-01T03:00:00+00:00,era5_max_wind,ERA5 10 m maximum,12.828743885926178,False,hourly mean,3
EP112025,Kiko (2025),with_era5,2025-09-01T04:00:00+00:00,era5_max_wind,ERA5 10 m maximum,12.49354042763648,False,hourly mean,3
EP112025,Kiko (2025),with_era5,2025-09-01T05:00:00+00:00,era5_max_wind,ERA5 10 m maximum,12.49354042763648,False,hourly mean,3
EP112025,Kiko (2025),with_era5,2025-09-01T06:00:00+00:00,era5_max_wind,ERA5 10 m maximum,12.49354042763648,False,hourly mean,3
EP112025,Kiko (2025),with_era5,2025-09-01T07:00:00+00:00,era5_max_wind,ERA5 10 m maximum,12.49354042763648,False,hourly mean,3
EP112025,Kiko (2025),with_era5,2025-09-01T08:00:00+00:00,era5_max_wind,ERA5 10 m maximum,12.278632162127442,False,hourly mean,3
EP112025,Kiko (2025),with_era5,2025-09-01T09:00:00+00:00,era5_max_wind,ERA5 10 m maximum,12.063723896618404,False,hourly mean,3
EP112025,Kiko (2025),with_era5,2025-09-01T10:00:00+00:00,era5_max_wind,ERA5 10 m maximum,11.848815631109366,False,hourly mean,3
EP112025,Kiko (2025),with_era5,2025-09-01T11:00:00+00:00,era5_max_wind,ERA5 10 m maximum,11.848815631109366,False,hourly mean,3
EP112025,Kiko (2025),with_era5,2025-09-01T12:00:00+00:00,era5_max_wind,ERA5 10 m maximum,11.848815631109366,False,hourly mean,3
EP112025,Kiko (2025),with_era5,2025-09-01T13:00:00+00:00,era5_max_wind,ERA5 10 m maximum,11.848815631109366,False,hourly mean,3
EP112025,Kiko (2025),with_era5,2025-09-01T14:00:00+00:00,era5_max_wind,ERA5 10 m maximum,12.2868612573454,False,hourly mean,3
EP112025,Kiko (2025),with_era5,2025-09-01T15:00:00+00:00,era5_max_wind,ERA5 10 m maximum,12.724906883581438,False,hourly mean,3
EP112025,Kiko (2025),with_era5,2025-09-01T16:00:00+00:00,era5_max_wind,ERA5 10 m maximum,13.162952509817472,False,hourly mean,3
EP112025,Kiko (2025),with_era5,2025-09-01T17:00:00+00:00,era5_max_wind,ERA5 10 m maximum,13.162952509817472,False,hourly mean,3
EP112025,Kiko (2025),with_era5,2025-09-01T18:00:00+00:00,era5_max_wind,ERA5 10 m maximum,13.162952509817472,False,hourly mean,3
EP112025,Kiko (2025),with_era5,2025-09-01T19:00:00+00:00,era5_max_wind,ERA5 10 m maximum,13.162952509817472,False,hourly mean,3
EP112025,Kiko (2025),with_era5,2025-09-01T20:00:00+00:00,era5_max_wind,ERA5 10 m maximum,13.218217890005151,False,hourly mean,3
EP112025,Kiko (2025),with_era5,2025-09-01T21:00:00+00:00,era5_max_wind,ERA5 10 m maximum,13.273483270192832,False,hourly mean,3
EP112025,Kiko (2025),with_era5,2025-09-01T22:00:00+00:00,era5_max_wind,ERA5 10 m maximum,13.328748650380513,False,hourly mean,3
EP112025,Kiko (2025),with_era5,2025-09-01T23:00:00+00:00,era5_max_wind,ERA5 10 m maximum,13.328748650380513,False,hourly mean,3
EP112025,Kiko (2025),with_era5,2025-09-02T00:00:00+00:00,era5_max_wind,ERA5 10 m maximum,13.328748650380513,False,hourly mean,3
EP112025,Kiko (2025),with_era5,2025-09-02T01:00:00+00:00,era5_max_wind,ERA5 10 m maximum,13.328748650380513,False,hourly mean,3
EP112025,Kiko (2025),with_era5,2025-09-02T02:00:00+00:00,era5_max_wind,ERA5 10 m maximum,13.186601122240845,False,hourly mean,3
EP112025,Kiko (2025),with_era5,2025-09-02T03:00:00+00:00,era5_max_wind,ERA5 10 m maximum,13.044453594101178,False,hourly mean,3
EP112025,Kiko (2025),with_era5,2025-09-02T04:00:00+00:00,era5_max_wind,ERA5 10 m maximum,12.90230606596151,False,hourly mean,3
EP112025,Kiko (2025),with_era5,2025-09-02T05:00:00+00:00,era5_max_wind,ERA5 10 m maximum,12.90230606596151,False,hourly mean,3
EP112025,Kiko (2025),with_era5,2025-09-02T06:00:00+00:00,era5_max_wind,ERA5 10 m maximum,12.90230606596151,False,hourly mean,3
EP112025,Kiko (2025),with_era5,2025-09-02T07:00:00+00:00,era5_max_wind,ERA5 10 m maximum,12.90230606596151,False,hourly mean,3
EP112025,Kiko (2025),with_era5,2025-09-02T08:00:00+00:00,era5_max_wind,ERA5 10 m maximum,12.954231479279846,False,hourly mean,3
EP112025,Kiko (2025),with_era5,2025-09-02T09:00:00+00:00,era5_max_wind,ERA5 10 m maximum,13.00615689259818,False,hourly mean,3
EP112025,Kiko (2025),with_era5,2025-09-02T10:00:00+00:00,era5_max_wind,ERA5 10 m maximum,13.058082305916516,False,hourly mean,3
EP112025,Kiko (2025),with_era5,2025-09-02T11:00:00+00:00,era5_max_wind,ERA5 10 m maximum,13.058082305916516,False,hourly mean,3
EP112025,Kiko (2025),with_era5,2025-09-02T12:00:00+00:00,era5_max_wind,ERA5 10 m maximum,13.058082305916516,False,hourly mean,3
EP112025,Kiko (2025),with_era5,2025-09-02T13:00:00+00:00,era5_max_wind,ERA5 10 m maximum,13.058082305916516,False,hourly mean,3
EP112025,Kiko (2025),with_era5,2025-09-02T14:00:00+00:00,era5_max_wind,ERA5 10 m maximum,13.110392333979155,False,hourly mean,3
EP112025,Kiko (2025),with_era5,2025-09-02T15:00:00+00:00,era5_max_wind,ERA5 10 m maximum,13.16270236204179,False,hourly mean,3
EP112025,Kiko (2025),with_era5,2025-09-02T16:00:00+00:00,era5_max_wind,ERA5 10 m maximum,13.215012390104425,False,hourly mean,3
EP112025,Kiko (2025),with_era5,2025-09-02T17:00:00+00:00,era5_max_wind,ERA5 10 m maximum,13.215012390104425,False,hourly mean,3
EP112025,Kiko (2025),with_era5,2025-09-02T18:00:00+00:00,era5_max_wind,ERA5 10 m maximum,13.215012390104425,False,hourly mean,3
EP112025,Kiko (2025),with_era5,2025-09-02T19:00:00+00:00,era5_max_wind,ERA5 10 m maximum,13.215012390104425,False,hourly mean,3
EP112025,Kiko (2025),with_era5,2025-09-02T20:00:00+00:00,era5_max_wind,ERA5 10 m maximum,13.95248952079937,False,hourly mean,3
EP112025,Kiko (2025),with_era5,2025-09-02T21:00:00+00:00,era5_max_wind,ERA5 10 m maximum,14.689966651494316,True,hourly mean,3
EP112025,Kiko (2025),with_era5,2025-09-02T22:00:00+00:00,era5_max_wind,ERA5 10 m maximum,15.427443782189263,True,hourly mean,3
EP112025,Kiko (2025),with_era5,2025-09-02T23:00:00+00:00,era5_max_wind,ERA5 10 m maximum,15.427443782189263,True,hourly mean,3
EP112025,Kiko (2025),with_era5,2025-09-03T00:00:00+00:00,era5_max_wind,ERA5 10 m maximum,15.427443782189263,True,hourly mean,3
EP112025,Kiko (2025),with_era5,2025-09-03T01:00:00+00:00,era5_max_wind,ERA5 10 m maximum,15.427443782189263,True,hourly mean,3
EP112025,Kiko (2025),with_era5,2025-09-03T02:00:00+00:00,era5_max_wind,ERA5 10 m maximum,15.677023257077051,True,hourly mean,3
EP112025,Kiko (2025),with_era5,2025-09-03T03:00:00+00:00,era5_max_wind,ERA5 10 m maximum,15.92660273196484,False,hourly mean,3
EP112025,Kiko (2025),with_era5,2025-09-03T04:00:00+00:00,era5_max_wind,ERA5 10 m maximum,16.17618220685263,False,hourly mean,3
EP112025,Kiko (2025),with_era5,2025-09-03T05:00:00+00:00,era5_max_wind,ERA5 10 m maximum,16.17618220685263,False,hourly mean,3
EP112025,Kiko (2025),with_era5,2025-09-03T06:00:00+00:00,era5_max_wind,ERA5 10 m maximum,16.17618220685263,False,hourly mean,3
EP112025,Kiko (2025),with_era5,2025-09-03T07:00:00+00:00,era5_max_wind,ERA5 10 m maximum,16.17618220685263,False,hourly mean,3
EP112025,Kiko (2025),with_era5,2025-09-03T08:00:00+00:00,era5_max_wind,ERA5 10 m maximum,16.058039548871953,False,hourly mean,3
EP112025,Kiko (2025),with_era5,2025-09-03T09:00:00+00:00,era5_max_wind,ERA5 10 m maximum,15.939896890891278,False,hourly mean,3
EP112025,Kiko (2025),with_era5,2025-09-03T10:00:00+00:00,era5_max_wind,ERA5 10 m maximum,15.821754232910605,False,hourly mean,3
EP112025,Kiko (2025),with_era5,2025-09-03T11:00:00+00:00,era5_max_wind,ERA5 10 m maximum,15.821754232910605,False,hourly mean,3
EP112025,Kiko (2025),with_era5,2025-09-03T12:00:00+00:00,era5_max_wind,ERA5 10 m maximum,15.821754232910605,False,hourly mean,3
EP112025,Kiko (2025),with_era5,2025-09-03T13:00:00+00:00,era5_max_wind,ERA5 10 m maximum,15.821754232910605,False,hourly mean,3
EP112025,Kiko (2025),with_era5,2025-09-03T14:00:00+00:00,era5_max_wind,ERA5 10 m maximum,16.337442720765594,False,hourly mean,3
EP112025,Kiko (2025),with_era5,2025-09-03T15:00:00+00:00,era5_max_wind,ERA5 10 m maximum,16.853131208620585,False,hourly mean,3
EP112025,Kiko (2025),with_era5,2025-09-03T16:00:00+00:00,era5_max_wind,ERA5 10 m maximum,17.36881969647558,False,hourly mean,3
EP112025,Kiko (2025),with_era5,2025-09-03T17:00:00+00:00,era5_max_wind,ERA5 10 m maximum,17.36881969647558,False,hourly mean,3
EP112025,Kiko (2025),with_era5,2025-09-03T18:00:00+00:00,era5_max_wind,ERA5 10 m maximum,17.36881969647558,True,hourly mean,3
EP112025,Kiko (2025),with_era5,2025-09-03T19:00:00+00:00,era5_max_wind,ERA5 10 m maximum,17.36881969647558,True,hourly mean,3
EP112025,Kiko (2025),with_era5,2025-09-03T20:00:00+00:00,era5_max_wind,ERA5 10 m maximum,16.798853784462473,True,hourly mean,3
EP112025,Kiko (2025),with_era5,2025-09-03T21:00:00+00:00,era5_max_wind,ERA5 10 m maximum,16.22888787244937,True,hourly mean,3
EP112025,Kiko (2025),with_era5,2025-09-03T22:00:00+00:00,era5_max_wind,ERA5 10 m maximum,15.658921960436267,True,hourly mean,3
EP112025,Kiko (2025),with_era5,2025-09-03T23:00:00+00:00,era5_max_wind,ERA5 10 m maximum,15.658921960436267,True,hourly mean,3
EP112025,Kiko (2025),with_era5,2025-09-04T00:00:00+00:00,era5_max_wind,ERA5 10 m maximum,15.658921960436267,True,hourly mean,3
EP112025,Kiko (2025),with_era5,2025-09-04T01:00:00+00:00,era5_max_wind,ERA5 10 m maximum,15.658921960436267,True,hourly mean,3
EP112025,Kiko (2025),with_era5,2025-09-04T02:00:00+00:00,era5_max_wind,ERA5 10 m maximum,15.937214004777466,True,hourly mean,3
EP112025,Kiko (2025),with_era5,2025-09-04T03:00:00+00:00,era5_max_wind,ERA5 10 m maximum,16.21550604911867,True,hourly mean,3
EP112025,Kiko (2025),with_era5,2025-09-04T04:00:00+00:00,era5_max_wind,ERA5 10 m maximum,16.49379809345987,True,hourly mean,3
EP112025,Kiko (2025),with_era5,2025-09-04T05:00:00+00:00,era5_max_wind,ERA5 10 m maximum,16.49379809345987,True,hourly mean,3
EP112025,Kiko (2025),with_era5,2025-09-04T06:00:00+00:00,era5_max_wind,ERA5 10 m maximum,16.49379809345987,True,hourly mean,3
EP112025,Kiko (2025),with_era5,2025-09-04T07:00:00+00:00,era5_max_wind,ERA5 10 m maximum,16.49379809345987,True,hourly mean,3
EP112025,Kiko (2025),with_era5,2025-09-04T08:00:00+00:00,era5_max_wind,ERA5 10 m maximum,16.481189567180966,True,hourly mean,3
EP112025,Kiko (2025),with_era5,2025-09-04T09:00:00+00:00,era5_max_wind,ERA5 10 m maximum,16.468581040902063,False,hourly mean,3
EP112025,Kiko (2025),with_era5,2025-09-04T10:00:00+00:00,era5_max_wind,ERA5 10 m maximum,16.45597251462316,False,hourly mean,3
EP112025,Kiko (2025),with_era5,2025-09-04T11:00:00+00:00,era5_max_wind,ERA5 10 m maximum,16.45597251462316,False,hourly mean,3
EP112025,Kiko (2025),with_era5,2025-09-04T12:00:00+00:00,era5_max_wind,ERA5 10 m maximum,16.45597251462316,False,hourly mean,3
EP112025,Kiko (2025),with_era5,2025-09-04T13:00:00+00:00,era5_max_wind,ERA5 10 m maximum,16.45597251462316,False,hourly mean,3
EP112025,Kiko (2025),with_era5,2025-09-04T14:00:00+00:00,era5_max_wind,ERA5 10 m maximum,16.64234827454353,False,hourly mean,3
EP112025,Kiko (2025),with_era5,2025-09-04T15:00:00+00:00,era5_max_wind,ERA5 10 m maximum,16.8287240344639,False,hourly mean,3
EP112025,Kiko (2025),with_era5,2025-09-04T16:00:00+00:00,era5_max_wind,ERA5 10 m maximum,17.015099794384273,False,hourly mean,3
EP112025,Kiko (2025),with_era5,2025-09-04T17:00:00+00:00,era5_max_wind,ERA5 10 m maximum,17.015099794384273,False,hourly mean,3
EP112025,Kiko (2025),with_era5,2025-09-04T18:00:00+00:00,era5_max_wind,ERA5 10 m maximum,17.015099794384273,False,hourly mean,3
EP112025,Kiko (2025),with_era5,2025-09-04T19:00:00+00:00,era5_max_wind,ERA5 10 m maximum,17.015099794384273,False,hourly mean,3
EP112025,Kiko (2025),with_era5,2025-09-04T20:00:00+00:00,era5_max_wind,ERA5 10 m maximum,16.72878206946128,False,hourly mean,3
EP112025,Kiko (2025),with_era5,2025-09-04T21:00:00+00:00,era5_max_wind,ERA5 10 m maximum,16.44246434453829,False,hourly mean,3
EP112025,Kiko (2025),with_era5,2025-09-04T22:00:00+00:00,era5_max_wind,ERA5 10 m maximum,16.156146619615296,False,hourly mean,3
EP112025,Kiko (2025),with_era5,2025-09-04T23:00:00+00:00,era5_max_wind,ERA5 10 m maximum,16.156146619615296,False,hourly mean,3
EP112025,Kiko (2025),with_era5,2025-09-05T00:00:00+00:00,era5_max_wind,ERA5 10 m maximum,16.156146619615296,False,hourly mean,3
EP112025,Kiko (2025),with_era5,2025-09-05T01:00:00+00:00,era5_max_wind,ERA5 10 m maximum,16.156146619615296,False,hourly mean,3
EP112025,Kiko (2025),with_era5,2025-09-05T02:00:00+00:00,era5_max_wind,ERA5 10 m maximum,15.673199732952307,False,hourly mean,3
EP112025,Kiko (2025),with_era5,2025-09-05T03:00:00+00:00,era5_max_wind,ERA5 10 m maximum,15.190252846289324,False,hourly mean,3
EP112025,Kiko (2025),with_era5,2025-09-05T04:00:00+00:00,era5_max_wind,ERA5 10 m maximum,14.70730595962634,False,hourly mean,3
EP112025,Kiko (2025),with_era5,2025-09-05T05:00:00+00:00,era5_max_wind,ERA5 10 m maximum,14.70730595962634,False,hourly mean,3
EP112025,Kiko (2025),with_era5,2025-09-05T06:00:00+00:00,era5_max_wind,ERA5 10 m maximum,14.70730595962634,False,hourly mean,3
EP112025,Kiko (2025),with_era5,2025-09-05T07:00:00+00:00,era5_max_wind,ERA5 10 m maximum,14.70730595962634,False,hourly mean,3
EP112025,Kiko (2025),with_era5,2025-09-05T08:00:00+00:00,era5_max_wind,ERA5 10 m maximum,14.96783172978578,False,hourly mean,3
EP112025,Kiko (2025),with_era5,2025-09-05T09:00:00+00:00,era5_max_wind,ERA5 10 m maximum,15.228357499945224,False,hourly mean,3
EP112025,Kiko (2025),with_era5,2025-09-05T10:00:00+00:00,era5_max_wind,ERA5 10 m maximum,15.488883270104665,False,hourly mean,3
EP112025,Kiko (2025),with_era5,2025-09-05T11:00:00+00:00,era5_max_wind,ERA5 10 m maximum,15.488883270104665,False,hourly mean,3
EP112025,Kiko (2025),with_era5,2025-09-05T12:00:00+00:00,era5_max_wind,ERA5 10 m maximum,15.488883270104665,False,hourly mean,3
EP112025,Kiko (2025),with_era5,2025-09-05T13:00:00+00:00,era5_max_wind,ERA5 10 m maximum,15.488883270104665,False,hourly mean,3
EP112025,Kiko (2025),with_era5,2025-09-05T14:00:00+00:00,era5_max_wind,ERA5 10 m maximum,15.588128733066824,False,hourly mean,3
EP112025,Kiko (2025),with_era5,2025-09-05T15:00:00+00:00,era5_max_wind,ERA5 10 m maximum,15.687374196028989,False,hourly mean,3
EP112025,Kiko (2025),with_era5,2025-09-05T16:00:00+00:00,era5_max_wind,ERA5 10 m maximum,15.78661965899115,False,hourly mean,3
EP112025,Kiko (2025),with_era5,2025-09-05T17:00:00+00:00,era5_max_wind,ERA5 10 m maximum,15.78661965899115,False,hourly mean,3
EP112025,Kiko (2025),with_era5,2025-09-05T18:00:00+00:00,era5_max_wind,ERA5 10 m maximum,15.78661965899115,False,hourly mean,3
EP112025,Kiko (2025),with_era5,2025-09-05T19:00:00+00:00,era5_max_wind,ERA5 10 m maximum,15.78661965899115,False,hourly mean,3
EP112025,Kiko (2025),with_era5,2025-09-05T20:00:00+00:00,era5_max_wind,ERA5 10 m maximum,15.689868124566479,False,hourly mean,3
EP112025,Kiko (2025),with_era5,2025-09-05T21:00:00+00:00,era5_max_wind,ERA5 10 m maximum,15.593116590141804,False,hourly mean,3
EP112025,Kiko (2025),with_era5,2025-09-05T22:00:00+00:00,era5_max_wind,ERA5 10 m maximum,15.496365055717135,False,hourly mean,3
EP112025,Kiko (2025),with_era5,2025-09-05T23:00:00+00:00,era5_max_wind,ERA5 10 m maximum,15.496365055717135,False,hourly mean,3
EP112025,Kiko (2025),with_era5,2025-09-06T00:00:00+00:00,era5_max_wind,ERA5 10 m maximum,15.496365055717135,False,hourly mean,3
EP112025,Kiko (2025),with_era5,2025-09-06T01:00:00+00:00,era5_max_wind,ERA5 10 m maximum,15.496365055717135,False,hourly mean,3
EP112025,Kiko (2025),with_era5,2025-09-06T02:00:00+00:00,era5_max_wind,ERA5 10 m maximum,15.240499106992496,False,hourly mean,3
EP112025,Kiko (2025),with_era5,2025-09-06T03:00:00+00:00,era5_max_wind,ERA5 10 m maximum,14.98463315826786,False,hourly mean,3
EP112025,Kiko (2025),with_era5,2025-09-06T04:00:00+00:00,era5_max_wind,ERA5 10 m maximum,14.728767209543221,False,hourly mean,3
EP112025,Kiko (2025),with_era5,2025-09-06T05:00:00+00:00,era5_max_wind,ERA5 10 m maximum,14.728767209543221,False,hourly mean,3
EP112025,Kiko (2025),with_era5,2025-09-06T06:00:00+00:00,era5_max_wind,ERA5 10 m maximum,14.728767209543221,False,hourly mean,3
EP112025,Kiko (2025),with_era5,2025-09-06T07:00:00+00:00,era5_max_wind,ERA5 10 m maximum,14.728767209543221,False,hourly mean,3
EP112025,Kiko (2025),with_era5,2025-09-06T08:00:00+00:00,era5_max_wind,ERA5 10 m maximum,15.054282887811043,False,hourly mean,3
EP112025,Kiko (2025),with_era5,2025-09-06T09:00:00+00:00,era5_max_wind,ERA5 10 m maximum,15.379798566078867,False,hourly mean,3
EP112025,Kiko (2025),with_era5,2025-09-06T10:00:00+00:00,era5_max_wind,ERA5 10 m maximum,15.70531424434669,False,hourly mean,3
EP112025,Kiko (2025),with_era5,2025-09-06T11:00:00+00:00,era5_max_wind,ERA5 10 m maximum,15.70531424434669,False,hourly mean,3
EP112025,Kiko (2025),with_era5,2025-09-06T12:00:00+00:00,era5_max_wind,ERA5 10 m maximum,15.70531424434669,False,hourly mean,3
EP112025,Kiko (2025),with_era5,2025-09-06T13:00:00+00:00,era5_max_wind,ERA5 10 m maximum,15.70531424434669,False,hourly mean,3
EP112025,Kiko (2025),with_era5,2025-09-06T14:00:00+00:00,era5_max_wind,ERA5 10 m maximum,15.878238303481544,False,hourly mean,3
EP112025,Kiko (2025),with_era5,2025-09-06T15:00:00+00:00,era5_max_wind,ERA5 10 m maximum,16.0511623626164,False,hourly mean,3
EP112025,Kiko (2025),with_era5,2025-09-06T16:00:00+00:00,era5_max_wind,ERA5 10 m maximum,16.224086421751252,False,hourly mean,3
EP112025,Kiko (2025),with_era5,2025-09-06T17:00:00+00:00,era5_max_wind,ERA5 10 m maximum,16.224086421751252,False,hourly mean,3
EP112025,Kiko (2025),with_era5,2025-09-06T18:00:00+00:00,era5_max_wind,ERA5 10 m maximum,16.224086421751252,False,hourly mean,3
EP112025,Kiko (2025),with_era5,2025-09-06T19:00:00+00:00,era5_max_wind,ERA5 10 m maximum,16.224086421751252,False,hourly mean,3
EP112025,Kiko (2025),with_era5,2025-09-06T20:00:00+00:00,era5_max_wind,ERA5 10 m maximum,16.434399731578036,False,hourly mean,3
EP112025,Kiko (2025),with_era5,2025-09-06T21:00:00+00:00,era5_max_wind,ERA5 10 m maximum,16.64471304140482,False,hourly mean,3
EP112025,Kiko (2025),with_era5,2025-09-06T22:00:00+00:00,era5_max_wind,ERA5 10 m maximum,16.855026351231608,False,hourly mean,3
EP112025,Kiko (2025),with_era5,2025-09-06T23:00:00+00:00,era5_max_wind,ERA5 10 m maximum,16.855026351231608,False,hourly mean,3
EP112025,Kiko (2025),with_era5,2025-09-07T00:00:00+00:00,era5_max_wind,ERA5 10 m maximum,16.855026351231608,False,hourly mean,3
EP112025,Kiko (2025),with_era5,2025-09-07T01:00:00+00:00,era5_max_wind,ERA5 10 m maximum,16.855026351231608,False,hourly mean,3
EP112025,Kiko (2025),with_era5,2025-09-07T02:00:00+00:00,era5_max_wind,ERA5 10 m maximum,16.85019041444384,False,hourly mean,3
EP112025,Kiko (2025),with_era5,2025-09-07T03:00:00+00:00,era5_max_wind,ERA5 10 m maximum,16.84535447765607,False,hourly mean,3
EP112025,Kiko (2025),with_era5,2025-09-07T04:00:00+00:00,era5_max_wind,ERA5 10 m maximum,16.840518540868306,False,hourly mean,3
EP112025,Kiko (2025),with_era5,2025-09-07T05:00:00+00:00,era5_max_wind,ERA5 10 m maximum,16.840518540868306,False,hourly mean,3
EP112025,Kiko (2025),with_era5,2025-09-07T06:00:00+00:00,era5_max_wind,ERA5 10 m maximum,16.840518540868306,False,hourly mean,3
EP112025,Kiko (2025),with_era5,2025-09-07T07:00:00+00:00,era5_max_wind,ERA5 10 m maximum,16.840518540868306,False,hourly mean,3
EP112025,Kiko (2025),with_era5,2025-09-07T08:00:00+00:00,era5_max_wind,ERA5 10 m maximum,17.238440877868122,False,hourly mean,3
EP112025,Kiko (2025),with_era5,2025-09-07T09:00:00+00:00,era5_max_wind,ERA5 10 m maximum,17.63636321486794,False,hourly mean,3
EP112025,Kiko (2025),with_era5,2025-09-07T10:00:00+00:00,era5_max_wind,ERA5 10 m maximum,18.03428555186776,False,hourly mean,3
EP112025,Kiko (2025),with_era5,2025-09-07T11:00:00+00:00,era5_max_wind,ERA5 10 m maximum,18.03428555186776,False,hourly mean,3
EP112025,Kiko (2025),with_era5,2025-09-07T12:00:00+00:00,era5_max_wind,ERA5 10 m maximum,18.03428555186776,False,hourly mean,3
EP112025,Kiko (2025),with_era5,2025-09-07T13:00:00+00:00,era5_max_wind,ERA5 10 m maximum,18.03428555186776,False,hourly mean,3
EP112025,Kiko (2025),with_era5,2025-09-07T14:00:00+00:00,era5_max_wind,ERA5 10 m maximum,18.20084399082301,False,hourly mean,3
EP112025,Kiko (2025),with_era5,2025-09-07T15:00:00+00:00,era5_max_wind,ERA5 10 m maximum,18.36740242977826,False,hourly mean,3
EP112025,Kiko (2025),with_era5,2025-09-07T16:00:00+00:00,era5_max_wind,ERA5 10 m maximum,18.53396086873351,False,hourly mean,3
EP112025,Kiko (2025),with_era5,2025-09-07T17:00:00+00:00,era5_max_wind,ERA5 10 m maximum,18.53396086873351,False,hourly mean,3
EP112025,Kiko (2025),with_era5,2025-09-07T18:00:00+00:00,era5_max_wind,ERA5 10 m maximum,18.53396086873351,False,hourly mean,3
EP112025,Kiko (2025),with_era5,2025-09-07T19:00:00+00:00,era5_max_wind,ERA5 10 m maximum,18.53396086873351,False,hourly mean,3
EP112025,Kiko (2025),with_era5,2025-09-07T20:00:00+00:00,era5_max_wind,ERA5 10 m maximum,18.187168579405185,False,hourly mean,3
EP112025,Kiko (2025),with_era5,2025-09-07T21:00:00+00:00,era5_max_wind,ERA5 10 m maximum,17.840376290076865,False,hourly mean,3
EP112025,Kiko (2025),with_era5,2025-09-07T22:00:00+00:00,era5_max_wind,ERA5 10 m maximum,17.493584000748545,False,hourly mean,3
EP112025,Kiko (2025),with_era5,2025-09-07T23:00:00+00:00,era5_max_wind,ERA5 10 m maximum,17.493584000748545,False,hourly mean,3
EP112025,Kiko (2025),with_era5,2025-09-08T00:00:00+00:00,era5_max_wind,ERA5 10 m maximum,17.493584000748545,False,hourly mean,3
EP112025,Kiko (2025),with_era5,2025-09-08T01:00:00+00:00,era5_max_wind,ERA5 10 m maximum,17.493584000748545,False,hourly mean,3
EP112025,Kiko (2025),with_era5,2025-09-08T02:00:00+00:00,era5_max_wind,ERA5 10 m maximum,18.18845061031807,False,hourly mean,3
EP112025,Kiko (2025),with_era5,2025-09-08T03:00:00+00:00,era5_max_wind,ERA5 10 m maximum,18.883317219887605,False,hourly mean,3
EP112025,Kiko (2025),with_era5,2025-09-08T04:00:00+00:00,era5_max_wind,ERA5 10 m maximum,19.578183829457135,False,hourly mean,3
EP112025,Kiko (2025),with_era5,2025-09-08T05:00:00+00:00,era5_max_wind,ERA5 10 m maximum,19.578183829457135,False,hourly mean,3
EP112025,Kiko (2025),with_era5,2025-09-08T06:00:00+00:00,era5_max_wind,ERA5 10 m maximum,19.578183829457135,False,hourly mean,3
EP112025,Kiko (2025),with_era5,2025-09-08T07:00:00+00:00,era5_max_wind,ERA5 10 m maximum,19.578183829457135,False,hourly mean,3
EP112025,Kiko (2025),with_era5,2025-09-08T08:00:00+00:00,era5_max_wind,ERA5 10 m maximum,20.451479334853754,False,hourly mean,3
EP112025,Kiko (2025),with_era5,2025-09-08T09:00:00+00:00,era5_max_wind,ERA5 10 m maximum,21.324774840250377,False,hourly mean,3
EP112025,Kiko (2025),with_era5,2025-09-08T10:00:00+00:00,era5_max_wind,ERA5 10 m maximum,22.198070345647,False,hourly mean,3
EP112025,Kiko (2025),with_era5,2025-09-08T11:00:00+00:00,era5_max_wind,ERA5 10 m maximum,22.198070345647,False,hourly mean,3
EP112025,Kiko (2025),with_era5,2025-09-08T12:00:00+00:00,era5_max_wind,ERA5 10 m maximum,22.198070345647,False,hourly mean,3
EP112025,Kiko (2025),with_era5,2025-09-08T13:00:00+00:00,era5_max_wind,ERA5 10 m maximum,22.198070345647,False,hourly mean,3
EP112025,Kiko (2025),with_era5,2025-09-08T14:00:00+00:00,era5_max_wind,ERA5 10 m maximum,22.061768838029085,False,hourly mean,3
EP112025,Kiko (2025),with_era5,2025-09-08T15:00:00+00:00,era5_max_wind,ERA5 10 m maximum,21.92546733041117,False,hourly mean,3
EP112025,Kiko (2025),with_era5,2025-09-08T16:00:00+00:00,era5_max_wind,ERA5 10 m maximum,21.789165822793255,False,hourly mean,3
EP112025,Kiko (2025),with_era5,2025-09-08T17:00:00+00:00,era5_max_wind,ERA5 10 m maximum,21.789165822793255,False,hourly mean,3
EP112025,Kiko (2025),with_era5,2025-09-08T18:00:00+00:00,era5_max_wind,ERA5 10 m maximum,21.789165822793255,False,hourly mean,3
EP112025,Kiko (2025),with_era5,2025-09-08T19:00:00+00:00,era5_max_wind,ERA5 10 m maximum,21.789165822793255,False,hourly mean,3
EP112025,Kiko (2025),with_era5,2025-09-08T20:00:00+00:00,era5_max_wind,ERA5 10 m maximum,20.850524664602517,False,hourly mean,3
EP112025,Kiko (2025),with_era5,2025-09-08T21:00:00+00:00,era5_max_wind,ERA5 10 m maximum,19.91188350641178,False,hourly mean,3
EP112025,Kiko (2025),with_era5,2025-09-08T22:00:00+00:00,era5_max_wind,ERA5 10 m maximum,18.973242348221046,False,hourly mean,3
EP112025,Kiko (2025),with_era5,2025-09-08T23:00:00+00:00,era5_max_wind,ERA5 10 m maximum,18.973242348221046,False,hourly mean,3
EP112025,Kiko (2025),with_era5,2025-09-09T00:00:00+00:00,era5_max_wind,ERA5 10 m maximum,18.973242348221046,False,hourly mean,3
EP112025,Kiko (2025),with_era5,2025-09-09T01:00:00+00:00,era5_max_wind,ERA5 10 m maximum,18.973242348221046,False,hourly mean,3
EP112025,Kiko (2025),with_era5,2025-09-09T02:00:00+00:00,era5_max_wind,ERA5 10 m maximum,18.87186289705285,False,hourly mean,3
EP112025,Kiko (2025),with_era5,2025-09-09T03:00:00+00:00,era5_max_wind,ERA5 10 m maximum,18.77048344588466,False,hourly mean,3
EP112025,Kiko (2025),with_era5,2025-09-09T04:00:00+00:00,era5_max_wind,ERA5 10 m maximum,18.66910399471647,False,hourly mean,3
EP112025,Kiko (2025),with_era5,2025-09-09T05:00:00+00:00,era5_max_wind,ERA5 10 m maximum,18.66910399471647,False,hourly mean,3
EP112025,Kiko (2025),with_era5,2025-09-09T06:00:00+00:00,era5_max_wind,ERA5 10 m maximum,18.66910399471647,False,hourly mean,3
EP112025,Kiko (2025),with_era5,2025-09-09T07:00:00+00:00,era5_max_wind,ERA5 10 m maximum,18.66910399471647,False,hourly mean,3
EP112025,Kiko (2025),with_era5,2025-09-09T08:00:00+00:00,era5_max_wind,ERA5 10 m maximum,18.497284395405735,False,hourly mean,3
EP112025,Kiko (2025),with_era5,2025-09-09T09:00:00+00:00,era5_max_wind,ERA5 10 m maximum,18.325464796095005,False,hourly mean,3
EP112025,Kiko (2025),with_era5,2025-09-09T10:00:00+00:00,era5_max_wind,ERA5 10 m maximum,18.153645196784275,False,hourly mean,3
EP112025,Kiko (2025),with_era5,2025-09-09T11:00:00+00:00,era5_max_wind,ERA5 10 m maximum,18.153645196784275,False,hourly mean,3
EP112025,Kiko (2025),with_era5,2025-09-09T12:00:00+00:00,era5_max_wind,ERA5 10 m maximum,18.153645196784275,False,hourly mean,3
EP112025,Kiko (2025),with_era5,2025-09-09T13:00:00+00:00,era5_max_wind,ERA5 10 m maximum,18.153645196784275,False,hourly mean,3
EP112025,Kiko (2025),with_era5,2025-09-09T14:00:00+00:00,era5_max_wind,ERA5 10 m maximum,17.700038563092324,False,hourly mean,3
EP112025,Kiko (2025),with_era5,2025-09-09T15:00:00+00:00,era5_max_wind,ERA5 10 m maximum,17.24643192940037,False,hourly mean,3
EP112025,Kiko (2025),with_era5,2025-09-09T16:00:00+00:00,era5_max_wind,ERA5 10 m maximum,16.79282529570842,False,hourly mean,3
EP112025,Kiko (2025),with_era5,2025-09-09T17:00:00+00:00,era5_max_wind,ERA5 10 m maximum,16.79282529570842,False,hourly mean,3
EP112025,Kiko (2025),with_era5,2025-09-09T18:00:00+00:00,era5_max_wind,ERA5 10 m maximum,16.79282529570842,False,hourly mean,3
EP112025,Kiko (2025),with_era5,2025-09-09T19:00:00+00:00,era5_max_wind,ERA5 10 m maximum,16.79282529570842,False,hourly mean,3
EP112025,Kiko (2025),with_era5,2025-09-09T20:00:00+00:00,era5_max_wind,ERA5 10 m maximum,16.37948263038081,False,hourly mean,3
EP112025,Kiko (2025),with_era5,2025-09-09T21:00:00+00:00,era5_max_wind,ERA5 10 m maximum,15.966139965053202,False,hourly mean,3
EP112025,Kiko (2025),with_era5,2025-09-09T22:00:00+00:00,era5_max_wind,ERA5 10 m maximum,15.552797299725595,False,hourly mean,3
EP112025,Kiko (2025),with_era5,2025-09-09T23:00:00+00:00,era5_max_wind,ERA5 10 m maximum,15.552797299725595,False,hourly mean,3
EP112025,Kiko (2025),with_era5,2025-09-10T00:00:00+00:00,era5_max_wind,ERA5 10 m maximum,15.552797299725595,False,hourly mean,3
EP112025,Kiko (2025),with_era5,2025-09-10T01:00:00+00:00,era5_max_wind,ERA5 10 m maximum,15.552797299725595,False,hourly mean,3
EP112025,Kiko (2025),with_era5,2025-09-10T02:00:00+00:00,era5_max_wind,ERA5 10 m maximum,15.297605716865467,False,hourly mean,3
EP112025,Kiko (2025),with_era5,2025-09-10T03:00:00+00:00,era5_max_wind,ERA5 10 m maximum,15.042414134005336,False,hourly mean,3
EP112025,Kiko (2025),with_era5,2025-09-10T04:00:00+00:00,era5_max_wind,ERA5 10 m maximum,14.787222551145211,False,hourly mean,3
EP112025,Kiko (2025),with_era5,2025-09-10T05:00:00+00:00,era5_max_wind,ERA5 10 m maximum,14.787222551145211,False,hourly mean,3
EP112025,Kiko (2025),with_era5,2025-09-10T06:00:00+00:00,era5_max_wind,ERA5 10 m maximum,14.787222551145211,False,hourly mean,3
EP112025,Kiko (2025),with_era5,2025-09-10T07:00:00+00:00,era5_max_wind,ERA5 10 m maximum,14.787222551145211,False,hourly mean,3
EP112025,Kiko (2025),with_era5,2025-09-10T08:00:00+00:00,era5_max_wind,ERA5 10 m maximum,14.62461160520432,False,hourly mean,3
EP112025,Kiko (2025),with_era5,2025-09-10T09:00:00+00:00,era5_max_wind,ERA5 10 m maximum,14.469408317990002,False,hourly mean,3
EP112025,Kiko (2025),with_era5,2025-09-10T10:00:00+00:00,era5_max_wind,ERA5 10 m maximum,14.314205030775689,False,hourly mean,3
EP112025,Kiko (2025),with_era5,2025-09-10T11:00:00+00:00,era5_max_wind,ERA5 10 m maximum,14.321612689502265,False,hourly mean,3
EP112025,Kiko (2025),with_era5,2025-09-10T12:00:00+00:00,era5_max_wind,ERA5 10 m maximum,14.321612689502265,False,hourly mean,3
EP112025,Kiko (2025),with_era5,2025-09-10T13:00:00+00:00,era5_max_wind,ERA5 10 m maximum,14.321612689502265,False,hourly mean,3
EP112025,Kiko (2025),with_era5,2025-09-10T14:00:00+00:00,era5_max_wind,ERA5 10 m maximum,14.321612689502265,False,hourly mean,3
EP112025,Kiko (2025),with_era5,2025-09-10T15:00:00+00:00,era5_max_wind,ERA5 10 m maximum,14.321612689502265,False,hourly mean,3
EP112025,Kiko (2025),with_era5,2025-09-10T16:00:00+00:00,era5_max_wind,ERA5 10 m maximum,14.321612689502265,False,hourly mean,3
EP112025,Kiko (2025),with_era5,2025-09-10T17:00:00+00:00,era5_max_wind,ERA5 10 m maximum,14.321612689502265,False,hourly mean,3
EP112025,Kiko (2025),with_era5,2025-09-10T18:00:00+00:00,era5_max_wind,ERA5 10 m maximum,14.321612689502265,False,hourly mean,3
EP112025,Kiko (2025),with_era5,2025-09-10T19:00:00+00:00,era5_max_wind,ERA5 10 m maximum,14.321612689502265,False,hourly mean,3
EP112025,Kiko (2025),with_era5,2025-09-10T20:00:00+00:00,era5_max_wind,ERA5 10 m maximum,14.321612689502265,False,hourly mean,3
EP112025,Kiko (2025),with_era5,2025-09-10T21:00:00+00:00,era5_max_wind,ERA5 10 m maximum,14.321612689502265,False,hourly mean,3
EP112025,Kiko (2025),with_era5,2025-09-10T22:00:00+00:00,era5_max_wind,ERA5 10 m maximum,14.321612689502265,False,hourly mean,3
EP112025,Kiko (2025),with_era5,2025-09-10T23:00:00+00:00,era5_max_wind,ERA5 10 m maximum,14.321612689502265,False,hourly mean,3
EP112025,Kiko (2025),with_era5,2025-08-31T00:00:00+00:00,correction_image_radii,Standard MLP · image radii,20.050113360087078,False,hourly mean,3
EP112025,Kiko (2025),with_era5,2025-08-31T01:00:00+00:00,correction_image_radii,Standard MLP · image radii,19.961120711432564,False,hourly mean,3
EP112025,Kiko (2025),with_era5,2025-08-31T02:00:00+00:00,correction_image_radii,Standard MLP · image radii,19.88720480600993,False,hourly mean,3
EP112025,Kiko (2025),with_era5,2025-08-31T03:00:00+00:00,correction_image_radii,Standard MLP · image radii,18.746516280704075,False,hourly mean,3
EP112025,Kiko (2025),with_era5,2025-08-31T04:00:00+00:00,correction_image_radii,Standard MLP · image radii,17.861424446105957,False,hourly mean,3
EP112025,Kiko (2025),with_era5,2025-08-31T05:00:00+00:00,correction_image_radii,Standard MLP · image radii,17.642693943447536,False,hourly mean,3
EP112025,Kiko (2025),with_era5,2025-08-31T06:00:00+00:00,correction_image_radii,Standard MLP · image radii,18.697052054935032,False,hourly mean,3
EP112025,Kiko (2025),with_era5,2025-08-31T07:00:00+00:00,correction_image_radii,Standard MLP · image radii,19.305751376681858,False,hourly mean,3
EP112025,Kiko (2025),with_era5,2025-08-31T08:00:00+00:00,correction_image_radii,Standard MLP · image radii,19.599675284491642,False,hourly mean,3
EP112025,Kiko (2025),with_era5,2025-08-31T09:00:00+00:00,correction_image_radii,Standard MLP · image radii,19.763161023457844,False,hourly mean,3
EP112025,Kiko (2025),with_era5,2025-08-31T10:00:00+00:00,correction_image_radii,Standard MLP · image radii,19.683351940578884,False,hourly mean,3
EP112025,Kiko (2025),with_era5,2025-08-31T11:00:00+00:00,correction_image_radii,Standard MLP · image radii,18.888496504889595,False,hourly mean,3
EP112025,Kiko (2025),with_era5,2025-08-31T12:00:00+00:00,correction_image_radii,Standard MLP · image radii,18.560147603352863,False,hourly mean,3
EP112025,Kiko (2025),with_era5,2025-08-31T13:00:00+00:00,correction_image_radii,Standard MLP · image radii,18.889437887403698,False,hourly mean,3
EP112025,Kiko (2025),with_era5,2025-08-31T14:00:00+00:00,correction_image_radii,Standard MLP · image radii,21.52966022491455,False,hourly mean,3
EP112025,Kiko (2025),with_era5,2025-08-31T15:00:00+00:00,correction_image_radii,Standard MLP · image radii,23.84280024634467,False,hourly mean,3
EP112025,Kiko (2025),with_era5,2025-08-31T16:00:00+00:00,correction_image_radii,Standard MLP · image radii,27.12416892581516,False,hourly mean,3
EP112025,Kiko (2025),with_era5,2025-08-31T17:00:00+00:00,correction_image_radii,Standard MLP · image radii,25.862563133239746,False,hourly mean,3
EP112025,Kiko (2025),with_era5,2025-08-31T18:00:00+00:00,correction_image_radii,Standard MLP · image radii,26.238981140984432,False,hourly mean,3
EP112025,Kiko (2025),with_era5,2025-08-31T19:00:00+00:00,correction_image_radii,Standard MLP · image radii,25.537789238823787,False,hourly mean,3
EP112025,Kiko (2025),with_era5,2025-08-31T20:00:00+00:00,correction_image_radii,Standard MLP · image radii,25.750304116143123,False,hourly mean,3
EP112025,Kiko (2025),with_era5,2025-08-31T21:00:00+00:00,correction_image_radii,Standard MLP · image radii,24.895729700724285,False,hourly mean,3
EP112025,Kiko (2025),with_era5,2025-08-31T22:00:00+00:00,correction_image_radii,Standard MLP · image radii,23.394847340053982,False,hourly mean,3
EP112025,Kiko (2025),with_era5,2025-08-31T23:00:00+00:00,correction_image_radii,Standard MLP · image radii,23.72808250851101,False,hourly mean,3
EP112025,Kiko (2025),with_era5,2025-09-01T00:00:00+00:00,correction_image_radii,Standard MLP · image radii,23.953373124864367,False,hourly mean,3
EP112025,Kiko (2025),with_era5,2025-09-01T01:00:00+00:00,correction_image_radii,Standard MLP · image radii,25.37260899013943,False,hourly mean,3
EP112025,Kiko (2025),with_era5,2025-09-01T02:00:00+00:00,correction_image_radii,Standard MLP · image radii,26.027011553446453,False,hourly mean,3
EP112025,Kiko (2025),with_era5,2025-09-01T03:00:00+00:00,correction_image_radii,Standard MLP · image radii,26.422668774922688,False,hourly mean,3
EP112025,Kiko (2025),with_era5,2025-09-01T04:00:00+00:00,correction_image_radii,Standard MLP · image radii,25.938695907592773,False,hourly mean,3
EP112025,Kiko (2025),with_era5,2025-09-01T05:00:00+00:00,correction_image_radii,Standard MLP · image radii,25.41789976755778,False,hourly mean,3
EP112025,Kiko (2025),with_era5,2025-09-01T06:00:00+00:00,correction_image_radii,Standard MLP · image radii,24.21765677134196,False,hourly mean,3
EP112025,Kiko (2025),with_era5,2025-09-01T07:00:00+00:00,correction_image_radii,Standard MLP · image radii,23.09502273135715,False,hourly mean,3
EP112025,Kiko (2025),with_era5,2025-09-01T08:00:00+00:00,correction_image_radii,Standard MLP · image radii,22.936400943332245,False,hourly mean,3
EP112025,Kiko (2025),with_era5,2025-09-01T09:00:00+00:00,correction_image_radii,Standard MLP · image radii,23.491615295410156,False,hourly mean,3
EP112025,Kiko (2025),with_era5,2025-09-01T10:00:00+00:00,correction_image_radii,Standard MLP · image radii,25.237818506028916,False,hourly mean,3
EP112025,Kiko (2025),with_era5,2025-09-01T11:00:00+00:00,correction_image_radii,Standard MLP · image radii,27.17796399858263,False,hourly mean,3
EP112025,Kiko (2025),with_era5,2025-09-01T12:00:00+00:00,correction_image_radii,Standard MLP · image radii,28.423783514234753,False,hourly mean,3
EP112025,Kiko (2025),with_era5,2025-09-01T13:00:00+00:00,correction_image_radii,Standard MLP · image radii,27.804118474324543,False,hourly mean,3
EP112025,Kiko (2025),with_era5,2025-09-01T14:00:00+00:00,correction_image_radii,Standard MLP · image radii,26.454594718085392,False,hourly mean,3
EP112025,Kiko (2025),with_era5,2025-09-01T15:00:00+00:00,correction_image_radii,Standard MLP · image radii,25.806265301174587,False,hourly mean,3
EP112025,Kiko (2025),with_era5,2025-09-01T16:00:00+00:00,correction_image_radii,Standard MLP · image radii,26.130289183722606,False,hourly mean,3
EP112025,Kiko (2025),with_era5,2025-09-01T17:00:00+00:00,correction_image_radii,Standard MLP · image radii,26.693960825602215,False,hourly mean,3
EP112025,Kiko (2025),with_era5,2025-09-01T18:00:00+00:00,correction_image_radii,Standard MLP · image radii,25.745150883992512,False,hourly mean,3
EP112025,Kiko (2025),with_era5,2025-09-01T19:00:00+00:00,correction_image_radii,Standard MLP · image radii,24.26180299123128,False,hourly mean,3
EP112025,Kiko (2025),with_era5,2025-09-01T20:00:00+00:00,correction_image_radii,Standard MLP · image radii,24.561803605821396,False,hourly mean,3
EP112025,Kiko (2025),with_era5,2025-09-01T21:00:00+00:00,correction_image_radii,Standard MLP · image radii,26.112385008070202,False,hourly mean,3
EP112025,Kiko (2025),with_era5,2025-09-01T22:00:00+00:00,correction_image_radii,Standard MLP · image radii,28.220279057820637,False,hourly mean,3
EP112025,Kiko (2025),with_era5,2025-09-01T23:00:00+00:00,correction_image_radii,Standard MLP · image radii,28.281112564934627,False,hourly mean,3
EP112025,Kiko (2025),with_era5,2025-09-02T00:00:00+00:00,correction_image_radii,Standard MLP · image radii,28.709315829806858,False,hourly mean,3
EP112025,Kiko (2025),with_era5,2025-09-02T01:00:00+00:00,correction_image_radii,Standard MLP · image radii,29.1823967827691,False,hourly mean,3
EP112025,Kiko (2025),with_era5,2025-09-02T02:00:00+00:00,correction_image_radii,Standard MLP · image radii,28.300578541225857,False,hourly mean,3
EP112025,Kiko (2025),with_era5,2025-09-02T03:00:00+00:00,correction_image_radii,Standard MLP · image radii,27.139412879943848,False,hourly mean,3
EP112025,Kiko (2025),with_era5,2025-09-02T04:00:00+00:00,correction_image_radii,Standard MLP · image radii,25.936141437954372,False,hourly mean,3
EP112025,Kiko (2025),with_era5,2025-09-02T05:00:00+00:00,correction_image_radii,Standard MLP · image radii,26.62925635443793,False,hourly mean,3
EP112025,Kiko (2025),with_era5,2025-09-02T06:00:00+00:00,correction_image_radii,Standard MLP · image radii,27.05142105950249,False,hourly mean,3
EP112025,Kiko (2025),with_era5,2025-09-02T07:00:00+00:00,correction_image_radii,Standard MLP · image radii,27.123105578952362,False,hourly mean,3
EP112025,Kiko (2025),with_era5,2025-09-02T08:00:00+00:00,correction_image_radii,Standard MLP · image radii,27.791046778361004,False,hourly mean,3
EP112025,Kiko (2025),with_era5,2025-09-02T09:00:00+00:00,correction_image_radii,Standard MLP · image radii,28.835505909389923,False,hourly mean,3
EP112025,Kiko (2025),with_era5,2025-09-02T10:00:00+00:00,correction_image_radii,Standard MLP · image radii,30.32201597425673,False,hourly mean,3
EP112025,Kiko (2025),with_era5,2025-09-02T11:00:00+00:00,correction_image_radii,Standard MLP · image radii,30.282722049289276,False,hourly mean,3
EP112025,Kiko (2025),with_era5,2025-09-02T12:00:00+00:00,correction_image_radii,Standard MLP · image radii,30.06865109337701,False,hourly mean,3
EP112025,Kiko (2025),with_era5,2025-09-02T13:00:00+00:00,correction_image_radii,Standard MLP · image radii,29.126967748006184,False,hourly mean,3
EP112025,Kiko (2025),with_era5,2025-09-02T14:00:00+00:00,correction_image_radii,Standard MLP · image radii,28.674452251858185,False,hourly mean,3
EP112025,Kiko (2025),with_era5,2025-09-02T15:00:00+00:00,correction_image_radii,Standard MLP · image radii,27.950961007012257,False,hourly mean,3
EP112025,Kiko (2025),with_era5,2025-09-02T16:00:00+00:00,correction_image_radii,Standard MLP · image radii,27.820571263631184,False,hourly mean,3
EP112025,Kiko (2025),with_era5,2025-09-02T17:00:00+00:00,correction_image_radii,Standard MLP · image radii,28.07179366217719,False,hourly mean,3
EP112025,Kiko (2025),with_era5,2025-09-02T18:00:00+00:00,correction_image_radii,Standard MLP · image radii,28.86769962310791,False,hourly mean,3
EP112025,Kiko (2025),with_era5,2025-09-02T19:00:00+00:00,correction_image_radii,Standard MLP · image radii,29.10698901282416,False,hourly mean,3
EP112025,Kiko (2025),with_era5,2025-09-02T20:00:00+00:00,correction_image_radii,Standard MLP · image radii,29.589919090270996,False,hourly mean,3
EP112025,Kiko (2025),with_era5,2025-09-02T21:00:00+00:00,correction_image_radii,Standard MLP · image radii,29.632948133680554,True,hourly mean,3
EP112025,Kiko (2025),with_era5,2025-09-02T22:00:00+00:00,correction_image_radii,Standard MLP · image radii,30.70537567138672,True,hourly mean,3
EP112025,Kiko (2025),with_era5,2025-09-02T23:00:00+00:00,correction_image_radii,Standard MLP · image radii,31.866099039713543,True,hourly mean,3
EP112025,Kiko (2025),with_era5,2025-09-03T00:00:00+00:00,correction_image_radii,Standard MLP · image radii,32.74013455708822,True,hourly mean,3
EP112025,Kiko (2025),with_era5,2025-09-03T01:00:00+00:00,correction_image_radii,Standard MLP · image radii,32.386504915025505,True,hourly mean,3
EP112025,Kiko (2025),with_era5,2025-09-03T02:00:00+00:00,correction_image_radii,Standard MLP · image radii,32.07979965209961,True,hourly mean,3
EP112025,Kiko (2025),with_era5,2025-09-03T03:00:00+00:00,correction_image_radii,Standard MLP · image radii,32.404986169603134,False,hourly mean,3
EP112025,Kiko (2025),with_era5,2025-09-03T04:00:00+00:00,correction_image_radii,Standard MLP · image radii,32.66741699642605,False,hourly mean,3
EP112025,Kiko (2025),with_era5,2025-09-03T05:00:00+00:00,correction_image_radii,Standard MLP · image radii,32.24984677632649,False,hourly mean,3
EP112025,Kiko (2025),with_era5,2025-09-03T06:00:00+00:00,correction_image_radii,Standard MLP · image radii,32.15126037597656,False,hourly mean,3
EP112025,Kiko (2025),with_era5,2025-09-03T07:00:00+00:00,correction_image_radii,Standard MLP · image radii,32.0533119837443,False,hourly mean,3
EP112025,Kiko (2025),with_era5,2025-09-03T08:00:00+00:00,correction_image_radii,Standard MLP · image radii,32.39363458421496,False,hourly mean,3
EP112025,Kiko (2025),with_era5,2025-09-03T09:00:00+00:00,correction_image_radii,Standard MLP · image radii,33.182128482394745,False,hourly mean,3
EP112025,Kiko (2025),with_era5,2025-09-03T10:00:00+00:00,correction_image_radii,Standard MLP · image radii,34.910895029703774,False,hourly mean,3
EP112025,Kiko (2025),with_era5,2025-09-03T11:00:00+00:00,correction_image_radii,Standard MLP · image radii,36.14210849338108,False,hourly mean,3
EP112025,Kiko (2025),with_era5,2025-09-03T12:00:00+00:00,correction_image_radii,Standard MLP · image radii,37.09618568420411,False,hourly mean,3
EP112025,Kiko (2025),with_era5,2025-09-03T13:00:00+00:00,correction_image_radii,Standard MLP · image radii,39.59721247355143,False,hourly mean,3
EP112025,Kiko (2025),with_era5,2025-09-03T14:00:00+00:00,correction_image_radii,Standard MLP · image radii,42.41567844814724,False,hourly mean,3
EP112025,Kiko (2025),with_era5,2025-09-03T15:00:00+00:00,correction_image_radii,Standard MLP · image radii,45.28468280368381,False,hourly mean,3
EP112025,Kiko (2025),with_era5,2025-09-03T16:00:00+00:00,correction_image_radii,Standard MLP · image radii,46.157281239827476,False,hourly mean,3
EP112025,Kiko (2025),with_era5,2025-09-03T17:00:00+00:00,correction_image_radii,Standard MLP · image radii,47.130296283298065,False,hourly mean,3
EP112025,Kiko (2025),with_era5,2025-09-03T18:00:00+00:00,correction_image_radii,Standard MLP · image radii,46.33894284566244,True,hourly mean,3
EP112025,Kiko (2025),with_era5,2025-09-03T19:00:00+00:00,correction_image_radii,Standard MLP · image radii,43.28065405951606,True,hourly mean,3
EP112025,Kiko (2025),with_era5,2025-09-03T20:00:00+00:00,correction_image_radii,Standard MLP · image radii,39.83029598659939,True,hourly mean,3
EP112025,Kiko (2025),with_era5,2025-09-03T21:00:00+00:00,correction_image_radii,Standard MLP · image radii,39.38591321309408,True,hourly mean,3
EP112025,Kiko (2025),with_era5,2025-09-03T22:00:00+00:00,correction_image_radii,Standard MLP · image radii,42.22510486178928,True,hourly mean,3
EP112025,Kiko (2025),with_era5,2025-09-03T23:00:00+00:00,correction_image_radii,Standard MLP · image radii,44.89146317376031,True,hourly mean,3
EP112025,Kiko (2025),with_era5,2025-09-04T00:00:00+00:00,correction_image_radii,Standard MLP · image radii,44.29393153720432,True,hourly mean,3
EP112025,Kiko (2025),with_era5,2025-09-04T01:00:00+00:00,correction_image_radii,Standard MLP · image radii,40.48733891381158,True,hourly mean,3
EP112025,Kiko (2025),with_era5,2025-09-04T02:00:00+00:00,correction_image_radii,Standard MLP · image radii,37.48351107703314,True,hourly mean,3
EP112025,Kiko (2025),with_era5,2025-09-04T03:00:00+00:00,correction_image_radii,Standard MLP · image radii,35.37487104203966,True,hourly mean,3
EP112025,Kiko (2025),with_era5,2025-09-04T04:00:00+00:00,correction_image_radii,Standard MLP · image radii,35.12697007921006,True,hourly mean,3
EP112025,Kiko (2025),with_era5,2025-09-04T05:00:00+00:00,correction_image_radii,Standard MLP · image radii,33.873695797390404,True,hourly mean,3
EP112025,Kiko (2025),with_era5,2025-09-04T06:00:00+00:00,correction_image_radii,Standard MLP · image radii,32.5990178849962,True,hourly mean,3
EP112025,Kiko (2025),with_era5,2025-09-04T07:00:00+00:00,correction_image_radii,Standard MLP · image radii,31.80736266242133,True,hourly mean,3
EP112025,Kiko (2025),with_era5,2025-09-04T08:00:00+00:00,correction_image_radii,Standard MLP · image radii,33.10008515252007,True,hourly mean,3
EP112025,Kiko (2025),with_era5,2025-09-04T09:00:00+00:00,correction_image_radii,Standard MLP · image radii,34.978115717569985,False,hourly mean,3
EP112025,Kiko (2025),with_era5,2025-09-04T10:00:00+00:00,correction_image_radii,Standard MLP · image radii,37.1068409813775,False,hourly mean,3
EP112025,Kiko (2025),with_era5,2025-09-04T11:00:00+00:00,correction_image_radii,Standard MLP · image radii,38.89177385965983,False,hourly mean,3
EP112025,Kiko (2025),with_era5,2025-09-04T12:00:00+00:00,correction_image_radii,Standard MLP · image radii,39.824039459228516,False,hourly mean,3
EP112025,Kiko (2025),with_era5,2025-09-04T13:00:00+00:00,correction_image_radii,Standard MLP · image radii,41.095529556274414,False,hourly mean,3
EP112025,Kiko (2025),with_era5,2025-09-04T14:00:00+00:00,correction_image_radii,Standard MLP · image radii,42.74205038282607,False,hourly mean,3
EP112025,Kiko (2025),with_era5,2025-09-04T15:00:00+00:00,correction_image_radii,Standard MLP · image radii,44.7666490342882,False,hourly mean,3
EP112025,Kiko (2025),with_era5,2025-09-04T16:00:00+00:00,correction_image_radii,Standard MLP · image radii,46.6362862057156,False,hourly mean,3
EP112025,Kiko (2025),with_era5,2025-09-04T17:00:00+00:00,correction_image_radii,Standard MLP · image radii,44.475204626719155,False,hourly mean,3
EP112025,Kiko (2025),with_era5,2025-09-04T18:00:00+00:00,correction_image_radii,Standard MLP · image radii,41.5093559159173,False,hourly mean,3
EP112025,Kiko (2025),with_era5,2025-09-04T19:00:00+00:00,correction_image_radii,Standard MLP · image radii,37.83106078041924,False,hourly mean,3
EP112025,Kiko (2025),with_era5,2025-09-04T20:00:00+00:00,correction_image_radii,Standard MLP · image radii,36.314480463663735,False,hourly mean,3
EP112025,Kiko (2025),with_era5,2025-09-04T21:00:00+00:00,correction_image_radii,Standard MLP · image radii,36.18002234564887,False,hourly mean,3
EP112025,Kiko (2025),with_era5,2025-09-04T22:00:00+00:00,correction_image_radii,Standard MLP · image radii,36.74736446804471,False,hourly mean,3
EP112025,Kiko (2025),with_era5,2025-09-04T23:00:00+00:00,correction_image_radii,Standard MLP · image radii,37.169681549072266,False,hourly mean,3
EP112025,Kiko (2025),with_era5,2025-09-05T00:00:00+00:00,correction_image_radii,Standard MLP · image radii,36.73992029825846,False,hourly mean,3
EP112025,Kiko (2025),with_era5,2025-09-05T01:00:00+00:00,correction_image_radii,Standard MLP · image radii,35.254660500420464,False,hourly mean,3
EP112025,Kiko (2025),with_era5,2025-09-05T02:00:00+00:00,correction_image_radii,Standard MLP · image radii,34.183279037475586,False,hourly mean,3
EP112025,Kiko (2025),with_era5,2025-09-05T03:00:00+00:00,correction_image_radii,Standard MLP · image radii,33.172421879238556,False,hourly mean,3
EP112025,Kiko (2025),with_era5,2025-09-05T04:00:00+00:00,correction_image_radii,Standard MLP · image radii,32.12683359781901,False,hourly mean,3
EP112025,Kiko (2025),with_era5,2025-09-05T05:00:00+00:00,correction_image_radii,Standard MLP · image radii,30.563592592875164,False,hourly mean,3
EP112025,Kiko (2025),with_era5,2025-09-05T06:00:00+00:00,correction_image_radii,Standard MLP · image radii,29.23287508222792,False,hourly mean,3
EP112025,Kiko (2025),with_era5,2025-09-05T07:00:00+00:00,correction_image_radii,Standard MLP · image radii,28.818000581529404,False,hourly mean,3
EP112025,Kiko (2025),with_era5,2025-09-05T08:00:00+00:00,correction_image_radii,Standard MLP · image radii,29.697552892896866,False,hourly mean,3
EP112025,Kiko (2025),with_era5,2025-09-05T09:00:00+00:00,correction_image_radii,Standard MLP · image radii,31.01809904310438,False,hourly mean,3
EP112025,Kiko (2025),with_era5,2025-09-05T10:00:00+00:00,correction_image_radii,Standard MLP · image radii,32.25459310743543,False,hourly mean,3
EP112025,Kiko (2025),with_era5,2025-09-05T11:00:00+00:00,correction_image_radii,Standard MLP · image radii,32.81232833862305,False,hourly mean,3
EP112025,Kiko (2025),with_era5,2025-09-05T12:00:00+00:00,correction_image_radii,Standard MLP · image radii,33.60084682040745,False,hourly mean,3
EP112025,Kiko (2025),with_era5,2025-09-05T13:00:00+00:00,correction_image_radii,Standard MLP · image radii,35.81715922885471,False,hourly mean,3
EP112025,Kiko (2025),with_era5,2025-09-05T14:00:00+00:00,correction_image_radii,Standard MLP · image radii,37.76543532477485,False,hourly mean,3
EP112025,Kiko (2025),with_era5,2025-09-05T15:00:00+00:00,correction_image_radii,Standard MLP · image radii,39.18305333455404,False,hourly mean,3
EP112025,Kiko (2025),with_era5,2025-09-05T16:00:00+00:00,correction_image_radii,Standard MLP · image radii,38.83772659301758,False,hourly mean,3
EP112025,Kiko (2025),with_era5,2025-09-05T17:00:00+00:00,correction_image_radii,Standard MLP · image radii,38.944900088840065,False,hourly mean,3
EP112025,Kiko (2025),with_era5,2025-09-05T18:00:00+00:00,correction_image_radii,Standard MLP · image radii,38.26766798231337,False,hourly mean,3
EP112025,Kiko (2025),with_era5,2025-09-05T19:00:00+00:00,correction_image_radii,Standard MLP · image radii,37.145927853054474,False,hourly mean,3
EP112025,Kiko (2025),with_era5,2025-09-05T20:00:00+00:00,correction_image_radii,Standard MLP · image radii,33.44854789310032,False,hourly mean,3
EP112025,Kiko (2025),with_era5,2025-09-05T21:00:00+00:00,correction_image_radii,Standard MLP · image radii,30.99071439107259,False,hourly mean,3
EP112025,Kiko (2025),with_era5,2025-09-05T22:00:00+00:00,correction_image_radii,Standard MLP · image radii,30.705027686225048,False,hourly mean,3
EP112025,Kiko (2025),with_era5,2025-09-05T23:00:00+00:00,correction_image_radii,Standard MLP · image radii,34.35769812266032,False,hourly mean,3
EP112025,Kiko (2025),with_era5,2025-09-06T00:00:00+00:00,correction_image_radii,Standard MLP · image radii,38.62979359096951,False,hourly mean,3
EP112025,Kiko (2025),with_era5,2025-09-06T01:00:00+00:00,correction_image_radii,Standard MLP · image radii,41.0790229373508,False,hourly mean,3
EP112025,Kiko (2025),with_era5,2025-09-06T02:00:00+00:00,correction_image_radii,Standard MLP · image radii,45.03691207038031,False,hourly mean,3
EP112025,Kiko (2025),with_era5,2025-09-06T03:00:00+00:00,correction_image_radii,Standard MLP · image radii,47.763745625813804,False,hourly mean,3
EP112025,Kiko (2025),with_era5,2025-09-06T04:00:00+00:00,correction_image_radii,Standard MLP · image radii,50.5146844651964,False,hourly mean,3
EP112025,Kiko (2025),with_era5,2025-09-06T05:00:00+00:00,correction_image_radii,Standard MLP · image radii,50.084578620062935,False,hourly mean,3
EP112025,Kiko (2025),with_era5,2025-09-06T06:00:00+00:00,correction_image_radii,Standard MLP · image radii,49.098279529147675,False,hourly mean,3
EP112025,Kiko (2025),with_era5,2025-09-06T07:00:00+00:00,correction_image_radii,Standard MLP · image radii,46.496581607394745,False,hourly mean,3
EP112025,Kiko (2025),with_era5,2025-09-06T08:00:00+00:00,correction_image_radii,Standard MLP · image radii,44.76435852050781,False,hourly mean,3
EP112025,Kiko (2025),with_era5,2025-09-06T09:00:00+00:00,correction_image_radii,Standard MLP · image radii,43.18517116970486,False,hourly mean,3
EP112025,Kiko (2025),with_era5,2025-09-06T10:00:00+00:00,correction_image_radii,Standard MLP · image radii,42.27567698160807,False,hourly mean,3
EP112025,Kiko (2025),with_era5,2025-09-06T11:00:00+00:00,correction_image_radii,Standard MLP · image radii,38.96343892415365,False,hourly mean,3
EP112025,Kiko (2025),with_era5,2025-09-06T12:00:00+00:00,correction_image_radii,Standard MLP · image radii,35.69877497355143,False,hourly mean,3
EP112025,Kiko (2025),with_era5,2025-09-06T13:00:00+00:00,correction_image_radii,Standard MLP · image radii,34.29775068495009,False,hourly mean,3
EP112025,Kiko (2025),with_era5,2025-09-06T14:00:00+00:00,correction_image_radii,Standard MLP · image radii,34.837920930650505,False,hourly mean,3
EP112025,Kiko (2025),with_era5,2025-09-06T15:00:00+00:00,correction_image_radii,Standard MLP · image radii,36.33343611823188,False,hourly mean,3
EP112025,Kiko (2025),with_era5,2025-09-06T16:00:00+00:00,correction_image_radii,Standard MLP · image radii,37.38849194844564,False,hourly mean,3
EP112025,Kiko (2025),with_era5,2025-09-06T17:00:00+00:00,correction_image_radii,Standard MLP · image radii,37.883916007147896,False,hourly mean,3
EP112025,Kiko (2025),with_era5,2025-09-06T18:00:00+00:00,correction_image_radii,Standard MLP · image radii,38.623938666449654,False,hourly mean,3
EP112025,Kiko (2025),with_era5,2025-09-06T19:00:00+00:00,correction_image_radii,Standard MLP · image radii,39.36972236633301,False,hourly mean,3
EP112025,Kiko (2025),with_era5,2025-09-06T20:00:00+00:00,correction_image_radii,Standard MLP · image radii,37.72210884094238,False,hourly mean,3
EP112025,Kiko (2025),with_era5,2025-09-06T21:00:00+00:00,correction_image_radii,Standard MLP · image radii,36.059638553195526,False,hourly mean,3
EP112025,Kiko (2025),with_era5,2025-09-06T22:00:00+00:00,correction_image_radii,Standard MLP · image radii,35.92587153116862,False,hourly mean,3
EP112025,Kiko (2025),with_era5,2025-09-06T23:00:00+00:00,correction_image_radii,Standard MLP · image radii,39.28841230604383,False,hourly mean,3
EP112025,Kiko (2025),with_era5,2025-09-07T00:00:00+00:00,correction_image_radii,Standard MLP · image radii,42.08288743760851,False,hourly mean,3
EP112025,Kiko (2025),with_era5,2025-09-07T01:00:00+00:00,correction_image_radii,Standard MLP · image radii,42.60884157816569,False,hourly mean,3
EP112025,Kiko (2025),with_era5,2025-09-07T02:00:00+00:00,correction_image_radii,Standard MLP · image radii,42.88418176439074,False,hourly mean,3
EP112025,Kiko (2025),with_era5,2025-09-07T03:00:00+00:00,correction_image_radii,Standard MLP · image radii,44.11032168070475,False,hourly mean,3
EP112025,Kiko (2025),with_era5,2025-09-07T04:00:00+00:00,correction_image_radii,Standard MLP · image radii,46.203555848863395,False,hourly mean,3
EP112025,Kiko (2025),with_era5,2025-09-07T05:00:00+00:00,correction_image_radii,Standard MLP · image radii,47.22947226630316,False,hourly mean,3
EP112025,Kiko (2025),with_era5,2025-09-07T06:00:00+00:00,correction_image_radii,Standard MLP · image radii,46.386396620008675,False,hourly mean,3
EP112025,Kiko (2025),with_era5,2025-09-07T07:00:00+00:00,correction_image_radii,Standard MLP · image radii,43.79584948221842,False,hourly mean,3
EP112025,Kiko (2025),with_era5,2025-09-07T08:00:00+00:00,correction_image_radii,Standard MLP · image radii,41.946596993340385,False,hourly mean,3
EP112025,Kiko (2025),with_era5,2025-09-07T09:00:00+00:00,correction_image_radii,Standard MLP · image radii,41.29394022623698,False,hourly mean,3
EP112025,Kiko (2025),with_era5,2025-09-07T10:00:00+00:00,correction_image_radii,Standard MLP · image radii,41.651828130086265,False,hourly mean,3
EP112025,Kiko (2025),with_era5,2025-09-07T11:00:00+00:00,correction_image_radii,Standard MLP · image radii,41.175478193495,False,hourly mean,3
EP112025,Kiko (2025),with_era5,2025-09-07T12:00:00+00:00,correction_image_radii,Standard MLP · image radii,41.04932361178928,False,hourly mean,3
EP112025,Kiko (2025),with_era5,2025-09-07T13:00:00+00:00,correction_image_radii,Standard MLP · image radii,41.33865102132162,False,hourly mean,3
EP112025,Kiko (2025),with_era5,2025-09-07T14:00:00+00:00,correction_image_radii,Standard MLP · image radii,40.26625866360135,False,hourly mean,3
EP112025,Kiko (2025),with_era5,2025-09-07T15:00:00+00:00,correction_image_radii,Standard MLP · image radii,37.15669186909994,False,hourly mean,3
EP112025,Kiko (2025),with_era5,2025-09-07T16:00:00+00:00,correction_image_radii,Standard MLP · image radii,34.03341844346789,False,hourly mean,3
EP112025,Kiko (2025),with_era5,2025-09-07T17:00:00+00:00,correction_image_radii,Standard MLP · image radii,32.5928610695733,False,hourly mean,3
EP112025,Kiko (2025),with_era5,2025-09-07T18:00:00+00:00,correction_image_radii,Standard MLP · image radii,31.865600691901317,False,hourly mean,3
EP112025,Kiko (2025),with_era5,2025-09-07T19:00:00+00:00,correction_image_radii,Standard MLP · image radii,30.95327091217041,False,hourly mean,3
EP112025,Kiko (2025),with_era5,2025-09-07T20:00:00+00:00,correction_image_radii,Standard MLP · image radii,29.624048338996044,False,hourly mean,3
EP112025,Kiko (2025),with_era5,2025-09-07T21:00:00+00:00,correction_image_radii,Standard MLP · image radii,28.905518743726944,False,hourly mean,3
EP112025,Kiko (2025),with_era5,2025-09-07T22:00:00+00:00,correction_image_radii,Standard MLP · image radii,28.75480376349555,False,hourly mean,3
EP112025,Kiko (2025),with_era5,2025-09-07T23:00:00+00:00,correction_image_radii,Standard MLP · image radii,29.371814197964138,False,hourly mean,3
EP112025,Kiko (2025),with_era5,2025-09-08T00:00:00+00:00,correction_image_radii,Standard MLP · image radii,30.264291021558975,False,hourly mean,3
EP112025,Kiko (2025),with_era5,2025-09-08T01:00:00+00:00,correction_image_radii,Standard MLP · image radii,31.032196256849502,False,hourly mean,3
EP112025,Kiko (2025),with_era5,2025-09-08T02:00:00+00:00,correction_image_radii,Standard MLP · image radii,32.56161859300401,False,hourly mean,3
EP112025,Kiko (2025),with_era5,2025-09-08T03:00:00+00:00,correction_image_radii,Standard MLP · image radii,34.78182368808322,False,hourly mean,3
EP112025,Kiko (2025),with_era5,2025-09-08T04:00:00+00:00,correction_image_radii,Standard MLP · image radii,37.12787882486979,False,hourly mean,3
EP112025,Kiko (2025),with_era5,2025-09-08T05:00:00+00:00,correction_image_radii,Standard MLP · image radii,38.065610037909615,False,hourly mean,3
EP112025,Kiko (2025),with_era5,2025-09-08T06:00:00+00:00,correction_image_radii,Standard MLP · image radii,37.41897540622287,False,hourly mean,3
EP112025,Kiko (2025),with_era5,2025-09-08T07:00:00+00:00,correction_image_radii,Standard MLP · image radii,35.7307063208686,False,hourly mean,3
EP112025,Kiko (2025),with_era5,2025-09-08T08:00:00+00:00,correction_image_radii,Standard MLP · image radii,38.21583472357856,False,hourly mean,3
EP112025,Kiko (2025),with_era5,2025-09-08T09:00:00+00:00,correction_image_radii,Standard MLP · image radii,41.38185289171007,False,hourly mean,3
EP112025,Kiko (2025),with_era5,2025-09-08T10:00:00+00:00,correction_image_radii,Standard MLP · image radii,44.61650043063693,False,hourly mean,3
EP112025,Kiko (2025),with_era5,2025-09-08T11:00:00+00:00,correction_image_radii,Standard MLP · image radii,43.50511211819119,False,hourly mean,3
EP112025,Kiko (2025),with_era5,2025-09-08T12:00:00+00:00,correction_image_radii,Standard MLP · image radii,41.805504057142464,False,hourly mean,3
EP112025,Kiko (2025),with_era5,2025-09-08T13:00:00+00:00,correction_image_radii,Standard MLP · image radii,40.08658239576552,False,hourly mean,3
EP112025,Kiko (2025),with_era5,2025-09-08T14:00:00+00:00,correction_image_radii,Standard MLP · image radii,39.01938586764865,False,hourly mean,3
EP112025,Kiko (2025),with_era5,2025-09-08T15:00:00+00:00,correction_image_radii,Standard MLP · image radii,38.951816982693146,False,hourly mean,3
EP112025,Kiko (2025),with_era5,2025-09-08T16:00:00+00:00,correction_image_radii,Standard MLP · image radii,39.577994240654846,False,hourly mean,3
EP112025,Kiko (2025),with_era5,2025-09-08T17:00:00+00:00,correction_image_radii,Standard MLP · image radii,40.153833601209854,False,hourly mean,3
EP112025,Kiko (2025),with_era5,2025-09-08T18:00:00+00:00,correction_image_radii,Standard MLP · image radii,40.122872882419166,False,hourly mean,3
EP112025,Kiko (2025),with_era5,2025-09-08T19:00:00+00:00,correction_image_radii,Standard MLP · image radii,39.8585859934489,False,hourly mean,3
EP112025,Kiko (2025),with_era5,2025-09-08T20:00:00+00:00,correction_image_radii,Standard MLP · image radii,37.92049174838596,False,hourly mean,3
EP112025,Kiko (2025),with_era5,2025-09-08T21:00:00+00:00,correction_image_radii,Standard MLP · image radii,36.12690035502116,False,hourly mean,3
EP112025,Kiko (2025),with_era5,2025-09-08T22:00:00+00:00,correction_image_radii,Standard MLP · image radii,34.11948352389865,False,hourly mean,3
EP112025,Kiko (2025),with_era5,2025-09-08T23:00:00+00:00,correction_image_radii,Standard MLP · image radii,32.97313626607259,False,hourly mean,3
EP112025,Kiko (2025),with_era5,2025-09-09T00:00:00+00:00,correction_image_radii,Standard MLP · image radii,31.416231791178387,False,hourly mean,3
EP112025,Kiko (2025),with_era5,2025-09-09T01:00:00+00:00,correction_image_radii,Standard MLP · image radii,29.67178397708469,False,hourly mean,3
EP112025,Kiko (2025),with_era5,2025-09-09T02:00:00+00:00,correction_image_radii,Standard MLP · image radii,29.495781792534725,False,hourly mean,3
EP112025,Kiko (2025),with_era5,2025-09-09T03:00:00+00:00,correction_image_radii,Standard MLP · image radii,29.484552913241917,False,hourly mean,3
EP112025,Kiko (2025),with_era5,2025-09-09T04:00:00+00:00,correction_image_radii,Standard MLP · image radii,29.44479836357964,False,hourly mean,3
EP112025,Kiko (2025),with_era5,2025-09-09T05:00:00+00:00,correction_image_radii,Standard MLP · image radii,27.997919612460667,False,hourly mean,3
EP112025,Kiko (2025),with_era5,2025-09-09T06:00:00+00:00,correction_image_radii,Standard MLP · image radii,26.581169340345593,False,hourly mean,3
EP112025,Kiko (2025),with_era5,2025-09-09T07:00:00+00:00,correction_image_radii,Standard MLP · image radii,25.544086456298828,False,hourly mean,3
EP112025,Kiko (2025),with_era5,2025-09-09T08:00:00+00:00,correction_image_radii,Standard MLP · image radii,25.511243502298992,False,hourly mean,3
EP112025,Kiko (2025),with_era5,2025-09-09T09:00:00+00:00,correction_image_radii,Standard MLP · image radii,25.806326442294647,False,hourly mean,3
EP112025,Kiko (2025),with_era5,2025-09-09T10:00:00+00:00,correction_image_radii,Standard MLP · image radii,26.423032866583927,False,hourly mean,3
EP112025,Kiko (2025),with_era5,2025-09-09T11:00:00+00:00,correction_image_radii,Standard MLP · image radii,26.4629455142551,False,hourly mean,3
EP112025,Kiko (2025),with_era5,2025-09-09T12:00:00+00:00,correction_image_radii,Standard MLP · image radii,26.949481752183704,False,hourly mean,3
EP112025,Kiko (2025),with_era5,2025-09-09T13:00:00+00:00,correction_image_radii,Standard MLP · image radii,27.78363439771864,False,hourly mean,3
EP112025,Kiko (2025),with_era5,2025-09-09T14:00:00+00:00,correction_image_radii,Standard MLP · image radii,26.710527843899197,False,hourly mean,3
EP112025,Kiko (2025),with_era5,2025-09-09T15:00:00+00:00,correction_image_radii,Standard MLP · image radii,25.146816889444988,False,hourly mean,3
EP112025,Kiko (2025),with_era5,2025-09-09T16:00:00+00:00,correction_image_radii,Standard MLP · image radii,23.343675931294758,False,hourly mean,3
EP112025,Kiko (2025),with_era5,2025-09-09T17:00:00+00:00,correction_image_radii,Standard MLP · image radii,24.077178213331436,False,hourly mean,3
EP112025,Kiko (2025),with_era5,2025-09-09T18:00:00+00:00,correction_image_radii,Standard MLP · image radii,25.222368240356445,False,hourly mean,3
EP112025,Kiko (2025),with_era5,2025-09-09T19:00:00+00:00,correction_image_radii,Standard MLP · image radii,26.349968274434406,False,hourly mean,3
EP112025,Kiko (2025),with_era5,2025-09-09T20:00:00+00:00,correction_image_radii,Standard MLP · image radii,25.296141518486873,False,hourly mean,3
EP112025,Kiko (2025),with_era5,2025-09-09T21:00:00+00:00,correction_image_radii,Standard MLP · image radii,23.613453441196018,False,hourly mean,3
EP112025,Kiko (2025),with_era5,2025-09-09T22:00:00+00:00,correction_image_radii,Standard MLP · image radii,21.408304850260418,False,hourly mean,3
EP112025,Kiko (2025),with_era5,2025-09-09T23:00:00+00:00,correction_image_radii,Standard MLP · image radii,21.122250768873425,False,hourly mean,3
EP112025,Kiko (2025),with_era5,2025-09-10T00:00:00+00:00,correction_image_radii,Standard MLP · image radii,21.79768583509657,False,hourly mean,3
EP112025,Kiko (2025),with_era5,2025-09-10T01:00:00+00:00,correction_image_radii,Standard MLP · image radii,22.57612429724799,False,hourly mean,3
EP112025,Kiko (2025),with_era5,2025-09-10T02:00:00+00:00,correction_image_radii,Standard MLP · image radii,22.954147974650066,False,hourly mean,3
EP112025,Kiko (2025),with_era5,2025-09-10T03:00:00+00:00,correction_image_radii,Standard MLP · image radii,20.40525468190511,False,hourly mean,3
EP112025,Kiko (2025),with_era5,2025-09-10T04:00:00+00:00,correction_image_radii,Standard MLP · image radii,17.949467341105144,False,hourly mean,3
EP112025,Kiko (2025),with_era5,2025-09-10T05:00:00+00:00,correction_image_radii,Standard MLP · image radii,15.54386928346422,False,hourly mean,3
EP112025,Kiko (2025),with_era5,2025-09-10T06:00:00+00:00,correction_image_radii,Standard MLP · image radii,15.202125390370687,False,hourly mean,3
EP112025,Kiko (2025),with_era5,2025-09-10T07:00:00+00:00,correction_image_radii,Standard MLP · image radii,15.003616174062094,False,hourly mean,3
EP112025,Kiko (2025),with_era5,2025-09-10T08:00:00+00:00,correction_image_radii,Standard MLP · image radii,14.48827944861518,False,hourly mean,3
EP112025,Kiko (2025),with_era5,2025-09-10T09:00:00+00:00,correction_image_radii,Standard MLP · image radii,13.959565003712973,False,hourly mean,3
EP112025,Kiko (2025),with_era5,2025-09-10T10:00:00+00:00,correction_image_radii,Standard MLP · image radii,13.435111151801216,False,hourly mean,3
EP112025,Kiko (2025),with_era5,2025-09-10T11:00:00+00:00,correction_image_radii,Standard MLP · image radii,13.431884235805937,False,hourly mean,3
EP112025,Kiko (2025),with_era5,2025-09-10T12:00:00+00:00,correction_image_radii,Standard MLP · image radii,14.014543374379477,False,hourly mean,3
EP112025,Kiko (2025),with_era5,2025-09-10T13:00:00+00:00,correction_image_radii,Standard MLP · image radii,15.23457951015896,False,hourly mean,3
EP112025,Kiko (2025),with_era5,2025-09-10T14:00:00+00:00,correction_image_radii,Standard MLP · image radii,16.986515045166016,False,hourly mean,3
EP112025,Kiko (2025),with_era5,2025-09-10T15:00:00+00:00,correction_image_radii,Standard MLP · image radii,18.59104061126709,False,hourly mean,3
EP112025,Kiko (2025),with_era5,2025-09-10T16:00:00+00:00,correction_image_radii,Standard MLP · image radii,19.82607905069987,False,hourly mean,3
EP112025,Kiko (2025),with_era5,2025-09-10T17:00:00+00:00,correction_image_radii,Standard MLP · image radii,21.043476952446834,False,hourly mean,3
EP112025,Kiko (2025),with_era5,2025-09-10T18:00:00+00:00,correction_image_radii,Standard MLP · image radii,23.054823663499622,False,hourly mean,3
EP112025,Kiko (2025),with_era5,2025-09-10T19:00:00+00:00,correction_image_radii,Standard MLP · image radii,25.49156178368462,False,hourly mean,3
EP112025,Kiko (2025),with_era5,2025-09-10T20:00:00+00:00,correction_image_radii,Standard MLP · image radii,27.36062018076579,False,hourly mean,3
EP112025,Kiko (2025),with_era5,2025-09-10T21:00:00+00:00,correction_image_radii,Standard MLP · image radii,27.73565726810031,False,hourly mean,3
EP112025,Kiko (2025),with_era5,2025-09-10T22:00:00+00:00,correction_image_radii,Standard MLP · image radii,27.535564316643605,False,hourly mean,3
EP112025,Kiko (2025),with_era5,2025-09-10T23:00:00+00:00,correction_image_radii,Standard MLP · image radii,27.236703554789223,False,hourly mean,3
EP112025,Kiko (2025),with_era5,2025-08-31T00:00:00+00:00,correction_mlp_radii,Standard MLP · MLP radii,19.822859923044838,False,hourly mean,3
EP112025,Kiko (2025),with_era5,2025-08-31T01:00:00+00:00,correction_mlp_radii,Standard MLP · MLP radii,19.734938939412434,False,hourly mean,3
EP112025,Kiko (2025),with_era5,2025-08-31T02:00:00+00:00,correction_mlp_radii,Standard MLP · MLP radii,19.667361471388077,False,hourly mean,3
EP112025,Kiko (2025),with_era5,2025-08-31T03:00:00+00:00,correction_mlp_radii,Standard MLP · MLP radii,18.52269373999702,False,hourly mean,3
EP112025,Kiko (2025),with_era5,2025-08-31T04:00:00+00:00,correction_mlp_radii,Standard MLP · MLP radii,17.611374961005318,False,hourly mean,3
EP112025,Kiko (2025),with_era5,2025-08-31T05:00:00+00:00,correction_mlp_radii,Standard MLP · MLP radii,17.34458774990506,False,hourly mean,3
EP112025,Kiko (2025),with_era5,2025-08-31T06:00:00+00:00,correction_mlp_radii,Standard MLP · MLP radii,18.35664643181695,False,hourly mean,3
EP112025,Kiko (2025),with_era5,2025-08-31T07:00:00+00:00,correction_mlp_radii,Standard MLP · MLP radii,18.94801065656874,False,hourly mean,3
EP112025,Kiko (2025),with_era5,2025-08-31T08:00:00+00:00,correction_mlp_radii,Standard MLP · MLP radii,19.24986924065484,False,hourly mean,3
EP112025,Kiko (2025),with_era5,2025-08-31T09:00:00+00:00,correction_mlp_radii,Standard MLP · MLP radii,19.43374029795329,False,hourly mean,3
EP112025,Kiko (2025),with_era5,2025-08-31T10:00:00+00:00,correction_mlp_radii,Standard MLP · MLP radii,19.384338061014812,False,hourly mean,3
EP112025,Kiko (2025),with_era5,2025-08-31T11:00:00+00:00,correction_mlp_radii,Standard MLP · MLP radii,18.620960871378582,False,hourly mean,3
EP112025,Kiko (2025),with_era5,2025-08-31T12:00:00+00:00,correction_mlp_radii,Standard MLP · MLP radii,18.316094398498535,False,hourly mean,3
EP112025,Kiko (2025),with_era5,2025-08-31T13:00:00+00:00,correction_mlp_radii,Standard MLP · MLP radii,18.648477872212727,False,hourly mean,3
EP112025,Kiko (2025),with_era5,2025-08-31T14:00:00+00:00,correction_mlp_radii,Standard MLP · MLP radii,21.259061177571613,False,hourly mean,3
EP112025,Kiko (2025),with_era5,2025-08-31T15:00:00+00:00,correction_mlp_radii,Standard MLP · MLP radii,23.54472743140327,False,hourly mean,3
EP112025,Kiko (2025),with_era5,2025-08-31T16:00:00+00:00,correction_mlp_radii,Standard MLP · MLP radii,26.798587057325573,False,hourly mean,3
EP112025,Kiko (2025),with_era5,2025-08-31T17:00:00+00:00,correction_mlp_radii,Standard MLP · MLP radii,25.537008815341526,False,hourly mean,3
EP112025,Kiko (2025),with_era5,2025-08-31T18:00:00+00:00,correction_mlp_radii,Standard MLP · MLP radii,25.928905487060547,False,hourly mean,3
EP112025,Kiko (2025),with_era5,2025-08-31T19:00:00+00:00,correction_mlp_radii,Standard MLP · MLP radii,25.261645423041447,False,hourly mean,3
EP112025,Kiko (2025),with_era5,2025-08-31T20:00:00+00:00,correction_mlp_radii,Standard MLP · MLP radii,25.498700459798176,False,hourly mean,3
EP112025,Kiko (2025),with_era5,2025-08-31T21:00:00+00:00,correction_mlp_radii,Standard MLP · MLP radii,24.653581407335068,False,hourly mean,3
EP112025,Kiko (2025),with_era5,2025-08-31T22:00:00+00:00,correction_mlp_radii,Standard MLP · MLP radii,23.156240569220653,False,hourly mean,3
EP112025,Kiko (2025),with_era5,2025-08-31T23:00:00+00:00,correction_mlp_radii,Standard MLP · MLP radii,23.50186233520508,False,hourly mean,3
EP112025,Kiko (2025),with_era5,2025-09-01T00:00:00+00:00,correction_mlp_radii,Standard MLP · MLP radii,23.73727037641737,False,hourly mean,3
EP112025,Kiko (2025),with_era5,2025-09-01T01:00:00+00:00,correction_mlp_radii,Standard MLP · MLP radii,25.163458421495225,False,hourly mean,3
EP112025,Kiko (2025),with_era5,2025-09-01T02:00:00+00:00,correction_mlp_radii,Standard MLP · MLP radii,25.822006543477375,False,hourly mean,3
EP112025,Kiko (2025),with_era5,2025-09-01T03:00:00+00:00,correction_mlp_radii,Standard MLP · MLP radii,26.21739270952013,False,hourly mean,3
EP112025,Kiko (2025),with_era5,2025-09-01T04:00:00+00:00,correction_mlp_radii,Standard MLP · MLP radii,25.73082447052002,False,hourly mean,3
EP112025,Kiko (2025),with_era5,2025-09-01T05:00:00+00:00,correction_mlp_radii,Standard MLP · MLP radii,25.207396613227,False,hourly mean,3
EP112025,Kiko (2025),with_era5,2025-09-01T06:00:00+00:00,correction_mlp_radii,Standard MLP · MLP radii,24.007511244879826,False,hourly mean,3
EP112025,Kiko (2025),with_era5,2025-09-01T07:00:00+00:00,correction_mlp_radii,Standard MLP · MLP radii,22.886435720655655,False,hourly mean,3
EP112025,Kiko (2025),with_era5,2025-09-01T08:00:00+00:00,correction_mlp_radii,Standard MLP · MLP radii,22.708423190646702,False,hourly mean,3
EP112025,Kiko (2025),with_era5,2025-09-01T09:00:00+00:00,correction_mlp_radii,Standard MLP · MLP radii,23.24936644236247,False,hourly mean,3
EP112025,Kiko (2025),with_era5,2025-09-01T10:00:00+00:00,correction_mlp_radii,Standard MLP · MLP radii,24.981299718221027,False,hourly mean,3
EP112025,Kiko (2025),with_era5,2025-09-01T11:00:00+00:00,correction_mlp_radii,Standard MLP · MLP radii,26.924926545884873,False,hourly mean,3
EP112025,Kiko (2025),with_era5,2025-09-01T12:00:00+00:00,correction_mlp_radii,Standard MLP · MLP radii,28.172276602851017,False,hourly mean,3
EP112025,Kiko (2025),with_era5,2025-09-01T13:00:00+00:00,correction_mlp_radii,Standard MLP · MLP radii,27.546489821539982,False,hourly mean,3
EP112025,Kiko (2025),with_era5,2025-09-01T14:00:00+00:00,correction_mlp_radii,Standard MLP · MLP radii,26.169340133666992,False,hourly mean,3
EP112025,Kiko (2025),with_era5,2025-09-01T15:00:00+00:00,correction_mlp_radii,Standard MLP · MLP radii,25.488368140326603,False,hourly mean,3
EP112025,Kiko (2025),with_era5,2025-09-01T16:00:00+00:00,correction_mlp_radii,Standard MLP · MLP radii,25.782606018914112,False,hourly mean,3
EP112025,Kiko (2025),with_era5,2025-09-01T17:00:00+00:00,correction_mlp_radii,Standard MLP · MLP radii,26.337504810757107,False,hourly mean,3
EP112025,Kiko (2025),with_era5,2025-09-01T18:00:00+00:00,correction_mlp_radii,Standard MLP · MLP radii,25.415705892774795,False,hourly mean,3
EP112025,Kiko (2025),with_era5,2025-09-01T19:00:00+00:00,correction_mlp_radii,Standard MLP · MLP radii,23.97389199998644,False,hourly mean,3
EP112025,Kiko (2025),with_era5,2025-09-01T20:00:00+00:00,correction_mlp_radii,Standard MLP · MLP radii,24.308362748887802,False,hourly mean,3
EP112025,Kiko (2025),with_era5,2025-09-01T21:00:00+00:00,correction_mlp_radii,Standard MLP · MLP radii,25.855604701571995,False,hourly mean,3
EP112025,Kiko (2025),with_era5,2025-09-01T22:00:00+00:00,correction_mlp_radii,Standard MLP · MLP radii,27.953642951117626,False,hourly mean,3
EP112025,Kiko (2025),with_era5,2025-09-01T23:00:00+00:00,correction_mlp_radii,Standard MLP · MLP radii,28.02512772878011,False,hourly mean,3
EP112025,Kiko (2025),with_era5,2025-09-02T00:00:00+00:00,correction_mlp_radii,Standard MLP · MLP radii,28.46993435753716,False,hourly mean,3
EP112025,Kiko (2025),with_era5,2025-09-02T01:00:00+00:00,correction_mlp_radii,Standard MLP · MLP radii,28.959235509236652,False,hourly mean,3
EP112025,Kiko (2025),with_era5,2025-09-02T02:00:00+00:00,correction_mlp_radii,Standard MLP · MLP radii,28.073286374409992,False,hourly mean,3
EP112025,Kiko (2025),with_era5,2025-09-02T03:00:00+00:00,correction_mlp_radii,Standard MLP · MLP radii,26.903500027126736,False,hourly mean,3
EP112025,Kiko (2025),with_era5,2025-09-02T04:00:00+00:00,correction_mlp_radii,Standard MLP · MLP radii,25.690297338697643,False,hourly mean,3
EP112025,Kiko (2025),with_era5,2025-09-02T05:00:00+00:00,correction_mlp_radii,Standard MLP · MLP radii,26.38568835788303,False,hourly mean,3
EP112025,Kiko (2025),with_era5,2025-09-02T06:00:00+00:00,correction_mlp_radii,Standard MLP · MLP radii,26.809341324700252,False,hourly mean,3
EP112025,Kiko (2025),with_era5,2025-09-02T07:00:00+00:00,correction_mlp_radii,Standard MLP · MLP radii,26.88328605228,False,hourly mean,3
EP112025,Kiko (2025),with_era5,2025-09-02T08:00:00+00:00,correction_mlp_radii,Standard MLP · MLP radii,27.548353619045685,False,hourly mean,3
EP112025,Kiko (2025),with_era5,2025-09-02T09:00:00+00:00,correction_mlp_radii,Standard MLP · MLP radii,28.592456711663143,False,hourly mean,3
EP112025,Kiko (2025),with_era5,2025-09-02T10:00:00+00:00,correction_mlp_radii,Standard MLP · MLP radii,30.07392491234673,False,hourly mean,3
EP112025,Kiko (2025),with_era5,2025-09-02T11:00:00+00:00,correction_mlp_radii,Standard MLP · MLP radii,30.03283553653293,False,hourly mean,3
EP112025,Kiko (2025),with_era5,2025-09-02T12:00:00+00:00,correction_mlp_radii,Standard MLP · MLP radii,29.820535765753856,False,hourly mean,3
EP112025,Kiko (2025),with_era5,2025-09-02T13:00:00+00:00,correction_mlp_radii,Standard MLP · MLP radii,28.884482913547092,False,hourly mean,3
EP112025,Kiko (2025),with_era5,2025-09-02T14:00:00+00:00,correction_mlp_radii,Standard MLP · MLP radii,28.434115303887264,False,hourly mean,3
EP112025,Kiko (2025),with_era5,2025-09-02T15:00:00+00:00,correction_mlp_radii,Standard MLP · MLP radii,27.710010104709202,False,hourly mean,3
EP112025,Kiko (2025),with_era5,2025-09-02T16:00:00+00:00,correction_mlp_radii,Standard MLP · MLP radii,27.574959860907658,False,hourly mean,3
EP112025,Kiko (2025),with_era5,2025-09-02T17:00:00+00:00,correction_mlp_radii,Standard MLP · MLP radii,27.829750061035156,False,hourly mean,3
EP112025,Kiko (2025),with_era5,2025-09-02T18:00:00+00:00,correction_mlp_radii,Standard MLP · MLP radii,28.631986618041992,False,hourly mean,3
EP112025,Kiko (2025),with_era5,2025-09-02T19:00:00+00:00,correction_mlp_radii,Standard MLP · MLP radii,28.881210009257,False,hourly mean,3
EP112025,Kiko (2025),with_era5,2025-09-02T20:00:00+00:00,correction_mlp_radii,Standard MLP · MLP radii,29.359045876397023,False,hourly mean,3
EP112025,Kiko (2025),with_era5,2025-09-02T21:00:00+00:00,correction_mlp_radii,Standard MLP · MLP radii,29.38758934868706,True,hourly mean,3
EP112025,Kiko (2025),with_era5,2025-09-02T22:00:00+00:00,correction_mlp_radii,Standard MLP · MLP radii,30.439232084486218,True,hourly mean,3
EP112025,Kiko (2025),with_era5,2025-09-02T23:00:00+00:00,correction_mlp_radii,Standard MLP · MLP radii,31.58249229855008,True,hourly mean,3
EP112025,Kiko (2025),with_era5,2025-09-03T00:00:00+00:00,correction_mlp_radii,Standard MLP · MLP radii,32.459022204081215,True,hourly mean,3
EP112025,Kiko (2025),with_era5,2025-09-03T01:00:00+00:00,correction_mlp_radii,Standard MLP · MLP radii,32.115276654561356,True,hourly mean,3
EP112025,Kiko (2025),with_era5,2025-09-03T02:00:00+00:00,correction_mlp_radii,Standard MLP · MLP radii,31.82522688971626,True,hourly mean,3
EP112025,Kiko (2025),with_era5,2025-09-03T03:00:00+00:00,correction_mlp_radii,Standard MLP · MLP radii,32.15697850121392,False,hourly mean,3
EP112025,Kiko (2025),with_era5,2025-09-03T04:00:00+00:00,correction_mlp_radii,Standard MLP · MLP radii,32.422209633721245,False,hourly mean,3
EP112025,Kiko (2025),with_era5,2025-09-03T05:00:00+00:00,correction_mlp_radii,Standard MLP · MLP radii,32.00357458326551,False,hourly mean,3
EP112025,Kiko (2025),with_era5,2025-09-03T06:00:00+00:00,correction_mlp_radii,Standard MLP · MLP radii,31.88307613796658,False,hourly mean,3
EP112025,Kiko (2025),with_era5,2025-09-03T07:00:00+00:00,correction_mlp_radii,Standard MLP · MLP radii,31.74056074354384,False,hourly mean,3
EP112025,Kiko (2025),with_era5,2025-09-03T08:00:00+00:00,correction_mlp_radii,Standard MLP · MLP radii,32.083891762627495,False,hourly mean,3
EP112025,Kiko (2025),with_era5,2025-09-03T09:00:00+00:00,correction_mlp_radii,Standard MLP · MLP radii,32.88047557406955,False,hourly mean,3
EP112025,Kiko (2025),with_era5,2025-09-03T10:00:00+00:00,correction_mlp_radii,Standard MLP · MLP radii,34.62895573510064,False,hourly mean,3
EP112025,Kiko (2025),with_era5,2025-09-03T11:00:00+00:00,correction_mlp_radii,Standard MLP · MLP radii,35.83063824971517,False,hourly mean,3
EP112025,Kiko (2025),with_era5,2025-09-03T12:00:00+00:00,correction_mlp_radii,Standard MLP · MLP radii,36.75280994839139,False,hourly mean,3
EP112025,Kiko (2025),with_era5,2025-09-03T13:00:00+00:00,correction_mlp_radii,Standard MLP · MLP radii,39.2020821041531,False,hourly mean,3
EP112025,Kiko (2025),with_era5,2025-09-03T14:00:00+00:00,correction_mlp_radii,Standard MLP · MLP radii,41.99353705512152,False,hourly mean,3
EP112025,Kiko (2025),with_era5,2025-09-03T15:00:00+00:00,correction_mlp_radii,Standard MLP · MLP radii,44.84979417588975,False,hourly mean,3
EP112025,Kiko (2025),with_era5,2025-09-03T16:00:00+00:00,correction_mlp_radii,Standard MLP · MLP radii,45.74227990044488,False,hourly mean,3
EP112025,Kiko (2025),with_era5,2025-09-03T17:00:00+00:00,correction_mlp_radii,Standard MLP · MLP radii,46.71607462565104,False,hourly mean,3
EP112025,Kiko (2025),with_era5,2025-09-03T18:00:00+00:00,correction_mlp_radii,Standard MLP · MLP radii,45.92792595757379,True,hourly mean,3
EP112025,Kiko (2025),with_era5,2025-09-03T19:00:00+00:00,correction_mlp_radii,Standard MLP · MLP radii,42.88198704189725,True,hourly mean,3
EP112025,Kiko (2025),with_era5,2025-09-03T20:00:00+00:00,correction_mlp_radii,Standard MLP · MLP radii,39.43135325113932,True,hourly mean,3
EP112025,Kiko (2025),with_era5,2025-09-03T21:00:00+00:00,correction_mlp_radii,Standard MLP · MLP radii,38.98595364888509,True,hourly mean,3
EP112025,Kiko (2025),with_era5,2025-09-03T22:00:00+00:00,correction_mlp_radii,Standard MLP · MLP radii,41.81828371683756,True,hourly mean,3
EP112025,Kiko (2025),with_era5,2025-09-03T23:00:00+00:00,correction_mlp_radii,Standard MLP · MLP radii,44.49557198418511,True,hourly mean,3
EP112025,Kiko (2025),with_era5,2025-09-04T00:00:00+00:00,correction_mlp_radii,Standard MLP · MLP radii,43.91798549228245,True,hourly mean,3
EP112025,Kiko (2025),with_era5,2025-09-04T01:00:00+00:00,correction_mlp_radii,Standard MLP · MLP radii,40.1363328297933,True,hourly mean,3
EP112025,Kiko (2025),with_era5,2025-09-04T02:00:00+00:00,correction_mlp_radii,Standard MLP · MLP radii,37.13424322340223,True,hourly mean,3
EP112025,Kiko (2025),with_era5,2025-09-04T03:00:00+00:00,correction_mlp_radii,Standard MLP · MLP radii,35.013383865356445,True,hourly mean,3
EP112025,Kiko (2025),with_era5,2025-09-04T04:00:00+00:00,correction_mlp_radii,Standard MLP · MLP radii,34.74246173434787,True,hourly mean,3
EP112025,Kiko (2025),with_era5,2025-09-04T05:00:00+00:00,correction_mlp_radii,Standard MLP · MLP radii,33.48601055145264,True,hourly mean,3
EP112025,Kiko (2025),with_era5,2025-09-04T06:00:00+00:00,correction_mlp_radii,Standard MLP · MLP radii,32.21231333414713,True,hourly mean,3
EP112025,Kiko (2025),with_era5,2025-09-04T07:00:00+00:00,correction_mlp_radii,Standard MLP · MLP radii,31.406360520256893,True,hourly mean,3
EP112025,Kiko (2025),with_era5,2025-09-04T08:00:00+00:00,correction_mlp_radii,Standard MLP · MLP radii,32.70838758680555,True,hourly mean,3
EP112025,Kiko (2025),with_era5,2025-09-04T09:00:00+00:00,correction_mlp_radii,Standard MLP · MLP radii,34.59176307254367,False,hourly mean,3
EP112025,Kiko (2025),with_era5,2025-09-04T10:00:00+00:00,correction_mlp_radii,Standard MLP · MLP radii,36.73601150512695,False,hourly mean,3
EP112025,Kiko (2025),with_era5,2025-09-04T11:00:00+00:00,correction_mlp_radii,Standard MLP · MLP radii,38.51111433241102,False,hourly mean,3
EP112025,Kiko (2025),with_era5,2025-09-04T12:00:00+00:00,correction_mlp_radii,Standard MLP · MLP radii,39.4294876522488,False,hourly mean,3
EP112025,Kiko (2025),with_era5,2025-09-04T13:00:00+00:00,correction_mlp_radii,Standard MLP · MLP radii,40.70558781094021,False,hourly mean,3
EP112025,Kiko (2025),with_era5,2025-09-04T14:00:00+00:00,correction_mlp_radii,Standard MLP · MLP radii,42.34460957845051,False,hourly mean,3
EP112025,Kiko (2025),with_era5,2025-09-04T15:00:00+00:00,correction_mlp_radii,Standard MLP · MLP radii,44.36844719780816,False,hourly mean,3
EP112025,Kiko (2025),with_era5,2025-09-04T16:00:00+00:00,correction_mlp_radii,Standard MLP · MLP radii,46.21098730299207,False,hourly mean,3
EP112025,Kiko (2025),with_era5,2025-09-04T17:00:00+00:00,correction_mlp_radii,Standard MLP · MLP radii,43.980986754099526,False,hourly mean,3
EP112025,Kiko (2025),with_era5,2025-09-04T18:00:00+00:00,correction_mlp_radii,Standard MLP · MLP radii,41.03715011808607,False,hourly mean,3
EP112025,Kiko (2025),with_era5,2025-09-04T19:00:00+00:00,correction_mlp_radii,Standard MLP · MLP radii,37.39352062013414,False,hourly mean,3
EP112025,Kiko (2025),with_era5,2025-09-04T20:00:00+00:00,correction_mlp_radii,Standard MLP · MLP radii,35.94848442077637,False,hourly mean,3
EP112025,Kiko (2025),with_era5,2025-09-04T21:00:00+00:00,correction_mlp_radii,Standard MLP · MLP radii,35.798571268717446,False,hourly mean,3
EP112025,Kiko (2025),with_era5,2025-09-04T22:00:00+00:00,correction_mlp_radii,Standard MLP · MLP radii,36.35932731628417,False,hourly mean,3
EP112025,Kiko (2025),with_era5,2025-09-04T23:00:00+00:00,correction_mlp_radii,Standard MLP · MLP radii,36.789432737562386,False,hourly mean,3
EP112025,Kiko (2025),with_era5,2025-09-05T00:00:00+00:00,correction_mlp_radii,Standard MLP · MLP radii,36.3745485941569,False,hourly mean,3
EP112025,Kiko (2025),with_era5,2025-09-05T01:00:00+00:00,correction_mlp_radii,Standard MLP · MLP radii,34.90878105163574,False,hourly mean,3
EP112025,Kiko (2025),with_era5,2025-09-05T02:00:00+00:00,correction_mlp_radii,Standard MLP · MLP radii,33.88172509935167,False,hourly mean,3
EP112025,Kiko (2025),with_era5,2025-09-05T03:00:00+00:00,correction_mlp_radii,Standard MLP · MLP radii,32.902533849080406,False,hourly mean,3
EP112025,Kiko (2025),with_era5,2025-09-05T04:00:00+00:00,correction_mlp_radii,Standard MLP · MLP radii,31.87017101711697,False,hourly mean,3
EP112025,Kiko (2025),with_era5,2025-09-05T05:00:00+00:00,correction_mlp_radii,Standard MLP · MLP radii,30.291407055324978,False,hourly mean,3
EP112025,Kiko (2025),with_era5,2025-09-05T06:00:00+00:00,correction_mlp_radii,Standard MLP · MLP radii,28.95477231343587,False,hourly mean,3
EP112025,Kiko (2025),with_era5,2025-09-05T07:00:00+00:00,correction_mlp_radii,Standard MLP · MLP radii,28.548866801791718,False,hourly mean,3
EP112025,Kiko (2025),with_era5,2025-09-05T08:00:00+00:00,correction_mlp_radii,Standard MLP · MLP radii,29.431241989135742,False,hourly mean,3
EP112025,Kiko (2025),with_era5,2025-09-05T09:00:00+00:00,correction_mlp_radii,Standard MLP · MLP radii,30.7369426091512,False,hourly mean,3
EP112025,Kiko (2025),with_era5,2025-09-05T10:00:00+00:00,correction_mlp_radii,Standard MLP · MLP radii,31.938469674852154,False,hourly mean,3
EP112025,Kiko (2025),with_era5,2025-09-05T11:00:00+00:00,correction_mlp_radii,Standard MLP · MLP radii,32.47742843627929,False,hourly mean,3
EP112025,Kiko (2025),with_era5,2025-09-05T12:00:00+00:00,correction_mlp_radii,Standard MLP · MLP radii,33.25539090898301,False,hourly mean,3
EP112025,Kiko (2025),with_era5,2025-09-05T13:00:00+00:00,correction_mlp_radii,Standard MLP · MLP radii,35.458869298299156,False,hourly mean,3
EP112025,Kiko (2025),with_era5,2025-09-05T14:00:00+00:00,correction_mlp_radii,Standard MLP · MLP radii,37.38915337456597,False,hourly mean,3
EP112025,Kiko (2025),with_era5,2025-09-05T15:00:00+00:00,correction_mlp_radii,Standard MLP · MLP radii,38.79518191019694,False,hourly mean,3
EP112025,Kiko (2025),with_era5,2025-09-05T16:00:00+00:00,correction_mlp_radii,Standard MLP · MLP radii,38.44587516784668,False,hourly mean,3
EP112025,Kiko (2025),with_era5,2025-09-05T17:00:00+00:00,correction_mlp_radii,Standard MLP · MLP radii,38.54667197333441,False,hourly mean,3
EP112025,Kiko (2025),with_era5,2025-09-05T18:00:00+00:00,correction_mlp_radii,Standard MLP · MLP radii,37.86400646633572,False,hourly mean,3
EP112025,Kiko (2025),with_era5,2025-09-05T19:00:00+00:00,correction_mlp_radii,Standard MLP · MLP radii,36.746993170844185,False,hourly mean,3
EP112025,Kiko (2025),with_era5,2025-09-05T20:00:00+00:00,correction_mlp_radii,Standard MLP · MLP radii,33.1032936308119,False,hourly mean,3
EP112025,Kiko (2025),with_era5,2025-09-05T21:00:00+00:00,correction_mlp_radii,Standard MLP · MLP radii,30.675204594930012,False,hourly mean,3
EP112025,Kiko (2025),with_era5,2025-09-05T22:00:00+00:00,correction_mlp_radii,Standard MLP · MLP radii,30.39686796400282,False,hourly mean,3
EP112025,Kiko (2025),with_era5,2025-09-05T23:00:00+00:00,correction_mlp_radii,Standard MLP · MLP radii,34.015933672587074,False,hourly mean,3
EP112025,Kiko (2025),with_era5,2025-09-06T00:00:00+00:00,correction_mlp_radii,Standard MLP · MLP radii,38.28020498487684,False,hourly mean,3
EP112025,Kiko (2025),with_era5,2025-09-06T01:00:00+00:00,correction_mlp_radii,Standard MLP · MLP radii,40.746550454033745,False,hourly mean,3
EP112025,Kiko (2025),with_era5,2025-09-06T02:00:00+00:00,correction_mlp_radii,Standard MLP · MLP radii,44.701292461819115,False,hourly mean,3
EP112025,Kiko (2025),with_era5,2025-09-06T03:00:00+00:00,correction_mlp_radii,Standard MLP · MLP radii,47.42113643222385,False,hourly mean,3
EP112025,Kiko (2025),with_era5,2025-09-06T04:00:00+00:00,correction_mlp_radii,Standard MLP · MLP radii,50.162840313381615,False,hourly mean,3
EP112025,Kiko (2025),with_era5,2025-09-06T05:00:00+00:00,correction_mlp_radii,Standard MLP · MLP radii,49.74322297837998,False,hourly mean,3
EP112025,Kiko (2025),with_era5,2025-09-06T06:00:00+00:00,correction_mlp_radii,Standard MLP · MLP radii,48.76472536722819,False,hourly mean,3
EP112025,Kiko (2025),with_era5,2025-09-06T07:00:00+00:00,correction_mlp_radii,Standard MLP · MLP radii,46.166189617580834,False,hourly mean,3
EP112025,Kiko (2025),with_era5,2025-09-06T08:00:00+00:00,correction_mlp_radii,Standard MLP · MLP radii,44.401581870185,False,hourly mean,3
EP112025,Kiko (2025),with_era5,2025-09-06T09:00:00+00:00,correction_mlp_radii,Standard MLP · MLP radii,42.79165725708007,False,hourly mean,3
EP112025,Kiko (2025),with_era5,2025-09-06T10:00:00+00:00,correction_mlp_radii,Standard MLP · MLP radii,41.86105465359157,False,hourly mean,3
EP112025,Kiko (2025),with_era5,2025-09-06T11:00:00+00:00,correction_mlp_radii,Standard MLP · MLP radii,38.576175816853834,False,hourly mean,3
EP112025,Kiko (2025),with_era5,2025-09-06T12:00:00+00:00,correction_mlp_radii,Standard MLP · MLP radii,35.343221240573456,False,hourly mean,3
EP112025,Kiko (2025),with_era5,2025-09-06T13:00:00+00:00,correction_mlp_radii,Standard MLP · MLP radii,33.95579761928982,False,hourly mean,3
EP112025,Kiko (2025),with_era5,2025-09-06T14:00:00+00:00,correction_mlp_radii,Standard MLP · MLP radii,34.46843020121256,False,hourly mean,3
EP112025,Kiko (2025),with_era5,2025-09-06T15:00:00+00:00,correction_mlp_radii,Standard MLP · MLP radii,35.92892074584961,False,hourly mean,3
EP112025,Kiko (2025),with_era5,2025-09-06T16:00:00+00:00,correction_mlp_radii,Standard MLP · MLP radii,36.95987235175239,False,hourly mean,3
EP112025,Kiko (2025),with_era5,2025-09-06T17:00:00+00:00,correction_mlp_radii,Standard MLP · MLP radii,37.452598783704964,False,hourly mean,3
EP112025,Kiko (2025),with_era5,2025-09-06T18:00:00+00:00,correction_mlp_radii,Standard MLP · MLP radii,38.189443800184456,False,hourly mean,3
EP112025,Kiko (2025),with_era5,2025-09-06T19:00:00+00:00,correction_mlp_radii,Standard MLP · MLP radii,38.93181165059407,False,hourly mean,3
EP112025,Kiko (2025),with_era5,2025-09-06T20:00:00+00:00,correction_mlp_radii,Standard MLP · MLP radii,37.296030256483284,False,hourly mean,3
EP112025,Kiko (2025),with_era5,2025-09-06T21:00:00+00:00,correction_mlp_radii,Standard MLP · MLP radii,35.641346825493706,False,hourly mean,3
EP112025,Kiko (2025),with_era5,2025-09-06T22:00:00+00:00,correction_mlp_radii,Standard MLP · MLP radii,35.50852563646105,False,hourly mean,3
EP112025,Kiko (2025),with_era5,2025-09-06T23:00:00+00:00,correction_mlp_radii,Standard MLP · MLP radii,38.85372077094184,False,hourly mean,3
EP112025,Kiko (2025),with_era5,2025-09-07T00:00:00+00:00,correction_mlp_radii,Standard MLP · MLP radii,41.63698980543348,False,hourly mean,3
EP112025,Kiko (2025),with_era5,2025-09-07T01:00:00+00:00,correction_mlp_radii,Standard MLP · MLP radii,42.160836113823784,False,hourly mean,3
EP112025,Kiko (2025),with_era5,2025-09-07T02:00:00+00:00,correction_mlp_radii,Standard MLP · MLP radii,42.42566850450303,False,hourly mean,3
EP112025,Kiko (2025),with_era5,2025-09-07T03:00:00+00:00,correction_mlp_radii,Standard MLP · MLP radii,43.636365254720054,False,hourly mean,3
EP112025,Kiko (2025),with_era5,2025-09-07T04:00:00+00:00,correction_mlp_radii,Standard MLP · MLP radii,45.71084806654188,False,hourly mean,3
EP112025,Kiko (2025),with_era5,2025-09-07T05:00:00+00:00,correction_mlp_radii,Standard MLP · MLP radii,46.74533716837565,False,hourly mean,3
EP112025,Kiko (2025),with_era5,2025-09-07T06:00:00+00:00,correction_mlp_radii,Standard MLP · MLP radii,45.91645410325793,False,hourly mean,3
EP112025,Kiko (2025),with_era5,2025-09-07T07:00:00+00:00,correction_mlp_radii,Standard MLP · MLP radii,43.343810611301,False,hourly mean,3
EP112025,Kiko (2025),with_era5,2025-09-07T08:00:00+00:00,correction_mlp_radii,Standard MLP · MLP radii,41.50213220384386,False,hourly mean,3
EP112025,Kiko (2025),with_era5,2025-09-07T09:00:00+00:00,correction_mlp_radii,Standard MLP · MLP radii,40.8476505279541,False,hourly mean,3
EP112025,Kiko (2025),with_era5,2025-09-07T10:00:00+00:00,correction_mlp_radii,Standard MLP · MLP radii,41.1901011996799,False,hourly mean,3
EP112025,Kiko (2025),with_era5,2025-09-07T11:00:00+00:00,correction_mlp_radii,Standard MLP · MLP radii,40.692906061808266,False,hourly mean,3
EP112025,Kiko (2025),with_era5,2025-09-07T12:00:00+00:00,correction_mlp_radii,Standard MLP · MLP radii,40.550483067830406,False,hourly mean,3
EP112025,Kiko (2025),with_era5,2025-09-07T13:00:00+00:00,correction_mlp_radii,Standard MLP · MLP radii,40.82803620232476,False,hourly mean,3
EP112025,Kiko (2025),with_era5,2025-09-07T14:00:00+00:00,correction_mlp_radii,Standard MLP · MLP radii,39.76928435431586,False,hourly mean,3
EP112025,Kiko (2025),with_era5,2025-09-07T15:00:00+00:00,correction_mlp_radii,Standard MLP · MLP radii,36.70090431637234,False,hourly mean,3
EP112025,Kiko (2025),with_era5,2025-09-07T16:00:00+00:00,correction_mlp_radii,Standard MLP · MLP radii,33.603328175014916,False,hourly mean,3
EP112025,Kiko (2025),with_era5,2025-09-07T17:00:00+00:00,correction_mlp_radii,Standard MLP · MLP radii,32.15399456024169,False,hourly mean,3
EP112025,Kiko (2025),with_era5,2025-09-07T18:00:00+00:00,correction_mlp_radii,Standard MLP · MLP radii,31.414211273193356,False,hourly mean,3
EP112025,Kiko (2025),with_era5,2025-09-07T19:00:00+00:00,correction_mlp_radii,Standard MLP · MLP radii,30.537555906507702,False,hourly mean,3
EP112025,Kiko (2025),with_era5,2025-09-07T20:00:00+00:00,correction_mlp_radii,Standard MLP · MLP radii,29.201586511400006,False,hourly mean,3
EP112025,Kiko (2025),with_era5,2025-09-07T21:00:00+00:00,correction_mlp_radii,Standard MLP · MLP radii,28.45961899227566,False,hourly mean,3
EP112025,Kiko (2025),with_era5,2025-09-07T22:00:00+00:00,correction_mlp_radii,Standard MLP · MLP radii,28.261857350667317,False,hourly mean,3
EP112025,Kiko (2025),with_era5,2025-09-07T23:00:00+00:00,correction_mlp_radii,Standard MLP · MLP radii,28.887319988674587,False,hourly mean,3
EP112025,Kiko (2025),with_era5,2025-09-08T00:00:00+00:00,correction_mlp_radii,Standard MLP · MLP radii,29.803015391031895,False,hourly mean,3
EP112025,Kiko (2025),with_era5,2025-09-08T01:00:00+00:00,correction_mlp_radii,Standard MLP · MLP radii,30.61591890123155,False,hourly mean,3
EP112025,Kiko (2025),with_era5,2025-09-08T02:00:00+00:00,correction_mlp_radii,Standard MLP · MLP radii,32.154089715745705,False,hourly mean,3
EP112025,Kiko (2025),with_era5,2025-09-08T03:00:00+00:00,correction_mlp_radii,Standard MLP · MLP radii,34.3675807317098,False,hourly mean,3
EP112025,Kiko (2025),with_era5,2025-09-08T04:00:00+00:00,correction_mlp_radii,Standard MLP · MLP radii,36.68331951565212,False,hourly mean,3
EP112025,Kiko (2025),with_era5,2025-09-08T05:00:00+00:00,correction_mlp_radii,Standard MLP · MLP radii,37.62547598944769,False,hourly mean,3
EP112025,Kiko (2025),with_era5,2025-09-08T06:00:00+00:00,correction_mlp_radii,Standard MLP · MLP radii,36.97995503743489,False,hourly mean,3
EP112025,Kiko (2025),with_era5,2025-09-08T07:00:00+00:00,correction_mlp_radii,Standard MLP · MLP radii,35.27696651882595,False,hourly mean,3
EP112025,Kiko (2025),with_era5,2025-09-08T08:00:00+00:00,correction_mlp_radii,Standard MLP · MLP radii,37.72490798102484,False,hourly mean,3
EP112025,Kiko (2025),with_era5,2025-09-08T09:00:00+00:00,correction_mlp_radii,Standard MLP · MLP radii,40.84794595506456,False,hourly mean,3
EP112025,Kiko (2025),with_era5,2025-09-08T10:00:00+00:00,correction_mlp_radii,Standard MLP · MLP radii,44.05198923746744,False,hourly mean,3
EP112025,Kiko (2025),with_era5,2025-09-08T11:00:00+00:00,correction_mlp_radii,Standard MLP · MLP radii,42.93516540527344,False,hourly mean,3
EP112025,Kiko (2025),with_era5,2025-09-08T12:00:00+00:00,correction_mlp_radii,Standard MLP · MLP radii,41.243193520439995,False,hourly mean,3
EP112025,Kiko (2025),with_era5,2025-09-08T13:00:00+00:00,correction_mlp_radii,Standard MLP · MLP radii,39.52471351623535,False,hourly mean,3
EP112025,Kiko (2025),with_era5,2025-09-08T14:00:00+00:00,correction_mlp_radii,Standard MLP · MLP radii,38.43079376220703,False,hourly mean,3
EP112025,Kiko (2025),with_era5,2025-09-08T15:00:00+00:00,correction_mlp_radii,Standard MLP · MLP radii,38.33360502454969,False,hourly mean,3
EP112025,Kiko (2025),with_era5,2025-09-08T16:00:00+00:00,correction_mlp_radii,Standard MLP · MLP radii,38.94770304361979,False,hourly mean,3
EP112025,Kiko (2025),with_era5,2025-09-08T17:00:00+00:00,correction_mlp_radii,Standard MLP · MLP radii,39.54766549004449,False,hourly mean,3
EP112025,Kiko (2025),with_era5,2025-09-08T18:00:00+00:00,correction_mlp_radii,Standard MLP · MLP radii,39.543796327379006,False,hourly mean,3
EP112025,Kiko (2025),with_era5,2025-09-08T19:00:00+00:00,correction_mlp_radii,Standard MLP · MLP radii,39.30333116319444,False,hourly mean,3
EP112025,Kiko (2025),with_era5,2025-09-08T20:00:00+00:00,correction_mlp_radii,Standard MLP · MLP radii,37.39622073703342,False,hourly mean,3
EP112025,Kiko (2025),with_era5,2025-09-08T21:00:00+00:00,correction_mlp_radii,Standard MLP · MLP radii,35.64152590433756,False,hourly mean,3
EP112025,Kiko (2025),with_era5,2025-09-08T22:00:00+00:00,correction_mlp_radii,Standard MLP · MLP radii,33.68122673034667,False,hourly mean,3
EP112025,Kiko (2025),with_era5,2025-09-08T23:00:00+00:00,correction_mlp_radii,Standard MLP · MLP radii,32.57659191555447,False,hourly mean,3
EP112025,Kiko (2025),with_era5,2025-09-09T00:00:00+00:00,correction_mlp_radii,Standard MLP · MLP radii,31.043839666578503,False,hourly mean,3
EP112025,Kiko (2025),with_era5,2025-09-09T01:00:00+00:00,correction_mlp_radii,Standard MLP · MLP radii,29.288596895005966,False,hourly mean,3
EP112025,Kiko (2025),with_era5,2025-09-09T02:00:00+00:00,correction_mlp_radii,Standard MLP · MLP radii,29.04068173302544,False,hourly mean,3
EP112025,Kiko (2025),with_era5,2025-09-09T03:00:00+00:00,correction_mlp_radii,Standard MLP · MLP radii,28.9631626341078,False,hourly mean,3
EP112025,Kiko (2025),with_era5,2025-09-09T04:00:00+00:00,correction_mlp_radii,Standard MLP · MLP radii,28.883124457465275,False,hourly mean,3
EP112025,Kiko (2025),with_era5,2025-09-09T05:00:00+00:00,correction_mlp_radii,Standard MLP · MLP radii,27.458148532443573,False,hourly mean,3
EP112025,Kiko (2025),with_era5,2025-09-09T06:00:00+00:00,correction_mlp_radii,Standard MLP · MLP radii,26.07224114735921,False,hourly mean,3
EP112025,Kiko (2025),with_era5,2025-09-09T07:00:00+00:00,correction_mlp_radii,Standard MLP · MLP radii,25.035961892869736,False,hourly mean,3
EP112025,Kiko (2025),with_era5,2025-09-09T08:00:00+00:00,correction_mlp_radii,Standard MLP · MLP radii,24.98210197024875,False,hourly mean,3
EP112025,Kiko (2025),with_era5,2025-09-09T09:00:00+00:00,correction_mlp_radii,Standard MLP · MLP radii,25.24376614888509,False,hourly mean,3
EP112025,Kiko (2025),with_era5,2025-09-09T10:00:00+00:00,correction_mlp_radii,Standard MLP · MLP radii,25.843384848700627,False,hourly mean,3
EP112025,Kiko (2025),with_era5,2025-09-09T11:00:00+00:00,correction_mlp_radii,Standard MLP · MLP radii,25.86633523305257,False,hourly mean,3
EP112025,Kiko (2025),with_era5,2025-09-09T12:00:00+00:00,correction_mlp_radii,Standard MLP · MLP radii,26.35567580329047,False,hourly mean,3
EP112025,Kiko (2025),with_era5,2025-09-09T13:00:00+00:00,correction_mlp_radii,Standard MLP · MLP radii,27.222607082790798,False,hourly mean,3
EP112025,Kiko (2025),with_era5,2025-09-09T14:00:00+00:00,correction_mlp_radii,Standard MLP · MLP radii,26.143552780151364,False,hourly mean,3
EP112025,Kiko (2025),with_era5,2025-09-09T15:00:00+00:00,correction_mlp_radii,Standard MLP · MLP radii,24.547292073567707,False,hourly mean,3
EP112025,Kiko (2025),with_era5,2025-09-09T16:00:00+00:00,correction_mlp_radii,Standard MLP · MLP radii,22.683600213792587,False,hourly mean,3
EP112025,Kiko (2025),with_era5,2025-09-09T17:00:00+00:00,correction_mlp_radii,Standard MLP · MLP radii,23.42158603668213,False,hourly mean,3
EP112025,Kiko (2025),with_era5,2025-09-09T18:00:00+00:00,correction_mlp_radii,Standard MLP · MLP radii,24.609145694308808,False,hourly mean,3
EP112025,Kiko (2025),with_era5,2025-09-09T19:00:00+00:00,correction_mlp_radii,Standard MLP · MLP radii,25.80880207485622,False,hourly mean,3
EP112025,Kiko (2025),with_era5,2025-09-09T20:00:00+00:00,correction_mlp_radii,Standard MLP · MLP radii,24.813914828830292,False,hourly mean,3
EP112025,Kiko (2025),with_era5,2025-09-09T21:00:00+00:00,correction_mlp_radii,Standard MLP · MLP radii,23.154816627502438,False,hourly mean,3
EP112025,Kiko (2025),with_era5,2025-09-09T22:00:00+00:00,correction_mlp_radii,Standard MLP · MLP radii,20.945701387193466,False,hourly mean,3
EP112025,Kiko (2025),with_era5,2025-09-09T23:00:00+00:00,correction_mlp_radii,Standard MLP · MLP radii,20.64505110846625,False,hourly mean,3
EP112025,Kiko (2025),with_era5,2025-09-10T00:00:00+00:00,correction_mlp_radii,Standard MLP · MLP radii,21.30580223931206,False,hourly mean,3
EP112025,Kiko (2025),with_era5,2025-09-10T01:00:00+00:00,correction_mlp_radii,Standard MLP · MLP radii,22.059559398227265,False,hourly mean,3
EP112025,Kiko (2025),with_era5,2025-09-10T02:00:00+00:00,correction_mlp_radii,Standard MLP · MLP radii,22.40229617224799,False,hourly mean,3
EP112025,Kiko (2025),with_era5,2025-09-10T03:00:00+00:00,correction_mlp_radii,Standard MLP · MLP radii,19.812281078762474,False,hourly mean,3
EP112025,Kiko (2025),with_era5,2025-09-10T04:00:00+00:00,correction_mlp_radii,Standard MLP · MLP radii,17.326260725657143,False,hourly mean,3
EP112025,Kiko (2025),with_era5,2025-09-10T05:00:00+00:00,correction_mlp_radii,Standard MLP · MLP radii,14.9006486998664,False,hourly mean,3
EP112025,Kiko (2025),with_era5,2025-09-10T06:00:00+00:00,correction_mlp_radii,Standard MLP · MLP radii,14.543625036875406,False,hourly mean,3
EP112025,Kiko (2025),with_era5,2025-09-10T07:00:00+00:00,correction_mlp_radii,Standard MLP · MLP radii,14.329609065585664,False,hourly mean,3
EP112025,Kiko (2025),with_era5,2025-09-10T08:00:00+00:00,correction_mlp_radii,Standard MLP · MLP radii,13.843362638685436,False,hourly mean,3
EP112025,Kiko (2025),with_era5,2025-09-10T09:00:00+00:00,correction_mlp_radii,Standard MLP · MLP radii,13.356338914235431,False,hourly mean,3
EP112025,Kiko (2025),with_era5,2025-09-10T10:00:00+00:00,correction_mlp_radii,Standard MLP · MLP radii,12.86673816045125,False,hourly mean,3
EP112025,Kiko (2025),with_era5,2025-09-10T11:00:00+00:00,correction_mlp_radii,Standard MLP · MLP radii,12.84631029764811,False,hourly mean,3
EP112025,Kiko (2025),with_era5,2025-09-10T12:00:00+00:00,correction_mlp_radii,Standard MLP · MLP radii,13.402101251814097,False,hourly mean,3
EP112025,Kiko (2025),with_era5,2025-09-10T13:00:00+00:00,correction_mlp_radii,Standard MLP · MLP radii,14.60918839772542,False,hourly mean,3
EP112025,Kiko (2025),with_era5,2025-09-10T14:00:00+00:00,correction_mlp_radii,Standard MLP · MLP radii,16.372056166330967,False,hourly mean,3
EP112025,Kiko (2025),with_era5,2025-09-10T15:00:00+00:00,correction_mlp_radii,Standard MLP · MLP radii,18.00063403447469,False,hourly mean,3
EP112025,Kiko (2025),with_era5,2025-09-10T16:00:00+00:00,correction_mlp_radii,Standard MLP · MLP radii,19.279623243543835,False,hourly mean,3
EP112025,Kiko (2025),with_era5,2025-09-10T17:00:00+00:00,correction_mlp_radii,Standard MLP · MLP radii,20.55735757615831,False,hourly mean,3
EP112025,Kiko (2025),with_era5,2025-09-10T18:00:00+00:00,correction_mlp_radii,Standard MLP · MLP radii,22.632805718315968,False,hourly mean,3
EP112025,Kiko (2025),with_era5,2025-09-10T19:00:00+00:00,correction_mlp_radii,Standard MLP · MLP radii,25.115344153510197,False,hourly mean,3
EP112025,Kiko (2025),with_era5,2025-09-10T20:00:00+00:00,correction_mlp_radii,Standard MLP · MLP radii,27.007403161790634,False,hourly mean,3
EP112025,Kiko (2025),with_era5,2025-09-10T21:00:00+00:00,correction_mlp_radii,Standard MLP · MLP radii,27.39882087707519,False,hourly mean,3
EP112025,Kiko (2025),with_era5,2025-09-10T22:00:00+00:00,correction_mlp_radii,Standard MLP · MLP radii,27.21763292948405,False,hourly mean,3
EP112025,Kiko (2025),with_era5,2025-09-10T23:00:00+00:00,correction_mlp_radii,Standard MLP · MLP radii,26.929587841033936,False,hourly mean,3
EP112025,Kiko (2025),with_era5,2025-08-31T00:00:00+00:00,latent_sar_max_wind_radii,Latent MLP · SAR · wind + radii,19.81300147374471,False,hourly mean,3
EP112025,Kiko (2025),with_era5,2025-08-31T01:00:00+00:00,latent_sar_max_wind_radii,Latent MLP · SAR · wind + radii,19.692064815097385,False,hourly mean,3
EP112025,Kiko (2025),with_era5,2025-08-31T02:00:00+00:00,latent_sar_max_wind_radii,Latent MLP · SAR · wind + radii,19.693135155571827,False,hourly mean,3
EP112025,Kiko (2025),with_era5,2025-08-31T03:00:00+00:00,latent_sar_max_wind_radii,Latent MLP · SAR · wind + radii,19.79184850056966,False,hourly mean,3
EP112025,Kiko (2025),with_era5,2025-08-31T04:00:00+00:00,latent_sar_max_wind_radii,Latent MLP · SAR · wind + radii,19.97643216451009,False,hourly mean,3
EP112025,Kiko (2025),with_era5,2025-08-31T05:00:00+00:00,latent_sar_max_wind_radii,Latent MLP · SAR · wind + radii,19.970715098910862,False,hourly mean,3
EP112025,Kiko (2025),with_era5,2025-08-31T06:00:00+00:00,latent_sar_max_wind_radii,Latent MLP · SAR · wind + radii,19.884565247429745,False,hourly mean,3
EP112025,Kiko (2025),with_era5,2025-08-31T07:00:00+00:00,latent_sar_max_wind_radii,Latent MLP · SAR · wind + radii,19.78741624620226,False,hourly mean,3
EP112025,Kiko (2025),with_era5,2025-08-31T08:00:00+00:00,latent_sar_max_wind_radii,Latent MLP · SAR · wind + radii,19.94273387061225,False,hourly mean,3
EP112025,Kiko (2025),with_era5,2025-08-31T09:00:00+00:00,latent_sar_max_wind_radii,Latent MLP · SAR · wind + radii,20.114117410447864,False,hourly mean,3
EP112025,Kiko (2025),with_era5,2025-08-31T10:00:00+00:00,latent_sar_max_wind_radii,Latent MLP · SAR · wind + radii,20.240974214341907,False,hourly mean,3
EP112025,Kiko (2025),with_era5,2025-08-31T11:00:00+00:00,latent_sar_max_wind_radii,Latent MLP · SAR · wind + radii,20.165236367119686,False,hourly mean,3
EP112025,Kiko (2025),with_era5,2025-08-31T12:00:00+00:00,latent_sar_max_wind_radii,Latent MLP · SAR · wind + radii,20.177098804050022,False,hourly mean,3
EP112025,Kiko (2025),with_era5,2025-08-31T13:00:00+00:00,latent_sar_max_wind_radii,Latent MLP · SAR · wind + radii,20.318903393215603,False,hourly mean,3
EP112025,Kiko (2025),with_era5,2025-08-31T14:00:00+00:00,latent_sar_max_wind_radii,Latent MLP · SAR · wind + radii,20.78038501739502,False,hourly mean,3
EP112025,Kiko (2025),with_era5,2025-08-31T15:00:00+00:00,latent_sar_max_wind_radii,Latent MLP · SAR · wind + radii,21.711011462741425,False,hourly mean,3
EP112025,Kiko (2025),with_era5,2025-08-31T16:00:00+00:00,latent_sar_max_wind_radii,Latent MLP · SAR · wind + radii,23.72738265991211,False,hourly mean,3
EP112025,Kiko (2025),with_era5,2025-08-31T17:00:00+00:00,latent_sar_max_wind_radii,Latent MLP · SAR · wind + radii,25.762930552164715,False,hourly mean,3
EP112025,Kiko (2025),with_era5,2025-08-31T18:00:00+00:00,latent_sar_max_wind_radii,Latent MLP · SAR · wind + radii,27.05796676211887,False,hourly mean,3
EP112025,Kiko (2025),with_era5,2025-08-31T19:00:00+00:00,latent_sar_max_wind_radii,Latent MLP · SAR · wind + radii,26.646744304233124,False,hourly mean,3
EP112025,Kiko (2025),with_era5,2025-08-31T20:00:00+00:00,latent_sar_max_wind_radii,Latent MLP · SAR · wind + radii,26.925196117824978,False,hourly mean,3
EP112025,Kiko (2025),with_era5,2025-08-31T21:00:00+00:00,latent_sar_max_wind_radii,Latent MLP · SAR · wind + radii,28.017658445570202,False,hourly mean,3
EP112025,Kiko (2025),with_era5,2025-08-31T22:00:00+00:00,latent_sar_max_wind_radii,Latent MLP · SAR · wind + radii,29.684595319959854,False,hourly mean,3
EP112025,Kiko (2025),with_era5,2025-08-31T23:00:00+00:00,latent_sar_max_wind_radii,Latent MLP · SAR · wind + radii,30.01075655619303,False,hourly mean,3
EP112025,Kiko (2025),with_era5,2025-09-01T00:00:00+00:00,latent_sar_max_wind_radii,Latent MLP · SAR · wind + radii,29.556010203891333,False,hourly mean,3
EP112025,Kiko (2025),with_era5,2025-09-01T01:00:00+00:00,latent_sar_max_wind_radii,Latent MLP · SAR · wind + radii,29.467579587300616,False,hourly mean,3
EP112025,Kiko (2025),with_era5,2025-09-01T02:00:00+00:00,latent_sar_max_wind_radii,Latent MLP · SAR · wind + radii,27.904898325602215,False,hourly mean,3
EP112025,Kiko (2025),with_era5,2025-09-01T03:00:00+00:00,latent_sar_max_wind_radii,Latent MLP · SAR · wind + radii,26.245482444763184,False,hourly mean,3
EP112025,Kiko (2025),with_era5,2025-09-01T04:00:00+00:00,latent_sar_max_wind_radii,Latent MLP · SAR · wind + radii,23.902379353841145,False,hourly mean,3
EP112025,Kiko (2025),with_era5,2025-09-01T05:00:00+00:00,latent_sar_max_wind_radii,Latent MLP · SAR · wind + radii,23.311086230807835,False,hourly mean,3
EP112025,Kiko (2025),with_era5,2025-09-01T06:00:00+00:00,latent_sar_max_wind_radii,Latent MLP · SAR · wind + radii,23.095860057406956,False,hourly mean,3
EP112025,Kiko (2025),with_era5,2025-09-01T07:00:00+00:00,latent_sar_max_wind_radii,Latent MLP · SAR · wind + radii,23.21049690246582,False,hourly mean,3
EP112025,Kiko (2025),with_era5,2025-09-01T08:00:00+00:00,latent_sar_max_wind_radii,Latent MLP · SAR · wind + radii,23.195288552178273,False,hourly mean,3
EP112025,Kiko (2025),with_era5,2025-09-01T09:00:00+00:00,latent_sar_max_wind_radii,Latent MLP · SAR · wind + radii,23.126307593451603,False,hourly mean,3
EP112025,Kiko (2025),with_era5,2025-09-01T10:00:00+00:00,latent_sar_max_wind_radii,Latent MLP · SAR · wind + radii,23.16053083207872,False,hourly mean,3
EP112025,Kiko (2025),with_era5,2025-09-01T11:00:00+00:00,latent_sar_max_wind_radii,Latent MLP · SAR · wind + radii,23.629443380567764,False,hourly mean,3
EP112025,Kiko (2025),with_era5,2025-09-01T12:00:00+00:00,latent_sar_max_wind_radii,Latent MLP · SAR · wind + radii,24.52476618025038,False,hourly mean,3
EP112025,Kiko (2025),with_era5,2025-09-01T13:00:00+00:00,latent_sar_max_wind_radii,Latent MLP · SAR · wind + radii,25.167446454366047,False,hourly mean,3
EP112025,Kiko (2025),with_era5,2025-09-01T14:00:00+00:00,latent_sar_max_wind_radii,Latent MLP · SAR · wind + radii,25.66552172766792,False,hourly mean,3
EP112025,Kiko (2025),with_era5,2025-09-01T15:00:00+00:00,latent_sar_max_wind_radii,Latent MLP · SAR · wind + radii,25.9850525326199,False,hourly mean,3
EP112025,Kiko (2025),with_era5,2025-09-01T16:00:00+00:00,latent_sar_max_wind_radii,Latent MLP · SAR · wind + radii,26.66764174567329,False,hourly mean,3
EP112025,Kiko (2025),with_era5,2025-09-01T17:00:00+00:00,latent_sar_max_wind_radii,Latent MLP · SAR · wind + radii,26.956669065687393,False,hourly mean,3
EP112025,Kiko (2025),with_era5,2025-09-01T18:00:00+00:00,latent_sar_max_wind_radii,Latent MLP · SAR · wind + radii,26.221513112386067,False,hourly mean,3
EP112025,Kiko (2025),with_era5,2025-09-01T19:00:00+00:00,latent_sar_max_wind_radii,Latent MLP · SAR · wind + radii,24.76966667175293,False,hourly mean,3
EP112025,Kiko (2025),with_era5,2025-09-01T20:00:00+00:00,latent_sar_max_wind_radii,Latent MLP · SAR · wind + radii,24.70230208502876,False,hourly mean,3
EP112025,Kiko (2025),with_era5,2025-09-01T21:00:00+00:00,latent_sar_max_wind_radii,Latent MLP · SAR · wind + radii,25.599552260504833,False,hourly mean,3
EP112025,Kiko (2025),with_era5,2025-09-01T22:00:00+00:00,latent_sar_max_wind_radii,Latent MLP · SAR · wind + radii,26.9490106370714,False,hourly mean,3
EP112025,Kiko (2025),with_era5,2025-09-01T23:00:00+00:00,latent_sar_max_wind_radii,Latent MLP · SAR · wind + radii,27.083346048990887,False,hourly mean,3
EP112025,Kiko (2025),with_era5,2025-09-02T00:00:00+00:00,latent_sar_max_wind_radii,Latent MLP · SAR · wind + radii,27.02999761369493,False,hourly mean,3
EP112025,Kiko (2025),with_era5,2025-09-02T01:00:00+00:00,latent_sar_max_wind_radii,Latent MLP · SAR · wind + radii,27.49294016096327,False,hourly mean,3
EP112025,Kiko (2025),with_era5,2025-09-02T02:00:00+00:00,latent_sar_max_wind_radii,Latent MLP · SAR · wind + radii,26.33916102515327,False,hourly mean,3
EP112025,Kiko (2025),with_era5,2025-09-02T03:00:00+00:00,latent_sar_max_wind_radii,Latent MLP · SAR · wind + radii,24.86780293782552,False,hourly mean,3
EP112025,Kiko (2025),with_era5,2025-09-02T04:00:00+00:00,latent_sar_max_wind_radii,Latent MLP · SAR · wind + radii,22.69269360436334,False,hourly mean,3
EP112025,Kiko (2025),with_era5,2025-09-02T05:00:00+00:00,latent_sar_max_wind_radii,Latent MLP · SAR · wind + radii,22.811038547092014,False,hourly mean,3
EP112025,Kiko (2025),with_era5,2025-09-02T06:00:00+00:00,latent_sar_max_wind_radii,Latent MLP · SAR · wind + radii,23.624662399291992,False,hourly mean,3
EP112025,Kiko (2025),with_era5,2025-09-02T07:00:00+00:00,latent_sar_max_wind_radii,Latent MLP · SAR · wind + radii,24.57231691148546,False,hourly mean,3
EP112025,Kiko (2025),with_era5,2025-09-02T08:00:00+00:00,latent_sar_max_wind_radii,Latent MLP · SAR · wind + radii,29.432156668768986,False,hourly mean,3
EP112025,Kiko (2025),with_era5,2025-09-02T09:00:00+00:00,latent_sar_max_wind_radii,Latent MLP · SAR · wind + radii,34.369079483879936,False,hourly mean,3
EP112025,Kiko (2025),with_era5,2025-09-02T10:00:00+00:00,latent_sar_max_wind_radii,Latent MLP · SAR · wind + radii,39.591584311591255,False,hourly mean,3
EP112025,Kiko (2025),with_era5,2025-09-02T11:00:00+00:00,latent_sar_max_wind_radii,Latent MLP · SAR · wind + radii,40.28303231133355,False,hourly mean,3
EP112025,Kiko (2025),with_era5,2025-09-02T12:00:00+00:00,latent_sar_max_wind_radii,Latent MLP · SAR · wind + radii,40.34671613905165,False,hourly mean,3
EP112025,Kiko (2025),with_era5,2025-09-02T13:00:00+00:00,latent_sar_max_wind_radii,Latent MLP · SAR · wind + radii,38.750386767917206,False,hourly mean,3
EP112025,Kiko (2025),with_era5,2025-09-02T14:00:00+00:00,latent_sar_max_wind_radii,Latent MLP · SAR · wind + radii,33.841848797268334,False,hourly mean,3
EP112025,Kiko (2025),with_era5,2025-09-02T15:00:00+00:00,latent_sar_max_wind_radii,Latent MLP · SAR · wind + radii,28.057361602783203,False,hourly mean,3
EP112025,Kiko (2025),with_era5,2025-09-02T16:00:00+00:00,latent_sar_max_wind_radii,Latent MLP · SAR · wind + radii,23.593921873304577,False,hourly mean,3
EP112025,Kiko (2025),with_era5,2025-09-02T17:00:00+00:00,latent_sar_max_wind_radii,Latent MLP · SAR · wind + radii,22.578985532124836,False,hourly mean,3
EP112025,Kiko (2025),with_era5,2025-09-02T18:00:00+00:00,latent_sar_max_wind_radii,Latent MLP · SAR · wind + radii,26.94692177242703,False,hourly mean,3
EP112025,Kiko (2025),with_era5,2025-09-02T19:00:00+00:00,latent_sar_max_wind_radii,Latent MLP · SAR · wind + radii,35.37572087181939,False,hourly mean,3
EP112025,Kiko (2025),with_era5,2025-09-02T20:00:00+00:00,latent_sar_max_wind_radii,Latent MLP · SAR · wind + radii,35.182969411214195,False,hourly mean,3
EP112025,Kiko (2025),with_era5,2025-09-02T21:00:00+00:00,latent_sar_max_wind_radii,Latent MLP · SAR · wind + radii,30.758863661024304,True,hourly mean,3
EP112025,Kiko (2025),with_era5,2025-09-02T22:00:00+00:00,latent_sar_max_wind_radii,Latent MLP · SAR · wind + radii,23.36080318027072,True,hourly mean,3
EP112025,Kiko (2025),with_era5,2025-09-02T23:00:00+00:00,latent_sar_max_wind_radii,Latent MLP · SAR · wind + radii,25.03136327531602,True,hourly mean,3
EP112025,Kiko (2025),with_era5,2025-09-03T00:00:00+00:00,latent_sar_max_wind_radii,Latent MLP · SAR · wind + radii,26.16584152645535,True,hourly mean,3
EP112025,Kiko (2025),with_era5,2025-09-03T01:00:00+00:00,latent_sar_max_wind_radii,Latent MLP · SAR · wind + radii,26.411205291748043,True,hourly mean,3
EP112025,Kiko (2025),with_era5,2025-09-03T02:00:00+00:00,latent_sar_max_wind_radii,Latent MLP · SAR · wind + radii,29.864762941996258,True,hourly mean,3
EP112025,Kiko (2025),with_era5,2025-09-03T03:00:00+00:00,latent_sar_max_wind_radii,Latent MLP · SAR · wind + radii,34.70649009280734,False,hourly mean,3
EP112025,Kiko (2025),with_era5,2025-09-03T04:00:00+00:00,latent_sar_max_wind_radii,Latent MLP · SAR · wind + radii,39.915532853868264,False,hourly mean,3
EP112025,Kiko (2025),with_era5,2025-09-03T05:00:00+00:00,latent_sar_max_wind_radii,Latent MLP · SAR · wind + radii,41.634557512071396,False,hourly mean,3
EP112025,Kiko (2025),with_era5,2025-09-03T06:00:00+00:00,latent_sar_max_wind_radii,Latent MLP · SAR · wind + radii,43.51203388637966,False,hourly mean,3
EP112025,Kiko (2025),with_era5,2025-09-03T07:00:00+00:00,latent_sar_max_wind_radii,Latent MLP · SAR · wind + radii,43.47887102762858,False,hourly mean,3
EP112025,Kiko (2025),with_era5,2025-09-03T08:00:00+00:00,latent_sar_max_wind_radii,Latent MLP · SAR · wind + radii,45.67799949645996,False,hourly mean,3
EP112025,Kiko (2025),with_era5,2025-09-03T09:00:00+00:00,latent_sar_max_wind_radii,Latent MLP · SAR · wind + radii,48.58564143710666,False,hourly mean,3
EP112025,Kiko (2025),with_era5,2025-09-03T10:00:00+00:00,latent_sar_max_wind_radii,Latent MLP · SAR · wind + radii,53.17180273267957,False,hourly mean,3
EP112025,Kiko (2025),with_era5,2025-09-03T11:00:00+00:00,latent_sar_max_wind_radii,Latent MLP · SAR · wind + radii,55.6340611775716,False,hourly mean,3
EP112025,Kiko (2025),with_era5,2025-09-03T12:00:00+00:00,latent_sar_max_wind_radii,Latent MLP · SAR · wind + radii,56.449774424235024,False,hourly mean,3
EP112025,Kiko (2025),with_era5,2025-09-03T13:00:00+00:00,latent_sar_max_wind_radii,Latent MLP · SAR · wind + radii,58.05861515469021,False,hourly mean,3
EP112025,Kiko (2025),with_era5,2025-09-03T14:00:00+00:00,latent_sar_max_wind_radii,Latent MLP · SAR · wind + radii,58.50533866882324,False,hourly mean,3
EP112025,Kiko (2025),with_era5,2025-09-03T15:00:00+00:00,latent_sar_max_wind_radii,Latent MLP · SAR · wind + radii,59.51889589097765,False,hourly mean,3
EP112025,Kiko (2025),with_era5,2025-09-03T16:00:00+00:00,latent_sar_max_wind_radii,Latent MLP · SAR · wind + radii,60.12318314446344,False,hourly mean,3
EP112025,Kiko (2025),with_era5,2025-09-03T17:00:00+00:00,latent_sar_max_wind_radii,Latent MLP · SAR · wind + radii,62.55818769666883,False,hourly mean,3
EP112025,Kiko (2025),with_era5,2025-09-03T18:00:00+00:00,latent_sar_max_wind_radii,Latent MLP · SAR · wind + radii,64.02582253350151,True,hourly mean,3
EP112025,Kiko (2025),with_era5,2025-09-03T19:00:00+00:00,latent_sar_max_wind_radii,Latent MLP · SAR · wind + radii,63.96078872680663,True,hourly mean,3
EP112025,Kiko (2025),with_era5,2025-09-03T20:00:00+00:00,latent_sar_max_wind_radii,Latent MLP · SAR · wind + radii,62.7493224673801,True,hourly mean,3
EP112025,Kiko (2025),with_era5,2025-09-03T21:00:00+00:00,latent_sar_max_wind_radii,Latent MLP · SAR · wind + radii,61.83697213066949,True,hourly mean,3
EP112025,Kiko (2025),with_era5,2025-09-03T22:00:00+00:00,latent_sar_max_wind_radii,Latent MLP · SAR · wind + radii,61.827157974243164,True,hourly mean,3
EP112025,Kiko (2025),with_era5,2025-09-03T23:00:00+00:00,latent_sar_max_wind_radii,Latent MLP · SAR · wind + radii,61.41772418551975,True,hourly mean,3
EP112025,Kiko (2025),with_era5,2025-09-04T00:00:00+00:00,latent_sar_max_wind_radii,Latent MLP · SAR · wind + radii,59.84876314798991,True,hourly mean,3
EP112025,Kiko (2025),with_era5,2025-09-04T01:00:00+00:00,latent_sar_max_wind_radii,Latent MLP · SAR · wind + radii,56.15213521321615,True,hourly mean,3
EP112025,Kiko (2025),with_era5,2025-09-04T02:00:00+00:00,latent_sar_max_wind_radii,Latent MLP · SAR · wind + radii,53.27736367119684,True,hourly mean,3
EP112025,Kiko (2025),with_era5,2025-09-04T03:00:00+00:00,latent_sar_max_wind_radii,Latent MLP · SAR · wind + radii,51.78690105014377,True,hourly mean,3
EP112025,Kiko (2025),with_era5,2025-09-04T04:00:00+00:00,latent_sar_max_wind_radii,Latent MLP · SAR · wind + radii,52.0327517191569,True,hourly mean,3
EP112025,Kiko (2025),with_era5,2025-09-04T05:00:00+00:00,latent_sar_max_wind_radii,Latent MLP · SAR · wind + radii,51.05612140231663,True,hourly mean,3
EP112025,Kiko (2025),with_era5,2025-09-04T06:00:00+00:00,latent_sar_max_wind_radii,Latent MLP · SAR · wind + radii,49.37592209710015,True,hourly mean,3
EP112025,Kiko (2025),with_era5,2025-09-04T07:00:00+00:00,latent_sar_max_wind_radii,Latent MLP · SAR · wind + radii,47.7594583299425,True,hourly mean,3
EP112025,Kiko (2025),with_era5,2025-09-04T08:00:00+00:00,latent_sar_max_wind_radii,Latent MLP · SAR · wind + radii,50.201123555501304,True,hourly mean,3
EP112025,Kiko (2025),with_era5,2025-09-04T09:00:00+00:00,latent_sar_max_wind_radii,Latent MLP · SAR · wind + radii,53.059851540459526,False,hourly mean,3
EP112025,Kiko (2025),with_era5,2025-09-04T10:00:00+00:00,latent_sar_max_wind_radii,Latent MLP · SAR · wind + radii,56.857605616251625,False,hourly mean,3
EP112025,Kiko (2025),with_era5,2025-09-04T11:00:00+00:00,latent_sar_max_wind_radii,Latent MLP · SAR · wind + radii,58.08427132500543,False,hourly mean,3
EP112025,Kiko (2025),with_era5,2025-09-04T12:00:00+00:00,latent_sar_max_wind_radii,Latent MLP · SAR · wind + radii,58.77180565728082,False,hourly mean,3
EP112025,Kiko (2025),with_era5,2025-09-04T13:00:00+00:00,latent_sar_max_wind_radii,Latent MLP · SAR · wind + radii,59.36425887213812,False,hourly mean,3
EP112025,Kiko (2025),with_era5,2025-09-04T14:00:00+00:00,latent_sar_max_wind_radii,Latent MLP · SAR · wind + radii,58.91815609402127,False,hourly mean,3
EP112025,Kiko (2025),with_era5,2025-09-04T15:00:00+00:00,latent_sar_max_wind_radii,Latent MLP · SAR · wind + radii,59.39970016479492,False,hourly mean,3
EP112025,Kiko (2025),with_era5,2025-09-04T16:00:00+00:00,latent_sar_max_wind_radii,Latent MLP · SAR · wind + radii,59.942077000935875,False,hourly mean,3
EP112025,Kiko (2025),with_era5,2025-09-04T17:00:00+00:00,latent_sar_max_wind_radii,Latent MLP · SAR · wind + radii,58.61739910973443,False,hourly mean,3
EP112025,Kiko (2025),with_era5,2025-09-04T18:00:00+00:00,latent_sar_max_wind_radii,Latent MLP · SAR · wind + radii,59.49710326724582,False,hourly mean,3
EP112025,Kiko (2025),with_era5,2025-09-04T19:00:00+00:00,latent_sar_max_wind_radii,Latent MLP · SAR · wind + radii,60.059217347039116,False,hourly mean,3
EP112025,Kiko (2025),with_era5,2025-09-04T20:00:00+00:00,latent_sar_max_wind_radii,Latent MLP · SAR · wind + radii,62.04075283474392,False,hourly mean,3
EP112025,Kiko (2025),with_era5,2025-09-04T21:00:00+00:00,latent_sar_max_wind_radii,Latent MLP · SAR · wind + radii,59.58762253655328,False,hourly mean,3
EP112025,Kiko (2025),with_era5,2025-09-04T22:00:00+00:00,latent_sar_max_wind_radii,Latent MLP · SAR · wind + radii,53.99415800306533,False,hourly mean,3
EP112025,Kiko (2025),with_era5,2025-09-04T23:00:00+00:00,latent_sar_max_wind_radii,Latent MLP · SAR · wind + radii,46.23473125033908,False,hourly mean,3
EP112025,Kiko (2025),with_era5,2025-09-05T00:00:00+00:00,latent_sar_max_wind_radii,Latent MLP · SAR · wind + radii,39.8122673034668,False,hourly mean,3
EP112025,Kiko (2025),with_era5,2025-09-05T01:00:00+00:00,latent_sar_max_wind_radii,Latent MLP · SAR · wind + radii,36.53317515055338,False,hourly mean,3
EP112025,Kiko (2025),with_era5,2025-09-05T02:00:00+00:00,latent_sar_max_wind_radii,Latent MLP · SAR · wind + radii,37.40077145894369,False,hourly mean,3
EP112025,Kiko (2025),with_era5,2025-09-05T03:00:00+00:00,latent_sar_max_wind_radii,Latent MLP · SAR · wind + radii,38.560899098714195,False,hourly mean,3
EP112025,Kiko (2025),with_era5,2025-09-05T04:00:00+00:00,latent_sar_max_wind_radii,Latent MLP · SAR · wind + radii,37.854405085245766,False,hourly mean,3
EP112025,Kiko (2025),with_era5,2025-09-05T05:00:00+00:00,latent_sar_max_wind_radii,Latent MLP · SAR · wind + radii,34.661339865790474,False,hourly mean,3
EP112025,Kiko (2025),with_era5,2025-09-05T06:00:00+00:00,latent_sar_max_wind_radii,Latent MLP · SAR · wind + radii,31.73146926032172,False,hourly mean,3
EP112025,Kiko (2025),with_era5,2025-09-05T07:00:00+00:00,latent_sar_max_wind_radii,Latent MLP · SAR · wind + radii,30.973538398742676,False,hourly mean,3
EP112025,Kiko (2025),with_era5,2025-09-05T08:00:00+00:00,latent_sar_max_wind_radii,Latent MLP · SAR · wind + radii,33.70631122589111,False,hourly mean,3
EP112025,Kiko (2025),with_era5,2025-09-05T09:00:00+00:00,latent_sar_max_wind_radii,Latent MLP · SAR · wind + radii,36.63809299468994,False,hourly mean,3
EP112025,Kiko (2025),with_era5,2025-09-05T10:00:00+00:00,latent_sar_max_wind_radii,Latent MLP · SAR · wind + radii,39.36770015292698,False,hourly mean,3
EP112025,Kiko (2025),with_era5,2025-09-05T11:00:00+00:00,latent_sar_max_wind_radii,Latent MLP · SAR · wind + radii,40.64541922675239,False,hourly mean,3
EP112025,Kiko (2025),with_era5,2025-09-05T12:00:00+00:00,latent_sar_max_wind_radii,Latent MLP · SAR · wind + radii,42.43028895060221,False,hourly mean,3
EP112025,Kiko (2025),with_era5,2025-09-05T13:00:00+00:00,latent_sar_max_wind_radii,Latent MLP · SAR · wind + radii,46.166511111789276,False,hourly mean,3
EP112025,Kiko (2025),with_era5,2025-09-05T14:00:00+00:00,latent_sar_max_wind_radii,Latent MLP · SAR · wind + radii,46.690743976169166,False,hourly mean,3
EP112025,Kiko (2025),with_era5,2025-09-05T15:00:00+00:00,latent_sar_max_wind_radii,Latent MLP · SAR · wind + radii,49.711096869574654,False,hourly mean,3
EP112025,Kiko (2025),with_era5,2025-09-05T16:00:00+00:00,latent_sar_max_wind_radii,Latent MLP · SAR · wind + radii,51.15933248731826,False,hourly mean,3
EP112025,Kiko (2025),with_era5,2025-09-05T17:00:00+00:00,latent_sar_max_wind_radii,Latent MLP · SAR · wind + radii,56.06062359280057,False,hourly mean,3
EP112025,Kiko (2025),with_era5,2025-09-05T18:00:00+00:00,latent_sar_max_wind_radii,Latent MLP · SAR · wind + radii,58.95741187201606,False,hourly mean,3
EP112025,Kiko (2025),with_era5,2025-09-05T19:00:00+00:00,latent_sar_max_wind_radii,Latent MLP · SAR · wind + radii,61.99038865831162,False,hourly mean,3
EP112025,Kiko (2025),with_era5,2025-09-05T20:00:00+00:00,latent_sar_max_wind_radii,Latent MLP · SAR · wind + radii,63.99413511488172,False,hourly mean,3
EP112025,Kiko (2025),with_era5,2025-09-05T21:00:00+00:00,latent_sar_max_wind_radii,Latent MLP · SAR · wind + radii,64.33530892266167,False,hourly mean,3
EP112025,Kiko (2025),with_era5,2025-09-05T22:00:00+00:00,latent_sar_max_wind_radii,Latent MLP · SAR · wind + radii,63.48992835150824,False,hourly mean,3
EP112025,Kiko (2025),with_era5,2025-09-05T23:00:00+00:00,latent_sar_max_wind_radii,Latent MLP · SAR · wind + radii,62.637555228339295,False,hourly mean,3
EP112025,Kiko (2025),with_era5,2025-09-06T00:00:00+00:00,latent_sar_max_wind_radii,Latent MLP · SAR · wind + radii,61.979913075764976,False,hourly mean,3
EP112025,Kiko (2025),with_era5,2025-09-06T01:00:00+00:00,latent_sar_max_wind_radii,Latent MLP · SAR · wind + radii,61.43370819091797,False,hourly mean,3
EP112025,Kiko (2025),with_era5,2025-09-06T02:00:00+00:00,latent_sar_max_wind_radii,Latent MLP · SAR · wind + radii,60.86454433865018,False,hourly mean,3
EP112025,Kiko (2025),with_era5,2025-09-06T03:00:00+00:00,latent_sar_max_wind_radii,Latent MLP · SAR · wind + radii,60.20516035291883,False,hourly mean,3
EP112025,Kiko (2025),with_era5,2025-09-06T04:00:00+00:00,latent_sar_max_wind_radii,Latent MLP · SAR · wind + radii,59.6058529747857,False,hourly mean,3
EP112025,Kiko (2025),with_era5,2025-09-06T05:00:00+00:00,latent_sar_max_wind_radii,Latent MLP · SAR · wind + radii,59.568649715847435,False,hourly mean,3
EP112025,Kiko (2025),with_era5,2025-09-06T06:00:00+00:00,latent_sar_max_wind_radii,Latent MLP · SAR · wind + radii,59.59118122524685,False,hourly mean,3
EP112025,Kiko (2025),with_era5,2025-09-06T07:00:00+00:00,latent_sar_max_wind_radii,Latent MLP · SAR · wind + radii,58.88478003607855,False,hourly mean,3
EP112025,Kiko (2025),with_era5,2025-09-06T08:00:00+00:00,latent_sar_max_wind_radii,Latent MLP · SAR · wind + radii,55.05713314480252,False,hourly mean,3
EP112025,Kiko (2025),with_era5,2025-09-06T09:00:00+00:00,latent_sar_max_wind_radii,Latent MLP · SAR · wind + radii,48.71822899712456,False,hourly mean,3
EP112025,Kiko (2025),with_era5,2025-09-06T10:00:00+00:00,latent_sar_max_wind_radii,Latent MLP · SAR · wind + radii,42.81582124498155,False,hourly mean,3
EP112025,Kiko (2025),with_era5,2025-09-06T11:00:00+00:00,latent_sar_max_wind_radii,Latent MLP · SAR · wind + radii,39.84671393500434,False,hourly mean,3
EP112025,Kiko (2025),with_era5,2025-09-06T12:00:00+00:00,latent_sar_max_wind_radii,Latent MLP · SAR · wind + radii,39.68972947862413,False,hourly mean,3
EP112025,Kiko (2025),with_era5,2025-09-06T13:00:00+00:00,latent_sar_max_wind_radii,Latent MLP · SAR · wind + radii,40.88229793972439,False,hourly mean,3
EP112025,Kiko (2025),with_era5,2025-09-06T14:00:00+00:00,latent_sar_max_wind_radii,Latent MLP · SAR · wind + radii,39.717670864529076,False,hourly mean,3
EP112025,Kiko (2025),with_era5,2025-09-06T15:00:00+00:00,latent_sar_max_wind_radii,Latent MLP · SAR · wind + radii,38.897268719143334,False,hourly mean,3
EP112025,Kiko (2025),with_era5,2025-09-06T16:00:00+00:00,latent_sar_max_wind_radii,Latent MLP · SAR · wind + radii,38.397325091891815,False,hourly mean,3
EP112025,Kiko (2025),with_era5,2025-09-06T17:00:00+00:00,latent_sar_max_wind_radii,Latent MLP · SAR · wind + radii,42.26462597317166,False,hourly mean,3
EP112025,Kiko (2025),with_era5,2025-09-06T18:00:00+00:00,latent_sar_max_wind_radii,Latent MLP · SAR · wind + radii,48.8410447438558,False,hourly mean,3
EP112025,Kiko (2025),with_era5,2025-09-06T19:00:00+00:00,latent_sar_max_wind_radii,Latent MLP · SAR · wind + radii,56.36421902974447,False,hourly mean,3
EP112025,Kiko (2025),with_era5,2025-09-06T20:00:00+00:00,latent_sar_max_wind_radii,Latent MLP · SAR · wind + radii,61.04514969719781,False,hourly mean,3
EP112025,Kiko (2025),with_era5,2025-09-06T21:00:00+00:00,latent_sar_max_wind_radii,Latent MLP · SAR · wind + radii,63.0202751159668,False,hourly mean,3
EP112025,Kiko (2025),with_era5,2025-09-06T22:00:00+00:00,latent_sar_max_wind_radii,Latent MLP · SAR · wind + radii,63.244006686740455,False,hourly mean,3
EP112025,Kiko (2025),with_era5,2025-09-06T23:00:00+00:00,latent_sar_max_wind_radii,Latent MLP · SAR · wind + radii,64.06803915235731,False,hourly mean,3
EP112025,Kiko (2025),with_era5,2025-09-07T00:00:00+00:00,latent_sar_max_wind_radii,Latent MLP · SAR · wind + radii,64.23775990804036,False,hourly mean,3
EP112025,Kiko (2025),with_era5,2025-09-07T01:00:00+00:00,latent_sar_max_wind_radii,Latent MLP · SAR · wind + radii,64.04506407843695,False,hourly mean,3
EP112025,Kiko (2025),with_era5,2025-09-07T02:00:00+00:00,latent_sar_max_wind_radii,Latent MLP · SAR · wind + radii,62.99195522732205,False,hourly mean,3
EP112025,Kiko (2025),with_era5,2025-09-07T03:00:00+00:00,latent_sar_max_wind_radii,Latent MLP · SAR · wind + radii,61.334069146050346,False,hourly mean,3
EP112025,Kiko (2025),with_era5,2025-09-07T04:00:00+00:00,latent_sar_max_wind_radii,Latent MLP · SAR · wind + radii,58.73075167338053,False,hourly mean,3
EP112025,Kiko (2025),with_era5,2025-09-07T05:00:00+00:00,latent_sar_max_wind_radii,Latent MLP · SAR · wind + radii,56.280970043606224,False,hourly mean,3
EP112025,Kiko (2025),with_era5,2025-09-07T06:00:00+00:00,latent_sar_max_wind_radii,Latent MLP · SAR · wind + radii,54.42746543884277,False,hourly mean,3
EP112025,Kiko (2025),with_era5,2025-09-07T07:00:00+00:00,latent_sar_max_wind_radii,Latent MLP · SAR · wind + radii,53.098095364040795,False,hourly mean,3
EP112025,Kiko (2025),with_era5,2025-09-07T08:00:00+00:00,latent_sar_max_wind_radii,Latent MLP · SAR · wind + radii,51.54857614305285,False,hourly mean,3
EP112025,Kiko (2025),with_era5,2025-09-07T09:00:00+00:00,latent_sar_max_wind_radii,Latent MLP · SAR · wind + radii,50.06999312506781,False,hourly mean,3
EP112025,Kiko (2025),with_era5,2025-09-07T10:00:00+00:00,latent_sar_max_wind_radii,Latent MLP · SAR · wind + radii,48.38802422417535,False,hourly mean,3
EP112025,Kiko (2025),with_era5,2025-09-07T11:00:00+00:00,latent_sar_max_wind_radii,Latent MLP · SAR · wind + radii,48.59827105204264,False,hourly mean,3
EP112025,Kiko (2025),with_era5,2025-09-07T12:00:00+00:00,latent_sar_max_wind_radii,Latent MLP · SAR · wind + radii,50.739645851982964,False,hourly mean,3
EP112025,Kiko (2025),with_era5,2025-09-07T13:00:00+00:00,latent_sar_max_wind_radii,Latent MLP · SAR · wind + radii,53.54083273145887,False,hourly mean,3
EP112025,Kiko (2025),with_era5,2025-09-07T14:00:00+00:00,latent_sar_max_wind_radii,Latent MLP · SAR · wind + radii,50.3896107143826,False,hourly mean,3
EP112025,Kiko (2025),with_era5,2025-09-07T15:00:00+00:00,latent_sar_max_wind_radii,Latent MLP · SAR · wind + radii,45.77432441711426,False,hourly mean,3
EP112025,Kiko (2025),with_era5,2025-09-07T16:00:00+00:00,latent_sar_max_wind_radii,Latent MLP · SAR · wind + radii,42.51948759290907,False,hourly mean,3
EP112025,Kiko (2025),with_era5,2025-09-07T17:00:00+00:00,latent_sar_max_wind_radii,Latent MLP · SAR · wind + radii,44.307725270589195,False,hourly mean,3
EP112025,Kiko (2025),with_era5,2025-09-07T18:00:00+00:00,latent_sar_max_wind_radii,Latent MLP · SAR · wind + radii,43.7682039472792,False,hourly mean,3
EP112025,Kiko (2025),with_era5,2025-09-07T19:00:00+00:00,latent_sar_max_wind_radii,Latent MLP · SAR · wind + radii,40.46759139166938,False,hourly mean,3
EP112025,Kiko (2025),with_era5,2025-09-07T20:00:00+00:00,latent_sar_max_wind_radii,Latent MLP · SAR · wind + radii,36.15235116746691,False,hourly mean,3
EP112025,Kiko (2025),with_era5,2025-09-07T21:00:00+00:00,latent_sar_max_wind_radii,Latent MLP · SAR · wind + radii,33.74632114834256,False,hourly mean,3
EP112025,Kiko (2025),with_era5,2025-09-07T22:00:00+00:00,latent_sar_max_wind_radii,Latent MLP · SAR · wind + radii,32.919276767306854,False,hourly mean,3
EP112025,Kiko (2025),with_era5,2025-09-07T23:00:00+00:00,latent_sar_max_wind_radii,Latent MLP · SAR · wind + radii,33.54977289835612,False,hourly mean,3
EP112025,Kiko (2025),with_era5,2025-09-08T00:00:00+00:00,latent_sar_max_wind_radii,Latent MLP · SAR · wind + radii,34.14990721808539,False,hourly mean,3
EP112025,Kiko (2025),with_era5,2025-09-08T01:00:00+00:00,latent_sar_max_wind_radii,Latent MLP · SAR · wind + radii,34.13644621107313,False,hourly mean,3
EP112025,Kiko (2025),with_era5,2025-09-08T02:00:00+00:00,latent_sar_max_wind_radii,Latent MLP · SAR · wind + radii,35.85192680358887,False,hourly mean,3
EP112025,Kiko (2025),with_era5,2025-09-08T03:00:00+00:00,latent_sar_max_wind_radii,Latent MLP · SAR · wind + radii,37.80700217352973,False,hourly mean,3
EP112025,Kiko (2025),with_era5,2025-09-08T04:00:00+00:00,latent_sar_max_wind_radii,Latent MLP · SAR · wind + radii,40.1152458190918,False,hourly mean,3
EP112025,Kiko (2025),with_era5,2025-09-08T05:00:00+00:00,latent_sar_max_wind_radii,Latent MLP · SAR · wind + radii,40.27481778462728,False,hourly mean,3
EP112025,Kiko (2025),with_era5,2025-09-08T06:00:00+00:00,latent_sar_max_wind_radii,Latent MLP · SAR · wind + radii,39.692221323649086,False,hourly mean,3
EP112025,Kiko (2025),with_era5,2025-09-08T07:00:00+00:00,latent_sar_max_wind_radii,Latent MLP · SAR · wind + radii,37.76212120056152,False,hourly mean,3
EP112025,Kiko (2025),with_era5,2025-09-08T08:00:00+00:00,latent_sar_max_wind_radii,Latent MLP · SAR · wind + radii,38.26983218722873,False,hourly mean,3
EP112025,Kiko (2025),with_era5,2025-09-08T09:00:00+00:00,latent_sar_max_wind_radii,Latent MLP · SAR · wind + radii,39.413567225138344,False,hourly mean,3
EP112025,Kiko (2025),with_era5,2025-09-08T10:00:00+00:00,latent_sar_max_wind_radii,Latent MLP · SAR · wind + radii,41.93137974209256,False,hourly mean,3
EP112025,Kiko (2025),with_era5,2025-09-08T11:00:00+00:00,latent_sar_max_wind_radii,Latent MLP · SAR · wind + radii,41.9141288333469,False,hourly mean,3
EP112025,Kiko (2025),with_era5,2025-09-08T12:00:00+00:00,latent_sar_max_wind_radii,Latent MLP · SAR · wind + radii,41.787441677517364,False,hourly mean,3
EP112025,Kiko (2025),with_era5,2025-09-08T13:00:00+00:00,latent_sar_max_wind_radii,Latent MLP · SAR · wind + radii,41.484282387627495,False,hourly mean,3
EP112025,Kiko (2025),with_era5,2025-09-08T14:00:00+00:00,latent_sar_max_wind_radii,Latent MLP · SAR · wind + radii,40.771697998046875,False,hourly mean,3
EP112025,Kiko (2025),with_era5,2025-09-08T15:00:00+00:00,latent_sar_max_wind_radii,Latent MLP · SAR · wind + radii,40.12658818562826,False,hourly mean,3
EP112025,Kiko (2025),with_era5,2025-09-08T16:00:00+00:00,latent_sar_max_wind_radii,Latent MLP · SAR · wind + radii,39.537082036336265,False,hourly mean,3
EP112025,Kiko (2025),with_era5,2025-09-08T17:00:00+00:00,latent_sar_max_wind_radii,Latent MLP · SAR · wind + radii,39.29422357347277,False,hourly mean,3
EP112025,Kiko (2025),with_era5,2025-09-08T18:00:00+00:00,latent_sar_max_wind_radii,Latent MLP · SAR · wind + radii,39.09614986843533,False,hourly mean,3
EP112025,Kiko (2025),with_era5,2025-09-08T19:00:00+00:00,latent_sar_max_wind_radii,Latent MLP · SAR · wind + radii,39.047332975599495,False,hourly mean,3
EP112025,Kiko (2025),with_era5,2025-09-08T20:00:00+00:00,latent_sar_max_wind_radii,Latent MLP · SAR · wind + radii,34.59205065833198,False,hourly mean,3
EP112025,Kiko (2025),with_era5,2025-09-08T21:00:00+00:00,latent_sar_max_wind_radii,Latent MLP · SAR · wind + radii,30.277273601955837,False,hourly mean,3
EP112025,Kiko (2025),with_era5,2025-09-08T22:00:00+00:00,latent_sar_max_wind_radii,Latent MLP · SAR · wind + radii,26.248535580105255,False,hourly mean,3
EP112025,Kiko (2025),with_era5,2025-09-08T23:00:00+00:00,latent_sar_max_wind_radii,Latent MLP · SAR · wind + radii,26.743294715881348,False,hourly mean,3
EP112025,Kiko (2025),with_era5,2025-09-09T00:00:00+00:00,latent_sar_max_wind_radii,Latent MLP · SAR · wind + radii,26.96857568952772,False,hourly mean,3
EP112025,Kiko (2025),with_era5,2025-09-09T01:00:00+00:00,latent_sar_max_wind_radii,Latent MLP · SAR · wind + radii,26.549229092068142,False,hourly mean,3
EP112025,Kiko (2025),with_era5,2025-09-09T02:00:00+00:00,latent_sar_max_wind_radii,Latent MLP · SAR · wind + radii,25.801620801289875,False,hourly mean,3
EP112025,Kiko (2025),with_era5,2025-09-09T03:00:00+00:00,latent_sar_max_wind_radii,Latent MLP · SAR · wind + radii,25.142863909403484,False,hourly mean,3
EP112025,Kiko (2025),with_era5,2025-09-09T04:00:00+00:00,latent_sar_max_wind_radii,Latent MLP · SAR · wind + radii,24.69194719526503,False,hourly mean,3
EP112025,Kiko (2025),with_era5,2025-09-09T05:00:00+00:00,latent_sar_max_wind_radii,Latent MLP · SAR · wind + radii,24.48169909583198,False,hourly mean,3
EP112025,Kiko (2025),with_era5,2025-09-09T06:00:00+00:00,latent_sar_max_wind_radii,Latent MLP · SAR · wind + radii,24.18294503953722,False,hourly mean,3
EP112025,Kiko (2025),with_era5,2025-09-09T07:00:00+00:00,latent_sar_max_wind_radii,Latent MLP · SAR · wind + radii,23.976529121398926,False,hourly mean,3
EP112025,Kiko (2025),with_era5,2025-09-09T08:00:00+00:00,latent_sar_max_wind_radii,Latent MLP · SAR · wind + radii,23.596487787034775,False,hourly mean,3
EP112025,Kiko (2025),with_era5,2025-09-09T09:00:00+00:00,latent_sar_max_wind_radii,Latent MLP · SAR · wind + radii,23.651389757792156,False,hourly mean,3
EP112025,Kiko (2025),with_era5,2025-09-09T10:00:00+00:00,latent_sar_max_wind_radii,Latent MLP · SAR · wind + radii,24.2433778974745,False,hourly mean,3
EP112025,Kiko (2025),with_era5,2025-09-09T11:00:00+00:00,latent_sar_max_wind_radii,Latent MLP · SAR · wind + radii,25.365825335184734,False,hourly mean,3
EP112025,Kiko (2025),with_era5,2025-09-09T12:00:00+00:00,latent_sar_max_wind_radii,Latent MLP · SAR · wind + radii,26.50139342414008,False,hourly mean,3
EP112025,Kiko (2025),with_era5,2025-09-09T13:00:00+00:00,latent_sar_max_wind_radii,Latent MLP · SAR · wind + radii,27.39677831861708,False,hourly mean,3
EP112025,Kiko (2025),with_era5,2025-09-09T14:00:00+00:00,latent_sar_max_wind_radii,Latent MLP · SAR · wind + radii,26.69721433851454,False,hourly mean,3
EP112025,Kiko (2025),with_era5,2025-09-09T15:00:00+00:00,latent_sar_max_wind_radii,Latent MLP · SAR · wind + radii,26.066505538092716,False,hourly mean,3
EP112025,Kiko (2025),with_era5,2025-09-09T16:00:00+00:00,latent_sar_max_wind_radii,Latent MLP · SAR · wind + radii,25.57251273261176,False,hourly mean,3
EP112025,Kiko (2025),with_era5,2025-09-09T17:00:00+00:00,latent_sar_max_wind_radii,Latent MLP · SAR · wind + radii,26.737790955437557,False,hourly mean,3
EP112025,Kiko (2025),with_era5,2025-09-09T18:00:00+00:00,latent_sar_max_wind_radii,Latent MLP · SAR · wind + radii,27.736629698011612,False,hourly mean,3
EP112025,Kiko (2025),with_era5,2025-09-09T19:00:00+00:00,latent_sar_max_wind_radii,Latent MLP · SAR · wind + radii,28.32434696621365,False,hourly mean,3
EP112025,Kiko (2025),with_era5,2025-09-09T20:00:00+00:00,latent_sar_max_wind_radii,Latent MLP · SAR · wind + radii,26.451171769036183,False,hourly mean,3
EP112025,Kiko (2025),with_era5,2025-09-09T21:00:00+00:00,latent_sar_max_wind_radii,Latent MLP · SAR · wind + radii,24.193771786159942,False,hourly mean,3
EP112025,Kiko (2025),with_era5,2025-09-09T22:00:00+00:00,latent_sar_max_wind_radii,Latent MLP · SAR · wind + radii,21.79220814175076,False,hourly mean,3
EP112025,Kiko (2025),with_era5,2025-09-09T23:00:00+00:00,latent_sar_max_wind_radii,Latent MLP · SAR · wind + radii,21.356658299763996,False,hourly mean,3
EP112025,Kiko (2025),with_era5,2025-09-10T00:00:00+00:00,latent_sar_max_wind_radii,Latent MLP · SAR · wind + radii,20.941374990675186,False,hourly mean,3
EP112025,Kiko (2025),with_era5,2025-09-10T01:00:00+00:00,latent_sar_max_wind_radii,Latent MLP · SAR · wind + radii,20.669408374362522,False,hourly mean,3
EP112025,Kiko (2025),with_era5,2025-09-10T02:00:00+00:00,latent_sar_max_wind_radii,Latent MLP · SAR · wind + radii,20.604698181152344,False,hourly mean,3
EP112025,Kiko (2025),with_era5,2025-09-10T03:00:00+00:00,latent_sar_max_wind_radii,Latent MLP · SAR · wind + radii,20.54179403516981,False,hourly mean,3
EP112025,Kiko (2025),with_era5,2025-09-10T04:00:00+00:00,latent_sar_max_wind_radii,Latent MLP · SAR · wind + radii,20.366263389587402,False,hourly mean,3
EP112025,Kiko (2025),with_era5,2025-09-10T05:00:00+00:00,latent_sar_max_wind_radii,Latent MLP · SAR · wind + radii,20.092121971978084,False,hourly mean,3
EP112025,Kiko (2025),with_era5,2025-09-10T06:00:00+00:00,latent_sar_max_wind_radii,Latent MLP · SAR · wind + radii,19.901124106513134,False,hourly mean,3
EP112025,Kiko (2025),with_era5,2025-09-10T07:00:00+00:00,latent_sar_max_wind_radii,Latent MLP · SAR · wind + radii,19.786102634006074,False,hourly mean,3
EP112025,Kiko (2025),with_era5,2025-09-10T08:00:00+00:00,latent_sar_max_wind_radii,Latent MLP · SAR · wind + radii,19.844731987847222,False,hourly mean,3
EP112025,Kiko (2025),with_era5,2025-09-10T09:00:00+00:00,latent_sar_max_wind_radii,Latent MLP · SAR · wind + radii,19.951131100124783,False,hourly mean,3
EP112025,Kiko (2025),with_era5,2025-09-10T10:00:00+00:00,latent_sar_max_wind_radii,Latent MLP · SAR · wind + radii,20.080180803934734,False,hourly mean,3
EP112025,Kiko (2025),with_era5,2025-09-10T11:00:00+00:00,latent_sar_max_wind_radii,Latent MLP · SAR · wind + radii,20.0828308529324,False,hourly mean,3
EP112025,Kiko (2025),with_era5,2025-09-10T12:00:00+00:00,latent_sar_max_wind_radii,Latent MLP · SAR · wind + radii,20.07247903611925,False,hourly mean,3
EP112025,Kiko (2025),with_era5,2025-09-10T13:00:00+00:00,latent_sar_max_wind_radii,Latent MLP · SAR · wind + radii,20.071567641364204,False,hourly mean,3
EP112025,Kiko (2025),with_era5,2025-09-10T14:00:00+00:00,latent_sar_max_wind_radii,Latent MLP · SAR · wind + radii,20.16603183746338,False,hourly mean,3
EP112025,Kiko (2025),with_era5,2025-09-10T15:00:00+00:00,latent_sar_max_wind_radii,Latent MLP · SAR · wind + radii,20.40237299601237,False,hourly mean,3
EP112025,Kiko (2025),with_era5,2025-09-10T16:00:00+00:00,latent_sar_max_wind_radii,Latent MLP · SAR · wind + radii,20.803408198886448,False,hourly mean,3
EP112025,Kiko (2025),with_era5,2025-09-10T17:00:00+00:00,latent_sar_max_wind_radii,Latent MLP · SAR · wind + radii,21.239434878031414,False,hourly mean,3
EP112025,Kiko (2025),with_era5,2025-09-10T18:00:00+00:00,latent_sar_max_wind_radii,Latent MLP · SAR · wind + radii,21.56070052252875,False,hourly mean,3
EP112025,Kiko (2025),with_era5,2025-09-10T19:00:00+00:00,latent_sar_max_wind_radii,Latent MLP · SAR · wind + radii,21.58807044559055,False,hourly mean,3
EP112025,Kiko (2025),with_era5,2025-09-10T20:00:00+00:00,latent_sar_max_wind_radii,Latent MLP · SAR · wind + radii,21.528425852457683,False,hourly mean,3
EP112025,Kiko (2025),with_era5,2025-09-10T21:00:00+00:00,latent_sar_max_wind_radii,Latent MLP · SAR · wind + radii,21.661928918626575,False,hourly mean,3
EP112025,Kiko (2025),with_era5,2025-09-10T22:00:00+00:00,latent_sar_max_wind_radii,Latent MLP · SAR · wind + radii,22.290831353929306,False,hourly mean,3
EP112025,Kiko (2025),with_era5,2025-09-10T23:00:00+00:00,latent_sar_max_wind_radii,Latent MLP · SAR · wind + radii,22.694551467895508,False,hourly mean,3
EP112025,Kiko (2025),with_era5,2025-08-31T00:00:00+00:00,latent_no_sar_max_wind_radii,Latent MLP · no SAR · wind + radii,18.996311505635582,False,hourly mean,3
EP112025,Kiko (2025),with_era5,2025-08-31T01:00:00+00:00,latent_no_sar_max_wind_radii,Latent MLP · no SAR · wind + radii,19.18971570332845,False,hourly mean,3
EP112025,Kiko (2025),with_era5,2025-08-31T02:00:00+00:00,latent_no_sar_max_wind_radii,Latent MLP · no SAR · wind + radii,19.118599891662598,False,hourly mean,3
EP112025,Kiko (2025),with_era5,2025-08-31T03:00:00+00:00,latent_no_sar_max_wind_radii,Latent MLP · no SAR · wind + radii,19.042347590128582,False,hourly mean,3
EP112025,Kiko (2025),with_era5,2025-08-31T04:00:00+00:00,latent_no_sar_max_wind_radii,Latent MLP · no SAR · wind + radii,19.268513785468212,False,hourly mean,3
EP112025,Kiko (2025),with_era5,2025-08-31T05:00:00+00:00,latent_no_sar_max_wind_radii,Latent MLP · no SAR · wind + radii,20.45396645863851,False,hourly mean,3
EP112025,Kiko (2025),with_era5,2025-08-31T06:00:00+00:00,latent_no_sar_max_wind_radii,Latent MLP · no SAR · wind + radii,21.603004561530224,False,hourly mean,3
EP112025,Kiko (2025),with_era5,2025-08-31T07:00:00+00:00,latent_no_sar_max_wind_radii,Latent MLP · no SAR · wind + radii,22.03322558932834,False,hourly mean,3
EP112025,Kiko (2025),with_era5,2025-08-31T08:00:00+00:00,latent_no_sar_max_wind_radii,Latent MLP · no SAR · wind + radii,22.460522121853298,False,hourly mean,3
EP112025,Kiko (2025),with_era5,2025-08-31T09:00:00+00:00,latent_no_sar_max_wind_radii,Latent MLP · no SAR · wind + radii,24.201540417141384,False,hourly mean,3
EP112025,Kiko (2025),with_era5,2025-08-31T10:00:00+00:00,latent_no_sar_max_wind_radii,Latent MLP · no SAR · wind + radii,25.14650599161784,False,hourly mean,3
EP112025,Kiko (2025),with_era5,2025-08-31T11:00:00+00:00,latent_no_sar_max_wind_radii,Latent MLP · no SAR · wind + radii,25.585514810350208,False,hourly mean,3
EP112025,Kiko (2025),with_era5,2025-08-31T12:00:00+00:00,latent_no_sar_max_wind_radii,Latent MLP · no SAR · wind + radii,24.802543746100536,False,hourly mean,3
EP112025,Kiko (2025),with_era5,2025-08-31T13:00:00+00:00,latent_no_sar_max_wind_radii,Latent MLP · no SAR · wind + radii,24.758604367574055,False,hourly mean,3
EP112025,Kiko (2025),with_era5,2025-08-31T14:00:00+00:00,latent_no_sar_max_wind_radii,Latent MLP · no SAR · wind + radii,24.03985034094916,False,hourly mean,3
EP112025,Kiko (2025),with_era5,2025-08-31T15:00:00+00:00,latent_no_sar_max_wind_radii,Latent MLP · no SAR · wind + radii,23.736953205532497,False,hourly mean,3
EP112025,Kiko (2025),with_era5,2025-08-31T16:00:00+00:00,latent_no_sar_max_wind_radii,Latent MLP · no SAR · wind + radii,23.30491500430637,False,hourly mean,3
EP112025,Kiko (2025),with_era5,2025-08-31T17:00:00+00:00,latent_no_sar_max_wind_radii,Latent MLP · no SAR · wind + radii,23.86760965983073,False,hourly mean,3
EP112025,Kiko (2025),with_era5,2025-08-31T18:00:00+00:00,latent_no_sar_max_wind_radii,Latent MLP · no SAR · wind + radii,24.10533618927002,False,hourly mean,3
EP112025,Kiko (2025),with_era5,2025-08-31T19:00:00+00:00,latent_no_sar_max_wind_radii,Latent MLP · no SAR · wind + radii,24.60397434234619,False,hourly mean,3
EP112025,Kiko (2025),with_era5,2025-08-31T20:00:00+00:00,latent_no_sar_max_wind_radii,Latent MLP · no SAR · wind + radii,24.459278530544708,False,hourly mean,3
EP112025,Kiko (2025),with_era5,2025-08-31T21:00:00+00:00,latent_no_sar_max_wind_radii,Latent MLP · no SAR · wind + radii,24.675378587510853,False,hourly mean,3
EP112025,Kiko (2025),with_era5,2025-08-31T22:00:00+00:00,latent_no_sar_max_wind_radii,Latent MLP · no SAR · wind + radii,25.16362476348877,False,hourly mean,3
EP112025,Kiko (2025),with_era5,2025-08-31T23:00:00+00:00,latent_no_sar_max_wind_radii,Latent MLP · no SAR · wind + radii,25.57636850145128,False,hourly mean,3
EP112025,Kiko (2025),with_era5,2025-09-01T00:00:00+00:00,latent_no_sar_max_wind_radii,Latent MLP · no SAR · wind + radii,24.46632222069634,False,hourly mean,3
EP112025,Kiko (2025),with_era5,2025-09-01T01:00:00+00:00,latent_no_sar_max_wind_radii,Latent MLP · no SAR · wind + radii,23.541138818528918,False,hourly mean,3
EP112025,Kiko (2025),with_era5,2025-09-01T02:00:00+00:00,latent_no_sar_max_wind_radii,Latent MLP · no SAR · wind + radii,23.845794571770558,False,hourly mean,3
EP112025,Kiko (2025),with_era5,2025-09-01T03:00:00+00:00,latent_no_sar_max_wind_radii,Latent MLP · no SAR · wind + radii,25.28559324476454,False,hourly mean,3
EP112025,Kiko (2025),with_era5,2025-09-01T04:00:00+00:00,latent_no_sar_max_wind_radii,Latent MLP · no SAR · wind + radii,26.728603574964737,False,hourly mean,3
EP112025,Kiko (2025),with_era5,2025-09-01T05:00:00+00:00,latent_no_sar_max_wind_radii,Latent MLP · no SAR · wind + radii,26.87944009568956,False,hourly mean,3
EP112025,Kiko (2025),with_era5,2025-09-01T06:00:00+00:00,latent_no_sar_max_wind_radii,Latent MLP · no SAR · wind + radii,25.905666669209797,False,hourly mean,3
EP112025,Kiko (2025),with_era5,2025-09-01T07:00:00+00:00,latent_no_sar_max_wind_radii,Latent MLP · no SAR · wind + radii,24.732014762030712,False,hourly mean,3
EP112025,Kiko (2025),with_era5,2025-09-01T08:00:00+00:00,latent_no_sar_max_wind_radii,Latent MLP · no SAR · wind + radii,24.5149376127455,False,hourly mean,3
EP112025,Kiko (2025),with_era5,2025-09-01T09:00:00+00:00,latent_no_sar_max_wind_radii,Latent MLP · no SAR · wind + radii,24.880815400017635,False,hourly mean,3
EP112025,Kiko (2025),with_era5,2025-09-01T10:00:00+00:00,latent_no_sar_max_wind_radii,Latent MLP · no SAR · wind + radii,25.13295904795329,False,hourly mean,3
EP112025,Kiko (2025),with_era5,2025-09-01T11:00:00+00:00,latent_no_sar_max_wind_radii,Latent MLP · no SAR · wind + radii,24.064578692118328,False,hourly mean,3
EP112025,Kiko (2025),with_era5,2025-09-01T12:00:00+00:00,latent_no_sar_max_wind_radii,Latent MLP · no SAR · wind + radii,24.39369985792372,False,hourly mean,3
EP112025,Kiko (2025),with_era5,2025-09-01T13:00:00+00:00,latent_no_sar_max_wind_radii,Latent MLP · no SAR · wind + radii,24.60233434041341,False,hourly mean,3
EP112025,Kiko (2025),with_era5,2025-09-01T14:00:00+00:00,latent_no_sar_max_wind_radii,Latent MLP · no SAR · wind + radii,25.556366178724502,False,hourly mean,3
EP112025,Kiko (2025),with_era5,2025-09-01T15:00:00+00:00,latent_no_sar_max_wind_radii,Latent MLP · no SAR · wind + radii,25.08000670539008,False,hourly mean,3
EP112025,Kiko (2025),with_era5,2025-09-01T16:00:00+00:00,latent_no_sar_max_wind_radii,Latent MLP · no SAR · wind + radii,24.19662390814887,False,hourly mean,3
EP112025,Kiko (2025),with_era5,2025-09-01T17:00:00+00:00,latent_no_sar_max_wind_radii,Latent MLP · no SAR · wind + radii,23.432698037889267,False,hourly mean,3
EP112025,Kiko (2025),with_era5,2025-09-01T18:00:00+00:00,latent_no_sar_max_wind_radii,Latent MLP · no SAR · wind + radii,23.195385932922363,False,hourly mean,3
EP112025,Kiko (2025),with_era5,2025-09-01T19:00:00+00:00,latent_no_sar_max_wind_radii,Latent MLP · no SAR · wind + radii,23.553067843119305,False,hourly mean,3
EP112025,Kiko (2025),with_era5,2025-09-01T20:00:00+00:00,latent_no_sar_max_wind_radii,Latent MLP · no SAR · wind + radii,22.63421122233073,False,hourly mean,3
EP112025,Kiko (2025),with_era5,2025-09-01T21:00:00+00:00,latent_no_sar_max_wind_radii,Latent MLP · no SAR · wind + radii,21.865619977315266,False,hourly mean,3
EP112025,Kiko (2025),with_era5,2025-09-01T22:00:00+00:00,latent_no_sar_max_wind_radii,Latent MLP · no SAR · wind + radii,21.41550636291504,False,hourly mean,3
EP112025,Kiko (2025),with_era5,2025-09-01T23:00:00+00:00,latent_no_sar_max_wind_radii,Latent MLP · no SAR · wind + radii,22.79450511932373,False,hourly mean,3
EP112025,Kiko (2025),with_era5,2025-09-02T00:00:00+00:00,latent_no_sar_max_wind_radii,Latent MLP · no SAR · wind + radii,24.136808395385742,False,hourly mean,3
EP112025,Kiko (2025),with_era5,2025-09-02T01:00:00+00:00,latent_no_sar_max_wind_radii,Latent MLP · no SAR · wind + radii,24.46047729916043,False,hourly mean,3
EP112025,Kiko (2025),with_era5,2025-09-02T02:00:00+00:00,latent_no_sar_max_wind_radii,Latent MLP · no SAR · wind + radii,23.193113115098743,False,hourly mean,3
EP112025,Kiko (2025),with_era5,2025-09-02T03:00:00+00:00,latent_no_sar_max_wind_radii,Latent MLP · no SAR · wind + radii,22.43039099375407,False,hourly mean,3
EP112025,Kiko (2025),with_era5,2025-09-02T04:00:00+00:00,latent_no_sar_max_wind_radii,Latent MLP · no SAR · wind + radii,22.701819949679905,False,hourly mean,3
EP112025,Kiko (2025),with_era5,2025-09-02T05:00:00+00:00,latent_no_sar_max_wind_radii,Latent MLP · no SAR · wind + radii,25.137586805555557,False,hourly mean,3
EP112025,Kiko (2025),with_era5,2025-09-02T06:00:00+00:00,latent_no_sar_max_wind_radii,Latent MLP · no SAR · wind + radii,26.63815201653374,False,hourly mean,3
EP112025,Kiko (2025),with_era5,2025-09-02T07:00:00+00:00,latent_no_sar_max_wind_radii,Latent MLP · no SAR · wind + radii,26.233001391092937,False,hourly mean,3
EP112025,Kiko (2025),with_era5,2025-09-02T08:00:00+00:00,latent_no_sar_max_wind_radii,Latent MLP · no SAR · wind + radii,26.565379566616482,False,hourly mean,3
EP112025,Kiko (2025),with_era5,2025-09-02T09:00:00+00:00,latent_no_sar_max_wind_radii,Latent MLP · no SAR · wind + radii,29.837856504652233,False,hourly mean,3
EP112025,Kiko (2025),with_era5,2025-09-02T10:00:00+00:00,latent_no_sar_max_wind_radii,Latent MLP · no SAR · wind + radii,34.723515086703834,False,hourly mean,3
EP112025,Kiko (2025),with_era5,2025-09-02T11:00:00+00:00,latent_no_sar_max_wind_radii,Latent MLP · no SAR · wind + radii,35.62139712439643,False,hourly mean,3
EP112025,Kiko (2025),with_era5,2025-09-02T12:00:00+00:00,latent_no_sar_max_wind_radii,Latent MLP · no SAR · wind + radii,31.651420063442657,False,hourly mean,3
EP112025,Kiko (2025),with_era5,2025-09-02T13:00:00+00:00,latent_no_sar_max_wind_radii,Latent MLP · no SAR · wind + radii,30.451778093973797,False,hourly mean,3
EP112025,Kiko (2025),with_era5,2025-09-02T14:00:00+00:00,latent_no_sar_max_wind_radii,Latent MLP · no SAR · wind + radii,28.721932623121475,False,hourly mean,3
EP112025,Kiko (2025),with_era5,2025-09-02T15:00:00+00:00,latent_no_sar_max_wind_radii,Latent MLP · no SAR · wind + radii,30.378866725497776,False,hourly mean,3
EP112025,Kiko (2025),with_era5,2025-09-02T16:00:00+00:00,latent_no_sar_max_wind_radii,Latent MLP · no SAR · wind + radii,26.702970928615997,False,hourly mean,3
EP112025,Kiko (2025),with_era5,2025-09-02T17:00:00+00:00,latent_no_sar_max_wind_radii,Latent MLP · no SAR · wind + radii,26.12360170152452,False,hourly mean,3
EP112025,Kiko (2025),with_era5,2025-09-02T18:00:00+00:00,latent_no_sar_max_wind_radii,Latent MLP · no SAR · wind + radii,24.192013528611923,False,hourly mean,3
EP112025,Kiko (2025),with_era5,2025-09-02T19:00:00+00:00,latent_no_sar_max_wind_radii,Latent MLP · no SAR · wind + radii,25.331384234958225,False,hourly mean,3
EP112025,Kiko (2025),with_era5,2025-09-02T20:00:00+00:00,latent_no_sar_max_wind_radii,Latent MLP · no SAR · wind + radii,25.758746359083386,False,hourly mean,3
EP112025,Kiko (2025),with_era5,2025-09-02T21:00:00+00:00,latent_no_sar_max_wind_radii,Latent MLP · no SAR · wind + radii,27.14808792538113,True,hourly mean,3
EP112025,Kiko (2025),with_era5,2025-09-02T22:00:00+00:00,latent_no_sar_max_wind_radii,Latent MLP · no SAR · wind + radii,28.052362865871853,True,hourly mean,3
EP112025,Kiko (2025),with_era5,2025-09-02T23:00:00+00:00,latent_no_sar_max_wind_radii,Latent MLP · no SAR · wind + radii,28.811713536580402,True,hourly mean,3
EP112025,Kiko (2025),with_era5,2025-09-03T00:00:00+00:00,latent_no_sar_max_wind_radii,Latent MLP · no SAR · wind + radii,28.71937635209825,True,hourly mean,3
EP112025,Kiko (2025),with_era5,2025-09-03T01:00:00+00:00,latent_no_sar_max_wind_radii,Latent MLP · no SAR · wind + radii,28.95174005296495,True,hourly mean,3
EP112025,Kiko (2025),with_era5,2025-09-03T02:00:00+00:00,latent_no_sar_max_wind_radii,Latent MLP · no SAR · wind + radii,29.25962755415175,True,hourly mean,3
EP112025,Kiko (2025),with_era5,2025-09-03T03:00:00+00:00,latent_no_sar_max_wind_radii,Latent MLP · no SAR · wind + radii,30.052137480841747,False,hourly mean,3
EP112025,Kiko (2025),with_era5,2025-09-03T04:00:00+00:00,latent_no_sar_max_wind_radii,Latent MLP · no SAR · wind + radii,29.625215106540256,False,hourly mean,3
EP112025,Kiko (2025),with_era5,2025-09-03T05:00:00+00:00,latent_no_sar_max_wind_radii,Latent MLP · no SAR · wind + radii,28.420935100979275,False,hourly mean,3
EP112025,Kiko (2025),with_era5,2025-09-03T06:00:00+00:00,latent_no_sar_max_wind_radii,Latent MLP · no SAR · wind + radii,27.347171041700573,False,hourly mean,3
EP112025,Kiko (2025),with_era5,2025-09-03T07:00:00+00:00,latent_no_sar_max_wind_radii,Latent MLP · no SAR · wind + radii,27.130356046888565,False,hourly mean,3
EP112025,Kiko (2025),with_era5,2025-09-03T08:00:00+00:00,latent_no_sar_max_wind_radii,Latent MLP · no SAR · wind + radii,34.40038903554281,False,hourly mean,3
EP112025,Kiko (2025),with_era5,2025-09-03T09:00:00+00:00,latent_no_sar_max_wind_radii,Latent MLP · no SAR · wind + radii,41.51419851515028,False,hourly mean,3
EP112025,Kiko (2025),with_era5,2025-09-03T10:00:00+00:00,latent_no_sar_max_wind_radii,Latent MLP · no SAR · wind + radii,47.396806928846566,False,hourly mean,3
EP112025,Kiko (2025),with_era5,2025-09-03T11:00:00+00:00,latent_no_sar_max_wind_radii,Latent MLP · no SAR · wind + radii,47.42717997233073,False,hourly mean,3
EP112025,Kiko (2025),with_era5,2025-09-03T12:00:00+00:00,latent_no_sar_max_wind_radii,Latent MLP · no SAR · wind + radii,46.837558110555015,False,hourly mean,3
EP112025,Kiko (2025),with_era5,2025-09-03T13:00:00+00:00,latent_no_sar_max_wind_radii,Latent MLP · no SAR · wind + radii,48.41491572062174,False,hourly mean,3
EP112025,Kiko (2025),with_era5,2025-09-03T14:00:00+00:00,latent_no_sar_max_wind_radii,Latent MLP · no SAR · wind + radii,48.65061802334255,False,hourly mean,3
EP112025,Kiko (2025),with_era5,2025-09-03T15:00:00+00:00,latent_no_sar_max_wind_radii,Latent MLP · no SAR · wind + radii,48.64186223347982,False,hourly mean,3
EP112025,Kiko (2025),with_era5,2025-09-03T16:00:00+00:00,latent_no_sar_max_wind_radii,Latent MLP · no SAR · wind + radii,47.21442646450466,False,hourly mean,3
EP112025,Kiko (2025),with_era5,2025-09-03T17:00:00+00:00,latent_no_sar_max_wind_radii,Latent MLP · no SAR · wind + radii,46.00894292195638,False,hourly mean,3
EP112025,Kiko (2025),with_era5,2025-09-03T18:00:00+00:00,latent_no_sar_max_wind_radii,Latent MLP · no SAR · wind + radii,43.139908896552186,True,hourly mean,3
EP112025,Kiko (2025),with_era5,2025-09-03T19:00:00+00:00,latent_no_sar_max_wind_radii,Latent MLP · no SAR · wind + radii,38.030411614312065,True,hourly mean,3
EP112025,Kiko (2025),with_era5,2025-09-03T20:00:00+00:00,latent_no_sar_max_wind_radii,Latent MLP · no SAR · wind + radii,33.939345041910805,True,hourly mean,3
EP112025,Kiko (2025),with_era5,2025-09-03T21:00:00+00:00,latent_no_sar_max_wind_radii,Latent MLP · no SAR · wind + radii,33.573744455973305,True,hourly mean,3
EP112025,Kiko (2025),with_era5,2025-09-03T22:00:00+00:00,latent_no_sar_max_wind_radii,Latent MLP · no SAR · wind + radii,37.18145540025499,True,hourly mean,3
EP112025,Kiko (2025),with_era5,2025-09-03T23:00:00+00:00,latent_no_sar_max_wind_radii,Latent MLP · no SAR · wind + radii,40.56687609354655,True,hourly mean,3
EP112025,Kiko (2025),with_era5,2025-09-04T00:00:00+00:00,latent_no_sar_max_wind_radii,Latent MLP · no SAR · wind + radii,42.380770153469506,True,hourly mean,3
EP112025,Kiko (2025),with_era5,2025-09-04T01:00:00+00:00,latent_no_sar_max_wind_radii,Latent MLP · no SAR · wind + radii,41.932058122422966,True,hourly mean,3
EP112025,Kiko (2025),with_era5,2025-09-04T02:00:00+00:00,latent_no_sar_max_wind_radii,Latent MLP · no SAR · wind + radii,43.49586635165745,True,hourly mean,3
EP112025,Kiko (2025),with_era5,2025-09-04T03:00:00+00:00,latent_no_sar_max_wind_radii,Latent MLP · no SAR · wind + radii,45.08373536003961,True,hourly mean,3
EP112025,Kiko (2025),with_era5,2025-09-04T04:00:00+00:00,latent_no_sar_max_wind_radii,Latent MLP · no SAR · wind + radii,44.96215841505262,True,hourly mean,3
EP112025,Kiko (2025),with_era5,2025-09-04T05:00:00+00:00,latent_no_sar_max_wind_radii,Latent MLP · no SAR · wind + radii,40.73054144117567,True,hourly mean,3
EP112025,Kiko (2025),with_era5,2025-09-04T06:00:00+00:00,latent_no_sar_max_wind_radii,Latent MLP · no SAR · wind + radii,36.14842563205295,True,hourly mean,3
EP112025,Kiko (2025),with_era5,2025-09-04T07:00:00+00:00,latent_no_sar_max_wind_radii,Latent MLP · no SAR · wind + radii,33.434925397237144,True,hourly mean,3
EP112025,Kiko (2025),with_era5,2025-09-04T08:00:00+00:00,latent_no_sar_max_wind_radii,Latent MLP · no SAR · wind + radii,39.15621217091878,True,hourly mean,3
EP112025,Kiko (2025),with_era5,2025-09-04T09:00:00+00:00,latent_no_sar_max_wind_radii,Latent MLP · no SAR · wind + radii,44.74957900577121,False,hourly mean,3
EP112025,Kiko (2025),with_era5,2025-09-04T10:00:00+00:00,latent_no_sar_max_wind_radii,Latent MLP · no SAR · wind + radii,52.52106624179416,False,hourly mean,3
EP112025,Kiko (2025),with_era5,2025-09-04T11:00:00+00:00,latent_no_sar_max_wind_radii,Latent MLP · no SAR · wind + radii,53.94493548075357,False,hourly mean,3
EP112025,Kiko (2025),with_era5,2025-09-04T12:00:00+00:00,latent_no_sar_max_wind_radii,Latent MLP · no SAR · wind + radii,56.070430967542855,False,hourly mean,3
EP112025,Kiko (2025),with_era5,2025-09-04T13:00:00+00:00,latent_no_sar_max_wind_radii,Latent MLP · no SAR · wind + radii,58.274003982543945,False,hourly mean,3
EP112025,Kiko (2025),with_era5,2025-09-04T14:00:00+00:00,latent_no_sar_max_wind_radii,Latent MLP · no SAR · wind + radii,58.31390168931748,False,hourly mean,3
EP112025,Kiko (2025),with_era5,2025-09-04T15:00:00+00:00,latent_no_sar_max_wind_radii,Latent MLP · no SAR · wind + radii,57.28340954250759,False,hourly mean,3
EP112025,Kiko (2025),with_era5,2025-09-04T16:00:00+00:00,latent_no_sar_max_wind_radii,Latent MLP · no SAR · wind + radii,54.713595708211265,False,hourly mean,3
EP112025,Kiko (2025),with_era5,2025-09-04T17:00:00+00:00,latent_no_sar_max_wind_radii,Latent MLP · no SAR · wind + radii,52.368269284566246,False,hourly mean,3
EP112025,Kiko (2025),with_era5,2025-09-04T18:00:00+00:00,latent_no_sar_max_wind_radii,Latent MLP · no SAR · wind + radii,51.50453768836127,False,hourly mean,3
EP112025,Kiko (2025),with_era5,2025-09-04T19:00:00+00:00,latent_no_sar_max_wind_radii,Latent MLP · no SAR · wind + radii,50.00292258792453,False,hourly mean,3
EP112025,Kiko (2025),with_era5,2025-09-04T20:00:00+00:00,latent_no_sar_max_wind_radii,Latent MLP · no SAR · wind + radii,47.299363666110565,False,hourly mean,3
EP112025,Kiko (2025),with_era5,2025-09-04T21:00:00+00:00,latent_no_sar_max_wind_radii,Latent MLP · no SAR · wind + radii,41.86350186665853,False,hourly mean,3
EP112025,Kiko (2025),with_era5,2025-09-04T22:00:00+00:00,latent_no_sar_max_wind_radii,Latent MLP · no SAR · wind + radii,35.86679278479682,False,hourly mean,3
EP112025,Kiko (2025),with_era5,2025-09-04T23:00:00+00:00,latent_no_sar_max_wind_radii,Latent MLP · no SAR · wind + radii,32.674067073398156,False,hourly mean,3
EP112025,Kiko (2025),with_era5,2025-09-05T00:00:00+00:00,latent_no_sar_max_wind_radii,Latent MLP · no SAR · wind + radii,31.881648275587292,False,hourly mean,3
EP112025,Kiko (2025),with_era5,2025-09-05T01:00:00+00:00,latent_no_sar_max_wind_radii,Latent MLP · no SAR · wind + radii,31.732851982116696,False,hourly mean,3
EP112025,Kiko (2025),with_era5,2025-09-05T02:00:00+00:00,latent_no_sar_max_wind_radii,Latent MLP · no SAR · wind + radii,32.29488934410943,False,hourly mean,3
EP112025,Kiko (2025),with_era5,2025-09-05T03:00:00+00:00,latent_no_sar_max_wind_radii,Latent MLP · no SAR · wind + radii,31.354368315802674,False,hourly mean,3
EP112025,Kiko (2025),with_era5,2025-09-05T04:00:00+00:00,latent_no_sar_max_wind_radii,Latent MLP · no SAR · wind + radii,30.235619015163838,False,hourly mean,3
EP112025,Kiko (2025),with_era5,2025-09-05T05:00:00+00:00,latent_no_sar_max_wind_radii,Latent MLP · no SAR · wind + radii,28.485997941758892,False,hourly mean,3
EP112025,Kiko (2025),with_era5,2025-09-05T06:00:00+00:00,latent_no_sar_max_wind_radii,Latent MLP · no SAR · wind + radii,28.580039766099713,False,hourly mean,3
EP112025,Kiko (2025),with_era5,2025-09-05T07:00:00+00:00,latent_no_sar_max_wind_radii,Latent MLP · no SAR · wind + radii,29.360908084445523,False,hourly mean,3
EP112025,Kiko (2025),with_era5,2025-09-05T08:00:00+00:00,latent_no_sar_max_wind_radii,Latent MLP · no SAR · wind + radii,29.201040267944325,False,hourly mean,3
EP112025,Kiko (2025),with_era5,2025-09-05T09:00:00+00:00,latent_no_sar_max_wind_radii,Latent MLP · no SAR · wind + radii,31.076184590657544,False,hourly mean,3
EP112025,Kiko (2025),with_era5,2025-09-05T10:00:00+00:00,latent_no_sar_max_wind_radii,Latent MLP · no SAR · wind + radii,33.09019766913519,False,hourly mean,3
EP112025,Kiko (2025),with_era5,2025-09-05T11:00:00+00:00,latent_no_sar_max_wind_radii,Latent MLP · no SAR · wind + radii,35.04083029429117,False,hourly mean,3
EP112025,Kiko (2025),with_era5,2025-09-05T12:00:00+00:00,latent_no_sar_max_wind_radii,Latent MLP · no SAR · wind + radii,35.95270082685682,False,hourly mean,3
EP112025,Kiko (2025),with_era5,2025-09-05T13:00:00+00:00,latent_no_sar_max_wind_radii,Latent MLP · no SAR · wind + radii,39.94773154788547,False,hourly mean,3
EP112025,Kiko (2025),with_era5,2025-09-05T14:00:00+00:00,latent_no_sar_max_wind_radii,Latent MLP · no SAR · wind + radii,41.38057242499457,False,hourly mean,3
EP112025,Kiko (2025),with_era5,2025-09-05T15:00:00+00:00,latent_no_sar_max_wind_radii,Latent MLP · no SAR · wind + radii,41.698531680636926,False,hourly mean,3
EP112025,Kiko (2025),with_era5,2025-09-05T16:00:00+00:00,latent_no_sar_max_wind_radii,Latent MLP · no SAR · wind + radii,37.62199698554144,False,hourly mean,3
EP112025,Kiko (2025),with_era5,2025-09-05T17:00:00+00:00,latent_no_sar_max_wind_radii,Latent MLP · no SAR · wind + radii,37.19932153489854,False,hourly mean,3
EP112025,Kiko (2025),with_era5,2025-09-05T18:00:00+00:00,latent_no_sar_max_wind_radii,Latent MLP · no SAR · wind + radii,37.049128638373475,False,hourly mean,3
EP112025,Kiko (2025),with_era5,2025-09-05T19:00:00+00:00,latent_no_sar_max_wind_radii,Latent MLP · no SAR · wind + radii,39.14617432488335,False,hourly mean,3
EP112025,Kiko (2025),with_era5,2025-09-05T20:00:00+00:00,latent_no_sar_max_wind_radii,Latent MLP · no SAR · wind + radii,39.759240680270715,False,hourly mean,3
EP112025,Kiko (2025),with_era5,2025-09-05T21:00:00+00:00,latent_no_sar_max_wind_radii,Latent MLP · no SAR · wind + radii,37.23645379808213,False,hourly mean,3
EP112025,Kiko (2025),with_era5,2025-09-05T22:00:00+00:00,latent_no_sar_max_wind_radii,Latent MLP · no SAR · wind + radii,32.442569096883126,False,hourly mean,3
EP112025,Kiko (2025),with_era5,2025-09-05T23:00:00+00:00,latent_no_sar_max_wind_radii,Latent MLP · no SAR · wind + radii,30.727577527364087,False,hourly mean,3
EP112025,Kiko (2025),with_era5,2025-09-06T00:00:00+00:00,latent_no_sar_max_wind_radii,Latent MLP · no SAR · wind + radii,34.12246545155842,False,hourly mean,3
EP112025,Kiko (2025),with_era5,2025-09-06T01:00:00+00:00,latent_no_sar_max_wind_radii,Latent MLP · no SAR · wind + radii,40.22962983449299,False,hourly mean,3
EP112025,Kiko (2025),with_era5,2025-09-06T02:00:00+00:00,latent_no_sar_max_wind_radii,Latent MLP · no SAR · wind + radii,46.11488511827256,False,hourly mean,3
EP112025,Kiko (2025),with_era5,2025-09-06T03:00:00+00:00,latent_no_sar_max_wind_radii,Latent MLP · no SAR · wind + radii,50.034426795111756,False,hourly mean,3
EP112025,Kiko (2025),with_era5,2025-09-06T04:00:00+00:00,latent_no_sar_max_wind_radii,Latent MLP · no SAR · wind + radii,53.237635294596345,False,hourly mean,3
EP112025,Kiko (2025),with_era5,2025-09-06T05:00:00+00:00,latent_no_sar_max_wind_radii,Latent MLP · no SAR · wind + radii,55.26822535196939,False,hourly mean,3
EP112025,Kiko (2025),with_era5,2025-09-06T06:00:00+00:00,latent_no_sar_max_wind_radii,Latent MLP · no SAR · wind + radii,56.87439939710828,False,hourly mean,3
EP112025,Kiko (2025),with_era5,2025-09-06T07:00:00+00:00,latent_no_sar_max_wind_radii,Latent MLP · no SAR · wind + radii,57.49956660800509,False,hourly mean,3
EP112025,Kiko (2025),with_era5,2025-09-06T08:00:00+00:00,latent_no_sar_max_wind_radii,Latent MLP · no SAR · wind + radii,56.81884087456596,False,hourly mean,3
EP112025,Kiko (2025),with_era5,2025-09-06T09:00:00+00:00,latent_no_sar_max_wind_radii,Latent MLP · no SAR · wind + radii,54.66077062818738,False,hourly mean,3
EP112025,Kiko (2025),with_era5,2025-09-06T10:00:00+00:00,latent_no_sar_max_wind_radii,Latent MLP · no SAR · wind + radii,51.536213344997826,False,hourly mean,3
EP112025,Kiko (2025),with_era5,2025-09-06T11:00:00+00:00,latent_no_sar_max_wind_radii,Latent MLP · no SAR · wind + radii,48.98275057474771,False,hourly mean,3
EP112025,Kiko (2025),with_era5,2025-09-06T12:00:00+00:00,latent_no_sar_max_wind_radii,Latent MLP · no SAR · wind + radii,47.57091437445746,False,hourly mean,3
EP112025,Kiko (2025),with_era5,2025-09-06T13:00:00+00:00,latent_no_sar_max_wind_radii,Latent MLP · no SAR · wind + radii,47.52448251512315,False,hourly mean,3
EP112025,Kiko (2025),with_era5,2025-09-06T14:00:00+00:00,latent_no_sar_max_wind_radii,Latent MLP · no SAR · wind + radii,47.54977289835611,False,hourly mean,3
EP112025,Kiko (2025),with_era5,2025-09-06T15:00:00+00:00,latent_no_sar_max_wind_radii,Latent MLP · no SAR · wind + radii,47.141569349500855,False,hourly mean,3
EP112025,Kiko (2025),with_era5,2025-09-06T16:00:00+00:00,latent_no_sar_max_wind_radii,Latent MLP · no SAR · wind + radii,46.102737638685426,False,hourly mean,3
EP112025,Kiko (2025),with_era5,2025-09-06T17:00:00+00:00,latent_no_sar_max_wind_radii,Latent MLP · no SAR · wind + radii,46.11373647054035,False,hourly mean,3
EP112025,Kiko (2025),with_era5,2025-09-06T18:00:00+00:00,latent_no_sar_max_wind_radii,Latent MLP · no SAR · wind + radii,48.058723449707024,False,hourly mean,3
EP112025,Kiko (2025),with_era5,2025-09-06T19:00:00+00:00,latent_no_sar_max_wind_radii,Latent MLP · no SAR · wind + radii,51.498001098632805,False,hourly mean,3
EP112025,Kiko (2025),with_era5,2025-09-06T20:00:00+00:00,latent_no_sar_max_wind_radii,Latent MLP · no SAR · wind + radii,53.029431025187165,False,hourly mean,3
EP112025,Kiko (2025),with_era5,2025-09-06T21:00:00+00:00,latent_no_sar_max_wind_radii,Latent MLP · no SAR · wind + radii,53.28682475619845,False,hourly mean,3
EP112025,Kiko (2025),with_era5,2025-09-06T22:00:00+00:00,latent_no_sar_max_wind_radii,Latent MLP · no SAR · wind + radii,53.84025870429144,False,hourly mean,3
EP112025,Kiko (2025),with_era5,2025-09-06T23:00:00+00:00,latent_no_sar_max_wind_radii,Latent MLP · no SAR · wind + radii,56.50524520874023,False,hourly mean,3
EP112025,Kiko (2025),with_era5,2025-09-07T00:00:00+00:00,latent_no_sar_max_wind_radii,Latent MLP · no SAR · wind + radii,59.32595443725585,False,hourly mean,3
EP112025,Kiko (2025),with_era5,2025-09-07T01:00:00+00:00,latent_no_sar_max_wind_radii,Latent MLP · no SAR · wind + radii,60.862255520290795,False,hourly mean,3
EP112025,Kiko (2025),with_era5,2025-09-07T02:00:00+00:00,latent_no_sar_max_wind_radii,Latent MLP · no SAR · wind + radii,60.256077024671754,False,hourly mean,3
EP112025,Kiko (2025),with_era5,2025-09-07T03:00:00+00:00,latent_no_sar_max_wind_radii,Latent MLP · no SAR · wind + radii,59.67671351962618,False,hourly mean,3
EP112025,Kiko (2025),with_era5,2025-09-07T04:00:00+00:00,latent_no_sar_max_wind_radii,Latent MLP · no SAR · wind + radii,58.77755546569822,False,hourly mean,3
EP112025,Kiko (2025),with_era5,2025-09-07T05:00:00+00:00,latent_no_sar_max_wind_radii,Latent MLP · no SAR · wind + radii,58.48429573906791,False,hourly mean,3
EP112025,Kiko (2025),with_era5,2025-09-07T06:00:00+00:00,latent_no_sar_max_wind_radii,Latent MLP · no SAR · wind + radii,57.972980923122826,False,hourly mean,3
EP112025,Kiko (2025),with_era5,2025-09-07T07:00:00+00:00,latent_no_sar_max_wind_radii,Latent MLP · no SAR · wind + radii,58.48852009243435,False,hourly mean,3
EP112025,Kiko (2025),with_era5,2025-09-07T08:00:00+00:00,latent_no_sar_max_wind_radii,Latent MLP · no SAR · wind + radii,58.926721149020715,False,hourly mean,3
EP112025,Kiko (2025),with_era5,2025-09-07T09:00:00+00:00,latent_no_sar_max_wind_radii,Latent MLP · no SAR · wind + radii,59.898111131456155,False,hourly mean,3
EP112025,Kiko (2025),with_era5,2025-09-07T10:00:00+00:00,latent_no_sar_max_wind_radii,Latent MLP · no SAR · wind + radii,58.79902246263291,False,hourly mean,3
EP112025,Kiko (2025),with_era5,2025-09-07T11:00:00+00:00,latent_no_sar_max_wind_radii,Latent MLP · no SAR · wind + radii,56.250843048095696,False,hourly mean,3
EP112025,Kiko (2025),with_era5,2025-09-07T12:00:00+00:00,latent_no_sar_max_wind_radii,Latent MLP · no SAR · wind + radii,54.85854954189724,False,hourly mean,3
EP112025,Kiko (2025),with_era5,2025-09-07T13:00:00+00:00,latent_no_sar_max_wind_radii,Latent MLP · no SAR · wind + radii,55.33017836676703,False,hourly mean,3
EP112025,Kiko (2025),with_era5,2025-09-07T14:00:00+00:00,latent_no_sar_max_wind_radii,Latent MLP · no SAR · wind + radii,54.76393169826931,False,hourly mean,3
EP112025,Kiko (2025),with_era5,2025-09-07T15:00:00+00:00,latent_no_sar_max_wind_radii,Latent MLP · no SAR · wind + radii,52.03643396165635,False,hourly mean,3
EP112025,Kiko (2025),with_era5,2025-09-07T16:00:00+00:00,latent_no_sar_max_wind_radii,Latent MLP · no SAR · wind + radii,49.15773497687445,False,hourly mean,3
EP112025,Kiko (2025),with_era5,2025-09-07T17:00:00+00:00,latent_no_sar_max_wind_radii,Latent MLP · no SAR · wind + radii,48.035480923122826,False,hourly mean,3
EP112025,Kiko (2025),with_era5,2025-09-07T18:00:00+00:00,latent_no_sar_max_wind_radii,Latent MLP · no SAR · wind + radii,45.04587131076388,False,hourly mean,3
EP112025,Kiko (2025),with_era5,2025-09-07T19:00:00+00:00,latent_no_sar_max_wind_radii,Latent MLP · no SAR · wind + radii,42.57197125752766,False,hourly mean,3
EP112025,Kiko (2025),with_era5,2025-09-07T20:00:00+00:00,latent_no_sar_max_wind_radii,Latent MLP · no SAR · wind + radii,42.27611562940808,False,hourly mean,3
EP112025,Kiko (2025),with_era5,2025-09-07T21:00:00+00:00,latent_no_sar_max_wind_radii,Latent MLP · no SAR · wind + radii,44.21014531453449,False,hourly mean,3
EP112025,Kiko (2025),with_era5,2025-09-07T22:00:00+00:00,latent_no_sar_max_wind_radii,Latent MLP · no SAR · wind + radii,44.650162802802186,False,hourly mean,3
EP112025,Kiko (2025),with_era5,2025-09-07T23:00:00+00:00,latent_no_sar_max_wind_radii,Latent MLP · no SAR · wind + radii,42.75408257378472,False,hourly mean,3
EP112025,Kiko (2025),with_era5,2025-09-08T00:00:00+00:00,latent_no_sar_max_wind_radii,Latent MLP · no SAR · wind + radii,40.55351257324218,False,hourly mean,3
EP112025,Kiko (2025),with_era5,2025-09-08T01:00:00+00:00,latent_no_sar_max_wind_radii,Latent MLP · no SAR · wind + radii,39.06251292758517,False,hourly mean,3
EP112025,Kiko (2025),with_era5,2025-09-08T02:00:00+00:00,latent_no_sar_max_wind_radii,Latent MLP · no SAR · wind + radii,39.915025499131936,False,hourly mean,3
EP112025,Kiko (2025),with_era5,2025-09-08T03:00:00+00:00,latent_no_sar_max_wind_radii,Latent MLP · no SAR · wind + radii,40.276128345065636,False,hourly mean,3
EP112025,Kiko (2025),with_era5,2025-09-08T04:00:00+00:00,latent_no_sar_max_wind_radii,Latent MLP · no SAR · wind + radii,38.545174916585275,False,hourly mean,3
EP112025,Kiko (2025),with_era5,2025-09-08T05:00:00+00:00,latent_no_sar_max_wind_radii,Latent MLP · no SAR · wind + radii,35.61325380537244,False,hourly mean,3
EP112025,Kiko (2025),with_era5,2025-09-08T06:00:00+00:00,latent_no_sar_max_wind_radii,Latent MLP · no SAR · wind + radii,31.78883308834499,False,hourly mean,3
EP112025,Kiko (2025),with_era5,2025-09-08T07:00:00+00:00,latent_no_sar_max_wind_radii,Latent MLP · no SAR · wind + radii,29.665103594462067,False,hourly mean,3
EP112025,Kiko (2025),with_era5,2025-09-08T08:00:00+00:00,latent_no_sar_max_wind_radii,Latent MLP · no SAR · wind + radii,31.275586658053914,False,hourly mean,3
EP112025,Kiko (2025),with_era5,2025-09-08T09:00:00+00:00,latent_no_sar_max_wind_radii,Latent MLP · no SAR · wind + radii,34.85661549038357,False,hourly mean,3
EP112025,Kiko (2025),with_era5,2025-09-08T10:00:00+00:00,latent_no_sar_max_wind_radii,Latent MLP · no SAR · wind + radii,40.612800598144524,False,hourly mean,3
EP112025,Kiko (2025),with_era5,2025-09-08T11:00:00+00:00,latent_no_sar_max_wind_radii,Latent MLP · no SAR · wind + radii,42.026003095838746,False,hourly mean,3
EP112025,Kiko (2025),with_era5,2025-09-08T12:00:00+00:00,latent_no_sar_max_wind_radii,Latent MLP · no SAR · wind + radii,42.247708426581475,False,hourly mean,3
EP112025,Kiko (2025),with_era5,2025-09-08T13:00:00+00:00,latent_no_sar_max_wind_radii,Latent MLP · no SAR · wind + radii,39.38304371303981,False,hourly mean,3
EP112025,Kiko (2025),with_era5,2025-09-08T14:00:00+00:00,latent_no_sar_max_wind_radii,Latent MLP · no SAR · wind + radii,36.96235105726453,False,hourly mean,3
EP112025,Kiko (2025),with_era5,2025-09-08T15:00:00+00:00,latent_no_sar_max_wind_radii,Latent MLP · no SAR · wind + radii,34.25928635067409,False,hourly mean,3
EP112025,Kiko (2025),with_era5,2025-09-08T16:00:00+00:00,latent_no_sar_max_wind_radii,Latent MLP · no SAR · wind + radii,31.897145589192693,False,hourly mean,3
EP112025,Kiko (2025),with_era5,2025-09-08T17:00:00+00:00,latent_no_sar_max_wind_radii,Latent MLP · no SAR · wind + radii,31.774799982706696,False,hourly mean,3
EP112025,Kiko (2025),with_era5,2025-09-08T18:00:00+00:00,latent_no_sar_max_wind_radii,Latent MLP · no SAR · wind + radii,33.95616266462537,False,hourly mean,3
EP112025,Kiko (2025),with_era5,2025-09-08T19:00:00+00:00,latent_no_sar_max_wind_radii,Latent MLP · no SAR · wind + radii,37.06051169501409,False,hourly mean,3
EP112025,Kiko (2025),with_era5,2025-09-08T20:00:00+00:00,latent_no_sar_max_wind_radii,Latent MLP · no SAR · wind + radii,34.30816788143581,False,hourly mean,3
EP112025,Kiko (2025),with_era5,2025-09-08T21:00:00+00:00,latent_no_sar_max_wind_radii,Latent MLP · no SAR · wind + radii,29.895069652133504,False,hourly mean,3
EP112025,Kiko (2025),with_era5,2025-09-08T22:00:00+00:00,latent_no_sar_max_wind_radii,Latent MLP · no SAR · wind + radii,25.28728866577147,False,hourly mean,3
EP112025,Kiko (2025),with_era5,2025-09-08T23:00:00+00:00,latent_no_sar_max_wind_radii,Latent MLP · no SAR · wind + radii,24.82096290588378,False,hourly mean,3
EP112025,Kiko (2025),with_era5,2025-09-09T00:00:00+00:00,latent_no_sar_max_wind_radii,Latent MLP · no SAR · wind + radii,24.576887554592545,False,hourly mean,3
EP112025,Kiko (2025),with_era5,2025-09-09T01:00:00+00:00,latent_no_sar_max_wind_radii,Latent MLP · no SAR · wind + radii,23.853626675075944,False,hourly mean,3
EP112025,Kiko (2025),with_era5,2025-09-09T02:00:00+00:00,latent_no_sar_max_wind_radii,Latent MLP · no SAR · wind + radii,23.685330179002538,False,hourly mean,3
EP112025,Kiko (2025),with_era5,2025-09-09T03:00:00+00:00,latent_no_sar_max_wind_radii,Latent MLP · no SAR · wind + radii,24.093258115980348,False,hourly mean,3
EP112025,Kiko (2025),with_era5,2025-09-09T04:00:00+00:00,latent_no_sar_max_wind_radii,Latent MLP · no SAR · wind + radii,24.312804963853612,False,hourly mean,3
EP112025,Kiko (2025),with_era5,2025-09-09T05:00:00+00:00,latent_no_sar_max_wind_radii,Latent MLP · no SAR · wind + radii,23.132750829060864,False,hourly mean,3
EP112025,Kiko (2025),with_era5,2025-09-09T06:00:00+00:00,latent_no_sar_max_wind_radii,Latent MLP · no SAR · wind + radii,21.26570765177408,False,hourly mean,3
EP112025,Kiko (2025),with_era5,2025-09-09T07:00:00+00:00,latent_no_sar_max_wind_radii,Latent MLP · no SAR · wind + radii,20.53453583187526,False,hourly mean,3
EP112025,Kiko (2025),with_era5,2025-09-09T08:00:00+00:00,latent_no_sar_max_wind_radii,Latent MLP · no SAR · wind + radii,20.6709861755371,False,hourly mean,3
EP112025,Kiko (2025),with_era5,2025-09-09T09:00:00+00:00,latent_no_sar_max_wind_radii,Latent MLP · no SAR · wind + radii,21.20891369713676,False,hourly mean,3
EP112025,Kiko (2025),with_era5,2025-09-09T10:00:00+00:00,latent_no_sar_max_wind_radii,Latent MLP · no SAR · wind + radii,21.483862982855893,False,hourly mean,3
EP112025,Kiko (2025),with_era5,2025-09-09T11:00:00+00:00,latent_no_sar_max_wind_radii,Latent MLP · no SAR · wind + radii,21.463871743943944,False,hourly mean,3
EP112025,Kiko (2025),with_era5,2025-09-09T12:00:00+00:00,latent_no_sar_max_wind_radii,Latent MLP · no SAR · wind + radii,21.27060106065537,False,hourly mean,3
EP112025,Kiko (2025),with_era5,2025-09-09T13:00:00+00:00,latent_no_sar_max_wind_radii,Latent MLP · no SAR · wind + radii,21.213858710394955,False,hourly mean,3
EP112025,Kiko (2025),with_era5,2025-09-09T14:00:00+00:00,latent_no_sar_max_wind_radii,Latent MLP · no SAR · wind + radii,20.640102068583158,False,hourly mean,3
EP112025,Kiko (2025),with_era5,2025-09-09T15:00:00+00:00,latent_no_sar_max_wind_radii,Latent MLP · no SAR · wind + radii,20.288305494520387,False,hourly mean,3
EP112025,Kiko (2025),with_era5,2025-09-09T16:00:00+00:00,latent_no_sar_max_wind_radii,Latent MLP · no SAR · wind + radii,19.934960259331586,False,hourly mean,3
EP112025,Kiko (2025),with_era5,2025-09-09T17:00:00+00:00,latent_no_sar_max_wind_radii,Latent MLP · no SAR · wind + radii,20.735826386345746,False,hourly mean,3
EP112025,Kiko (2025),with_era5,2025-09-09T18:00:00+00:00,latent_no_sar_max_wind_radii,Latent MLP · no SAR · wind + radii,21.83366160922579,False,hourly mean,3
EP112025,Kiko (2025),with_era5,2025-09-09T19:00:00+00:00,latent_no_sar_max_wind_radii,Latent MLP · no SAR · wind + radii,22.554620848761655,False,hourly mean,3
EP112025,Kiko (2025),with_era5,2025-09-09T20:00:00+00:00,latent_no_sar_max_wind_radii,Latent MLP · no SAR · wind + radii,22.57974667019313,False,hourly mean,3
EP112025,Kiko (2025),with_era5,2025-09-09T21:00:00+00:00,latent_no_sar_max_wind_radii,Latent MLP · no SAR · wind + radii,22.336726188659657,False,hourly mean,3
EP112025,Kiko (2025),with_era5,2025-09-09T22:00:00+00:00,latent_no_sar_max_wind_radii,Latent MLP · no SAR · wind + radii,21.969249089558904,False,hourly mean,3
EP112025,Kiko (2025),with_era5,2025-09-09T23:00:00+00:00,latent_no_sar_max_wind_radii,Latent MLP · no SAR · wind + radii,21.669199731614842,False,hourly mean,3
EP112025,Kiko (2025),with_era5,2025-09-10T00:00:00+00:00,latent_no_sar_max_wind_radii,Latent MLP · no SAR · wind + radii,22.07252862718369,False,hourly mean,3
EP112025,Kiko (2025),with_era5,2025-09-10T01:00:00+00:00,latent_no_sar_max_wind_radii,Latent MLP · no SAR · wind + radii,22.013479656643327,False,hourly mean,3
EP112025,Kiko (2025),with_era5,2025-09-10T02:00:00+00:00,latent_no_sar_max_wind_radii,Latent MLP · no SAR · wind + radii,22.200431187947583,False,hourly mean,3
EP112025,Kiko (2025),with_era5,2025-09-10T03:00:00+00:00,latent_no_sar_max_wind_radii,Latent MLP · no SAR · wind + radii,21.259243329366036,False,hourly mean,3
EP112025,Kiko (2025),with_era5,2025-09-10T04:00:00+00:00,latent_no_sar_max_wind_radii,Latent MLP · no SAR · wind + radii,20.70128112369112,False,hourly mean,3
EP112025,Kiko (2025),with_era5,2025-09-10T05:00:00+00:00,latent_no_sar_max_wind_radii,Latent MLP · no SAR · wind + radii,19.719283315870484,False,hourly mean,3
EP112025,Kiko (2025),with_era5,2025-09-10T06:00:00+00:00,latent_no_sar_max_wind_radii,Latent MLP · no SAR · wind + radii,19.366938167148152,False,hourly mean,3
EP112025,Kiko (2025),with_era5,2025-09-10T07:00:00+00:00,latent_no_sar_max_wind_radii,Latent MLP · no SAR · wind + radii,19.872517183091894,False,hourly mean,3
EP112025,Kiko (2025),with_era5,2025-09-10T08:00:00+00:00,latent_no_sar_max_wind_radii,Latent MLP · no SAR · wind + radii,21.1627996444702,False,hourly mean,3
EP112025,Kiko (2025),with_era5,2025-09-10T09:00:00+00:00,latent_no_sar_max_wind_radii,Latent MLP · no SAR · wind + radii,21.958049477471235,False,hourly mean,3
EP112025,Kiko (2025),with_era5,2025-09-10T10:00:00+00:00,latent_no_sar_max_wind_radii,Latent MLP · no SAR · wind + radii,22.376500447591138,False,hourly mean,3
EP112025,Kiko (2025),with_era5,2025-09-10T11:00:00+00:00,latent_no_sar_max_wind_radii,Latent MLP · no SAR · wind + radii,21.747549057006825,False,hourly mean,3
EP112025,Kiko (2025),with_era5,2025-09-10T12:00:00+00:00,latent_no_sar_max_wind_radii,Latent MLP · no SAR · wind + radii,21.42760573493108,False,hourly mean,3
EP112025,Kiko (2025),with_era5,2025-09-10T13:00:00+00:00,latent_no_sar_max_wind_radii,Latent MLP · no SAR · wind + radii,20.79276794857448,False,hourly mean,3
EP112025,Kiko (2025),with_era5,2025-09-10T14:00:00+00:00,latent_no_sar_max_wind_radii,Latent MLP · no SAR · wind + radii,20.281445715162477,False,hourly mean,3
EP112025,Kiko (2025),with_era5,2025-09-10T15:00:00+00:00,latent_no_sar_max_wind_radii,Latent MLP · no SAR · wind + radii,19.684152815077027,False,hourly mean,3
EP112025,Kiko (2025),with_era5,2025-09-10T16:00:00+00:00,latent_no_sar_max_wind_radii,Latent MLP · no SAR · wind + radii,19.666396670871297,False,hourly mean,3
EP112025,Kiko (2025),with_era5,2025-09-10T17:00:00+00:00,latent_no_sar_max_wind_radii,Latent MLP · no SAR · wind + radii,19.69538847605386,False,hourly mean,3
EP112025,Kiko (2025),with_era5,2025-09-10T18:00:00+00:00,latent_no_sar_max_wind_radii,Latent MLP · no SAR · wind + radii,20.49163892534043,False,hourly mean,3
EP112025,Kiko (2025),with_era5,2025-09-10T19:00:00+00:00,latent_no_sar_max_wind_radii,Latent MLP · no SAR · wind + radii,21.542553265889477,False,hourly mean,3
EP112025,Kiko (2025),with_era5,2025-09-10T20:00:00+00:00,latent_no_sar_max_wind_radii,Latent MLP · no SAR · wind + radii,23.477492968241364,False,hourly mean,3
EP112025,Kiko (2025),with_era5,2025-09-10T21:00:00+00:00,latent_no_sar_max_wind_radii,Latent MLP · no SAR · wind + radii,24.670655250549306,False,hourly mean,3
EP112025,Kiko (2025),with_era5,2025-09-10T22:00:00+00:00,latent_no_sar_max_wind_radii,Latent MLP · no SAR · wind + radii,24.732418272230348,False,hourly mean,3
EP112025,Kiko (2025),with_era5,2025-09-10T23:00:00+00:00,latent_no_sar_max_wind_radii,Latent MLP · no SAR · wind + radii,24.522294044494608,False,hourly mean,3
EP112025,Kiko (2025),without_era5,2025-08-31T00:00:00+00:00,ibtracs_best_track,IBTrACS best track,15.43332,False,hourly mean,3
EP112025,Kiko (2025),without_era5,2025-08-31T01:00:00+00:00,ibtracs_best_track,IBTrACS best track,15.43332,False,hourly mean,3
EP112025,Kiko (2025),without_era5,2025-08-31T02:00:00+00:00,ibtracs_best_track,IBTrACS best track,15.43332,False,hourly mean,3
EP112025,Kiko (2025),without_era5,2025-08-31T03:00:00+00:00,ibtracs_best_track,IBTrACS best track,15.43332,False,hourly mean,3
EP112025,Kiko (2025),without_era5,2025-08-31T04:00:00+00:00,ibtracs_best_track,IBTrACS best track,15.43332,False,hourly mean,3
EP112025,Kiko (2025),without_era5,2025-08-31T05:00:00+00:00,ibtracs_best_track,IBTrACS best track,15.505818497037035,False,hourly mean,3
EP112025,Kiko (2025),without_era5,2025-08-31T06:00:00+00:00,ibtracs_best_track,IBTrACS best track,15.749798327407406,False,hourly mean,3
EP112025,Kiko (2025),without_era5,2025-08-31T07:00:00+00:00,ibtracs_best_track,IBTrACS best track,16.165275369012345,False,hourly mean,3
EP112025,Kiko (2025),without_era5,2025-08-31T08:00:00+00:00,ibtracs_best_track,IBTrACS best track,16.655574373868316,False,hourly mean,3
EP112025,Kiko (2025),without_era5,2025-08-31T09:00:00+00:00,ibtracs_best_track,IBTrACS best track,17.088691763744855,False,hourly mean,3
EP112025,Kiko (2025),without_era5,2025-08-31T10:00:00+00:00,ibtracs_best_track,IBTrACS best track,17.464632831275722,False,hourly mean,3
EP112025,Kiko (2025),without_era5,2025-08-31T11:00:00+00:00,ibtracs_best_track,IBTrACS best track,17.759241996049383,False,hourly mean,3
EP112025,Kiko (2025),without_era5,2025-08-31T12:00:00+00:00,ibtracs_best_track,IBTrACS best track,17.939551442469135,False,hourly mean,3
EP112025,Kiko (2025),without_era5,2025-08-31T13:00:00+00:00,ibtracs_best_track,IBTrACS best track,18.00554,False,hourly mean,3
EP112025,Kiko (2025),without_era5,2025-08-31T14:00:00+00:00,ibtracs_best_track,IBTrACS best track,18.00554,False,hourly mean,3
EP112025,Kiko (2025),without_era5,2025-08-31T15:00:00+00:00,ibtracs_best_track,IBTrACS best track,18.00554,False,hourly mean,3
EP112025,Kiko (2025),without_era5,2025-08-31T16:00:00+00:00,ibtracs_best_track,IBTrACS best track,18.00554,False,hourly mean,3
EP112025,Kiko (2025),without_era5,2025-08-31T17:00:00+00:00,ibtracs_best_track,IBTrACS best track,18.07803849703704,False,hourly mean,3
EP112025,Kiko (2025),without_era5,2025-08-31T18:00:00+00:00,ibtracs_best_track,IBTrACS best track,18.32201832740741,False,hourly mean,3
EP112025,Kiko (2025),without_era5,2025-08-31T19:00:00+00:00,ibtracs_best_track,IBTrACS best track,18.737479491111113,False,hourly mean,3
EP112025,Kiko (2025),without_era5,2025-08-31T20:00:00+00:00,ibtracs_best_track,IBTrACS best track,19.227757325432098,False,hourly mean,3
EP112025,Kiko (2025),without_era5,2025-08-31T21:00:00+00:00,ibtracs_best_track,IBTrACS best track,19.66087471530864,False,hourly mean,3
EP112025,Kiko (2025),without_era5,2025-08-31T22:00:00+00:00,ibtracs_best_track,IBTrACS best track,20.03683166074074,False,hourly mean,3
EP112025,Kiko (2025),without_era5,2025-08-31T23:00:00+00:00,ibtracs_best_track,IBTrACS best track,20.331461996049384,False,hourly mean,3
EP112025,Kiko (2025),without_era5,2025-09-01T00:00:00+00:00,ibtracs_best_track,IBTrACS best track,20.511771442469136,False,hourly mean,3
EP112025,Kiko (2025),without_era5,2025-09-01T01:00:00+00:00,ibtracs_best_track,IBTrACS best track,20.57776,False,hourly mean,3
EP112025,Kiko (2025),without_era5,2025-09-01T02:00:00+00:00,ibtracs_best_track,IBTrACS best track,20.57776,False,hourly mean,3
EP112025,Kiko (2025),without_era5,2025-09-01T03:00:00+00:00,ibtracs_best_track,IBTrACS best track,20.57776,False,hourly mean,3
EP112025,Kiko (2025),without_era5,2025-09-01T04:00:00+00:00,ibtracs_best_track,IBTrACS best track,20.57776,False,hourly mean,3
EP112025,Kiko (2025),without_era5,2025-09-01T05:00:00+00:00,ibtracs_best_track,IBTrACS best track,20.65025849703704,False,hourly mean,3
EP112025,Kiko (2025),without_era5,2025-09-01T06:00:00+00:00,ibtracs_best_track,IBTrACS best track,20.894238327407407,False,hourly mean,3
EP112025,Kiko (2025),without_era5,2025-09-01T07:00:00+00:00,ibtracs_best_track,IBTrACS best track,21.30971536901235,False,hourly mean,3
EP112025,Kiko (2025),without_era5,2025-09-01T08:00:00+00:00,ibtracs_best_track,IBTrACS best track,21.80001437386831,False,hourly mean,3
EP112025,Kiko (2025),without_era5,2025-09-01T09:00:00+00:00,ibtracs_best_track,IBTrACS best track,22.233131763744854,False,hourly mean,3
EP112025,Kiko (2025),without_era5,2025-09-01T10:00:00+00:00,ibtracs_best_track,IBTrACS best track,22.60907283127572,False,hourly mean,3
EP112025,Kiko (2025),without_era5,2025-09-01T11:00:00+00:00,ibtracs_best_track,IBTrACS best track,23.024512824444447,False,hourly mean,3
EP112025,Kiko (2025),without_era5,2025-09-01T12:00:00+00:00,ibtracs_best_track,IBTrACS best track,23.611455321481483,False,hourly mean,3
EP112025,Kiko (2025),without_era5,2025-09-01T13:00:00+00:00,ibtracs_best_track,IBTrACS best track,24.36987915185185,False,hourly mean,3
EP112025,Kiko (2025),without_era5,2025-09-01T14:00:00+00:00,ibtracs_best_track,IBTrACS best track,25.23125529382716,False,hourly mean,3
EP112025,Kiko (2025),without_era5,2025-09-01T15:00:00+00:00,ibtracs_best_track,IBTrACS best track,26.088503181481485,False,hourly mean,3
EP112025,Kiko (2025),without_era5,2025-09-01T16:00:00+00:00,ibtracs_best_track,IBTrACS best track,26.945751069135806,False,hourly mean,3
EP112025,Kiko (2025),without_era5,2025-09-01T17:00:00+00:00,ibtracs_best_track,IBTrACS best track,27.678357432098768,False,hourly mean,3
EP112025,Kiko (2025),without_era5,2025-09-01T18:00:00+00:00,ibtracs_best_track,IBTrACS best track,28.129289827160495,False,hourly mean,3
EP112025,Kiko (2025),without_era5,2025-09-01T19:00:00+00:00,ibtracs_best_track,IBTrACS best track,28.29442,False,hourly mean,3
EP112025,Kiko (2025),without_era5,2025-09-01T20:00:00+00:00,ibtracs_best_track,IBTrACS best track,28.29442,False,hourly mean,3
EP112025,Kiko (2025),without_era5,2025-09-01T21:00:00+00:00,ibtracs_best_track,IBTrACS best track,28.29442,False,hourly mean,3
EP112025,Kiko (2025),without_era5,2025-09-01T22:00:00+00:00,ibtracs_best_track,IBTrACS best track,28.29442,False,hourly mean,3
EP112025,Kiko (2025),without_era5,2025-09-01T23:00:00+00:00,ibtracs_best_track,IBTrACS best track,28.415092049382718,False,hourly mean,3
EP112025,Kiko (2025),without_era5,2025-09-02T00:00:00+00:00,ibtracs_best_track,IBTrACS best track,28.821566320987653,False,hourly mean,3
EP112025,Kiko (2025),without_era5,2025-09-02T01:00:00+00:00,ibtracs_best_track,IBTrACS best track,29.51384281481482,False,hourly mean,3
EP112025,Kiko (2025),without_era5,2025-09-02T02:00:00+00:00,ibtracs_best_track,IBTrACS best track,30.371249481481485,False,hourly mean,3
EP112025,Kiko (2025),without_era5,2025-09-02T03:00:00+00:00,ibtracs_best_track,IBTrACS best track,31.228656148148147,False,hourly mean,3
EP112025,Kiko (2025),without_era5,2025-09-02T04:00:00+00:00,ibtracs_best_track,IBTrACS best track,32.08606281481482,False,hourly mean,3
EP112025,Kiko (2025),without_era5,2025-09-02T05:00:00+00:00,ibtracs_best_track,IBTrACS best track,32.94346948148148,False,hourly mean,3
EP112025,Kiko (2025),without_era5,2025-09-02T06:00:00+00:00,ibtracs_best_track,IBTrACS best track,33.80087614814815,False,hourly mean,3
EP112025,Kiko (2025),without_era5,2025-09-02T07:00:00+00:00,ibtracs_best_track,IBTrACS best track,34.65830927798354,False,hourly mean,3
EP112025,Kiko (2025),without_era5,2025-09-02T08:00:00+00:00,ibtracs_best_track,IBTrACS best track,35.515768870987664,False,hourly mean,3
EP112025,Kiko (2025),without_era5,2025-09-02T09:00:00+00:00,ibtracs_best_track,IBTrACS best track,36.373175537654326,False,hourly mean,3
EP112025,Kiko (2025),without_era5,2025-09-02T10:00:00+00:00,ibtracs_best_track,IBTrACS best track,37.230555741152266,False,hourly mean,3
EP112025,Kiko (2025),without_era5,2025-09-02T11:00:00+00:00,ibtracs_best_track,IBTrACS best track,38.039640661728406,False,hourly mean,3
EP112025,Kiko (2025),without_era5,2025-09-02T12:00:00+00:00,ibtracs_best_track,IBTrACS best track,38.734457619753094,False,hourly mean,3
EP112025,Kiko (2025),without_era5,2025-09-02T13:00:00+00:00,ibtracs_best_track,IBTrACS best track,39.31495368888889,False,hourly mean,3
EP112025,Kiko (2025),without_era5,2025-09-02T14:00:00+00:00,ibtracs_best_track,IBTrACS best track,39.805263279012344,False,hourly mean,3
EP112025,Kiko (2025),without_era5,2025-09-02T15:00:00+00:00,ibtracs_best_track,IBTrACS best track,40.238412424691354,False,hourly mean,3
EP112025,Kiko (2025),without_era5,2025-09-02T16:00:00+00:00,ibtracs_best_track,IBTrACS best track,40.61440112592592,False,hourly mean,3
EP112025,Kiko (2025),without_era5,2025-09-02T17:00:00+00:00,ibtracs_best_track,IBTrACS best track,41.029767022222224,False,hourly mean,3
EP112025,Kiko (2025),without_era5,2025-09-02T18:00:00+00:00,ibtracs_best_track,IBTrACS best track,41.61661425185185,False,hourly mean,3
EP112025,Kiko (2025),without_era5,2025-09-02T19:00:00+00:00,ibtracs_best_track,IBTrACS best track,42.37494281481482,False,hourly mean,3
EP112025,Kiko (2025),without_era5,2025-09-02T20:00:00+00:00,ibtracs_best_track,IBTrACS best track,43.232349481481485,False,hourly mean,3
EP112025,Kiko (2025),without_era5,2025-09-02T21:00:00+00:00,ibtracs_best_track,IBTrACS best track,44.08975614814815,True,hourly mean,3
EP112025,Kiko (2025),without_era5,2025-09-02T22:00:00+00:00,ibtracs_best_track,IBTrACS best track,44.94716281481482,True,hourly mean,3
EP112025,Kiko (2025),without_era5,2025-09-02T23:00:00+00:00,ibtracs_best_track,IBTrACS best track,45.68389743209877,True,hourly mean,3
EP112025,Kiko (2025),without_era5,2025-09-03T00:00:00+00:00,ibtracs_best_track,IBTrACS best track,46.134829827160495,True,hourly mean,3
EP112025,Kiko (2025),without_era5,2025-09-03T01:00:00+00:00,ibtracs_best_track,IBTrACS best track,46.29996,True,hourly mean,3
EP112025,Kiko (2025),without_era5,2025-09-03T02:00:00+00:00,ibtracs_best_track,IBTrACS best track,46.29996,True,hourly mean,3
EP112025,Kiko (2025),without_era5,2025-09-03T03:00:00+00:00,ibtracs_best_track,IBTrACS best track,46.29996,False,hourly mean,3
EP112025,Kiko (2025),without_era5,2025-09-03T04:00:00+00:00,ibtracs_best_track,IBTrACS best track,46.29996,False,hourly mean,3
EP112025,Kiko (2025),without_era5,2025-09-03T05:00:00+00:00,ibtracs_best_track,IBTrACS best track,46.29996,False,hourly mean,3
EP112025,Kiko (2025),without_era5,2025-09-03T06:00:00+00:00,ibtracs_best_track,IBTrACS best track,46.29996,False,hourly mean,3
EP112025,Kiko (2025),without_era5,2025-09-03T07:00:00+00:00,ibtracs_best_track,IBTrACS best track,46.29996,False,hourly mean,3
EP112025,Kiko (2025),without_era5,2025-09-03T08:00:00+00:00,ibtracs_best_track,IBTrACS best track,46.29996,False,hourly mean,3
EP112025,Kiko (2025),without_era5,2025-09-03T09:00:00+00:00,ibtracs_best_track,IBTrACS best track,46.29996,False,hourly mean,3
EP112025,Kiko (2025),without_era5,2025-09-03T10:00:00+00:00,ibtracs_best_track,IBTrACS best track,46.29996,False,hourly mean,3
EP112025,Kiko (2025),without_era5,2025-09-03T11:00:00+00:00,ibtracs_best_track,IBTrACS best track,46.54130409876543,False,hourly mean,3
EP112025,Kiko (2025),without_era5,2025-09-03T12:00:00+00:00,ibtracs_best_track,IBTrACS best track,47.35425264197531,False,hourly mean,3
EP112025,Kiko (2025),without_era5,2025-09-03T13:00:00+00:00,ibtracs_best_track,IBTrACS best track,48.73880562962963,False,hourly mean,3
EP112025,Kiko (2025),without_era5,2025-09-03T14:00:00+00:00,ibtracs_best_track,IBTrACS best track,50.45361896296296,False,hourly mean,3
EP112025,Kiko (2025),without_era5,2025-09-03T15:00:00+00:00,ibtracs_best_track,IBTrACS best track,52.168432296296295,False,hourly mean,3
EP112025,Kiko (2025),without_era5,2025-09-03T16:00:00+00:00,ibtracs_best_track,IBTrACS best track,53.883245629629634,False,hourly mean,3
EP112025,Kiko (2025),without_era5,2025-09-03T17:00:00+00:00,ibtracs_best_track,IBTrACS best track,55.54979014320988,False,hourly mean,3
EP112025,Kiko (2025),without_era5,2025-09-03T18:00:00+00:00,ibtracs_best_track,IBTrACS best track,57.102013767901234,True,hourly mean,3
EP112025,Kiko (2025),without_era5,2025-09-03T19:00:00+00:00,ibtracs_best_track,IBTrACS best track,58.5399165037037,True,hourly mean,3
EP112025,Kiko (2025),without_era5,2025-09-03T20:00:00+00:00,ibtracs_best_track,IBTrACS best track,59.88763276049383,True,hourly mean,3
EP112025,Kiko (2025),without_era5,2025-09-03T21:00:00+00:00,ibtracs_best_track,IBTrACS best track,61.17818857283951,True,hourly mean,3
EP112025,Kiko (2025),without_era5,2025-09-03T22:00:00+00:00,ibtracs_best_track,IBTrACS best track,62.41158394074074,True,hourly mean,3
EP112025,Kiko (2025),without_era5,2025-09-03T23:00:00+00:00,ibtracs_best_track,IBTrACS best track,63.443012404938266,True,hourly mean,3
EP112025,Kiko (2025),without_era5,2025-09-04T00:00:00+00:00,ibtracs_best_track,IBTrACS best track,64.07431775802469,True,hourly mean,3
EP112025,Kiko (2025),without_era5,2025-09-04T01:00:00+00:00,ibtracs_best_track,IBTrACS best track,64.3055,True,hourly mean,3
EP112025,Kiko (2025),without_era5,2025-09-04T02:00:00+00:00,ibtracs_best_track,IBTrACS best track,64.3055,True,hourly mean,3
EP112025,Kiko (2025),without_era5,2025-09-04T03:00:00+00:00,ibtracs_best_track,IBTrACS best track,64.3055,True,hourly mean,3
EP112025,Kiko (2025),without_era5,2025-09-04T04:00:00+00:00,ibtracs_best_track,IBTrACS best track,64.3055,True,hourly mean,3
EP112025,Kiko (2025),without_era5,2025-09-04T05:00:00+00:00,ibtracs_best_track,IBTrACS best track,64.18482795061728,True,hourly mean,3
EP112025,Kiko (2025),without_era5,2025-09-04T06:00:00+00:00,ibtracs_best_track,IBTrACS best track,63.77835367901235,True,hourly mean,3
EP112025,Kiko (2025),without_era5,2025-09-04T07:00:00+00:00,ibtracs_best_track,IBTrACS best track,63.0860374904321,True,hourly mean,3
EP112025,Kiko (2025),without_era5,2025-09-04T08:00:00+00:00,ibtracs_best_track,IBTrACS best track,62.22857789742798,True,hourly mean,3
EP112025,Kiko (2025),without_era5,2025-09-04T09:00:00+00:00,ibtracs_best_track,IBTrACS best track,61.37117123076131,False,hourly mean,3
EP112025,Kiko (2025),without_era5,2025-09-04T10:00:00+00:00,ibtracs_best_track,IBTrACS best track,60.513804258847735,False,hourly mean,3
EP112025,Kiko (2025),without_era5,2025-09-04T11:00:00+00:00,ibtracs_best_track,IBTrACS best track,59.77712256790124,False,hourly mean,3
EP112025,Kiko (2025),without_era5,2025-09-04T12:00:00+00:00,ibtracs_best_track,IBTrACS best track,59.32619017283951,False,hourly mean,3
EP112025,Kiko (2025),without_era5,2025-09-04T13:00:00+00:00,ibtracs_best_track,IBTrACS best track,59.16106,False,hourly mean,3
EP112025,Kiko (2025),without_era5,2025-09-04T14:00:00+00:00,ibtracs_best_track,IBTrACS best track,59.16106,False,hourly mean,3
EP112025,Kiko (2025),without_era5,2025-09-04T15:00:00+00:00,ibtracs_best_track,IBTrACS best track,59.16106,False,hourly mean,3
EP112025,Kiko (2025),without_era5,2025-09-04T16:00:00+00:00,ibtracs_best_track,IBTrACS best track,59.16106,False,hourly mean,3
EP112025,Kiko (2025),without_era5,2025-09-04T17:00:00+00:00,ibtracs_best_track,IBTrACS best track,59.131844661728394,False,hourly mean,3
EP112025,Kiko (2025),without_era5,2025-09-04T18:00:00+00:00,ibtracs_best_track,IBTrACS best track,58.95020147160494,False,hourly mean,3
EP112025,Kiko (2025),without_era5,2025-09-04T19:00:00+00:00,ibtracs_best_track,IBTrACS best track,58.67329087407408,False,hourly mean,3
EP112025,Kiko (2025),without_era5,2025-09-04T20:00:00+00:00,ibtracs_best_track,IBTrACS best track,58.28714031604938,False,hourly mean,3
EP112025,Kiko (2025),without_era5,2025-09-04T21:00:00+00:00,ibtracs_best_track,IBTrACS best track,57.88193627654321,False,hourly mean,3
EP112025,Kiko (2025),without_era5,2025-09-04T22:00:00+00:00,ibtracs_best_track,IBTrACS best track,57.400518311111114,False,hourly mean,3
EP112025,Kiko (2025),without_era5,2025-09-04T23:00:00+00:00,ibtracs_best_track,IBTrACS best track,56.91020872098766,False,hourly mean,3
EP112025,Kiko (2025),without_era5,2025-09-05T00:00:00+00:00,ibtracs_best_track,IBTrACS best track,56.47705957530865,False,hourly mean,3
EP112025,Kiko (2025),without_era5,2025-09-05T01:00:00+00:00,ibtracs_best_track,IBTrACS best track,56.10107087407408,False,hourly mean,3
EP112025,Kiko (2025),without_era5,2025-09-05T02:00:00+00:00,ibtracs_best_track,IBTrACS best track,55.733973797530865,False,hourly mean,3
EP112025,Kiko (2025),without_era5,2025-09-05T03:00:00+00:00,ibtracs_best_track,IBTrACS best track,55.30971627654321,False,hourly mean,3
EP112025,Kiko (2025),without_era5,2025-09-05T04:00:00+00:00,ibtracs_best_track,IBTrACS best track,54.82829831111112,False,hourly mean,3
EP112025,Kiko (2025),without_era5,2025-09-05T05:00:00+00:00,ibtracs_best_track,IBTrACS best track,54.33798872098765,False,hourly mean,3
EP112025,Kiko (2025),without_era5,2025-09-05T06:00:00+00:00,ibtracs_best_track,IBTrACS best track,53.90483957530864,False,hourly mean,3
EP112025,Kiko (2025),without_era5,2025-09-05T07:00:00+00:00,ibtracs_best_track,IBTrACS best track,53.52883499617284,False,hourly mean,3
EP112025,Kiko (2025),without_era5,2025-09-05T08:00:00+00:00,ibtracs_best_track,IBTrACS best track,53.161698224876545,False,hourly mean,3
EP112025,Kiko (2025),without_era5,2025-09-05T09:00:00+00:00,ibtracs_best_track,IBTrACS best track,52.73739307018519,False,hourly mean,3
EP112025,Kiko (2025),without_era5,2025-09-05T10:00:00+00:00,ibtracs_best_track,IBTrACS best track,52.255943348950616,False,hourly mean,3
EP112025,Kiko (2025),without_era5,2025-09-05T11:00:00+00:00,ibtracs_best_track,IBTrACS best track,51.88639313666667,False,hourly mean,3
EP112025,Kiko (2025),without_era5,2025-09-05T12:00:00+00:00,ibtracs_best_track,IBTrACS best track,51.85981353,False,hourly mean,3
EP112025,Kiko (2025),without_era5,2025-09-05T13:00:00+00:00,ibtracs_best_track,IBTrACS best track,52.176196589999996,False,hourly mean,3
EP112025,Kiko (2025),without_era5,2025-09-05T14:00:00+00:00,ibtracs_best_track,IBTrACS best track,52.66649030222222,False,hourly mean,3
EP112025,Kiko (2025),without_era5,2025-09-05T15:00:00+00:00,ibtracs_best_track,IBTrACS best track,53.099623570000006,False,hourly mean,3
EP112025,Kiko (2025),without_era5,2025-09-05T16:00:00+00:00,ibtracs_best_track,IBTrACS best track,53.47559639333334,False,hourly mean,3
EP112025,Kiko (2025),without_era5,2025-09-05T17:00:00+00:00,ibtracs_best_track,IBTrACS best track,53.891009923333336,False,hourly mean,3
EP112025,Kiko (2025),without_era5,2025-09-05T18:00:00+00:00,ibtracs_best_track,IBTrACS best track,54.47790478666667,False,hourly mean,3
EP112025,Kiko (2025),without_era5,2025-09-05T19:00:00+00:00,ibtracs_best_track,IBTrACS best track,55.23628098333333,False,hourly mean,3
EP112025,Kiko (2025),without_era5,2025-09-05T20:00:00+00:00,ibtracs_best_track,IBTrACS best track,56.09362149207819,False,hourly mean,3
EP112025,Kiko (2025),without_era5,2025-09-05T21:00:00+00:00,ibtracs_best_track,IBTrACS best track,56.950948769238686,False,hourly mean,3
EP112025,Kiko (2025),without_era5,2025-09-05T22:00:00+00:00,ibtracs_best_track,IBTrACS best track,57.80827604639918,False,hourly mean,3
EP112025,Kiko (2025),without_era5,2025-09-05T23:00:00+00:00,ibtracs_best_track,IBTrACS best track,58.61740066172839,False,hourly mean,3
EP112025,Kiko (2025),without_era5,2025-09-06T00:00:00+00:00,ibtracs_best_track,IBTrACS best track,59.312217619753085,False,hourly mean,3
EP112025,Kiko (2025),without_era5,2025-09-06T01:00:00+00:00,ibtracs_best_track,IBTrACS best track,59.8927136888889,False,hourly mean,3
EP112025,Kiko (2025),without_era5,2025-09-06T02:00:00+00:00,ibtracs_best_track,IBTrACS best track,60.38302327901235,False,hourly mean,3
EP112025,Kiko (2025),without_era5,2025-09-06T03:00:00+00:00,ibtracs_best_track,IBTrACS best track,60.81617242469136,False,hourly mean,3
EP112025,Kiko (2025),without_era5,2025-09-06T04:00:00+00:00,ibtracs_best_track,IBTrACS best track,61.19216112592593,False,hourly mean,3
EP112025,Kiko (2025),without_era5,2025-09-06T05:00:00+00:00,ibtracs_best_track,IBTrACS best track,61.36618292345679,False,hourly mean,3
EP112025,Kiko (2025),without_era5,2025-09-06T06:00:00+00:00,ibtracs_best_track,IBTrACS best track,61.140081609876546,False,hourly mean,3
EP112025,Kiko (2025),without_era5,2025-09-06T07:00:00+00:00,ibtracs_best_track,IBTrACS best track,60.513817490432096,False,hourly mean,3
EP112025,Kiko (2025),without_era5,2025-09-06T08:00:00+00:00,ibtracs_best_track,IBTrACS best track,59.65634466584362,False,hourly mean,3
EP112025,Kiko (2025),without_era5,2025-09-06T09:00:00+00:00,ibtracs_best_track,IBTrACS best track,58.78456849855968,False,hourly mean,3
EP112025,Kiko (2025),without_era5,2025-09-06T10:00:00+00:00,ibtracs_best_track,IBTrACS best track,57.92712213713992,False,hourly mean,3
EP112025,Kiko (2025),without_era5,2025-09-06T11:00:00+00:00,ibtracs_best_track,IBTrACS best track,57.19045367777778,False,hourly mean,3
EP112025,Kiko (2025),without_era5,2025-09-06T12:00:00+00:00,ibtracs_best_track,IBTrACS best track,56.75389078333333,False,hourly mean,3
EP112025,Kiko (2025),without_era5,2025-09-06T13:00:00+00:00,ibtracs_best_track,IBTrACS best track,56.588840000000005,False,hourly mean,3
EP112025,Kiko (2025),without_era5,2025-09-06T14:00:00+00:00,ibtracs_best_track,IBTrACS best track,56.588840000000005,False,hourly mean,3
EP112025,Kiko (2025),without_era5,2025-09-06T15:00:00+00:00,ibtracs_best_track,IBTrACS best track,56.588840000000005,False,hourly mean,3
EP112025,Kiko (2025),without_era5,2025-09-06T16:00:00+00:00,ibtracs_best_track,IBTrACS best track,56.588840000000005,False,hourly mean,3
EP112025,Kiko (2025),without_era5,2025-09-06T17:00:00+00:00,ibtracs_best_track,IBTrACS best track,56.661290863333335,False,hourly mean,3
EP112025,Kiko (2025),without_era5,2025-09-06T18:00:00+00:00,ibtracs_best_track,IBTrACS best track,56.905223060000004,False,hourly mean,3
EP112025,Kiko (2025),without_era5,2025-09-06T19:00:00+00:00,ibtracs_best_track,IBTrACS best track,57.32063659,False,hourly mean,3
EP112025,Kiko (2025),without_era5,2025-09-06T20:00:00+00:00,ibtracs_best_track,IBTrACS best track,57.810930302222225,False,hourly mean,3
EP112025,Kiko (2025),without_era5,2025-09-06T21:00:00+00:00,ibtracs_best_track,IBTrACS best track,58.24406357,False,hourly mean,3
EP112025,Kiko (2025),without_era5,2025-09-06T22:00:00+00:00,ibtracs_best_track,IBTrACS best track,58.62003639333333,False,hourly mean,3
EP112025,Kiko (2025),without_era5,2025-09-06T23:00:00+00:00,ibtracs_best_track,IBTrACS best track,58.86639790888889,False,hourly mean,3
EP112025,Kiko (2025),without_era5,2025-09-07T00:00:00+00:00,ibtracs_best_track,IBTrACS best track,58.884117646666674,False,hourly mean,3
EP112025,Kiko (2025),without_era5,2025-09-07T01:00:00+00:00,ibtracs_best_track,IBTrACS best track,58.67319560666667,False,hourly mean,3
EP112025,Kiko (2025),without_era5,2025-09-07T02:00:00+00:00,ibtracs_best_track,IBTrACS best track,58.30608265222222,False,hourly mean,3
EP112025,Kiko (2025),without_era5,2025-09-07T03:00:00+00:00,ibtracs_best_track,IBTrACS best track,57.88180925333334,False,hourly mean,3
EP112025,Kiko (2025),without_era5,2025-09-07T04:00:00+00:00,ibtracs_best_track,IBTrACS best track,57.40037541,False,hourly mean,3
EP112025,Kiko (2025),without_era5,2025-09-07T05:00:00+00:00,ibtracs_best_track,IBTrACS best track,56.91008169777778,False,hourly mean,3
EP112025,Kiko (2025),without_era5,2025-09-07T06:00:00+00:00,ibtracs_best_track,IBTrACS best track,56.47694843,False,hourly mean,3
EP112025,Kiko (2025),without_era5,2025-09-07T07:00:00+00:00,ibtracs_best_track,IBTrACS best track,56.10097031403293,False,hourly mean,3
EP112025,Kiko (2025),without_era5,2025-09-07T08:00:00+00:00,ibtracs_best_track,IBTrACS best track,55.73385735958848,False,hourly mean,3
EP112025,Kiko (2025),without_era5,2025-09-07T09:00:00+00:00,ibtracs_best_track,IBTrACS best track,55.30958396069959,False,hourly mean,3
EP112025,Kiko (2025),without_era5,2025-09-07T10:00:00+00:00,ibtracs_best_track,IBTrACS best track,54.828155409999994,False,hourly mean,3
EP112025,Kiko (2025),without_era5,2025-09-07T11:00:00+00:00,ibtracs_best_track,IBTrACS best track,54.265410834444445,False,hourly mean,3
EP112025,Kiko (2025),without_era5,2025-09-07T12:00:00+00:00,ibtracs_best_track,IBTrACS best track,53.588345370000006,False,hourly mean,3
EP112025,Kiko (2025),without_era5,2025-09-07T13:00:00+00:00,ibtracs_best_track,IBTrACS best track,52.79695901666667,False,hourly mean,3
EP112025,Kiko (2025),without_era5,2025-09-07T14:00:00+00:00,ibtracs_best_track,IBTrACS best track,51.93955234999999,False,hourly mean,3
EP112025,Kiko (2025),without_era5,2025-09-07T15:00:00+00:00,ibtracs_best_track,IBTrACS best track,51.08214568333332,False,hourly mean,3
EP112025,Kiko (2025),without_era5,2025-09-07T16:00:00+00:00,ibtracs_best_track,IBTrACS best track,50.22473901666666,False,hourly mean,3
EP112025,Kiko (2025),without_era5,2025-09-07T17:00:00+00:00,ibtracs_best_track,IBTrACS best track,49.48808378888888,False,hourly mean,3
EP112025,Kiko (2025),without_era5,2025-09-07T18:00:00+00:00,ibtracs_best_track,IBTrACS best track,49.037230783333335,False,hourly mean,3
EP112025,Kiko (2025),without_era5,2025-09-07T19:00:00+00:00,ibtracs_best_track,IBTrACS best track,48.87217999999999,False,hourly mean,3
EP112025,Kiko (2025),without_era5,2025-09-07T20:00:00+00:00,ibtracs_best_track,IBTrACS best track,48.87217999999999,False,hourly mean,3
EP112025,Kiko (2025),without_era5,2025-09-07T21:00:00+00:00,ibtracs_best_track,IBTrACS best track,48.87217999999999,False,hourly mean,3
EP112025,Kiko (2025),without_era5,2025-09-07T22:00:00+00:00,ibtracs_best_track,IBTrACS best track,48.87217999999999,False,hourly mean,3
EP112025,Kiko (2025),without_era5,2025-09-07T23:00:00+00:00,ibtracs_best_track,IBTrACS best track,48.82387942444444,False,hourly mean,3
EP112025,Kiko (2025),without_era5,2025-09-08T00:00:00+00:00,ibtracs_best_track,IBTrACS best track,48.66125796,False,hourly mean,3
EP112025,Kiko (2025),without_era5,2025-09-08T01:00:00+00:00,ibtracs_best_track,IBTrACS best track,48.38431560666667,False,hourly mean,3
EP112025,Kiko (2025),without_era5,2025-09-08T02:00:00+00:00,ibtracs_best_track,IBTrACS best track,48.01720265222222,False,hourly mean,3
EP112025,Kiko (2025),without_era5,2025-09-08T03:00:00+00:00,ibtracs_best_track,IBTrACS best track,47.59292925333333,False,hourly mean,3
EP112025,Kiko (2025),without_era5,2025-09-08T04:00:00+00:00,ibtracs_best_track,IBTrACS best track,47.11149541,False,hourly mean,3
EP112025,Kiko (2025),without_era5,2025-09-08T05:00:00+00:00,ibtracs_best_track,IBTrACS best track,46.621201697777785,False,hourly mean,3
EP112025,Kiko (2025),without_era5,2025-09-08T06:00:00+00:00,ibtracs_best_track,IBTrACS best track,46.18806843000001,False,hourly mean,3
EP112025,Kiko (2025),without_era5,2025-09-08T07:00:00+00:00,ibtracs_best_track,IBTrACS best track,45.812095606666674,False,hourly mean,3
EP112025,Kiko (2025),without_era5,2025-09-08T08:00:00+00:00,ibtracs_best_track,IBTrACS best track,45.44498265222222,False,hourly mean,3
EP112025,Kiko (2025),without_era5,2025-09-08T09:00:00+00:00,ibtracs_best_track,IBTrACS best track,45.02070925333334,False,hourly mean,3
EP112025,Kiko (2025),without_era5,2025-09-08T10:00:00+00:00,ibtracs_best_track,IBTrACS best track,44.539275409999995,False,hourly mean,3
EP112025,Kiko (2025),without_era5,2025-09-08T11:00:00+00:00,ibtracs_best_track,IBTrACS best track,44.048981697777776,False,hourly mean,3
EP112025,Kiko (2025),without_era5,2025-09-08T12:00:00+00:00,ibtracs_best_track,IBTrACS best track,43.61584843,False,hourly mean,3
EP112025,Kiko (2025),without_era5,2025-09-08T13:00:00+00:00,ibtracs_best_track,IBTrACS best track,43.239875606666665,False,hourly mean,3
EP112025,Kiko (2025),without_era5,2025-09-08T14:00:00+00:00,ibtracs_best_track,IBTrACS best track,42.87276265222223,False,hourly mean,3
EP112025,Kiko (2025),without_era5,2025-09-08T15:00:00+00:00,ibtracs_best_track,IBTrACS best track,42.448489253333335,False,hourly mean,3
EP112025,Kiko (2025),without_era5,2025-09-08T16:00:00+00:00,ibtracs_best_track,IBTrACS best track,41.96705541,False,hourly mean,3
EP112025,Kiko (2025),without_era5,2025-09-08T17:00:00+00:00,ibtracs_best_track,IBTrACS best track,41.35601025888889,False,hourly mean,3
EP112025,Kiko (2025),without_era5,2025-09-08T18:00:00+00:00,ibtracs_best_track,IBTrACS best track,40.51632333,False,hourly mean,3
EP112025,Kiko (2025),without_era5,2025-09-08T19:00:00+00:00,ibtracs_best_track,IBTrACS best track,39.44799462333333,False,hourly mean,3
EP112025,Kiko (2025),without_era5,2025-09-08T20:00:00+00:00,ibtracs_best_track,IBTrACS best track,38.22347500222222,False,hourly mean,3
EP112025,Kiko (2025),without_era5,2025-09-08T21:00:00+00:00,ibtracs_best_track,IBTrACS best track,36.94179493666667,False,hourly mean,3
EP112025,Kiko (2025),without_era5,2025-09-08T22:00:00+00:00,ibtracs_best_track,IBTrACS best track,35.60295442666667,False,hourly mean,3
EP112025,Kiko (2025),without_era5,2025-09-08T23:00:00+00:00,ibtracs_best_track,IBTrACS best track,34.255254047777775,False,hourly mean,3
EP112025,Kiko (2025),without_era5,2025-09-09T00:00:00+00:00,ibtracs_best_track,IBTrACS best track,32.964714113333336,False,hourly mean,3
EP112025,Kiko (2025),without_era5,2025-09-09T01:00:00+00:00,ibtracs_best_track,IBTrACS best track,31.731334623333336,False,hourly mean,3
EP112025,Kiko (2025),without_era5,2025-09-09T02:00:00+00:00,ibtracs_best_track,IBTrACS best track,30.506815002222226,False,hourly mean,3
EP112025,Kiko (2025),without_era5,2025-09-09T03:00:00+00:00,ibtracs_best_track,IBTrACS best track,29.225134936666667,False,hourly mean,3
EP112025,Kiko (2025),without_era5,2025-09-09T04:00:00+00:00,ibtracs_best_track,IBTrACS best track,27.886294426666666,False,hourly mean,3
EP112025,Kiko (2025),without_era5,2025-09-09T05:00:00+00:00,ibtracs_best_track,IBTrACS best track,26.586894623333333,False,hourly mean,3
EP112025,Kiko (2025),without_era5,2025-09-09T06:00:00+00:00,ibtracs_best_track,IBTrACS best track,25.458976153333335,False,hourly mean,3
EP112025,Kiko (2025),without_era5,2025-09-09T07:00:00+00:00,ibtracs_best_track,IBTrACS best track,24.50253901666667,False,hourly mean,3
EP112025,Kiko (2025),without_era5,2025-09-09T08:00:00+00:00,ibtracs_best_track,IBTrACS best track,23.64513235,False,hourly mean,3
EP112025,Kiko (2025),without_era5,2025-09-09T09:00:00+00:00,ibtracs_best_track,IBTrACS best track,22.787725683333335,False,hourly mean,3
EP112025,Kiko (2025),without_era5,2025-09-09T10:00:00+00:00,ibtracs_best_track,IBTrACS best track,21.93031901666667,False,hourly mean,3
EP112025,Kiko (2025),without_era5,2025-09-09T11:00:00+00:00,ibtracs_best_track,IBTrACS best track,21.19366378888889,False,hourly mean,3
EP112025,Kiko (2025),without_era5,2025-09-09T12:00:00+00:00,ibtracs_best_track,IBTrACS best track,20.742810783333336,False,hourly mean,3
EP112025,Kiko (2025),without_era5,2025-09-09T13:00:00+00:00,ibtracs_best_track,IBTrACS best track,20.57776,False,hourly mean,3
EP112025,Kiko (2025),without_era5,2025-09-09T14:00:00+00:00,ibtracs_best_track,IBTrACS best track,20.57776,False,hourly mean,3
EP112025,Kiko (2025),without_era5,2025-09-09T15:00:00+00:00,ibtracs_best_track,IBTrACS best track,20.57776,False,hourly mean,3
EP112025,Kiko (2025),without_era5,2025-09-09T16:00:00+00:00,ibtracs_best_track,IBTrACS best track,20.57776,False,hourly mean,3
EP112025,Kiko (2025),without_era5,2025-09-09T17:00:00+00:00,ibtracs_best_track,IBTrACS best track,20.529459424444447,False,hourly mean,3
EP112025,Kiko (2025),without_era5,2025-09-09T18:00:00+00:00,ibtracs_best_track,IBTrACS best track,20.36683796,False,hourly mean,3
EP112025,Kiko (2025),without_era5,2025-09-09T19:00:00+00:00,ibtracs_best_track,IBTrACS best track,20.08989560666667,False,hourly mean,3
EP112025,Kiko (2025),without_era5,2025-09-09T20:00:00+00:00,ibtracs_best_track,IBTrACS best track,19.722782652222225,False,hourly mean,3
EP112025,Kiko (2025),without_era5,2025-09-09T21:00:00+00:00,ibtracs_best_track,IBTrACS best track,19.298509253333336,False,hourly mean,3
EP112025,Kiko (2025),without_era5,2025-09-09T22:00:00+00:00,ibtracs_best_track,IBTrACS best track,18.81707541,False,hourly mean,3
EP112025,Kiko (2025),without_era5,2025-09-09T23:00:00+00:00,ibtracs_best_track,IBTrACS best track,18.375082273333334,False,hourly mean,3
EP112025,Kiko (2025),without_era5,2025-09-10T00:00:00+00:00,ibtracs_best_track,IBTrACS best track,18.10457047,False,hourly mean,3
EP112025,Kiko (2025),without_era5,2025-09-10T01:00:00+00:00,ibtracs_best_track,IBTrACS best track,18.00554,False,hourly mean,3
EP112025,Kiko (2025),without_era5,2025-09-10T02:00:00+00:00,ibtracs_best_track,IBTrACS best track,18.00554,False,hourly mean,3
EP112025,Kiko (2025),without_era5,2025-09-10T03:00:00+00:00,ibtracs_best_track,IBTrACS best track,18.00554,False,hourly mean,3
EP112025,Kiko (2025),without_era5,2025-09-10T04:00:00+00:00,ibtracs_best_track,IBTrACS best track,18.00554,False,hourly mean,3
EP112025,Kiko (2025),without_era5,2025-09-10T05:00:00+00:00,ibtracs_best_track,IBTrACS best track,17.957239424444445,False,hourly mean,3
EP112025,Kiko (2025),without_era5,2025-09-10T06:00:00+00:00,ibtracs_best_track,IBTrACS best track,17.79461796,False,hourly mean,3
EP112025,Kiko (2025),without_era5,2025-09-10T07:00:00+00:00,ibtracs_best_track,IBTrACS best track,17.517675606666668,False,hourly mean,3
EP112025,Kiko (2025),without_era5,2025-09-10T08:00:00+00:00,ibtracs_best_track,IBTrACS best track,17.150562652222224,False,hourly mean,3
EP112025,Kiko (2025),without_era5,2025-09-10T09:00:00+00:00,ibtracs_best_track,IBTrACS best track,16.726289253333334,False,hourly mean,3
EP112025,Kiko (2025),without_era5,2025-09-10T10:00:00+00:00,ibtracs_best_track,IBTrACS best track,16.24485541,False,hourly mean,3
EP112025,Kiko (2025),without_era5,2025-09-10T11:00:00+00:00,ibtracs_best_track,IBTrACS best track,15.802862273333332,False,hourly mean,3
EP112025,Kiko (2025),without_era5,2025-09-10T12:00:00+00:00,ibtracs_best_track,IBTrACS best track,15.532350469999999,False,hourly mean,3
EP112025,Kiko (2025),without_era5,2025-09-10T13:00:00+00:00,ibtracs_best_track,IBTrACS best track,15.43332,False,hourly mean,3
EP112025,Kiko (2025),without_era5,2025-09-10T14:00:00+00:00,ibtracs_best_track,IBTrACS best track,15.43332,False,hourly mean,3
EP112025,Kiko (2025),without_era5,2025-09-10T15:00:00+00:00,ibtracs_best_track,IBTrACS best track,15.43332,False,hourly mean,3
EP112025,Kiko (2025),without_era5,2025-09-10T16:00:00+00:00,ibtracs_best_track,IBTrACS best track,15.43332,False,hourly mean,3
EP112025,Kiko (2025),without_era5,2025-09-10T17:00:00+00:00,ibtracs_best_track,IBTrACS best track,15.43332,False,hourly mean,3
EP112025,Kiko (2025),without_era5,2025-09-10T18:00:00+00:00,ibtracs_best_track,IBTrACS best track,15.43332,False,hourly mean,3
EP112025,Kiko (2025),without_era5,2025-09-10T19:00:00+00:00,ibtracs_best_track,IBTrACS best track,15.43332,False,hourly mean,3
EP112025,Kiko (2025),without_era5,2025-09-10T20:00:00+00:00,ibtracs_best_track,IBTrACS best track,15.43332,False,hourly mean,3
EP112025,Kiko (2025),without_era5,2025-09-10T21:00:00+00:00,ibtracs_best_track,IBTrACS best track,15.43332,False,hourly mean,3
EP112025,Kiko (2025),without_era5,2025-09-10T22:00:00+00:00,ibtracs_best_track,IBTrACS best track,15.43332,False,hourly mean,3
EP112025,Kiko (2025),without_era5,2025-09-10T23:00:00+00:00,ibtracs_best_track,IBTrACS best track,15.43332,False,hourly mean,3
EP112025,Kiko (2025),without_era5,2025-08-31T00:00:00+00:00,era5_max_wind,ERA5 10 m maximum,9.294077505286964,False,hourly mean,3
EP112025,Kiko (2025),without_era5,2025-08-31T01:00:00+00:00,era5_max_wind,ERA5 10 m maximum,9.294077505286964,False,hourly mean,3
EP112025,Kiko (2025),without_era5,2025-08-31T02:00:00+00:00,era5_max_wind,ERA5 10 m maximum,9.021471971569431,False,hourly mean,3
EP112025,Kiko (2025),without_era5,2025-08-31T03:00:00+00:00,era5_max_wind,ERA5 10 m maximum,8.748866437851897,False,hourly mean,3
EP112025,Kiko (2025),without_era5,2025-08-31T04:00:00+00:00,era5_max_wind,ERA5 10 m maximum,8.476260904134362,False,hourly mean,3
EP112025,Kiko (2025),without_era5,2025-08-31T05:00:00+00:00,era5_max_wind,ERA5 10 m maximum,8.476260904134362,False,hourly mean,3
EP112025,Kiko (2025),without_era5,2025-08-31T06:00:00+00:00,era5_max_wind,ERA5 10 m maximum,8.476260904134362,False,hourly mean,3
EP112025,Kiko (2025),without_era5,2025-08-31T07:00:00+00:00,era5_max_wind,ERA5 10 m maximum,8.476260904134362,False,hourly mean,3
EP112025,Kiko (2025),without_era5,2025-08-31T08:00:00+00:00,era5_max_wind,ERA5 10 m maximum,9.31034788252799,False,hourly mean,3
EP112025,Kiko (2025),without_era5,2025-08-31T09:00:00+00:00,era5_max_wind,ERA5 10 m maximum,10.144434860921619,False,hourly mean,3
EP112025,Kiko (2025),without_era5,2025-08-31T10:00:00+00:00,era5_max_wind,ERA5 10 m maximum,10.978521839315247,False,hourly mean,3
EP112025,Kiko (2025),without_era5,2025-08-31T11:00:00+00:00,era5_max_wind,ERA5 10 m maximum,10.978521839315247,False,hourly mean,3
EP112025,Kiko (2025),without_era5,2025-08-31T12:00:00+00:00,era5_max_wind,ERA5 10 m maximum,10.978521839315247,False,hourly mean,3
EP112025,Kiko (2025),without_era5,2025-08-31T13:00:00+00:00,era5_max_wind,ERA5 10 m maximum,10.978521839315247,False,hourly mean,3
EP112025,Kiko (2025),without_era5,2025-08-31T14:00:00+00:00,era5_max_wind,ERA5 10 m maximum,11.698939924918477,False,hourly mean,3
EP112025,Kiko (2025),without_era5,2025-08-31T15:00:00+00:00,era5_max_wind,ERA5 10 m maximum,12.419358010521705,False,hourly mean,3
EP112025,Kiko (2025),without_era5,2025-08-31T16:00:00+00:00,era5_max_wind,ERA5 10 m maximum,13.139776096124935,False,hourly mean,3
EP112025,Kiko (2025),without_era5,2025-08-31T17:00:00+00:00,era5_max_wind,ERA5 10 m maximum,13.139776096124935,False,hourly mean,3
EP112025,Kiko (2025),without_era5,2025-08-31T18:00:00+00:00,era5_max_wind,ERA5 10 m maximum,13.139776096124935,False,hourly mean,3
EP112025,Kiko (2025),without_era5,2025-08-31T19:00:00+00:00,era5_max_wind,ERA5 10 m maximum,13.139776096124935,False,hourly mean,3
EP112025,Kiko (2025),without_era5,2025-08-31T20:00:00+00:00,era5_max_wind,ERA5 10 m maximum,13.25956766491848,False,hourly mean,3
EP112025,Kiko (2025),without_era5,2025-08-31T21:00:00+00:00,era5_max_wind,ERA5 10 m maximum,13.379359233712028,False,hourly mean,3
EP112025,Kiko (2025),without_era5,2025-08-31T22:00:00+00:00,era5_max_wind,ERA5 10 m maximum,13.499150802505573,False,hourly mean,3
EP112025,Kiko (2025),without_era5,2025-08-31T23:00:00+00:00,era5_max_wind,ERA5 10 m maximum,13.499150802505573,False,hourly mean,3
EP112025,Kiko (2025),without_era5,2025-09-01T00:00:00+00:00,era5_max_wind,ERA5 10 m maximum,13.499150802505573,False,hourly mean,3
EP112025,Kiko (2025),without_era5,2025-09-01T01:00:00+00:00,era5_max_wind,ERA5 10 m maximum,13.499150802505573,False,hourly mean,3
EP112025,Kiko (2025),without_era5,2025-09-01T02:00:00+00:00,era5_max_wind,ERA5 10 m maximum,13.163947344215876,False,hourly mean,3
EP112025,Kiko (2025),without_era5,2025-09-01T03:00:00+00:00,era5_max_wind,ERA5 10 m maximum,12.828743885926178,False,hourly mean,3
EP112025,Kiko (2025),without_era5,2025-09-01T04:00:00+00:00,era5_max_wind,ERA5 10 m maximum,12.49354042763648,False,hourly mean,3
EP112025,Kiko (2025),without_era5,2025-09-01T05:00:00+00:00,era5_max_wind,ERA5 10 m maximum,12.49354042763648,False,hourly mean,3
EP112025,Kiko (2025),without_era5,2025-09-01T06:00:00+00:00,era5_max_wind,ERA5 10 m maximum,12.49354042763648,False,hourly mean,3
EP112025,Kiko (2025),without_era5,2025-09-01T07:00:00+00:00,era5_max_wind,ERA5 10 m maximum,12.49354042763648,False,hourly mean,3
EP112025,Kiko (2025),without_era5,2025-09-01T08:00:00+00:00,era5_max_wind,ERA5 10 m maximum,12.278632162127442,False,hourly mean,3
EP112025,Kiko (2025),without_era5,2025-09-01T09:00:00+00:00,era5_max_wind,ERA5 10 m maximum,12.063723896618404,False,hourly mean,3
EP112025,Kiko (2025),without_era5,2025-09-01T10:00:00+00:00,era5_max_wind,ERA5 10 m maximum,11.848815631109366,False,hourly mean,3
EP112025,Kiko (2025),without_era5,2025-09-01T11:00:00+00:00,era5_max_wind,ERA5 10 m maximum,11.848815631109366,False,hourly mean,3
EP112025,Kiko (2025),without_era5,2025-09-01T12:00:00+00:00,era5_max_wind,ERA5 10 m maximum,11.848815631109366,False,hourly mean,3
EP112025,Kiko (2025),without_era5,2025-09-01T13:00:00+00:00,era5_max_wind,ERA5 10 m maximum,11.848815631109366,False,hourly mean,3
EP112025,Kiko (2025),without_era5,2025-09-01T14:00:00+00:00,era5_max_wind,ERA5 10 m maximum,12.2868612573454,False,hourly mean,3
EP112025,Kiko (2025),without_era5,2025-09-01T15:00:00+00:00,era5_max_wind,ERA5 10 m maximum,12.724906883581438,False,hourly mean,3
EP112025,Kiko (2025),without_era5,2025-09-01T16:00:00+00:00,era5_max_wind,ERA5 10 m maximum,13.162952509817472,False,hourly mean,3
EP112025,Kiko (2025),without_era5,2025-09-01T17:00:00+00:00,era5_max_wind,ERA5 10 m maximum,13.162952509817472,False,hourly mean,3
EP112025,Kiko (2025),without_era5,2025-09-01T18:00:00+00:00,era5_max_wind,ERA5 10 m maximum,13.162952509817472,False,hourly mean,3
EP112025,Kiko (2025),without_era5,2025-09-01T19:00:00+00:00,era5_max_wind,ERA5 10 m maximum,13.162952509817472,False,hourly mean,3
EP112025,Kiko (2025),without_era5,2025-09-01T20:00:00+00:00,era5_max_wind,ERA5 10 m maximum,13.218217890005151,False,hourly mean,3
EP112025,Kiko (2025),without_era5,2025-09-01T21:00:00+00:00,era5_max_wind,ERA5 10 m maximum,13.273483270192832,False,hourly mean,3
EP112025,Kiko (2025),without_era5,2025-09-01T22:00:00+00:00,era5_max_wind,ERA5 10 m maximum,13.328748650380513,False,hourly mean,3
EP112025,Kiko (2025),without_era5,2025-09-01T23:00:00+00:00,era5_max_wind,ERA5 10 m maximum,13.328748650380513,False,hourly mean,3
EP112025,Kiko (2025),without_era5,2025-09-02T00:00:00+00:00,era5_max_wind,ERA5 10 m maximum,13.328748650380513,False,hourly mean,3
EP112025,Kiko (2025),without_era5,2025-09-02T01:00:00+00:00,era5_max_wind,ERA5 10 m maximum,13.328748650380513,False,hourly mean,3
EP112025,Kiko (2025),without_era5,2025-09-02T02:00:00+00:00,era5_max_wind,ERA5 10 m maximum,13.186601122240845,False,hourly mean,3
EP112025,Kiko (2025),without_era5,2025-09-02T03:00:00+00:00,era5_max_wind,ERA5 10 m maximum,13.044453594101178,False,hourly mean,3
EP112025,Kiko (2025),without_era5,2025-09-02T04:00:00+00:00,era5_max_wind,ERA5 10 m maximum,12.90230606596151,False,hourly mean,3
EP112025,Kiko (2025),without_era5,2025-09-02T05:00:00+00:00,era5_max_wind,ERA5 10 m maximum,12.90230606596151,False,hourly mean,3
EP112025,Kiko (2025),without_era5,2025-09-02T06:00:00+00:00,era5_max_wind,ERA5 10 m maximum,12.90230606596151,False,hourly mean,3
EP112025,Kiko (2025),without_era5,2025-09-02T07:00:00+00:00,era5_max_wind,ERA5 10 m maximum,12.90230606596151,False,hourly mean,3
EP112025,Kiko (2025),without_era5,2025-09-02T08:00:00+00:00,era5_max_wind,ERA5 10 m maximum,12.954231479279846,False,hourly mean,3
EP112025,Kiko (2025),without_era5,2025-09-02T09:00:00+00:00,era5_max_wind,ERA5 10 m maximum,13.00615689259818,False,hourly mean,3
EP112025,Kiko (2025),without_era5,2025-09-02T10:00:00+00:00,era5_max_wind,ERA5 10 m maximum,13.058082305916516,False,hourly mean,3
EP112025,Kiko (2025),without_era5,2025-09-02T11:00:00+00:00,era5_max_wind,ERA5 10 m maximum,13.058082305916516,False,hourly mean,3
EP112025,Kiko (2025),without_era5,2025-09-02T12:00:00+00:00,era5_max_wind,ERA5 10 m maximum,13.058082305916516,False,hourly mean,3
EP112025,Kiko (2025),without_era5,2025-09-02T13:00:00+00:00,era5_max_wind,ERA5 10 m maximum,13.058082305916516,False,hourly mean,3
EP112025,Kiko (2025),without_era5,2025-09-02T14:00:00+00:00,era5_max_wind,ERA5 10 m maximum,13.110392333979155,False,hourly mean,3
EP112025,Kiko (2025),without_era5,2025-09-02T15:00:00+00:00,era5_max_wind,ERA5 10 m maximum,13.16270236204179,False,hourly mean,3
EP112025,Kiko (2025),without_era5,2025-09-02T16:00:00+00:00,era5_max_wind,ERA5 10 m maximum,13.215012390104425,False,hourly mean,3
EP112025,Kiko (2025),without_era5,2025-09-02T17:00:00+00:00,era5_max_wind,ERA5 10 m maximum,13.215012390104425,False,hourly mean,3
EP112025,Kiko (2025),without_era5,2025-09-02T18:00:00+00:00,era5_max_wind,ERA5 10 m maximum,13.215012390104425,False,hourly mean,3
EP112025,Kiko (2025),without_era5,2025-09-02T19:00:00+00:00,era5_max_wind,ERA5 10 m maximum,13.215012390104425,False,hourly mean,3
EP112025,Kiko (2025),without_era5,2025-09-02T20:00:00+00:00,era5_max_wind,ERA5 10 m maximum,13.95248952079937,False,hourly mean,3
EP112025,Kiko (2025),without_era5,2025-09-02T21:00:00+00:00,era5_max_wind,ERA5 10 m maximum,14.689966651494316,True,hourly mean,3
EP112025,Kiko (2025),without_era5,2025-09-02T22:00:00+00:00,era5_max_wind,ERA5 10 m maximum,15.427443782189263,True,hourly mean,3
EP112025,Kiko (2025),without_era5,2025-09-02T23:00:00+00:00,era5_max_wind,ERA5 10 m maximum,15.427443782189263,True,hourly mean,3
EP112025,Kiko (2025),without_era5,2025-09-03T00:00:00+00:00,era5_max_wind,ERA5 10 m maximum,15.427443782189263,True,hourly mean,3
EP112025,Kiko (2025),without_era5,2025-09-03T01:00:00+00:00,era5_max_wind,ERA5 10 m maximum,15.427443782189263,True,hourly mean,3
EP112025,Kiko (2025),without_era5,2025-09-03T02:00:00+00:00,era5_max_wind,ERA5 10 m maximum,15.677023257077051,True,hourly mean,3
EP112025,Kiko (2025),without_era5,2025-09-03T03:00:00+00:00,era5_max_wind,ERA5 10 m maximum,15.92660273196484,False,hourly mean,3
EP112025,Kiko (2025),without_era5,2025-09-03T04:00:00+00:00,era5_max_wind,ERA5 10 m maximum,16.17618220685263,False,hourly mean,3
EP112025,Kiko (2025),without_era5,2025-09-03T05:00:00+00:00,era5_max_wind,ERA5 10 m maximum,16.17618220685263,False,hourly mean,3
EP112025,Kiko (2025),without_era5,2025-09-03T06:00:00+00:00,era5_max_wind,ERA5 10 m maximum,16.17618220685263,False,hourly mean,3
EP112025,Kiko (2025),without_era5,2025-09-03T07:00:00+00:00,era5_max_wind,ERA5 10 m maximum,16.17618220685263,False,hourly mean,3
EP112025,Kiko (2025),without_era5,2025-09-03T08:00:00+00:00,era5_max_wind,ERA5 10 m maximum,16.058039548871953,False,hourly mean,3
EP112025,Kiko (2025),without_era5,2025-09-03T09:00:00+00:00,era5_max_wind,ERA5 10 m maximum,15.939896890891278,False,hourly mean,3
EP112025,Kiko (2025),without_era5,2025-09-03T10:00:00+00:00,era5_max_wind,ERA5 10 m maximum,15.821754232910605,False,hourly mean,3
EP112025,Kiko (2025),without_era5,2025-09-03T11:00:00+00:00,era5_max_wind,ERA5 10 m maximum,15.821754232910605,False,hourly mean,3
EP112025,Kiko (2025),without_era5,2025-09-03T12:00:00+00:00,era5_max_wind,ERA5 10 m maximum,15.821754232910605,False,hourly mean,3
EP112025,Kiko (2025),without_era5,2025-09-03T13:00:00+00:00,era5_max_wind,ERA5 10 m maximum,15.821754232910605,False,hourly mean,3
EP112025,Kiko (2025),without_era5,2025-09-03T14:00:00+00:00,era5_max_wind,ERA5 10 m maximum,16.337442720765594,False,hourly mean,3
EP112025,Kiko (2025),without_era5,2025-09-03T15:00:00+00:00,era5_max_wind,ERA5 10 m maximum,16.853131208620585,False,hourly mean,3
EP112025,Kiko (2025),without_era5,2025-09-03T16:00:00+00:00,era5_max_wind,ERA5 10 m maximum,17.36881969647558,False,hourly mean,3
EP112025,Kiko (2025),without_era5,2025-09-03T17:00:00+00:00,era5_max_wind,ERA5 10 m maximum,17.36881969647558,False,hourly mean,3
EP112025,Kiko (2025),without_era5,2025-09-03T18:00:00+00:00,era5_max_wind,ERA5 10 m maximum,17.36881969647558,True,hourly mean,3
EP112025,Kiko (2025),without_era5,2025-09-03T19:00:00+00:00,era5_max_wind,ERA5 10 m maximum,17.36881969647558,True,hourly mean,3
EP112025,Kiko (2025),without_era5,2025-09-03T20:00:00+00:00,era5_max_wind,ERA5 10 m maximum,16.798853784462473,True,hourly mean,3
EP112025,Kiko (2025),without_era5,2025-09-03T21:00:00+00:00,era5_max_wind,ERA5 10 m maximum,16.22888787244937,True,hourly mean,3
EP112025,Kiko (2025),without_era5,2025-09-03T22:00:00+00:00,era5_max_wind,ERA5 10 m maximum,15.658921960436267,True,hourly mean,3
EP112025,Kiko (2025),without_era5,2025-09-03T23:00:00+00:00,era5_max_wind,ERA5 10 m maximum,15.658921960436267,True,hourly mean,3
EP112025,Kiko (2025),without_era5,2025-09-04T00:00:00+00:00,era5_max_wind,ERA5 10 m maximum,15.658921960436267,True,hourly mean,3
EP112025,Kiko (2025),without_era5,2025-09-04T01:00:00+00:00,era5_max_wind,ERA5 10 m maximum,15.658921960436267,True,hourly mean,3
EP112025,Kiko (2025),without_era5,2025-09-04T02:00:00+00:00,era5_max_wind,ERA5 10 m maximum,15.937214004777466,True,hourly mean,3
EP112025,Kiko (2025),without_era5,2025-09-04T03:00:00+00:00,era5_max_wind,ERA5 10 m maximum,16.21550604911867,True,hourly mean,3
EP112025,Kiko (2025),without_era5,2025-09-04T04:00:00+00:00,era5_max_wind,ERA5 10 m maximum,16.49379809345987,True,hourly mean,3
EP112025,Kiko (2025),without_era5,2025-09-04T05:00:00+00:00,era5_max_wind,ERA5 10 m maximum,16.49379809345987,True,hourly mean,3
EP112025,Kiko (2025),without_era5,2025-09-04T06:00:00+00:00,era5_max_wind,ERA5 10 m maximum,16.49379809345987,True,hourly mean,3
EP112025,Kiko (2025),without_era5,2025-09-04T07:00:00+00:00,era5_max_wind,ERA5 10 m maximum,16.49379809345987,True,hourly mean,3
EP112025,Kiko (2025),without_era5,2025-09-04T08:00:00+00:00,era5_max_wind,ERA5 10 m maximum,16.481189567180966,True,hourly mean,3
EP112025,Kiko (2025),without_era5,2025-09-04T09:00:00+00:00,era5_max_wind,ERA5 10 m maximum,16.468581040902063,False,hourly mean,3
EP112025,Kiko (2025),without_era5,2025-09-04T10:00:00+00:00,era5_max_wind,ERA5 10 m maximum,16.45597251462316,False,hourly mean,3
EP112025,Kiko (2025),without_era5,2025-09-04T11:00:00+00:00,era5_max_wind,ERA5 10 m maximum,16.45597251462316,False,hourly mean,3
EP112025,Kiko (2025),without_era5,2025-09-04T12:00:00+00:00,era5_max_wind,ERA5 10 m maximum,16.45597251462316,False,hourly mean,3
EP112025,Kiko (2025),without_era5,2025-09-04T13:00:00+00:00,era5_max_wind,ERA5 10 m maximum,16.45597251462316,False,hourly mean,3
EP112025,Kiko (2025),without_era5,2025-09-04T14:00:00+00:00,era5_max_wind,ERA5 10 m maximum,16.64234827454353,False,hourly mean,3
EP112025,Kiko (2025),without_era5,2025-09-04T15:00:00+00:00,era5_max_wind,ERA5 10 m maximum,16.8287240344639,False,hourly mean,3
EP112025,Kiko (2025),without_era5,2025-09-04T16:00:00+00:00,era5_max_wind,ERA5 10 m maximum,17.015099794384273,False,hourly mean,3
EP112025,Kiko (2025),without_era5,2025-09-04T17:00:00+00:00,era5_max_wind,ERA5 10 m maximum,17.015099794384273,False,hourly mean,3
EP112025,Kiko (2025),without_era5,2025-09-04T18:00:00+00:00,era5_max_wind,ERA5 10 m maximum,17.015099794384273,False,hourly mean,3
EP112025,Kiko (2025),without_era5,2025-09-04T19:00:00+00:00,era5_max_wind,ERA5 10 m maximum,17.015099794384273,False,hourly mean,3
EP112025,Kiko (2025),without_era5,2025-09-04T20:00:00+00:00,era5_max_wind,ERA5 10 m maximum,16.72878206946128,False,hourly mean,3
EP112025,Kiko (2025),without_era5,2025-09-04T21:00:00+00:00,era5_max_wind,ERA5 10 m maximum,16.44246434453829,False,hourly mean,3
EP112025,Kiko (2025),without_era5,2025-09-04T22:00:00+00:00,era5_max_wind,ERA5 10 m maximum,16.156146619615296,False,hourly mean,3
EP112025,Kiko (2025),without_era5,2025-09-04T23:00:00+00:00,era5_max_wind,ERA5 10 m maximum,16.156146619615296,False,hourly mean,3
EP112025,Kiko (2025),without_era5,2025-09-05T00:00:00+00:00,era5_max_wind,ERA5 10 m maximum,16.156146619615296,False,hourly mean,3
EP112025,Kiko (2025),without_era5,2025-09-05T01:00:00+00:00,era5_max_wind,ERA5 10 m maximum,16.156146619615296,False,hourly mean,3
EP112025,Kiko (2025),without_era5,2025-09-05T02:00:00+00:00,era5_max_wind,ERA5 10 m maximum,15.673199732952307,False,hourly mean,3
EP112025,Kiko (2025),without_era5,2025-09-05T03:00:00+00:00,era5_max_wind,ERA5 10 m maximum,15.190252846289324,False,hourly mean,3
EP112025,Kiko (2025),without_era5,2025-09-05T04:00:00+00:00,era5_max_wind,ERA5 10 m maximum,14.70730595962634,False,hourly mean,3
EP112025,Kiko (2025),without_era5,2025-09-05T05:00:00+00:00,era5_max_wind,ERA5 10 m maximum,14.70730595962634,False,hourly mean,3
EP112025,Kiko (2025),without_era5,2025-09-05T06:00:00+00:00,era5_max_wind,ERA5 10 m maximum,14.70730595962634,False,hourly mean,3
EP112025,Kiko (2025),without_era5,2025-09-05T07:00:00+00:00,era5_max_wind,ERA5 10 m maximum,14.70730595962634,False,hourly mean,3
EP112025,Kiko (2025),without_era5,2025-09-05T08:00:00+00:00,era5_max_wind,ERA5 10 m maximum,14.96783172978578,False,hourly mean,3
EP112025,Kiko (2025),without_era5,2025-09-05T09:00:00+00:00,era5_max_wind,ERA5 10 m maximum,15.228357499945224,False,hourly mean,3
EP112025,Kiko (2025),without_era5,2025-09-05T10:00:00+00:00,era5_max_wind,ERA5 10 m maximum,15.488883270104665,False,hourly mean,3
EP112025,Kiko (2025),without_era5,2025-09-05T11:00:00+00:00,era5_max_wind,ERA5 10 m maximum,15.488883270104665,False,hourly mean,3
EP112025,Kiko (2025),without_era5,2025-09-05T12:00:00+00:00,era5_max_wind,ERA5 10 m maximum,15.488883270104665,False,hourly mean,3
EP112025,Kiko (2025),without_era5,2025-09-05T13:00:00+00:00,era5_max_wind,ERA5 10 m maximum,15.488883270104665,False,hourly mean,3
EP112025,Kiko (2025),without_era5,2025-09-05T14:00:00+00:00,era5_max_wind,ERA5 10 m maximum,15.588128733066824,False,hourly mean,3
EP112025,Kiko (2025),without_era5,2025-09-05T15:00:00+00:00,era5_max_wind,ERA5 10 m maximum,15.687374196028989,False,hourly mean,3
EP112025,Kiko (2025),without_era5,2025-09-05T16:00:00+00:00,era5_max_wind,ERA5 10 m maximum,15.78661965899115,False,hourly mean,3
EP112025,Kiko (2025),without_era5,2025-09-05T17:00:00+00:00,era5_max_wind,ERA5 10 m maximum,15.78661965899115,False,hourly mean,3
EP112025,Kiko (2025),without_era5,2025-09-05T18:00:00+00:00,era5_max_wind,ERA5 10 m maximum,15.78661965899115,False,hourly mean,3
EP112025,Kiko (2025),without_era5,2025-09-05T19:00:00+00:00,era5_max_wind,ERA5 10 m maximum,15.78661965899115,False,hourly mean,3
EP112025,Kiko (2025),without_era5,2025-09-05T20:00:00+00:00,era5_max_wind,ERA5 10 m maximum,15.689868124566479,False,hourly mean,3
EP112025,Kiko (2025),without_era5,2025-09-05T21:00:00+00:00,era5_max_wind,ERA5 10 m maximum,15.593116590141804,False,hourly mean,3
EP112025,Kiko (2025),without_era5,2025-09-05T22:00:00+00:00,era5_max_wind,ERA5 10 m maximum,15.496365055717135,False,hourly mean,3
EP112025,Kiko (2025),without_era5,2025-09-05T23:00:00+00:00,era5_max_wind,ERA5 10 m maximum,15.496365055717135,False,hourly mean,3
EP112025,Kiko (2025),without_era5,2025-09-06T00:00:00+00:00,era5_max_wind,ERA5 10 m maximum,15.496365055717135,False,hourly mean,3
EP112025,Kiko (2025),without_era5,2025-09-06T01:00:00+00:00,era5_max_wind,ERA5 10 m maximum,15.496365055717135,False,hourly mean,3
EP112025,Kiko (2025),without_era5,2025-09-06T02:00:00+00:00,era5_max_wind,ERA5 10 m maximum,15.240499106992496,False,hourly mean,3
EP112025,Kiko (2025),without_era5,2025-09-06T03:00:00+00:00,era5_max_wind,ERA5 10 m maximum,14.98463315826786,False,hourly mean,3
EP112025,Kiko (2025),without_era5,2025-09-06T04:00:00+00:00,era5_max_wind,ERA5 10 m maximum,14.728767209543221,False,hourly mean,3
EP112025,Kiko (2025),without_era5,2025-09-06T05:00:00+00:00,era5_max_wind,ERA5 10 m maximum,14.728767209543221,False,hourly mean,3
EP112025,Kiko (2025),without_era5,2025-09-06T06:00:00+00:00,era5_max_wind,ERA5 10 m maximum,14.728767209543221,False,hourly mean,3
EP112025,Kiko (2025),without_era5,2025-09-06T07:00:00+00:00,era5_max_wind,ERA5 10 m maximum,14.728767209543221,False,hourly mean,3
EP112025,Kiko (2025),without_era5,2025-09-06T08:00:00+00:00,era5_max_wind,ERA5 10 m maximum,15.054282887811043,False,hourly mean,3
EP112025,Kiko (2025),without_era5,2025-09-06T09:00:00+00:00,era5_max_wind,ERA5 10 m maximum,15.379798566078867,False,hourly mean,3
EP112025,Kiko (2025),without_era5,2025-09-06T10:00:00+00:00,era5_max_wind,ERA5 10 m maximum,15.70531424434669,False,hourly mean,3
EP112025,Kiko (2025),without_era5,2025-09-06T11:00:00+00:00,era5_max_wind,ERA5 10 m maximum,15.70531424434669,False,hourly mean,3
EP112025,Kiko (2025),without_era5,2025-09-06T12:00:00+00:00,era5_max_wind,ERA5 10 m maximum,15.70531424434669,False,hourly mean,3
EP112025,Kiko (2025),without_era5,2025-09-06T13:00:00+00:00,era5_max_wind,ERA5 10 m maximum,15.70531424434669,False,hourly mean,3
EP112025,Kiko (2025),without_era5,2025-09-06T14:00:00+00:00,era5_max_wind,ERA5 10 m maximum,15.878238303481544,False,hourly mean,3
EP112025,Kiko (2025),without_era5,2025-09-06T15:00:00+00:00,era5_max_wind,ERA5 10 m maximum,16.0511623626164,False,hourly mean,3
EP112025,Kiko (2025),without_era5,2025-09-06T16:00:00+00:00,era5_max_wind,ERA5 10 m maximum,16.224086421751252,False,hourly mean,3
EP112025,Kiko (2025),without_era5,2025-09-06T17:00:00+00:00,era5_max_wind,ERA5 10 m maximum,16.224086421751252,False,hourly mean,3
EP112025,Kiko (2025),without_era5,2025-09-06T18:00:00+00:00,era5_max_wind,ERA5 10 m maximum,16.224086421751252,False,hourly mean,3
EP112025,Kiko (2025),without_era5,2025-09-06T19:00:00+00:00,era5_max_wind,ERA5 10 m maximum,16.224086421751252,False,hourly mean,3
EP112025,Kiko (2025),without_era5,2025-09-06T20:00:00+00:00,era5_max_wind,ERA5 10 m maximum,16.434399731578036,False,hourly mean,3
EP112025,Kiko (2025),without_era5,2025-09-06T21:00:00+00:00,era5_max_wind,ERA5 10 m maximum,16.64471304140482,False,hourly mean,3
EP112025,Kiko (2025),without_era5,2025-09-06T22:00:00+00:00,era5_max_wind,ERA5 10 m maximum,16.855026351231608,False,hourly mean,3
EP112025,Kiko (2025),without_era5,2025-09-06T23:00:00+00:00,era5_max_wind,ERA5 10 m maximum,16.855026351231608,False,hourly mean,3
EP112025,Kiko (2025),without_era5,2025-09-07T00:00:00+00:00,era5_max_wind,ERA5 10 m maximum,16.855026351231608,False,hourly mean,3
EP112025,Kiko (2025),without_era5,2025-09-07T01:00:00+00:00,era5_max_wind,ERA5 10 m maximum,16.855026351231608,False,hourly mean,3
EP112025,Kiko (2025),without_era5,2025-09-07T02:00:00+00:00,era5_max_wind,ERA5 10 m maximum,16.85019041444384,False,hourly mean,3
EP112025,Kiko (2025),without_era5,2025-09-07T03:00:00+00:00,era5_max_wind,ERA5 10 m maximum,16.84535447765607,False,hourly mean,3
EP112025,Kiko (2025),without_era5,2025-09-07T04:00:00+00:00,era5_max_wind,ERA5 10 m maximum,16.840518540868306,False,hourly mean,3
EP112025,Kiko (2025),without_era5,2025-09-07T05:00:00+00:00,era5_max_wind,ERA5 10 m maximum,16.840518540868306,False,hourly mean,3
EP112025,Kiko (2025),without_era5,2025-09-07T06:00:00+00:00,era5_max_wind,ERA5 10 m maximum,16.840518540868306,False,hourly mean,3
EP112025,Kiko (2025),without_era5,2025-09-07T07:00:00+00:00,era5_max_wind,ERA5 10 m maximum,16.840518540868306,False,hourly mean,3
EP112025,Kiko (2025),without_era5,2025-09-07T08:00:00+00:00,era5_max_wind,ERA5 10 m maximum,17.238440877868122,False,hourly mean,3
EP112025,Kiko (2025),without_era5,2025-09-07T09:00:00+00:00,era5_max_wind,ERA5 10 m maximum,17.63636321486794,False,hourly mean,3
EP112025,Kiko (2025),without_era5,2025-09-07T10:00:00+00:00,era5_max_wind,ERA5 10 m maximum,18.03428555186776,False,hourly mean,3
EP112025,Kiko (2025),without_era5,2025-09-07T11:00:00+00:00,era5_max_wind,ERA5 10 m maximum,18.03428555186776,False,hourly mean,3
EP112025,Kiko (2025),without_era5,2025-09-07T12:00:00+00:00,era5_max_wind,ERA5 10 m maximum,18.03428555186776,False,hourly mean,3
EP112025,Kiko (2025),without_era5,2025-09-07T13:00:00+00:00,era5_max_wind,ERA5 10 m maximum,18.03428555186776,False,hourly mean,3
EP112025,Kiko (2025),without_era5,2025-09-07T14:00:00+00:00,era5_max_wind,ERA5 10 m maximum,18.20084399082301,False,hourly mean,3
EP112025,Kiko (2025),without_era5,2025-09-07T15:00:00+00:00,era5_max_wind,ERA5 10 m maximum,18.36740242977826,False,hourly mean,3
EP112025,Kiko (2025),without_era5,2025-09-07T16:00:00+00:00,era5_max_wind,ERA5 10 m maximum,18.53396086873351,False,hourly mean,3
EP112025,Kiko (2025),without_era5,2025-09-07T17:00:00+00:00,era5_max_wind,ERA5 10 m maximum,18.53396086873351,False,hourly mean,3
EP112025,Kiko (2025),without_era5,2025-09-07T18:00:00+00:00,era5_max_wind,ERA5 10 m maximum,18.53396086873351,False,hourly mean,3
EP112025,Kiko (2025),without_era5,2025-09-07T19:00:00+00:00,era5_max_wind,ERA5 10 m maximum,18.53396086873351,False,hourly mean,3
EP112025,Kiko (2025),without_era5,2025-09-07T20:00:00+00:00,era5_max_wind,ERA5 10 m maximum,18.187168579405185,False,hourly mean,3
EP112025,Kiko (2025),without_era5,2025-09-07T21:00:00+00:00,era5_max_wind,ERA5 10 m maximum,17.840376290076865,False,hourly mean,3
EP112025,Kiko (2025),without_era5,2025-09-07T22:00:00+00:00,era5_max_wind,ERA5 10 m maximum,17.493584000748545,False,hourly mean,3
EP112025,Kiko (2025),without_era5,2025-09-07T23:00:00+00:00,era5_max_wind,ERA5 10 m maximum,17.493584000748545,False,hourly mean,3
EP112025,Kiko (2025),without_era5,2025-09-08T00:00:00+00:00,era5_max_wind,ERA5 10 m maximum,17.493584000748545,False,hourly mean,3
EP112025,Kiko (2025),without_era5,2025-09-08T01:00:00+00:00,era5_max_wind,ERA5 10 m maximum,17.493584000748545,False,hourly mean,3
EP112025,Kiko (2025),without_era5,2025-09-08T02:00:00+00:00,era5_max_wind,ERA5 10 m maximum,18.18845061031807,False,hourly mean,3
EP112025,Kiko (2025),without_era5,2025-09-08T03:00:00+00:00,era5_max_wind,ERA5 10 m maximum,18.883317219887605,False,hourly mean,3
EP112025,Kiko (2025),without_era5,2025-09-08T04:00:00+00:00,era5_max_wind,ERA5 10 m maximum,19.578183829457135,False,hourly mean,3
EP112025,Kiko (2025),without_era5,2025-09-08T05:00:00+00:00,era5_max_wind,ERA5 10 m maximum,19.578183829457135,False,hourly mean,3
EP112025,Kiko (2025),without_era5,2025-09-08T06:00:00+00:00,era5_max_wind,ERA5 10 m maximum,19.578183829457135,False,hourly mean,3
EP112025,Kiko (2025),without_era5,2025-09-08T07:00:00+00:00,era5_max_wind,ERA5 10 m maximum,19.578183829457135,False,hourly mean,3
EP112025,Kiko (2025),without_era5,2025-09-08T08:00:00+00:00,era5_max_wind,ERA5 10 m maximum,20.451479334853754,False,hourly mean,3
EP112025,Kiko (2025),without_era5,2025-09-08T09:00:00+00:00,era5_max_wind,ERA5 10 m maximum,21.324774840250377,False,hourly mean,3
EP112025,Kiko (2025),without_era5,2025-09-08T10:00:00+00:00,era5_max_wind,ERA5 10 m maximum,22.198070345647,False,hourly mean,3
EP112025,Kiko (2025),without_era5,2025-09-08T11:00:00+00:00,era5_max_wind,ERA5 10 m maximum,22.198070345647,False,hourly mean,3
EP112025,Kiko (2025),without_era5,2025-09-08T12:00:00+00:00,era5_max_wind,ERA5 10 m maximum,22.198070345647,False,hourly mean,3
EP112025,Kiko (2025),without_era5,2025-09-08T13:00:00+00:00,era5_max_wind,ERA5 10 m maximum,22.198070345647,False,hourly mean,3
EP112025,Kiko (2025),without_era5,2025-09-08T14:00:00+00:00,era5_max_wind,ERA5 10 m maximum,22.061768838029085,False,hourly mean,3
EP112025,Kiko (2025),without_era5,2025-09-08T15:00:00+00:00,era5_max_wind,ERA5 10 m maximum,21.92546733041117,False,hourly mean,3
EP112025,Kiko (2025),without_era5,2025-09-08T16:00:00+00:00,era5_max_wind,ERA5 10 m maximum,21.789165822793255,False,hourly mean,3
EP112025,Kiko (2025),without_era5,2025-09-08T17:00:00+00:00,era5_max_wind,ERA5 10 m maximum,21.789165822793255,False,hourly mean,3
EP112025,Kiko (2025),without_era5,2025-09-08T18:00:00+00:00,era5_max_wind,ERA5 10 m maximum,21.789165822793255,False,hourly mean,3
EP112025,Kiko (2025),without_era5,2025-09-08T19:00:00+00:00,era5_max_wind,ERA5 10 m maximum,21.789165822793255,False,hourly mean,3
EP112025,Kiko (2025),without_era5,2025-09-08T20:00:00+00:00,era5_max_wind,ERA5 10 m maximum,20.850524664602517,False,hourly mean,3
EP112025,Kiko (2025),without_era5,2025-09-08T21:00:00+00:00,era5_max_wind,ERA5 10 m maximum,19.91188350641178,False,hourly mean,3
EP112025,Kiko (2025),without_era5,2025-09-08T22:00:00+00:00,era5_max_wind,ERA5 10 m maximum,18.973242348221046,False,hourly mean,3
EP112025,Kiko (2025),without_era5,2025-09-08T23:00:00+00:00,era5_max_wind,ERA5 10 m maximum,18.973242348221046,False,hourly mean,3
EP112025,Kiko (2025),without_era5,2025-09-09T00:00:00+00:00,era5_max_wind,ERA5 10 m maximum,18.973242348221046,False,hourly mean,3
EP112025,Kiko (2025),without_era5,2025-09-09T01:00:00+00:00,era5_max_wind,ERA5 10 m maximum,18.973242348221046,False,hourly mean,3
EP112025,Kiko (2025),without_era5,2025-09-09T02:00:00+00:00,era5_max_wind,ERA5 10 m maximum,18.87186289705285,False,hourly mean,3
EP112025,Kiko (2025),without_era5,2025-09-09T03:00:00+00:00,era5_max_wind,ERA5 10 m maximum,18.77048344588466,False,hourly mean,3
EP112025,Kiko (2025),without_era5,2025-09-09T04:00:00+00:00,era5_max_wind,ERA5 10 m maximum,18.66910399471647,False,hourly mean,3
EP112025,Kiko (2025),without_era5,2025-09-09T05:00:00+00:00,era5_max_wind,ERA5 10 m maximum,18.66910399471647,False,hourly mean,3
EP112025,Kiko (2025),without_era5,2025-09-09T06:00:00+00:00,era5_max_wind,ERA5 10 m maximum,18.66910399471647,False,hourly mean,3
EP112025,Kiko (2025),without_era5,2025-09-09T07:00:00+00:00,era5_max_wind,ERA5 10 m maximum,18.66910399471647,False,hourly mean,3
EP112025,Kiko (2025),without_era5,2025-09-09T08:00:00+00:00,era5_max_wind,ERA5 10 m maximum,18.497284395405735,False,hourly mean,3
EP112025,Kiko (2025),without_era5,2025-09-09T09:00:00+00:00,era5_max_wind,ERA5 10 m maximum,18.325464796095005,False,hourly mean,3
EP112025,Kiko (2025),without_era5,2025-09-09T10:00:00+00:00,era5_max_wind,ERA5 10 m maximum,18.153645196784275,False,hourly mean,3
EP112025,Kiko (2025),without_era5,2025-09-09T11:00:00+00:00,era5_max_wind,ERA5 10 m maximum,18.153645196784275,False,hourly mean,3
EP112025,Kiko (2025),without_era5,2025-09-09T12:00:00+00:00,era5_max_wind,ERA5 10 m maximum,18.153645196784275,False,hourly mean,3
EP112025,Kiko (2025),without_era5,2025-09-09T13:00:00+00:00,era5_max_wind,ERA5 10 m maximum,18.153645196784275,False,hourly mean,3
EP112025,Kiko (2025),without_era5,2025-09-09T14:00:00+00:00,era5_max_wind,ERA5 10 m maximum,17.700038563092324,False,hourly mean,3
EP112025,Kiko (2025),without_era5,2025-09-09T15:00:00+00:00,era5_max_wind,ERA5 10 m maximum,17.24643192940037,False,hourly mean,3
EP112025,Kiko (2025),without_era5,2025-09-09T16:00:00+00:00,era5_max_wind,ERA5 10 m maximum,16.79282529570842,False,hourly mean,3
EP112025,Kiko (2025),without_era5,2025-09-09T17:00:00+00:00,era5_max_wind,ERA5 10 m maximum,16.79282529570842,False,hourly mean,3
EP112025,Kiko (2025),without_era5,2025-09-09T18:00:00+00:00,era5_max_wind,ERA5 10 m maximum,16.79282529570842,False,hourly mean,3
EP112025,Kiko (2025),without_era5,2025-09-09T19:00:00+00:00,era5_max_wind,ERA5 10 m maximum,16.79282529570842,False,hourly mean,3
EP112025,Kiko (2025),without_era5,2025-09-09T20:00:00+00:00,era5_max_wind,ERA5 10 m maximum,16.37948263038081,False,hourly mean,3
EP112025,Kiko (2025),without_era5,2025-09-09T21:00:00+00:00,era5_max_wind,ERA5 10 m maximum,15.966139965053202,False,hourly mean,3
EP112025,Kiko (2025),without_era5,2025-09-09T22:00:00+00:00,era5_max_wind,ERA5 10 m maximum,15.552797299725595,False,hourly mean,3
EP112025,Kiko (2025),without_era5,2025-09-09T23:00:00+00:00,era5_max_wind,ERA5 10 m maximum,15.552797299725595,False,hourly mean,3
EP112025,Kiko (2025),without_era5,2025-09-10T00:00:00+00:00,era5_max_wind,ERA5 10 m maximum,15.552797299725595,False,hourly mean,3
EP112025,Kiko (2025),without_era5,2025-09-10T01:00:00+00:00,era5_max_wind,ERA5 10 m maximum,15.552797299725595,False,hourly mean,3
EP112025,Kiko (2025),without_era5,2025-09-10T02:00:00+00:00,era5_max_wind,ERA5 10 m maximum,15.297605716865467,False,hourly mean,3
EP112025,Kiko (2025),without_era5,2025-09-10T03:00:00+00:00,era5_max_wind,ERA5 10 m maximum,15.042414134005336,False,hourly mean,3
EP112025,Kiko (2025),without_era5,2025-09-10T04:00:00+00:00,era5_max_wind,ERA5 10 m maximum,14.787222551145211,False,hourly mean,3
EP112025,Kiko (2025),without_era5,2025-09-10T05:00:00+00:00,era5_max_wind,ERA5 10 m maximum,14.787222551145211,False,hourly mean,3
EP112025,Kiko (2025),without_era5,2025-09-10T06:00:00+00:00,era5_max_wind,ERA5 10 m maximum,14.787222551145211,False,hourly mean,3
EP112025,Kiko (2025),without_era5,2025-09-10T07:00:00+00:00,era5_max_wind,ERA5 10 m maximum,14.787222551145211,False,hourly mean,3
EP112025,Kiko (2025),without_era5,2025-09-10T08:00:00+00:00,era5_max_wind,ERA5 10 m maximum,14.62461160520432,False,hourly mean,3
EP112025,Kiko (2025),without_era5,2025-09-10T09:00:00+00:00,era5_max_wind,ERA5 10 m maximum,14.469408317990002,False,hourly mean,3
EP112025,Kiko (2025),without_era5,2025-09-10T10:00:00+00:00,era5_max_wind,ERA5 10 m maximum,14.314205030775689,False,hourly mean,3
EP112025,Kiko (2025),without_era5,2025-09-10T11:00:00+00:00,era5_max_wind,ERA5 10 m maximum,14.321612689502265,False,hourly mean,3
EP112025,Kiko (2025),without_era5,2025-09-10T12:00:00+00:00,era5_max_wind,ERA5 10 m maximum,14.321612689502265,False,hourly mean,3
EP112025,Kiko (2025),without_era5,2025-09-10T13:00:00+00:00,era5_max_wind,ERA5 10 m maximum,14.321612689502265,False,hourly mean,3
EP112025,Kiko (2025),without_era5,2025-09-10T14:00:00+00:00,era5_max_wind,ERA5 10 m maximum,14.321612689502265,False,hourly mean,3
EP112025,Kiko (2025),without_era5,2025-09-10T15:00:00+00:00,era5_max_wind,ERA5 10 m maximum,14.321612689502265,False,hourly mean,3
EP112025,Kiko (2025),without_era5,2025-09-10T16:00:00+00:00,era5_max_wind,ERA5 10 m maximum,14.321612689502265,False,hourly mean,3
EP112025,Kiko (2025),without_era5,2025-09-10T17:00:00+00:00,era5_max_wind,ERA5 10 m maximum,14.321612689502265,False,hourly mean,3
EP112025,Kiko (2025),without_era5,2025-09-10T18:00:00+00:00,era5_max_wind,ERA5 10 m maximum,14.321612689502265,False,hourly mean,3
EP112025,Kiko (2025),without_era5,2025-09-10T19:00:00+00:00,era5_max_wind,ERA5 10 m maximum,14.321612689502265,False,hourly mean,3
EP112025,Kiko (2025),without_era5,2025-09-10T20:00:00+00:00,era5_max_wind,ERA5 10 m maximum,14.321612689502265,False,hourly mean,3
EP112025,Kiko (2025),without_era5,2025-09-10T21:00:00+00:00,era5_max_wind,ERA5 10 m maximum,14.321612689502265,False,hourly mean,3
EP112025,Kiko (2025),without_era5,2025-09-10T22:00:00+00:00,era5_max_wind,ERA5 10 m maximum,14.321612689502265,False,hourly mean,3
EP112025,Kiko (2025),without_era5,2025-09-10T23:00:00+00:00,era5_max_wind,ERA5 10 m maximum,14.321612689502265,False,hourly mean,3
EP112025,Kiko (2025),without_era5,2025-08-31T00:00:00+00:00,latent_sar_max_wind_radii,Latent MLP · SAR · wind + radii,33.316642602284745,False,hourly mean,3
EP112025,Kiko (2025),without_era5,2025-08-31T01:00:00+00:00,latent_sar_max_wind_radii,Latent MLP · SAR · wind + radii,30.00441551208496,False,hourly mean,3
EP112025,Kiko (2025),without_era5,2025-08-31T02:00:00+00:00,latent_sar_max_wind_radii,Latent MLP · SAR · wind + radii,25.745416535271534,False,hourly mean,3
EP112025,Kiko (2025),without_era5,2025-08-31T03:00:00+00:00,latent_sar_max_wind_radii,Latent MLP · SAR · wind + radii,24.43444071875678,False,hourly mean,3
EP112025,Kiko (2025),without_era5,2025-08-31T04:00:00+00:00,latent_sar_max_wind_radii,Latent MLP · SAR · wind + radii,26.375852690802684,False,hourly mean,3
EP112025,Kiko (2025),without_era5,2025-08-31T05:00:00+00:00,latent_sar_max_wind_radii,Latent MLP · SAR · wind + radii,27.04707474178738,False,hourly mean,3
EP112025,Kiko (2025),without_era5,2025-08-31T06:00:00+00:00,latent_sar_max_wind_radii,Latent MLP · SAR · wind + radii,28.208723492092556,False,hourly mean,3
EP112025,Kiko (2025),without_era5,2025-08-31T07:00:00+00:00,latent_sar_max_wind_radii,Latent MLP · SAR · wind + radii,26.708001772562664,False,hourly mean,3
EP112025,Kiko (2025),without_era5,2025-08-31T08:00:00+00:00,latent_sar_max_wind_radii,Latent MLP · SAR · wind + radii,25.597243626912434,False,hourly mean,3
EP112025,Kiko (2025),without_era5,2025-08-31T09:00:00+00:00,latent_sar_max_wind_radii,Latent MLP · SAR · wind + radii,23.437653753492565,False,hourly mean,3
EP112025,Kiko (2025),without_era5,2025-08-31T10:00:00+00:00,latent_sar_max_wind_radii,Latent MLP · SAR · wind + radii,22.994932492574055,False,hourly mean,3
EP112025,Kiko (2025),without_era5,2025-08-31T11:00:00+00:00,latent_sar_max_wind_radii,Latent MLP · SAR · wind + radii,23.631440692477756,False,hourly mean,3
EP112025,Kiko (2025),without_era5,2025-08-31T12:00:00+00:00,latent_sar_max_wind_radii,Latent MLP · SAR · wind + radii,24.37935776180691,False,hourly mean,3
EP112025,Kiko (2025),without_era5,2025-08-31T13:00:00+00:00,latent_sar_max_wind_radii,Latent MLP · SAR · wind + radii,24.545830090840656,False,hourly mean,3
EP112025,Kiko (2025),without_era5,2025-08-31T14:00:00+00:00,latent_sar_max_wind_radii,Latent MLP · SAR · wind + radii,26.677442656622997,False,hourly mean,3
EP112025,Kiko (2025),without_era5,2025-08-31T15:00:00+00:00,latent_sar_max_wind_radii,Latent MLP · SAR · wind + radii,27.745308346218536,False,hourly mean,3
EP112025,Kiko (2025),without_era5,2025-08-31T16:00:00+00:00,latent_sar_max_wind_radii,Latent MLP · SAR · wind + radii,28.905090649922688,False,hourly mean,3
EP112025,Kiko (2025),without_era5,2025-08-31T17:00:00+00:00,latent_sar_max_wind_radii,Latent MLP · SAR · wind + radii,29.024009174770782,False,hourly mean,3
EP112025,Kiko (2025),without_era5,2025-08-31T18:00:00+00:00,latent_sar_max_wind_radii,Latent MLP · SAR · wind + radii,29.909594111972385,False,hourly mean,3
EP112025,Kiko (2025),without_era5,2025-08-31T19:00:00+00:00,latent_sar_max_wind_radii,Latent MLP · SAR · wind + radii,35.04126421610514,False,hourly mean,3
EP112025,Kiko (2025),without_era5,2025-08-31T20:00:00+00:00,latent_sar_max_wind_radii,Latent MLP · SAR · wind + radii,36.31778452131484,False,hourly mean,3
EP112025,Kiko (2025),without_era5,2025-08-31T21:00:00+00:00,latent_sar_max_wind_radii,Latent MLP · SAR · wind + radii,37.193080266316734,False,hourly mean,3
EP112025,Kiko (2025),without_era5,2025-08-31T22:00:00+00:00,latent_sar_max_wind_radii,Latent MLP · SAR · wind + radii,34.91304694281684,False,hourly mean,3
EP112025,Kiko (2025),without_era5,2025-08-31T23:00:00+00:00,latent_sar_max_wind_radii,Latent MLP · SAR · wind + radii,35.8110408782959,False,hourly mean,3
EP112025,Kiko (2025),without_era5,2025-09-01T00:00:00+00:00,latent_sar_max_wind_radii,Latent MLP · SAR · wind + radii,35.66472318437365,False,hourly mean,3
EP112025,Kiko (2025),without_era5,2025-09-01T01:00:00+00:00,latent_sar_max_wind_radii,Latent MLP · SAR · wind + radii,32.85550138685438,False,hourly mean,3
EP112025,Kiko (2025),without_era5,2025-09-01T02:00:00+00:00,latent_sar_max_wind_radii,Latent MLP · SAR · wind + radii,29.307117886013458,False,hourly mean,3
EP112025,Kiko (2025),without_era5,2025-09-01T03:00:00+00:00,latent_sar_max_wind_radii,Latent MLP · SAR · wind + radii,26.8046293258667,False,hourly mean,3
EP112025,Kiko (2025),without_era5,2025-09-01T04:00:00+00:00,latent_sar_max_wind_radii,Latent MLP · SAR · wind + radii,26.80942514207628,False,hourly mean,3
EP112025,Kiko (2025),without_era5,2025-09-01T05:00:00+00:00,latent_sar_max_wind_radii,Latent MLP · SAR · wind + radii,27.83134100172255,False,hourly mean,3
EP112025,Kiko (2025),without_era5,2025-09-01T06:00:00+00:00,latent_sar_max_wind_radii,Latent MLP · SAR · wind + radii,30.220155504014755,False,hourly mean,3
EP112025,Kiko (2025),without_era5,2025-09-01T07:00:00+00:00,latent_sar_max_wind_radii,Latent MLP · SAR · wind + radii,32.48146163092719,False,hourly mean,3
EP112025,Kiko (2025),without_era5,2025-09-01T08:00:00+00:00,latent_sar_max_wind_radii,Latent MLP · SAR · wind + radii,31.841512044270832,False,hourly mean,3
EP112025,Kiko (2025),without_era5,2025-09-01T09:00:00+00:00,latent_sar_max_wind_radii,Latent MLP · SAR · wind + radii,31.134361902872723,False,hourly mean,3
EP112025,Kiko (2025),without_era5,2025-09-01T10:00:00+00:00,latent_sar_max_wind_radii,Latent MLP · SAR · wind + radii,31.235173225402832,False,hourly mean,3
EP112025,Kiko (2025),without_era5,2025-09-01T11:00:00+00:00,latent_sar_max_wind_radii,Latent MLP · SAR · wind + radii,34.547856118943955,False,hourly mean,3
EP112025,Kiko (2025),without_era5,2025-09-01T12:00:00+00:00,latent_sar_max_wind_radii,Latent MLP · SAR · wind + radii,36.89957438574897,False,hourly mean,3
EP112025,Kiko (2025),without_era5,2025-09-01T13:00:00+00:00,latent_sar_max_wind_radii,Latent MLP · SAR · wind + radii,39.139516830444336,False,hourly mean,3
EP112025,Kiko (2025),without_era5,2025-09-01T14:00:00+00:00,latent_sar_max_wind_radii,Latent MLP · SAR · wind + radii,39.94194306267632,False,hourly mean,3
EP112025,Kiko (2025),without_era5,2025-09-01T15:00:00+00:00,latent_sar_max_wind_radii,Latent MLP · SAR · wind + radii,43.63715256585015,False,hourly mean,3
EP112025,Kiko (2025),without_era5,2025-09-01T16:00:00+00:00,latent_sar_max_wind_radii,Latent MLP · SAR · wind + radii,42.31638526916504,False,hourly mean,3
EP112025,Kiko (2025),without_era5,2025-09-01T17:00:00+00:00,latent_sar_max_wind_radii,Latent MLP · SAR · wind + radii,41.34928300645617,False,hourly mean,3
EP112025,Kiko (2025),without_era5,2025-09-01T18:00:00+00:00,latent_sar_max_wind_radii,Latent MLP · SAR · wind + radii,38.96349504258898,False,hourly mean,3
EP112025,Kiko (2025),without_era5,2025-09-01T19:00:00+00:00,latent_sar_max_wind_radii,Latent MLP · SAR · wind + radii,40.84634272257487,False,hourly mean,3
EP112025,Kiko (2025),without_era5,2025-09-01T20:00:00+00:00,latent_sar_max_wind_radii,Latent MLP · SAR · wind + radii,40.59675386216906,False,hourly mean,3
EP112025,Kiko (2025),without_era5,2025-09-01T21:00:00+00:00,latent_sar_max_wind_radii,Latent MLP · SAR · wind + radii,37.811355061001244,False,hourly mean,3
EP112025,Kiko (2025),without_era5,2025-09-01T22:00:00+00:00,latent_sar_max_wind_radii,Latent MLP · SAR · wind + radii,38.2247830496894,False,hourly mean,3
EP112025,Kiko (2025),without_era5,2025-09-01T23:00:00+00:00,latent_sar_max_wind_radii,Latent MLP · SAR · wind + radii,39.53254879845513,False,hourly mean,3
EP112025,Kiko (2025),without_era5,2025-09-02T00:00:00+00:00,latent_sar_max_wind_radii,Latent MLP · SAR · wind + radii,41.81467289394802,False,hourly mean,3
EP112025,Kiko (2025),without_era5,2025-09-02T01:00:00+00:00,latent_sar_max_wind_radii,Latent MLP · SAR · wind + radii,39.607763502332894,False,hourly mean,3
EP112025,Kiko (2025),without_era5,2025-09-02T02:00:00+00:00,latent_sar_max_wind_radii,Latent MLP · SAR · wind + radii,35.72329987419976,False,hourly mean,3
EP112025,Kiko (2025),without_era5,2025-09-02T03:00:00+00:00,latent_sar_max_wind_radii,Latent MLP · SAR · wind + radii,31.31496800316705,False,hourly mean,3
EP112025,Kiko (2025),without_era5,2025-09-02T04:00:00+00:00,latent_sar_max_wind_radii,Latent MLP · SAR · wind + radii,30.09665584564209,False,hourly mean,3
EP112025,Kiko (2025),without_era5,2025-09-02T05:00:00+00:00,latent_sar_max_wind_radii,Latent MLP · SAR · wind + radii,33.79738373226589,False,hourly mean,3
EP112025,Kiko (2025),without_era5,2025-09-02T06:00:00+00:00,latent_sar_max_wind_radii,Latent MLP · SAR · wind + radii,38.98460896809896,False,hourly mean,3
EP112025,Kiko (2025),without_era5,2025-09-02T07:00:00+00:00,latent_sar_max_wind_radii,Latent MLP · SAR · wind + radii,40.20335027906629,False,hourly mean,3
EP112025,Kiko (2025),without_era5,2025-09-02T08:00:00+00:00,latent_sar_max_wind_radii,Latent MLP · SAR · wind + radii,39.70168399810791,False,hourly mean,3
EP112025,Kiko (2025),without_era5,2025-09-02T09:00:00+00:00,latent_sar_max_wind_radii,Latent MLP · SAR · wind + radii,42.537826220194496,False,hourly mean,3
EP112025,Kiko (2025),without_era5,2025-09-02T10:00:00+00:00,latent_sar_max_wind_radii,Latent MLP · SAR · wind + radii,48.0596276389228,False,hourly mean,3
EP112025,Kiko (2025),without_era5,2025-09-02T11:00:00+00:00,latent_sar_max_wind_radii,Latent MLP · SAR · wind + radii,54.30167706807455,False,hourly mean,3
EP112025,Kiko (2025),without_era5,2025-09-02T12:00:00+00:00,latent_sar_max_wind_radii,Latent MLP · SAR · wind + radii,53.902253256903755,False,hourly mean,3
EP112025,Kiko (2025),without_era5,2025-09-02T13:00:00+00:00,latent_sar_max_wind_radii,Latent MLP · SAR · wind + radii,52.66325590345594,False,hourly mean,3
EP112025,Kiko (2025),without_era5,2025-09-02T14:00:00+00:00,latent_sar_max_wind_radii,Latent MLP · SAR · wind + radii,49.91809230380588,False,hourly mean,3
EP112025,Kiko (2025),without_era5,2025-09-02T15:00:00+00:00,latent_sar_max_wind_radii,Latent MLP · SAR · wind + radii,50.42392942640516,False,hourly mean,3
EP112025,Kiko (2025),without_era5,2025-09-02T16:00:00+00:00,latent_sar_max_wind_radii,Latent MLP · SAR · wind + radii,51.64124721950955,False,hourly mean,3
EP112025,Kiko (2025),without_era5,2025-09-02T17:00:00+00:00,latent_sar_max_wind_radii,Latent MLP · SAR · wind + radii,51.8467763264974,False,hourly mean,3
EP112025,Kiko (2025),without_era5,2025-09-02T18:00:00+00:00,latent_sar_max_wind_radii,Latent MLP · SAR · wind + radii,51.596078872680664,False,hourly mean,3
EP112025,Kiko (2025),without_era5,2025-09-02T19:00:00+00:00,latent_sar_max_wind_radii,Latent MLP · SAR · wind + radii,51.1004638671875,False,hourly mean,3
EP112025,Kiko (2025),without_era5,2025-09-02T20:00:00+00:00,latent_sar_max_wind_radii,Latent MLP · SAR · wind + radii,51.670431560940216,False,hourly mean,3
EP112025,Kiko (2025),without_era5,2025-09-02T21:00:00+00:00,latent_sar_max_wind_radii,Latent MLP · SAR · wind + radii,51.141398111979164,True,hourly mean,3
EP112025,Kiko (2025),without_era5,2025-09-02T22:00:00+00:00,latent_sar_max_wind_radii,Latent MLP · SAR · wind + radii,47.97500356038412,True,hourly mean,3
EP112025,Kiko (2025),without_era5,2025-09-02T23:00:00+00:00,latent_sar_max_wind_radii,Latent MLP · SAR · wind + radii,46.282269371880425,True,hourly mean,3
EP112025,Kiko (2025),without_era5,2025-09-03T00:00:00+00:00,latent_sar_max_wind_radii,Latent MLP · SAR · wind + radii,48.079143100314674,True,hourly mean,3
EP112025,Kiko (2025),without_era5,2025-09-03T01:00:00+00:00,latent_sar_max_wind_radii,Latent MLP · SAR · wind + radii,52.52524587843153,True,hourly mean,3
EP112025,Kiko (2025),without_era5,2025-09-03T02:00:00+00:00,latent_sar_max_wind_radii,Latent MLP · SAR · wind + radii,57.54821438259549,True,hourly mean,3
EP112025,Kiko (2025),without_era5,2025-09-03T03:00:00+00:00,latent_sar_max_wind_radii,Latent MLP · SAR · wind + radii,57.418274137708885,False,hourly mean,3
EP112025,Kiko (2025),without_era5,2025-09-03T04:00:00+00:00,latent_sar_max_wind_radii,Latent MLP · SAR · wind + radii,55.424371083577476,False,hourly mean,3
EP112025,Kiko (2025),without_era5,2025-09-03T05:00:00+00:00,latent_sar_max_wind_radii,Latent MLP · SAR · wind + radii,50.070992575751404,False,hourly mean,3
EP112025,Kiko (2025),without_era5,2025-09-03T06:00:00+00:00,latent_sar_max_wind_radii,Latent MLP · SAR · wind + radii,48.01771354675293,False,hourly mean,3
EP112025,Kiko (2025),without_era5,2025-09-03T07:00:00+00:00,latent_sar_max_wind_radii,Latent MLP · SAR · wind + radii,49.420800315009224,False,hourly mean,3
EP112025,Kiko (2025),without_era5,2025-09-03T08:00:00+00:00,latent_sar_max_wind_radii,Latent MLP · SAR · wind + radii,54.04146999782986,False,hourly mean,3
EP112025,Kiko (2025),without_era5,2025-09-03T09:00:00+00:00,latent_sar_max_wind_radii,Latent MLP · SAR · wind + radii,55.927272160847984,False,hourly mean,3
EP112025,Kiko (2025),without_era5,2025-09-03T10:00:00+00:00,latent_sar_max_wind_radii,Latent MLP · SAR · wind + radii,57.20955721537272,False,hourly mean,3
EP112025,Kiko (2025),without_era5,2025-09-03T11:00:00+00:00,latent_sar_max_wind_radii,Latent MLP · SAR · wind + radii,57.152158525255,False,hourly mean,3
EP112025,Kiko (2025),without_era5,2025-09-03T12:00:00+00:00,latent_sar_max_wind_radii,Latent MLP · SAR · wind + radii,58.18845452202691,False,hourly mean,3
EP112025,Kiko (2025),without_era5,2025-09-03T13:00:00+00:00,latent_sar_max_wind_radii,Latent MLP · SAR · wind + radii,58.84186024136013,False,hourly mean,3
EP112025,Kiko (2025),without_era5,2025-09-03T14:00:00+00:00,latent_sar_max_wind_radii,Latent MLP · SAR · wind + radii,59.650010426839195,False,hourly mean,3
EP112025,Kiko (2025),without_era5,2025-09-03T15:00:00+00:00,latent_sar_max_wind_radii,Latent MLP · SAR · wind + radii,62.605648040771484,False,hourly mean,3
EP112025,Kiko (2025),without_era5,2025-09-03T16:00:00+00:00,latent_sar_max_wind_radii,Latent MLP · SAR · wind + radii,63.80681143866645,False,hourly mean,3
EP112025,Kiko (2025),without_era5,2025-09-03T17:00:00+00:00,latent_sar_max_wind_radii,Latent MLP · SAR · wind + radii,63.723698298136405,False,hourly mean,3
EP112025,Kiko (2025),without_era5,2025-09-03T18:00:00+00:00,latent_sar_max_wind_radii,Latent MLP · SAR · wind + radii,61.36033799913195,True,hourly mean,3
EP112025,Kiko (2025),without_era5,2025-09-03T19:00:00+00:00,latent_sar_max_wind_radii,Latent MLP · SAR · wind + radii,58.38349893358019,True,hourly mean,3
EP112025,Kiko (2025),without_era5,2025-09-03T20:00:00+00:00,latent_sar_max_wind_radii,Latent MLP · SAR · wind + radii,58.03689320882162,True,hourly mean,3
EP112025,Kiko (2025),without_era5,2025-09-03T21:00:00+00:00,latent_sar_max_wind_radii,Latent MLP · SAR · wind + radii,59.32256529066297,True,hourly mean,3
EP112025,Kiko (2025),without_era5,2025-09-03T22:00:00+00:00,latent_sar_max_wind_radii,Latent MLP · SAR · wind + radii,62.537615034315316,True,hourly mean,3
EP112025,Kiko (2025),without_era5,2025-09-03T23:00:00+00:00,latent_sar_max_wind_radii,Latent MLP · SAR · wind + radii,64.16286383734808,True,hourly mean,3
EP112025,Kiko (2025),without_era5,2025-09-04T00:00:00+00:00,latent_sar_max_wind_radii,Latent MLP · SAR · wind + radii,64.71101273430719,True,hourly mean,3
EP112025,Kiko (2025),without_era5,2025-09-04T01:00:00+00:00,latent_sar_max_wind_radii,Latent MLP · SAR · wind + radii,63.708164427015525,True,hourly mean,3
EP112025,Kiko (2025),without_era5,2025-09-04T02:00:00+00:00,latent_sar_max_wind_radii,Latent MLP · SAR · wind + radii,61.9686099158393,True,hourly mean,3
EP112025,Kiko (2025),without_era5,2025-09-04T03:00:00+00:00,latent_sar_max_wind_radii,Latent MLP · SAR · wind + radii,60.92729504903158,True,hourly mean,3
EP112025,Kiko (2025),without_era5,2025-09-04T04:00:00+00:00,latent_sar_max_wind_radii,Latent MLP · SAR · wind + radii,59.37576484680176,True,hourly mean,3
EP112025,Kiko (2025),without_era5,2025-09-04T05:00:00+00:00,latent_sar_max_wind_radii,Latent MLP · SAR · wind + radii,57.041181564331055,True,hourly mean,3
EP112025,Kiko (2025),without_era5,2025-09-04T06:00:00+00:00,latent_sar_max_wind_radii,Latent MLP · SAR · wind + radii,55.75422011481391,True,hourly mean,3
EP112025,Kiko (2025),without_era5,2025-09-04T07:00:00+00:00,latent_sar_max_wind_radii,Latent MLP · SAR · wind + radii,54.94739214579264,True,hourly mean,3
EP112025,Kiko (2025),without_era5,2025-09-04T08:00:00+00:00,latent_sar_max_wind_radii,Latent MLP · SAR · wind + radii,56.03438059488932,True,hourly mean,3
EP112025,Kiko (2025),without_era5,2025-09-04T09:00:00+00:00,latent_sar_max_wind_radii,Latent MLP · SAR · wind + radii,55.53067143758138,False,hourly mean,3
EP112025,Kiko (2025),without_era5,2025-09-04T10:00:00+00:00,latent_sar_max_wind_radii,Latent MLP · SAR · wind + radii,56.36444261338976,False,hourly mean,3
EP112025,Kiko (2025),without_era5,2025-09-04T11:00:00+00:00,latent_sar_max_wind_radii,Latent MLP · SAR · wind + radii,57.46273146735297,False,hourly mean,3
EP112025,Kiko (2025),without_era5,2025-09-04T12:00:00+00:00,latent_sar_max_wind_radii,Latent MLP · SAR · wind + radii,58.605133056640625,False,hourly mean,3
EP112025,Kiko (2025),without_era5,2025-09-04T13:00:00+00:00,latent_sar_max_wind_radii,Latent MLP · SAR · wind + radii,60.56061469184027,False,hourly mean,3
EP112025,Kiko (2025),without_era5,2025-09-04T14:00:00+00:00,latent_sar_max_wind_radii,Latent MLP · SAR · wind + radii,61.02898703681098,False,hourly mean,3
EP112025,Kiko (2025),without_era5,2025-09-04T15:00:00+00:00,latent_sar_max_wind_radii,Latent MLP · SAR · wind + radii,60.00610330369738,False,hourly mean,3
EP112025,Kiko (2025),without_era5,2025-09-04T16:00:00+00:00,latent_sar_max_wind_radii,Latent MLP · SAR · wind + radii,57.42074648539225,False,hourly mean,3
EP112025,Kiko (2025),without_era5,2025-09-04T17:00:00+00:00,latent_sar_max_wind_radii,Latent MLP · SAR · wind + radii,53.219906383090546,False,hourly mean,3
EP112025,Kiko (2025),without_era5,2025-09-04T18:00:00+00:00,latent_sar_max_wind_radii,Latent MLP · SAR · wind + radii,52.194814152187774,False,hourly mean,3
EP112025,Kiko (2025),without_era5,2025-09-04T19:00:00+00:00,latent_sar_max_wind_radii,Latent MLP · SAR · wind + radii,52.68146885765924,False,hourly mean,3
EP112025,Kiko (2025),without_era5,2025-09-04T20:00:00+00:00,latent_sar_max_wind_radii,Latent MLP · SAR · wind + radii,57.10522037082249,False,hourly mean,3
EP112025,Kiko (2025),without_era5,2025-09-04T21:00:00+00:00,latent_sar_max_wind_radii,Latent MLP · SAR · wind + radii,57.81526417202419,False,hourly mean,3
EP112025,Kiko (2025),without_era5,2025-09-04T22:00:00+00:00,latent_sar_max_wind_radii,Latent MLP · SAR · wind + radii,58.06364483303494,False,hourly mean,3
EP112025,Kiko (2025),without_era5,2025-09-04T23:00:00+00:00,latent_sar_max_wind_radii,Latent MLP · SAR · wind + radii,54.51944308810764,False,hourly mean,3
EP112025,Kiko (2025),without_era5,2025-09-05T00:00:00+00:00,latent_sar_max_wind_radii,Latent MLP · SAR · wind + radii,50.458916346232094,False,hourly mean,3
EP112025,Kiko (2025),without_era5,2025-09-05T01:00:00+00:00,latent_sar_max_wind_radii,Latent MLP · SAR · wind + radii,46.19237603081597,False,hourly mean,3
EP112025,Kiko (2025),without_era5,2025-09-05T02:00:00+00:00,latent_sar_max_wind_radii,Latent MLP · SAR · wind + radii,44.87893104553223,False,hourly mean,3
EP112025,Kiko (2025),without_era5,2025-09-05T03:00:00+00:00,latent_sar_max_wind_radii,Latent MLP · SAR · wind + radii,45.085526360405815,False,hourly mean,3
EP112025,Kiko (2025),without_era5,2025-09-05T04:00:00+00:00,latent_sar_max_wind_radii,Latent MLP · SAR · wind + radii,47.015746434529625,False,hourly mean,3
EP112025,Kiko (2025),without_era5,2025-09-05T05:00:00+00:00,latent_sar_max_wind_radii,Latent MLP · SAR · wind + radii,48.096815321180564,False,hourly mean,3
EP112025,Kiko (2025),without_era5,2025-09-05T06:00:00+00:00,latent_sar_max_wind_radii,Latent MLP · SAR · wind + radii,46.46024990081787,False,hourly mean,3
EP112025,Kiko (2025),without_era5,2025-09-05T07:00:00+00:00,latent_sar_max_wind_radii,Latent MLP · SAR · wind + radii,46.28593688540988,False,hourly mean,3
EP112025,Kiko (2025),without_era5,2025-09-05T08:00:00+00:00,latent_sar_max_wind_radii,Latent MLP · SAR · wind + radii,44.327843030293785,False,hourly mean,3
EP112025,Kiko (2025),without_era5,2025-09-05T09:00:00+00:00,latent_sar_max_wind_radii,Latent MLP · SAR · wind + radii,48.17959891425238,False,hourly mean,3
EP112025,Kiko (2025),without_era5,2025-09-05T10:00:00+00:00,latent_sar_max_wind_radii,Latent MLP · SAR · wind + radii,45.773022969563804,False,hourly mean,3
EP112025,Kiko (2025),without_era5,2025-09-05T11:00:00+00:00,latent_sar_max_wind_radii,Latent MLP · SAR · wind + radii,45.49398507012261,False,hourly mean,3
EP112025,Kiko (2025),without_era5,2025-09-05T12:00:00+00:00,latent_sar_max_wind_radii,Latent MLP · SAR · wind + radii,45.77374860975478,False,hourly mean,3
EP112025,Kiko (2025),without_era5,2025-09-05T13:00:00+00:00,latent_sar_max_wind_radii,Latent MLP · SAR · wind + radii,50.45353211296929,False,hourly mean,3
EP112025,Kiko (2025),without_era5,2025-09-05T14:00:00+00:00,latent_sar_max_wind_radii,Latent MLP · SAR · wind + radii,53.31066131591797,False,hourly mean,3
EP112025,Kiko (2025),without_era5,2025-09-05T15:00:00+00:00,latent_sar_max_wind_radii,Latent MLP · SAR · wind + radii,54.41390609741211,False,hourly mean,3
EP112025,Kiko (2025),without_era5,2025-09-05T16:00:00+00:00,latent_sar_max_wind_radii,Latent MLP · SAR · wind + radii,53.560432857937286,False,hourly mean,3
EP112025,Kiko (2025),without_era5,2025-09-05T17:00:00+00:00,latent_sar_max_wind_radii,Latent MLP · SAR · wind + radii,55.829731411404076,False,hourly mean,3
EP112025,Kiko (2025),without_era5,2025-09-05T18:00:00+00:00,latent_sar_max_wind_radii,Latent MLP · SAR · wind + radii,58.80652703179254,False,hourly mean,3
EP112025,Kiko (2025),without_era5,2025-09-05T19:00:00+00:00,latent_sar_max_wind_radii,Latent MLP · SAR · wind + radii,60.25934600830078,False,hourly mean,3
EP112025,Kiko (2025),without_era5,2025-09-05T20:00:00+00:00,latent_sar_max_wind_radii,Latent MLP · SAR · wind + radii,60.945562998453774,False,hourly mean,3
EP112025,Kiko (2025),without_era5,2025-09-05T21:00:00+00:00,latent_sar_max_wind_radii,Latent MLP · SAR · wind + radii,60.65578036838107,False,hourly mean,3
EP112025,Kiko (2025),without_era5,2025-09-05T22:00:00+00:00,latent_sar_max_wind_radii,Latent MLP · SAR · wind + radii,62.158037185668945,False,hourly mean,3
EP112025,Kiko (2025),without_era5,2025-09-05T23:00:00+00:00,latent_sar_max_wind_radii,Latent MLP · SAR · wind + radii,61.72833718193902,False,hourly mean,3
EP112025,Kiko (2025),without_era5,2025-09-06T00:00:00+00:00,latent_sar_max_wind_radii,Latent MLP · SAR · wind + radii,62.176469590928825,False,hourly mean,3
EP112025,Kiko (2025),without_era5,2025-09-06T01:00:00+00:00,latent_sar_max_wind_radii,Latent MLP · SAR · wind + radii,61.48557069566515,False,hourly mean,3
EP112025,Kiko (2025),without_era5,2025-09-06T02:00:00+00:00,latent_sar_max_wind_radii,Latent MLP · SAR · wind + radii,62.50281079610189,False,hourly mean,3
EP112025,Kiko (2025),without_era5,2025-09-06T03:00:00+00:00,latent_sar_max_wind_radii,Latent MLP · SAR · wind + radii,62.74388631184896,False,hourly mean,3
EP112025,Kiko (2025),without_era5,2025-09-06T04:00:00+00:00,latent_sar_max_wind_radii,Latent MLP · SAR · wind + radii,64.43001090155707,False,hourly mean,3
EP112025,Kiko (2025),without_era5,2025-09-06T05:00:00+00:00,latent_sar_max_wind_radii,Latent MLP · SAR · wind + radii,64.93787956237793,False,hourly mean,3
EP112025,Kiko (2025),without_era5,2025-09-06T06:00:00+00:00,latent_sar_max_wind_radii,Latent MLP · SAR · wind + radii,65.21088812086317,False,hourly mean,3
EP112025,Kiko (2025),without_era5,2025-09-06T07:00:00+00:00,latent_sar_max_wind_radii,Latent MLP · SAR · wind + radii,64.29560724894206,False,hourly mean,3
EP112025,Kiko (2025),without_era5,2025-09-06T08:00:00+00:00,latent_sar_max_wind_radii,Latent MLP · SAR · wind + radii,63.80971082051594,False,hourly mean,3
EP112025,Kiko (2025),without_era5,2025-09-06T09:00:00+00:00,latent_sar_max_wind_radii,Latent MLP · SAR · wind + radii,62.64069023132324,False,hourly mean,3
EP112025,Kiko (2025),without_era5,2025-09-06T10:00:00+00:00,latent_sar_max_wind_radii,Latent MLP · SAR · wind + radii,61.0431352827284,False,hourly mean,3
EP112025,Kiko (2025),without_era5,2025-09-06T11:00:00+00:00,latent_sar_max_wind_radii,Latent MLP · SAR · wind + radii,59.49482786390516,False,hourly mean,3
EP112025,Kiko (2025),without_era5,2025-09-06T12:00:00+00:00,latent_sar_max_wind_radii,Latent MLP · SAR · wind + radii,56.41150961981879,False,hourly mean,3
EP112025,Kiko (2025),without_era5,2025-09-06T13:00:00+00:00,latent_sar_max_wind_radii,Latent MLP · SAR · wind + radii,54.659913804796,False,hourly mean,3
EP112025,Kiko (2025),without_era5,2025-09-06T14:00:00+00:00,latent_sar_max_wind_radii,Latent MLP · SAR · wind + radii,54.54131740993923,False,hourly mean,3
EP112025,Kiko (2025),without_era5,2025-09-06T15:00:00+00:00,latent_sar_max_wind_radii,Latent MLP · SAR · wind + radii,56.717765384250214,False,hourly mean,3
EP112025,Kiko (2025),without_era5,2025-09-06T16:00:00+00:00,latent_sar_max_wind_radii,Latent MLP · SAR · wind + radii,57.84224510192871,False,hourly mean,3
EP112025,Kiko (2025),without_era5,2025-09-06T17:00:00+00:00,latent_sar_max_wind_radii,Latent MLP · SAR · wind + radii,56.66395505269369,False,hourly mean,3
EP112025,Kiko (2025),without_era5,2025-09-06T18:00:00+00:00,latent_sar_max_wind_radii,Latent MLP · SAR · wind + radii,56.6090210808648,False,hourly mean,3
EP112025,Kiko (2025),without_era5,2025-09-06T19:00:00+00:00,latent_sar_max_wind_radii,Latent MLP · SAR · wind + radii,57.40183046129014,False,hourly mean,3
EP112025,Kiko (2025),without_era5,2025-09-06T20:00:00+00:00,latent_sar_max_wind_radii,Latent MLP · SAR · wind + radii,59.20973820156521,False,hourly mean,3
EP112025,Kiko (2025),without_era5,2025-09-06T21:00:00+00:00,latent_sar_max_wind_radii,Latent MLP · SAR · wind + radii,59.88986375596787,False,hourly mean,3
EP112025,Kiko (2025),without_era5,2025-09-06T22:00:00+00:00,latent_sar_max_wind_radii,Latent MLP · SAR · wind + radii,60.55048200819227,False,hourly mean,3
EP112025,Kiko (2025),without_era5,2025-09-06T23:00:00+00:00,latent_sar_max_wind_radii,Latent MLP · SAR · wind + radii,61.48606448703342,False,hourly mean,3
EP112025,Kiko (2025),without_era5,2025-09-07T00:00:00+00:00,latent_sar_max_wind_radii,Latent MLP · SAR · wind + radii,62.531452602810326,False,hourly mean,3
EP112025,Kiko (2025),without_era5,2025-09-07T01:00:00+00:00,latent_sar_max_wind_radii,Latent MLP · SAR · wind + radii,63.54726833767361,False,hourly mean,3
EP112025,Kiko (2025),without_era5,2025-09-07T02:00:00+00:00,latent_sar_max_wind_radii,Latent MLP · SAR · wind + radii,64.53401777479384,False,hourly mean,3
EP112025,Kiko (2025),without_era5,2025-09-07T03:00:00+00:00,latent_sar_max_wind_radii,Latent MLP · SAR · wind + radii,65.50211758083766,False,hourly mean,3
EP112025,Kiko (2025),without_era5,2025-09-07T04:00:00+00:00,latent_sar_max_wind_radii,Latent MLP · SAR · wind + radii,66.45915010240343,False,hourly mean,3
EP112025,Kiko (2025),without_era5,2025-09-07T05:00:00+00:00,latent_sar_max_wind_radii,Latent MLP · SAR · wind + radii,67.09575483534071,False,hourly mean,3
EP112025,Kiko (2025),without_era5,2025-09-07T06:00:00+00:00,latent_sar_max_wind_radii,Latent MLP · SAR · wind + radii,66.19676335652669,False,hourly mean,3
EP112025,Kiko (2025),without_era5,2025-09-07T07:00:00+00:00,latent_sar_max_wind_radii,Latent MLP · SAR · wind + radii,65.09645228915745,False,hourly mean,3
EP112025,Kiko (2025),without_era5,2025-09-07T08:00:00+00:00,latent_sar_max_wind_radii,Latent MLP · SAR · wind + radii,61.803734037611214,False,hourly mean,3
EP112025,Kiko (2025),without_era5,2025-09-07T09:00:00+00:00,latent_sar_max_wind_radii,Latent MLP · SAR · wind + radii,58.81132570902506,False,hourly mean,3
EP112025,Kiko (2025),without_era5,2025-09-07T10:00:00+00:00,latent_sar_max_wind_radii,Latent MLP · SAR · wind + radii,57.374521255493164,False,hourly mean,3
EP112025,Kiko (2025),without_era5,2025-09-07T11:00:00+00:00,latent_sar_max_wind_radii,Latent MLP · SAR · wind + radii,56.9199964735243,False,hourly mean,3
EP112025,Kiko (2025),without_era5,2025-09-07T12:00:00+00:00,latent_sar_max_wind_radii,Latent MLP · SAR · wind + radii,57.71545261806912,False,hourly mean,3
EP112025,Kiko (2025),without_era5,2025-09-07T13:00:00+00:00,latent_sar_max_wind_radii,Latent MLP · SAR · wind + radii,58.20832930670844,False,hourly mean,3
EP112025,Kiko (2025),without_era5,2025-09-07T14:00:00+00:00,latent_sar_max_wind_radii,Latent MLP · SAR · wind + radii,57.54795985751682,False,hourly mean,3
EP112025,Kiko (2025),without_era5,2025-09-07T15:00:00+00:00,latent_sar_max_wind_radii,Latent MLP · SAR · wind + radii,54.31831826104058,False,hourly mean,3
EP112025,Kiko (2025),without_era5,2025-09-07T16:00:00+00:00,latent_sar_max_wind_radii,Latent MLP · SAR · wind + radii,50.112355338202576,False,hourly mean,3
EP112025,Kiko (2025),without_era5,2025-09-07T17:00:00+00:00,latent_sar_max_wind_radii,Latent MLP · SAR · wind + radii,48.78540145026313,False,hourly mean,3
EP112025,Kiko (2025),without_era5,2025-09-07T18:00:00+00:00,latent_sar_max_wind_radii,Latent MLP · SAR · wind + radii,49.86736763848199,False,hourly mean,3
EP112025,Kiko (2025),without_era5,2025-09-07T19:00:00+00:00,latent_sar_max_wind_radii,Latent MLP · SAR · wind + radii,51.142533196343315,False,hourly mean,3
EP112025,Kiko (2025),without_era5,2025-09-07T20:00:00+00:00,latent_sar_max_wind_radii,Latent MLP · SAR · wind + radii,51.08888308207194,False,hourly mean,3
EP112025,Kiko (2025),without_era5,2025-09-07T21:00:00+00:00,latent_sar_max_wind_radii,Latent MLP · SAR · wind + radii,51.08840794033474,False,hourly mean,3
EP112025,Kiko (2025),without_era5,2025-09-07T22:00:00+00:00,latent_sar_max_wind_radii,Latent MLP · SAR · wind + radii,52.40833176506891,False,hourly mean,3
EP112025,Kiko (2025),without_era5,2025-09-07T23:00:00+00:00,latent_sar_max_wind_radii,Latent MLP · SAR · wind + radii,53.70065498352051,False,hourly mean,3
EP112025,Kiko (2025),without_era5,2025-09-08T00:00:00+00:00,latent_sar_max_wind_radii,Latent MLP · SAR · wind + radii,53.61524475945367,False,hourly mean,3
EP112025,Kiko (2025),without_era5,2025-09-08T01:00:00+00:00,latent_sar_max_wind_radii,Latent MLP · SAR · wind + radii,51.56313175625271,False,hourly mean,3
EP112025,Kiko (2025),without_era5,2025-09-08T02:00:00+00:00,latent_sar_max_wind_radii,Latent MLP · SAR · wind + radii,47.72666401333279,False,hourly mean,3
EP112025,Kiko (2025),without_era5,2025-09-08T03:00:00+00:00,latent_sar_max_wind_radii,Latent MLP · SAR · wind + radii,42.7053550084432,False,hourly mean,3
EP112025,Kiko (2025),without_era5,2025-09-08T04:00:00+00:00,latent_sar_max_wind_radii,Latent MLP · SAR · wind + radii,35.039699978298614,False,hourly mean,3
EP112025,Kiko (2025),without_era5,2025-09-08T05:00:00+00:00,latent_sar_max_wind_radii,Latent MLP · SAR · wind + radii,30.18313439687093,False,hourly mean,3
EP112025,Kiko (2025),without_era5,2025-09-08T06:00:00+00:00,latent_sar_max_wind_radii,Latent MLP · SAR · wind + radii,27.755001386006672,False,hourly mean,3
EP112025,Kiko (2025),without_era5,2025-09-08T07:00:00+00:00,latent_sar_max_wind_radii,Latent MLP · SAR · wind + radii,27.12135399712457,False,hourly mean,3
EP112025,Kiko (2025),without_era5,2025-09-08T08:00:00+00:00,latent_sar_max_wind_radii,Latent MLP · SAR · wind + radii,26.469898753696015,False,hourly mean,3
EP112025,Kiko (2025),without_era5,2025-09-08T09:00:00+00:00,latent_sar_max_wind_radii,Latent MLP · SAR · wind + radii,25.0160395304362,False,hourly mean,3
EP112025,Kiko (2025),without_era5,2025-09-08T10:00:00+00:00,latent_sar_max_wind_radii,Latent MLP · SAR · wind + radii,25.537084685431584,False,hourly mean,3
EP112025,Kiko (2025),without_era5,2025-09-08T11:00:00+00:00,latent_sar_max_wind_radii,Latent MLP · SAR · wind + radii,26.299038781060116,False,hourly mean,3
EP112025,Kiko (2025),without_era5,2025-09-08T12:00:00+00:00,latent_sar_max_wind_radii,Latent MLP · SAR · wind + radii,28.339327812194824,False,hourly mean,3
EP112025,Kiko (2025),without_era5,2025-09-08T13:00:00+00:00,latent_sar_max_wind_radii,Latent MLP · SAR · wind + radii,29.484187232123478,False,hourly mean,3
EP112025,Kiko (2025),without_era5,2025-09-08T14:00:00+00:00,latent_sar_max_wind_radii,Latent MLP · SAR · wind + radii,31.32333109113905,False,hourly mean,3
EP112025,Kiko (2025),without_era5,2025-09-08T15:00:00+00:00,latent_sar_max_wind_radii,Latent MLP · SAR · wind + radii,33.10028372870551,False,hourly mean,3
EP112025,Kiko (2025),without_era5,2025-09-08T16:00:00+00:00,latent_sar_max_wind_radii,Latent MLP · SAR · wind + radii,35.19697994656033,False,hourly mean,3
EP112025,Kiko (2025),without_era5,2025-09-08T17:00:00+00:00,latent_sar_max_wind_radii,Latent MLP · SAR · wind + radii,35.17902607387966,False,hourly mean,3
EP112025,Kiko (2025),without_era5,2025-09-08T18:00:00+00:00,latent_sar_max_wind_radii,Latent MLP · SAR · wind + radii,33.93908723195394,False,hourly mean,3
EP112025,Kiko (2025),without_era5,2025-09-08T19:00:00+00:00,latent_sar_max_wind_radii,Latent MLP · SAR · wind + radii,33.81492307451036,False,hourly mean,3
EP112025,Kiko (2025),without_era5,2025-09-08T20:00:00+00:00,latent_sar_max_wind_radii,Latent MLP · SAR · wind + radii,36.00375906626383,False,hourly mean,3
EP112025,Kiko (2025),without_era5,2025-09-08T21:00:00+00:00,latent_sar_max_wind_radii,Latent MLP · SAR · wind + radii,39.458770751953125,False,hourly mean,3
EP112025,Kiko (2025),without_era5,2025-09-08T22:00:00+00:00,latent_sar_max_wind_radii,Latent MLP · SAR · wind + radii,42.33362536960178,False,hourly mean,3
EP112025,Kiko (2025),without_era5,2025-09-08T23:00:00+00:00,latent_sar_max_wind_radii,Latent MLP · SAR · wind + radii,41.67393345303006,False,hourly mean,3
EP112025,Kiko (2025),without_era5,2025-09-09T00:00:00+00:00,latent_sar_max_wind_radii,Latent MLP · SAR · wind + radii,37.551308419969345,False,hourly mean,3
EP112025,Kiko (2025),without_era5,2025-09-09T01:00:00+00:00,latent_sar_max_wind_radii,Latent MLP · SAR · wind + radii,30.43694845835368,False,hourly mean,3
EP112025,Kiko (2025),without_era5,2025-09-09T02:00:00+00:00,latent_sar_max_wind_radii,Latent MLP · SAR · wind + radii,25.212018754747177,False,hourly mean,3
EP112025,Kiko (2025),without_era5,2025-09-09T03:00:00+00:00,latent_sar_max_wind_radii,Latent MLP · SAR · wind + radii,22.746988614400227,False,hourly mean,3
EP112025,Kiko (2025),without_era5,2025-09-09T04:00:00+00:00,latent_sar_max_wind_radii,Latent MLP · SAR · wind + radii,22.58854823642307,False,hourly mean,3
EP112025,Kiko (2025),without_era5,2025-09-09T05:00:00+00:00,latent_sar_max_wind_radii,Latent MLP · SAR · wind + radii,22.829175737169056,False,hourly mean,3
EP112025,Kiko (2025),without_era5,2025-09-09T06:00:00+00:00,latent_sar_max_wind_radii,Latent MLP · SAR · wind + radii,23.222659428914387,False,hourly mean,3
EP112025,Kiko (2025),without_era5,2025-09-09T07:00:00+00:00,latent_sar_max_wind_radii,Latent MLP · SAR · wind + radii,24.34671857621935,False,hourly mean,3
EP112025,Kiko (2025),without_era5,2025-09-09T08:00:00+00:00,latent_sar_max_wind_radii,Latent MLP · SAR · wind + radii,24.74917729695638,False,hourly mean,3
EP112025,Kiko (2025),without_era5,2025-09-09T09:00:00+00:00,latent_sar_max_wind_radii,Latent MLP · SAR · wind + radii,25.081329133775498,False,hourly mean,3
EP112025,Kiko (2025),without_era5,2025-09-09T10:00:00+00:00,latent_sar_max_wind_radii,Latent MLP · SAR · wind + radii,24.57115650177002,False,hourly mean,3
EP112025,Kiko (2025),without_era5,2025-09-09T11:00:00+00:00,latent_sar_max_wind_radii,Latent MLP · SAR · wind + radii,24.451146973503963,False,hourly mean,3
EP112025,Kiko (2025),without_era5,2025-09-09T12:00:00+00:00,latent_sar_max_wind_radii,Latent MLP · SAR · wind + radii,24.18072764078776,False,hourly mean,3
EP112025,Kiko (2025),without_era5,2025-09-09T13:00:00+00:00,latent_sar_max_wind_radii,Latent MLP · SAR · wind + radii,23.855657895406086,False,hourly mean,3
EP112025,Kiko (2025),without_era5,2025-09-09T14:00:00+00:00,latent_sar_max_wind_radii,Latent MLP · SAR · wind + radii,23.54179424709744,False,hourly mean,3
EP112025,Kiko (2025),without_era5,2025-09-09T15:00:00+00:00,latent_sar_max_wind_radii,Latent MLP · SAR · wind + radii,23.087400966220432,False,hourly mean,3
EP112025,Kiko (2025),without_era5,2025-09-09T16:00:00+00:00,latent_sar_max_wind_radii,Latent MLP · SAR · wind + radii,22.53884071773953,False,hourly mean,3
EP112025,Kiko (2025),without_era5,2025-09-09T17:00:00+00:00,latent_sar_max_wind_radii,Latent MLP · SAR · wind + radii,22.06330744425456,False,hourly mean,3
EP112025,Kiko (2025),without_era5,2025-09-09T18:00:00+00:00,latent_sar_max_wind_radii,Latent MLP · SAR · wind + radii,21.65553368462456,False,hourly mean,3
EP112025,Kiko (2025),without_era5,2025-09-09T19:00:00+00:00,latent_sar_max_wind_radii,Latent MLP · SAR · wind + radii,21.333069165547688,False,hourly mean,3
EP112025,Kiko (2025),without_era5,2025-09-09T20:00:00+00:00,latent_sar_max_wind_radii,Latent MLP · SAR · wind + radii,20.825616306728786,False,hourly mean,3
EP112025,Kiko (2025),without_era5,2025-09-09T21:00:00+00:00,latent_sar_max_wind_radii,Latent MLP · SAR · wind + radii,20.645018365648056,False,hourly mean,3
EP112025,Kiko (2025),without_era5,2025-09-09T22:00:00+00:00,latent_sar_max_wind_radii,Latent MLP · SAR · wind + radii,20.708744155036076,False,hourly mean,3
EP112025,Kiko (2025),without_era5,2025-09-09T23:00:00+00:00,latent_sar_max_wind_radii,Latent MLP · SAR · wind + radii,21.483292049831814,False,hourly mean,3
EP112025,Kiko (2025),without_era5,2025-09-10T00:00:00+00:00,latent_sar_max_wind_radii,Latent MLP · SAR · wind + radii,22.247490353054474,False,hourly mean,3
EP112025,Kiko (2025),without_era5,2025-09-10T01:00:00+00:00,latent_sar_max_wind_radii,Latent MLP · SAR · wind + radii,22.759544796413845,False,hourly mean,3
EP112025,Kiko (2025),without_era5,2025-09-10T02:00:00+00:00,latent_sar_max_wind_radii,Latent MLP · SAR · wind + radii,22.326707628038196,False,hourly mean,3
EP112025,Kiko (2025),without_era5,2025-09-10T03:00:00+00:00,latent_sar_max_wind_radii,Latent MLP · SAR · wind + radii,21.869600084092884,False,hourly mean,3
EP112025,Kiko (2025),without_era5,2025-09-10T04:00:00+00:00,latent_sar_max_wind_radii,Latent MLP · SAR · wind + radii,21.80166869693332,False,hourly mean,3
EP112025,Kiko (2025),without_era5,2025-09-10T05:00:00+00:00,latent_sar_max_wind_radii,Latent MLP · SAR · wind + radii,22.37101851569282,False,hourly mean,3
EP112025,Kiko (2025),without_era5,2025-09-10T06:00:00+00:00,latent_sar_max_wind_radii,Latent MLP · SAR · wind + radii,23.091416147020126,False,hourly mean,3
EP112025,Kiko (2025),without_era5,2025-09-10T07:00:00+00:00,latent_sar_max_wind_radii,Latent MLP · SAR · wind + radii,23.701194869147404,False,hourly mean,3
EP112025,Kiko (2025),without_era5,2025-09-10T08:00:00+00:00,latent_sar_max_wind_radii,Latent MLP · SAR · wind + radii,24.271390808953175,False,hourly mean,3
EP112025,Kiko (2025),without_era5,2025-09-10T09:00:00+00:00,latent_sar_max_wind_radii,Latent MLP · SAR · wind + radii,24.675758573744034,False,hourly mean,3
EP112025,Kiko (2025),without_era5,2025-09-10T10:00:00+00:00,latent_sar_max_wind_radii,Latent MLP · SAR · wind + radii,24.916062990824383,False,hourly mean,3
EP112025,Kiko (2025),without_era5,2025-09-10T11:00:00+00:00,latent_sar_max_wind_radii,Latent MLP · SAR · wind + radii,24.87934515211317,False,hourly mean,3
EP112025,Kiko (2025),without_era5,2025-09-10T12:00:00+00:00,latent_sar_max_wind_radii,Latent MLP · SAR · wind + radii,24.60299788581001,False,hourly mean,3
EP112025,Kiko (2025),without_era5,2025-09-10T13:00:00+00:00,latent_sar_max_wind_radii,Latent MLP · SAR · wind + radii,24.205032136705185,False,hourly mean,3
EP112025,Kiko (2025),without_era5,2025-09-10T14:00:00+00:00,latent_sar_max_wind_radii,Latent MLP · SAR · wind + radii,23.85629399617513,False,hourly mean,3
EP112025,Kiko (2025),without_era5,2025-09-10T15:00:00+00:00,latent_sar_max_wind_radii,Latent MLP · SAR · wind + radii,23.57913663652208,False,hourly mean,3
EP112025,Kiko (2025),without_era5,2025-09-10T16:00:00+00:00,latent_sar_max_wind_radii,Latent MLP · SAR · wind + radii,23.396562894185383,False,hourly mean,3
EP112025,Kiko (2025),without_era5,2025-09-10T17:00:00+00:00,latent_sar_max_wind_radii,Latent MLP · SAR · wind + radii,23.161405987209744,False,hourly mean,3
EP112025,Kiko (2025),without_era5,2025-09-10T18:00:00+00:00,latent_sar_max_wind_radii,Latent MLP · SAR · wind + radii,22.874050458272297,False,hourly mean,3
EP112025,Kiko (2025),without_era5,2025-09-10T19:00:00+00:00,latent_sar_max_wind_radii,Latent MLP · SAR · wind + radii,22.61658000946045,False,hourly mean,3
EP112025,Kiko (2025),without_era5,2025-09-10T20:00:00+00:00,latent_sar_max_wind_radii,Latent MLP · SAR · wind + radii,22.88804308573405,False,hourly mean,3
EP112025,Kiko (2025),without_era5,2025-09-10T21:00:00+00:00,latent_sar_max_wind_radii,Latent MLP · SAR · wind + radii,24.049301995171444,False,hourly mean,3
EP112025,Kiko (2025),without_era5,2025-09-10T22:00:00+00:00,latent_sar_max_wind_radii,Latent MLP · SAR · wind + radii,24.891379886203342,False,hourly mean,3
EP112025,Kiko (2025),without_era5,2025-09-10T23:00:00+00:00,latent_sar_max_wind_radii,Latent MLP · SAR · wind + radii,25.496327241261802,False,hourly mean,3
EP112025,Kiko (2025),without_era5,2025-08-31T00:00:00+00:00,latent_no_sar_max_wind_radii,Latent MLP · no SAR · wind + radii,23.9828732808431,False,hourly mean,3
EP112025,Kiko (2025),without_era5,2025-08-31T01:00:00+00:00,latent_no_sar_max_wind_radii,Latent MLP · no SAR · wind + radii,23.719406233893505,False,hourly mean,3
EP112025,Kiko (2025),without_era5,2025-08-31T02:00:00+00:00,latent_no_sar_max_wind_radii,Latent MLP · no SAR · wind + radii,23.25966623094347,False,hourly mean,3
EP112025,Kiko (2025),without_era5,2025-08-31T03:00:00+00:00,latent_no_sar_max_wind_radii,Latent MLP · no SAR · wind + radii,23.323340309990773,False,hourly mean,3
EP112025,Kiko (2025),without_era5,2025-08-31T04:00:00+00:00,latent_no_sar_max_wind_radii,Latent MLP · no SAR · wind + radii,22.862359152899845,False,hourly mean,3
EP112025,Kiko (2025),without_era5,2025-08-31T05:00:00+00:00,latent_no_sar_max_wind_radii,Latent MLP · no SAR · wind + radii,22.53466373019748,False,hourly mean,3
EP112025,Kiko (2025),without_era5,2025-08-31T06:00:00+00:00,latent_no_sar_max_wind_radii,Latent MLP · no SAR · wind + radii,21.902720239427353,False,hourly mean,3
EP112025,Kiko (2025),without_era5,2025-08-31T07:00:00+00:00,latent_no_sar_max_wind_radii,Latent MLP · no SAR · wind + radii,22.46684371100532,False,hourly mean,3
EP112025,Kiko (2025),without_era5,2025-08-31T08:00:00+00:00,latent_no_sar_max_wind_radii,Latent MLP · no SAR · wind + radii,22.951488071017796,False,hourly mean,3
EP112025,Kiko (2025),without_era5,2025-08-31T09:00:00+00:00,latent_no_sar_max_wind_radii,Latent MLP · no SAR · wind + radii,23.918039427863224,False,hourly mean,3
EP112025,Kiko (2025),without_era5,2025-08-31T10:00:00+00:00,latent_no_sar_max_wind_radii,Latent MLP · no SAR · wind + radii,24.59987693362766,False,hourly mean,3
EP112025,Kiko (2025),without_era5,2025-08-31T11:00:00+00:00,latent_no_sar_max_wind_radii,Latent MLP · no SAR · wind + radii,25.34252760145399,False,hourly mean,3
EP112025,Kiko (2025),without_era5,2025-08-31T12:00:00+00:00,latent_no_sar_max_wind_radii,Latent MLP · no SAR · wind + radii,24.721916516621906,False,hourly mean,3
EP112025,Kiko (2025),without_era5,2025-08-31T13:00:00+00:00,latent_no_sar_max_wind_radii,Latent MLP · no SAR · wind + radii,23.59587001800537,False,hourly mean,3
EP112025,Kiko (2025),without_era5,2025-08-31T14:00:00+00:00,latent_no_sar_max_wind_radii,Latent MLP · no SAR · wind + radii,22.938479741414387,False,hourly mean,3
EP112025,Kiko (2025),without_era5,2025-08-31T15:00:00+00:00,latent_no_sar_max_wind_radii,Latent MLP · no SAR · wind + radii,24.647202915615505,False,hourly mean,3
EP112025,Kiko (2025),without_era5,2025-08-31T16:00:00+00:00,latent_no_sar_max_wind_radii,Latent MLP · no SAR · wind + radii,27.12378936343723,False,hourly mean,3
EP112025,Kiko (2025),without_era5,2025-08-31T17:00:00+00:00,latent_no_sar_max_wind_radii,Latent MLP · no SAR · wind + radii,29.6059144337972,False,hourly mean,3
EP112025,Kiko (2025),without_era5,2025-08-31T18:00:00+00:00,latent_no_sar_max_wind_radii,Latent MLP · no SAR · wind + radii,29.8042918311225,False,hourly mean,3
EP112025,Kiko (2025),without_era5,2025-08-31T19:00:00+00:00,latent_no_sar_max_wind_radii,Latent MLP · no SAR · wind + radii,29.735536257425945,False,hourly mean,3
EP112025,Kiko (2025),without_era5,2025-08-31T20:00:00+00:00,latent_no_sar_max_wind_radii,Latent MLP · no SAR · wind + radii,30.872998661465115,False,hourly mean,3
EP112025,Kiko (2025),without_era5,2025-08-31T21:00:00+00:00,latent_no_sar_max_wind_radii,Latent MLP · no SAR · wind + radii,32.56285423702664,False,hourly mean,3
EP112025,Kiko (2025),without_era5,2025-08-31T22:00:00+00:00,latent_no_sar_max_wind_radii,Latent MLP · no SAR · wind + radii,34.458292643229164,False,hourly mean,3
EP112025,Kiko (2025),without_era5,2025-08-31T23:00:00+00:00,latent_no_sar_max_wind_radii,Latent MLP · no SAR · wind + radii,33.8707694583469,False,hourly mean,3
EP112025,Kiko (2025),without_era5,2025-09-01T00:00:00+00:00,latent_no_sar_max_wind_radii,Latent MLP · no SAR · wind + radii,33.834888203938796,False,hourly mean,3
EP112025,Kiko (2025),without_era5,2025-09-01T01:00:00+00:00,latent_no_sar_max_wind_radii,Latent MLP · no SAR · wind + radii,33.80953551398383,False,hourly mean,3
EP112025,Kiko (2025),without_era5,2025-09-01T02:00:00+00:00,latent_no_sar_max_wind_radii,Latent MLP · no SAR · wind + radii,33.580056296454536,False,hourly mean,3
EP112025,Kiko (2025),without_era5,2025-09-01T03:00:00+00:00,latent_no_sar_max_wind_radii,Latent MLP · no SAR · wind + radii,32.29509035746256,False,hourly mean,3
EP112025,Kiko (2025),without_era5,2025-09-01T04:00:00+00:00,latent_no_sar_max_wind_radii,Latent MLP · no SAR · wind + radii,31.829772631327312,False,hourly mean,3
EP112025,Kiko (2025),without_era5,2025-09-01T05:00:00+00:00,latent_no_sar_max_wind_radii,Latent MLP · no SAR · wind + radii,37.32182810041639,False,hourly mean,3
EP112025,Kiko (2025),without_era5,2025-09-01T06:00:00+00:00,latent_no_sar_max_wind_radii,Latent MLP · no SAR · wind + radii,43.2569727367825,False,hourly mean,3
EP112025,Kiko (2025),without_era5,2025-09-01T07:00:00+00:00,latent_no_sar_max_wind_radii,Latent MLP · no SAR · wind + radii,46.269466400146484,False,hourly mean,3
EP112025,Kiko (2025),without_era5,2025-09-01T08:00:00+00:00,latent_no_sar_max_wind_radii,Latent MLP · no SAR · wind + radii,44.75731658935547,False,hourly mean,3
EP112025,Kiko (2025),without_era5,2025-09-01T09:00:00+00:00,latent_no_sar_max_wind_radii,Latent MLP · no SAR · wind + radii,43.29517894321018,False,hourly mean,3
EP112025,Kiko (2025),without_era5,2025-09-01T10:00:00+00:00,latent_no_sar_max_wind_radii,Latent MLP · no SAR · wind + radii,45.033759646945526,False,hourly mean,3
EP112025,Kiko (2025),without_era5,2025-09-01T11:00:00+00:00,latent_no_sar_max_wind_radii,Latent MLP · no SAR · wind + radii,46.204848819308815,False,hourly mean,3
EP112025,Kiko (2025),without_era5,2025-09-01T12:00:00+00:00,latent_no_sar_max_wind_radii,Latent MLP · no SAR · wind + radii,46.16580157809787,False,hourly mean,3
EP112025,Kiko (2025),without_era5,2025-09-01T13:00:00+00:00,latent_no_sar_max_wind_radii,Latent MLP · no SAR · wind + radii,43.258048799302834,False,hourly mean,3
EP112025,Kiko (2025),without_era5,2025-09-01T14:00:00+00:00,latent_no_sar_max_wind_radii,Latent MLP · no SAR · wind + radii,39.28222974141439,False,hourly mean,3
EP112025,Kiko (2025),without_era5,2025-09-01T15:00:00+00:00,latent_no_sar_max_wind_radii,Latent MLP · no SAR · wind + radii,38.409636815389,False,hourly mean,3
EP112025,Kiko (2025),without_era5,2025-09-01T16:00:00+00:00,latent_no_sar_max_wind_radii,Latent MLP · no SAR · wind + radii,36.382689476013184,False,hourly mean,3
EP112025,Kiko (2025),without_era5,2025-09-01T17:00:00+00:00,latent_no_sar_max_wind_radii,Latent MLP · no SAR · wind + radii,34.200599352518715,False,hourly mean,3
EP112025,Kiko (2025),without_era5,2025-09-01T18:00:00+00:00,latent_no_sar_max_wind_radii,Latent MLP · no SAR · wind + radii,32.428105460272896,False,hourly mean,3
EP112025,Kiko (2025),without_era5,2025-09-01T19:00:00+00:00,latent_no_sar_max_wind_radii,Latent MLP · no SAR · wind + radii,34.732493824428985,False,hourly mean,3
EP112025,Kiko (2025),without_era5,2025-09-01T20:00:00+00:00,latent_no_sar_max_wind_radii,Latent MLP · no SAR · wind + radii,37.23264768388537,False,hourly mean,3
EP112025,Kiko (2025),without_era5,2025-09-01T21:00:00+00:00,latent_no_sar_max_wind_radii,Latent MLP · no SAR · wind + radii,36.31328921847874,False,hourly mean,3
EP112025,Kiko (2025),without_era5,2025-09-01T22:00:00+00:00,latent_no_sar_max_wind_radii,Latent MLP · no SAR · wind + radii,34.8737350040012,False,hourly mean,3
EP112025,Kiko (2025),without_era5,2025-09-01T23:00:00+00:00,latent_no_sar_max_wind_radii,Latent MLP · no SAR · wind + radii,36.30588701036242,False,hourly mean,3
EP112025,Kiko (2025),without_era5,2025-09-02T00:00:00+00:00,latent_no_sar_max_wind_radii,Latent MLP · no SAR · wind + radii,38.504558139377174,False,hourly mean,3
EP112025,Kiko (2025),without_era5,2025-09-02T01:00:00+00:00,latent_no_sar_max_wind_radii,Latent MLP · no SAR · wind + radii,38.1492608388265,False,hourly mean,3
EP112025,Kiko (2025),without_era5,2025-09-02T02:00:00+00:00,latent_no_sar_max_wind_radii,Latent MLP · no SAR · wind + radii,35.848185221354164,False,hourly mean,3
EP112025,Kiko (2025),without_era5,2025-09-02T03:00:00+00:00,latent_no_sar_max_wind_radii,Latent MLP · no SAR · wind + radii,36.13845952351888,False,hourly mean,3
EP112025,Kiko (2025),without_era5,2025-09-02T04:00:00+00:00,latent_no_sar_max_wind_radii,Latent MLP · no SAR · wind + radii,36.74353853861491,False,hourly mean,3
EP112025,Kiko (2025),without_era5,2025-09-02T05:00:00+00:00,latent_no_sar_max_wind_radii,Latent MLP · no SAR · wind + radii,38.18389956156413,False,hourly mean,3
EP112025,Kiko (2025),without_era5,2025-09-02T06:00:00+00:00,latent_no_sar_max_wind_radii,Latent MLP · no SAR · wind + radii,36.78697893354629,False,hourly mean,3
EP112025,Kiko (2025),without_era5,2025-09-02T07:00:00+00:00,latent_no_sar_max_wind_radii,Latent MLP · no SAR · wind + radii,36.01524490780301,False,hourly mean,3
EP112025,Kiko (2025),without_era5,2025-09-02T08:00:00+00:00,latent_no_sar_max_wind_radii,Latent MLP · no SAR · wind + radii,35.64578024546306,False,hourly mean,3
EP112025,Kiko (2025),without_era5,2025-09-02T09:00:00+00:00,latent_no_sar_max_wind_radii,Latent MLP · no SAR · wind + radii,35.96642812093099,False,hourly mean,3
EP112025,Kiko (2025),without_era5,2025-09-02T10:00:00+00:00,latent_no_sar_max_wind_radii,Latent MLP · no SAR · wind + radii,37.41834916008843,False,hourly mean,3
EP112025,Kiko (2025),without_era5,2025-09-02T11:00:00+00:00,latent_no_sar_max_wind_radii,Latent MLP · no SAR · wind + radii,37.94703631930881,False,hourly mean,3
EP112025,Kiko (2025),without_era5,2025-09-02T12:00:00+00:00,latent_no_sar_max_wind_radii,Latent MLP · no SAR · wind + radii,41.382490158081055,False,hourly mean,3
EP112025,Kiko (2025),without_era5,2025-09-02T13:00:00+00:00,latent_no_sar_max_wind_radii,Latent MLP · no SAR · wind + radii,42.70971361796061,False,hourly mean,3
EP112025,Kiko (2025),without_era5,2025-09-02T14:00:00+00:00,latent_no_sar_max_wind_radii,Latent MLP · no SAR · wind + radii,46.919349458482536,False,hourly mean,3
EP112025,Kiko (2025),without_era5,2025-09-02T15:00:00+00:00,latent_no_sar_max_wind_radii,Latent MLP · no SAR · wind + radii,48.45721308390299,False,hourly mean,3
EP112025,Kiko (2025),without_era5,2025-09-02T16:00:00+00:00,latent_no_sar_max_wind_radii,Latent MLP · no SAR · wind + radii,49.633061514960396,False,hourly mean,3
EP112025,Kiko (2025),without_era5,2025-09-02T17:00:00+00:00,latent_no_sar_max_wind_radii,Latent MLP · no SAR · wind + radii,48.414516660902244,False,hourly mean,3
EP112025,Kiko (2025),without_era5,2025-09-02T18:00:00+00:00,latent_no_sar_max_wind_radii,Latent MLP · no SAR · wind + radii,47.04365539550781,False,hourly mean,3
EP112025,Kiko (2025),without_era5,2025-09-02T19:00:00+00:00,latent_no_sar_max_wind_radii,Latent MLP · no SAR · wind + radii,48.317209455702034,False,hourly mean,3
EP112025,Kiko (2025),without_era5,2025-09-02T20:00:00+00:00,latent_no_sar_max_wind_radii,Latent MLP · no SAR · wind + radii,47.14692412482368,False,hourly mean,3
EP112025,Kiko (2025),without_era5,2025-09-02T21:00:00+00:00,latent_no_sar_max_wind_radii,Latent MLP · no SAR · wind + radii,43.9328498840332,True,hourly mean,3
EP112025,Kiko (2025),without_era5,2025-09-02T22:00:00+00:00,latent_no_sar_max_wind_radii,Latent MLP · no SAR · wind + radii,41.2231010860867,True,hourly mean,3
EP112025,Kiko (2025),without_era5,2025-09-02T23:00:00+00:00,latent_no_sar_max_wind_radii,Latent MLP · no SAR · wind + radii,41.81303426954482,True,hourly mean,3
EP112025,Kiko (2025),without_era5,2025-09-03T00:00:00+00:00,latent_no_sar_max_wind_radii,Latent MLP · no SAR · wind + radii,47.228665033976235,True,hourly mean,3
EP112025,Kiko (2025),without_era5,2025-09-03T01:00:00+00:00,latent_no_sar_max_wind_radii,Latent MLP · no SAR · wind + radii,50.387541241116,True,hourly mean,3
EP112025,Kiko (2025),without_era5,2025-09-03T02:00:00+00:00,latent_no_sar_max_wind_radii,Latent MLP · no SAR · wind + radii,52.9661808013916,True,hourly mean,3
EP112025,Kiko (2025),without_era5,2025-09-03T03:00:00+00:00,latent_no_sar_max_wind_radii,Latent MLP · no SAR · wind + radii,50.54759364657932,False,hourly mean,3
EP112025,Kiko (2025),without_era5,2025-09-03T04:00:00+00:00,latent_no_sar_max_wind_radii,Latent MLP · no SAR · wind + radii,47.83641793992785,False,hourly mean,3
EP112025,Kiko (2025),without_era5,2025-09-03T05:00:00+00:00,latent_no_sar_max_wind_radii,Latent MLP · no SAR · wind + radii,45.674460093180336,False,hourly mean,3
EP112025,Kiko (2025),without_era5,2025-09-03T06:00:00+00:00,latent_no_sar_max_wind_radii,Latent MLP · no SAR · wind + radii,45.08219061957465,False,hourly mean,3
EP112025,Kiko (2025),without_era5,2025-09-03T07:00:00+00:00,latent_no_sar_max_wind_radii,Latent MLP · no SAR · wind + radii,43.28114128112793,False,hourly mean,3
EP112025,Kiko (2025),without_era5,2025-09-03T08:00:00+00:00,latent_no_sar_max_wind_radii,Latent MLP · no SAR · wind + radii,43.68872515360514,False,hourly mean,3
EP112025,Kiko (2025),without_era5,2025-09-03T09:00:00+00:00,latent_no_sar_max_wind_radii,Latent MLP · no SAR · wind + radii,45.98320960998535,False,hourly mean,3
EP112025,Kiko (2025),without_era5,2025-09-03T10:00:00+00:00,latent_no_sar_max_wind_radii,Latent MLP · no SAR · wind + radii,50.737086613972984,False,hourly mean,3
EP112025,Kiko (2025),without_era5,2025-09-03T11:00:00+00:00,latent_no_sar_max_wind_radii,Latent MLP · no SAR · wind + radii,54.04741923014323,False,hourly mean,3
EP112025,Kiko (2025),without_era5,2025-09-03T12:00:00+00:00,latent_no_sar_max_wind_radii,Latent MLP · no SAR · wind + radii,56.51345740424262,False,hourly mean,3
EP112025,Kiko (2025),without_era5,2025-09-03T13:00:00+00:00,latent_no_sar_max_wind_radii,Latent MLP · no SAR · wind + radii,58.40471331278483,False,hourly mean,3
EP112025,Kiko (2025),without_era5,2025-09-03T14:00:00+00:00,latent_no_sar_max_wind_radii,Latent MLP · no SAR · wind + radii,57.52506192525228,False,hourly mean,3
EP112025,Kiko (2025),without_era5,2025-09-03T15:00:00+00:00,latent_no_sar_max_wind_radii,Latent MLP · no SAR · wind + radii,59.00274976094564,False,hourly mean,3
EP112025,Kiko (2025),without_era5,2025-09-03T16:00:00+00:00,latent_no_sar_max_wind_radii,Latent MLP · no SAR · wind + radii,60.50872124565972,False,hourly mean,3
EP112025,Kiko (2025),without_era5,2025-09-03T17:00:00+00:00,latent_no_sar_max_wind_radii,Latent MLP · no SAR · wind + radii,61.5715217590332,False,hourly mean,3
EP112025,Kiko (2025),without_era5,2025-09-03T18:00:00+00:00,latent_no_sar_max_wind_radii,Latent MLP · no SAR · wind + radii,59.079616758558494,True,hourly mean,3
EP112025,Kiko (2025),without_era5,2025-09-03T19:00:00+00:00,latent_no_sar_max_wind_radii,Latent MLP · no SAR · wind + radii,57.03198051452637,True,hourly mean,3
EP112025,Kiko (2025),without_era5,2025-09-03T20:00:00+00:00,latent_no_sar_max_wind_radii,Latent MLP · no SAR · wind + radii,56.82700983683268,True,hourly mean,3
EP112025,Kiko (2025),without_era5,2025-09-03T21:00:00+00:00,latent_no_sar_max_wind_radii,Latent MLP · no SAR · wind + radii,58.84013345506457,True,hourly mean,3
EP112025,Kiko (2025),without_era5,2025-09-03T22:00:00+00:00,latent_no_sar_max_wind_radii,Latent MLP · no SAR · wind + radii,61.59869681464301,True,hourly mean,3
EP112025,Kiko (2025),without_era5,2025-09-03T23:00:00+00:00,latent_no_sar_max_wind_radii,Latent MLP · no SAR · wind + radii,62.703596115112305,True,hourly mean,3
EP112025,Kiko (2025),without_era5,2025-09-04T00:00:00+00:00,latent_no_sar_max_wind_radii,Latent MLP · no SAR · wind + radii,60.78160264756945,True,hourly mean,3
EP112025,Kiko (2025),without_era5,2025-09-04T01:00:00+00:00,latent_no_sar_max_wind_radii,Latent MLP · no SAR · wind + radii,58.09161673651801,True,hourly mean,3
EP112025,Kiko (2025),without_era5,2025-09-04T02:00:00+00:00,latent_no_sar_max_wind_radii,Latent MLP · no SAR · wind + radii,55.915985743204764,True,hourly mean,3
EP112025,Kiko (2025),without_era5,2025-09-04T03:00:00+00:00,latent_no_sar_max_wind_radii,Latent MLP · no SAR · wind + radii,55.38852373758953,True,hourly mean,3
EP112025,Kiko (2025),without_era5,2025-09-04T04:00:00+00:00,latent_no_sar_max_wind_radii,Latent MLP · no SAR · wind + radii,50.87644343905979,True,hourly mean,3
EP112025,Kiko (2025),without_era5,2025-09-04T05:00:00+00:00,latent_no_sar_max_wind_radii,Latent MLP · no SAR · wind + radii,48.28406482272678,True,hourly mean,3
EP112025,Kiko (2025),without_era5,2025-09-04T06:00:00+00:00,latent_no_sar_max_wind_radii,Latent MLP · no SAR · wind + radii,43.895742204454216,True,hourly mean,3
EP112025,Kiko (2025),without_era5,2025-09-04T07:00:00+00:00,latent_no_sar_max_wind_radii,Latent MLP · no SAR · wind + radii,45.297925313313804,True,hourly mean,3
EP112025,Kiko (2025),without_era5,2025-09-04T08:00:00+00:00,latent_no_sar_max_wind_radii,Latent MLP · no SAR · wind + radii,43.904724544949005,True,hourly mean,3
EP112025,Kiko (2025),without_era5,2025-09-04T09:00:00+00:00,latent_no_sar_max_wind_radii,Latent MLP · no SAR · wind + radii,45.739271799723305,False,hourly mean,3
EP112025,Kiko (2025),without_era5,2025-09-04T10:00:00+00:00,latent_no_sar_max_wind_radii,Latent MLP · no SAR · wind + radii,47.34794553120931,False,hourly mean,3
EP112025,Kiko (2025),without_era5,2025-09-04T11:00:00+00:00,latent_no_sar_max_wind_radii,Latent MLP · no SAR · wind + radii,53.22336175706652,False,hourly mean,3
EP112025,Kiko (2025),without_era5,2025-09-04T12:00:00+00:00,latent_no_sar_max_wind_radii,Latent MLP · no SAR · wind + radii,57.77778540717231,False,hourly mean,3
EP112025,Kiko (2025),without_era5,2025-09-04T13:00:00+00:00,latent_no_sar_max_wind_radii,Latent MLP · no SAR · wind + radii,61.354013442993164,False,hourly mean,3
EP112025,Kiko (2025),without_era5,2025-09-04T14:00:00+00:00,latent_no_sar_max_wind_radii,Latent MLP · no SAR · wind + radii,61.38360171847874,False,hourly mean,3
EP112025,Kiko (2025),without_era5,2025-09-04T15:00:00+00:00,latent_no_sar_max_wind_radii,Latent MLP · no SAR · wind + radii,59.84111489189996,False,hourly mean,3
EP112025,Kiko (2025),without_era5,2025-09-04T16:00:00+00:00,latent_no_sar_max_wind_radii,Latent MLP · no SAR · wind + radii,58.09948200649686,False,hourly mean,3
EP112025,Kiko (2025),without_era5,2025-09-04T17:00:00+00:00,latent_no_sar_max_wind_radii,Latent MLP · no SAR · wind + radii,53.534017456902404,False,hourly mean,3
EP112025,Kiko (2025),without_era5,2025-09-04T18:00:00+00:00,latent_no_sar_max_wind_radii,Latent MLP · no SAR · wind + radii,53.854607582092285,False,hourly mean,3
EP112025,Kiko (2025),without_era5,2025-09-04T19:00:00+00:00,latent_no_sar_max_wind_radii,Latent MLP · no SAR · wind + radii,54.288345230950256,False,hourly mean,3
EP112025,Kiko (2025),without_era5,2025-09-04T20:00:00+00:00,latent_no_sar_max_wind_radii,Latent MLP · no SAR · wind + radii,58.761248694525825,False,hourly mean,3
EP112025,Kiko (2025),without_era5,2025-09-04T21:00:00+00:00,latent_no_sar_max_wind_radii,Latent MLP · no SAR · wind + radii,57.85460493299697,False,hourly mean,3
EP112025,Kiko (2025),without_era5,2025-09-04T22:00:00+00:00,latent_no_sar_max_wind_radii,Latent MLP · no SAR · wind + radii,57.66840849982369,False,hourly mean,3
EP112025,Kiko (2025),without_era5,2025-09-04T23:00:00+00:00,latent_no_sar_max_wind_radii,Latent MLP · no SAR · wind + radii,56.8693339029948,False,hourly mean,3
EP112025,Kiko (2025),without_era5,2025-09-05T00:00:00+00:00,latent_no_sar_max_wind_radii,Latent MLP · no SAR · wind + radii,55.96583196851943,False,hourly mean,3
EP112025,Kiko (2025),without_era5,2025-09-05T01:00:00+00:00,latent_no_sar_max_wind_radii,Latent MLP · no SAR · wind + radii,53.86052873399523,False,hourly mean,3
EP112025,Kiko (2025),without_era5,2025-09-05T02:00:00+00:00,latent_no_sar_max_wind_radii,Latent MLP · no SAR · wind + radii,51.204005135430236,False,hourly mean,3
EP112025,Kiko (2025),without_era5,2025-09-05T03:00:00+00:00,latent_no_sar_max_wind_radii,Latent MLP · no SAR · wind + radii,50.189613342285156,False,hourly mean,3
EP112025,Kiko (2025),without_era5,2025-09-05T04:00:00+00:00,latent_no_sar_max_wind_radii,Latent MLP · no SAR · wind + radii,48.597660912407775,False,hourly mean,3
EP112025,Kiko (2025),without_era5,2025-09-05T05:00:00+00:00,latent_no_sar_max_wind_radii,Latent MLP · no SAR · wind + radii,49.75408469306098,False,hourly mean,3
EP112025,Kiko (2025),without_era5,2025-09-05T06:00:00+00:00,latent_no_sar_max_wind_radii,Latent MLP · no SAR · wind + radii,47.717855665418845,False,hourly mean,3
EP112025,Kiko (2025),without_era5,2025-09-05T07:00:00+00:00,latent_no_sar_max_wind_radii,Latent MLP · no SAR · wind + radii,44.66974555121528,False,hourly mean,3
EP112025,Kiko (2025),without_era5,2025-09-05T08:00:00+00:00,latent_no_sar_max_wind_radii,Latent MLP · no SAR · wind + radii,40.999108208550346,False,hourly mean,3
EP112025,Kiko (2025),without_era5,2025-09-05T09:00:00+00:00,latent_no_sar_max_wind_radii,Latent MLP · no SAR · wind + radii,42.94931750827366,False,hourly mean,3
EP112025,Kiko (2025),without_era5,2025-09-05T10:00:00+00:00,latent_no_sar_max_wind_radii,Latent MLP · no SAR · wind + radii,41.69193617502848,False,hourly mean,3
EP112025,Kiko (2025),without_era5,2025-09-05T11:00:00+00:00,latent_no_sar_max_wind_radii,Latent MLP · no SAR · wind + radii,39.56624179416233,False,hourly mean,3
EP112025,Kiko (2025),without_era5,2025-09-05T12:00:00+00:00,latent_no_sar_max_wind_radii,Latent MLP · no SAR · wind + radii,37.53887939453126,False,hourly mean,3
EP112025,Kiko (2025),without_era5,2025-09-05T13:00:00+00:00,latent_no_sar_max_wind_radii,Latent MLP · no SAR · wind + radii,44.774400605095764,False,hourly mean,3
EP112025,Kiko (2025),without_era5,2025-09-05T14:00:00+00:00,latent_no_sar_max_wind_radii,Latent MLP · no SAR · wind + radii,51.13736131456164,False,hourly mean,3
EP112025,Kiko (2025),without_era5,2025-09-05T15:00:00+00:00,latent_no_sar_max_wind_radii,Latent MLP · no SAR · wind + radii,54.613304138183594,False,hourly mean,3
EP112025,Kiko (2025),without_era5,2025-09-05T16:00:00+00:00,latent_no_sar_max_wind_radii,Latent MLP · no SAR · wind + radii,54.450741661919494,False,hourly mean,3
EP112025,Kiko (2025),without_era5,2025-09-05T17:00:00+00:00,latent_no_sar_max_wind_radii,Latent MLP · no SAR · wind + radii,53.65851253933377,False,hourly mean,3
EP112025,Kiko (2025),without_era5,2025-09-05T18:00:00+00:00,latent_no_sar_max_wind_radii,Latent MLP · no SAR · wind + radii,54.781119240654846,False,hourly mean,3
EP112025,Kiko (2025),without_era5,2025-09-05T19:00:00+00:00,latent_no_sar_max_wind_radii,Latent MLP · no SAR · wind + radii,56.03370751274957,False,hourly mean,3
EP112025,Kiko (2025),without_era5,2025-09-05T20:00:00+00:00,latent_no_sar_max_wind_radii,Latent MLP · no SAR · wind + radii,58.44273885091146,False,hourly mean,3
EP112025,Kiko (2025),without_era5,2025-09-05T21:00:00+00:00,latent_no_sar_max_wind_radii,Latent MLP · no SAR · wind + radii,58.89789157443577,False,hourly mean,3
EP112025,Kiko (2025),without_era5,2025-09-05T22:00:00+00:00,latent_no_sar_max_wind_radii,Latent MLP · no SAR · wind + radii,59.12862014770508,False,hourly mean,3
EP112025,Kiko (2025),without_era5,2025-09-05T23:00:00+00:00,latent_no_sar_max_wind_radii,Latent MLP · no SAR · wind + radii,57.89637968275283,False,hourly mean,3
EP112025,Kiko (2025),without_era5,2025-09-06T00:00:00+00:00,latent_no_sar_max_wind_radii,Latent MLP · no SAR · wind + radii,58.54886457655166,False,hourly mean,3
EP112025,Kiko (2025),without_era5,2025-09-06T01:00:00+00:00,latent_no_sar_max_wind_radii,Latent MLP · no SAR · wind + radii,57.175899293687614,False,hourly mean,3
EP112025,Kiko (2025),without_era5,2025-09-06T02:00:00+00:00,latent_no_sar_max_wind_radii,Latent MLP · no SAR · wind + radii,57.26587295532227,False,hourly mean,3
EP112025,Kiko (2025),without_era5,2025-09-06T03:00:00+00:00,latent_no_sar_max_wind_radii,Latent MLP · no SAR · wind + radii,56.50748337639703,False,hourly mean,3
EP112025,Kiko (2025),without_era5,2025-09-06T04:00:00+00:00,latent_no_sar_max_wind_radii,Latent MLP · no SAR · wind + radii,58.122701856825095,False,hourly mean,3
EP112025,Kiko (2025),without_era5,2025-09-06T05:00:00+00:00,latent_no_sar_max_wind_radii,Latent MLP · no SAR · wind + radii,57.61295127868652,False,hourly mean,3
EP112025,Kiko (2025),without_era5,2025-09-06T06:00:00+00:00,latent_no_sar_max_wind_radii,Latent MLP · no SAR · wind + radii,57.75777138604059,False,hourly mean,3
EP112025,Kiko (2025),without_era5,2025-09-06T07:00:00+00:00,latent_no_sar_max_wind_radii,Latent MLP · no SAR · wind + radii,56.055369271172424,False,hourly mean,3
EP112025,Kiko (2025),without_era5,2025-09-06T08:00:00+00:00,latent_no_sar_max_wind_radii,Latent MLP · no SAR · wind + radii,55.131668514675574,False,hourly mean,3
EP112025,Kiko (2025),without_era5,2025-09-06T09:00:00+00:00,latent_no_sar_max_wind_radii,Latent MLP · no SAR · wind + radii,53.00549091762968,False,hourly mean,3
EP112025,Kiko (2025),without_era5,2025-09-06T10:00:00+00:00,latent_no_sar_max_wind_radii,Latent MLP · no SAR · wind + radii,51.40460510253907,False,hourly mean,3
EP112025,Kiko (2025),without_era5,2025-09-06T11:00:00+00:00,latent_no_sar_max_wind_radii,Latent MLP · no SAR · wind + radii,48.651689826117625,False,hourly mean,3
EP112025,Kiko (2025),without_era5,2025-09-06T12:00:00+00:00,latent_no_sar_max_wind_radii,Latent MLP · no SAR · wind + radii,46.43736902872721,False,hourly mean,3
EP112025,Kiko (2025),without_era5,2025-09-06T13:00:00+00:00,latent_no_sar_max_wind_radii,Latent MLP · no SAR · wind + radii,45.42677964104547,False,hourly mean,3
EP112025,Kiko (2025),without_era5,2025-09-06T14:00:00+00:00,latent_no_sar_max_wind_radii,Latent MLP · no SAR · wind + radii,47.77629788716635,False,hourly mean,3
EP112025,Kiko (2025),without_era5,2025-09-06T15:00:00+00:00,latent_no_sar_max_wind_radii,Latent MLP · no SAR · wind + radii,50.99086358812121,False,hourly mean,3
EP112025,Kiko (2025),without_era5,2025-09-06T16:00:00+00:00,latent_no_sar_max_wind_radii,Latent MLP · no SAR · wind + radii,52.78341144985623,False,hourly mean,3
EP112025,Kiko (2025),without_era5,2025-09-06T17:00:00+00:00,latent_no_sar_max_wind_radii,Latent MLP · no SAR · wind + radii,54.16175821092394,False,hourly mean,3
EP112025,Kiko (2025),without_era5,2025-09-06T18:00:00+00:00,latent_no_sar_max_wind_radii,Latent MLP · no SAR · wind + radii,56.27377510070801,False,hourly mean,3
EP112025,Kiko (2025),without_era5,2025-09-06T19:00:00+00:00,latent_no_sar_max_wind_radii,Latent MLP · no SAR · wind + radii,59.84724977281359,False,hourly mean,3
EP112025,Kiko (2025),without_era5,2025-09-06T20:00:00+00:00,latent_no_sar_max_wind_radii,Latent MLP · no SAR · wind + radii,62.606519063313804,False,hourly mean,3
EP112025,Kiko (2025),without_era5,2025-09-06T21:00:00+00:00,latent_no_sar_max_wind_radii,Latent MLP · no SAR · wind + radii,64.50286822848851,False,hourly mean,3
EP112025,Kiko (2025),without_era5,2025-09-06T22:00:00+00:00,latent_no_sar_max_wind_radii,Latent MLP · no SAR · wind + radii,64.84525108337402,False,hourly mean,3
EP112025,Kiko (2025),without_era5,2025-09-06T23:00:00+00:00,latent_no_sar_max_wind_radii,Latent MLP · no SAR · wind + radii,63.97419060601129,False,hourly mean,3
EP112025,Kiko (2025),without_era5,2025-09-07T00:00:00+00:00,latent_no_sar_max_wind_radii,Latent MLP · no SAR · wind + radii,60.88122198316787,False,hourly mean,3
EP112025,Kiko (2025),without_era5,2025-09-07T01:00:00+00:00,latent_no_sar_max_wind_radii,Latent MLP · no SAR · wind + radii,58.530772103203674,False,hourly mean,3
EP112025,Kiko (2025),without_era5,2025-09-07T02:00:00+00:00,latent_no_sar_max_wind_radii,Latent MLP · no SAR · wind + radii,57.06219757927789,False,hourly mean,3
EP112025,Kiko (2025),without_era5,2025-09-07T03:00:00+00:00,latent_no_sar_max_wind_radii,Latent MLP · no SAR · wind + radii,57.01953082614475,False,hourly mean,3
EP112025,Kiko (2025),without_era5,2025-09-07T04:00:00+00:00,latent_no_sar_max_wind_radii,Latent MLP · no SAR · wind + radii,56.71516990661622,False,hourly mean,3
EP112025,Kiko (2025),without_era5,2025-09-07T05:00:00+00:00,latent_no_sar_max_wind_radii,Latent MLP · no SAR · wind + radii,56.65254995557998,False,hourly mean,3
EP112025,Kiko (2025),without_era5,2025-09-07T06:00:00+00:00,latent_no_sar_max_wind_radii,Latent MLP · no SAR · wind + radii,57.11459986368815,False,hourly mean,3
EP112025,Kiko (2025),without_era5,2025-09-07T07:00:00+00:00,latent_no_sar_max_wind_radii,Latent MLP · no SAR · wind + radii,58.75876066419814,False,hourly mean,3
EP112025,Kiko (2025),without_era5,2025-09-07T08:00:00+00:00,latent_no_sar_max_wind_radii,Latent MLP · no SAR · wind + radii,58.961856630113395,False,hourly mean,3
EP112025,Kiko (2025),without_era5,2025-09-07T09:00:00+00:00,latent_no_sar_max_wind_radii,Latent MLP · no SAR · wind + radii,57.71872138977051,False,hourly mean,3
EP112025,Kiko (2025),without_era5,2025-09-07T10:00:00+00:00,latent_no_sar_max_wind_radii,Latent MLP · no SAR · wind + radii,55.49509853786893,False,hourly mean,3
EP112025,Kiko (2025),without_era5,2025-09-07T11:00:00+00:00,latent_no_sar_max_wind_radii,Latent MLP · no SAR · wind + radii,54.73693254258899,False,hourly mean,3
EP112025,Kiko (2025),without_era5,2025-09-07T12:00:00+00:00,latent_no_sar_max_wind_radii,Latent MLP · no SAR · wind + radii,55.81826358371311,False,hourly mean,3
EP112025,Kiko (2025),without_era5,2025-09-07T13:00:00+00:00,latent_no_sar_max_wind_radii,Latent MLP · no SAR · wind + radii,56.33930587768555,False,hourly mean,3
EP112025,Kiko (2025),without_era5,2025-09-07T14:00:00+00:00,latent_no_sar_max_wind_radii,Latent MLP · no SAR · wind + radii,56.48376104566787,False,hourly mean,3
EP112025,Kiko (2025),without_era5,2025-09-07T15:00:00+00:00,latent_no_sar_max_wind_radii,Latent MLP · no SAR · wind + radii,56.30963558620878,False,hourly mean,3
EP112025,Kiko (2025),without_era5,2025-09-07T16:00:00+00:00,latent_no_sar_max_wind_radii,Latent MLP · no SAR · wind + radii,56.238324907090934,False,hourly mean,3
EP112025,Kiko (2025),without_era5,2025-09-07T17:00:00+00:00,latent_no_sar_max_wind_radii,Latent MLP · no SAR · wind + radii,53.81622187296549,False,hourly mean,3
EP112025,Kiko (2025),without_era5,2025-09-07T18:00:00+00:00,latent_no_sar_max_wind_radii,Latent MLP · no SAR · wind + radii,48.98477003309463,False,hourly mean,3
EP112025,Kiko (2025),without_era5,2025-09-07T19:00:00+00:00,latent_no_sar_max_wind_radii,Latent MLP · no SAR · wind + radii,47.91889974806045,False,hourly mean,3
EP112025,Kiko (2025),without_era5,2025-09-07T20:00:00+00:00,latent_no_sar_max_wind_radii,Latent MLP · no SAR · wind + radii,49.13212288750543,False,hourly mean,3
EP112025,Kiko (2025),without_era5,2025-09-07T21:00:00+00:00,latent_no_sar_max_wind_radii,Latent MLP · no SAR · wind + radii,50.580779817369255,False,hourly mean,3
EP112025,Kiko (2025),without_era5,2025-09-07T22:00:00+00:00,latent_no_sar_max_wind_radii,Latent MLP · no SAR · wind + radii,49.20727708604601,False,hourly mean,3
EP112025,Kiko (2025),without_era5,2025-09-07T23:00:00+00:00,latent_no_sar_max_wind_radii,Latent MLP · no SAR · wind + radii,45.92895147535537,False,hourly mean,3
EP112025,Kiko (2025),without_era5,2025-09-08T00:00:00+00:00,latent_no_sar_max_wind_radii,Latent MLP · no SAR · wind + radii,43.995017581515846,False,hourly mean,3
EP112025,Kiko (2025),without_era5,2025-09-08T01:00:00+00:00,latent_no_sar_max_wind_radii,Latent MLP · no SAR · wind + radii,44.46490287780762,False,hourly mean,3
EP112025,Kiko (2025),without_era5,2025-09-08T02:00:00+00:00,latent_no_sar_max_wind_radii,Latent MLP · no SAR · wind + radii,43.75230111016168,False,hourly mean,3
EP112025,Kiko (2025),without_era5,2025-09-08T03:00:00+00:00,latent_no_sar_max_wind_radii,Latent MLP · no SAR · wind + radii,41.84991836547852,False,hourly mean,3
EP112025,Kiko (2025),without_era5,2025-09-08T04:00:00+00:00,latent_no_sar_max_wind_radii,Latent MLP · no SAR · wind + radii,36.48766877916125,False,hourly mean,3
EP112025,Kiko (2025),without_era5,2025-09-08T05:00:00+00:00,latent_no_sar_max_wind_radii,Latent MLP · no SAR · wind + radii,35.68065876430936,False,hourly mean,3
EP112025,Kiko (2025),without_era5,2025-09-08T06:00:00+00:00,latent_no_sar_max_wind_radii,Latent MLP · no SAR · wind + radii,36.05133438110352,False,hourly mean,3
EP112025,Kiko (2025),without_era5,2025-09-08T07:00:00+00:00,latent_no_sar_max_wind_radii,Latent MLP · no SAR · wind + radii,35.71341429816352,False,hourly mean,3
EP112025,Kiko (2025),without_era5,2025-09-08T08:00:00+00:00,latent_no_sar_max_wind_radii,Latent MLP · no SAR · wind + radii,36.80388302273221,False,hourly mean,3
EP112025,Kiko (2025),without_era5,2025-09-08T09:00:00+00:00,latent_no_sar_max_wind_radii,Latent MLP · no SAR · wind + radii,38.84485075208877,False,hourly mean,3
EP112025,Kiko (2025),without_era5,2025-09-08T10:00:00+00:00,latent_no_sar_max_wind_radii,Latent MLP · no SAR · wind + radii,40.22758165995281,False,hourly mean,3
EP112025,Kiko (2025),without_era5,2025-09-08T11:00:00+00:00,latent_no_sar_max_wind_radii,Latent MLP · no SAR · wind + radii,40.45875973171659,False,hourly mean,3
EP112025,Kiko (2025),without_era5,2025-09-08T12:00:00+00:00,latent_no_sar_max_wind_radii,Latent MLP · no SAR · wind + radii,37.819802390204536,False,hourly mean,3
EP112025,Kiko (2025),without_era5,2025-09-08T13:00:00+00:00,latent_no_sar_max_wind_radii,Latent MLP · no SAR · wind + radii,39.407225926717125,False,hourly mean,3
EP112025,Kiko (2025),without_era5,2025-09-08T14:00:00+00:00,latent_no_sar_max_wind_radii,Latent MLP · no SAR · wind + radii,38.795531378852,False,hourly mean,3
EP112025,Kiko (2025),without_era5,2025-09-08T15:00:00+00:00,latent_no_sar_max_wind_radii,Latent MLP · no SAR · wind + radii,39.516659842597115,False,hourly mean,3
EP112025,Kiko (2025),without_era5,2025-09-08T16:00:00+00:00,latent_no_sar_max_wind_radii,Latent MLP · no SAR · wind + radii,37.14283307393392,False,hourly mean,3
EP112025,Kiko (2025),without_era5,2025-09-08T17:00:00+00:00,latent_no_sar_max_wind_radii,Latent MLP · no SAR · wind + radii,35.64080980088976,False,hourly mean,3
EP112025,Kiko (2025),without_era5,2025-09-08T18:00:00+00:00,latent_no_sar_max_wind_radii,Latent MLP · no SAR · wind + radii,33.47993734147814,False,hourly mean,3
EP112025,Kiko (2025),without_era5,2025-09-08T19:00:00+00:00,latent_no_sar_max_wind_radii,Latent MLP · no SAR · wind + radii,30.62678506639269,False,hourly mean,3
EP112025,Kiko (2025),without_era5,2025-09-08T20:00:00+00:00,latent_no_sar_max_wind_radii,Latent MLP · no SAR · wind + radii,27.012045330471466,False,hourly mean,3
EP112025,Kiko (2025),without_era5,2025-09-08T21:00:00+00:00,latent_no_sar_max_wind_radii,Latent MLP · no SAR · wind + radii,27.76168240441217,False,hourly mean,3
EP112025,Kiko (2025),without_era5,2025-09-08T22:00:00+00:00,latent_no_sar_max_wind_radii,Latent MLP · no SAR · wind + radii,30.36919911702475,False,hourly mean,3
EP112025,Kiko (2025),without_era5,2025-09-08T23:00:00+00:00,latent_no_sar_max_wind_radii,Latent MLP · no SAR · wind + radii,33.81812964545357,False,hourly mean,3
EP112025,Kiko (2025),without_era5,2025-09-09T00:00:00+00:00,latent_no_sar_max_wind_radii,Latent MLP · no SAR · wind + radii,32.87649398379856,False,hourly mean,3
EP112025,Kiko (2025),without_era5,2025-09-09T01:00:00+00:00,latent_no_sar_max_wind_radii,Latent MLP · no SAR · wind + radii,30.419751379224994,False,hourly mean,3
EP112025,Kiko (2025),without_era5,2025-09-09T02:00:00+00:00,latent_no_sar_max_wind_radii,Latent MLP · no SAR · wind + radii,27.66694249047174,False,hourly mean,3
EP112025,Kiko (2025),without_era5,2025-09-09T03:00:00+00:00,latent_no_sar_max_wind_radii,Latent MLP · no SAR · wind + radii,27.074035962422695,False,hourly mean,3
EP112025,Kiko (2025),without_era5,2025-09-09T04:00:00+00:00,latent_no_sar_max_wind_radii,Latent MLP · no SAR · wind + radii,26.4274066289266,False,hourly mean,3
EP112025,Kiko (2025),without_era5,2025-09-09T05:00:00+00:00,latent_no_sar_max_wind_radii,Latent MLP · no SAR · wind + radii,26.165988604227707,False,hourly mean,3
EP112025,Kiko (2025),without_era5,2025-09-09T06:00:00+00:00,latent_no_sar_max_wind_radii,Latent MLP · no SAR · wind + radii,24.456684960259338,False,hourly mean,3
EP112025,Kiko (2025),without_era5,2025-09-09T07:00:00+00:00,latent_no_sar_max_wind_radii,Latent MLP · no SAR · wind + radii,23.6475755903456,False,hourly mean,3
EP112025,Kiko (2025),without_era5,2025-09-09T08:00:00+00:00,latent_no_sar_max_wind_radii,Latent MLP · no SAR · wind + radii,22.619608349270298,False,hourly mean,3
EP112025,Kiko (2025),without_era5,2025-09-09T09:00:00+00:00,latent_no_sar_max_wind_radii,Latent MLP · no SAR · wind + radii,22.698844485812725,False,hourly mean,3
EP112025,Kiko (2025),without_era5,2025-09-09T10:00:00+00:00,latent_no_sar_max_wind_radii,Latent MLP · no SAR · wind + radii,22.696690983242462,False,hourly mean,3
EP112025,Kiko (2025),without_era5,2025-09-09T11:00:00+00:00,latent_no_sar_max_wind_radii,Latent MLP · no SAR · wind + radii,22.59892665015327,False,hourly mean,3
EP112025,Kiko (2025),without_era5,2025-09-09T12:00:00+00:00,latent_no_sar_max_wind_radii,Latent MLP · no SAR · wind + radii,22.699733310275608,False,hourly mean,3
EP112025,Kiko (2025),without_era5,2025-09-09T13:00:00+00:00,latent_no_sar_max_wind_radii,Latent MLP · no SAR · wind + radii,23.011082331339523,False,hourly mean,3
EP112025,Kiko (2025),without_era5,2025-09-09T14:00:00+00:00,latent_no_sar_max_wind_radii,Latent MLP · no SAR · wind + radii,22.88956981235081,False,hourly mean,3
EP112025,Kiko (2025),without_era5,2025-09-09T15:00:00+00:00,latent_no_sar_max_wind_radii,Latent MLP · no SAR · wind + radii,22.77552753024632,False,hourly mean,3
EP112025,Kiko (2025),without_era5,2025-09-09T16:00:00+00:00,latent_no_sar_max_wind_radii,Latent MLP · no SAR · wind + radii,22.48189300960965,False,hourly mean,3
EP112025,Kiko (2025),without_era5,2025-09-09T17:00:00+00:00,latent_no_sar_max_wind_radii,Latent MLP · no SAR · wind + radii,23.24967246585422,False,hourly mean,3
EP112025,Kiko (2025),without_era5,2025-09-09T18:00:00+00:00,latent_no_sar_max_wind_radii,Latent MLP · no SAR · wind + radii,22.867362234327533,False,hourly mean,3
EP112025,Kiko (2025),without_era5,2025-09-09T19:00:00+00:00,latent_no_sar_max_wind_radii,Latent MLP · no SAR · wind + radii,23.48967372046577,False,hourly mean,3
EP112025,Kiko (2025),without_era5,2025-09-09T20:00:00+00:00,latent_no_sar_max_wind_radii,Latent MLP · no SAR · wind + radii,22.373144997490783,False,hourly mean,3
EP112025,Kiko (2025),without_era5,2025-09-09T21:00:00+00:00,latent_no_sar_max_wind_radii,Latent MLP · no SAR · wind + radii,22.03508599599203,False,hourly mean,3
EP112025,Kiko (2025),without_era5,2025-09-09T22:00:00+00:00,latent_no_sar_max_wind_radii,Latent MLP · no SAR · wind + radii,20.41745864020454,False,hourly mean,3
EP112025,Kiko (2025),without_era5,2025-09-09T23:00:00+00:00,latent_no_sar_max_wind_radii,Latent MLP · no SAR · wind + radii,20.19025728437636,False,hourly mean,3
EP112025,Kiko (2025),without_era5,2025-09-10T00:00:00+00:00,latent_no_sar_max_wind_radii,Latent MLP · no SAR · wind + radii,20.48896482255724,False,hourly mean,3
EP112025,Kiko (2025),without_era5,2025-09-10T01:00:00+00:00,latent_no_sar_max_wind_radii,Latent MLP · no SAR · wind + radii,22.32162729899089,False,hourly mean,3
EP112025,Kiko (2025),without_era5,2025-09-10T02:00:00+00:00,latent_no_sar_max_wind_radii,Latent MLP · no SAR · wind + radii,22.889380455017093,False,hourly mean,3
EP112025,Kiko (2025),without_era5,2025-09-10T03:00:00+00:00,latent_no_sar_max_wind_radii,Latent MLP · no SAR · wind + radii,23.026529312133793,False,hourly mean,3
EP112025,Kiko (2025),without_era5,2025-09-10T04:00:00+00:00,latent_no_sar_max_wind_radii,Latent MLP · no SAR · wind + radii,22.39310455322266,False,hourly mean,3
EP112025,Kiko (2025),without_era5,2025-09-10T05:00:00+00:00,latent_no_sar_max_wind_radii,Latent MLP · no SAR · wind + radii,22.986675792270244,False,hourly mean,3
EP112025,Kiko (2025),without_era5,2025-09-10T06:00:00+00:00,latent_no_sar_max_wind_radii,Latent MLP · no SAR · wind + radii,22.044475979275177,False,hourly mean,3
EP112025,Kiko (2025),without_era5,2025-09-10T07:00:00+00:00,latent_no_sar_max_wind_radii,Latent MLP · no SAR · wind + radii,20.16884095933703,False,hourly mean,3
EP112025,Kiko (2025),without_era5,2025-09-10T08:00:00+00:00,latent_no_sar_max_wind_radii,Latent MLP · no SAR · wind + radii,17.870395999484597,False,hourly mean,3
EP112025,Kiko (2025),without_era5,2025-09-10T09:00:00+00:00,latent_no_sar_max_wind_radii,Latent MLP · no SAR · wind + radii,17.22416816287571,False,hourly mean,3
EP112025,Kiko (2025),without_era5,2025-09-10T10:00:00+00:00,latent_no_sar_max_wind_radii,Latent MLP · no SAR · wind + radii,17.293221155802414,False,hourly mean,3
EP112025,Kiko (2025),without_era5,2025-09-10T11:00:00+00:00,latent_no_sar_max_wind_radii,Latent MLP · no SAR · wind + radii,17.432691574096683,False,hourly mean,3
EP112025,Kiko (2025),without_era5,2025-09-10T12:00:00+00:00,latent_no_sar_max_wind_radii,Latent MLP · no SAR · wind + radii,17.38220310211182,False,hourly mean,3
EP112025,Kiko (2025),without_era5,2025-09-10T13:00:00+00:00,latent_no_sar_max_wind_radii,Latent MLP · no SAR · wind + radii,17.962914148966476,False,hourly mean,3
EP112025,Kiko (2025),without_era5,2025-09-10T14:00:00+00:00,latent_no_sar_max_wind_radii,Latent MLP · no SAR · wind + radii,18.158898035685226,False,hourly mean,3
EP112025,Kiko (2025),without_era5,2025-09-10T15:00:00+00:00,latent_no_sar_max_wind_radii,Latent MLP · no SAR · wind + radii,17.84407265981039,False,hourly mean,3
EP112025,Kiko (2025),without_era5,2025-09-10T16:00:00+00:00,latent_no_sar_max_wind_radii,Latent MLP · no SAR · wind + radii,17.594512727525505,False,hourly mean,3
EP112025,Kiko (2025),without_era5,2025-09-10T17:00:00+00:00,latent_no_sar_max_wind_radii,Latent MLP · no SAR · wind + radii,18.987360636393234,False,hourly mean,3
EP112025,Kiko (2025),without_era5,2025-09-10T18:00:00+00:00,latent_no_sar_max_wind_radii,Latent MLP · no SAR · wind + radii,20.83022382524279,False,hourly mean,3
EP112025,Kiko (2025),without_era5,2025-09-10T19:00:00+00:00,latent_no_sar_max_wind_radii,Latent MLP · no SAR · wind + radii,22.82130040062799,False,hourly mean,3
EP112025,Kiko (2025),without_era5,2025-09-10T20:00:00+00:00,latent_no_sar_max_wind_radii,Latent MLP · no SAR · wind + radii,23.682101991441517,False,hourly mean,3
EP112025,Kiko (2025),without_era5,2025-09-10T21:00:00+00:00,latent_no_sar_max_wind_radii,Latent MLP · no SAR · wind + radii,25.599530643886993,False,hourly mean,3
EP112025,Kiko (2025),without_era5,2025-09-10T22:00:00+00:00,latent_no_sar_max_wind_radii,Latent MLP · no SAR · wind + radii,27.074133131239154,False,hourly mean,3
EP112025,Kiko (2025),without_era5,2025-09-10T23:00:00+00:00,latent_no_sar_max_wind_radii,Latent MLP · no SAR · wind + radii,28.342195351918548,False,hourly mean,3
EP182023,Otis (2023),with_era5,2023-10-21T00:00:00+00:00,ibtracs_best_track,IBTrACS best track,12.8611,False,hourly mean,3
EP182023,Otis (2023),with_era5,2023-10-21T01:00:00+00:00,ibtracs_best_track,IBTrACS best track,12.8611,False,hourly mean,3
EP182023,Otis (2023),with_era5,2023-10-21T02:00:00+00:00,ibtracs_best_track,IBTrACS best track,12.8611,False,hourly mean,3
EP182023,Otis (2023),with_era5,2023-10-21T03:00:00+00:00,ibtracs_best_track,IBTrACS best track,12.8611,False,hourly mean,3
EP182023,Otis (2023),with_era5,2023-10-21T04:00:00+00:00,ibtracs_best_track,IBTrACS best track,12.8611,False,hourly mean,3
EP182023,Otis (2023),with_era5,2023-10-21T05:00:00+00:00,ibtracs_best_track,IBTrACS best track,12.8611,False,hourly mean,3
EP182023,Otis (2023),with_era5,2023-10-21T06:00:00+00:00,ibtracs_best_track,IBTrACS best track,12.8611,False,hourly mean,3
EP182023,Otis (2023),with_era5,2023-10-21T07:00:00+00:00,ibtracs_best_track,IBTrACS best track,12.8611,False,hourly mean,3
EP182023,Otis (2023),with_era5,2023-10-21T08:00:00+00:00,ibtracs_best_track,IBTrACS best track,12.8611,False,hourly mean,3
EP182023,Otis (2023),with_era5,2023-10-21T09:00:00+00:00,ibtracs_best_track,IBTrACS best track,12.8611,False,hourly mean,3
EP182023,Otis (2023),with_era5,2023-10-21T10:00:00+00:00,ibtracs_best_track,IBTrACS best track,12.8611,False,hourly mean,3
EP182023,Otis (2023),with_era5,2023-10-21T11:00:00+00:00,ibtracs_best_track,IBTrACS best track,12.8611,False,hourly mean,3
EP182023,Otis (2023),with_era5,2023-10-21T12:00:00+00:00,ibtracs_best_track,IBTrACS best track,12.8611,False,hourly mean,3
EP182023,Otis (2023),with_era5,2023-10-21T13:00:00+00:00,ibtracs_best_track,IBTrACS best track,12.8611,False,hourly mean,3
EP182023,Otis (2023),with_era5,2023-10-21T14:00:00+00:00,ibtracs_best_track,IBTrACS best track,12.8611,False,hourly mean,3
EP182023,Otis (2023),with_era5,2023-10-21T15:00:00+00:00,ibtracs_best_track,IBTrACS best track,12.8611,False,hourly mean,3
EP182023,Otis (2023),with_era5,2023-10-21T16:00:00+00:00,ibtracs_best_track,IBTrACS best track,12.8611,False,hourly mean,3
EP182023,Otis (2023),with_era5,2023-10-21T17:00:00+00:00,ibtracs_best_track,IBTrACS best track,12.8611,False,hourly mean,3
EP182023,Otis (2023),with_era5,2023-10-21T18:00:00+00:00,ibtracs_best_track,IBTrACS best track,12.8611,False,hourly mean,3
EP182023,Otis (2023),with_era5,2023-10-21T19:00:00+00:00,ibtracs_best_track,IBTrACS best track,12.8611,False,hourly mean,3
EP182023,Otis (2023),with_era5,2023-10-21T20:00:00+00:00,ibtracs_best_track,IBTrACS best track,12.8611,False,hourly mean,3
EP182023,Otis (2023),with_era5,2023-10-21T21:00:00+00:00,ibtracs_best_track,IBTrACS best track,12.8611,False,hourly mean,3
EP182023,Otis (2023),with_era5,2023-10-21T22:00:00+00:00,ibtracs_best_track,IBTrACS best track,12.8611,False,hourly mean,3
EP182023,Otis (2023),with_era5,2023-10-21T23:00:00+00:00,ibtracs_best_track,IBTrACS best track,12.933503229629629,False,hourly mean,3
EP182023,Otis (2023),with_era5,2023-10-22T00:00:00+00:00,ibtracs_best_track,IBTrACS best track,13.177387792592592,False,hourly mean,3
EP182023,Otis (2023),with_era5,2023-10-22T01:00:00+00:00,ibtracs_best_track,IBTrACS best track,13.59275368888889,False,hourly mean,3
EP182023,Otis (2023),with_era5,2023-10-22T02:00:00+00:00,ibtracs_best_track,IBTrACS best track,14.083063279012345,False,hourly mean,3
EP182023,Otis (2023),with_era5,2023-10-22T03:00:00+00:00,ibtracs_best_track,IBTrACS best track,14.516212424691359,False,hourly mean,3
EP182023,Otis (2023),with_era5,2023-10-22T04:00:00+00:00,ibtracs_best_track,IBTrACS best track,14.892201125925927,False,hourly mean,3
EP182023,Otis (2023),with_era5,2023-10-22T05:00:00+00:00,ibtracs_best_track,IBTrACS best track,15.186894972839506,False,hourly mean,3
EP182023,Otis (2023),with_era5,2023-10-22T06:00:00+00:00,ibtracs_best_track,IBTrACS best track,15.367267930864196,False,hourly mean,3
EP182023,Otis (2023),with_era5,2023-10-22T07:00:00+00:00,ibtracs_best_track,IBTrACS best track,15.43332,False,hourly mean,3
EP182023,Otis (2023),with_era5,2023-10-22T08:00:00+00:00,ibtracs_best_track,IBTrACS best track,15.43332,False,hourly mean,3
EP182023,Otis (2023),with_era5,2023-10-22T09:00:00+00:00,ibtracs_best_track,IBTrACS best track,15.43332,False,hourly mean,3
EP182023,Otis (2023),with_era5,2023-10-22T10:00:00+00:00,ibtracs_best_track,IBTrACS best track,15.43332,False,hourly mean,3
EP182023,Otis (2023),with_era5,2023-10-22T11:00:00+00:00,ibtracs_best_track,IBTrACS best track,15.505723229629629,False,hourly mean,3
EP182023,Otis (2023),with_era5,2023-10-22T12:00:00+00:00,ibtracs_best_track,IBTrACS best track,15.749607792592593,False,hourly mean,3
EP182023,Otis (2023),with_era5,2023-10-22T13:00:00+00:00,ibtracs_best_track,IBTrACS best track,16.16497368888889,False,hourly mean,3
EP182023,Otis (2023),with_era5,2023-10-22T14:00:00+00:00,ibtracs_best_track,IBTrACS best track,16.655283279012348,False,hourly mean,3
EP182023,Otis (2023),with_era5,2023-10-22T15:00:00+00:00,ibtracs_best_track,IBTrACS best track,17.08843242469136,False,hourly mean,3
EP182023,Otis (2023),with_era5,2023-10-22T16:00:00+00:00,ibtracs_best_track,IBTrACS best track,17.464421125925924,False,hourly mean,3
EP182023,Otis (2023),with_era5,2023-10-22T17:00:00+00:00,ibtracs_best_track,IBTrACS best track,17.759114972839505,False,hourly mean,3
EP182023,Otis (2023),with_era5,2023-10-22T18:00:00+00:00,ibtracs_best_track,IBTrACS best track,17.9394879308642,False,hourly mean,3
EP182023,Otis (2023),with_era5,2023-10-22T19:00:00+00:00,ibtracs_best_track,IBTrACS best track,18.00554,False,hourly mean,3
EP182023,Otis (2023),with_era5,2023-10-22T20:00:00+00:00,ibtracs_best_track,IBTrACS best track,18.00554,False,hourly mean,3
EP182023,Otis (2023),with_era5,2023-10-22T21:00:00+00:00,ibtracs_best_track,IBTrACS best track,18.00554,False,hourly mean,3
EP182023,Otis (2023),with_era5,2023-10-22T22:00:00+00:00,ibtracs_best_track,IBTrACS best track,18.00554,False,hourly mean,3
EP182023,Otis (2023),with_era5,2023-10-22T23:00:00+00:00,ibtracs_best_track,IBTrACS best track,18.00554,False,hourly mean,3
EP182023,Otis (2023),with_era5,2023-10-23T00:00:00+00:00,ibtracs_best_track,IBTrACS best track,18.00554,False,hourly mean,3
EP182023,Otis (2023),with_era5,2023-10-23T01:00:00+00:00,ibtracs_best_track,IBTrACS best track,18.00554,False,hourly mean,3
EP182023,Otis (2023),with_era5,2023-10-23T02:00:00+00:00,ibtracs_best_track,IBTrACS best track,18.00554,False,hourly mean,3
EP182023,Otis (2023),with_era5,2023-10-23T03:00:00+00:00,ibtracs_best_track,IBTrACS best track,18.00554,False,hourly mean,3
EP182023,Otis (2023),with_era5,2023-10-23T04:00:00+00:00,ibtracs_best_track,IBTrACS best track,18.00554,False,hourly mean,3
EP182023,Otis (2023),with_era5,2023-10-23T05:00:00+00:00,ibtracs_best_track,IBTrACS best track,18.07794322962963,False,hourly mean,3
EP182023,Otis (2023),with_era5,2023-10-23T06:00:00+00:00,ibtracs_best_track,IBTrACS best track,18.321827792592593,False,hourly mean,3
EP182023,Otis (2023),with_era5,2023-10-23T07:00:00+00:00,ibtracs_best_track,IBTrACS best track,18.73719368888889,False,hourly mean,3
EP182023,Otis (2023),with_era5,2023-10-23T08:00:00+00:00,ibtracs_best_track,IBTrACS best track,19.22750327901235,False,hourly mean,3
EP182023,Otis (2023),with_era5,2023-10-23T09:00:00+00:00,ibtracs_best_track,IBTrACS best track,19.66065242469136,False,hourly mean,3
EP182023,Otis (2023),with_era5,2023-10-23T10:00:00+00:00,ibtracs_best_track,IBTrACS best track,20.036641125925925,False,hourly mean,3
EP182023,Otis (2023),with_era5,2023-10-23T11:00:00+00:00,ibtracs_best_track,IBTrACS best track,20.40373820246914,False,hourly mean,3
EP182023,Otis (2023),with_era5,2023-10-23T12:00:00+00:00,ibtracs_best_track,IBTrACS best track,20.82799572345679,False,hourly mean,3
EP182023,Otis (2023),with_era5,2023-10-23T13:00:00+00:00,ibtracs_best_track,IBTrACS best track,21.309413688888892,False,hourly mean,3
EP182023,Otis (2023),with_era5,2023-10-23T14:00:00+00:00,ibtracs_best_track,IBTrACS best track,21.79972327901235,False,hourly mean,3
EP182023,Otis (2023),with_era5,2023-10-23T15:00:00+00:00,ibtracs_best_track,IBTrACS best track,22.23287242469136,False,hourly mean,3
EP182023,Otis (2023),with_era5,2023-10-23T16:00:00+00:00,ibtracs_best_track,IBTrACS best track,22.608861125925927,False,hourly mean,3
EP182023,Otis (2023),with_era5,2023-10-23T17:00:00+00:00,ibtracs_best_track,IBTrACS best track,22.975958202469133,False,hourly mean,3
EP182023,Otis (2023),with_era5,2023-10-23T18:00:00+00:00,ibtracs_best_track,IBTrACS best track,23.400215723456792,False,hourly mean,3
EP182023,Otis (2023),with_era5,2023-10-23T19:00:00+00:00,ibtracs_best_track,IBTrACS best track,23.881633688888893,False,hourly mean,3
EP182023,Otis (2023),with_era5,2023-10-23T20:00:00+00:00,ibtracs_best_track,IBTrACS best track,24.371943279012346,False,hourly mean,3
EP182023,Otis (2023),with_era5,2023-10-23T21:00:00+00:00,ibtracs_best_track,IBTrACS best track,24.805092424691356,False,hourly mean,3
EP182023,Otis (2023),with_era5,2023-10-23T22:00:00+00:00,ibtracs_best_track,IBTrACS best track,25.181081125925928,False,hourly mean,3
EP182023,Otis (2023),with_era5,2023-10-23T23:00:00+00:00,ibtracs_best_track,IBTrACS best track,25.548178202469135,False,hourly mean,3
EP182023,Otis (2023),with_era5,2023-10-24T00:00:00+00:00,ibtracs_best_track,IBTrACS best track,25.972435723456794,False,hourly mean,3
EP182023,Otis (2023),with_era5,2023-10-24T01:00:00+00:00,ibtracs_best_track,IBTrACS best track,26.453853688888888,False,hourly mean,3
EP182023,Otis (2023),with_era5,2023-10-24T02:00:00+00:00,ibtracs_best_track,IBTrACS best track,26.944163279012347,False,hourly mean,3
EP182023,Otis (2023),with_era5,2023-10-24T03:00:00+00:00,ibtracs_best_track,IBTrACS best track,27.377312424691358,False,hourly mean,3
EP182023,Otis (2023),with_era5,2023-10-24T04:00:00+00:00,ibtracs_best_track,IBTrACS best track,27.753301125925926,False,hourly mean,3
EP182023,Otis (2023),with_era5,2023-10-24T05:00:00+00:00,ibtracs_best_track,IBTrACS best track,28.168667022222223,False,hourly mean,3
EP182023,Otis (2023),with_era5,2023-10-24T06:00:00+00:00,ibtracs_best_track,IBTrACS best track,28.755514251851853,False,hourly mean,3
EP182023,Otis (2023),with_era5,2023-10-24T07:00:00+00:00,ibtracs_best_track,IBTrACS best track,29.51384281481482,False,hourly mean,3
EP182023,Otis (2023),with_era5,2023-10-24T08:00:00+00:00,ibtracs_best_track,IBTrACS best track,30.37124948148148,False,hourly mean,3
EP182023,Otis (2023),with_era5,2023-10-24T09:00:00+00:00,ibtracs_best_track,IBTrACS best track,31.228656148148147,False,hourly mean,3
EP182023,Otis (2023),with_era5,2023-10-24T10:00:00+00:00,ibtracs_best_track,IBTrACS best track,32.08606281481482,False,hourly mean,3
EP182023,Otis (2023),with_era5,2023-10-24T11:00:00+00:00,ibtracs_best_track,IBTrACS best track,33.257216809876546,False,hourly mean,3
EP182023,Otis (2023),with_era5,2023-10-24T12:00:00+00:00,ibtracs_best_track,IBTrACS best track,35.17145658271605,False,hourly mean,3
EP182023,Otis (2023),with_era5,2023-10-24T13:00:00+00:00,ibtracs_best_track,IBTrACS best track,37.828782133333334,True,hourly mean,3
EP182023,Otis (2023),with_era5,2023-10-24T14:00:00+00:00,ibtracs_best_track,IBTrACS best track,40.89131172345679,True,hourly mean,3
EP182023,Otis (2023),with_era5,2023-10-24T15:00:00+00:00,ibtracs_best_track,IBTrACS best track,43.8966808691358,True,hourly mean,3
EP182023,Otis (2023),with_era5,2023-10-24T16:00:00+00:00,ibtracs_best_track,IBTrACS best track,46.84488957037038,True,hourly mean,3
EP182023,Otis (2023),with_era5,2023-10-24T17:00:00+00:00,ibtracs_best_track,IBTrACS best track,49.71180341728395,True,hourly mean,3
EP182023,Otis (2023),with_era5,2023-10-24T18:00:00+00:00,ibtracs_best_track,IBTrACS best track,52.46439637530864,True,hourly mean,3
EP182023,Otis (2023),with_era5,2023-10-24T19:00:00+00:00,ibtracs_best_track,IBTrACS best track,55.10266844444445,True,hourly mean,3
EP182023,Otis (2023),with_era5,2023-10-24T20:00:00+00:00,ibtracs_best_track,IBTrACS best track,57.67488844444444,True,hourly mean,3
EP182023,Otis (2023),with_era5,2023-10-24T21:00:00+00:00,ibtracs_best_track,IBTrACS best track,60.24710844444444,True,hourly mean,3
EP182023,Otis (2023),with_era5,2023-10-24T22:00:00+00:00,ibtracs_best_track,IBTrACS best track,62.819328444444444,True,hourly mean,3
EP182023,Otis (2023),with_era5,2023-10-24T23:00:00+00:00,ibtracs_best_track,IBTrACS best track,65.39154844444444,True,hourly mean,3
EP182023,Otis (2023),with_era5,2023-10-25T00:00:00+00:00,ibtracs_best_track,IBTrACS best track,67.96376844444445,True,hourly mean,3
EP182023,Otis (2023),with_era5,2023-10-25T01:00:00+00:00,ibtracs_best_track,IBTrACS best track,70.53598844444446,True,hourly mean,3
EP182023,Otis (2023),with_era5,2023-10-25T02:00:00+00:00,ibtracs_best_track,IBTrACS best track,72.74619229629631,True,hourly mean,3
EP182023,Otis (2023),with_era5,2023-10-25T03:00:00+00:00,ibtracs_best_track,IBTrACS best track,74.0989894814815,True,hourly mean,3
EP182023,Otis (2023),with_era5,2023-10-25T04:00:00+00:00,ibtracs_best_track,IBTrACS best track,74.59438,True,hourly mean,3
EP182023,Otis (2023),with_era5,2023-10-25T05:00:00+00:00,ibtracs_best_track,IBTrACS best track,74.10152994567902,True,hourly mean,3
EP182023,Otis (2023),with_era5,2023-10-25T06:00:00+00:00,ibtracs_best_track,IBTrACS best track,72.0145386074074,True,hourly mean,3
EP182023,Otis (2023),with_era5,2023-10-25T07:00:00+00:00,ibtracs_best_track,IBTrACS best track,68.09841304691359,True,hourly mean,3
EP182023,Otis (2023),with_era5,2023-10-25T08:00:00+00:00,ibtracs_best_track,IBTrACS best track,62.87013772839507,True,hourly mean,3
EP182023,Otis (2023),with_era5,2023-10-25T09:00:00+00:00,ibtracs_best_track,IBTrACS best track,57.464029916049384,True,hourly mean,3
EP182023,Otis (2023),with_era5,2023-10-25T10:00:00+00:00,ibtracs_best_track,IBTrACS best track,52.115082548148145,True,hourly mean,3
EP182023,Otis (2023),with_era5,2023-10-25T11:00:00+00:00,ibtracs_best_track,IBTrACS best track,47.016370903703695,True,hourly mean,3
EP182023,Otis (2023),with_era5,2023-10-25T12:00:00+00:00,ibtracs_best_track,IBTrACS best track,42.43210325925926,False,hourly mean,3
EP182023,Otis (2023),with_era5,2023-10-25T13:00:00+00:00,ibtracs_best_track,IBTrACS best track,38.36227961481482,False,hourly mean,3
EP182023,Otis (2023),with_era5,2023-10-25T14:00:00+00:00,ibtracs_best_track,IBTrACS best track,34.565555871604936,False,hourly mean,3
EP182023,Otis (2023),with_era5,2023-10-25T15:00:00+00:00,ibtracs_best_track,IBTrACS best track,30.711671683950623,False,hourly mean,3
EP182023,Otis (2023),with_era5,2023-10-25T16:00:00+00:00,ibtracs_best_track,IBTrACS best track,26.80062705185185,False,hourly mean,3
EP182023,Otis (2023),with_era5,2023-10-25T17:00:00+00:00,ibtracs_best_track,IBTrACS best track,24.828591718518517,False,hourly mean,3
EP182023,Otis (2023),with_era5,2023-10-21T00:00:00+00:00,era5_max_wind,ERA5 10 m maximum,10.978872157864894,False,hourly mean,3
EP182023,Otis (2023),with_era5,2023-10-21T01:00:00+00:00,era5_max_wind,ERA5 10 m maximum,10.978872157864894,False,hourly mean,3
EP182023,Otis (2023),with_era5,2023-10-21T02:00:00+00:00,era5_max_wind,ERA5 10 m maximum,10.748015224104796,False,hourly mean,3
EP182023,Otis (2023),with_era5,2023-10-21T03:00:00+00:00,era5_max_wind,ERA5 10 m maximum,10.517158290344694,False,hourly mean,3
EP182023,Otis (2023),with_era5,2023-10-21T04:00:00+00:00,era5_max_wind,ERA5 10 m maximum,10.286301356584595,False,hourly mean,3
EP182023,Otis (2023),with_era5,2023-10-21T05:00:00+00:00,era5_max_wind,ERA5 10 m maximum,10.286301356584595,False,hourly mean,3
EP182023,Otis (2023),with_era5,2023-10-21T06:00:00+00:00,era5_max_wind,ERA5 10 m maximum,10.286301356584595,False,hourly mean,3
EP182023,Otis (2023),with_era5,2023-10-21T07:00:00+00:00,era5_max_wind,ERA5 10 m maximum,10.286301356584595,False,hourly mean,3
EP182023,Otis (2023),with_era5,2023-10-21T08:00:00+00:00,era5_max_wind,ERA5 10 m maximum,10.690352171123022,False,hourly mean,3
EP182023,Otis (2023),with_era5,2023-10-21T09:00:00+00:00,era5_max_wind,ERA5 10 m maximum,11.094402985661448,False,hourly mean,3
EP182023,Otis (2023),with_era5,2023-10-21T10:00:00+00:00,era5_max_wind,ERA5 10 m maximum,11.498453800199874,False,hourly mean,3
EP182023,Otis (2023),with_era5,2023-10-21T11:00:00+00:00,era5_max_wind,ERA5 10 m maximum,11.498453800199874,False,hourly mean,3
EP182023,Otis (2023),with_era5,2023-10-21T12:00:00+00:00,era5_max_wind,ERA5 10 m maximum,11.498453800199874,False,hourly mean,3
EP182023,Otis (2023),with_era5,2023-10-21T13:00:00+00:00,era5_max_wind,ERA5 10 m maximum,11.498453800199874,False,hourly mean,3
EP182023,Otis (2023),with_era5,2023-10-21T14:00:00+00:00,era5_max_wind,ERA5 10 m maximum,11.98507511211969,False,hourly mean,3
EP182023,Otis (2023),with_era5,2023-10-21T15:00:00+00:00,era5_max_wind,ERA5 10 m maximum,12.471696424039509,False,hourly mean,3
EP182023,Otis (2023),with_era5,2023-10-21T16:00:00+00:00,era5_max_wind,ERA5 10 m maximum,12.958317735959326,False,hourly mean,3
EP182023,Otis (2023),with_era5,2023-10-21T17:00:00+00:00,era5_max_wind,ERA5 10 m maximum,12.958317735959326,False,hourly mean,3
EP182023,Otis (2023),with_era5,2023-10-21T18:00:00+00:00,era5_max_wind,ERA5 10 m maximum,12.958317735959326,False,hourly mean,3
EP182023,Otis (2023),with_era5,2023-10-21T19:00:00+00:00,era5_max_wind,ERA5 10 m maximum,12.958317735959326,False,hourly mean,3
EP182023,Otis (2023),with_era5,2023-10-21T20:00:00+00:00,era5_max_wind,ERA5 10 m maximum,12.357253662715644,False,hourly mean,3
EP182023,Otis (2023),with_era5,2023-10-21T21:00:00+00:00,era5_max_wind,ERA5 10 m maximum,11.756189589471965,False,hourly mean,3
EP182023,Otis (2023),with_era5,2023-10-21T22:00:00+00:00,era5_max_wind,ERA5 10 m maximum,11.155125516228287,False,hourly mean,3
EP182023,Otis (2023),with_era5,2023-10-21T23:00:00+00:00,era5_max_wind,ERA5 10 m maximum,11.155125516228287,False,hourly mean,3
EP182023,Otis (2023),with_era5,2023-10-22T00:00:00+00:00,era5_max_wind,ERA5 10 m maximum,11.155125516228287,False,hourly mean,3
EP182023,Otis (2023),with_era5,2023-10-22T01:00:00+00:00,era5_max_wind,ERA5 10 m maximum,11.155125516228287,False,hourly mean,3
EP182023,Otis (2023),with_era5,2023-10-22T02:00:00+00:00,era5_max_wind,ERA5 10 m maximum,11.415245247597495,False,hourly mean,3
EP182023,Otis (2023),with_era5,2023-10-22T03:00:00+00:00,era5_max_wind,ERA5 10 m maximum,11.675364978966705,False,hourly mean,3
EP182023,Otis (2023),with_era5,2023-10-22T04:00:00+00:00,era5_max_wind,ERA5 10 m maximum,11.935484710335913,False,hourly mean,3
EP182023,Otis (2023),with_era5,2023-10-22T05:00:00+00:00,era5_max_wind,ERA5 10 m maximum,11.935484710335913,False,hourly mean,3
EP182023,Otis (2023),with_era5,2023-10-22T06:00:00+00:00,era5_max_wind,ERA5 10 m maximum,11.935484710335913,False,hourly mean,3
EP182023,Otis (2023),with_era5,2023-10-22T07:00:00+00:00,era5_max_wind,ERA5 10 m maximum,11.935484710335913,False,hourly mean,3
EP182023,Otis (2023),with_era5,2023-10-22T08:00:00+00:00,era5_max_wind,ERA5 10 m maximum,12.134773849663146,False,hourly mean,3
EP182023,Otis (2023),with_era5,2023-10-22T09:00:00+00:00,era5_max_wind,ERA5 10 m maximum,12.334062988990377,False,hourly mean,3
EP182023,Otis (2023),with_era5,2023-10-22T10:00:00+00:00,era5_max_wind,ERA5 10 m maximum,12.533352128317611,False,hourly mean,3
EP182023,Otis (2023),with_era5,2023-10-22T11:00:00+00:00,era5_max_wind,ERA5 10 m maximum,12.533352128317611,False,hourly mean,3
EP182023,Otis (2023),with_era5,2023-10-22T12:00:00+00:00,era5_max_wind,ERA5 10 m maximum,12.533352128317611,False,hourly mean,3
EP182023,Otis (2023),with_era5,2023-10-22T13:00:00+00:00,era5_max_wind,ERA5 10 m maximum,12.533352128317611,False,hourly mean,3
EP182023,Otis (2023),with_era5,2023-10-22T14:00:00+00:00,era5_max_wind,ERA5 10 m maximum,12.813831563677999,False,hourly mean,3
EP182023,Otis (2023),with_era5,2023-10-22T15:00:00+00:00,era5_max_wind,ERA5 10 m maximum,13.094310999038386,False,hourly mean,3
EP182023,Otis (2023),with_era5,2023-10-22T16:00:00+00:00,era5_max_wind,ERA5 10 m maximum,13.374790434398774,False,hourly mean,3
EP182023,Otis (2023),with_era5,2023-10-22T17:00:00+00:00,era5_max_wind,ERA5 10 m maximum,13.374790434398774,False,hourly mean,3
EP182023,Otis (2023),with_era5,2023-10-22T18:00:00+00:00,era5_max_wind,ERA5 10 m maximum,13.374790434398774,False,hourly mean,3
EP182023,Otis (2023),with_era5,2023-10-22T19:00:00+00:00,era5_max_wind,ERA5 10 m maximum,13.374790434398774,False,hourly mean,3
EP182023,Otis (2023),with_era5,2023-10-22T20:00:00+00:00,era5_max_wind,ERA5 10 m maximum,14.008385900745395,False,hourly mean,3
EP182023,Otis (2023),with_era5,2023-10-22T21:00:00+00:00,era5_max_wind,ERA5 10 m maximum,14.641981367092017,False,hourly mean,3
EP182023,Otis (2023),with_era5,2023-10-22T22:00:00+00:00,era5_max_wind,ERA5 10 m maximum,15.27557683343864,False,hourly mean,3
EP182023,Otis (2023),with_era5,2023-10-22T23:00:00+00:00,era5_max_wind,ERA5 10 m maximum,15.27557683343864,False,hourly mean,3
EP182023,Otis (2023),with_era5,2023-10-23T00:00:00+00:00,era5_max_wind,ERA5 10 m maximum,15.27557683343864,False,hourly mean,3
EP182023,Otis (2023),with_era5,2023-10-23T01:00:00+00:00,era5_max_wind,ERA5 10 m maximum,15.27557683343864,False,hourly mean,3
EP182023,Otis (2023),with_era5,2023-10-23T02:00:00+00:00,era5_max_wind,ERA5 10 m maximum,14.753711114708844,False,hourly mean,3
EP182023,Otis (2023),with_era5,2023-10-23T03:00:00+00:00,era5_max_wind,ERA5 10 m maximum,14.231845395979049,False,hourly mean,3
EP182023,Otis (2023),with_era5,2023-10-23T04:00:00+00:00,era5_max_wind,ERA5 10 m maximum,13.709979677249253,False,hourly mean,3
EP182023,Otis (2023),with_era5,2023-10-23T05:00:00+00:00,era5_max_wind,ERA5 10 m maximum,13.709979677249253,False,hourly mean,3
EP182023,Otis (2023),with_era5,2023-10-23T06:00:00+00:00,era5_max_wind,ERA5 10 m maximum,13.709979677249253,False,hourly mean,3
EP182023,Otis (2023),with_era5,2023-10-23T07:00:00+00:00,era5_max_wind,ERA5 10 m maximum,13.709979677249253,False,hourly mean,3
EP182023,Otis (2023),with_era5,2023-10-23T08:00:00+00:00,era5_max_wind,ERA5 10 m maximum,13.50794654060625,False,hourly mean,3
EP182023,Otis (2023),with_era5,2023-10-23T09:00:00+00:00,era5_max_wind,ERA5 10 m maximum,13.305913403963245,False,hourly mean,3
EP182023,Otis (2023),with_era5,2023-10-23T10:00:00+00:00,era5_max_wind,ERA5 10 m maximum,13.103880267320243,False,hourly mean,3
EP182023,Otis (2023),with_era5,2023-10-23T11:00:00+00:00,era5_max_wind,ERA5 10 m maximum,13.103880267320243,False,hourly mean,3
EP182023,Otis (2023),with_era5,2023-10-23T12:00:00+00:00,era5_max_wind,ERA5 10 m maximum,13.103880267320243,False,hourly mean,3
EP182023,Otis (2023),with_era5,2023-10-23T13:00:00+00:00,era5_max_wind,ERA5 10 m maximum,13.103880267320243,False,hourly mean,3
EP182023,Otis (2023),with_era5,2023-10-23T14:00:00+00:00,era5_max_wind,ERA5 10 m maximum,13.223439968803289,False,hourly mean,3
EP182023,Otis (2023),with_era5,2023-10-23T15:00:00+00:00,era5_max_wind,ERA5 10 m maximum,13.342999670286334,False,hourly mean,3
EP182023,Otis (2023),with_era5,2023-10-23T16:00:00+00:00,era5_max_wind,ERA5 10 m maximum,13.462559371769379,False,hourly mean,3
EP182023,Otis (2023),with_era5,2023-10-23T17:00:00+00:00,era5_max_wind,ERA5 10 m maximum,13.462559371769379,False,hourly mean,3
EP182023,Otis (2023),with_era5,2023-10-23T18:00:00+00:00,era5_max_wind,ERA5 10 m maximum,13.462559371769379,False,hourly mean,3
EP182023,Otis (2023),with_era5,2023-10-23T19:00:00+00:00,era5_max_wind,ERA5 10 m maximum,13.462559371769379,False,hourly mean,3
EP182023,Otis (2023),with_era5,2023-10-23T20:00:00+00:00,era5_max_wind,ERA5 10 m maximum,13.690377403238292,False,hourly mean,3
EP182023,Otis (2023),with_era5,2023-10-23T21:00:00+00:00,era5_max_wind,ERA5 10 m maximum,13.918195434707206,False,hourly mean,3
EP182023,Otis (2023),with_era5,2023-10-23T22:00:00+00:00,era5_max_wind,ERA5 10 m maximum,14.14601346617612,False,hourly mean,3
EP182023,Otis (2023),with_era5,2023-10-23T23:00:00+00:00,era5_max_wind,ERA5 10 m maximum,14.14601346617612,False,hourly mean,3
EP182023,Otis (2023),with_era5,2023-10-24T00:00:00+00:00,era5_max_wind,ERA5 10 m maximum,14.14601346617612,False,hourly mean,3
EP182023,Otis (2023),with_era5,2023-10-24T01:00:00+00:00,era5_max_wind,ERA5 10 m maximum,14.14601346617612,False,hourly mean,3
EP182023,Otis (2023),with_era5,2023-10-24T02:00:00+00:00,era5_max_wind,ERA5 10 m maximum,14.596348585715115,False,hourly mean,3
EP182023,Otis (2023),with_era5,2023-10-24T03:00:00+00:00,era5_max_wind,ERA5 10 m maximum,15.046683705254113,False,hourly mean,3
EP182023,Otis (2023),with_era5,2023-10-24T04:00:00+00:00,era5_max_wind,ERA5 10 m maximum,15.497018824793109,False,hourly mean,3
EP182023,Otis (2023),with_era5,2023-10-24T05:00:00+00:00,era5_max_wind,ERA5 10 m maximum,15.497018824793109,False,hourly mean,3
EP182023,Otis (2023),with_era5,2023-10-24T06:00:00+00:00,era5_max_wind,ERA5 10 m maximum,15.497018824793109,False,hourly mean,3
EP182023,Otis (2023),with_era5,2023-10-24T07:00:00+00:00,era5_max_wind,ERA5 10 m maximum,15.497018824793109,False,hourly mean,3
EP182023,Otis (2023),with_era5,2023-10-24T08:00:00+00:00,era5_max_wind,ERA5 10 m maximum,16.523213262735283,False,hourly mean,3
EP182023,Otis (2023),with_era5,2023-10-24T09:00:00+00:00,era5_max_wind,ERA5 10 m maximum,17.54940770067746,False,hourly mean,3
EP182023,Otis (2023),with_era5,2023-10-24T10:00:00+00:00,era5_max_wind,ERA5 10 m maximum,18.575602138619633,False,hourly mean,3
EP182023,Otis (2023),with_era5,2023-10-24T11:00:00+00:00,era5_max_wind,ERA5 10 m maximum,18.575602138619633,False,hourly mean,3
EP182023,Otis (2023),with_era5,2023-10-24T12:00:00+00:00,era5_max_wind,ERA5 10 m maximum,18.575602138619633,False,hourly mean,3
EP182023,Otis (2023),with_era5,2023-10-24T13:00:00+00:00,era5_max_wind,ERA5 10 m maximum,18.575602138619633,True,hourly mean,3
EP182023,Otis (2023),with_era5,2023-10-24T14:00:00+00:00,era5_max_wind,ERA5 10 m maximum,19.618639523409275,True,hourly mean,3
EP182023,Otis (2023),with_era5,2023-10-24T15:00:00+00:00,era5_max_wind,ERA5 10 m maximum,20.661676908198917,True,hourly mean,3
EP182023,Otis (2023),with_era5,2023-10-24T16:00:00+00:00,era5_max_wind,ERA5 10 m maximum,21.70471429298856,True,hourly mean,3
EP182023,Otis (2023),with_era5,2023-10-24T17:00:00+00:00,era5_max_wind,ERA5 10 m maximum,21.70471429298856,True,hourly mean,3
EP182023,Otis (2023),with_era5,2023-10-24T18:00:00+00:00,era5_max_wind,ERA5 10 m maximum,21.70471429298856,True,hourly mean,3
EP182023,Otis (2023),with_era5,2023-10-24T19:00:00+00:00,era5_max_wind,ERA5 10 m maximum,21.70471429298856,True,hourly mean,3
EP182023,Otis (2023),with_era5,2023-10-24T20:00:00+00:00,era5_max_wind,ERA5 10 m maximum,21.256474932072,True,hourly mean,3
EP182023,Otis (2023),with_era5,2023-10-24T21:00:00+00:00,era5_max_wind,ERA5 10 m maximum,20.80823557115544,True,hourly mean,3
EP182023,Otis (2023),with_era5,2023-10-24T22:00:00+00:00,era5_max_wind,ERA5 10 m maximum,20.35999621023888,True,hourly mean,3
EP182023,Otis (2023),with_era5,2023-10-24T23:00:00+00:00,era5_max_wind,ERA5 10 m maximum,20.35999621023888,True,hourly mean,3
EP182023,Otis (2023),with_era5,2023-10-25T00:00:00+00:00,era5_max_wind,ERA5 10 m maximum,20.35999621023888,True,hourly mean,3
EP182023,Otis (2023),with_era5,2023-10-25T01:00:00+00:00,era5_max_wind,ERA5 10 m maximum,20.35999621023888,True,hourly mean,3
EP182023,Otis (2023),with_era5,2023-10-25T02:00:00+00:00,era5_max_wind,ERA5 10 m maximum,18.81618689997197,True,hourly mean,3
EP182023,Otis (2023),with_era5,2023-10-25T03:00:00+00:00,era5_max_wind,ERA5 10 m maximum,17.272377589705062,True,hourly mean,3
EP182023,Otis (2023),with_era5,2023-10-25T04:00:00+00:00,era5_max_wind,ERA5 10 m maximum,15.728568279438155,True,hourly mean,3
EP182023,Otis (2023),with_era5,2023-10-25T05:00:00+00:00,era5_max_wind,ERA5 10 m maximum,15.728568279438155,True,hourly mean,3
EP182023,Otis (2023),with_era5,2023-10-25T06:00:00+00:00,era5_max_wind,ERA5 10 m maximum,15.728568279438155,True,hourly mean,3
EP182023,Otis (2023),with_era5,2023-10-25T07:00:00+00:00,era5_max_wind,ERA5 10 m maximum,15.728568279438155,True,hourly mean,3
EP182023,Otis (2023),with_era5,2023-10-25T08:00:00+00:00,era5_max_wind,ERA5 10 m maximum,14.374867408530532,True,hourly mean,3
EP182023,Otis (2023),with_era5,2023-10-25T09:00:00+00:00,era5_max_wind,ERA5 10 m maximum,13.021166537622905,True,hourly mean,3
EP182023,Otis (2023),with_era5,2023-10-25T10:00:00+00:00,era5_max_wind,ERA5 10 m maximum,11.667465666715282,True,hourly mean,3
EP182023,Otis (2023),with_era5,2023-10-25T11:00:00+00:00,era5_max_wind,ERA5 10 m maximum,11.667465666715282,True,hourly mean,3
EP182023,Otis (2023),with_era5,2023-10-25T12:00:00+00:00,era5_max_wind,ERA5 10 m maximum,11.667465666715282,False,hourly mean,3
EP182023,Otis (2023),with_era5,2023-10-25T13:00:00+00:00,era5_max_wind,ERA5 10 m maximum,11.667465666715282,False,hourly mean,3
EP182023,Otis (2023),with_era5,2023-10-25T14:00:00+00:00,era5_max_wind,ERA5 10 m maximum,10.473093902456979,False,hourly mean,3
EP182023,Otis (2023),with_era5,2023-10-25T15:00:00+00:00,era5_max_wind,ERA5 10 m maximum,9.278722138198676,False,hourly mean,3
EP182023,Otis (2023),with_era5,2023-10-25T16:00:00+00:00,era5_max_wind,ERA5 10 m maximum,8.163185482969999,False,hourly mean,3
EP182023,Otis (2023),with_era5,2023-10-25T17:00:00+00:00,era5_max_wind,ERA5 10 m maximum,8.202603037484812,False,hourly mean,3
EP182023,Otis (2023),with_era5,2023-10-21T00:00:00+00:00,correction_image_radii,Standard MLP · image radii,11.43339761098226,False,hourly mean,3
EP182023,Otis (2023),with_era5,2023-10-21T01:00:00+00:00,correction_image_radii,Standard MLP · image radii,11.131357616848417,False,hourly mean,3
EP182023,Otis (2023),with_era5,2023-10-21T02:00:00+00:00,correction_image_radii,Standard MLP · image radii,11.647506925794813,False,hourly mean,3
EP182023,Otis (2023),with_era5,2023-10-21T03:00:00+00:00,correction_image_radii,Standard MLP · image radii,12.56681532329983,False,hourly mean,3
EP182023,Otis (2023),with_era5,2023-10-21T04:00:00+00:00,correction_image_radii,Standard MLP · image radii,15.411568588680693,False,hourly mean,3
EP182023,Otis (2023),with_era5,2023-10-21T05:00:00+00:00,correction_image_radii,Standard MLP · image radii,16.719290415445965,False,hourly mean,3
EP182023,Otis (2023),with_era5,2023-10-21T06:00:00+00:00,correction_image_radii,Standard MLP · image radii,17.37715186013116,False,hourly mean,3
EP182023,Otis (2023),with_era5,2023-10-21T07:00:00+00:00,correction_image_radii,Standard MLP · image radii,15.48872571521335,False,hourly mean,3
EP182023,Otis (2023),with_era5,2023-10-21T08:00:00+00:00,correction_image_radii,Standard MLP · image radii,14.299714512295191,False,hourly mean,3
EP182023,Otis (2023),with_era5,2023-10-21T09:00:00+00:00,correction_image_radii,Standard MLP · image radii,14.070334381527372,False,hourly mean,3
EP182023,Otis (2023),with_era5,2023-10-21T10:00:00+00:00,correction_image_radii,Standard MLP · image radii,14.719889905717636,False,hourly mean,3
EP182023,Otis (2023),with_era5,2023-10-21T11:00:00+00:00,correction_image_radii,Standard MLP · image radii,16.888939645555283,False,hourly mean,3
EP182023,Otis (2023),with_era5,2023-10-21T12:00:00+00:00,correction_image_radii,Standard MLP · image radii,18.375573900010853,False,hourly mean,3
EP182023,Otis (2023),with_era5,2023-10-21T13:00:00+00:00,correction_image_radii,Standard MLP · image radii,19.687888463338215,False,hourly mean,3
EP182023,Otis (2023),with_era5,2023-10-21T14:00:00+00:00,correction_image_radii,Standard MLP · image radii,19.21231042014228,False,hourly mean,3
EP182023,Otis (2023),with_era5,2023-10-21T15:00:00+00:00,correction_image_radii,Standard MLP · image radii,17.36021810107761,False,hourly mean,3
EP182023,Otis (2023),with_era5,2023-10-21T16:00:00+00:00,correction_image_radii,Standard MLP · image radii,16.186586750878227,False,hourly mean,3
EP182023,Otis (2023),with_era5,2023-10-21T17:00:00+00:00,correction_image_radii,Standard MLP · image radii,15.057780318790014,False,hourly mean,3
EP182023,Otis (2023),with_era5,2023-10-21T18:00:00+00:00,correction_image_radii,Standard MLP · image radii,15.79857603708903,False,hourly mean,3
EP182023,Otis (2023),with_era5,2023-10-21T19:00:00+00:00,correction_image_radii,Standard MLP · image radii,16.999741978115505,False,hourly mean,3
EP182023,Otis (2023),with_era5,2023-10-21T20:00:00+00:00,correction_image_radii,Standard MLP · image radii,16.732073413001167,False,hourly mean,3
EP182023,Otis (2023),with_era5,2023-10-21T21:00:00+00:00,correction_image_radii,Standard MLP · image radii,15.464894983503555,False,hourly mean,3
EP182023,Otis (2023),with_era5,2023-10-21T22:00:00+00:00,correction_image_radii,Standard MLP · image radii,13.049200375874838,False,hourly mean,3
EP182023,Otis (2023),with_era5,2023-10-21T23:00:00+00:00,correction_image_radii,Standard MLP · image radii,12.454328960842554,False,hourly mean,3
EP182023,Otis (2023),with_era5,2023-10-22T00:00:00+00:00,correction_image_radii,Standard MLP · image radii,12.73881228764852,False,hourly mean,3
EP182023,Otis (2023),with_era5,2023-10-22T01:00:00+00:00,correction_image_radii,Standard MLP · image radii,12.974630302853056,False,hourly mean,3
EP182023,Otis (2023),with_era5,2023-10-22T02:00:00+00:00,correction_image_radii,Standard MLP · image radii,13.153194003634985,False,hourly mean,3
EP182023,Otis (2023),with_era5,2023-10-22T03:00:00+00:00,correction_image_radii,Standard MLP · image radii,13.077106157938639,False,hourly mean,3
EP182023,Otis (2023),with_era5,2023-10-22T04:00:00+00:00,correction_image_radii,Standard MLP · image radii,13.383892006344263,False,hourly mean,3
EP182023,Otis (2023),with_era5,2023-10-22T05:00:00+00:00,correction_image_radii,Standard MLP · image radii,13.389297803243002,False,hourly mean,3
EP182023,Otis (2023),with_era5,2023-10-22T06:00:00+00:00,correction_image_radii,Standard MLP · image radii,13.599938498602972,False,hourly mean,3
EP182023,Otis (2023),with_era5,2023-10-22T07:00:00+00:00,correction_image_radii,Standard MLP · image radii,14.825425042046442,False,hourly mean,3
EP182023,Otis (2023),with_era5,2023-10-22T08:00:00+00:00,correction_image_radii,Standard MLP · image radii,16.65064960055881,False,hourly mean,3
EP182023,Otis (2023),with_era5,2023-10-22T09:00:00+00:00,correction_image_radii,Standard MLP · image radii,17.750940958658855,False,hourly mean,3
EP182023,Otis (2023),with_era5,2023-10-22T10:00:00+00:00,correction_image_radii,Standard MLP · image radii,17.621585845947266,False,hourly mean,3
EP182023,Otis (2023),with_era5,2023-10-22T11:00:00+00:00,correction_image_radii,Standard MLP · image radii,17.194781250423855,False,hourly mean,3
EP182023,Otis (2023),with_era5,2023-10-22T12:00:00+00:00,correction_image_radii,Standard MLP · image radii,17.364812162187363,False,hourly mean,3
EP182023,Otis (2023),with_era5,2023-10-22T13:00:00+00:00,correction_image_radii,Standard MLP · image radii,17.388090080685085,False,hourly mean,3
EP182023,Otis (2023),with_era5,2023-10-22T14:00:00+00:00,correction_image_radii,Standard MLP · image radii,17.28360663519965,False,hourly mean,3
EP182023,Otis (2023),with_era5,2023-10-22T15:00:00+00:00,correction_image_radii,Standard MLP · image radii,18.989756796095108,False,hourly mean,3
EP182023,Otis (2023),with_era5,2023-10-22T16:00:00+00:00,correction_image_radii,Standard MLP · image radii,19.27081076304118,False,hourly mean,3
EP182023,Otis (2023),with_era5,2023-10-22T17:00:00+00:00,correction_image_radii,Standard MLP · image radii,18.788395351833767,False,hourly mean,3
EP182023,Otis (2023),with_era5,2023-10-22T18:00:00+00:00,correction_image_radii,Standard MLP · image radii,17.095583173963757,False,hourly mean,3
EP182023,Otis (2023),with_era5,2023-10-22T19:00:00+00:00,correction_image_radii,Standard MLP · image radii,17.22204632229275,False,hourly mean,3
EP182023,Otis (2023),with_era5,2023-10-22T20:00:00+00:00,correction_image_radii,Standard MLP · image radii,18.518730905320908,False,hourly mean,3
EP182023,Otis (2023),with_era5,2023-10-22T21:00:00+00:00,correction_image_radii,Standard MLP · image radii,19.335577646891277,False,hourly mean,3
EP182023,Otis (2023),with_era5,2023-10-22T22:00:00+00:00,correction_image_radii,Standard MLP · image radii,20.08683353000217,False,hourly mean,3
EP182023,Otis (2023),with_era5,2023-10-22T23:00:00+00:00,correction_image_radii,Standard MLP · image radii,20.692489200168186,False,hourly mean,3
EP182023,Otis (2023),with_era5,2023-10-23T00:00:00+00:00,correction_image_radii,Standard MLP · image radii,21.450650639004177,False,hourly mean,3
EP182023,Otis (2023),with_era5,2023-10-23T01:00:00+00:00,correction_image_radii,Standard MLP · image radii,21.983192867702908,False,hourly mean,3
EP182023,Otis (2023),with_era5,2023-10-23T02:00:00+00:00,correction_image_radii,Standard MLP · image radii,22.062400605943466,False,hourly mean,3
EP182023,Otis (2023),with_era5,2023-10-23T03:00:00+00:00,correction_image_radii,Standard MLP · image radii,22.357864909701878,False,hourly mean,3
EP182023,Otis (2023),with_era5,2023-10-23T04:00:00+00:00,correction_image_radii,Standard MLP · image radii,22.789780298868816,False,hourly mean,3
EP182023,Otis (2023),with_era5,2023-10-23T05:00:00+00:00,correction_image_radii,Standard MLP · image radii,23.460348976982967,False,hourly mean,3
EP182023,Otis (2023),with_era5,2023-10-23T06:00:00+00:00,correction_image_radii,Standard MLP · image radii,23.499326917860245,False,hourly mean,3
EP182023,Otis (2023),with_era5,2023-10-23T07:00:00+00:00,correction_image_radii,Standard MLP · image radii,23.47912587059869,False,hourly mean,3
EP182023,Otis (2023),with_era5,2023-10-23T08:00:00+00:00,correction_image_radii,Standard MLP · image radii,22.723057746887207,False,hourly mean,3
EP182023,Otis (2023),with_era5,2023-10-23T09:00:00+00:00,correction_image_radii,Standard MLP · image radii,21.87117290496826,False,hourly mean,3
EP182023,Otis (2023),with_era5,2023-10-23T10:00:00+00:00,correction_image_radii,Standard MLP · image radii,21.327945285373264,False,hourly mean,3
EP182023,Otis (2023),with_era5,2023-10-23T11:00:00+00:00,correction_image_radii,Standard MLP · image radii,23.600317001342773,False,hourly mean,3
EP182023,Otis (2023),with_era5,2023-10-23T12:00:00+00:00,correction_image_radii,Standard MLP · image radii,25.498029708862305,False,hourly mean,3
EP182023,Otis (2023),with_era5,2023-10-23T13:00:00+00:00,correction_image_radii,Standard MLP · image radii,25.41978359222412,False,hourly mean,3
EP182023,Otis (2023),with_era5,2023-10-23T14:00:00+00:00,correction_image_radii,Standard MLP · image radii,22.912035518222382,False,hourly mean,3
EP182023,Otis (2023),with_era5,2023-10-23T15:00:00+00:00,correction_image_radii,Standard MLP · image radii,20.88952785068088,False,hourly mean,3
EP182023,Otis (2023),with_era5,2023-10-23T16:00:00+00:00,correction_image_radii,Standard MLP · image radii,19.951992670694988,False,hourly mean,3
EP182023,Otis (2023),with_era5,2023-10-23T17:00:00+00:00,correction_image_radii,Standard MLP · image radii,19.757211367289226,False,hourly mean,3
EP182023,Otis (2023),with_era5,2023-10-23T18:00:00+00:00,correction_image_radii,Standard MLP · image radii,20.323596106635197,False,hourly mean,3
EP182023,Otis (2023),with_era5,2023-10-23T19:00:00+00:00,correction_image_radii,Standard MLP · image radii,19.927875836690266,False,hourly mean,3
EP182023,Otis (2023),with_era5,2023-10-23T20:00:00+00:00,correction_image_radii,Standard MLP · image radii,21.0840326944987,False,hourly mean,3
EP182023,Otis (2023),with_era5,2023-10-23T21:00:00+00:00,correction_image_radii,Standard MLP · image radii,21.50990316602919,False,hourly mean,3
EP182023,Otis (2023),with_era5,2023-10-23T22:00:00+00:00,correction_image_radii,Standard MLP · image radii,24.280652787950302,False,hourly mean,3
EP182023,Otis (2023),with_era5,2023-10-23T23:00:00+00:00,correction_image_radii,Standard MLP · image radii,25.420176294114853,False,hourly mean,3
EP182023,Otis (2023),with_era5,2023-10-24T00:00:00+00:00,correction_image_radii,Standard MLP · image radii,26.58139970567491,False,hourly mean,3
EP182023,Otis (2023),with_era5,2023-10-24T01:00:00+00:00,correction_image_radii,Standard MLP · image radii,26.939122835795086,False,hourly mean,3
EP182023,Otis (2023),with_era5,2023-10-24T02:00:00+00:00,correction_image_radii,Standard MLP · image radii,26.692941241794163,False,hourly mean,3
EP182023,Otis (2023),with_era5,2023-10-24T03:00:00+00:00,correction_image_radii,Standard MLP · image radii,26.76517974005805,False,hourly mean,3
EP182023,Otis (2023),with_era5,2023-10-24T04:00:00+00:00,correction_image_radii,Standard MLP · image radii,26.767998377482098,False,hourly mean,3
EP182023,Otis (2023),with_era5,2023-10-24T05:00:00+00:00,correction_image_radii,Standard MLP · image radii,27.19494692484538,False,hourly mean,3
EP182023,Otis (2023),with_era5,2023-10-24T06:00:00+00:00,correction_image_radii,Standard MLP · image radii,27.379656579759388,False,hourly mean,3
EP182023,Otis (2023),with_era5,2023-10-24T07:00:00+00:00,correction_image_radii,Standard MLP · image radii,27.83724085489909,False,hourly mean,3
EP182023,Otis (2023),with_era5,2023-10-24T08:00:00+00:00,correction_image_radii,Standard MLP · image radii,29.669943279690216,False,hourly mean,3
EP182023,Otis (2023),with_era5,2023-10-24T09:00:00+00:00,correction_image_radii,Standard MLP · image radii,31.617107497321232,False,hourly mean,3
EP182023,Otis (2023),with_era5,2023-10-24T10:00:00+00:00,correction_image_radii,Standard MLP · image radii,33.59698316786024,False,hourly mean,3
EP182023,Otis (2023),with_era5,2023-10-24T11:00:00+00:00,correction_image_radii,Standard MLP · image radii,33.921056959364144,False,hourly mean,3
EP182023,Otis (2023),with_era5,2023-10-24T12:00:00+00:00,correction_image_radii,Standard MLP · image radii,34.42494159274631,False,hourly mean,3
EP182023,Otis (2023),with_era5,2023-10-24T13:00:00+00:00,correction_image_radii,Standard MLP · image radii,35.334009382459854,True,hourly mean,3
EP182023,Otis (2023),with_era5,2023-10-24T14:00:00+00:00,correction_image_radii,Standard MLP · image radii,36.59401618109809,True,hourly mean,3
EP182023,Otis (2023),with_era5,2023-10-24T15:00:00+00:00,correction_image_radii,Standard MLP · image radii,38.34504593743218,True,hourly mean,3
EP182023,Otis (2023),with_era5,2023-10-24T16:00:00+00:00,correction_image_radii,Standard MLP · image radii,38.24399375915527,True,hourly mean,3
EP182023,Otis (2023),with_era5,2023-10-24T17:00:00+00:00,correction_image_radii,Standard MLP · image radii,39.37437714470757,True,hourly mean,3
EP182023,Otis (2023),with_era5,2023-10-24T18:00:00+00:00,correction_image_radii,Standard MLP · image radii,39.87983703613281,True,hourly mean,3
EP182023,Otis (2023),with_era5,2023-10-24T19:00:00+00:00,correction_image_radii,Standard MLP · image radii,40.789427863227,True,hourly mean,3
EP182023,Otis (2023),with_era5,2023-10-24T20:00:00+00:00,correction_image_radii,Standard MLP · image radii,42.30440881517199,True,hourly mean,3
EP182023,Otis (2023),with_era5,2023-10-24T21:00:00+00:00,correction_image_radii,Standard MLP · image radii,45.250031577216255,True,hourly mean,3
EP182023,Otis (2023),with_era5,2023-10-24T22:00:00+00:00,correction_image_radii,Standard MLP · image radii,50.7836505042182,True,hourly mean,3
EP182023,Otis (2023),with_era5,2023-10-24T23:00:00+00:00,correction_image_radii,Standard MLP · image radii,53.70356390211318,True,hourly mean,3
EP182023,Otis (2023),with_era5,2023-10-25T00:00:00+00:00,correction_image_radii,Standard MLP · image radii,54.00308481852213,True,hourly mean,3
EP182023,Otis (2023),with_era5,2023-10-25T01:00:00+00:00,correction_image_radii,Standard MLP · image radii,51.46075545416937,True,hourly mean,3
EP182023,Otis (2023),with_era5,2023-10-25T02:00:00+00:00,correction_image_radii,Standard MLP · image radii,51.212053510877816,True,hourly mean,3
EP182023,Otis (2023),with_era5,2023-10-25T03:00:00+00:00,correction_image_radii,Standard MLP · image radii,52.487528271145294,True,hourly mean,3
EP182023,Otis (2023),with_era5,2023-10-25T04:00:00+00:00,correction_image_radii,Standard MLP · image radii,52.00758171081543,True,hourly mean,3
EP182023,Otis (2023),with_era5,2023-10-25T05:00:00+00:00,correction_image_radii,Standard MLP · image radii,46.20234298706055,True,hourly mean,3
EP182023,Otis (2023),with_era5,2023-10-25T06:00:00+00:00,correction_image_radii,Standard MLP · image radii,40.04621569315592,True,hourly mean,3
EP182023,Otis (2023),with_era5,2023-10-25T07:00:00+00:00,correction_image_radii,Standard MLP · image radii,35.50659486982557,True,hourly mean,3
EP182023,Otis (2023),with_era5,2023-10-25T08:00:00+00:00,correction_image_radii,Standard MLP · image radii,30.66530980004205,True,hourly mean,3
EP182023,Otis (2023),with_era5,2023-10-25T09:00:00+00:00,correction_image_radii,Standard MLP · image radii,22.626105255550808,True,hourly mean,3
EP182023,Otis (2023),with_era5,2023-10-25T10:00:00+00:00,correction_image_radii,Standard MLP · image radii,15.725197103288437,True,hourly mean,3
EP182023,Otis (2023),with_era5,2023-10-25T11:00:00+00:00,correction_image_radii,Standard MLP · image radii,12.606459458669027,True,hourly mean,3
EP182023,Otis (2023),with_era5,2023-10-25T12:00:00+00:00,correction_image_radii,Standard MLP · image radii,12.474573135375977,False,hourly mean,3
EP182023,Otis (2023),with_era5,2023-10-25T13:00:00+00:00,correction_image_radii,Standard MLP · image radii,12.38154247072008,False,hourly mean,3
EP182023,Otis (2023),with_era5,2023-10-25T14:00:00+00:00,correction_image_radii,Standard MLP · image radii,11.067791567908394,False,hourly mean,3
EP182023,Otis (2023),with_era5,2023-10-25T15:00:00+00:00,correction_image_radii,Standard MLP · image radii,9.842897733052572,False,hourly mean,3
EP182023,Otis (2023),with_era5,2023-10-25T16:00:00+00:00,correction_image_radii,Standard MLP · image radii,8.63299814860026,False,hourly mean,3
EP182023,Otis (2023),with_era5,2023-10-25T17:00:00+00:00,correction_image_radii,Standard MLP · image radii,8.6806001663208,False,hourly mean,3
EP182023,Otis (2023),with_era5,2023-10-21T00:00:00+00:00,correction_mlp_radii,Standard MLP · MLP radii,10.980974674224854,False,hourly mean,3
EP182023,Otis (2023),with_era5,2023-10-21T01:00:00+00:00,correction_mlp_radii,Standard MLP · MLP radii,10.684945053524443,False,hourly mean,3
EP182023,Otis (2023),with_era5,2023-10-21T02:00:00+00:00,correction_mlp_radii,Standard MLP · MLP radii,11.216713322533503,False,hourly mean,3
EP182023,Otis (2023),with_era5,2023-10-21T03:00:00+00:00,correction_mlp_radii,Standard MLP · MLP radii,12.145812352498373,False,hourly mean,3
EP182023,Otis (2023),with_era5,2023-10-21T04:00:00+00:00,correction_mlp_radii,Standard MLP · MLP radii,14.996240350935194,False,hourly mean,3
EP182023,Otis (2023),with_era5,2023-10-21T05:00:00+00:00,correction_mlp_radii,Standard MLP · MLP radii,16.28776778115166,False,hourly mean,3
EP182023,Otis (2023),with_era5,2023-10-21T06:00:00+00:00,correction_mlp_radii,Standard MLP · MLP radii,16.951046254899765,False,hourly mean,3
EP182023,Otis (2023),with_era5,2023-10-21T07:00:00+00:00,correction_mlp_radii,Standard MLP · MLP radii,15.074272579616968,False,hourly mean,3
EP182023,Otis (2023),with_era5,2023-10-21T08:00:00+00:00,correction_mlp_radii,Standard MLP · MLP radii,13.90855762693617,False,hourly mean,3
EP182023,Otis (2023),with_era5,2023-10-21T09:00:00+00:00,correction_mlp_radii,Standard MLP · MLP radii,13.682901488410101,False,hourly mean,3
EP182023,Otis (2023),with_era5,2023-10-21T10:00:00+00:00,correction_mlp_radii,Standard MLP · MLP radii,14.328927516937256,False,hourly mean,3
EP182023,Otis (2023),with_era5,2023-10-21T11:00:00+00:00,correction_mlp_radii,Standard MLP · MLP radii,16.50401380327013,False,hourly mean,3
EP182023,Otis (2023),with_era5,2023-10-21T12:00:00+00:00,correction_mlp_radii,Standard MLP · MLP radii,18.003374735514324,False,hourly mean,3
EP182023,Otis (2023),with_era5,2023-10-21T13:00:00+00:00,correction_mlp_radii,Standard MLP · MLP radii,19.32960107591417,False,hourly mean,3
EP182023,Otis (2023),with_era5,2023-10-21T14:00:00+00:00,correction_mlp_radii,Standard MLP · MLP radii,18.857099268171524,False,hourly mean,3
EP182023,Otis (2023),with_era5,2023-10-21T15:00:00+00:00,correction_mlp_radii,Standard MLP · MLP radii,16.99515114890205,False,hourly mean,3
EP182023,Otis (2023),with_era5,2023-10-21T16:00:00+00:00,correction_mlp_radii,Standard MLP · MLP radii,15.808558570014108,False,hourly mean,3
EP182023,Otis (2023),with_era5,2023-10-21T17:00:00+00:00,correction_mlp_radii,Standard MLP · MLP radii,14.670231925116646,False,hourly mean,3
EP182023,Otis (2023),with_era5,2023-10-21T18:00:00+00:00,correction_mlp_radii,Standard MLP · MLP radii,15.412287129296198,False,hourly mean,3
EP182023,Otis (2023),with_era5,2023-10-21T19:00:00+00:00,correction_mlp_radii,Standard MLP · MLP radii,16.617414792378742,False,hourly mean,3
EP182023,Otis (2023),with_era5,2023-10-21T20:00:00+00:00,correction_mlp_radii,Standard MLP · MLP radii,16.345360543992783,False,hourly mean,3
EP182023,Otis (2023),with_era5,2023-10-21T21:00:00+00:00,correction_mlp_radii,Standard MLP · MLP radii,15.066372023688423,False,hourly mean,3
EP182023,Otis (2023),with_era5,2023-10-21T22:00:00+00:00,correction_mlp_radii,Standard MLP · MLP radii,12.640753163231743,False,hourly mean,3
EP182023,Otis (2023),with_era5,2023-10-21T23:00:00+00:00,correction_mlp_radii,Standard MLP · MLP radii,12.046819792853462,False,hourly mean,3
EP182023,Otis (2023),with_era5,2023-10-22T00:00:00+00:00,correction_mlp_radii,Standard MLP · MLP radii,12.339047114054361,False,hourly mean,3
EP182023,Otis (2023),with_era5,2023-10-22T01:00:00+00:00,correction_mlp_radii,Standard MLP · MLP radii,12.5768707063463,False,hourly mean,3
EP182023,Otis (2023),with_era5,2023-10-22T02:00:00+00:00,correction_mlp_radii,Standard MLP · MLP radii,12.733267837100557,False,hourly mean,3
EP182023,Otis (2023),with_era5,2023-10-22T03:00:00+00:00,correction_mlp_radii,Standard MLP · MLP radii,12.636610984802246,False,hourly mean,3
EP182023,Otis (2023),with_era5,2023-10-22T04:00:00+00:00,correction_mlp_radii,Standard MLP · MLP radii,12.923364427354601,False,hourly mean,3
EP182023,Otis (2023),with_era5,2023-10-22T05:00:00+00:00,correction_mlp_radii,Standard MLP · MLP radii,12.93644936879476,False,hourly mean,3
EP182023,Otis (2023),with_era5,2023-10-22T06:00:00+00:00,correction_mlp_radii,Standard MLP · MLP radii,13.164916038513184,False,hourly mean,3
EP182023,Otis (2023),with_era5,2023-10-22T07:00:00+00:00,correction_mlp_radii,Standard MLP · MLP radii,14.439213275909424,False,hourly mean,3
EP182023,Otis (2023),with_era5,2023-10-22T08:00:00+00:00,correction_mlp_radii,Standard MLP · MLP radii,16.327700720893013,False,hourly mean,3
EP182023,Otis (2023),with_era5,2023-10-22T09:00:00+00:00,correction_mlp_radii,Standard MLP · MLP radii,17.460097312927246,False,hourly mean,3
EP182023,Otis (2023),with_era5,2023-10-22T10:00:00+00:00,correction_mlp_radii,Standard MLP · MLP radii,17.331003189086914,False,hourly mean,3
EP182023,Otis (2023),with_era5,2023-10-22T11:00:00+00:00,correction_mlp_radii,Standard MLP · MLP radii,16.88858530256483,False,hourly mean,3
EP182023,Otis (2023),with_era5,2023-10-22T12:00:00+00:00,correction_mlp_radii,Standard MLP · MLP radii,17.05576737721761,False,hourly mean,3
EP182023,Otis (2023),with_era5,2023-10-22T13:00:00+00:00,correction_mlp_radii,Standard MLP · MLP radii,17.07791222466363,False,hourly mean,3
EP182023,Otis (2023),with_era5,2023-10-22T14:00:00+00:00,correction_mlp_radii,Standard MLP · MLP radii,16.9754646619161,False,hourly mean,3
EP182023,Otis (2023),with_era5,2023-10-22T15:00:00+00:00,correction_mlp_radii,Standard MLP · MLP radii,18.690380255381267,False,hourly mean,3
EP182023,Otis (2023),with_era5,2023-10-22T16:00:00+00:00,correction_mlp_radii,Standard MLP · MLP radii,18.984174728393555,False,hourly mean,3
EP182023,Otis (2023),with_era5,2023-10-22T17:00:00+00:00,correction_mlp_radii,Standard MLP · MLP radii,18.496875551011826,False,hourly mean,3
EP182023,Otis (2023),with_era5,2023-10-22T18:00:00+00:00,correction_mlp_radii,Standard MLP · MLP radii,16.78654840257433,False,hourly mean,3
EP182023,Otis (2023),with_era5,2023-10-22T19:00:00+00:00,correction_mlp_radii,Standard MLP · MLP radii,16.89076789220174,False,hourly mean,3
EP182023,Otis (2023),with_era5,2023-10-22T20:00:00+00:00,correction_mlp_radii,Standard MLP · MLP radii,18.182911025153267,False,hourly mean,3
EP182023,Otis (2023),with_era5,2023-10-22T21:00:00+00:00,correction_mlp_radii,Standard MLP · MLP radii,18.994422806633846,False,hourly mean,3
EP182023,Otis (2023),with_era5,2023-10-22T22:00:00+00:00,correction_mlp_radii,Standard MLP · MLP radii,19.734907892015247,False,hourly mean,3
EP182023,Otis (2023),with_era5,2023-10-22T23:00:00+00:00,correction_mlp_radii,Standard MLP · MLP radii,20.31366803910997,False,hourly mean,3
EP182023,Otis (2023),with_era5,2023-10-23T00:00:00+00:00,correction_mlp_radii,Standard MLP · MLP radii,21.047252231174046,False,hourly mean,3
EP182023,Otis (2023),with_era5,2023-10-23T01:00:00+00:00,correction_mlp_radii,Standard MLP · MLP radii,21.564104398091633,False,hourly mean,3
EP182023,Otis (2023),with_era5,2023-10-23T02:00:00+00:00,correction_mlp_radii,Standard MLP · MLP radii,21.650311258104114,False,hourly mean,3
EP182023,Otis (2023),with_era5,2023-10-23T03:00:00+00:00,correction_mlp_radii,Standard MLP · MLP radii,21.965123282538524,False,hourly mean,3
EP182023,Otis (2023),with_era5,2023-10-23T04:00:00+00:00,correction_mlp_radii,Standard MLP · MLP radii,22.431394471062557,False,hourly mean,3
EP182023,Otis (2023),with_era5,2023-10-23T05:00:00+00:00,correction_mlp_radii,Standard MLP · MLP radii,23.12907197740343,False,hourly mean,3
EP182023,Otis (2023),with_era5,2023-10-23T06:00:00+00:00,correction_mlp_radii,Standard MLP · MLP radii,23.203860494825577,False,hourly mean,3
EP182023,Otis (2023),with_era5,2023-10-23T07:00:00+00:00,correction_mlp_radii,Standard MLP · MLP radii,23.201458507113987,False,hourly mean,3
EP182023,Otis (2023),with_era5,2023-10-23T08:00:00+00:00,correction_mlp_radii,Standard MLP · MLP radii,22.475019772847492,False,hourly mean,3
EP182023,Otis (2023),with_era5,2023-10-23T09:00:00+00:00,correction_mlp_radii,Standard MLP · MLP radii,21.619145075480144,False,hourly mean,3
EP182023,Otis (2023),with_era5,2023-10-23T10:00:00+00:00,correction_mlp_radii,Standard MLP · MLP radii,21.066582361857098,False,hourly mean,3
EP182023,Otis (2023),with_era5,2023-10-23T11:00:00+00:00,correction_mlp_radii,Standard MLP · MLP radii,23.312371677822536,False,hourly mean,3
EP182023,Otis (2023),with_era5,2023-10-23T12:00:00+00:00,correction_mlp_radii,Standard MLP · MLP radii,25.205110761854385,False,hourly mean,3
EP182023,Otis (2023),with_era5,2023-10-23T13:00:00+00:00,correction_mlp_radii,Standard MLP · MLP radii,25.13890541924371,False,hourly mean,3
EP182023,Otis (2023),with_era5,2023-10-23T14:00:00+00:00,correction_mlp_radii,Standard MLP · MLP radii,22.631759219699436,False,hourly mean,3
EP182023,Otis (2023),with_era5,2023-10-23T15:00:00+00:00,correction_mlp_radii,Standard MLP · MLP radii,20.605400297376846,False,hourly mean,3
EP182023,Otis (2023),with_era5,2023-10-23T16:00:00+00:00,correction_mlp_radii,Standard MLP · MLP radii,19.655664443969727,False,hourly mean,3
EP182023,Otis (2023),with_era5,2023-10-23T17:00:00+00:00,correction_mlp_radii,Standard MLP · MLP radii,19.455891609191895,False,hourly mean,3
EP182023,Otis (2023),with_era5,2023-10-23T18:00:00+00:00,correction_mlp_radii,Standard MLP · MLP radii,20.016181733873157,False,hourly mean,3
EP182023,Otis (2023),with_era5,2023-10-23T19:00:00+00:00,correction_mlp_radii,Standard MLP · MLP radii,19.60569455888536,False,hourly mean,3
EP182023,Otis (2023),with_era5,2023-10-23T20:00:00+00:00,correction_mlp_radii,Standard MLP · MLP radii,20.77523284488254,False,hourly mean,3
EP182023,Otis (2023),with_era5,2023-10-23T21:00:00+00:00,correction_mlp_radii,Standard MLP · MLP radii,21.222193400065105,False,hourly mean,3
EP182023,Otis (2023),with_era5,2023-10-23T22:00:00+00:00,correction_mlp_radii,Standard MLP · MLP radii,24.033913612365723,False,hourly mean,3
EP182023,Otis (2023),with_era5,2023-10-23T23:00:00+00:00,correction_mlp_radii,Standard MLP · MLP radii,25.199200524224178,False,hourly mean,3
EP182023,Otis (2023),with_era5,2023-10-24T00:00:00+00:00,correction_mlp_radii,Standard MLP · MLP radii,26.3825920952691,False,hourly mean,3
EP182023,Otis (2023),with_era5,2023-10-24T01:00:00+00:00,correction_mlp_radii,Standard MLP · MLP radii,26.749693764580623,False,hourly mean,3
EP182023,Otis (2023),with_era5,2023-10-24T02:00:00+00:00,correction_mlp_radii,Standard MLP · MLP radii,26.502736409505207,False,hourly mean,3
EP182023,Otis (2023),with_era5,2023-10-24T03:00:00+00:00,correction_mlp_radii,Standard MLP · MLP radii,26.571985032823353,False,hourly mean,3
EP182023,Otis (2023),with_era5,2023-10-24T04:00:00+00:00,correction_mlp_radii,Standard MLP · MLP radii,26.57333140903049,False,hourly mean,3
EP182023,Otis (2023),with_era5,2023-10-24T05:00:00+00:00,correction_mlp_radii,Standard MLP · MLP radii,26.998206668429905,False,hourly mean,3
EP182023,Otis (2023),with_era5,2023-10-24T06:00:00+00:00,correction_mlp_radii,Standard MLP · MLP radii,27.1810515721639,False,hourly mean,3
EP182023,Otis (2023),with_era5,2023-10-24T07:00:00+00:00,correction_mlp_radii,Standard MLP · MLP radii,27.633641031053333,False,hourly mean,3
EP182023,Otis (2023),with_era5,2023-10-24T08:00:00+00:00,correction_mlp_radii,Standard MLP · MLP radii,29.446891360812717,False,hourly mean,3
EP182023,Otis (2023),with_era5,2023-10-24T09:00:00+00:00,correction_mlp_radii,Standard MLP · MLP radii,31.37649949391683,False,hourly mean,3
EP182023,Otis (2023),with_era5,2023-10-24T10:00:00+00:00,correction_mlp_radii,Standard MLP · MLP radii,33.340028338962135,False,hourly mean,3
EP182023,Otis (2023),with_era5,2023-10-24T11:00:00+00:00,correction_mlp_radii,Standard MLP · MLP radii,33.645707872178825,False,hourly mean,3
EP182023,Otis (2023),with_era5,2023-10-24T12:00:00+00:00,correction_mlp_radii,Standard MLP · MLP radii,34.10300466749403,False,hourly mean,3
EP182023,Otis (2023),with_era5,2023-10-24T13:00:00+00:00,correction_mlp_radii,Standard MLP · MLP radii,34.95284525553385,True,hourly mean,3
EP182023,Otis (2023),with_era5,2023-10-24T14:00:00+00:00,correction_mlp_radii,Standard MLP · MLP radii,36.15216255187988,True,hourly mean,3
EP182023,Otis (2023),with_era5,2023-10-24T15:00:00+00:00,correction_mlp_radii,Standard MLP · MLP radii,37.84893777635363,True,hourly mean,3
EP182023,Otis (2023),with_era5,2023-10-24T16:00:00+00:00,correction_mlp_radii,Standard MLP · MLP radii,37.713024351331924,True,hourly mean,3
EP182023,Otis (2023),with_era5,2023-10-24T17:00:00+00:00,correction_mlp_radii,Standard MLP · MLP radii,38.81509357028538,True,hourly mean,3
EP182023,Otis (2023),with_era5,2023-10-24T18:00:00+00:00,correction_mlp_radii,Standard MLP · MLP radii,39.309853447808166,True,hourly mean,3
EP182023,Otis (2023),with_era5,2023-10-24T19:00:00+00:00,correction_mlp_radii,Standard MLP · MLP radii,40.2104426489936,True,hourly mean,3
EP182023,Otis (2023),with_era5,2023-10-24T20:00:00+00:00,correction_mlp_radii,Standard MLP · MLP radii,41.73216183980306,True,hourly mean,3
EP182023,Otis (2023),with_era5,2023-10-24T21:00:00+00:00,correction_mlp_radii,Standard MLP · MLP radii,44.682830174764,True,hourly mean,3
EP182023,Otis (2023),with_era5,2023-10-24T22:00:00+00:00,correction_mlp_radii,Standard MLP · MLP radii,50.21609687805176,True,hourly mean,3
EP182023,Otis (2023),with_era5,2023-10-24T23:00:00+00:00,correction_mlp_radii,Standard MLP · MLP radii,53.13485675387912,True,hourly mean,3
EP182023,Otis (2023),with_era5,2023-10-25T00:00:00+00:00,correction_mlp_radii,Standard MLP · MLP radii,53.44365310668945,True,hourly mean,3
EP182023,Otis (2023),with_era5,2023-10-25T01:00:00+00:00,correction_mlp_radii,Standard MLP · MLP radii,50.90651257832845,True,hourly mean,3
EP182023,Otis (2023),with_era5,2023-10-25T02:00:00+00:00,correction_mlp_radii,Standard MLP · MLP radii,50.720889833238395,True,hourly mean,3
EP182023,Otis (2023),with_era5,2023-10-25T03:00:00+00:00,correction_mlp_radii,Standard MLP · MLP radii,52.056056340535484,True,hourly mean,3
EP182023,Otis (2023),with_era5,2023-10-25T04:00:00+00:00,correction_mlp_radii,Standard MLP · MLP radii,51.62489234076605,True,hourly mean,3
EP182023,Otis (2023),with_era5,2023-10-25T05:00:00+00:00,correction_mlp_radii,Standard MLP · MLP radii,45.792947345309784,True,hourly mean,3
EP182023,Otis (2023),with_era5,2023-10-25T06:00:00+00:00,correction_mlp_radii,Standard MLP · MLP radii,39.59643851386176,True,hourly mean,3
EP182023,Otis (2023),with_era5,2023-10-25T07:00:00+00:00,correction_mlp_radii,Standard MLP · MLP radii,34.992084397210014,True,hourly mean,3
EP182023,Otis (2023),with_era5,2023-10-25T08:00:00+00:00,correction_mlp_radii,Standard MLP · MLP radii,30.161000357733826,True,hourly mean,3
EP182023,Otis (2023),with_era5,2023-10-25T09:00:00+00:00,correction_mlp_radii,Standard MLP · MLP radii,22.098628679911297,True,hourly mean,3
EP182023,Otis (2023),with_era5,2023-10-25T10:00:00+00:00,correction_mlp_radii,Standard MLP · MLP radii,15.19646935992771,True,hourly mean,3
EP182023,Otis (2023),with_era5,2023-10-25T11:00:00+00:00,correction_mlp_radii,Standard MLP · MLP radii,11.989094257354736,True,hourly mean,3
EP182023,Otis (2023),with_era5,2023-10-25T12:00:00+00:00,correction_mlp_radii,Standard MLP · MLP radii,11.781955348120794,False,hourly mean,3
EP182023,Otis (2023),with_era5,2023-10-25T13:00:00+00:00,correction_mlp_radii,Standard MLP · MLP radii,11.61056269539727,False,hourly mean,3
EP182023,Otis (2023),with_era5,2023-10-25T14:00:00+00:00,correction_mlp_radii,Standard MLP · MLP radii,10.250142335891722,False,hourly mean,3
EP182023,Otis (2023),with_era5,2023-10-25T15:00:00+00:00,correction_mlp_radii,Standard MLP · MLP radii,8.978160460789999,False,hourly mean,3
EP182023,Otis (2023),with_era5,2023-10-25T16:00:00+00:00,correction_mlp_radii,Standard MLP · MLP radii,7.716077778074477,False,hourly mean,3
EP182023,Otis (2023),with_era5,2023-10-25T17:00:00+00:00,correction_mlp_radii,Standard MLP · MLP radii,7.719038486480713,False,hourly mean,3
EP182023,Otis (2023),with_era5,2023-10-21T00:00:00+00:00,latent_sar_max_wind_radii,Latent MLP · SAR · wind + radii,20.08681503931681,False,hourly mean,3
EP182023,Otis (2023),with_era5,2023-10-21T01:00:00+00:00,latent_sar_max_wind_radii,Latent MLP · SAR · wind + radii,19.982854101392956,False,hourly mean,3
EP182023,Otis (2023),with_era5,2023-10-21T02:00:00+00:00,latent_sar_max_wind_radii,Latent MLP · SAR · wind + radii,19.808415942721894,False,hourly mean,3
EP182023,Otis (2023),with_era5,2023-10-21T03:00:00+00:00,latent_sar_max_wind_radii,Latent MLP · SAR · wind + radii,19.71716213226318,False,hourly mean,3
EP182023,Otis (2023),with_era5,2023-10-21T04:00:00+00:00,latent_sar_max_wind_radii,Latent MLP · SAR · wind + radii,19.69893783993191,False,hourly mean,3
EP182023,Otis (2023),with_era5,2023-10-21T05:00:00+00:00,latent_sar_max_wind_radii,Latent MLP · SAR · wind + radii,19.827725728352863,False,hourly mean,3
EP182023,Otis (2023),with_era5,2023-10-21T06:00:00+00:00,latent_sar_max_wind_radii,Latent MLP · SAR · wind + radii,19.936844931708443,False,hourly mean,3
EP182023,Otis (2023),with_era5,2023-10-21T07:00:00+00:00,latent_sar_max_wind_radii,Latent MLP · SAR · wind + radii,20.020480473836262,False,hourly mean,3
EP182023,Otis (2023),with_era5,2023-10-21T08:00:00+00:00,latent_sar_max_wind_radii,Latent MLP · SAR · wind + radii,20.06982633802626,False,hourly mean,3
EP182023,Otis (2023),with_era5,2023-10-21T09:00:00+00:00,latent_sar_max_wind_radii,Latent MLP · SAR · wind + radii,20.0753722720676,False,hourly mean,3
EP182023,Otis (2023),with_era5,2023-10-21T10:00:00+00:00,latent_sar_max_wind_radii,Latent MLP · SAR · wind + radii,20.070423126220707,False,hourly mean,3
EP182023,Otis (2023),with_era5,2023-10-21T11:00:00+00:00,latent_sar_max_wind_radii,Latent MLP · SAR · wind + radii,19.89486927456326,False,hourly mean,3
EP182023,Otis (2023),with_era5,2023-10-21T12:00:00+00:00,latent_sar_max_wind_radii,Latent MLP · SAR · wind + radii,19.731693585713703,False,hourly mean,3
EP182023,Otis (2023),with_era5,2023-10-21T13:00:00+00:00,latent_sar_max_wind_radii,Latent MLP · SAR · wind + radii,19.72844017876519,False,hourly mean,3
EP182023,Otis (2023),with_era5,2023-10-21T14:00:00+00:00,latent_sar_max_wind_radii,Latent MLP · SAR · wind + radii,19.97819232940674,False,hourly mean,3
EP182023,Otis (2023),with_era5,2023-10-21T15:00:00+00:00,latent_sar_max_wind_radii,Latent MLP · SAR · wind + radii,20.44373173183865,False,hourly mean,3
EP182023,Otis (2023),with_era5,2023-10-21T16:00:00+00:00,latent_sar_max_wind_radii,Latent MLP · SAR · wind + radii,21.04233180152045,False,hourly mean,3
EP182023,Otis (2023),with_era5,2023-10-21T17:00:00+00:00,latent_sar_max_wind_radii,Latent MLP · SAR · wind + radii,21.58487383524577,False,hourly mean,3
EP182023,Otis (2023),with_era5,2023-10-21T18:00:00+00:00,latent_sar_max_wind_radii,Latent MLP · SAR · wind + radii,21.9827086130778,False,hourly mean,3
EP182023,Otis (2023),with_era5,2023-10-21T19:00:00+00:00,latent_sar_max_wind_radii,Latent MLP · SAR · wind + radii,22.118676715426975,False,hourly mean,3
EP182023,Otis (2023),with_era5,2023-10-21T20:00:00+00:00,latent_sar_max_wind_radii,Latent MLP · SAR · wind + radii,21.814366552564834,False,hourly mean,3
EP182023,Otis (2023),with_era5,2023-10-21T21:00:00+00:00,latent_sar_max_wind_radii,Latent MLP · SAR · wind + radii,21.352604760064022,False,hourly mean,3
EP182023,Otis (2023),with_era5,2023-10-21T22:00:00+00:00,latent_sar_max_wind_radii,Latent MLP · SAR · wind + radii,20.758552339341907,False,hourly mean,3
EP182023,Otis (2023),with_era5,2023-10-21T23:00:00+00:00,latent_sar_max_wind_radii,Latent MLP · SAR · wind + radii,20.330157703823513,False,hourly mean,3
EP182023,Otis (2023),with_era5,2023-10-22T00:00:00+00:00,latent_sar_max_wind_radii,Latent MLP · SAR · wind + radii,20.003463957044815,False,hourly mean,3
EP182023,Otis (2023),with_era5,2023-10-22T01:00:00+00:00,latent_sar_max_wind_radii,Latent MLP · SAR · wind + radii,19.800341606140137,False,hourly mean,3
EP182023,Otis (2023),with_era5,2023-10-22T02:00:00+00:00,latent_sar_max_wind_radii,Latent MLP · SAR · wind + radii,20.021705203586155,False,hourly mean,3
EP182023,Otis (2023),with_era5,2023-10-22T03:00:00+00:00,latent_sar_max_wind_radii,Latent MLP · SAR · wind + radii,20.215259234110516,False,hourly mean,3
EP182023,Otis (2023),with_era5,2023-10-22T04:00:00+00:00,latent_sar_max_wind_radii,Latent MLP · SAR · wind + radii,20.46974531809489,False,hourly mean,3
EP182023,Otis (2023),with_era5,2023-10-22T05:00:00+00:00,latent_sar_max_wind_radii,Latent MLP · SAR · wind + radii,20.591899659898544,False,hourly mean,3
EP182023,Otis (2023),with_era5,2023-10-22T06:00:00+00:00,latent_sar_max_wind_radii,Latent MLP · SAR · wind + radii,20.7993983162774,False,hourly mean,3
EP182023,Otis (2023),with_era5,2023-10-22T07:00:00+00:00,latent_sar_max_wind_radii,Latent MLP · SAR · wind + radii,20.948599815368652,False,hourly mean,3
EP182023,Otis (2023),with_era5,2023-10-22T08:00:00+00:00,latent_sar_max_wind_radii,Latent MLP · SAR · wind + radii,21.247394031948513,False,hourly mean,3
EP182023,Otis (2023),with_era5,2023-10-22T09:00:00+00:00,latent_sar_max_wind_radii,Latent MLP · SAR · wind + radii,21.752523316277394,False,hourly mean,3
EP182023,Otis (2023),with_era5,2023-10-22T10:00:00+00:00,latent_sar_max_wind_radii,Latent MLP · SAR · wind + radii,22.46423594156901,False,hourly mean,3
EP182023,Otis (2023),with_era5,2023-10-22T11:00:00+00:00,latent_sar_max_wind_radii,Latent MLP · SAR · wind + radii,22.76593187120226,False,hourly mean,3
EP182023,Otis (2023),with_era5,2023-10-22T12:00:00+00:00,latent_sar_max_wind_radii,Latent MLP · SAR · wind + radii,22.569785118103027,False,hourly mean,3
EP182023,Otis (2023),with_era5,2023-10-22T13:00:00+00:00,latent_sar_max_wind_radii,Latent MLP · SAR · wind + radii,21.959345605638294,False,hourly mean,3
EP182023,Otis (2023),with_era5,2023-10-22T14:00:00+00:00,latent_sar_max_wind_radii,Latent MLP · SAR · wind + radii,22.159580760531952,False,hourly mean,3
EP182023,Otis (2023),with_era5,2023-10-22T15:00:00+00:00,latent_sar_max_wind_radii,Latent MLP · SAR · wind + radii,22.57104704115126,False,hourly mean,3
EP182023,Otis (2023),with_era5,2023-10-22T16:00:00+00:00,latent_sar_max_wind_radii,Latent MLP · SAR · wind + radii,23.134145948621963,False,hourly mean,3
EP182023,Otis (2023),with_era5,2023-10-22T17:00:00+00:00,latent_sar_max_wind_radii,Latent MLP · SAR · wind + radii,22.834643999735516,False,hourly mean,3
EP182023,Otis (2023),with_era5,2023-10-22T18:00:00+00:00,latent_sar_max_wind_radii,Latent MLP · SAR · wind + radii,22.596820301479763,False,hourly mean,3
EP182023,Otis (2023),with_era5,2023-10-22T19:00:00+00:00,latent_sar_max_wind_radii,Latent MLP · SAR · wind + radii,23.51285743713379,False,hourly mean,3
EP182023,Otis (2023),with_era5,2023-10-22T20:00:00+00:00,latent_sar_max_wind_radii,Latent MLP · SAR · wind + radii,27.535450723436142,False,hourly mean,3
EP182023,Otis (2023),with_era5,2023-10-22T21:00:00+00:00,latent_sar_max_wind_radii,Latent MLP · SAR · wind + radii,30.27903111775716,False,hourly mean,3
EP182023,Otis (2023),with_era5,2023-10-22T22:00:00+00:00,latent_sar_max_wind_radii,Latent MLP · SAR · wind + radii,30.81682851579454,False,hourly mean,3
EP182023,Otis (2023),with_era5,2023-10-22T23:00:00+00:00,latent_sar_max_wind_radii,Latent MLP · SAR · wind + radii,27.634187698364258,False,hourly mean,3
EP182023,Otis (2023),with_era5,2023-10-23T00:00:00+00:00,latent_sar_max_wind_radii,Latent MLP · SAR · wind + radii,25.200832155015732,False,hourly mean,3
EP182023,Otis (2023),with_era5,2023-10-23T01:00:00+00:00,latent_sar_max_wind_radii,Latent MLP · SAR · wind + radii,23.510165532430012,False,hourly mean,3
EP182023,Otis (2023),with_era5,2023-10-23T02:00:00+00:00,latent_sar_max_wind_radii,Latent MLP · SAR · wind + radii,22.181981510586212,False,hourly mean,3
EP182023,Otis (2023),with_era5,2023-10-23T03:00:00+00:00,latent_sar_max_wind_radii,Latent MLP · SAR · wind + radii,21.372365527682835,False,hourly mean,3
EP182023,Otis (2023),with_era5,2023-10-23T04:00:00+00:00,latent_sar_max_wind_radii,Latent MLP · SAR · wind + radii,21.045154677497013,False,hourly mean,3
EP182023,Otis (2023),with_era5,2023-10-23T05:00:00+00:00,latent_sar_max_wind_radii,Latent MLP · SAR · wind + radii,21.355232132805714,False,hourly mean,3
EP182023,Otis (2023),with_era5,2023-10-23T06:00:00+00:00,latent_sar_max_wind_radii,Latent MLP · SAR · wind + radii,21.98048644595676,False,hourly mean,3
EP182023,Otis (2023),with_era5,2023-10-23T07:00:00+00:00,latent_sar_max_wind_radii,Latent MLP · SAR · wind + radii,22.754507912529835,False,hourly mean,3
EP182023,Otis (2023),with_era5,2023-10-23T08:00:00+00:00,latent_sar_max_wind_radii,Latent MLP · SAR · wind + radii,23.394888348049587,False,hourly mean,3
EP182023,Otis (2023),with_era5,2023-10-23T09:00:00+00:00,latent_sar_max_wind_radii,Latent MLP · SAR · wind + radii,23.69075531429715,False,hourly mean,3
EP182023,Otis (2023),with_era5,2023-10-23T10:00:00+00:00,latent_sar_max_wind_radii,Latent MLP · SAR · wind + radii,23.599876403808594,False,hourly mean,3
EP182023,Otis (2023),with_era5,2023-10-23T11:00:00+00:00,latent_sar_max_wind_radii,Latent MLP · SAR · wind + radii,23.17459519704183,False,hourly mean,3
EP182023,Otis (2023),with_era5,2023-10-23T12:00:00+00:00,latent_sar_max_wind_radii,Latent MLP · SAR · wind + radii,23.157717280917698,False,hourly mean,3
EP182023,Otis (2023),with_era5,2023-10-23T13:00:00+00:00,latent_sar_max_wind_radii,Latent MLP · SAR · wind + radii,23.861728456285267,False,hourly mean,3
EP182023,Otis (2023),with_era5,2023-10-23T14:00:00+00:00,latent_sar_max_wind_radii,Latent MLP · SAR · wind + radii,24.328587638007267,False,hourly mean,3
EP182023,Otis (2023),with_era5,2023-10-23T15:00:00+00:00,latent_sar_max_wind_radii,Latent MLP · SAR · wind + radii,24.970329920450848,False,hourly mean,3
EP182023,Otis (2023),with_era5,2023-10-23T16:00:00+00:00,latent_sar_max_wind_radii,Latent MLP · SAR · wind + radii,25.649915907118057,False,hourly mean,3
EP182023,Otis (2023),with_era5,2023-10-23T17:00:00+00:00,latent_sar_max_wind_radii,Latent MLP · SAR · wind + radii,26.945264074537487,False,hourly mean,3
EP182023,Otis (2023),with_era5,2023-10-23T18:00:00+00:00,latent_sar_max_wind_radii,Latent MLP · SAR · wind + radii,27.691762924194336,False,hourly mean,3
EP182023,Otis (2023),with_era5,2023-10-23T19:00:00+00:00,latent_sar_max_wind_radii,Latent MLP · SAR · wind + radii,27.66311550140381,False,hourly mean,3
EP182023,Otis (2023),with_era5,2023-10-23T20:00:00+00:00,latent_sar_max_wind_radii,Latent MLP · SAR · wind + radii,27.566579182942707,False,hourly mean,3
EP182023,Otis (2023),with_era5,2023-10-23T21:00:00+00:00,latent_sar_max_wind_radii,Latent MLP · SAR · wind + radii,27.603668318854435,False,hourly mean,3
EP182023,Otis (2023),with_era5,2023-10-23T22:00:00+00:00,latent_sar_max_wind_radii,Latent MLP · SAR · wind + radii,27.53337457444933,False,hourly mean,3
EP182023,Otis (2023),with_era5,2023-10-23T23:00:00+00:00,latent_sar_max_wind_radii,Latent MLP · SAR · wind + radii,27.140636867947048,False,hourly mean,3
EP182023,Otis (2023),with_era5,2023-10-24T00:00:00+00:00,latent_sar_max_wind_radii,Latent MLP · SAR · wind + radii,26.55690860748291,False,hourly mean,3
EP182023,Otis (2023),with_era5,2023-10-24T01:00:00+00:00,latent_sar_max_wind_radii,Latent MLP · SAR · wind + radii,26.248392528957794,False,hourly mean,3
EP182023,Otis (2023),with_era5,2023-10-24T02:00:00+00:00,latent_sar_max_wind_radii,Latent MLP · SAR · wind + radii,26.725092993842228,False,hourly mean,3
EP182023,Otis (2023),with_era5,2023-10-24T03:00:00+00:00,latent_sar_max_wind_radii,Latent MLP · SAR · wind + radii,27.48342810736762,False,hourly mean,3
EP182023,Otis (2023),with_era5,2023-10-24T04:00:00+00:00,latent_sar_max_wind_radii,Latent MLP · SAR · wind + radii,28.2954977883233,False,hourly mean,3
EP182023,Otis (2023),with_era5,2023-10-24T05:00:00+00:00,latent_sar_max_wind_radii,Latent MLP · SAR · wind + radii,29.429008060031464,False,hourly mean,3
EP182023,Otis (2023),with_era5,2023-10-24T06:00:00+00:00,latent_sar_max_wind_radii,Latent MLP · SAR · wind + radii,32.49380408393012,False,hourly mean,3
EP182023,Otis (2023),with_era5,2023-10-24T07:00:00+00:00,latent_sar_max_wind_radii,Latent MLP · SAR · wind + radii,34.324055989583336,False,hourly mean,3
EP182023,Otis (2023),with_era5,2023-10-24T08:00:00+00:00,latent_sar_max_wind_radii,Latent MLP · SAR · wind + radii,37.15286191304525,False,hourly mean,3
EP182023,Otis (2023),with_era5,2023-10-24T09:00:00+00:00,latent_sar_max_wind_radii,Latent MLP · SAR · wind + radii,37.88678296407064,False,hourly mean,3
EP182023,Otis (2023),with_era5,2023-10-24T10:00:00+00:00,latent_sar_max_wind_radii,Latent MLP · SAR · wind + radii,41.04512977600098,False,hourly mean,3
EP182023,Otis (2023),with_era5,2023-10-24T11:00:00+00:00,latent_sar_max_wind_radii,Latent MLP · SAR · wind + radii,45.466596603393555,False,hourly mean,3
EP182023,Otis (2023),with_era5,2023-10-24T12:00:00+00:00,latent_sar_max_wind_radii,Latent MLP · SAR · wind + radii,49.58229976230197,False,hourly mean,3
EP182023,Otis (2023),with_era5,2023-10-24T13:00:00+00:00,latent_sar_max_wind_radii,Latent MLP · SAR · wind + radii,52.40081596374512,True,hourly mean,3
EP182023,Otis (2023),with_era5,2023-10-24T14:00:00+00:00,latent_sar_max_wind_radii,Latent MLP · SAR · wind + radii,46.45981661478678,True,hourly mean,3
EP182023,Otis (2023),with_era5,2023-10-24T15:00:00+00:00,latent_sar_max_wind_radii,Latent MLP · SAR · wind + radii,41.723510318332245,True,hourly mean,3
EP182023,Otis (2023),with_era5,2023-10-24T16:00:00+00:00,latent_sar_max_wind_radii,Latent MLP · SAR · wind + radii,36.392717361450195,True,hourly mean,3
EP182023,Otis (2023),with_era5,2023-10-24T17:00:00+00:00,latent_sar_max_wind_radii,Latent MLP · SAR · wind + radii,35.99450259738499,True,hourly mean,3
EP182023,Otis (2023),with_era5,2023-10-24T18:00:00+00:00,latent_sar_max_wind_radii,Latent MLP · SAR · wind + radii,34.481778674655494,True,hourly mean,3
EP182023,Otis (2023),with_era5,2023-10-24T19:00:00+00:00,latent_sar_max_wind_radii,Latent MLP · SAR · wind + radii,33.05658721923829,True,hourly mean,3
EP182023,Otis (2023),with_era5,2023-10-24T20:00:00+00:00,latent_sar_max_wind_radii,Latent MLP · SAR · wind + radii,37.76396475897895,True,hourly mean,3
EP182023,Otis (2023),with_era5,2023-10-24T21:00:00+00:00,latent_sar_max_wind_radii,Latent MLP · SAR · wind + radii,45.59052022298177,True,hourly mean,3
EP182023,Otis (2023),with_era5,2023-10-24T22:00:00+00:00,latent_sar_max_wind_radii,Latent MLP · SAR · wind + radii,55.53969298468695,True,hourly mean,3
EP182023,Otis (2023),with_era5,2023-10-24T23:00:00+00:00,latent_sar_max_wind_radii,Latent MLP · SAR · wind + radii,60.40327262878418,True,hourly mean,3
EP182023,Otis (2023),with_era5,2023-10-25T00:00:00+00:00,latent_sar_max_wind_radii,Latent MLP · SAR · wind + radii,63.36210674709744,True,hourly mean,3
EP182023,Otis (2023),with_era5,2023-10-25T01:00:00+00:00,latent_sar_max_wind_radii,Latent MLP · SAR · wind + radii,64.66497082180447,True,hourly mean,3
EP182023,Otis (2023),with_era5,2023-10-25T02:00:00+00:00,latent_sar_max_wind_radii,Latent MLP · SAR · wind + radii,65.64231554667155,True,hourly mean,3
EP182023,Otis (2023),with_era5,2023-10-25T03:00:00+00:00,latent_sar_max_wind_radii,Latent MLP · SAR · wind + radii,65.22692108154297,True,hourly mean,3
EP182023,Otis (2023),with_era5,2023-10-25T04:00:00+00:00,latent_sar_max_wind_radii,Latent MLP · SAR · wind + radii,63.849107318454315,True,hourly mean,3
EP182023,Otis (2023),with_era5,2023-10-25T05:00:00+00:00,latent_sar_max_wind_radii,Latent MLP · SAR · wind + radii,59.534030490451386,True,hourly mean,3
EP182023,Otis (2023),with_era5,2023-10-25T06:00:00+00:00,latent_sar_max_wind_radii,Latent MLP · SAR · wind + radii,49.72505187988281,True,hourly mean,3
EP182023,Otis (2023),with_era5,2023-10-25T07:00:00+00:00,latent_sar_max_wind_radii,Latent MLP · SAR · wind + radii,40.22621726989746,True,hourly mean,3
EP182023,Otis (2023),with_era5,2023-10-25T08:00:00+00:00,latent_sar_max_wind_radii,Latent MLP · SAR · wind + radii,29.79773913489448,True,hourly mean,3
EP182023,Otis (2023),with_era5,2023-10-25T09:00:00+00:00,latent_sar_max_wind_radii,Latent MLP · SAR · wind + radii,24.992165671454533,True,hourly mean,3
EP182023,Otis (2023),with_era5,2023-10-25T10:00:00+00:00,latent_sar_max_wind_radii,Latent MLP · SAR · wind + radii,20.93633132510715,True,hourly mean,3
EP182023,Otis (2023),with_era5,2023-10-25T11:00:00+00:00,latent_sar_max_wind_radii,Latent MLP · SAR · wind + radii,20.951708369784882,True,hourly mean,3
EP182023,Otis (2023),with_era5,2023-10-25T12:00:00+00:00,latent_sar_max_wind_radii,Latent MLP · SAR · wind + radii,21.53736803266737,False,hourly mean,3
EP182023,Otis (2023),with_era5,2023-10-25T13:00:00+00:00,latent_sar_max_wind_radii,Latent MLP · SAR · wind + radii,22.946559694078232,False,hourly mean,3
EP182023,Otis (2023),with_era5,2023-10-25T14:00:00+00:00,latent_sar_max_wind_radii,Latent MLP · SAR · wind + radii,26.912271817525227,False,hourly mean,3
EP182023,Otis (2023),with_era5,2023-10-25T15:00:00+00:00,latent_sar_max_wind_radii,Latent MLP · SAR · wind + radii,30.98994657728407,False,hourly mean,3
EP182023,Otis (2023),with_era5,2023-10-25T16:00:00+00:00,latent_sar_max_wind_radii,Latent MLP · SAR · wind + radii,34.310776180691185,False,hourly mean,3
EP182023,Otis (2023),with_era5,2023-10-25T17:00:00+00:00,latent_sar_max_wind_radii,Latent MLP · SAR · wind + radii,34.850867907206215,False,hourly mean,3
EP182023,Otis (2023),with_era5,2023-10-21T00:00:00+00:00,latent_no_sar_max_wind_radii,Latent MLP · no SAR · wind + radii,18.613598187764488,False,hourly mean,3
EP182023,Otis (2023),with_era5,2023-10-21T01:00:00+00:00,latent_no_sar_max_wind_radii,Latent MLP · no SAR · wind + radii,18.720967504713272,False,hourly mean,3
EP182023,Otis (2023),with_era5,2023-10-21T02:00:00+00:00,latent_no_sar_max_wind_radii,Latent MLP · no SAR · wind + radii,18.38677724202474,False,hourly mean,3
EP182023,Otis (2023),with_era5,2023-10-21T03:00:00+00:00,latent_no_sar_max_wind_radii,Latent MLP · no SAR · wind + radii,18.19137668609619,False,hourly mean,3
EP182023,Otis (2023),with_era5,2023-10-21T04:00:00+00:00,latent_no_sar_max_wind_radii,Latent MLP · no SAR · wind + radii,18.540094587537975,False,hourly mean,3
EP182023,Otis (2023),with_era5,2023-10-21T05:00:00+00:00,latent_no_sar_max_wind_radii,Latent MLP · no SAR · wind + radii,19.7822896109687,False,hourly mean,3
EP182023,Otis (2023),with_era5,2023-10-21T06:00:00+00:00,latent_no_sar_max_wind_radii,Latent MLP · no SAR · wind + radii,21.127701547410755,False,hourly mean,3
EP182023,Otis (2023),with_era5,2023-10-21T07:00:00+00:00,latent_no_sar_max_wind_radii,Latent MLP · no SAR · wind + radii,21.21695211198595,False,hourly mean,3
EP182023,Otis (2023),with_era5,2023-10-21T08:00:00+00:00,latent_no_sar_max_wind_radii,Latent MLP · no SAR · wind + radii,20.47987609439426,False,hourly mean,3
EP182023,Otis (2023),with_era5,2023-10-21T09:00:00+00:00,latent_no_sar_max_wind_radii,Latent MLP · no SAR · wind + radii,20.602646403842503,False,hourly mean,3
EP182023,Otis (2023),with_era5,2023-10-21T10:00:00+00:00,latent_no_sar_max_wind_radii,Latent MLP · no SAR · wind + radii,21.135769420199924,False,hourly mean,3
EP182023,Otis (2023),with_era5,2023-10-21T11:00:00+00:00,latent_no_sar_max_wind_radii,Latent MLP · no SAR · wind + radii,21.810096634758846,False,hourly mean,3
EP182023,Otis (2023),with_era5,2023-10-21T12:00:00+00:00,latent_no_sar_max_wind_radii,Latent MLP · no SAR · wind + radii,22.573054313659668,False,hourly mean,3
EP182023,Otis (2023),with_era5,2023-10-21T13:00:00+00:00,latent_no_sar_max_wind_radii,Latent MLP · no SAR · wind + radii,22.749674797058105,False,hourly mean,3
EP182023,Otis (2023),with_era5,2023-10-21T14:00:00+00:00,latent_no_sar_max_wind_radii,Latent MLP · no SAR · wind + radii,23.890624152289494,False,hourly mean,3
EP182023,Otis (2023),with_era5,2023-10-21T15:00:00+00:00,latent_no_sar_max_wind_radii,Latent MLP · no SAR · wind + radii,23.85251733991835,False,hourly mean,3
EP182023,Otis (2023),with_era5,2023-10-21T16:00:00+00:00,latent_no_sar_max_wind_radii,Latent MLP · no SAR · wind + radii,24.35177993774414,False,hourly mean,3
EP182023,Otis (2023),with_era5,2023-10-21T17:00:00+00:00,latent_no_sar_max_wind_radii,Latent MLP · no SAR · wind + radii,23.505719714694553,False,hourly mean,3
EP182023,Otis (2023),with_era5,2023-10-21T18:00:00+00:00,latent_no_sar_max_wind_radii,Latent MLP · no SAR · wind + radii,22.96436882019043,False,hourly mean,3
EP182023,Otis (2023),with_era5,2023-10-21T19:00:00+00:00,latent_no_sar_max_wind_radii,Latent MLP · no SAR · wind + radii,22.728665987650555,False,hourly mean,3
EP182023,Otis (2023),with_era5,2023-10-21T20:00:00+00:00,latent_no_sar_max_wind_radii,Latent MLP · no SAR · wind + radii,21.931908183627655,False,hourly mean,3
EP182023,Otis (2023),with_era5,2023-10-21T21:00:00+00:00,latent_no_sar_max_wind_radii,Latent MLP · no SAR · wind + radii,21.225449138217503,False,hourly mean,3
EP182023,Otis (2023),with_era5,2023-10-21T22:00:00+00:00,latent_no_sar_max_wind_radii,Latent MLP · no SAR · wind + radii,20.2580509185791,False,hourly mean,3
EP182023,Otis (2023),with_era5,2023-10-21T23:00:00+00:00,latent_no_sar_max_wind_radii,Latent MLP · no SAR · wind + radii,20.66093529595269,False,hourly mean,3
EP182023,Otis (2023),with_era5,2023-10-22T00:00:00+00:00,latent_no_sar_max_wind_radii,Latent MLP · no SAR · wind + radii,20.838788244459362,False,hourly mean,3
EP182023,Otis (2023),with_era5,2023-10-22T01:00:00+00:00,latent_no_sar_max_wind_radii,Latent MLP · no SAR · wind + radii,21.012201839023163,False,hourly mean,3
EP182023,Otis (2023),with_era5,2023-10-22T02:00:00+00:00,latent_no_sar_max_wind_radii,Latent MLP · no SAR · wind + radii,20.64555401272244,False,hourly mean,3
EP182023,Otis (2023),with_era5,2023-10-22T03:00:00+00:00,latent_no_sar_max_wind_radii,Latent MLP · no SAR · wind + radii,21.033906194898815,False,hourly mean,3
EP182023,Otis (2023),with_era5,2023-10-22T04:00:00+00:00,latent_no_sar_max_wind_radii,Latent MLP · no SAR · wind + radii,21.257307582431366,False,hourly mean,3
EP182023,Otis (2023),with_era5,2023-10-22T05:00:00+00:00,latent_no_sar_max_wind_radii,Latent MLP · no SAR · wind + radii,22.24338722229004,False,hourly mean,3
EP182023,Otis (2023),with_era5,2023-10-22T06:00:00+00:00,latent_no_sar_max_wind_radii,Latent MLP · no SAR · wind + radii,22.956849522060818,False,hourly mean,3
EP182023,Otis (2023),with_era5,2023-10-22T07:00:00+00:00,latent_no_sar_max_wind_radii,Latent MLP · no SAR · wind + radii,23.21826669904921,False,hourly mean,3
EP182023,Otis (2023),with_era5,2023-10-22T08:00:00+00:00,latent_no_sar_max_wind_radii,Latent MLP · no SAR · wind + radii,23.03682761722141,False,hourly mean,3
EP182023,Otis (2023),with_era5,2023-10-22T09:00:00+00:00,latent_no_sar_max_wind_radii,Latent MLP · no SAR · wind + radii,23.23211161295573,False,hourly mean,3
EP182023,Otis (2023),with_era5,2023-10-22T10:00:00+00:00,latent_no_sar_max_wind_radii,Latent MLP · no SAR · wind + radii,24.079068925645615,False,hourly mean,3
EP182023,Otis (2023),with_era5,2023-10-22T11:00:00+00:00,latent_no_sar_max_wind_radii,Latent MLP · no SAR · wind + radii,24.897216584947376,False,hourly mean,3
EP182023,Otis (2023),with_era5,2023-10-22T12:00:00+00:00,latent_no_sar_max_wind_radii,Latent MLP · no SAR · wind + radii,25.12240420447456,False,hourly mean,3
EP182023,Otis (2023),with_era5,2023-10-22T13:00:00+00:00,latent_no_sar_max_wind_radii,Latent MLP · no SAR · wind + radii,24.707036760118275,False,hourly mean,3
EP182023,Otis (2023),with_era5,2023-10-22T14:00:00+00:00,latent_no_sar_max_wind_radii,Latent MLP · no SAR · wind + radii,23.88076655069987,False,hourly mean,3
EP182023,Otis (2023),with_era5,2023-10-22T15:00:00+00:00,latent_no_sar_max_wind_radii,Latent MLP · no SAR · wind + radii,23.616658952501083,False,hourly mean,3
EP182023,Otis (2023),with_era5,2023-10-22T16:00:00+00:00,latent_no_sar_max_wind_radii,Latent MLP · no SAR · wind + radii,23.515829616122772,False,hourly mean,3
EP182023,Otis (2023),with_era5,2023-10-22T17:00:00+00:00,latent_no_sar_max_wind_radii,Latent MLP · no SAR · wind + radii,23.327555444505478,False,hourly mean,3
EP182023,Otis (2023),with_era5,2023-10-22T18:00:00+00:00,latent_no_sar_max_wind_radii,Latent MLP · no SAR · wind + radii,22.598393228318958,False,hourly mean,3
EP182023,Otis (2023),with_era5,2023-10-22T19:00:00+00:00,latent_no_sar_max_wind_radii,Latent MLP · no SAR · wind + radii,22.507753160264755,False,hourly mean,3
EP182023,Otis (2023),with_era5,2023-10-22T20:00:00+00:00,latent_no_sar_max_wind_radii,Latent MLP · no SAR · wind + radii,22.976062880622013,False,hourly mean,3
EP182023,Otis (2023),with_era5,2023-10-22T21:00:00+00:00,latent_no_sar_max_wind_radii,Latent MLP · no SAR · wind + radii,23.393237749735516,False,hourly mean,3
EP182023,Otis (2023),with_era5,2023-10-22T22:00:00+00:00,latent_no_sar_max_wind_radii,Latent MLP · no SAR · wind + radii,23.71969223022461,False,hourly mean,3
EP182023,Otis (2023),with_era5,2023-10-22T23:00:00+00:00,latent_no_sar_max_wind_radii,Latent MLP · no SAR · wind + radii,24.470325469970703,False,hourly mean,3
EP182023,Otis (2023),with_era5,2023-10-23T00:00:00+00:00,latent_no_sar_max_wind_radii,Latent MLP · no SAR · wind + radii,24.44499725765652,False,hourly mean,3
EP182023,Otis (2023),with_era5,2023-10-23T01:00:00+00:00,latent_no_sar_max_wind_radii,Latent MLP · no SAR · wind + radii,24.137305047776966,False,hourly mean,3
EP182023,Otis (2023),with_era5,2023-10-23T02:00:00+00:00,latent_no_sar_max_wind_radii,Latent MLP · no SAR · wind + radii,23.491711086697048,False,hourly mean,3
EP182023,Otis (2023),with_era5,2023-10-23T03:00:00+00:00,latent_no_sar_max_wind_radii,Latent MLP · no SAR · wind + radii,24.01291338602702,False,hourly mean,3
EP182023,Otis (2023),with_era5,2023-10-23T04:00:00+00:00,latent_no_sar_max_wind_radii,Latent MLP · no SAR · wind + radii,24.628675566779247,False,hourly mean,3
EP182023,Otis (2023),with_era5,2023-10-23T05:00:00+00:00,latent_no_sar_max_wind_radii,Latent MLP · no SAR · wind + radii,24.76262919108073,False,hourly mean,3
EP182023,Otis (2023),with_era5,2023-10-23T06:00:00+00:00,latent_no_sar_max_wind_radii,Latent MLP · no SAR · wind + radii,24.82620843251546,False,hourly mean,3
EP182023,Otis (2023),with_era5,2023-10-23T07:00:00+00:00,latent_no_sar_max_wind_radii,Latent MLP · no SAR · wind + radii,25.596675660875107,False,hourly mean,3
EP182023,Otis (2023),with_era5,2023-10-23T08:00:00+00:00,latent_no_sar_max_wind_radii,Latent MLP · no SAR · wind + radii,26.09095011817085,False,hourly mean,3
EP182023,Otis (2023),with_era5,2023-10-23T09:00:00+00:00,latent_no_sar_max_wind_radii,Latent MLP · no SAR · wind + radii,26.956292364332413,False,hourly mean,3
EP182023,Otis (2023),with_era5,2023-10-23T10:00:00+00:00,latent_no_sar_max_wind_radii,Latent MLP · no SAR · wind + radii,27.040636168585888,False,hourly mean,3
EP182023,Otis (2023),with_era5,2023-10-23T11:00:00+00:00,latent_no_sar_max_wind_radii,Latent MLP · no SAR · wind + radii,27.38714090983073,False,hourly mean,3
EP182023,Otis (2023),with_era5,2023-10-23T12:00:00+00:00,latent_no_sar_max_wind_radii,Latent MLP · no SAR · wind + radii,26.01747947269016,False,hourly mean,3
EP182023,Otis (2023),with_era5,2023-10-23T13:00:00+00:00,latent_no_sar_max_wind_radii,Latent MLP · no SAR · wind + radii,24.406874550713436,False,hourly mean,3
EP182023,Otis (2023),with_era5,2023-10-23T14:00:00+00:00,latent_no_sar_max_wind_radii,Latent MLP · no SAR · wind + radii,22.8642815483941,False,hourly mean,3
EP182023,Otis (2023),with_era5,2023-10-23T15:00:00+00:00,latent_no_sar_max_wind_radii,Latent MLP · no SAR · wind + radii,22.242688602871368,False,hourly mean,3
EP182023,Otis (2023),with_era5,2023-10-23T16:00:00+00:00,latent_no_sar_max_wind_radii,Latent MLP · no SAR · wind + radii,22.088330268859863,False,hourly mean,3
EP182023,Otis (2023),with_era5,2023-10-23T17:00:00+00:00,latent_no_sar_max_wind_radii,Latent MLP · no SAR · wind + radii,22.116891754998097,False,hourly mean,3
EP182023,Otis (2023),with_era5,2023-10-23T18:00:00+00:00,latent_no_sar_max_wind_radii,Latent MLP · no SAR · wind + radii,21.682929674784344,False,hourly mean,3
EP182023,Otis (2023),with_era5,2023-10-23T19:00:00+00:00,latent_no_sar_max_wind_radii,Latent MLP · no SAR · wind + radii,21.146061791314022,False,hourly mean,3
EP182023,Otis (2023),with_era5,2023-10-23T20:00:00+00:00,latent_no_sar_max_wind_radii,Latent MLP · no SAR · wind + radii,21.61120308770074,False,hourly mean,3
EP182023,Otis (2023),with_era5,2023-10-23T21:00:00+00:00,latent_no_sar_max_wind_radii,Latent MLP · no SAR · wind + radii,22.287944475809734,False,hourly mean,3
EP182023,Otis (2023),with_era5,2023-10-23T22:00:00+00:00,latent_no_sar_max_wind_radii,Latent MLP · no SAR · wind + radii,23.187563366360134,False,hourly mean,3
EP182023,Otis (2023),with_era5,2023-10-23T23:00:00+00:00,latent_no_sar_max_wind_radii,Latent MLP · no SAR · wind + radii,22.61209318372938,False,hourly mean,3
EP182023,Otis (2023),with_era5,2023-10-24T00:00:00+00:00,latent_no_sar_max_wind_radii,Latent MLP · no SAR · wind + radii,22.33738899230957,False,hourly mean,3
EP182023,Otis (2023),with_era5,2023-10-24T01:00:00+00:00,latent_no_sar_max_wind_radii,Latent MLP · no SAR · wind + radii,22.48195171356201,False,hourly mean,3
EP182023,Otis (2023),with_era5,2023-10-24T02:00:00+00:00,latent_no_sar_max_wind_radii,Latent MLP · no SAR · wind + radii,23.999931971232098,False,hourly mean,3
EP182023,Otis (2023),with_era5,2023-10-24T03:00:00+00:00,latent_no_sar_max_wind_radii,Latent MLP · no SAR · wind + radii,27.26363531748454,False,hourly mean,3
EP182023,Otis (2023),with_era5,2023-10-24T04:00:00+00:00,latent_no_sar_max_wind_radii,Latent MLP · no SAR · wind + radii,30.100435362921825,False,hourly mean,3
EP182023,Otis (2023),with_era5,2023-10-24T05:00:00+00:00,latent_no_sar_max_wind_radii,Latent MLP · no SAR · wind + radii,30.039288944668243,False,hourly mean,3
EP182023,Otis (2023),with_era5,2023-10-24T06:00:00+00:00,latent_no_sar_max_wind_radii,Latent MLP · no SAR · wind + radii,28.284552574157715,False,hourly mean,3
EP182023,Otis (2023),with_era5,2023-10-24T07:00:00+00:00,latent_no_sar_max_wind_radii,Latent MLP · no SAR · wind + radii,27.731786939832897,False,hourly mean,3
EP182023,Otis (2023),with_era5,2023-10-24T08:00:00+00:00,latent_no_sar_max_wind_radii,Latent MLP · no SAR · wind + radii,29.75902345445421,False,hourly mean,3
EP182023,Otis (2023),with_era5,2023-10-24T09:00:00+00:00,latent_no_sar_max_wind_radii,Latent MLP · no SAR · wind + radii,31.492006831698948,False,hourly mean,3
EP182023,Otis (2023),with_era5,2023-10-24T10:00:00+00:00,latent_no_sar_max_wind_radii,Latent MLP · no SAR · wind + radii,30.765178892347546,False,hourly mean,3
EP182023,Otis (2023),with_era5,2023-10-24T11:00:00+00:00,latent_no_sar_max_wind_radii,Latent MLP · no SAR · wind + radii,29.960939089457195,False,hourly mean,3
EP182023,Otis (2023),with_era5,2023-10-24T12:00:00+00:00,latent_no_sar_max_wind_radii,Latent MLP · no SAR · wind + radii,30.30965370602078,False,hourly mean,3
EP182023,Otis (2023),with_era5,2023-10-24T13:00:00+00:00,latent_no_sar_max_wind_radii,Latent MLP · no SAR · wind + radii,34.664385901557075,True,hourly mean,3
EP182023,Otis (2023),with_era5,2023-10-24T14:00:00+00:00,latent_no_sar_max_wind_radii,Latent MLP · no SAR · wind + radii,37.20297516716851,True,hourly mean,3
EP182023,Otis (2023),with_era5,2023-10-24T15:00:00+00:00,latent_no_sar_max_wind_radii,Latent MLP · no SAR · wind + radii,40.312405056423614,True,hourly mean,3
EP182023,Otis (2023),with_era5,2023-10-24T16:00:00+00:00,latent_no_sar_max_wind_radii,Latent MLP · no SAR · wind + radii,39.46446545918783,True,hourly mean,3
EP182023,Otis (2023),with_era5,2023-10-24T17:00:00+00:00,latent_no_sar_max_wind_radii,Latent MLP · no SAR · wind + radii,42.73716799418131,True,hourly mean,3
EP182023,Otis (2023),with_era5,2023-10-24T18:00:00+00:00,latent_no_sar_max_wind_radii,Latent MLP · no SAR · wind + radii,45.8072509765625,True,hourly mean,3
EP182023,Otis (2023),with_era5,2023-10-24T19:00:00+00:00,latent_no_sar_max_wind_radii,Latent MLP · no SAR · wind + radii,48.37025133768717,True,hourly mean,3
EP182023,Otis (2023),with_era5,2023-10-24T20:00:00+00:00,latent_no_sar_max_wind_radii,Latent MLP · no SAR · wind + radii,48.00837262471517,True,hourly mean,3
EP182023,Otis (2023),with_era5,2023-10-24T21:00:00+00:00,latent_no_sar_max_wind_radii,Latent MLP · no SAR · wind + radii,47.335062662760414,True,hourly mean,3
EP182023,Otis (2023),with_era5,2023-10-24T22:00:00+00:00,latent_no_sar_max_wind_radii,Latent MLP · no SAR · wind + radii,49.10750558641222,True,hourly mean,3
EP182023,Otis (2023),with_era5,2023-10-24T23:00:00+00:00,latent_no_sar_max_wind_radii,Latent MLP · no SAR · wind + radii,51.81487019856771,True,hourly mean,3
EP182023,Otis (2023),with_era5,2023-10-25T00:00:00+00:00,latent_no_sar_max_wind_radii,Latent MLP · no SAR · wind + radii,55.04216702779134,True,hourly mean,3
EP182023,Otis (2023),with_era5,2023-10-25T01:00:00+00:00,latent_no_sar_max_wind_radii,Latent MLP · no SAR · wind + radii,57.71608310275607,True,hourly mean,3
EP182023,Otis (2023),with_era5,2023-10-25T02:00:00+00:00,latent_no_sar_max_wind_radii,Latent MLP · no SAR · wind + radii,58.58839246961805,True,hourly mean,3
EP182023,Otis (2023),with_era5,2023-10-25T03:00:00+00:00,latent_no_sar_max_wind_radii,Latent MLP · no SAR · wind + radii,57.288914362589516,True,hourly mean,3
EP182023,Otis (2023),with_era5,2023-10-25T04:00:00+00:00,latent_no_sar_max_wind_radii,Latent MLP · no SAR · wind + radii,55.08022774590387,True,hourly mean,3
EP182023,Otis (2023),with_era5,2023-10-25T05:00:00+00:00,latent_no_sar_max_wind_radii,Latent MLP · no SAR · wind + radii,51.29888237847223,True,hourly mean,3
EP182023,Otis (2023),with_era5,2023-10-25T06:00:00+00:00,latent_no_sar_max_wind_radii,Latent MLP · no SAR · wind + radii,45.30573060777453,True,hourly mean,3
EP182023,Otis (2023),with_era5,2023-10-25T07:00:00+00:00,latent_no_sar_max_wind_radii,Latent MLP · no SAR · wind + radii,39.98621495564779,True,hourly mean,3
EP182023,Otis (2023),with_era5,2023-10-25T08:00:00+00:00,latent_no_sar_max_wind_radii,Latent MLP · no SAR · wind + radii,32.85718377431234,True,hourly mean,3
EP182023,Otis (2023),with_era5,2023-10-25T09:00:00+00:00,latent_no_sar_max_wind_radii,Latent MLP · no SAR · wind + radii,27.738537788391113,True,hourly mean,3
EP182023,Otis (2023),with_era5,2023-10-25T10:00:00+00:00,latent_no_sar_max_wind_radii,Latent MLP · no SAR · wind + radii,22.30601427290175,True,hourly mean,3
EP182023,Otis (2023),with_era5,2023-10-25T11:00:00+00:00,latent_no_sar_max_wind_radii,Latent MLP · no SAR · wind + radii,21.118558883666992,True,hourly mean,3
EP182023,Otis (2023),with_era5,2023-10-25T12:00:00+00:00,latent_no_sar_max_wind_radii,Latent MLP · no SAR · wind + radii,20.809452692667644,False,hourly mean,3
EP182023,Otis (2023),with_era5,2023-10-25T13:00:00+00:00,latent_no_sar_max_wind_radii,Latent MLP · no SAR · wind + radii,20.925577905442978,False,hourly mean,3
EP182023,Otis (2023),with_era5,2023-10-25T14:00:00+00:00,latent_no_sar_max_wind_radii,Latent MLP · no SAR · wind + radii,21.60536066691081,False,hourly mean,3
EP182023,Otis (2023),with_era5,2023-10-25T15:00:00+00:00,latent_no_sar_max_wind_radii,Latent MLP · no SAR · wind + radii,22.76803769005669,False,hourly mean,3
EP182023,Otis (2023),with_era5,2023-10-25T16:00:00+00:00,latent_no_sar_max_wind_radii,Latent MLP · no SAR · wind + radii,23.73423459794786,False,hourly mean,3
EP182023,Otis (2023),with_era5,2023-10-25T17:00:00+00:00,latent_no_sar_max_wind_radii,Latent MLP · no SAR · wind + radii,24.091842333475746,False,hourly mean,3
EP182023,Otis (2023),without_era5,2023-10-21T00:00:00+00:00,ibtracs_best_track,IBTrACS best track,12.8611,False,hourly mean,3
EP182023,Otis (2023),without_era5,2023-10-21T01:00:00+00:00,ibtracs_best_track,IBTrACS best track,12.8611,False,hourly mean,3
EP182023,Otis (2023),without_era5,2023-10-21T02:00:00+00:00,ibtracs_best_track,IBTrACS best track,12.8611,False,hourly mean,3
EP182023,Otis (2023),without_era5,2023-10-21T03:00:00+00:00,ibtracs_best_track,IBTrACS best track,12.8611,False,hourly mean,3
EP182023,Otis (2023),without_era5,2023-10-21T04:00:00+00:00,ibtracs_best_track,IBTrACS best track,12.8611,False,hourly mean,3
EP182023,Otis (2023),without_era5,2023-10-21T05:00:00+00:00,ibtracs_best_track,IBTrACS best track,12.8611,False,hourly mean,3
EP182023,Otis (2023),without_era5,2023-10-21T06:00:00+00:00,ibtracs_best_track,IBTrACS best track,12.8611,False,hourly mean,3
EP182023,Otis (2023),without_era5,2023-10-21T07:00:00+00:00,ibtracs_best_track,IBTrACS best track,12.8611,False,hourly mean,3
EP182023,Otis (2023),without_era5,2023-10-21T08:00:00+00:00,ibtracs_best_track,IBTrACS best track,12.8611,False,hourly mean,3
EP182023,Otis (2023),without_era5,2023-10-21T09:00:00+00:00,ibtracs_best_track,IBTrACS best track,12.8611,False,hourly mean,3
EP182023,Otis (2023),without_era5,2023-10-21T10:00:00+00:00,ibtracs_best_track,IBTrACS best track,12.8611,False,hourly mean,3
EP182023,Otis (2023),without_era5,2023-10-21T11:00:00+00:00,ibtracs_best_track,IBTrACS best track,12.8611,False,hourly mean,3
EP182023,Otis (2023),without_era5,2023-10-21T12:00:00+00:00,ibtracs_best_track,IBTrACS best track,12.8611,False,hourly mean,3
EP182023,Otis (2023),without_era5,2023-10-21T13:00:00+00:00,ibtracs_best_track,IBTrACS best track,12.8611,False,hourly mean,3
EP182023,Otis (2023),without_era5,2023-10-21T14:00:00+00:00,ibtracs_best_track,IBTrACS best track,12.8611,False,hourly mean,3
EP182023,Otis (2023),without_era5,2023-10-21T15:00:00+00:00,ibtracs_best_track,IBTrACS best track,12.8611,False,hourly mean,3
EP182023,Otis (2023),without_era5,2023-10-21T16:00:00+00:00,ibtracs_best_track,IBTrACS best track,12.8611,False,hourly mean,3
EP182023,Otis (2023),without_era5,2023-10-21T17:00:00+00:00,ibtracs_best_track,IBTrACS best track,12.8611,False,hourly mean,3
EP182023,Otis (2023),without_era5,2023-10-21T18:00:00+00:00,ibtracs_best_track,IBTrACS best track,12.8611,False,hourly mean,3
EP182023,Otis (2023),without_era5,2023-10-21T19:00:00+00:00,ibtracs_best_track,IBTrACS best track,12.8611,False,hourly mean,3
EP182023,Otis (2023),without_era5,2023-10-21T20:00:00+00:00,ibtracs_best_track,IBTrACS best track,12.8611,False,hourly mean,3
EP182023,Otis (2023),without_era5,2023-10-21T21:00:00+00:00,ibtracs_best_track,IBTrACS best track,12.8611,False,hourly mean,3
EP182023,Otis (2023),without_era5,2023-10-21T22:00:00+00:00,ibtracs_best_track,IBTrACS best track,12.8611,False,hourly mean,3
EP182023,Otis (2023),without_era5,2023-10-21T23:00:00+00:00,ibtracs_best_track,IBTrACS best track,12.933503229629629,False,hourly mean,3
EP182023,Otis (2023),without_era5,2023-10-22T00:00:00+00:00,ibtracs_best_track,IBTrACS best track,13.177387792592592,False,hourly mean,3
EP182023,Otis (2023),without_era5,2023-10-22T01:00:00+00:00,ibtracs_best_track,IBTrACS best track,13.59275368888889,False,hourly mean,3
EP182023,Otis (2023),without_era5,2023-10-22T02:00:00+00:00,ibtracs_best_track,IBTrACS best track,14.083063279012345,False,hourly mean,3
EP182023,Otis (2023),without_era5,2023-10-22T03:00:00+00:00,ibtracs_best_track,IBTrACS best track,14.516212424691359,False,hourly mean,3
EP182023,Otis (2023),without_era5,2023-10-22T04:00:00+00:00,ibtracs_best_track,IBTrACS best track,14.892201125925927,False,hourly mean,3
EP182023,Otis (2023),without_era5,2023-10-22T05:00:00+00:00,ibtracs_best_track,IBTrACS best track,15.186894972839506,False,hourly mean,3
EP182023,Otis (2023),without_era5,2023-10-22T06:00:00+00:00,ibtracs_best_track,IBTrACS best track,15.367267930864196,False,hourly mean,3
EP182023,Otis (2023),without_era5,2023-10-22T07:00:00+00:00,ibtracs_best_track,IBTrACS best track,15.43332,False,hourly mean,3
EP182023,Otis (2023),without_era5,2023-10-22T08:00:00+00:00,ibtracs_best_track,IBTrACS best track,15.43332,False,hourly mean,3
EP182023,Otis (2023),without_era5,2023-10-22T09:00:00+00:00,ibtracs_best_track,IBTrACS best track,15.43332,False,hourly mean,3
EP182023,Otis (2023),without_era5,2023-10-22T10:00:00+00:00,ibtracs_best_track,IBTrACS best track,15.43332,False,hourly mean,3
EP182023,Otis (2023),without_era5,2023-10-22T11:00:00+00:00,ibtracs_best_track,IBTrACS best track,15.505723229629629,False,hourly mean,3
EP182023,Otis (2023),without_era5,2023-10-22T12:00:00+00:00,ibtracs_best_track,IBTrACS best track,15.749607792592593,False,hourly mean,3
EP182023,Otis (2023),without_era5,2023-10-22T13:00:00+00:00,ibtracs_best_track,IBTrACS best track,16.16497368888889,False,hourly mean,3
EP182023,Otis (2023),without_era5,2023-10-22T14:00:00+00:00,ibtracs_best_track,IBTrACS best track,16.655283279012348,False,hourly mean,3
EP182023,Otis (2023),without_era5,2023-10-22T15:00:00+00:00,ibtracs_best_track,IBTrACS best track,17.08843242469136,False,hourly mean,3
EP182023,Otis (2023),without_era5,2023-10-22T16:00:00+00:00,ibtracs_best_track,IBTrACS best track,17.464421125925924,False,hourly mean,3
EP182023,Otis (2023),without_era5,2023-10-22T17:00:00+00:00,ibtracs_best_track,IBTrACS best track,17.759114972839505,False,hourly mean,3
EP182023,Otis (2023),without_era5,2023-10-22T18:00:00+00:00,ibtracs_best_track,IBTrACS best track,17.9394879308642,False,hourly mean,3
EP182023,Otis (2023),without_era5,2023-10-22T19:00:00+00:00,ibtracs_best_track,IBTrACS best track,18.00554,False,hourly mean,3
EP182023,Otis (2023),without_era5,2023-10-22T20:00:00+00:00,ibtracs_best_track,IBTrACS best track,18.00554,False,hourly mean,3
EP182023,Otis (2023),without_era5,2023-10-22T21:00:00+00:00,ibtracs_best_track,IBTrACS best track,18.00554,False,hourly mean,3
EP182023,Otis (2023),without_era5,2023-10-22T22:00:00+00:00,ibtracs_best_track,IBTrACS best track,18.00554,False,hourly mean,3
EP182023,Otis (2023),without_era5,2023-10-22T23:00:00+00:00,ibtracs_best_track,IBTrACS best track,18.00554,False,hourly mean,3
EP182023,Otis (2023),without_era5,2023-10-23T00:00:00+00:00,ibtracs_best_track,IBTrACS best track,18.00554,False,hourly mean,3
EP182023,Otis (2023),without_era5,2023-10-23T01:00:00+00:00,ibtracs_best_track,IBTrACS best track,18.00554,False,hourly mean,3
EP182023,Otis (2023),without_era5,2023-10-23T02:00:00+00:00,ibtracs_best_track,IBTrACS best track,18.00554,False,hourly mean,3
EP182023,Otis (2023),without_era5,2023-10-23T03:00:00+00:00,ibtracs_best_track,IBTrACS best track,18.00554,False,hourly mean,3
EP182023,Otis (2023),without_era5,2023-10-23T04:00:00+00:00,ibtracs_best_track,IBTrACS best track,18.00554,False,hourly mean,3
EP182023,Otis (2023),without_era5,2023-10-23T05:00:00+00:00,ibtracs_best_track,IBTrACS best track,18.07794322962963,False,hourly mean,3
EP182023,Otis (2023),without_era5,2023-10-23T06:00:00+00:00,ibtracs_best_track,IBTrACS best track,18.321827792592593,False,hourly mean,3
EP182023,Otis (2023),without_era5,2023-10-23T07:00:00+00:00,ibtracs_best_track,IBTrACS best track,18.73719368888889,False,hourly mean,3
EP182023,Otis (2023),without_era5,2023-10-23T08:00:00+00:00,ibtracs_best_track,IBTrACS best track,19.22750327901235,False,hourly mean,3
EP182023,Otis (2023),without_era5,2023-10-23T09:00:00+00:00,ibtracs_best_track,IBTrACS best track,19.66065242469136,False,hourly mean,3
EP182023,Otis (2023),without_era5,2023-10-23T10:00:00+00:00,ibtracs_best_track,IBTrACS best track,20.036641125925925,False,hourly mean,3
EP182023,Otis (2023),without_era5,2023-10-23T11:00:00+00:00,ibtracs_best_track,IBTrACS best track,20.40373820246914,False,hourly mean,3
EP182023,Otis (2023),without_era5,2023-10-23T12:00:00+00:00,ibtracs_best_track,IBTrACS best track,20.82799572345679,False,hourly mean,3
EP182023,Otis (2023),without_era5,2023-10-23T13:00:00+00:00,ibtracs_best_track,IBTrACS best track,21.309413688888892,False,hourly mean,3
EP182023,Otis (2023),without_era5,2023-10-23T14:00:00+00:00,ibtracs_best_track,IBTrACS best track,21.79972327901235,False,hourly mean,3
EP182023,Otis (2023),without_era5,2023-10-23T15:00:00+00:00,ibtracs_best_track,IBTrACS best track,22.23287242469136,False,hourly mean,3
EP182023,Otis (2023),without_era5,2023-10-23T16:00:00+00:00,ibtracs_best_track,IBTrACS best track,22.608861125925927,False,hourly mean,3
EP182023,Otis (2023),without_era5,2023-10-23T17:00:00+00:00,ibtracs_best_track,IBTrACS best track,22.975958202469133,False,hourly mean,3
EP182023,Otis (2023),without_era5,2023-10-23T18:00:00+00:00,ibtracs_best_track,IBTrACS best track,23.400215723456792,False,hourly mean,3
EP182023,Otis (2023),without_era5,2023-10-23T19:00:00+00:00,ibtracs_best_track,IBTrACS best track,23.881633688888893,False,hourly mean,3
EP182023,Otis (2023),without_era5,2023-10-23T20:00:00+00:00,ibtracs_best_track,IBTrACS best track,24.371943279012346,False,hourly mean,3
EP182023,Otis (2023),without_era5,2023-10-23T21:00:00+00:00,ibtracs_best_track,IBTrACS best track,24.805092424691356,False,hourly mean,3
EP182023,Otis (2023),without_era5,2023-10-23T22:00:00+00:00,ibtracs_best_track,IBTrACS best track,25.181081125925928,False,hourly mean,3
EP182023,Otis (2023),without_era5,2023-10-23T23:00:00+00:00,ibtracs_best_track,IBTrACS best track,25.548178202469135,False,hourly mean,3
EP182023,Otis (2023),without_era5,2023-10-24T00:00:00+00:00,ibtracs_best_track,IBTrACS best track,25.972435723456794,False,hourly mean,3
EP182023,Otis (2023),without_era5,2023-10-24T01:00:00+00:00,ibtracs_best_track,IBTrACS best track,26.453853688888888,False,hourly mean,3
EP182023,Otis (2023),without_era5,2023-10-24T02:00:00+00:00,ibtracs_best_track,IBTrACS best track,26.944163279012347,False,hourly mean,3
EP182023,Otis (2023),without_era5,2023-10-24T03:00:00+00:00,ibtracs_best_track,IBTrACS best track,27.377312424691358,False,hourly mean,3
EP182023,Otis (2023),without_era5,2023-10-24T04:00:00+00:00,ibtracs_best_track,IBTrACS best track,27.753301125925926,False,hourly mean,3
EP182023,Otis (2023),without_era5,2023-10-24T05:00:00+00:00,ibtracs_best_track,IBTrACS best track,28.168667022222223,False,hourly mean,3
EP182023,Otis (2023),without_era5,2023-10-24T06:00:00+00:00,ibtracs_best_track,IBTrACS best track,28.755514251851853,False,hourly mean,3
EP182023,Otis (2023),without_era5,2023-10-24T07:00:00+00:00,ibtracs_best_track,IBTrACS best track,29.51384281481482,False,hourly mean,3
EP182023,Otis (2023),without_era5,2023-10-24T08:00:00+00:00,ibtracs_best_track,IBTrACS best track,30.37124948148148,False,hourly mean,3
EP182023,Otis (2023),without_era5,2023-10-24T09:00:00+00:00,ibtracs_best_track,IBTrACS best track,31.228656148148147,False,hourly mean,3
EP182023,Otis (2023),without_era5,2023-10-24T10:00:00+00:00,ibtracs_best_track,IBTrACS best track,32.08606281481482,False,hourly mean,3
EP182023,Otis (2023),without_era5,2023-10-24T11:00:00+00:00,ibtracs_best_track,IBTrACS best track,33.257216809876546,False,hourly mean,3
EP182023,Otis (2023),without_era5,2023-10-24T12:00:00+00:00,ibtracs_best_track,IBTrACS best track,35.17145658271605,False,hourly mean,3
EP182023,Otis (2023),without_era5,2023-10-24T13:00:00+00:00,ibtracs_best_track,IBTrACS best track,37.828782133333334,True,hourly mean,3
EP182023,Otis (2023),without_era5,2023-10-24T14:00:00+00:00,ibtracs_best_track,IBTrACS best track,40.89131172345679,True,hourly mean,3
EP182023,Otis (2023),without_era5,2023-10-24T15:00:00+00:00,ibtracs_best_track,IBTrACS best track,43.8966808691358,True,hourly mean,3
EP182023,Otis (2023),without_era5,2023-10-24T16:00:00+00:00,ibtracs_best_track,IBTrACS best track,46.84488957037038,True,hourly mean,3
EP182023,Otis (2023),without_era5,2023-10-24T17:00:00+00:00,ibtracs_best_track,IBTrACS best track,49.71180341728395,True,hourly mean,3
EP182023,Otis (2023),without_era5,2023-10-24T18:00:00+00:00,ibtracs_best_track,IBTrACS best track,52.46439637530864,True,hourly mean,3
EP182023,Otis (2023),without_era5,2023-10-24T19:00:00+00:00,ibtracs_best_track,IBTrACS best track,55.10266844444445,True,hourly mean,3
EP182023,Otis (2023),without_era5,2023-10-24T20:00:00+00:00,ibtracs_best_track,IBTrACS best track,57.67488844444444,True,hourly mean,3
EP182023,Otis (2023),without_era5,2023-10-24T21:00:00+00:00,ibtracs_best_track,IBTrACS best track,60.24710844444444,True,hourly mean,3
EP182023,Otis (2023),without_era5,2023-10-24T22:00:00+00:00,ibtracs_best_track,IBTrACS best track,62.819328444444444,True,hourly mean,3
EP182023,Otis (2023),without_era5,2023-10-24T23:00:00+00:00,ibtracs_best_track,IBTrACS best track,65.39154844444444,True,hourly mean,3
EP182023,Otis (2023),without_era5,2023-10-25T00:00:00+00:00,ibtracs_best_track,IBTrACS best track,67.96376844444445,True,hourly mean,3
EP182023,Otis (2023),without_era5,2023-10-25T01:00:00+00:00,ibtracs_best_track,IBTrACS best track,70.53598844444446,True,hourly mean,3
EP182023,Otis (2023),without_era5,2023-10-25T02:00:00+00:00,ibtracs_best_track,IBTrACS best track,72.74619229629631,True,hourly mean,3
EP182023,Otis (2023),without_era5,2023-10-25T03:00:00+00:00,ibtracs_best_track,IBTrACS best track,74.0989894814815,True,hourly mean,3
EP182023,Otis (2023),without_era5,2023-10-25T04:00:00+00:00,ibtracs_best_track,IBTrACS best track,74.59438,True,hourly mean,3
EP182023,Otis (2023),without_era5,2023-10-25T05:00:00+00:00,ibtracs_best_track,IBTrACS best track,74.10152994567902,True,hourly mean,3
EP182023,Otis (2023),without_era5,2023-10-25T06:00:00+00:00,ibtracs_best_track,IBTrACS best track,72.0145386074074,True,hourly mean,3
EP182023,Otis (2023),without_era5,2023-10-25T07:00:00+00:00,ibtracs_best_track,IBTrACS best track,68.09841304691359,True,hourly mean,3
EP182023,Otis (2023),without_era5,2023-10-25T08:00:00+00:00,ibtracs_best_track,IBTrACS best track,62.87013772839507,True,hourly mean,3
EP182023,Otis (2023),without_era5,2023-10-25T09:00:00+00:00,ibtracs_best_track,IBTrACS best track,57.464029916049384,True,hourly mean,3
EP182023,Otis (2023),without_era5,2023-10-25T10:00:00+00:00,ibtracs_best_track,IBTrACS best track,52.115082548148145,True,hourly mean,3
EP182023,Otis (2023),without_era5,2023-10-25T11:00:00+00:00,ibtracs_best_track,IBTrACS best track,47.016370903703695,True,hourly mean,3
EP182023,Otis (2023),without_era5,2023-10-25T12:00:00+00:00,ibtracs_best_track,IBTrACS best track,42.43210325925926,False,hourly mean,3
EP182023,Otis (2023),without_era5,2023-10-25T13:00:00+00:00,ibtracs_best_track,IBTrACS best track,38.36227961481482,False,hourly mean,3
EP182023,Otis (2023),without_era5,2023-10-25T14:00:00+00:00,ibtracs_best_track,IBTrACS best track,34.565555871604936,False,hourly mean,3
EP182023,Otis (2023),without_era5,2023-10-25T15:00:00+00:00,ibtracs_best_track,IBTrACS best track,30.711671683950623,False,hourly mean,3
EP182023,Otis (2023),without_era5,2023-10-25T16:00:00+00:00,ibtracs_best_track,IBTrACS best track,26.80062705185185,False,hourly mean,3
EP182023,Otis (2023),without_era5,2023-10-25T17:00:00+00:00,ibtracs_best_track,IBTrACS best track,24.828591718518517,False,hourly mean,3
EP182023,Otis (2023),without_era5,2023-10-21T00:00:00+00:00,era5_max_wind,ERA5 10 m maximum,10.978872157864894,False,hourly mean,3
EP182023,Otis (2023),without_era5,2023-10-21T01:00:00+00:00,era5_max_wind,ERA5 10 m maximum,10.978872157864894,False,hourly mean,3
EP182023,Otis (2023),without_era5,2023-10-21T02:00:00+00:00,era5_max_wind,ERA5 10 m maximum,10.748015224104796,False,hourly mean,3
EP182023,Otis (2023),without_era5,2023-10-21T03:00:00+00:00,era5_max_wind,ERA5 10 m maximum,10.517158290344694,False,hourly mean,3
EP182023,Otis (2023),without_era5,2023-10-21T04:00:00+00:00,era5_max_wind,ERA5 10 m maximum,10.286301356584595,False,hourly mean,3
EP182023,Otis (2023),without_era5,2023-10-21T05:00:00+00:00,era5_max_wind,ERA5 10 m maximum,10.286301356584595,False,hourly mean,3
EP182023,Otis (2023),without_era5,2023-10-21T06:00:00+00:00,era5_max_wind,ERA5 10 m maximum,10.286301356584595,False,hourly mean,3
EP182023,Otis (2023),without_era5,2023-10-21T07:00:00+00:00,era5_max_wind,ERA5 10 m maximum,10.286301356584595,False,hourly mean,3
EP182023,Otis (2023),without_era5,2023-10-21T08:00:00+00:00,era5_max_wind,ERA5 10 m maximum,10.690352171123022,False,hourly mean,3
EP182023,Otis (2023),without_era5,2023-10-21T09:00:00+00:00,era5_max_wind,ERA5 10 m maximum,11.094402985661448,False,hourly mean,3
EP182023,Otis (2023),without_era5,2023-10-21T10:00:00+00:00,era5_max_wind,ERA5 10 m maximum,11.498453800199874,False,hourly mean,3
EP182023,Otis (2023),without_era5,2023-10-21T11:00:00+00:00,era5_max_wind,ERA5 10 m maximum,11.498453800199874,False,hourly mean,3
EP182023,Otis (2023),without_era5,2023-10-21T12:00:00+00:00,era5_max_wind,ERA5 10 m maximum,11.498453800199874,False,hourly mean,3
EP182023,Otis (2023),without_era5,2023-10-21T13:00:00+00:00,era5_max_wind,ERA5 10 m maximum,11.498453800199874,False,hourly mean,3
EP182023,Otis (2023),without_era5,2023-10-21T14:00:00+00:00,era5_max_wind,ERA5 10 m maximum,11.98507511211969,False,hourly mean,3
EP182023,Otis (2023),without_era5,2023-10-21T15:00:00+00:00,era5_max_wind,ERA5 10 m maximum,12.471696424039509,False,hourly mean,3
EP182023,Otis (2023),without_era5,2023-10-21T16:00:00+00:00,era5_max_wind,ERA5 10 m maximum,12.958317735959326,False,hourly mean,3
EP182023,Otis (2023),without_era5,2023-10-21T17:00:00+00:00,era5_max_wind,ERA5 10 m maximum,12.958317735959326,False,hourly mean,3
EP182023,Otis (2023),without_era5,2023-10-21T18:00:00+00:00,era5_max_wind,ERA5 10 m maximum,12.958317735959326,False,hourly mean,3
EP182023,Otis (2023),without_era5,2023-10-21T19:00:00+00:00,era5_max_wind,ERA5 10 m maximum,12.958317735959326,False,hourly mean,3
EP182023,Otis (2023),without_era5,2023-10-21T20:00:00+00:00,era5_max_wind,ERA5 10 m maximum,12.357253662715644,False,hourly mean,3
EP182023,Otis (2023),without_era5,2023-10-21T21:00:00+00:00,era5_max_wind,ERA5 10 m maximum,11.756189589471965,False,hourly mean,3
EP182023,Otis (2023),without_era5,2023-10-21T22:00:00+00:00,era5_max_wind,ERA5 10 m maximum,11.155125516228287,False,hourly mean,3
EP182023,Otis (2023),without_era5,2023-10-21T23:00:00+00:00,era5_max_wind,ERA5 10 m maximum,11.155125516228287,False,hourly mean,3
EP182023,Otis (2023),without_era5,2023-10-22T00:00:00+00:00,era5_max_wind,ERA5 10 m maximum,11.155125516228287,False,hourly mean,3
EP182023,Otis (2023),without_era5,2023-10-22T01:00:00+00:00,era5_max_wind,ERA5 10 m maximum,11.155125516228287,False,hourly mean,3
EP182023,Otis (2023),without_era5,2023-10-22T02:00:00+00:00,era5_max_wind,ERA5 10 m maximum,11.415245247597495,False,hourly mean,3
EP182023,Otis (2023),without_era5,2023-10-22T03:00:00+00:00,era5_max_wind,ERA5 10 m maximum,11.675364978966705,False,hourly mean,3
EP182023,Otis (2023),without_era5,2023-10-22T04:00:00+00:00,era5_max_wind,ERA5 10 m maximum,11.935484710335913,False,hourly mean,3
EP182023,Otis (2023),without_era5,2023-10-22T05:00:00+00:00,era5_max_wind,ERA5 10 m maximum,11.935484710335913,False,hourly mean,3
EP182023,Otis (2023),without_era5,2023-10-22T06:00:00+00:00,era5_max_wind,ERA5 10 m maximum,11.935484710335913,False,hourly mean,3
EP182023,Otis (2023),without_era5,2023-10-22T07:00:00+00:00,era5_max_wind,ERA5 10 m maximum,11.935484710335913,False,hourly mean,3
EP182023,Otis (2023),without_era5,2023-10-22T08:00:00+00:00,era5_max_wind,ERA5 10 m maximum,12.134773849663146,False,hourly mean,3
EP182023,Otis (2023),without_era5,2023-10-22T09:00:00+00:00,era5_max_wind,ERA5 10 m maximum,12.334062988990377,False,hourly mean,3
EP182023,Otis (2023),without_era5,2023-10-22T10:00:00+00:00,era5_max_wind,ERA5 10 m maximum,12.533352128317611,False,hourly mean,3
EP182023,Otis (2023),without_era5,2023-10-22T11:00:00+00:00,era5_max_wind,ERA5 10 m maximum,12.533352128317611,False,hourly mean,3
EP182023,Otis (2023),without_era5,2023-10-22T12:00:00+00:00,era5_max_wind,ERA5 10 m maximum,12.533352128317611,False,hourly mean,3
EP182023,Otis (2023),without_era5,2023-10-22T13:00:00+00:00,era5_max_wind,ERA5 10 m maximum,12.533352128317611,False,hourly mean,3
EP182023,Otis (2023),without_era5,2023-10-22T14:00:00+00:00,era5_max_wind,ERA5 10 m maximum,12.813831563677999,False,hourly mean,3
EP182023,Otis (2023),without_era5,2023-10-22T15:00:00+00:00,era5_max_wind,ERA5 10 m maximum,13.094310999038386,False,hourly mean,3
EP182023,Otis (2023),without_era5,2023-10-22T16:00:00+00:00,era5_max_wind,ERA5 10 m maximum,13.374790434398774,False,hourly mean,3
EP182023,Otis (2023),without_era5,2023-10-22T17:00:00+00:00,era5_max_wind,ERA5 10 m maximum,13.374790434398774,False,hourly mean,3
EP182023,Otis (2023),without_era5,2023-10-22T18:00:00+00:00,era5_max_wind,ERA5 10 m maximum,13.374790434398774,False,hourly mean,3
EP182023,Otis (2023),without_era5,2023-10-22T19:00:00+00:00,era5_max_wind,ERA5 10 m maximum,13.374790434398774,False,hourly mean,3
EP182023,Otis (2023),without_era5,2023-10-22T20:00:00+00:00,era5_max_wind,ERA5 10 m maximum,14.008385900745395,False,hourly mean,3
EP182023,Otis (2023),without_era5,2023-10-22T21:00:00+00:00,era5_max_wind,ERA5 10 m maximum,14.641981367092017,False,hourly mean,3
EP182023,Otis (2023),without_era5,2023-10-22T22:00:00+00:00,era5_max_wind,ERA5 10 m maximum,15.27557683343864,False,hourly mean,3
EP182023,Otis (2023),without_era5,2023-10-22T23:00:00+00:00,era5_max_wind,ERA5 10 m maximum,15.27557683343864,False,hourly mean,3
EP182023,Otis (2023),without_era5,2023-10-23T00:00:00+00:00,era5_max_wind,ERA5 10 m maximum,15.27557683343864,False,hourly mean,3
EP182023,Otis (2023),without_era5,2023-10-23T01:00:00+00:00,era5_max_wind,ERA5 10 m maximum,15.27557683343864,False,hourly mean,3
EP182023,Otis (2023),without_era5,2023-10-23T02:00:00+00:00,era5_max_wind,ERA5 10 m maximum,14.753711114708844,False,hourly mean,3
EP182023,Otis (2023),without_era5,2023-10-23T03:00:00+00:00,era5_max_wind,ERA5 10 m maximum,14.231845395979049,False,hourly mean,3
EP182023,Otis (2023),without_era5,2023-10-23T04:00:00+00:00,era5_max_wind,ERA5 10 m maximum,13.709979677249253,False,hourly mean,3
EP182023,Otis (2023),without_era5,2023-10-23T05:00:00+00:00,era5_max_wind,ERA5 10 m maximum,13.709979677249253,False,hourly mean,3
EP182023,Otis (2023),without_era5,2023-10-23T06:00:00+00:00,era5_max_wind,ERA5 10 m maximum,13.709979677249253,False,hourly mean,3
EP182023,Otis (2023),without_era5,2023-10-23T07:00:00+00:00,era5_max_wind,ERA5 10 m maximum,13.709979677249253,False,hourly mean,3
EP182023,Otis (2023),without_era5,2023-10-23T08:00:00+00:00,era5_max_wind,ERA5 10 m maximum,13.50794654060625,False,hourly mean,3
EP182023,Otis (2023),without_era5,2023-10-23T09:00:00+00:00,era5_max_wind,ERA5 10 m maximum,13.305913403963245,False,hourly mean,3
EP182023,Otis (2023),without_era5,2023-10-23T10:00:00+00:00,era5_max_wind,ERA5 10 m maximum,13.103880267320243,False,hourly mean,3
EP182023,Otis (2023),without_era5,2023-10-23T11:00:00+00:00,era5_max_wind,ERA5 10 m maximum,13.103880267320243,False,hourly mean,3
EP182023,Otis (2023),without_era5,2023-10-23T12:00:00+00:00,era5_max_wind,ERA5 10 m maximum,13.103880267320243,False,hourly mean,3
EP182023,Otis (2023),without_era5,2023-10-23T13:00:00+00:00,era5_max_wind,ERA5 10 m maximum,13.103880267320243,False,hourly mean,3
EP182023,Otis (2023),without_era5,2023-10-23T14:00:00+00:00,era5_max_wind,ERA5 10 m maximum,13.223439968803289,False,hourly mean,3
EP182023,Otis (2023),without_era5,2023-10-23T15:00:00+00:00,era5_max_wind,ERA5 10 m maximum,13.342999670286334,False,hourly mean,3
EP182023,Otis (2023),without_era5,2023-10-23T16:00:00+00:00,era5_max_wind,ERA5 10 m maximum,13.462559371769379,False,hourly mean,3
EP182023,Otis (2023),without_era5,2023-10-23T17:00:00+00:00,era5_max_wind,ERA5 10 m maximum,13.462559371769379,False,hourly mean,3
EP182023,Otis (2023),without_era5,2023-10-23T18:00:00+00:00,era5_max_wind,ERA5 10 m maximum,13.462559371769379,False,hourly mean,3
EP182023,Otis (2023),without_era5,2023-10-23T19:00:00+00:00,era5_max_wind,ERA5 10 m maximum,13.462559371769379,False,hourly mean,3
EP182023,Otis (2023),without_era5,2023-10-23T20:00:00+00:00,era5_max_wind,ERA5 10 m maximum,13.690377403238292,False,hourly mean,3
EP182023,Otis (2023),without_era5,2023-10-23T21:00:00+00:00,era5_max_wind,ERA5 10 m maximum,13.918195434707206,False,hourly mean,3
EP182023,Otis (2023),without_era5,2023-10-23T22:00:00+00:00,era5_max_wind,ERA5 10 m maximum,14.14601346617612,False,hourly mean,3
EP182023,Otis (2023),without_era5,2023-10-23T23:00:00+00:00,era5_max_wind,ERA5 10 m maximum,14.14601346617612,False,hourly mean,3
EP182023,Otis (2023),without_era5,2023-10-24T00:00:00+00:00,era5_max_wind,ERA5 10 m maximum,14.14601346617612,False,hourly mean,3
EP182023,Otis (2023),without_era5,2023-10-24T01:00:00+00:00,era5_max_wind,ERA5 10 m maximum,14.14601346617612,False,hourly mean,3
EP182023,Otis (2023),without_era5,2023-10-24T02:00:00+00:00,era5_max_wind,ERA5 10 m maximum,14.596348585715115,False,hourly mean,3
EP182023,Otis (2023),without_era5,2023-10-24T03:00:00+00:00,era5_max_wind,ERA5 10 m maximum,15.046683705254113,False,hourly mean,3
EP182023,Otis (2023),without_era5,2023-10-24T04:00:00+00:00,era5_max_wind,ERA5 10 m maximum,15.497018824793109,False,hourly mean,3
EP182023,Otis (2023),without_era5,2023-10-24T05:00:00+00:00,era5_max_wind,ERA5 10 m maximum,15.497018824793109,False,hourly mean,3
EP182023,Otis (2023),without_era5,2023-10-24T06:00:00+00:00,era5_max_wind,ERA5 10 m maximum,15.497018824793109,False,hourly mean,3
EP182023,Otis (2023),without_era5,2023-10-24T07:00:00+00:00,era5_max_wind,ERA5 10 m maximum,15.497018824793109,False,hourly mean,3
EP182023,Otis (2023),without_era5,2023-10-24T08:00:00+00:00,era5_max_wind,ERA5 10 m maximum,16.523213262735283,False,hourly mean,3
EP182023,Otis (2023),without_era5,2023-10-24T09:00:00+00:00,era5_max_wind,ERA5 10 m maximum,17.54940770067746,False,hourly mean,3
EP182023,Otis (2023),without_era5,2023-10-24T10:00:00+00:00,era5_max_wind,ERA5 10 m maximum,18.575602138619633,False,hourly mean,3
EP182023,Otis (2023),without_era5,2023-10-24T11:00:00+00:00,era5_max_wind,ERA5 10 m maximum,18.575602138619633,False,hourly mean,3
EP182023,Otis (2023),without_era5,2023-10-24T12:00:00+00:00,era5_max_wind,ERA5 10 m maximum,18.575602138619633,False,hourly mean,3
EP182023,Otis (2023),without_era5,2023-10-24T13:00:00+00:00,era5_max_wind,ERA5 10 m maximum,18.575602138619633,True,hourly mean,3
EP182023,Otis (2023),without_era5,2023-10-24T14:00:00+00:00,era5_max_wind,ERA5 10 m maximum,19.618639523409275,True,hourly mean,3
EP182023,Otis (2023),without_era5,2023-10-24T15:00:00+00:00,era5_max_wind,ERA5 10 m maximum,20.661676908198917,True,hourly mean,3
EP182023,Otis (2023),without_era5,2023-10-24T16:00:00+00:00,era5_max_wind,ERA5 10 m maximum,21.70471429298856,True,hourly mean,3
EP182023,Otis (2023),without_era5,2023-10-24T17:00:00+00:00,era5_max_wind,ERA5 10 m maximum,21.70471429298856,True,hourly mean,3
EP182023,Otis (2023),without_era5,2023-10-24T18:00:00+00:00,era5_max_wind,ERA5 10 m maximum,21.70471429298856,True,hourly mean,3
EP182023,Otis (2023),without_era5,2023-10-24T19:00:00+00:00,era5_max_wind,ERA5 10 m maximum,21.70471429298856,True,hourly mean,3
EP182023,Otis (2023),without_era5,2023-10-24T20:00:00+00:00,era5_max_wind,ERA5 10 m maximum,21.256474932072,True,hourly mean,3
EP182023,Otis (2023),without_era5,2023-10-24T21:00:00+00:00,era5_max_wind,ERA5 10 m maximum,20.80823557115544,True,hourly mean,3
EP182023,Otis (2023),without_era5,2023-10-24T22:00:00+00:00,era5_max_wind,ERA5 10 m maximum,20.35999621023888,True,hourly mean,3
EP182023,Otis (2023),without_era5,2023-10-24T23:00:00+00:00,era5_max_wind,ERA5 10 m maximum,20.35999621023888,True,hourly mean,3
EP182023,Otis (2023),without_era5,2023-10-25T00:00:00+00:00,era5_max_wind,ERA5 10 m maximum,20.35999621023888,True,hourly mean,3
EP182023,Otis (2023),without_era5,2023-10-25T01:00:00+00:00,era5_max_wind,ERA5 10 m maximum,20.35999621023888,True,hourly mean,3
EP182023,Otis (2023),without_era5,2023-10-25T02:00:00+00:00,era5_max_wind,ERA5 10 m maximum,18.81618689997197,True,hourly mean,3
EP182023,Otis (2023),without_era5,2023-10-25T03:00:00+00:00,era5_max_wind,ERA5 10 m maximum,17.272377589705062,True,hourly mean,3
EP182023,Otis (2023),without_era5,2023-10-25T04:00:00+00:00,era5_max_wind,ERA5 10 m maximum,15.728568279438155,True,hourly mean,3
EP182023,Otis (2023),without_era5,2023-10-25T05:00:00+00:00,era5_max_wind,ERA5 10 m maximum,15.728568279438155,True,hourly mean,3
EP182023,Otis (2023),without_era5,2023-10-25T06:00:00+00:00,era5_max_wind,ERA5 10 m maximum,15.728568279438155,True,hourly mean,3
EP182023,Otis (2023),without_era5,2023-10-25T07:00:00+00:00,era5_max_wind,ERA5 10 m maximum,15.728568279438155,True,hourly mean,3
EP182023,Otis (2023),without_era5,2023-10-25T08:00:00+00:00,era5_max_wind,ERA5 10 m maximum,14.374867408530532,True,hourly mean,3
EP182023,Otis (2023),without_era5,2023-10-25T09:00:00+00:00,era5_max_wind,ERA5 10 m maximum,13.021166537622905,True,hourly mean,3
EP182023,Otis (2023),without_era5,2023-10-25T10:00:00+00:00,era5_max_wind,ERA5 10 m maximum,11.667465666715282,True,hourly mean,3
EP182023,Otis (2023),without_era5,2023-10-25T11:00:00+00:00,era5_max_wind,ERA5 10 m maximum,11.667465666715282,True,hourly mean,3
EP182023,Otis (2023),without_era5,2023-10-25T12:00:00+00:00,era5_max_wind,ERA5 10 m maximum,11.667465666715282,False,hourly mean,3
EP182023,Otis (2023),without_era5,2023-10-25T13:00:00+00:00,era5_max_wind,ERA5 10 m maximum,11.667465666715282,False,hourly mean,3
EP182023,Otis (2023),without_era5,2023-10-25T14:00:00+00:00,era5_max_wind,ERA5 10 m maximum,10.473093902456979,False,hourly mean,3
EP182023,Otis (2023),without_era5,2023-10-25T15:00:00+00:00,era5_max_wind,ERA5 10 m maximum,9.278722138198676,False,hourly mean,3
EP182023,Otis (2023),without_era5,2023-10-25T16:00:00+00:00,era5_max_wind,ERA5 10 m maximum,8.163185482969999,False,hourly mean,3
EP182023,Otis (2023),without_era5,2023-10-25T17:00:00+00:00,era5_max_wind,ERA5 10 m maximum,8.202603037484812,False,hourly mean,3
EP182023,Otis (2023),without_era5,2023-10-21T00:00:00+00:00,latent_sar_max_wind_radii,Latent MLP · SAR · wind + radii,20.73697296778361,False,hourly mean,3
EP182023,Otis (2023),without_era5,2023-10-21T01:00:00+00:00,latent_sar_max_wind_radii,Latent MLP · SAR · wind + radii,20.90546438429091,False,hourly mean,3
EP182023,Otis (2023),without_era5,2023-10-21T02:00:00+00:00,latent_sar_max_wind_radii,Latent MLP · SAR · wind + radii,21.171547253926594,False,hourly mean,3
EP182023,Otis (2023),without_era5,2023-10-21T03:00:00+00:00,latent_sar_max_wind_radii,Latent MLP · SAR · wind + radii,21.565559281243214,False,hourly mean,3
EP182023,Otis (2023),without_era5,2023-10-21T04:00:00+00:00,latent_sar_max_wind_radii,Latent MLP · SAR · wind + radii,22.238259845309788,False,hourly mean,3
EP182023,Otis (2023),without_era5,2023-10-21T05:00:00+00:00,latent_sar_max_wind_radii,Latent MLP · SAR · wind + radii,23.374230490790477,False,hourly mean,3
EP182023,Otis (2023),without_era5,2023-10-21T06:00:00+00:00,latent_sar_max_wind_radii,Latent MLP · SAR · wind + radii,23.34531593322754,False,hourly mean,3
EP182023,Otis (2023),without_era5,2023-10-21T07:00:00+00:00,latent_sar_max_wind_radii,Latent MLP · SAR · wind + radii,22.81671280331082,False,hourly mean,3
EP182023,Otis (2023),without_era5,2023-10-21T08:00:00+00:00,latent_sar_max_wind_radii,Latent MLP · SAR · wind + radii,22.736485587226024,False,hourly mean,3
EP182023,Otis (2023),without_era5,2023-10-21T09:00:00+00:00,latent_sar_max_wind_radii,Latent MLP · SAR · wind + radii,23.68852138519287,False,hourly mean,3
EP182023,Otis (2023),without_era5,2023-10-21T10:00:00+00:00,latent_sar_max_wind_radii,Latent MLP · SAR · wind + radii,23.699717415703663,False,hourly mean,3
EP182023,Otis (2023),without_era5,2023-10-21T11:00:00+00:00,latent_sar_max_wind_radii,Latent MLP · SAR · wind + radii,22.82583279079861,False,hourly mean,3
EP182023,Otis (2023),without_era5,2023-10-21T12:00:00+00:00,latent_sar_max_wind_radii,Latent MLP · SAR · wind + radii,23.031674067179363,False,hourly mean,3
EP182023,Otis (2023),without_era5,2023-10-21T13:00:00+00:00,latent_sar_max_wind_radii,Latent MLP · SAR · wind + radii,24.65020688374837,False,hourly mean,3
EP182023,Otis (2023),without_era5,2023-10-21T14:00:00+00:00,latent_sar_max_wind_radii,Latent MLP · SAR · wind + radii,26.310178862677684,False,hourly mean,3
EP182023,Otis (2023),without_era5,2023-10-21T15:00:00+00:00,latent_sar_max_wind_radii,Latent MLP · SAR · wind + radii,25.600829230414494,False,hourly mean,3
EP182023,Otis (2023),without_era5,2023-10-21T16:00:00+00:00,latent_sar_max_wind_radii,Latent MLP · SAR · wind + radii,24.26873705122206,False,hourly mean,3
EP182023,Otis (2023),without_era5,2023-10-21T17:00:00+00:00,latent_sar_max_wind_radii,Latent MLP · SAR · wind + radii,22.345964643690323,False,hourly mean,3
EP182023,Otis (2023),without_era5,2023-10-21T18:00:00+00:00,latent_sar_max_wind_radii,Latent MLP · SAR · wind + radii,22.581956969367138,False,hourly mean,3
EP182023,Otis (2023),without_era5,2023-10-21T19:00:00+00:00,latent_sar_max_wind_radii,Latent MLP · SAR · wind + radii,23.042736053466797,False,hourly mean,3
EP182023,Otis (2023),without_era5,2023-10-21T20:00:00+00:00,latent_sar_max_wind_radii,Latent MLP · SAR · wind + radii,24.250200271606445,False,hourly mean,3
EP182023,Otis (2023),without_era5,2023-10-21T21:00:00+00:00,latent_sar_max_wind_radii,Latent MLP · SAR · wind + radii,23.749193721347382,False,hourly mean,3
EP182023,Otis (2023),without_era5,2023-10-21T22:00:00+00:00,latent_sar_max_wind_radii,Latent MLP · SAR · wind + radii,23.081732008192276,False,hourly mean,3
EP182023,Otis (2023),without_era5,2023-10-21T23:00:00+00:00,latent_sar_max_wind_radii,Latent MLP · SAR · wind + radii,22.199799325731064,False,hourly mean,3
EP182023,Otis (2023),without_era5,2023-10-22T00:00:00+00:00,latent_sar_max_wind_radii,Latent MLP · SAR · wind + radii,21.81909465789795,False,hourly mean,3
EP182023,Otis (2023),without_era5,2023-10-22T01:00:00+00:00,latent_sar_max_wind_radii,Latent MLP · SAR · wind + radii,21.731143315633137,False,hourly mean,3
EP182023,Otis (2023),without_era5,2023-10-22T02:00:00+00:00,latent_sar_max_wind_radii,Latent MLP · SAR · wind + radii,21.924010170830616,False,hourly mean,3
EP182023,Otis (2023),without_era5,2023-10-22T03:00:00+00:00,latent_sar_max_wind_radii,Latent MLP · SAR · wind + radii,22.83360989888509,False,hourly mean,3
EP182023,Otis (2023),without_era5,2023-10-22T04:00:00+00:00,latent_sar_max_wind_radii,Latent MLP · SAR · wind + radii,23.554962793986004,False,hourly mean,3
EP182023,Otis (2023),without_era5,2023-10-22T05:00:00+00:00,latent_sar_max_wind_radii,Latent MLP · SAR · wind + radii,23.88383611043294,False,hourly mean,3
EP182023,Otis (2023),without_era5,2023-10-22T06:00:00+00:00,latent_sar_max_wind_radii,Latent MLP · SAR · wind + radii,23.990297211541066,False,hourly mean,3
EP182023,Otis (2023),without_era5,2023-10-22T07:00:00+00:00,latent_sar_max_wind_radii,Latent MLP · SAR · wind + radii,24.389224370320637,False,hourly mean,3
EP182023,Otis (2023),without_era5,2023-10-22T08:00:00+00:00,latent_sar_max_wind_radii,Latent MLP · SAR · wind + radii,24.53437074025472,False,hourly mean,3
EP182023,Otis (2023),without_era5,2023-10-22T09:00:00+00:00,latent_sar_max_wind_radii,Latent MLP · SAR · wind + radii,24.084291881985138,False,hourly mean,3
EP182023,Otis (2023),without_era5,2023-10-22T10:00:00+00:00,latent_sar_max_wind_radii,Latent MLP · SAR · wind + radii,23.541080792744953,False,hourly mean,3
EP182023,Otis (2023),without_era5,2023-10-22T11:00:00+00:00,latent_sar_max_wind_radii,Latent MLP · SAR · wind + radii,23.27512878841824,False,hourly mean,3
EP182023,Otis (2023),without_era5,2023-10-22T12:00:00+00:00,latent_sar_max_wind_radii,Latent MLP · SAR · wind + radii,24.089056756761337,False,hourly mean,3
EP182023,Otis (2023),without_era5,2023-10-22T13:00:00+00:00,latent_sar_max_wind_radii,Latent MLP · SAR · wind + radii,25.339962005615234,False,hourly mean,3
EP182023,Otis (2023),without_era5,2023-10-22T14:00:00+00:00,latent_sar_max_wind_radii,Latent MLP · SAR · wind + radii,25.73943042755127,False,hourly mean,3
EP182023,Otis (2023),without_era5,2023-10-22T15:00:00+00:00,latent_sar_max_wind_radii,Latent MLP · SAR · wind + radii,25.543777571784123,False,hourly mean,3
EP182023,Otis (2023),without_era5,2023-10-22T16:00:00+00:00,latent_sar_max_wind_radii,Latent MLP · SAR · wind + radii,26.086259735955128,False,hourly mean,3
EP182023,Otis (2023),without_era5,2023-10-22T17:00:00+00:00,latent_sar_max_wind_radii,Latent MLP · SAR · wind + radii,28.160490565829807,False,hourly mean,3
EP182023,Otis (2023),without_era5,2023-10-22T18:00:00+00:00,latent_sar_max_wind_radii,Latent MLP · SAR · wind + radii,31.288103209601505,False,hourly mean,3
EP182023,Otis (2023),without_era5,2023-10-22T19:00:00+00:00,latent_sar_max_wind_radii,Latent MLP · SAR · wind + radii,31.49522919125027,False,hourly mean,3
EP182023,Otis (2023),without_era5,2023-10-22T20:00:00+00:00,latent_sar_max_wind_radii,Latent MLP · SAR · wind + radii,30.70742977990044,False,hourly mean,3
EP182023,Otis (2023),without_era5,2023-10-22T21:00:00+00:00,latent_sar_max_wind_radii,Latent MLP · SAR · wind + radii,28.933040406968857,False,hourly mean,3
EP182023,Otis (2023),without_era5,2023-10-22T22:00:00+00:00,latent_sar_max_wind_radii,Latent MLP · SAR · wind + radii,26.817439079284668,False,hourly mean,3
EP182023,Otis (2023),without_era5,2023-10-22T23:00:00+00:00,latent_sar_max_wind_radii,Latent MLP · SAR · wind + radii,24.035696347554524,False,hourly mean,3
EP182023,Otis (2023),without_era5,2023-10-23T00:00:00+00:00,latent_sar_max_wind_radii,Latent MLP · SAR · wind + radii,21.26650036705865,False,hourly mean,3
EP182023,Otis (2023),without_era5,2023-10-23T01:00:00+00:00,latent_sar_max_wind_radii,Latent MLP · SAR · wind + radii,20.635490629408096,False,hourly mean,3
EP182023,Otis (2023),without_era5,2023-10-23T02:00:00+00:00,latent_sar_max_wind_radii,Latent MLP · SAR · wind + radii,21.821682506137424,False,hourly mean,3
EP182023,Otis (2023),without_era5,2023-10-23T03:00:00+00:00,latent_sar_max_wind_radii,Latent MLP · SAR · wind + radii,23.05923228793674,False,hourly mean,3
EP182023,Otis (2023),without_era5,2023-10-23T04:00:00+00:00,latent_sar_max_wind_radii,Latent MLP · SAR · wind + radii,23.751117706298828,False,hourly mean,3
EP182023,Otis (2023),without_era5,2023-10-23T05:00:00+00:00,latent_sar_max_wind_radii,Latent MLP · SAR · wind + radii,23.741260528564453,False,hourly mean,3
EP182023,Otis (2023),without_era5,2023-10-23T06:00:00+00:00,latent_sar_max_wind_radii,Latent MLP · SAR · wind + radii,22.750242339240177,False,hourly mean,3
EP182023,Otis (2023),without_era5,2023-10-23T07:00:00+00:00,latent_sar_max_wind_radii,Latent MLP · SAR · wind + radii,24.060680283440487,False,hourly mean,3
EP182023,Otis (2023),without_era5,2023-10-23T08:00:00+00:00,latent_sar_max_wind_radii,Latent MLP · SAR · wind + radii,25.035999298095703,False,hourly mean,3
EP182023,Otis (2023),without_era5,2023-10-23T09:00:00+00:00,latent_sar_max_wind_radii,Latent MLP · SAR · wind + radii,25.677103996276855,False,hourly mean,3
EP182023,Otis (2023),without_era5,2023-10-23T10:00:00+00:00,latent_sar_max_wind_radii,Latent MLP · SAR · wind + radii,24.14467578464084,False,hourly mean,3
EP182023,Otis (2023),without_era5,2023-10-23T11:00:00+00:00,latent_sar_max_wind_radii,Latent MLP · SAR · wind + radii,21.743479410807293,False,hourly mean,3
EP182023,Otis (2023),without_era5,2023-10-23T12:00:00+00:00,latent_sar_max_wind_radii,Latent MLP · SAR · wind + radii,20.92219363318549,False,hourly mean,3
EP182023,Otis (2023),without_era5,2023-10-23T13:00:00+00:00,latent_sar_max_wind_radii,Latent MLP · SAR · wind + radii,20.810955471462673,False,hourly mean,3
EP182023,Otis (2023),without_era5,2023-10-23T14:00:00+00:00,latent_sar_max_wind_radii,Latent MLP · SAR · wind + radii,22.067483372158474,False,hourly mean,3
EP182023,Otis (2023),without_era5,2023-10-23T15:00:00+00:00,latent_sar_max_wind_radii,Latent MLP · SAR · wind + radii,22.181538475884327,False,hourly mean,3
EP182023,Otis (2023),without_era5,2023-10-23T16:00:00+00:00,latent_sar_max_wind_radii,Latent MLP · SAR · wind + radii,22.200289832221134,False,hourly mean,3
EP182023,Otis (2023),without_era5,2023-10-23T17:00:00+00:00,latent_sar_max_wind_radii,Latent MLP · SAR · wind + radii,22.770492129855686,False,hourly mean,3
EP182023,Otis (2023),without_era5,2023-10-23T18:00:00+00:00,latent_sar_max_wind_radii,Latent MLP · SAR · wind + radii,23.923639085557728,False,hourly mean,3
EP182023,Otis (2023),without_era5,2023-10-23T19:00:00+00:00,latent_sar_max_wind_radii,Latent MLP · SAR · wind + radii,25.431429333157013,False,hourly mean,3
EP182023,Otis (2023),without_era5,2023-10-23T20:00:00+00:00,latent_sar_max_wind_radii,Latent MLP · SAR · wind + radii,26.437452528211807,False,hourly mean,3
EP182023,Otis (2023),without_era5,2023-10-23T21:00:00+00:00,latent_sar_max_wind_radii,Latent MLP · SAR · wind + radii,26.193568017747666,False,hourly mean,3
EP182023,Otis (2023),without_era5,2023-10-23T22:00:00+00:00,latent_sar_max_wind_radii,Latent MLP · SAR · wind + radii,23.072404649522568,False,hourly mean,3
EP182023,Otis (2023),without_era5,2023-10-23T23:00:00+00:00,latent_sar_max_wind_radii,Latent MLP · SAR · wind + radii,20.51419311099582,False,hourly mean,3
EP182023,Otis (2023),without_era5,2023-10-24T00:00:00+00:00,latent_sar_max_wind_radii,Latent MLP · SAR · wind + radii,19.368725458780926,False,hourly mean,3
EP182023,Otis (2023),without_era5,2023-10-24T01:00:00+00:00,latent_sar_max_wind_radii,Latent MLP · SAR · wind + radii,21.82456387413873,False,hourly mean,3
EP182023,Otis (2023),without_era5,2023-10-24T02:00:00+00:00,latent_sar_max_wind_radii,Latent MLP · SAR · wind + radii,22.618514484829376,False,hourly mean,3
EP182023,Otis (2023),without_era5,2023-10-24T03:00:00+00:00,latent_sar_max_wind_radii,Latent MLP · SAR · wind + radii,23.71047867669,False,hourly mean,3
EP182023,Otis (2023),without_era5,2023-10-24T04:00:00+00:00,latent_sar_max_wind_radii,Latent MLP · SAR · wind + radii,22.8982032140096,False,hourly mean,3
EP182023,Otis (2023),without_era5,2023-10-24T05:00:00+00:00,latent_sar_max_wind_radii,Latent MLP · SAR · wind + radii,24.15624226464165,False,hourly mean,3
EP182023,Otis (2023),without_era5,2023-10-24T06:00:00+00:00,latent_sar_max_wind_radii,Latent MLP · SAR · wind + radii,24.43905374738905,False,hourly mean,3
EP182023,Otis (2023),without_era5,2023-10-24T07:00:00+00:00,latent_sar_max_wind_radii,Latent MLP · SAR · wind + radii,24.77113437652588,False,hourly mean,3
EP182023,Otis (2023),without_era5,2023-10-24T08:00:00+00:00,latent_sar_max_wind_radii,Latent MLP · SAR · wind + radii,25.598629633585613,False,hourly mean,3
EP182023,Otis (2023),without_era5,2023-10-24T09:00:00+00:00,latent_sar_max_wind_radii,Latent MLP · SAR · wind + radii,29.22694068484836,False,hourly mean,3
EP182023,Otis (2023),without_era5,2023-10-24T10:00:00+00:00,latent_sar_max_wind_radii,Latent MLP · SAR · wind + radii,32.74653127458361,False,hourly mean,3
EP182023,Otis (2023),without_era5,2023-10-24T11:00:00+00:00,latent_sar_max_wind_radii,Latent MLP · SAR · wind + radii,38.80613782670763,False,hourly mean,3
EP182023,Otis (2023),without_era5,2023-10-24T12:00:00+00:00,latent_sar_max_wind_radii,Latent MLP · SAR · wind + radii,41.41517151726617,False,hourly mean,3
EP182023,Otis (2023),without_era5,2023-10-24T13:00:00+00:00,latent_sar_max_wind_radii,Latent MLP · SAR · wind + radii,47.945359759860565,True,hourly mean,3
EP182023,Otis (2023),without_era5,2023-10-24T14:00:00+00:00,latent_sar_max_wind_radii,Latent MLP · SAR · wind + radii,48.973894119262695,True,hourly mean,3
EP182023,Otis (2023),without_era5,2023-10-24T15:00:00+00:00,latent_sar_max_wind_radii,Latent MLP · SAR · wind + radii,52.276465309990776,True,hourly mean,3
EP182023,Otis (2023),without_era5,2023-10-24T16:00:00+00:00,latent_sar_max_wind_radii,Latent MLP · SAR · wind + radii,50.87334209018283,True,hourly mean,3
EP182023,Otis (2023),without_era5,2023-10-24T17:00:00+00:00,latent_sar_max_wind_radii,Latent MLP · SAR · wind + radii,51.991855197482636,True,hourly mean,3
EP182023,Otis (2023),without_era5,2023-10-24T18:00:00+00:00,latent_sar_max_wind_radii,Latent MLP · SAR · wind + radii,51.95847490098742,True,hourly mean,3
EP182023,Otis (2023),without_era5,2023-10-24T19:00:00+00:00,latent_sar_max_wind_radii,Latent MLP · SAR · wind + radii,51.75418366326227,True,hourly mean,3
EP182023,Otis (2023),without_era5,2023-10-24T20:00:00+00:00,latent_sar_max_wind_radii,Latent MLP · SAR · wind + radii,52.7532901763916,True,hourly mean,3
EP182023,Otis (2023),without_era5,2023-10-24T21:00:00+00:00,latent_sar_max_wind_radii,Latent MLP · SAR · wind + radii,55.69431156582303,True,hourly mean,3
EP182023,Otis (2023),without_era5,2023-10-24T22:00:00+00:00,latent_sar_max_wind_radii,Latent MLP · SAR · wind + radii,61.33124309115939,True,hourly mean,3
EP182023,Otis (2023),without_era5,2023-10-24T23:00:00+00:00,latent_sar_max_wind_radii,Latent MLP · SAR · wind + radii,64.95351812574599,True,hourly mean,3
EP182023,Otis (2023),without_era5,2023-10-25T00:00:00+00:00,latent_sar_max_wind_radii,Latent MLP · SAR · wind + radii,66.7881965637207,True,hourly mean,3
EP182023,Otis (2023),without_era5,2023-10-25T01:00:00+00:00,latent_sar_max_wind_radii,Latent MLP · SAR · wind + radii,66.80967670016817,True,hourly mean,3
EP182023,Otis (2023),without_era5,2023-10-25T02:00:00+00:00,latent_sar_max_wind_radii,Latent MLP · SAR · wind + radii,67.8864500257704,True,hourly mean,3
EP182023,Otis (2023),without_era5,2023-10-25T03:00:00+00:00,latent_sar_max_wind_radii,Latent MLP · SAR · wind + radii,68.1133689880371,True,hourly mean,3
EP182023,Otis (2023),without_era5,2023-10-25T04:00:00+00:00,latent_sar_max_wind_radii,Latent MLP · SAR · wind + radii,65.76154009501138,True,hourly mean,3
EP182023,Otis (2023),without_era5,2023-10-25T05:00:00+00:00,latent_sar_max_wind_radii,Latent MLP · SAR · wind + radii,61.412053849962014,True,hourly mean,3
EP182023,Otis (2023),without_era5,2023-10-25T06:00:00+00:00,latent_sar_max_wind_radii,Latent MLP · SAR · wind + radii,55.18963623046875,True,hourly mean,3
EP182023,Otis (2023),without_era5,2023-10-25T07:00:00+00:00,latent_sar_max_wind_radii,Latent MLP · SAR · wind + radii,51.425160937839074,True,hourly mean,3
EP182023,Otis (2023),without_era5,2023-10-25T08:00:00+00:00,latent_sar_max_wind_radii,Latent MLP · SAR · wind + radii,43.815225495232475,True,hourly mean,3
EP182023,Otis (2023),without_era5,2023-10-25T09:00:00+00:00,latent_sar_max_wind_radii,Latent MLP · SAR · wind + radii,38.91154840257432,True,hourly mean,3
EP182023,Otis (2023),without_era5,2023-10-25T10:00:00+00:00,latent_sar_max_wind_radii,Latent MLP · SAR · wind + radii,33.41840807596842,True,hourly mean,3
EP182023,Otis (2023),without_era5,2023-10-25T11:00:00+00:00,latent_sar_max_wind_radii,Latent MLP · SAR · wind + radii,30.93203057183159,True,hourly mean,3
EP182023,Otis (2023),without_era5,2023-10-25T12:00:00+00:00,latent_sar_max_wind_radii,Latent MLP · SAR · wind + radii,26.887202262878414,False,hourly mean,3
EP182023,Otis (2023),without_era5,2023-10-25T13:00:00+00:00,latent_sar_max_wind_radii,Latent MLP · SAR · wind + radii,24.053945647345643,False,hourly mean,3
EP182023,Otis (2023),without_era5,2023-10-25T14:00:00+00:00,latent_sar_max_wind_radii,Latent MLP · SAR · wind + radii,21.9042952855428,False,hourly mean,3
EP182023,Otis (2023),without_era5,2023-10-25T15:00:00+00:00,latent_sar_max_wind_radii,Latent MLP · SAR · wind + radii,21.337457974751786,False,hourly mean,3
EP182023,Otis (2023),without_era5,2023-10-25T16:00:00+00:00,latent_sar_max_wind_radii,Latent MLP · SAR · wind + radii,21.045704205830887,False,hourly mean,3
EP182023,Otis (2023),without_era5,2023-10-25T17:00:00+00:00,latent_sar_max_wind_radii,Latent MLP · SAR · wind + radii,21.300255775451653,False,hourly mean,3
EP182023,Otis (2023),without_era5,2023-10-21T00:00:00+00:00,latent_no_sar_max_wind_radii,Latent MLP · no SAR · wind + radii,20.124751091003418,False,hourly mean,3
EP182023,Otis (2023),without_era5,2023-10-21T01:00:00+00:00,latent_no_sar_max_wind_radii,Latent MLP · no SAR · wind + radii,20.328333112928604,False,hourly mean,3
EP182023,Otis (2023),without_era5,2023-10-21T02:00:00+00:00,latent_no_sar_max_wind_radii,Latent MLP · no SAR · wind + radii,20.925235324435764,False,hourly mean,3
EP182023,Otis (2023),without_era5,2023-10-21T03:00:00+00:00,latent_no_sar_max_wind_radii,Latent MLP · no SAR · wind + radii,20.417177200317383,False,hourly mean,3
EP182023,Otis (2023),without_era5,2023-10-21T04:00:00+00:00,latent_no_sar_max_wind_radii,Latent MLP · no SAR · wind + radii,20.59500037299262,False,hourly mean,3
EP182023,Otis (2023),without_era5,2023-10-21T05:00:00+00:00,latent_no_sar_max_wind_radii,Latent MLP · no SAR · wind + radii,21.2049617767334,False,hourly mean,3
EP182023,Otis (2023),without_era5,2023-10-21T06:00:00+00:00,latent_no_sar_max_wind_radii,Latent MLP · no SAR · wind + radii,22.600898424784344,False,hourly mean,3
EP182023,Otis (2023),without_era5,2023-10-21T07:00:00+00:00,latent_no_sar_max_wind_radii,Latent MLP · no SAR · wind + radii,23.03274144066705,False,hourly mean,3
EP182023,Otis (2023),without_era5,2023-10-21T08:00:00+00:00,latent_no_sar_max_wind_radii,Latent MLP · no SAR · wind + radii,22.43981393178304,False,hourly mean,3
EP182023,Otis (2023),without_era5,2023-10-21T09:00:00+00:00,latent_no_sar_max_wind_radii,Latent MLP · no SAR · wind + radii,21.39810562133789,False,hourly mean,3
EP182023,Otis (2023),without_era5,2023-10-21T10:00:00+00:00,latent_no_sar_max_wind_radii,Latent MLP · no SAR · wind + radii,21.4803745481703,False,hourly mean,3
EP182023,Otis (2023),without_era5,2023-10-21T11:00:00+00:00,latent_no_sar_max_wind_radii,Latent MLP · no SAR · wind + radii,22.233050770229763,False,hourly mean,3
EP182023,Otis (2023),without_era5,2023-10-21T12:00:00+00:00,latent_no_sar_max_wind_radii,Latent MLP · no SAR · wind + radii,23.74728573693169,False,hourly mean,3
EP182023,Otis (2023),without_era5,2023-10-21T13:00:00+00:00,latent_no_sar_max_wind_radii,Latent MLP · no SAR · wind + radii,22.63871192932129,False,hourly mean,3
EP182023,Otis (2023),without_era5,2023-10-21T14:00:00+00:00,latent_no_sar_max_wind_radii,Latent MLP · no SAR · wind + radii,21.54450427161323,False,hourly mean,3
EP182023,Otis (2023),without_era5,2023-10-21T15:00:00+00:00,latent_no_sar_max_wind_radii,Latent MLP · no SAR · wind + radii,19.346203909979923,False,hourly mean,3
EP182023,Otis (2023),without_era5,2023-10-21T16:00:00+00:00,latent_no_sar_max_wind_radii,Latent MLP · no SAR · wind + radii,19.700915336608883,False,hourly mean,3
EP182023,Otis (2023),without_era5,2023-10-21T17:00:00+00:00,latent_no_sar_max_wind_radii,Latent MLP · no SAR · wind + radii,19.938485251532658,False,hourly mean,3
EP182023,Otis (2023),without_era5,2023-10-21T18:00:00+00:00,latent_no_sar_max_wind_radii,Latent MLP · no SAR · wind + radii,20.471625645955402,False,hourly mean,3
EP182023,Otis (2023),without_era5,2023-10-21T19:00:00+00:00,latent_no_sar_max_wind_radii,Latent MLP · no SAR · wind + radii,20.398829142252605,False,hourly mean,3
EP182023,Otis (2023),without_era5,2023-10-21T20:00:00+00:00,latent_no_sar_max_wind_radii,Latent MLP · no SAR · wind + radii,20.180792914496525,False,hourly mean,3
EP182023,Otis (2023),without_era5,2023-10-21T21:00:00+00:00,latent_no_sar_max_wind_radii,Latent MLP · no SAR · wind + radii,19.756012704637314,False,hourly mean,3
EP182023,Otis (2023),without_era5,2023-10-21T22:00:00+00:00,latent_no_sar_max_wind_radii,Latent MLP · no SAR · wind + radii,19.312689463297527,False,hourly mean,3
EP182023,Otis (2023),without_era5,2023-10-21T23:00:00+00:00,latent_no_sar_max_wind_radii,Latent MLP · no SAR · wind + radii,19.765305413140194,False,hourly mean,3
EP182023,Otis (2023),without_era5,2023-10-22T00:00:00+00:00,latent_no_sar_max_wind_radii,Latent MLP · no SAR · wind + radii,20.569637616475422,False,hourly mean,3
EP182023,Otis (2023),without_era5,2023-10-22T01:00:00+00:00,latent_no_sar_max_wind_radii,Latent MLP · no SAR · wind + radii,22.12149937947591,False,hourly mean,3
EP182023,Otis (2023),without_era5,2023-10-22T02:00:00+00:00,latent_no_sar_max_wind_radii,Latent MLP · no SAR · wind + radii,23.05943425496419,False,hourly mean,3
EP182023,Otis (2023),without_era5,2023-10-22T03:00:00+00:00,latent_no_sar_max_wind_radii,Latent MLP · no SAR · wind + radii,23.654432720608185,False,hourly mean,3
EP182023,Otis (2023),without_era5,2023-10-22T04:00:00+00:00,latent_no_sar_max_wind_radii,Latent MLP · no SAR · wind + radii,22.805308447943798,False,hourly mean,3
EP182023,Otis (2023),without_era5,2023-10-22T05:00:00+00:00,latent_no_sar_max_wind_radii,Latent MLP · no SAR · wind + radii,22.42664485507541,False,hourly mean,3
EP182023,Otis (2023),without_era5,2023-10-22T06:00:00+00:00,latent_no_sar_max_wind_radii,Latent MLP · no SAR · wind + radii,23.173954221937393,False,hourly mean,3
EP182023,Otis (2023),without_era5,2023-10-22T07:00:00+00:00,latent_no_sar_max_wind_radii,Latent MLP · no SAR · wind + radii,24.143191549513077,False,hourly mean,3
EP182023,Otis (2023),without_era5,2023-10-22T08:00:00+00:00,latent_no_sar_max_wind_radii,Latent MLP · no SAR · wind + radii,23.09855545891656,False,hourly mean,3
EP182023,Otis (2023),without_era5,2023-10-22T09:00:00+00:00,latent_no_sar_max_wind_radii,Latent MLP · no SAR · wind + radii,22.164982265896267,False,hourly mean,3
EP182023,Otis (2023),without_era5,2023-10-22T10:00:00+00:00,latent_no_sar_max_wind_radii,Latent MLP · no SAR · wind + radii,23.946625285678437,False,hourly mean,3
EP182023,Otis (2023),without_era5,2023-10-22T11:00:00+00:00,latent_no_sar_max_wind_radii,Latent MLP · no SAR · wind + radii,27.910206476847332,False,hourly mean,3
EP182023,Otis (2023),without_era5,2023-10-22T12:00:00+00:00,latent_no_sar_max_wind_radii,Latent MLP · no SAR · wind + radii,31.40971681806776,False,hourly mean,3
EP182023,Otis (2023),without_era5,2023-10-22T13:00:00+00:00,latent_no_sar_max_wind_radii,Latent MLP · no SAR · wind + radii,31.01513163248698,False,hourly mean,3
EP182023,Otis (2023),without_era5,2023-10-22T14:00:00+00:00,latent_no_sar_max_wind_radii,Latent MLP · no SAR · wind + radii,28.24115138583713,False,hourly mean,3
EP182023,Otis (2023),without_era5,2023-10-22T15:00:00+00:00,latent_no_sar_max_wind_radii,Latent MLP · no SAR · wind + radii,27.10835276709663,False,hourly mean,3
EP182023,Otis (2023),without_era5,2023-10-22T16:00:00+00:00,latent_no_sar_max_wind_radii,Latent MLP · no SAR · wind + radii,27.454552862379284,False,hourly mean,3
EP182023,Otis (2023),without_era5,2023-10-22T17:00:00+00:00,latent_no_sar_max_wind_radii,Latent MLP · no SAR · wind + radii,28.314485020107693,False,hourly mean,3
EP182023,Otis (2023),without_era5,2023-10-22T18:00:00+00:00,latent_no_sar_max_wind_radii,Latent MLP · no SAR · wind + radii,29.84041489495171,False,hourly mean,3
EP182023,Otis (2023),without_era5,2023-10-22T19:00:00+00:00,latent_no_sar_max_wind_radii,Latent MLP · no SAR · wind + radii,30.128094885084362,False,hourly mean,3
EP182023,Otis (2023),without_era5,2023-10-22T20:00:00+00:00,latent_no_sar_max_wind_radii,Latent MLP · no SAR · wind + radii,31.140854729546437,False,hourly mean,3
EP182023,Otis (2023),without_era5,2023-10-22T21:00:00+00:00,latent_no_sar_max_wind_radii,Latent MLP · no SAR · wind + radii,28.727394421895344,False,hourly mean,3
EP182023,Otis (2023),without_era5,2023-10-22T22:00:00+00:00,latent_no_sar_max_wind_radii,Latent MLP · no SAR · wind + radii,25.968632274203827,False,hourly mean,3
EP182023,Otis (2023),without_era5,2023-10-22T23:00:00+00:00,latent_no_sar_max_wind_radii,Latent MLP · no SAR · wind + radii,22.785810258653424,False,hourly mean,3
EP182023,Otis (2023),without_era5,2023-10-23T00:00:00+00:00,latent_no_sar_max_wind_radii,Latent MLP · no SAR · wind + radii,20.85167090098063,False,hourly mean,3
EP182023,Otis (2023),without_era5,2023-10-23T01:00:00+00:00,latent_no_sar_max_wind_radii,Latent MLP · no SAR · wind + radii,20.657607926262745,False,hourly mean,3
EP182023,Otis (2023),without_era5,2023-10-23T02:00:00+00:00,latent_no_sar_max_wind_radii,Latent MLP · no SAR · wind + radii,21.064601580301918,False,hourly mean,3
EP182023,Otis (2023),without_era5,2023-10-23T03:00:00+00:00,latent_no_sar_max_wind_radii,Latent MLP · no SAR · wind + radii,21.023068322075734,False,hourly mean,3
EP182023,Otis (2023),without_era5,2023-10-23T04:00:00+00:00,latent_no_sar_max_wind_radii,Latent MLP · no SAR · wind + radii,21.025425487094456,False,hourly mean,3
EP182023,Otis (2023),without_era5,2023-10-23T05:00:00+00:00,latent_no_sar_max_wind_radii,Latent MLP · no SAR · wind + radii,22.143077214558918,False,hourly mean,3
EP182023,Otis (2023),without_era5,2023-10-23T06:00:00+00:00,latent_no_sar_max_wind_radii,Latent MLP · no SAR · wind + radii,24.185098754035096,False,hourly mean,3
EP182023,Otis (2023),without_era5,2023-10-23T07:00:00+00:00,latent_no_sar_max_wind_radii,Latent MLP · no SAR · wind + radii,26.907526546054413,False,hourly mean,3
EP182023,Otis (2023),without_era5,2023-10-23T08:00:00+00:00,latent_no_sar_max_wind_radii,Latent MLP · no SAR · wind + radii,26.23256577385796,False,hourly mean,3
EP182023,Otis (2023),without_era5,2023-10-23T09:00:00+00:00,latent_no_sar_max_wind_radii,Latent MLP · no SAR · wind + radii,24.74366972181532,False,hourly mean,3
EP182023,Otis (2023),without_era5,2023-10-23T10:00:00+00:00,latent_no_sar_max_wind_radii,Latent MLP · no SAR · wind + radii,22.41270987192789,False,hourly mean,3
EP182023,Otis (2023),without_era5,2023-10-23T11:00:00+00:00,latent_no_sar_max_wind_radii,Latent MLP · no SAR · wind + radii,21.038550376892086,False,hourly mean,3
EP182023,Otis (2023),without_era5,2023-10-23T12:00:00+00:00,latent_no_sar_max_wind_radii,Latent MLP · no SAR · wind + radii,19.961785952250157,False,hourly mean,3
EP182023,Otis (2023),without_era5,2023-10-23T13:00:00+00:00,latent_no_sar_max_wind_radii,Latent MLP · no SAR · wind + radii,19.290046691894528,False,hourly mean,3
EP182023,Otis (2023),without_era5,2023-10-23T14:00:00+00:00,latent_no_sar_max_wind_radii,Latent MLP · no SAR · wind + radii,19.71778509351942,False,hourly mean,3
EP182023,Otis (2023),without_era5,2023-10-23T15:00:00+00:00,latent_no_sar_max_wind_radii,Latent MLP · no SAR · wind + radii,19.572465578715,False,hourly mean,3
EP182023,Otis (2023),without_era5,2023-10-23T16:00:00+00:00,latent_no_sar_max_wind_radii,Latent MLP · no SAR · wind + radii,18.902801301744244,False,hourly mean,3
EP182023,Otis (2023),without_era5,2023-10-23T17:00:00+00:00,latent_no_sar_max_wind_radii,Latent MLP · no SAR · wind + radii,18.656092855665417,False,hourly mean,3
EP182023,Otis (2023),without_era5,2023-10-23T18:00:00+00:00,latent_no_sar_max_wind_radii,Latent MLP · no SAR · wind + radii,19.881614049275715,False,hourly mean,3
EP182023,Otis (2023),without_era5,2023-10-23T19:00:00+00:00,latent_no_sar_max_wind_radii,Latent MLP · no SAR · wind + radii,21.036031299167206,False,hourly mean,3
EP182023,Otis (2023),without_era5,2023-10-23T20:00:00+00:00,latent_no_sar_max_wind_radii,Latent MLP · no SAR · wind + radii,22.676257769266766,False,hourly mean,3
EP182023,Otis (2023),without_era5,2023-10-23T21:00:00+00:00,latent_no_sar_max_wind_radii,Latent MLP · no SAR · wind + radii,22.301340632968476,False,hourly mean,3
EP182023,Otis (2023),without_era5,2023-10-23T22:00:00+00:00,latent_no_sar_max_wind_radii,Latent MLP · no SAR · wind + radii,21.77723354763454,False,hourly mean,3
EP182023,Otis (2023),without_era5,2023-10-23T23:00:00+00:00,latent_no_sar_max_wind_radii,Latent MLP · no SAR · wind + radii,22.32021490732829,False,hourly mean,3
EP182023,Otis (2023),without_era5,2023-10-24T00:00:00+00:00,latent_no_sar_max_wind_radii,Latent MLP · no SAR · wind + radii,23.4504976272583,False,hourly mean,3
EP182023,Otis (2023),without_era5,2023-10-24T01:00:00+00:00,latent_no_sar_max_wind_radii,Latent MLP · no SAR · wind + radii,25.56768035888672,False,hourly mean,3
EP182023,Otis (2023),without_era5,2023-10-24T02:00:00+00:00,latent_no_sar_max_wind_radii,Latent MLP · no SAR · wind + radii,25.86447853512234,False,hourly mean,3
EP182023,Otis (2023),without_era5,2023-10-24T03:00:00+00:00,latent_no_sar_max_wind_radii,Latent MLP · no SAR · wind + radii,26.01929558648003,False,hourly mean,3
EP182023,Otis (2023),without_era5,2023-10-24T04:00:00+00:00,latent_no_sar_max_wind_radii,Latent MLP · no SAR · wind + radii,26.17650360531277,False,hourly mean,3
EP182023,Otis (2023),without_era5,2023-10-24T05:00:00+00:00,latent_no_sar_max_wind_radii,Latent MLP · no SAR · wind + radii,29.57811959584554,False,hourly mean,3
EP182023,Otis (2023),without_era5,2023-10-24T06:00:00+00:00,latent_no_sar_max_wind_radii,Latent MLP · no SAR · wind + radii,34.138166639539925,False,hourly mean,3
EP182023,Otis (2023),without_era5,2023-10-24T07:00:00+00:00,latent_no_sar_max_wind_radii,Latent MLP · no SAR · wind + radii,37.62565506829156,False,hourly mean,3
EP182023,Otis (2023),without_era5,2023-10-24T08:00:00+00:00,latent_no_sar_max_wind_radii,Latent MLP · no SAR · wind + radii,38.724799474080406,False,hourly mean,3
EP182023,Otis (2023),without_era5,2023-10-24T09:00:00+00:00,latent_no_sar_max_wind_radii,Latent MLP · no SAR · wind + radii,37.024076249864365,False,hourly mean,3
EP182023,Otis (2023),without_era5,2023-10-24T10:00:00+00:00,latent_no_sar_max_wind_radii,Latent MLP · no SAR · wind + radii,36.70746432410346,False,hourly mean,3
EP182023,Otis (2023),without_era5,2023-10-24T11:00:00+00:00,latent_no_sar_max_wind_radii,Latent MLP · no SAR · wind + radii,37.74794758690728,False,hourly mean,3
EP182023,Otis (2023),without_era5,2023-10-24T12:00:00+00:00,latent_no_sar_max_wind_radii,Latent MLP · no SAR · wind + radii,38.83235030704074,False,hourly mean,3
EP182023,Otis (2023),without_era5,2023-10-24T13:00:00+00:00,latent_no_sar_max_wind_radii,Latent MLP · no SAR · wind + radii,44.31829706827799,True,hourly mean,3
EP182023,Otis (2023),without_era5,2023-10-24T14:00:00+00:00,latent_no_sar_max_wind_radii,Latent MLP · no SAR · wind + radii,45.65819761488172,True,hourly mean,3
EP182023,Otis (2023),without_era5,2023-10-24T15:00:00+00:00,latent_no_sar_max_wind_radii,Latent MLP · no SAR · wind + radii,48.90554724799262,True,hourly mean,3
EP182023,Otis (2023),without_era5,2023-10-24T16:00:00+00:00,latent_no_sar_max_wind_radii,Latent MLP · no SAR · wind + radii,48.817944844563804,True,hourly mean,3
EP182023,Otis (2023),without_era5,2023-10-24T17:00:00+00:00,latent_no_sar_max_wind_radii,Latent MLP · no SAR · wind + radii,49.49651993645562,True,hourly mean,3
EP182023,Otis (2023),without_era5,2023-10-24T18:00:00+00:00,latent_no_sar_max_wind_radii,Latent MLP · no SAR · wind + radii,49.23151757982043,True,hourly mean,3
EP182023,Otis (2023),without_era5,2023-10-24T19:00:00+00:00,latent_no_sar_max_wind_radii,Latent MLP · no SAR · wind + radii,50.34665531582302,True,hourly mean,3
EP182023,Otis (2023),without_era5,2023-10-24T20:00:00+00:00,latent_no_sar_max_wind_radii,Latent MLP · no SAR · wind + radii,54.681164211697045,True,hourly mean,3
EP182023,Otis (2023),without_era5,2023-10-24T21:00:00+00:00,latent_no_sar_max_wind_radii,Latent MLP · no SAR · wind + radii,60.48198488023545,True,hourly mean,3
EP182023,Otis (2023),without_era5,2023-10-24T22:00:00+00:00,latent_no_sar_max_wind_radii,Latent MLP · no SAR · wind + radii,62.592355516221794,True,hourly mean,3
EP182023,Otis (2023),without_era5,2023-10-24T23:00:00+00:00,latent_no_sar_max_wind_radii,Latent MLP · no SAR · wind + radii,63.98472552829318,True,hourly mean,3
EP182023,Otis (2023),without_era5,2023-10-25T00:00:00+00:00,latent_no_sar_max_wind_radii,Latent MLP · no SAR · wind + radii,65.8487025366889,True,hourly mean,3
EP182023,Otis (2023),without_era5,2023-10-25T01:00:00+00:00,latent_no_sar_max_wind_radii,Latent MLP · no SAR · wind + radii,70.21156289842394,True,hourly mean,3
EP182023,Otis (2023),without_era5,2023-10-25T02:00:00+00:00,latent_no_sar_max_wind_radii,Latent MLP · no SAR · wind + radii,73.85619057549371,True,hourly mean,3
EP182023,Otis (2023),without_era5,2023-10-25T03:00:00+00:00,latent_no_sar_max_wind_radii,Latent MLP · no SAR · wind + radii,76.21313688490126,True,hourly mean,3
EP182023,Otis (2023),without_era5,2023-10-25T04:00:00+00:00,latent_no_sar_max_wind_radii,Latent MLP · no SAR · wind + radii,76.32049942016602,True,hourly mean,3
EP182023,Otis (2023),without_era5,2023-10-25T05:00:00+00:00,latent_no_sar_max_wind_radii,Latent MLP · no SAR · wind + radii,74.43858210245769,True,hourly mean,3
EP182023,Otis (2023),without_era5,2023-10-25T06:00:00+00:00,latent_no_sar_max_wind_radii,Latent MLP · no SAR · wind + radii,67.45717811584473,True,hourly mean,3
EP182023,Otis (2023),without_era5,2023-10-25T07:00:00+00:00,latent_no_sar_max_wind_radii,Latent MLP · no SAR · wind + radii,55.46448749966092,True,hourly mean,3
EP182023,Otis (2023),without_era5,2023-10-25T08:00:00+00:00,latent_no_sar_max_wind_radii,Latent MLP · no SAR · wind + radii,46.44378768073187,True,hourly mean,3
EP182023,Otis (2023),without_era5,2023-10-25T09:00:00+00:00,latent_no_sar_max_wind_radii,Latent MLP · no SAR · wind + radii,36.0569372177124,True,hourly mean,3
EP182023,Otis (2023),without_era5,2023-10-25T10:00:00+00:00,latent_no_sar_max_wind_radii,Latent MLP · no SAR · wind + radii,30.482085016038685,True,hourly mean,3
EP182023,Otis (2023),without_era5,2023-10-25T11:00:00+00:00,latent_no_sar_max_wind_radii,Latent MLP · no SAR · wind + radii,22.557973967658146,True,hourly mean,3
EP182023,Otis (2023),without_era5,2023-10-25T12:00:00+00:00,latent_no_sar_max_wind_radii,Latent MLP · no SAR · wind + radii,21.762545903523762,False,hourly mean,3
EP182023,Otis (2023),without_era5,2023-10-25T13:00:00+00:00,latent_no_sar_max_wind_radii,Latent MLP · no SAR · wind + radii,22.663269784715443,False,hourly mean,3
EP182023,Otis (2023),without_era5,2023-10-25T14:00:00+00:00,latent_no_sar_max_wind_radii,Latent MLP · no SAR · wind + radii,24.026602745056152,False,hourly mean,3
EP182023,Otis (2023),without_era5,2023-10-25T15:00:00+00:00,latent_no_sar_max_wind_radii,Latent MLP · no SAR · wind + radii,24.656786494784882,False,hourly mean,3
EP182023,Otis (2023),without_era5,2023-10-25T16:00:00+00:00,latent_no_sar_max_wind_radii,Latent MLP · no SAR · wind + radii,24.383267402648926,False,hourly mean,3
EP182023,Otis (2023),without_era5,2023-10-25T17:00:00+00:00,latent_no_sar_max_wind_radii,Latent MLP · no SAR · wind + radii,24.32202514012655,False,hourly mean,3
