storm_id,storm,conditioning,observation_timestamp,series_key,series,maximum_wind_ms,is_rapid_intensification,aggregation,smoothing_hours
AL082025,Humberto (2025),with_era5,2025-09-24T12:00:00+00:00,ibtracs_best_track,IBTrACS best track,18.00554,False,hourly mean,3
AL082025,Humberto (2025),with_era5,2025-09-24T13:00:00+00:00,ibtracs_best_track,IBTrACS best track,18.00554,False,hourly mean,3
AL082025,Humberto (2025),with_era5,2025-09-24T14:00:00+00:00,ibtracs_best_track,IBTrACS best track,18.00554,False,hourly mean,3
AL082025,Humberto (2025),with_era5,2025-09-24T15:00:00+00:00,ibtracs_best_track,IBTrACS best track,18.00554,False,hourly mean,3
AL082025,Humberto (2025),with_era5,2025-09-24T16:00:00+00:00,ibtracs_best_track,IBTrACS best track,18.00554,False,hourly mean,3
AL082025,Humberto (2025),with_era5,2025-09-24T17:00:00+00:00,ibtracs_best_track,IBTrACS best track,18.077847962222222,False,hourly mean,3
AL082025,Humberto (2025),with_era5,2025-09-24T18:00:00+00:00,ibtracs_best_track,IBTrACS best track,18.32163725777778,False,hourly mean,3
AL082025,Humberto (2025),with_era5,2025-09-24T19:00:00+00:00,ibtracs_best_track,IBTrACS best track,18.736907886666668,False,hourly mean,3
AL082025,Humberto (2025),with_era5,2025-09-24T20:00:00+00:00,ibtracs_best_track,IBTrACS best track,19.227249232592595,False,hourly mean,3
AL082025,Humberto (2025),with_era5,2025-09-24T21:00:00+00:00,ibtracs_best_track,IBTrACS best track,19.660430134074073,False,hourly mean,3
AL082025,Humberto (2025),with_era5,2025-09-24T22:00:00+00:00,ibtracs_best_track,IBTrACS best track,20.036450591111112,False,hourly mean,3
AL082025,Humberto (2025),with_era5,2025-09-24T23:00:00+00:00,ibtracs_best_track,IBTrACS best track,20.40351591185185,False,hourly mean,3
AL082025,Humberto (2025),with_era5,2025-09-25T00:00:00+00:00,ibtracs_best_track,IBTrACS best track,20.827741677037036,False,hourly mean,3
AL082025,Humberto (2025),with_era5,2025-09-25T01:00:00+00:00,ibtracs_best_track,IBTrACS best track,21.30912788666667,False,hourly mean,3
AL082025,Humberto (2025),with_era5,2025-09-25T02:00:00+00:00,ibtracs_best_track,IBTrACS best track,21.79946923259259,False,hourly mean,3
AL082025,Humberto (2025),with_era5,2025-09-25T03:00:00+00:00,ibtracs_best_track,IBTrACS best track,22.23265542670782,False,hourly mean,3
AL082025,Humberto (2025),with_era5,2025-09-25T04:00:00+00:00,ibtracs_best_track,IBTrACS best track,22.608707639547323,False,hourly mean,3
AL082025,Humberto (2025),with_era5,2025-09-25T05:00:00+00:00,ibtracs_best_track,IBTrACS best track,22.97582059399177,False,hourly mean,3
AL082025,Humberto (2025),with_era5,2025-09-25T06:00:00+00:00,ibtracs_best_track,IBTrACS best track,23.400088700246915,False,hourly mean,3
AL082025,Humberto (2025),with_era5,2025-09-25T07:00:00+00:00,ibtracs_best_track,IBTrACS best track,23.88149078777778,False,hourly mean,3
AL082025,Humberto (2025),with_era5,2025-09-25T08:00:00+00:00,ibtracs_best_track,IBTrACS best track,24.37181625580247,False,hourly mean,3
AL082025,Humberto (2025),with_era5,2025-09-25T09:00:00+00:00,ibtracs_best_track,IBTrACS best track,24.804981279382716,False,hourly mean,3
AL082025,Humberto (2025),with_era5,2025-09-25T10:00:00+00:00,ibtracs_best_track,IBTrACS best track,25.180985858518522,False,hourly mean,3
AL082025,Humberto (2025),with_era5,2025-09-25T11:00:00+00:00,ibtracs_best_track,IBTrACS best track,25.548067057160495,False,hourly mean,3
AL082025,Humberto (2025),with_era5,2025-09-25T12:00:00+00:00,ibtracs_best_track,IBTrACS best track,25.972308700246916,False,hourly mean,3
AL082025,Humberto (2025),with_era5,2025-09-25T13:00:00+00:00,ibtracs_best_track,IBTrACS best track,26.45371078777778,False,hourly mean,3
AL082025,Humberto (2025),with_era5,2025-09-25T14:00:00+00:00,ibtracs_best_track,IBTrACS best track,26.94403625580247,False,hourly mean,3
AL082025,Humberto (2025),with_era5,2025-09-25T15:00:00+00:00,ibtracs_best_track,IBTrACS best track,27.37719598674897,False,hourly mean,3
AL082025,Humberto (2025),with_era5,2025-09-25T16:00:00+00:00,ibtracs_best_track,IBTrACS best track,27.753179395349793,False,hourly mean,3
AL082025,Humberto (2025),with_era5,2025-09-25T17:00:00+00:00,ibtracs_best_track,IBTrACS best track,28.12026059399177,False,hourly mean,3
AL082025,Humberto (2025),with_era5,2025-09-25T18:00:00+00:00,ibtracs_best_track,IBTrACS best track,28.544507529711936,False,hourly mean,3
AL082025,Humberto (2025),with_era5,2025-09-25T19:00:00+00:00,ibtracs_best_track,IBTrACS best track,29.02593078777778,False,hourly mean,3
AL082025,Humberto (2025),with_era5,2025-09-25T20:00:00+00:00,ibtracs_best_track,IBTrACS best track,29.51625625580247,False,hourly mean,3
AL082025,Humberto (2025),with_era5,2025-09-25T21:00:00+00:00,ibtracs_best_track,IBTrACS best track,29.949421279382715,False,hourly mean,3
AL082025,Humberto (2025),with_era5,2025-09-25T22:00:00+00:00,ibtracs_best_track,IBTrACS best track,30.325425858518518,False,hourly mean,3
AL082025,Humberto (2025),with_era5,2025-09-25T23:00:00+00:00,ibtracs_best_track,IBTrACS best track,30.74074412111111,False,hourly mean,3
AL082025,Humberto (2025),with_era5,2025-09-26T00:00:00+00:00,ibtracs_best_track,IBTrACS best track,31.327543717037035,False,hourly mean,3
AL082025,Humberto (2025),with_era5,2025-09-26T01:00:00+00:00,ibtracs_best_track,IBTrACS best track,32.085824646296295,False,hourly mean,3
AL082025,Humberto (2025),with_era5,2025-09-26T02:00:00+00:00,ibtracs_best_track,IBTrACS best track,32.94323131296297,False,hourly mean,3
AL082025,Humberto (2025),with_era5,2025-09-26T03:00:00+00:00,ibtracs_best_track,IBTrACS best track,33.800637979629634,False,hourly mean,3
AL082025,Humberto (2025),with_era5,2025-09-26T04:00:00+00:00,ibtracs_best_track,IBTrACS best track,34.6580446462963,False,hourly mean,3
AL082025,Humberto (2025),with_era5,2025-09-26T05:00:00+00:00,ibtracs_best_track,IBTrACS best track,35.515451312962966,False,hourly mean,3
AL082025,Humberto (2025),with_era5,2025-09-26T06:00:00+00:00,ibtracs_best_track,IBTrACS best track,36.372857979629636,False,hourly mean,3
AL082025,Humberto (2025),with_era5,2025-09-26T07:00:00+00:00,ibtracs_best_track,IBTrACS best track,37.2302646462963,False,hourly mean,3
AL082025,Humberto (2025),with_era5,2025-09-26T08:00:00+00:00,ibtracs_best_track,IBTrACS best track,38.08767131296296,False,hourly mean,3
AL082025,Humberto (2025),with_era5,2025-09-26T09:00:00+00:00,ibtracs_best_track,IBTrACS best track,38.94507797962962,False,hourly mean,3
AL082025,Humberto (2025),with_era5,2025-09-26T10:00:00+00:00,ibtracs_best_track,IBTrACS best track,39.8024846462963,False,hourly mean,3
AL082025,Humberto (2025),with_era5,2025-09-26T11:00:00+00:00,ibtracs_best_track,IBTrACS best track,40.73224690888889,False,hourly mean,3
AL082025,Humberto (2025),with_era5,2025-09-26T12:00:00+00:00,ibtracs_best_track,IBTrACS best track,41.83349050481481,True,hourly mean,3
AL082025,Humberto (2025),with_era5,2025-09-26T13:00:00+00:00,ibtracs_best_track,IBTrACS best track,43.10621543407407,True,hourly mean,3
AL082025,Humberto (2025),with_era5,2025-09-26T14:00:00+00:00,ibtracs_best_track,IBTrACS best track,44.453947568765436,True,hourly mean,3
AL082025,Humberto (2025),with_era5,2025-09-26T15:00:00+00:00,ibtracs_best_track,IBTrACS best track,45.74451925901235,True,hourly mean,3
AL082025,Humberto (2025),with_era5,2025-09-26T16:00:00+00:00,ibtracs_best_track,IBTrACS best track,46.97793050481482,True,hourly mean,3
AL082025,Humberto (2025),with_era5,2025-09-26T17:00:00+00:00,ibtracs_best_track,IBTrACS best track,48.250655434074076,True,hourly mean,3
AL082025,Humberto (2025),with_era5,2025-09-26T18:00:00+00:00,ibtracs_best_track,IBTrACS best track,49.69486169666666,True,hourly mean,3
AL082025,Humberto (2025),with_era5,2025-09-26T19:00:00+00:00,ibtracs_best_track,IBTrACS best track,51.31054929259259,True,hourly mean,3
AL082025,Humberto (2025),with_era5,2025-09-26T20:00:00+00:00,ibtracs_best_track,IBTrACS best track,53.02536262592593,True,hourly mean,3
AL082025,Humberto (2025),with_era5,2025-09-26T21:00:00+00:00,ibtracs_best_track,IBTrACS best track,54.74017595925926,True,hourly mean,3
AL082025,Humberto (2025),with_era5,2025-09-26T22:00:00+00:00,ibtracs_best_track,IBTrACS best track,56.454989292592586,True,hourly mean,3
AL082025,Humberto (2025),with_era5,2025-09-26T23:00:00+00:00,ibtracs_best_track,IBTrACS best track,58.049209966049375,True,hourly mean,3
AL082025,Humberto (2025),with_era5,2025-09-27T00:00:00+00:00,ibtracs_best_track,IBTrACS best track,59.357628417283955,True,hourly mean,3
AL082025,Humberto (2025),with_era5,2025-09-27T01:00:00+00:00,ibtracs_best_track,IBTrACS best track,60.3802446462963,True,hourly mean,3
AL082025,Humberto (2025),with_era5,2025-09-27T02:00:00+00:00,ibtracs_best_track,IBTrACS best track,61.237651312962974,True,hourly mean,3
AL082025,Humberto (2025),with_era5,2025-09-27T03:00:00+00:00,ibtracs_best_track,IBTrACS best track,62.09505797962964,True,hourly mean,3
AL082025,Humberto (2025),with_era5,2025-09-27T04:00:00+00:00,ibtracs_best_track,IBTrACS best track,62.9524646462963,True,hourly mean,3
AL082025,Humberto (2025),with_era5,2025-09-27T05:00:00+00:00,ibtracs_best_track,IBTrACS best track,63.76163424901235,True,hourly mean,3
AL082025,Humberto (2025),with_era5,2025-09-27T06:00:00+00:00,ibtracs_best_track,IBTrACS best track,64.45648296283952,True,hourly mean,3
AL082025,Humberto (2025),with_era5,2025-09-27T07:00:00+00:00,ibtracs_best_track,IBTrACS best track,65.03701078777779,True,hourly mean,3
AL082025,Humberto (2025),with_era5,2025-09-27T08:00:00+00:00,ibtracs_best_track,IBTrACS best track,65.52733625580248,True,hourly mean,3
AL082025,Humberto (2025),with_era5,2025-09-27T09:00:00+00:00,ibtracs_best_track,IBTrACS best track,65.96050127938274,True,hourly mean,3
AL082025,Humberto (2025),with_era5,2025-09-27T10:00:00+00:00,ibtracs_best_track,IBTrACS best track,66.33650585851852,True,hourly mean,3
AL082025,Humberto (2025),with_era5,2025-09-27T11:00:00+00:00,ibtracs_best_track,IBTrACS best track,66.75182412111111,True,hourly mean,3
AL082025,Humberto (2025),with_era5,2025-09-27T12:00:00+00:00,ibtracs_best_track,IBTrACS best track,67.33862371703704,True,hourly mean,3
AL082025,Humberto (2025),with_era5,2025-09-27T13:00:00+00:00,ibtracs_best_track,IBTrACS best track,68.0969046462963,True,hourly mean,3
AL082025,Humberto (2025),with_era5,2025-09-27T14:00:00+00:00,ibtracs_best_track,IBTrACS best track,68.95431131296296,True,hourly mean,3
AL082025,Humberto (2025),with_era5,2025-09-27T15:00:00+00:00,ibtracs_best_track,IBTrACS best track,69.81171797962963,True,hourly mean,3
AL082025,Humberto (2025),with_era5,2025-09-27T16:00:00+00:00,ibtracs_best_track,IBTrACS best track,70.66912464629631,True,hourly mean,3
AL082025,Humberto (2025),with_era5,2025-09-27T17:00:00+00:00,ibtracs_best_track,IBTrACS best track,71.40593865308642,True,hourly mean,3
AL082025,Humberto (2025),with_era5,2025-09-27T18:00:00+00:00,ibtracs_best_track,IBTrACS best track,71.85695043765433,True,hourly mean,3
AL082025,Humberto (2025),with_era5,2025-09-27T19:00:00+00:00,ibtracs_best_track,IBTrACS best track,72.02216,True,hourly mean,3
AL082025,Humberto (2025),with_era5,2025-09-27T20:00:00+00:00,ibtracs_best_track,IBTrACS best track,72.02216,True,hourly mean,3
AL082025,Humberto (2025),with_era5,2025-09-27T21:00:00+00:00,ibtracs_best_track,IBTrACS best track,72.02216,True,hourly mean,3
AL082025,Humberto (2025),with_era5,2025-09-27T22:00:00+00:00,ibtracs_best_track,IBTrACS best track,72.02216,True,hourly mean,3
AL082025,Humberto (2025),with_era5,2025-09-27T23:00:00+00:00,ibtracs_best_track,IBTrACS best track,71.97392293604939,False,hourly mean,3
AL082025,Humberto (2025),with_era5,2025-09-28T00:00:00+00:00,ibtracs_best_track,IBTrACS best track,71.81136498320988,False,hourly mean,3
AL082025,Humberto (2025),with_era5,2025-09-28T01:00:00+00:00,ibtracs_best_track,IBTrACS best track,71.53448614148148,False,hourly mean,3
AL082025,Humberto (2025),with_era5,2025-09-28T02:00:00+00:00,ibtracs_best_track,IBTrACS best track,71.16740494283953,False,hourly mean,3
AL082025,Humberto (2025),with_era5,2025-09-28T03:00:00+00:00,ibtracs_best_track,IBTrACS best track,70.74316329975309,False,hourly mean,3
AL082025,Humberto (2025),with_era5,2025-09-28T04:00:00+00:00,ibtracs_best_track,IBTrACS best track,70.26176121222223,False,hourly mean,3
AL082025,Humberto (2025),with_era5,2025-09-28T05:00:00+00:00,ibtracs_best_track,IBTrACS best track,69.69908014827162,False,hourly mean,3
AL082025,Humberto (2025),with_era5,2025-09-28T06:00:00+00:00,ibtracs_best_track,IBTrACS best track,69.02207819543212,False,hourly mean,3
AL082025,Humberto (2025),with_era5,2025-09-28T07:00:00+00:00,ibtracs_best_track,IBTrACS best track,68.23075535370371,False,hourly mean,3
AL082025,Humberto (2025),with_era5,2025-09-28T08:00:00+00:00,ibtracs_best_track,IBTrACS best track,67.37334868703705,False,hourly mean,3
AL082025,Humberto (2025),with_era5,2025-09-28T09:00:00+00:00,ibtracs_best_track,IBTrACS best track,66.51594202037037,False,hourly mean,3
AL082025,Humberto (2025),with_era5,2025-09-28T10:00:00+00:00,ibtracs_best_track,IBTrACS best track,65.65853535370371,False,hourly mean,3
AL082025,Humberto (2025),with_era5,2025-09-28T11:00:00+00:00,ibtracs_best_track,IBTrACS best track,64.92172134691357,False,hourly mean,3
AL082025,Humberto (2025),with_era5,2025-09-28T12:00:00+00:00,ibtracs_best_track,IBTrACS best track,64.47070956234568,False,hourly mean,3
AL082025,Humberto (2025),with_era5,2025-09-28T13:00:00+00:00,ibtracs_best_track,IBTrACS best track,64.3055,False,hourly mean,3
AL082025,Humberto (2025),with_era5,2025-09-28T14:00:00+00:00,ibtracs_best_track,IBTrACS best track,64.3055,False,hourly mean,3
AL082025,Humberto (2025),with_era5,2025-09-28T15:00:00+00:00,ibtracs_best_track,IBTrACS best track,64.3055,False,hourly mean,3
AL082025,Humberto (2025),with_era5,2025-09-28T16:00:00+00:00,ibtracs_best_track,IBTrACS best track,64.3055,False,hourly mean,3
AL082025,Humberto (2025),with_era5,2025-09-28T17:00:00+00:00,ibtracs_best_track,IBTrACS best track,64.25726293604939,False,hourly mean,3
AL082025,Humberto (2025),with_era5,2025-09-28T18:00:00+00:00,ibtracs_best_track,IBTrACS best track,64.09470498320988,False,hourly mean,3
AL082025,Humberto (2025),with_era5,2025-09-28T19:00:00+00:00,ibtracs_best_track,IBTrACS best track,63.8178261414815,False,hourly mean,3
AL082025,Humberto (2025),with_era5,2025-09-28T20:00:00+00:00,ibtracs_best_track,IBTrACS best track,63.45074494283951,False,hourly mean,3
AL082025,Humberto (2025),with_era5,2025-09-28T21:00:00+00:00,ibtracs_best_track,IBTrACS best track,63.026503299753095,False,hourly mean,3
AL082025,Humberto (2025),with_era5,2025-09-28T22:00:00+00:00,ibtracs_best_track,IBTrACS best track,62.54510121222223,False,hourly mean,3
AL082025,Humberto (2025),with_era5,2025-09-28T23:00:00+00:00,ibtracs_best_track,IBTrACS best track,62.10301280814815,False,hourly mean,3
AL082025,Humberto (2025),with_era5,2025-09-29T00:00:00+00:00,ibtracs_best_track,IBTrACS best track,61.83240573740741,False,hourly mean,3
AL082025,Humberto (2025),with_era5,2025-09-29T01:00:00+00:00,ibtracs_best_track,IBTrACS best track,61.73328,False,hourly mean,3
AL082025,Humberto (2025),with_era5,2025-09-29T02:00:00+00:00,ibtracs_best_track,IBTrACS best track,61.73328,False,hourly mean,3
AL082025,Humberto (2025),with_era5,2025-09-29T03:00:00+00:00,ibtracs_best_track,IBTrACS best track,61.73328,False,hourly mean,3
AL082025,Humberto (2025),with_era5,2025-09-29T04:00:00+00:00,ibtracs_best_track,IBTrACS best track,61.73328,False,hourly mean,3
AL082025,Humberto (2025),with_era5,2025-09-29T05:00:00+00:00,ibtracs_best_track,IBTrACS best track,61.805635595925935,False,hourly mean,3
AL082025,Humberto (2025),with_era5,2025-09-29T06:00:00+00:00,ibtracs_best_track,IBTrACS best track,62.049472525185195,False,hourly mean,3
AL082025,Humberto (2025),with_era5,2025-09-29T07:00:00+00:00,ibtracs_best_track,IBTrACS best track,62.46479078777779,False,hourly mean,3
AL082025,Humberto (2025),with_era5,2025-09-29T08:00:00+00:00,ibtracs_best_track,IBTrACS best track,62.95511625580247,False,hourly mean,3
AL082025,Humberto (2025),with_era5,2025-09-29T09:00:00+00:00,ibtracs_best_track,IBTrACS best track,63.38828127938272,False,hourly mean,3
AL082025,Humberto (2025),with_era5,2025-09-29T10:00:00+00:00,ibtracs_best_track,IBTrACS best track,63.76428585851852,False,hourly mean,3
AL082025,Humberto (2025),with_era5,2025-09-29T11:00:00+00:00,ibtracs_best_track,IBTrACS best track,63.93841880135802,False,hourly mean,3
AL082025,Humberto (2025),with_era5,2025-09-29T12:00:00+00:00,ibtracs_best_track,IBTrACS best track,63.712428633086425,False,hourly mean,3
AL082025,Humberto (2025),with_era5,2025-09-29T13:00:00+00:00,ibtracs_best_track,IBTrACS best track,63.086315353703704,False,hourly mean,3
AL082025,Humberto (2025),with_era5,2025-09-29T14:00:00+00:00,ibtracs_best_track,IBTrACS best track,62.22890868703704,False,hourly mean,3
AL082025,Humberto (2025),with_era5,2025-09-29T15:00:00+00:00,ibtracs_best_track,IBTrACS best track,61.37150202037037,False,hourly mean,3
AL082025,Humberto (2025),with_era5,2025-09-29T16:00:00+00:00,ibtracs_best_track,IBTrACS best track,60.51409535370371,False,hourly mean,3
AL082025,Humberto (2025),with_era5,2025-09-29T17:00:00+00:00,ibtracs_best_track,IBTrACS best track,59.60845162308643,False,hourly mean,3
AL082025,Humberto (2025),with_era5,2025-09-29T18:00:00+00:00,ibtracs_best_track,IBTrACS best track,58.58848700358025,False,hourly mean,3
AL082025,Humberto (2025),with_era5,2025-09-29T19:00:00+00:00,ibtracs_best_track,IBTrACS best track,57.45420149518518,False,hourly mean,3
AL082025,Humberto (2025),with_era5,2025-09-29T20:00:00+00:00,ibtracs_best_track,IBTrACS best track,56.229713629876535,False,hourly mean,3
AL082025,Humberto (2025),with_era5,2025-09-29T21:00:00+00:00,ibtracs_best_track,IBTrACS best track,54.948065320123455,False,hourly mean,3
AL082025,Humberto (2025),with_era5,2025-09-29T22:00:00+00:00,ibtracs_best_track,IBTrACS best track,53.60925656592593,False,hourly mean,3
AL082025,Humberto (2025),with_era5,2025-09-29T23:00:00+00:00,ibtracs_best_track,IBTrACS best track,52.30976149518519,False,hourly mean,3
AL082025,Humberto (2025),with_era5,2025-09-30T00:00:00+00:00,ibtracs_best_track,IBTrACS best track,51.18174775777778,False,hourly mean,3
AL082025,Humberto (2025),with_era5,2025-09-30T01:00:00+00:00,ibtracs_best_track,IBTrACS best track,50.2252153537037,False,hourly mean,3
AL082025,Humberto (2025),with_era5,2025-09-30T02:00:00+00:00,ibtracs_best_track,IBTrACS best track,49.36780868703704,False,hourly mean,3
AL082025,Humberto (2025),with_era5,2025-09-30T03:00:00+00:00,ibtracs_best_track,IBTrACS best track,48.51040202037037,False,hourly mean,3
AL082025,Humberto (2025),with_era5,2025-09-30T04:00:00+00:00,ibtracs_best_track,IBTrACS best track,47.65299535370371,False,hourly mean,3
AL082025,Humberto (2025),with_era5,2025-09-30T05:00:00+00:00,ibtracs_best_track,IBTrACS best track,46.67499602716049,False,hourly mean,3
AL082025,Humberto (2025),with_era5,2025-09-30T06:00:00+00:00,ibtracs_best_track,IBTrACS best track,45.41119447839506,False,hourly mean,3
AL082025,Humberto (2025),with_era5,2025-09-30T07:00:00+00:00,ibtracs_best_track,IBTrACS best track,43.86159070740741,False,hourly mean,3
AL082025,Humberto (2025),with_era5,2025-09-30T08:00:00+00:00,ibtracs_best_track,IBTrACS best track,42.14677737407408,False,hourly mean,3
AL082025,Humberto (2025),with_era5,2025-09-30T09:00:00+00:00,ibtracs_best_track,IBTrACS best track,40.47959774444445,False,hourly mean,3
AL082025,Humberto (2025),with_era5,2025-09-30T10:00:00+00:00,ibtracs_best_track,IBTrACS best track,38.76430807407408,False,hourly mean,3
AL082025,Humberto (2025),with_era5,2025-09-30T11:00:00+00:00,ibtracs_best_track,IBTrACS best track,37.29068006049383,False,hourly mean,3
AL082025,Humberto (2025),with_era5,2025-09-30T12:00:00+00:00,ibtracs_best_track,IBTrACS best track,36.341022787654325,False,hourly mean,3
AL082025,Humberto (2025),with_era5,2025-09-30T13:00:00+00:00,ibtracs_best_track,IBTrACS best track,36.01108,False,hourly mean,3
AL082025,Humberto (2025),with_era5,2025-09-30T14:00:00+00:00,ibtracs_best_track,IBTrACS best track,36.01108,False,hourly mean,3
AL082025,Humberto (2025),with_era5,2025-09-30T15:00:00+00:00,ibtracs_best_track,IBTrACS best track,36.01108,False,hourly mean,3
AL082025,Humberto (2025),with_era5,2025-09-30T16:00:00+00:00,ibtracs_best_track,IBTrACS best track,36.01108,False,hourly mean,3
AL082025,Humberto (2025),with_era5,2025-09-30T17:00:00+00:00,ibtracs_best_track,IBTrACS best track,36.01108,False,hourly mean,3
AL082025,Humberto (2025),with_era5,2025-09-30T18:00:00+00:00,ibtracs_best_track,IBTrACS best track,36.01108,False,hourly mean,3
AL082025,Humberto (2025),with_era5,2025-09-30T19:00:00+00:00,ibtracs_best_track,IBTrACS best track,36.01108,False,hourly mean,3
AL082025,Humberto (2025),with_era5,2025-09-30T20:00:00+00:00,ibtracs_best_track,IBTrACS best track,36.01108,False,hourly mean,3
AL082025,Humberto (2025),with_era5,2025-09-30T21:00:00+00:00,ibtracs_best_track,IBTrACS best track,36.01108,False,hourly mean,3
AL082025,Humberto (2025),with_era5,2025-09-30T22:00:00+00:00,ibtracs_best_track,IBTrACS best track,36.01108,False,hourly mean,3
AL082025,Humberto (2025),with_era5,2025-09-30T23:00:00+00:00,ibtracs_best_track,IBTrACS best track,36.01108,False,hourly mean,3
AL082025,Humberto (2025),with_era5,2025-10-01T00:00:00+00:00,ibtracs_best_track,IBTrACS best track,36.01108,False,hourly mean,3
AL082025,Humberto (2025),with_era5,2025-10-01T01:00:00+00:00,ibtracs_best_track,IBTrACS best track,36.01108,False,hourly mean,3
AL082025,Humberto (2025),with_era5,2025-10-01T02:00:00+00:00,ibtracs_best_track,IBTrACS best track,36.01108,False,hourly mean,3
AL082025,Humberto (2025),with_era5,2025-10-01T03:00:00+00:00,ibtracs_best_track,IBTrACS best track,36.01108,False,hourly mean,3
AL082025,Humberto (2025),with_era5,2025-10-01T04:00:00+00:00,ibtracs_best_track,IBTrACS best track,36.01108,False,hourly mean,3
AL082025,Humberto (2025),with_era5,2025-10-01T05:00:00+00:00,ibtracs_best_track,IBTrACS best track,35.962811180246916,False,hourly mean,3
AL082025,Humberto (2025),with_era5,2025-10-01T06:00:00+00:00,ibtracs_best_track,IBTrACS best track,35.80022147160494,False,hourly mean,3
AL082025,Humberto (2025),with_era5,2025-10-01T07:00:00+00:00,ibtracs_best_track,IBTrACS best track,35.52331087407408,False,hourly mean,3
AL082025,Humberto (2025),with_era5,2025-10-01T08:00:00+00:00,ibtracs_best_track,IBTrACS best track,35.156213797530874,False,hourly mean,3
AL082025,Humberto (2025),with_era5,2025-10-01T09:00:00+00:00,ibtracs_best_track,IBTrACS best track,34.73195627654321,False,hourly mean,3
AL082025,Humberto (2025),with_era5,2025-10-01T10:00:00+00:00,ibtracs_best_track,IBTrACS best track,34.250538311111114,False,hourly mean,3
AL082025,Humberto (2025),with_era5,2025-10-01T11:00:00+00:00,ibtracs_best_track,IBTrACS best track,33.993316311111116,False,hourly mean,3
AL082025,Humberto (2025),with_era5,2025-09-24T12:00:00+00:00,era5_max_wind,ERA5 10 m maximum,14.354845348653454,False,hourly mean,3
AL082025,Humberto (2025),with_era5,2025-09-24T13:00:00+00:00,era5_max_wind,ERA5 10 m maximum,14.354845348653454,False,hourly mean,3
AL082025,Humberto (2025),with_era5,2025-09-24T14:00:00+00:00,era5_max_wind,ERA5 10 m maximum,14.02089676078758,False,hourly mean,3
AL082025,Humberto (2025),with_era5,2025-09-24T15:00:00+00:00,era5_max_wind,ERA5 10 m maximum,13.686948172921708,False,hourly mean,3
AL082025,Humberto (2025),with_era5,2025-09-24T16:00:00+00:00,era5_max_wind,ERA5 10 m maximum,13.352999585055835,False,hourly mean,3
AL082025,Humberto (2025),with_era5,2025-09-24T17:00:00+00:00,era5_max_wind,ERA5 10 m maximum,13.352999585055835,False,hourly mean,3
AL082025,Humberto (2025),with_era5,2025-09-24T18:00:00+00:00,era5_max_wind,ERA5 10 m maximum,13.352999585055835,False,hourly mean,3
AL082025,Humberto (2025),with_era5,2025-09-24T19:00:00+00:00,era5_max_wind,ERA5 10 m maximum,13.352999585055835,False,hourly mean,3
AL082025,Humberto (2025),with_era5,2025-09-24T20:00:00+00:00,era5_max_wind,ERA5 10 m maximum,13.565153895082608,False,hourly mean,3
AL082025,Humberto (2025),with_era5,2025-09-24T21:00:00+00:00,era5_max_wind,ERA5 10 m maximum,13.77730820510938,False,hourly mean,3
AL082025,Humberto (2025),with_era5,2025-09-24T22:00:00+00:00,era5_max_wind,ERA5 10 m maximum,13.989462515136152,False,hourly mean,3
AL082025,Humberto (2025),with_era5,2025-09-24T23:00:00+00:00,era5_max_wind,ERA5 10 m maximum,13.989462515136152,False,hourly mean,3
AL082025,Humberto (2025),with_era5,2025-09-25T00:00:00+00:00,era5_max_wind,ERA5 10 m maximum,13.989462515136152,False,hourly mean,3
AL082025,Humberto (2025),with_era5,2025-09-25T01:00:00+00:00,era5_max_wind,ERA5 10 m maximum,13.989462515136152,False,hourly mean,3
AL082025,Humberto (2025),with_era5,2025-09-25T02:00:00+00:00,era5_max_wind,ERA5 10 m maximum,14.607431577141284,False,hourly mean,3
AL082025,Humberto (2025),with_era5,2025-09-25T03:00:00+00:00,era5_max_wind,ERA5 10 m maximum,15.22540063914642,False,hourly mean,3
AL082025,Humberto (2025),with_era5,2025-09-25T04:00:00+00:00,era5_max_wind,ERA5 10 m maximum,15.843369701151554,False,hourly mean,3
AL082025,Humberto (2025),with_era5,2025-09-25T05:00:00+00:00,era5_max_wind,ERA5 10 m maximum,15.843369701151554,False,hourly mean,3
AL082025,Humberto (2025),with_era5,2025-09-25T06:00:00+00:00,era5_max_wind,ERA5 10 m maximum,15.843369701151554,False,hourly mean,3
AL082025,Humberto (2025),with_era5,2025-09-25T07:00:00+00:00,era5_max_wind,ERA5 10 m maximum,15.843369701151554,False,hourly mean,3
AL082025,Humberto (2025),with_era5,2025-09-25T08:00:00+00:00,era5_max_wind,ERA5 10 m maximum,16.12603412088832,False,hourly mean,3
AL082025,Humberto (2025),with_era5,2025-09-25T09:00:00+00:00,era5_max_wind,ERA5 10 m maximum,16.408698540625085,False,hourly mean,3
AL082025,Humberto (2025),with_era5,2025-09-25T10:00:00+00:00,era5_max_wind,ERA5 10 m maximum,16.691362960361854,False,hourly mean,3
AL082025,Humberto (2025),with_era5,2025-09-25T11:00:00+00:00,era5_max_wind,ERA5 10 m maximum,16.691362960361854,False,hourly mean,3
AL082025,Humberto (2025),with_era5,2025-09-25T12:00:00+00:00,era5_max_wind,ERA5 10 m maximum,16.691362960361854,False,hourly mean,3
AL082025,Humberto (2025),with_era5,2025-09-25T13:00:00+00:00,era5_max_wind,ERA5 10 m maximum,16.691362960361854,False,hourly mean,3
AL082025,Humberto (2025),with_era5,2025-09-25T14:00:00+00:00,era5_max_wind,ERA5 10 m maximum,16.348536775769507,False,hourly mean,3
AL082025,Humberto (2025),with_era5,2025-09-25T15:00:00+00:00,era5_max_wind,ERA5 10 m maximum,16.00571059117716,False,hourly mean,3
AL082025,Humberto (2025),with_era5,2025-09-25T16:00:00+00:00,era5_max_wind,ERA5 10 m maximum,15.662884406584814,False,hourly mean,3
AL082025,Humberto (2025),with_era5,2025-09-25T17:00:00+00:00,era5_max_wind,ERA5 10 m maximum,15.662884406584814,False,hourly mean,3
AL082025,Humberto (2025),with_era5,2025-09-25T18:00:00+00:00,era5_max_wind,ERA5 10 m maximum,15.662884406584814,False,hourly mean,3
AL082025,Humberto (2025),with_era5,2025-09-25T19:00:00+00:00,era5_max_wind,ERA5 10 m maximum,15.662884406584814,False,hourly mean,3
AL082025,Humberto (2025),with_era5,2025-09-25T20:00:00+00:00,era5_max_wind,ERA5 10 m maximum,16.214205367792903,False,hourly mean,3
AL082025,Humberto (2025),with_era5,2025-09-25T21:00:00+00:00,era5_max_wind,ERA5 10 m maximum,16.76552632900099,False,hourly mean,3
AL082025,Humberto (2025),with_era5,2025-09-25T22:00:00+00:00,era5_max_wind,ERA5 10 m maximum,17.31684729020908,False,hourly mean,3
AL082025,Humberto (2025),with_era5,2025-09-25T23:00:00+00:00,era5_max_wind,ERA5 10 m maximum,17.31684729020908,False,hourly mean,3
AL082025,Humberto (2025),with_era5,2025-09-26T00:00:00+00:00,era5_max_wind,ERA5 10 m maximum,17.31684729020908,False,hourly mean,3
AL082025,Humberto (2025),with_era5,2025-09-26T01:00:00+00:00,era5_max_wind,ERA5 10 m maximum,17.31684729020908,False,hourly mean,3
AL082025,Humberto (2025),with_era5,2025-09-26T02:00:00+00:00,era5_max_wind,ERA5 10 m maximum,18.199565511166266,False,hourly mean,3
AL082025,Humberto (2025),with_era5,2025-09-26T03:00:00+00:00,era5_max_wind,ERA5 10 m maximum,19.082283732123454,False,hourly mean,3
AL082025,Humberto (2025),with_era5,2025-09-26T04:00:00+00:00,era5_max_wind,ERA5 10 m maximum,19.965001953080638,False,hourly mean,3
AL082025,Humberto (2025),with_era5,2025-09-26T05:00:00+00:00,era5_max_wind,ERA5 10 m maximum,19.965001953080638,False,hourly mean,3
AL082025,Humberto (2025),with_era5,2025-09-26T06:00:00+00:00,era5_max_wind,ERA5 10 m maximum,19.965001953080638,False,hourly mean,3
AL082025,Humberto (2025),with_era5,2025-09-26T07:00:00+00:00,era5_max_wind,ERA5 10 m maximum,19.965001953080638,False,hourly mean,3
AL082025,Humberto (2025),with_era5,2025-09-26T08:00:00+00:00,era5_max_wind,ERA5 10 m maximum,19.62748686779882,False,hourly mean,3
AL082025,Humberto (2025),with_era5,2025-09-26T09:00:00+00:00,era5_max_wind,ERA5 10 m maximum,19.289971782517,False,hourly mean,3
AL082025,Humberto (2025),with_era5,2025-09-26T10:00:00+00:00,era5_max_wind,ERA5 10 m maximum,18.95245669723518,False,hourly mean,3
AL082025,Humberto (2025),with_era5,2025-09-26T11:00:00+00:00,era5_max_wind,ERA5 10 m maximum,18.95245669723518,False,hourly mean,3
AL082025,Humberto (2025),with_era5,2025-09-26T12:00:00+00:00,era5_max_wind,ERA5 10 m maximum,18.95245669723518,True,hourly mean,3
AL082025,Humberto (2025),with_era5,2025-09-26T13:00:00+00:00,era5_max_wind,ERA5 10 m maximum,18.95245669723518,True,hourly mean,3
AL082025,Humberto (2025),with_era5,2025-09-26T14:00:00+00:00,era5_max_wind,ERA5 10 m maximum,19.542986673008546,True,hourly mean,3
AL082025,Humberto (2025),with_era5,2025-09-26T15:00:00+00:00,era5_max_wind,ERA5 10 m maximum,20.133516648781907,True,hourly mean,3
AL082025,Humberto (2025),with_era5,2025-09-26T16:00:00+00:00,era5_max_wind,ERA5 10 m maximum,20.72404662455527,True,hourly mean,3
AL082025,Humberto (2025),with_era5,2025-09-26T17:00:00+00:00,era5_max_wind,ERA5 10 m maximum,20.72404662455527,True,hourly mean,3
AL082025,Humberto (2025),with_era5,2025-09-26T18:00:00+00:00,era5_max_wind,ERA5 10 m maximum,20.72404662455527,True,hourly mean,3
AL082025,Humberto (2025),with_era5,2025-09-26T19:00:00+00:00,era5_max_wind,ERA5 10 m maximum,20.72404662455527,True,hourly mean,3
AL082025,Humberto (2025),with_era5,2025-09-26T20:00:00+00:00,era5_max_wind,ERA5 10 m maximum,20.64426543206846,True,hourly mean,3
AL082025,Humberto (2025),with_era5,2025-09-26T21:00:00+00:00,era5_max_wind,ERA5 10 m maximum,20.56448423958165,True,hourly mean,3
AL082025,Humberto (2025),with_era5,2025-09-26T22:00:00+00:00,era5_max_wind,ERA5 10 m maximum,20.484703047094836,True,hourly mean,3
AL082025,Humberto (2025),with_era5,2025-09-26T23:00:00+00:00,era5_max_wind,ERA5 10 m maximum,20.484703047094836,True,hourly mean,3
AL082025,Humberto (2025),with_era5,2025-09-27T00:00:00+00:00,era5_max_wind,ERA5 10 m maximum,20.484703047094836,True,hourly mean,3
AL082025,Humberto (2025),with_era5,2025-09-27T01:00:00+00:00,era5_max_wind,ERA5 10 m maximum,20.484703047094836,True,hourly mean,3
AL082025,Humberto (2025),with_era5,2025-09-27T02:00:00+00:00,era5_max_wind,ERA5 10 m maximum,20.383677378612127,True,hourly mean,3
AL082025,Humberto (2025),with_era5,2025-09-27T03:00:00+00:00,era5_max_wind,ERA5 10 m maximum,20.282651710129418,True,hourly mean,3
AL082025,Humberto (2025),with_era5,2025-09-27T04:00:00+00:00,era5_max_wind,ERA5 10 m maximum,20.181626041646712,True,hourly mean,3
AL082025,Humberto (2025),with_era5,2025-09-27T05:00:00+00:00,era5_max_wind,ERA5 10 m maximum,20.181626041646712,True,hourly mean,3
AL082025,Humberto (2025),with_era5,2025-09-27T06:00:00+00:00,era5_max_wind,ERA5 10 m maximum,20.181626041646712,True,hourly mean,3
AL082025,Humberto (2025),with_era5,2025-09-27T07:00:00+00:00,era5_max_wind,ERA5 10 m maximum,20.181626041646712,True,hourly mean,3
AL082025,Humberto (2025),with_era5,2025-09-27T08:00:00+00:00,era5_max_wind,ERA5 10 m maximum,21.01689002336863,True,hourly mean,3
AL082025,Humberto (2025),with_era5,2025-09-27T09:00:00+00:00,era5_max_wind,ERA5 10 m maximum,21.85215400509055,True,hourly mean,3
AL082025,Humberto (2025),with_era5,2025-09-27T10:00:00+00:00,era5_max_wind,ERA5 10 m maximum,22.687417986812466,True,hourly mean,3
AL082025,Humberto (2025),with_era5,2025-09-27T11:00:00+00:00,era5_max_wind,ERA5 10 m maximum,22.687417986812466,True,hourly mean,3
AL082025,Humberto (2025),with_era5,2025-09-27T12:00:00+00:00,era5_max_wind,ERA5 10 m maximum,22.687417986812466,True,hourly mean,3
AL082025,Humberto (2025),with_era5,2025-09-27T13:00:00+00:00,era5_max_wind,ERA5 10 m maximum,22.687417986812466,True,hourly mean,3
AL082025,Humberto (2025),with_era5,2025-09-27T14:00:00+00:00,era5_max_wind,ERA5 10 m maximum,23.189759736290046,True,hourly mean,3
AL082025,Humberto (2025),with_era5,2025-09-27T15:00:00+00:00,era5_max_wind,ERA5 10 m maximum,23.692101485767623,True,hourly mean,3
AL082025,Humberto (2025),with_era5,2025-09-27T16:00:00+00:00,era5_max_wind,ERA5 10 m maximum,24.194443235245203,True,hourly mean,3
AL082025,Humberto (2025),with_era5,2025-09-27T17:00:00+00:00,era5_max_wind,ERA5 10 m maximum,24.194443235245203,True,hourly mean,3
AL082025,Humberto (2025),with_era5,2025-09-27T18:00:00+00:00,era5_max_wind,ERA5 10 m maximum,24.194443235245203,True,hourly mean,3
AL082025,Humberto (2025),with_era5,2025-09-27T19:00:00+00:00,era5_max_wind,ERA5 10 m maximum,24.194443235245203,True,hourly mean,3
AL082025,Humberto (2025),with_era5,2025-09-27T20:00:00+00:00,era5_max_wind,ERA5 10 m maximum,24.46555910977267,True,hourly mean,3
AL082025,Humberto (2025),with_era5,2025-09-27T21:00:00+00:00,era5_max_wind,ERA5 10 m maximum,24.73667498430014,True,hourly mean,3
AL082025,Humberto (2025),with_era5,2025-09-27T22:00:00+00:00,era5_max_wind,ERA5 10 m maximum,25.007790858827608,True,hourly mean,3
AL082025,Humberto (2025),with_era5,2025-09-27T23:00:00+00:00,era5_max_wind,ERA5 10 m maximum,25.007790858827608,False,hourly mean,3
AL082025,Humberto (2025),with_era5,2025-09-28T00:00:00+00:00,era5_max_wind,ERA5 10 m maximum,25.007790858827608,False,hourly mean,3
AL082025,Humberto (2025),with_era5,2025-09-28T01:00:00+00:00,era5_max_wind,ERA5 10 m maximum,25.007790858827608,False,hourly mean,3
AL082025,Humberto (2025),with_era5,2025-09-28T02:00:00+00:00,era5_max_wind,ERA5 10 m maximum,25.23964022980013,False,hourly mean,3
AL082025,Humberto (2025),with_era5,2025-09-28T03:00:00+00:00,era5_max_wind,ERA5 10 m maximum,25.471489600772646,False,hourly mean,3
AL082025,Humberto (2025),with_era5,2025-09-28T04:00:00+00:00,era5_max_wind,ERA5 10 m maximum,25.703338971745165,False,hourly mean,3
AL082025,Humberto (2025),with_era5,2025-09-28T05:00:00+00:00,era5_max_wind,ERA5 10 m maximum,25.703338971745165,False,hourly mean,3
AL082025,Humberto (2025),with_era5,2025-09-28T06:00:00+00:00,era5_max_wind,ERA5 10 m maximum,25.703338971745165,False,hourly mean,3
AL082025,Humberto (2025),with_era5,2025-09-28T07:00:00+00:00,era5_max_wind,ERA5 10 m maximum,25.703338971745165,False,hourly mean,3
AL082025,Humberto (2025),with_era5,2025-09-28T08:00:00+00:00,era5_max_wind,ERA5 10 m maximum,25.85529674056201,False,hourly mean,3
AL082025,Humberto (2025),with_era5,2025-09-28T09:00:00+00:00,era5_max_wind,ERA5 10 m maximum,26.007254509378864,False,hourly mean,3
AL082025,Humberto (2025),with_era5,2025-09-28T10:00:00+00:00,era5_max_wind,ERA5 10 m maximum,26.15921227819571,False,hourly mean,3
AL082025,Humberto (2025),with_era5,2025-09-28T11:00:00+00:00,era5_max_wind,ERA5 10 m maximum,26.15921227819571,False,hourly mean,3
AL082025,Humberto (2025),with_era5,2025-09-28T12:00:00+00:00,era5_max_wind,ERA5 10 m maximum,26.15921227819571,False,hourly mean,3
AL082025,Humberto (2025),with_era5,2025-09-28T13:00:00+00:00,era5_max_wind,ERA5 10 m maximum,26.15921227819571,False,hourly mean,3
AL082025,Humberto (2025),with_era5,2025-09-28T14:00:00+00:00,era5_max_wind,ERA5 10 m maximum,26.703918735109557,False,hourly mean,3
AL082025,Humberto (2025),with_era5,2025-09-28T15:00:00+00:00,era5_max_wind,ERA5 10 m maximum,27.248625192023407,False,hourly mean,3
AL082025,Humberto (2025),with_era5,2025-09-28T16:00:00+00:00,era5_max_wind,ERA5 10 m maximum,27.793331648937254,False,hourly mean,3
AL082025,Humberto (2025),with_era5,2025-09-28T17:00:00+00:00,era5_max_wind,ERA5 10 m maximum,27.793331648937254,False,hourly mean,3
AL082025,Humberto (2025),with_era5,2025-09-28T18:00:00+00:00,era5_max_wind,ERA5 10 m maximum,27.793331648937254,False,hourly mean,3
AL082025,Humberto (2025),with_era5,2025-09-28T19:00:00+00:00,era5_max_wind,ERA5 10 m maximum,27.793331648937254,False,hourly mean,3
AL082025,Humberto (2025),with_era5,2025-09-28T20:00:00+00:00,era5_max_wind,ERA5 10 m maximum,28.337279330802676,False,hourly mean,3
AL082025,Humberto (2025),with_era5,2025-09-28T21:00:00+00:00,era5_max_wind,ERA5 10 m maximum,28.881227012668102,False,hourly mean,3
AL082025,Humberto (2025),with_era5,2025-09-28T22:00:00+00:00,era5_max_wind,ERA5 10 m maximum,29.425174694533524,False,hourly mean,3
AL082025,Humberto (2025),with_era5,2025-09-28T23:00:00+00:00,era5_max_wind,ERA5 10 m maximum,29.425174694533524,False,hourly mean,3
AL082025,Humberto (2025),with_era5,2025-09-29T00:00:00+00:00,era5_max_wind,ERA5 10 m maximum,29.425174694533524,False,hourly mean,3
AL082025,Humberto (2025),with_era5,2025-09-29T01:00:00+00:00,era5_max_wind,ERA5 10 m maximum,29.425174694533524,False,hourly mean,3
AL082025,Humberto (2025),with_era5,2025-09-29T02:00:00+00:00,era5_max_wind,ERA5 10 m maximum,30.22884368155634,False,hourly mean,3
AL082025,Humberto (2025),with_era5,2025-09-29T03:00:00+00:00,era5_max_wind,ERA5 10 m maximum,31.03251266857916,False,hourly mean,3
AL082025,Humberto (2025),with_era5,2025-09-29T04:00:00+00:00,era5_max_wind,ERA5 10 m maximum,31.83618165560198,False,hourly mean,3
AL082025,Humberto (2025),with_era5,2025-09-29T05:00:00+00:00,era5_max_wind,ERA5 10 m maximum,31.83618165560198,False,hourly mean,3
AL082025,Humberto (2025),with_era5,2025-09-29T06:00:00+00:00,era5_max_wind,ERA5 10 m maximum,31.83618165560198,False,hourly mean,3
AL082025,Humberto (2025),with_era5,2025-09-29T07:00:00+00:00,era5_max_wind,ERA5 10 m maximum,31.83618165560198,False,hourly mean,3
AL082025,Humberto (2025),with_era5,2025-09-29T08:00:00+00:00,era5_max_wind,ERA5 10 m maximum,31.250007196863766,False,hourly mean,3
AL082025,Humberto (2025),with_era5,2025-09-29T09:00:00+00:00,era5_max_wind,ERA5 10 m maximum,30.66383273812555,False,hourly mean,3
AL082025,Humberto (2025),with_era5,2025-09-29T10:00:00+00:00,era5_max_wind,ERA5 10 m maximum,30.077658279387336,False,hourly mean,3
AL082025,Humberto (2025),with_era5,2025-09-29T11:00:00+00:00,era5_max_wind,ERA5 10 m maximum,30.077658279387336,False,hourly mean,3
AL082025,Humberto (2025),with_era5,2025-09-29T12:00:00+00:00,era5_max_wind,ERA5 10 m maximum,30.077658279387336,False,hourly mean,3
AL082025,Humberto (2025),with_era5,2025-09-29T13:00:00+00:00,era5_max_wind,ERA5 10 m maximum,30.077658279387336,False,hourly mean,3
AL082025,Humberto (2025),with_era5,2025-09-29T14:00:00+00:00,era5_max_wind,ERA5 10 m maximum,30.4126681770899,False,hourly mean,3
AL082025,Humberto (2025),with_era5,2025-09-29T15:00:00+00:00,era5_max_wind,ERA5 10 m maximum,30.74767807479246,False,hourly mean,3
AL082025,Humberto (2025),with_era5,2025-09-29T16:00:00+00:00,era5_max_wind,ERA5 10 m maximum,31.082687972495023,False,hourly mean,3
AL082025,Humberto (2025),with_era5,2025-09-29T17:00:00+00:00,era5_max_wind,ERA5 10 m maximum,31.082687972495023,False,hourly mean,3
AL082025,Humberto (2025),with_era5,2025-09-29T18:00:00+00:00,era5_max_wind,ERA5 10 m maximum,31.082687972495023,False,hourly mean,3
AL082025,Humberto (2025),with_era5,2025-09-29T19:00:00+00:00,era5_max_wind,ERA5 10 m maximum,31.082687972495023,False,hourly mean,3
AL082025,Humberto (2025),with_era5,2025-09-29T20:00:00+00:00,era5_max_wind,ERA5 10 m maximum,30.28727665261268,False,hourly mean,3
AL082025,Humberto (2025),with_era5,2025-09-29T21:00:00+00:00,era5_max_wind,ERA5 10 m maximum,29.491865332730338,False,hourly mean,3
AL082025,Humberto (2025),with_era5,2025-09-29T22:00:00+00:00,era5_max_wind,ERA5 10 m maximum,28.696454012847994,False,hourly mean,3
AL082025,Humberto (2025),with_era5,2025-09-29T23:00:00+00:00,era5_max_wind,ERA5 10 m maximum,28.696454012847994,False,hourly mean,3
AL082025,Humberto (2025),with_era5,2025-09-30T00:00:00+00:00,era5_max_wind,ERA5 10 m maximum,28.696454012847994,False,hourly mean,3
AL082025,Humberto (2025),with_era5,2025-09-30T01:00:00+00:00,era5_max_wind,ERA5 10 m maximum,28.696454012847994,False,hourly mean,3
AL082025,Humberto (2025),with_era5,2025-09-30T02:00:00+00:00,era5_max_wind,ERA5 10 m maximum,28.00184361711403,False,hourly mean,3
AL082025,Humberto (2025),with_era5,2025-09-30T03:00:00+00:00,era5_max_wind,ERA5 10 m maximum,27.30723322138006,False,hourly mean,3
AL082025,Humberto (2025),with_era5,2025-09-30T04:00:00+00:00,era5_max_wind,ERA5 10 m maximum,26.61262282564609,False,hourly mean,3
AL082025,Humberto (2025),with_era5,2025-09-30T05:00:00+00:00,era5_max_wind,ERA5 10 m maximum,26.61262282564609,False,hourly mean,3
AL082025,Humberto (2025),with_era5,2025-09-30T06:00:00+00:00,era5_max_wind,ERA5 10 m maximum,26.61262282564609,False,hourly mean,3
AL082025,Humberto (2025),with_era5,2025-09-30T07:00:00+00:00,era5_max_wind,ERA5 10 m maximum,26.61262282564609,False,hourly mean,3
AL082025,Humberto (2025),with_era5,2025-09-30T08:00:00+00:00,era5_max_wind,ERA5 10 m maximum,26.499945937621774,False,hourly mean,3
AL082025,Humberto (2025),with_era5,2025-09-30T09:00:00+00:00,era5_max_wind,ERA5 10 m maximum,26.387269049597453,False,hourly mean,3
AL082025,Humberto (2025),with_era5,2025-09-30T10:00:00+00:00,era5_max_wind,ERA5 10 m maximum,26.27459216157314,False,hourly mean,3
AL082025,Humberto (2025),with_era5,2025-09-30T11:00:00+00:00,era5_max_wind,ERA5 10 m maximum,26.27459216157314,False,hourly mean,3
AL082025,Humberto (2025),with_era5,2025-09-30T12:00:00+00:00,era5_max_wind,ERA5 10 m maximum,26.27459216157314,False,hourly mean,3
AL082025,Humberto (2025),with_era5,2025-09-30T13:00:00+00:00,era5_max_wind,ERA5 10 m maximum,26.27459216157314,False,hourly mean,3
AL082025,Humberto (2025),with_era5,2025-09-30T14:00:00+00:00,era5_max_wind,ERA5 10 m maximum,25.349375140733514,False,hourly mean,3
AL082025,Humberto (2025),with_era5,2025-09-30T15:00:00+00:00,era5_max_wind,ERA5 10 m maximum,24.42415811989389,False,hourly mean,3
AL082025,Humberto (2025),with_era5,2025-09-30T16:00:00+00:00,era5_max_wind,ERA5 10 m maximum,23.49894109905426,False,hourly mean,3
AL082025,Humberto (2025),with_era5,2025-09-30T17:00:00+00:00,era5_max_wind,ERA5 10 m maximum,23.49894109905426,False,hourly mean,3
AL082025,Humberto (2025),with_era5,2025-09-30T18:00:00+00:00,era5_max_wind,ERA5 10 m maximum,23.49894109905426,False,hourly mean,3
AL082025,Humberto (2025),with_era5,2025-09-30T19:00:00+00:00,era5_max_wind,ERA5 10 m maximum,23.49894109905426,False,hourly mean,3
AL082025,Humberto (2025),with_era5,2025-09-30T20:00:00+00:00,era5_max_wind,ERA5 10 m maximum,23.132587363797303,False,hourly mean,3
AL082025,Humberto (2025),with_era5,2025-09-30T21:00:00+00:00,era5_max_wind,ERA5 10 m maximum,22.766233628540352,False,hourly mean,3
AL082025,Humberto (2025),with_era5,2025-09-30T22:00:00+00:00,era5_max_wind,ERA5 10 m maximum,22.3998798932834,False,hourly mean,3
AL082025,Humberto (2025),with_era5,2025-09-30T23:00:00+00:00,era5_max_wind,ERA5 10 m maximum,22.3998798932834,False,hourly mean,3
AL082025,Humberto (2025),with_era5,2025-10-01T00:00:00+00:00,era5_max_wind,ERA5 10 m maximum,22.3998798932834,False,hourly mean,3
AL082025,Humberto (2025),with_era5,2025-10-01T01:00:00+00:00,era5_max_wind,ERA5 10 m maximum,22.3998798932834,False,hourly mean,3
AL082025,Humberto (2025),with_era5,2025-10-01T02:00:00+00:00,era5_max_wind,ERA5 10 m maximum,23.72613813748991,False,hourly mean,3
AL082025,Humberto (2025),with_era5,2025-10-01T03:00:00+00:00,era5_max_wind,ERA5 10 m maximum,25.052396381696422,False,hourly mean,3
AL082025,Humberto (2025),with_era5,2025-10-01T04:00:00+00:00,era5_max_wind,ERA5 10 m maximum,26.37865462590293,False,hourly mean,3
AL082025,Humberto (2025),with_era5,2025-10-01T05:00:00+00:00,era5_max_wind,ERA5 10 m maximum,26.37865462590293,False,hourly mean,3
AL082025,Humberto (2025),with_era5,2025-10-01T06:00:00+00:00,era5_max_wind,ERA5 10 m maximum,26.37865462590293,False,hourly mean,3
AL082025,Humberto (2025),with_era5,2025-10-01T07:00:00+00:00,era5_max_wind,ERA5 10 m maximum,26.37865462590293,False,hourly mean,3
AL082025,Humberto (2025),with_era5,2025-10-01T08:00:00+00:00,era5_max_wind,ERA5 10 m maximum,25.91492733703612,False,hourly mean,3
AL082025,Humberto (2025),with_era5,2025-10-01T09:00:00+00:00,era5_max_wind,ERA5 10 m maximum,25.451200048169312,False,hourly mean,3
AL082025,Humberto (2025),with_era5,2025-10-01T10:00:00+00:00,era5_max_wind,ERA5 10 m maximum,24.987472759302502,False,hourly mean,3
AL082025,Humberto (2025),with_era5,2025-10-01T11:00:00+00:00,era5_max_wind,ERA5 10 m maximum,24.987472759302502,False,hourly mean,3
AL082025,Humberto (2025),with_era5,2025-09-24T12:00:00+00:00,unet_raw,Raw field U-Net,22.931487878163658,False,hourly mean,3
AL082025,Humberto (2025),with_era5,2025-09-24T13:00:00+00:00,unet_raw,Raw field U-Net,22.713798099093967,False,hourly mean,3
AL082025,Humberto (2025),with_era5,2025-09-24T14:00:00+00:00,unet_raw,Raw field U-Net,23.337955580817333,False,hourly mean,3
AL082025,Humberto (2025),with_era5,2025-09-24T15:00:00+00:00,unet_raw,Raw field U-Net,24.70677598317464,False,hourly mean,3
AL082025,Humberto (2025),with_era5,2025-09-24T16:00:00+00:00,unet_raw,Raw field U-Net,25.401822408040363,False,hourly mean,3
AL082025,Humberto (2025),with_era5,2025-09-24T17:00:00+00:00,unet_raw,Raw field U-Net,24.501111560397675,False,hourly mean,3
AL082025,Humberto (2025),with_era5,2025-09-24T18:00:00+00:00,unet_raw,Raw field U-Net,23.017489751180012,False,hourly mean,3
AL082025,Humberto (2025),with_era5,2025-09-24T19:00:00+00:00,unet_raw,Raw field U-Net,22.257319026523167,False,hourly mean,3
AL082025,Humberto (2025),with_era5,2025-09-24T20:00:00+00:00,unet_raw,Raw field U-Net,21.839183595445423,False,hourly mean,3
AL082025,Humberto (2025),with_era5,2025-09-24T21:00:00+00:00,unet_raw,Raw field U-Net,21.80126412709554,False,hourly mean,3
AL082025,Humberto (2025),with_era5,2025-09-24T22:00:00+00:00,unet_raw,Raw field U-Net,21.779194619920517,False,hourly mean,3
AL082025,Humberto (2025),with_era5,2025-09-24T23:00:00+00:00,unet_raw,Raw field U-Net,21.90587382846408,False,hourly mean,3
AL082025,Humberto (2025),with_era5,2025-09-25T00:00:00+00:00,unet_raw,Raw field U-Net,21.18973265753852,False,hourly mean,3
AL082025,Humberto (2025),with_era5,2025-09-25T01:00:00+00:00,unet_raw,Raw field U-Net,20.507171312967937,False,hourly mean,3
AL082025,Humberto (2025),with_era5,2025-09-25T02:00:00+00:00,unet_raw,Raw field U-Net,21.60759438408746,False,hourly mean,3
AL082025,Humberto (2025),with_era5,2025-09-25T03:00:00+00:00,unet_raw,Raw field U-Net,24.18090205722385,False,hourly mean,3
AL082025,Humberto (2025),with_era5,2025-09-25T04:00:00+00:00,unet_raw,Raw field U-Net,27.208603541056316,False,hourly mean,3
AL082025,Humberto (2025),with_era5,2025-09-25T05:00:00+00:00,unet_raw,Raw field U-Net,28.415319336785206,False,hourly mean,3
AL082025,Humberto (2025),with_era5,2025-09-25T06:00:00+00:00,unet_raw,Raw field U-Net,28.07381110721164,False,hourly mean,3
AL082025,Humberto (2025),with_era5,2025-09-25T07:00:00+00:00,unet_raw,Raw field U-Net,27.186410797966847,False,hourly mean,3
AL082025,Humberto (2025),with_era5,2025-09-25T08:00:00+00:00,unet_raw,Raw field U-Net,26.709308094448513,False,hourly mean,3
AL082025,Humberto (2025),with_era5,2025-09-25T09:00:00+00:00,unet_raw,Raw field U-Net,28.191842185126408,False,hourly mean,3
AL082025,Humberto (2025),with_era5,2025-09-25T10:00:00+00:00,unet_raw,Raw field U-Net,29.333611594306095,False,hourly mean,3
AL082025,Humberto (2025),with_era5,2025-09-25T11:00:00+00:00,unet_raw,Raw field U-Net,30.3636376063029,False,hourly mean,3
AL082025,Humberto (2025),with_era5,2025-09-25T12:00:00+00:00,unet_raw,Raw field U-Net,30.562840249803333,False,hourly mean,3
AL082025,Humberto (2025),with_era5,2025-09-25T13:00:00+00:00,unet_raw,Raw field U-Net,31.2709583706326,False,hourly mean,3
AL082025,Humberto (2025),with_era5,2025-09-25T14:00:00+00:00,unet_raw,Raw field U-Net,31.406192885504833,False,hourly mean,3
AL082025,Humberto (2025),with_era5,2025-09-25T15:00:00+00:00,unet_raw,Raw field U-Net,30.98853047688802,False,hourly mean,3
AL082025,Humberto (2025),with_era5,2025-09-25T16:00:00+00:00,unet_raw,Raw field U-Net,30.11330731709798,False,hourly mean,3
AL082025,Humberto (2025),with_era5,2025-09-25T17:00:00+00:00,unet_raw,Raw field U-Net,29.39793650309245,False,hourly mean,3
AL082025,Humberto (2025),with_era5,2025-09-25T18:00:00+00:00,unet_raw,Raw field U-Net,29.2624937693278,False,hourly mean,3
AL082025,Humberto (2025),with_era5,2025-09-25T19:00:00+00:00,unet_raw,Raw field U-Net,29.719630983140732,False,hourly mean,3
AL082025,Humberto (2025),with_era5,2025-09-25T20:00:00+00:00,unet_raw,Raw field U-Net,30.509792221917042,False,hourly mean,3
AL082025,Humberto (2025),with_era5,2025-09-25T21:00:00+00:00,unet_raw,Raw field U-Net,30.625294261508515,False,hourly mean,3
AL082025,Humberto (2025),with_era5,2025-09-25T22:00:00+00:00,unet_raw,Raw field U-Net,30.82322194841173,False,hourly mean,3
AL082025,Humberto (2025),with_era5,2025-09-25T23:00:00+00:00,unet_raw,Raw field U-Net,31.514223098754883,False,hourly mean,3
AL082025,Humberto (2025),with_era5,2025-09-26T00:00:00+00:00,unet_raw,Raw field U-Net,32.639206674363884,False,hourly mean,3
AL082025,Humberto (2025),with_era5,2025-09-26T01:00:00+00:00,unet_raw,Raw field U-Net,33.61501015557183,False,hourly mean,3
AL082025,Humberto (2025),with_era5,2025-09-26T02:00:00+00:00,unet_raw,Raw field U-Net,35.240668614705406,False,hourly mean,3
AL082025,Humberto (2025),with_era5,2025-09-26T03:00:00+00:00,unet_raw,Raw field U-Net,36.637769275241425,False,hourly mean,3
AL082025,Humberto (2025),with_era5,2025-09-26T04:00:00+00:00,unet_raw,Raw field U-Net,38.102117750379776,False,hourly mean,3
AL082025,Humberto (2025),with_era5,2025-09-26T05:00:00+00:00,unet_raw,Raw field U-Net,39.00865766737197,False,hourly mean,3
AL082025,Humberto (2025),with_era5,2025-09-26T06:00:00+00:00,unet_raw,Raw field U-Net,40.327330907185875,False,hourly mean,3
AL082025,Humberto (2025),with_era5,2025-09-26T07:00:00+00:00,unet_raw,Raw field U-Net,39.884719424777565,False,hourly mean,3
AL082025,Humberto (2025),with_era5,2025-09-26T08:00:00+00:00,unet_raw,Raw field U-Net,39.58707491556803,False,hourly mean,3
AL082025,Humberto (2025),with_era5,2025-09-26T09:00:00+00:00,unet_raw,Raw field U-Net,39.255194346110024,False,hourly mean,3
AL082025,Humberto (2025),with_era5,2025-09-26T10:00:00+00:00,unet_raw,Raw field U-Net,40.242182625664604,False,hourly mean,3
AL082025,Humberto (2025),with_era5,2025-09-26T11:00:00+00:00,unet_raw,Raw field U-Net,40.076270209418404,False,hourly mean,3
AL082025,Humberto (2025),with_era5,2025-09-26T12:00:00+00:00,unet_raw,Raw field U-Net,39.96691385904948,True,hourly mean,3
AL082025,Humberto (2025),with_era5,2025-09-26T13:00:00+00:00,unet_raw,Raw field U-Net,41.32410091824002,True,hourly mean,3
AL082025,Humberto (2025),with_era5,2025-09-26T14:00:00+00:00,unet_raw,Raw field U-Net,44.31373235914442,True,hourly mean,3
AL082025,Humberto (2025),with_era5,2025-09-26T15:00:00+00:00,unet_raw,Raw field U-Net,45.588372548421226,True,hourly mean,3
AL082025,Humberto (2025),with_era5,2025-09-26T16:00:00+00:00,unet_raw,Raw field U-Net,45.47133466932508,True,hourly mean,3
AL082025,Humberto (2025),with_era5,2025-09-26T17:00:00+00:00,unet_raw,Raw field U-Net,45.88113254970975,True,hourly mean,3
AL082025,Humberto (2025),with_era5,2025-09-26T18:00:00+00:00,unet_raw,Raw field U-Net,47.6338005065918,True,hourly mean,3
AL082025,Humberto (2025),with_era5,2025-09-26T19:00:00+00:00,unet_raw,Raw field U-Net,50.26517317030166,True,hourly mean,3
AL082025,Humberto (2025),with_era5,2025-09-26T20:00:00+00:00,unet_raw,Raw field U-Net,52.307504653930664,True,hourly mean,3
AL082025,Humberto (2025),with_era5,2025-09-26T21:00:00+00:00,unet_raw,Raw field U-Net,54.98069763183594,True,hourly mean,3
AL082025,Humberto (2025),with_era5,2025-09-26T22:00:00+00:00,unet_raw,Raw field U-Net,56.90201674567328,True,hourly mean,3
AL082025,Humberto (2025),with_era5,2025-09-26T23:00:00+00:00,unet_raw,Raw field U-Net,57.94061385260687,True,hourly mean,3
AL082025,Humberto (2025),with_era5,2025-09-27T00:00:00+00:00,unet_raw,Raw field U-Net,58.07694307963053,True,hourly mean,3
AL082025,Humberto (2025),with_era5,2025-09-27T01:00:00+00:00,unet_raw,Raw field U-Net,57.75323655870226,True,hourly mean,3
AL082025,Humberto (2025),with_era5,2025-09-27T02:00:00+00:00,unet_raw,Raw field U-Net,54.94963773091634,True,hourly mean,3
AL082025,Humberto (2025),with_era5,2025-09-27T03:00:00+00:00,unet_raw,Raw field U-Net,53.12871064080133,True,hourly mean,3
AL082025,Humberto (2025),with_era5,2025-09-27T04:00:00+00:00,unet_raw,Raw field U-Net,50.9154716067844,True,hourly mean,3
AL082025,Humberto (2025),with_era5,2025-09-27T05:00:00+00:00,unet_raw,Raw field U-Net,50.10256894429525,True,hourly mean,3
AL082025,Humberto (2025),with_era5,2025-09-27T06:00:00+00:00,unet_raw,Raw field U-Net,48.96754942999945,True,hourly mean,3
AL082025,Humberto (2025),with_era5,2025-09-27T07:00:00+00:00,unet_raw,Raw field U-Net,48.540071911282006,True,hourly mean,3
AL082025,Humberto (2025),with_era5,2025-09-27T08:00:00+00:00,unet_raw,Raw field U-Net,47.45832676357693,True,hourly mean,3
AL082025,Humberto (2025),with_era5,2025-09-27T09:00:00+00:00,unet_raw,Raw field U-Net,46.30367914835612,True,hourly mean,3
AL082025,Humberto (2025),with_era5,2025-09-27T10:00:00+00:00,unet_raw,Raw field U-Net,45.87584347195096,True,hourly mean,3
AL082025,Humberto (2025),with_era5,2025-09-27T11:00:00+00:00,unet_raw,Raw field U-Net,47.52900144788955,True,hourly mean,3
AL082025,Humberto (2025),with_era5,2025-09-27T12:00:00+00:00,unet_raw,Raw field U-Net,49.14666875203451,True,hourly mean,3
AL082025,Humberto (2025),with_era5,2025-09-27T13:00:00+00:00,unet_raw,Raw field U-Net,49.901868396335175,True,hourly mean,3
AL082025,Humberto (2025),with_era5,2025-09-27T14:00:00+00:00,unet_raw,Raw field U-Net,50.016213734944664,True,hourly mean,3
AL082025,Humberto (2025),with_era5,2025-09-27T15:00:00+00:00,unet_raw,Raw field U-Net,50.43999883863662,True,hourly mean,3
AL082025,Humberto (2025),with_era5,2025-09-27T16:00:00+00:00,unet_raw,Raw field U-Net,51.527031580607094,True,hourly mean,3
AL082025,Humberto (2025),with_era5,2025-09-27T17:00:00+00:00,unet_raw,Raw field U-Net,52.871935526529946,True,hourly mean,3
AL082025,Humberto (2025),with_era5,2025-09-27T18:00:00+00:00,unet_raw,Raw field U-Net,54.37189928690592,True,hourly mean,3
AL082025,Humberto (2025),with_era5,2025-09-27T19:00:00+00:00,unet_raw,Raw field U-Net,55.997233072916664,True,hourly mean,3
AL082025,Humberto (2025),with_era5,2025-09-27T20:00:00+00:00,unet_raw,Raw field U-Net,57.363921271430115,True,hourly mean,3
AL082025,Humberto (2025),with_era5,2025-09-27T21:00:00+00:00,unet_raw,Raw field U-Net,58.57787344190809,True,hourly mean,3
AL082025,Humberto (2025),with_era5,2025-09-27T22:00:00+00:00,unet_raw,Raw field U-Net,59.26671134101019,True,hourly mean,3
AL082025,Humberto (2025),with_era5,2025-09-27T23:00:00+00:00,unet_raw,Raw field U-Net,59.54549895392523,False,hourly mean,3
AL082025,Humberto (2025),with_era5,2025-09-28T00:00:00+00:00,unet_raw,Raw field U-Net,58.321162965562614,False,hourly mean,3
AL082025,Humberto (2025),with_era5,2025-09-28T01:00:00+00:00,unet_raw,Raw field U-Net,56.83687527974447,False,hourly mean,3
AL082025,Humberto (2025),with_era5,2025-09-28T02:00:00+00:00,unet_raw,Raw field U-Net,55.04701148139105,False,hourly mean,3
AL082025,Humberto (2025),with_era5,2025-09-28T03:00:00+00:00,unet_raw,Raw field U-Net,54.46377415127225,False,hourly mean,3
AL082025,Humberto (2025),with_era5,2025-09-28T04:00:00+00:00,unet_raw,Raw field U-Net,54.88829252454969,False,hourly mean,3
AL082025,Humberto (2025),with_era5,2025-09-28T05:00:00+00:00,unet_raw,Raw field U-Net,55.51575724283854,False,hourly mean,3
AL082025,Humberto (2025),with_era5,2025-09-28T06:00:00+00:00,unet_raw,Raw field U-Net,55.40754381815592,False,hourly mean,3
AL082025,Humberto (2025),with_era5,2025-09-28T07:00:00+00:00,unet_raw,Raw field U-Net,54.64943016899957,False,hourly mean,3
AL082025,Humberto (2025),with_era5,2025-09-28T08:00:00+00:00,unet_raw,Raw field U-Net,54.012301762898765,False,hourly mean,3
AL082025,Humberto (2025),with_era5,2025-09-28T09:00:00+00:00,unet_raw,Raw field U-Net,53.52839342753092,False,hourly mean,3
AL082025,Humberto (2025),with_era5,2025-09-28T10:00:00+00:00,unet_raw,Raw field U-Net,52.888586256239144,False,hourly mean,3
AL082025,Humberto (2025),with_era5,2025-09-28T11:00:00+00:00,unet_raw,Raw field U-Net,51.76503668891059,False,hourly mean,3
AL082025,Humberto (2025),with_era5,2025-09-28T12:00:00+00:00,unet_raw,Raw field U-Net,50.69451480441624,False,hourly mean,3
AL082025,Humberto (2025),with_era5,2025-09-28T13:00:00+00:00,unet_raw,Raw field U-Net,49.587764739990234,False,hourly mean,3
AL082025,Humberto (2025),with_era5,2025-09-28T14:00:00+00:00,unet_raw,Raw field U-Net,49.777777989705406,False,hourly mean,3
AL082025,Humberto (2025),with_era5,2025-09-28T15:00:00+00:00,unet_raw,Raw field U-Net,50.35772535536024,False,hourly mean,3
AL082025,Humberto (2025),with_era5,2025-09-28T16:00:00+00:00,unet_raw,Raw field U-Net,51.35149659050836,False,hourly mean,3
AL082025,Humberto (2025),with_era5,2025-09-28T17:00:00+00:00,unet_raw,Raw field U-Net,52.071268717447914,False,hourly mean,3
AL082025,Humberto (2025),with_era5,2025-09-28T18:00:00+00:00,unet_raw,Raw field U-Net,52.06882307264541,False,hourly mean,3
AL082025,Humberto (2025),with_era5,2025-09-28T19:00:00+00:00,unet_raw,Raw field U-Net,52.19450738694933,False,hourly mean,3
AL082025,Humberto (2025),with_era5,2025-09-28T20:00:00+00:00,unet_raw,Raw field U-Net,52.57112058003744,False,hourly mean,3
AL082025,Humberto (2025),with_era5,2025-09-28T21:00:00+00:00,unet_raw,Raw field U-Net,53.365211274888786,False,hourly mean,3
AL082025,Humberto (2025),with_era5,2025-09-28T22:00:00+00:00,unet_raw,Raw field U-Net,54.22533501519097,False,hourly mean,3
AL082025,Humberto (2025),with_era5,2025-09-28T23:00:00+00:00,unet_raw,Raw field U-Net,55.159752104017464,False,hourly mean,3
AL082025,Humberto (2025),with_era5,2025-09-29T00:00:00+00:00,unet_raw,Raw field U-Net,55.889072842068146,False,hourly mean,3
AL082025,Humberto (2025),with_era5,2025-09-29T01:00:00+00:00,unet_raw,Raw field U-Net,55.52411185370551,False,hourly mean,3
AL082025,Humberto (2025),with_era5,2025-09-29T02:00:00+00:00,unet_raw,Raw field U-Net,53.90356318155924,False,hourly mean,3
AL082025,Humberto (2025),with_era5,2025-09-29T03:00:00+00:00,unet_raw,Raw field U-Net,52.03331057230631,False,hourly mean,3
AL082025,Humberto (2025),with_era5,2025-09-29T04:00:00+00:00,unet_raw,Raw field U-Net,51.00011444091797,False,hourly mean,3
AL082025,Humberto (2025),with_era5,2025-09-29T05:00:00+00:00,unet_raw,Raw field U-Net,50.22401555379232,False,hourly mean,3
AL082025,Humberto (2025),with_era5,2025-09-29T06:00:00+00:00,unet_raw,Raw field U-Net,49.77015537685818,False,hourly mean,3
AL082025,Humberto (2025),with_era5,2025-09-29T07:00:00+00:00,unet_raw,Raw field U-Net,49.38857841491699,False,hourly mean,3
AL082025,Humberto (2025),with_era5,2025-09-29T08:00:00+00:00,unet_raw,Raw field U-Net,49.17919116550022,False,hourly mean,3
AL082025,Humberto (2025),with_era5,2025-09-29T09:00:00+00:00,unet_raw,Raw field U-Net,48.77290789286295,False,hourly mean,3
AL082025,Humberto (2025),with_era5,2025-09-29T10:00:00+00:00,unet_raw,Raw field U-Net,47.717323303222656,False,hourly mean,3
AL082025,Humberto (2025),with_era5,2025-09-29T11:00:00+00:00,unet_raw,Raw field U-Net,47.170760260687935,False,hourly mean,3
AL082025,Humberto (2025),with_era5,2025-09-29T12:00:00+00:00,unet_raw,Raw field U-Net,47.24509323967828,False,hourly mean,3
AL082025,Humberto (2025),with_era5,2025-09-29T13:00:00+00:00,unet_raw,Raw field U-Net,46.41637950473361,False,hourly mean,3
AL082025,Humberto (2025),with_era5,2025-09-29T14:00:00+00:00,unet_raw,Raw field U-Net,45.16124640570746,False,hourly mean,3
AL082025,Humberto (2025),with_era5,2025-09-29T15:00:00+00:00,unet_raw,Raw field U-Net,44.07256995307075,False,hourly mean,3
AL082025,Humberto (2025),with_era5,2025-09-29T16:00:00+00:00,unet_raw,Raw field U-Net,43.810689502292206,False,hourly mean,3
AL082025,Humberto (2025),with_era5,2025-09-29T17:00:00+00:00,unet_raw,Raw field U-Net,44.189150068495,False,hourly mean,3
AL082025,Humberto (2025),with_era5,2025-09-29T18:00:00+00:00,unet_raw,Raw field U-Net,43.97825092739529,False,hourly mean,3
AL082025,Humberto (2025),with_era5,2025-09-29T19:00:00+00:00,unet_raw,Raw field U-Net,43.35414738125271,False,hourly mean,3
AL082025,Humberto (2025),with_era5,2025-09-29T20:00:00+00:00,unet_raw,Raw field U-Net,42.21566263834635,False,hourly mean,3
AL082025,Humberto (2025),with_era5,2025-09-29T21:00:00+00:00,unet_raw,Raw field U-Net,41.5421560075548,False,hourly mean,3
AL082025,Humberto (2025),with_era5,2025-09-29T22:00:00+00:00,unet_raw,Raw field U-Net,41.47737248738607,False,hourly mean,3
AL082025,Humberto (2025),with_era5,2025-09-29T23:00:00+00:00,unet_raw,Raw field U-Net,41.540551079644096,False,hourly mean,3
AL082025,Humberto (2025),with_era5,2025-09-30T00:00:00+00:00,unet_raw,Raw field U-Net,40.11978446112739,False,hourly mean,3
AL082025,Humberto (2025),with_era5,2025-09-30T01:00:00+00:00,unet_raw,Raw field U-Net,37.66281530592176,False,hourly mean,3
AL082025,Humberto (2025),with_era5,2025-09-30T02:00:00+00:00,unet_raw,Raw field U-Net,36.026819652981224,False,hourly mean,3
AL082025,Humberto (2025),with_era5,2025-09-30T03:00:00+00:00,unet_raw,Raw field U-Net,36.762478510538735,False,hourly mean,3
AL082025,Humberto (2025),with_era5,2025-09-30T04:00:00+00:00,unet_raw,Raw field U-Net,38.76950560675727,False,hourly mean,3
AL082025,Humberto (2025),with_era5,2025-09-30T05:00:00+00:00,unet_raw,Raw field U-Net,38.99597994486491,False,hourly mean,3
AL082025,Humberto (2025),with_era5,2025-09-30T06:00:00+00:00,unet_raw,Raw field U-Net,36.56462605794271,False,hourly mean,3
AL082025,Humberto (2025),with_era5,2025-09-30T07:00:00+00:00,unet_raw,Raw field U-Net,34.03510962592231,False,hourly mean,3
AL082025,Humberto (2025),with_era5,2025-09-30T08:00:00+00:00,unet_raw,Raw field U-Net,32.58729595608181,False,hourly mean,3
AL082025,Humberto (2025),with_era5,2025-09-30T09:00:00+00:00,unet_raw,Raw field U-Net,33.65053147210015,False,hourly mean,3
AL082025,Humberto (2025),with_era5,2025-09-30T10:00:00+00:00,unet_raw,Raw field U-Net,35.28471874660915,False,hourly mean,3
AL082025,Humberto (2025),with_era5,2025-09-30T11:00:00+00:00,unet_raw,Raw field U-Net,36.10535040961371,False,hourly mean,3
AL082025,Humberto (2025),with_era5,2025-09-30T12:00:00+00:00,unet_raw,Raw field U-Net,35.609735700819236,False,hourly mean,3
AL082025,Humberto (2025),with_era5,2025-09-30T13:00:00+00:00,unet_raw,Raw field U-Net,35.36404016282824,False,hourly mean,3
AL082025,Humberto (2025),with_era5,2025-09-30T14:00:00+00:00,unet_raw,Raw field U-Net,35.17184405856662,False,hourly mean,3
AL082025,Humberto (2025),with_era5,2025-09-30T15:00:00+00:00,unet_raw,Raw field U-Net,34.861863666110565,False,hourly mean,3
AL082025,Humberto (2025),with_era5,2025-09-30T16:00:00+00:00,unet_raw,Raw field U-Net,33.80850262112088,False,hourly mean,3
AL082025,Humberto (2025),with_era5,2025-09-30T17:00:00+00:00,unet_raw,Raw field U-Net,33.12973276774089,False,hourly mean,3
AL082025,Humberto (2025),with_era5,2025-09-30T18:00:00+00:00,unet_raw,Raw field U-Net,32.628488328721794,False,hourly mean,3
AL082025,Humberto (2025),with_era5,2025-09-30T19:00:00+00:00,unet_raw,Raw field U-Net,32.26958571539985,False,hourly mean,3
AL082025,Humberto (2025),with_era5,2025-09-30T20:00:00+00:00,unet_raw,Raw field U-Net,30.317051357693142,False,hourly mean,3
AL082025,Humberto (2025),with_era5,2025-09-30T21:00:00+00:00,unet_raw,Raw field U-Net,29.5994185341729,False,hourly mean,3
AL082025,Humberto (2025),with_era5,2025-09-30T22:00:00+00:00,unet_raw,Raw field U-Net,28.75675879584418,False,hourly mean,3
AL082025,Humberto (2025),with_era5,2025-09-30T23:00:00+00:00,unet_raw,Raw field U-Net,30.12014617919922,False,hourly mean,3
AL082025,Humberto (2025),with_era5,2025-10-01T00:00:00+00:00,unet_raw,Raw field U-Net,30.18875541687012,False,hourly mean,3
AL082025,Humberto (2025),with_era5,2025-10-01T01:00:00+00:00,unet_raw,Raw field U-Net,30.0318785349528,False,hourly mean,3
AL082025,Humberto (2025),with_era5,2025-10-01T02:00:00+00:00,unet_raw,Raw field U-Net,31.621220482720265,False,hourly mean,3
AL082025,Humberto (2025),with_era5,2025-10-01T03:00:00+00:00,unet_raw,Raw field U-Net,34.051746898227265,False,hourly mean,3
AL082025,Humberto (2025),with_era5,2025-10-01T04:00:00+00:00,unet_raw,Raw field U-Net,36.63000806172689,False,hourly mean,3
AL082025,Humberto (2025),with_era5,2025-10-01T05:00:00+00:00,unet_raw,Raw field U-Net,37.237650129530174,False,hourly mean,3
AL082025,Humberto (2025),with_era5,2025-10-01T06:00:00+00:00,unet_raw,Raw field U-Net,37.17862870958117,False,hourly mean,3
AL082025,Humberto (2025),with_era5,2025-10-01T07:00:00+00:00,unet_raw,Raw field U-Net,36.00483851962619,False,hourly mean,3
AL082025,Humberto (2025),with_era5,2025-10-01T08:00:00+00:00,unet_raw,Raw field U-Net,35.43565114339192,False,hourly mean,3
AL082025,Humberto (2025),with_era5,2025-10-01T09:00:00+00:00,unet_raw,Raw field U-Net,35.47146903143989,False,hourly mean,3
AL082025,Humberto (2025),with_era5,2025-10-01T10:00:00+00:00,unet_raw,Raw field U-Net,36.78145790100098,False,hourly mean,3
AL082025,Humberto (2025),with_era5,2025-10-01T11:00:00+00:00,unet_raw,Raw field U-Net,37.21365610758464,False,hourly mean,3
AL082025,Humberto (2025),with_era5,2025-09-24T12:00:00+00:00,unet_correction,U-Net + standard MLP,22.662671883900963,False,hourly mean,3
AL082025,Humberto (2025),with_era5,2025-09-24T13:00:00+00:00,unet_correction,U-Net + standard MLP,22.40051555633545,False,hourly mean,3
AL082025,Humberto (2025),with_era5,2025-09-24T14:00:00+00:00,unet_correction,U-Net + standard MLP,22.915734503004284,False,hourly mean,3
AL082025,Humberto (2025),with_era5,2025-09-24T15:00:00+00:00,unet_correction,U-Net + standard MLP,24.21495787302653,False,hourly mean,3
AL082025,Humberto (2025),with_era5,2025-09-24T16:00:00+00:00,unet_correction,U-Net + standard MLP,24.876443333095974,False,hourly mean,3
AL082025,Humberto (2025),with_era5,2025-09-24T17:00:00+00:00,unet_correction,U-Net + standard MLP,24.0121693081326,False,hourly mean,3
AL082025,Humberto (2025),with_era5,2025-09-24T18:00:00+00:00,unet_correction,U-Net + standard MLP,22.602669186062283,False,hourly mean,3
AL082025,Humberto (2025),with_era5,2025-09-24T19:00:00+00:00,unet_correction,U-Net + standard MLP,21.959378560384113,False,hourly mean,3
AL082025,Humberto (2025),with_era5,2025-09-24T20:00:00+00:00,unet_correction,U-Net + standard MLP,21.723229196336533,False,hourly mean,3
AL082025,Humberto (2025),with_era5,2025-09-24T21:00:00+00:00,unet_correction,U-Net + standard MLP,21.858631663852268,False,hourly mean,3
AL082025,Humberto (2025),with_era5,2025-09-24T22:00:00+00:00,unet_correction,U-Net + standard MLP,22.005883004930286,False,hourly mean,3
AL082025,Humberto (2025),with_era5,2025-09-24T23:00:00+00:00,unet_correction,U-Net + standard MLP,22.20595582326253,False,hourly mean,3
AL082025,Humberto (2025),with_era5,2025-09-25T00:00:00+00:00,unet_correction,U-Net + standard MLP,21.48525386386447,False,hourly mean,3
AL082025,Humberto (2025),with_era5,2025-09-25T01:00:00+00:00,unet_correction,U-Net + standard MLP,20.667170418633354,False,hourly mean,3
AL082025,Humberto (2025),with_era5,2025-09-25T02:00:00+00:00,unet_correction,U-Net + standard MLP,21.61173375447591,False,hourly mean,3
AL082025,Humberto (2025),with_era5,2025-09-25T03:00:00+00:00,unet_correction,U-Net + standard MLP,24.084836112128368,False,hourly mean,3
AL082025,Humberto (2025),with_era5,2025-09-25T04:00:00+00:00,unet_correction,U-Net + standard MLP,27.031079292297363,False,hourly mean,3
AL082025,Humberto (2025),with_era5,2025-09-25T05:00:00+00:00,unet_correction,U-Net + standard MLP,28.189338048299152,False,hourly mean,3
AL082025,Humberto (2025),with_era5,2025-09-25T06:00:00+00:00,unet_correction,U-Net + standard MLP,27.883925755818684,False,hourly mean,3
AL082025,Humberto (2025),with_era5,2025-09-25T07:00:00+00:00,unet_correction,U-Net + standard MLP,27.15568023257785,False,hourly mean,3
AL082025,Humberto (2025),with_era5,2025-09-25T08:00:00+00:00,unet_correction,U-Net + standard MLP,26.806520356072323,False,hourly mean,3
AL082025,Humberto (2025),with_era5,2025-09-25T09:00:00+00:00,unet_correction,U-Net + standard MLP,28.40894889831543,False,hourly mean,3
AL082025,Humberto (2025),with_era5,2025-09-25T10:00:00+00:00,unet_correction,U-Net + standard MLP,29.518868234422474,False,hourly mean,3
AL082025,Humberto (2025),with_era5,2025-09-25T11:00:00+00:00,unet_correction,U-Net + standard MLP,30.501860830518932,False,hourly mean,3
AL082025,Humberto (2025),with_era5,2025-09-25T12:00:00+00:00,unet_correction,U-Net + standard MLP,30.551202562120224,False,hourly mean,3
AL082025,Humberto (2025),with_era5,2025-09-25T13:00:00+00:00,unet_correction,U-Net + standard MLP,31.14166037241618,False,hourly mean,3
AL082025,Humberto (2025),with_era5,2025-09-25T14:00:00+00:00,unet_correction,U-Net + standard MLP,31.288325521681045,False,hourly mean,3
AL082025,Humberto (2025),with_era5,2025-09-25T15:00:00+00:00,unet_correction,U-Net + standard MLP,30.833709822760685,False,hourly mean,3
AL082025,Humberto (2025),with_era5,2025-09-25T16:00:00+00:00,unet_correction,U-Net + standard MLP,29.97772471110026,False,hourly mean,3
AL082025,Humberto (2025),with_era5,2025-09-25T17:00:00+00:00,unet_correction,U-Net + standard MLP,29.091772185431584,False,hourly mean,3
AL082025,Humberto (2025),with_era5,2025-09-25T18:00:00+00:00,unet_correction,U-Net + standard MLP,28.962870915730793,False,hourly mean,3
AL082025,Humberto (2025),with_era5,2025-09-25T19:00:00+00:00,unet_correction,U-Net + standard MLP,29.575496885511612,False,hourly mean,3
AL082025,Humberto (2025),with_era5,2025-09-25T20:00:00+00:00,unet_correction,U-Net + standard MLP,30.68186314900716,False,hourly mean,3
AL082025,Humberto (2025),with_era5,2025-09-25T21:00:00+00:00,unet_correction,U-Net + standard MLP,31.013840251498753,False,hourly mean,3
AL082025,Humberto (2025),with_era5,2025-09-25T22:00:00+00:00,unet_correction,U-Net + standard MLP,31.208160188462998,False,hourly mean,3
AL082025,Humberto (2025),with_era5,2025-09-25T23:00:00+00:00,unet_correction,U-Net + standard MLP,31.78473440806071,False,hourly mean,3
AL082025,Humberto (2025),with_era5,2025-09-26T00:00:00+00:00,unet_correction,U-Net + standard MLP,32.71615854899088,False,hourly mean,3
AL082025,Humberto (2025),with_era5,2025-09-26T01:00:00+00:00,unet_correction,U-Net + standard MLP,33.518829557630745,False,hourly mean,3
AL082025,Humberto (2025),with_era5,2025-09-26T02:00:00+00:00,unet_correction,U-Net + standard MLP,37.537098778618706,False,hourly mean,3
AL082025,Humberto (2025),with_era5,2025-09-26T03:00:00+00:00,unet_correction,U-Net + standard MLP,41.25251897176107,False,hourly mean,3
AL082025,Humberto (2025),with_era5,2025-09-26T04:00:00+00:00,unet_correction,U-Net + standard MLP,45.30029084947375,False,hourly mean,3
AL082025,Humberto (2025),with_era5,2025-09-26T05:00:00+00:00,unet_correction,U-Net + standard MLP,46.255076514350044,False,hourly mean,3
AL082025,Humberto (2025),with_era5,2025-09-26T06:00:00+00:00,unet_correction,U-Net + standard MLP,47.78961372375488,False,hourly mean,3
AL082025,Humberto (2025),with_era5,2025-09-26T07:00:00+00:00,unet_correction,U-Net + standard MLP,47.35047806633843,False,hourly mean,3
AL082025,Humberto (2025),with_era5,2025-09-26T08:00:00+00:00,unet_correction,U-Net + standard MLP,47.06643528408474,False,hourly mean,3
AL082025,Humberto (2025),with_era5,2025-09-26T09:00:00+00:00,unet_correction,U-Net + standard MLP,46.72544882032607,False,hourly mean,3
AL082025,Humberto (2025),with_era5,2025-09-26T10:00:00+00:00,unet_correction,U-Net + standard MLP,47.707586924235024,False,hourly mean,3
AL082025,Humberto (2025),with_era5,2025-09-26T11:00:00+00:00,unet_correction,U-Net + standard MLP,47.549865298801,False,hourly mean,3
AL082025,Humberto (2025),with_era5,2025-09-26T12:00:00+00:00,unet_correction,U-Net + standard MLP,47.45078998141819,True,hourly mean,3
AL082025,Humberto (2025),with_era5,2025-09-26T13:00:00+00:00,unet_correction,U-Net + standard MLP,48.813218858506936,True,hourly mean,3
AL082025,Humberto (2025),with_era5,2025-09-26T14:00:00+00:00,unet_correction,U-Net + standard MLP,51.80417569478353,True,hourly mean,3
AL082025,Humberto (2025),with_era5,2025-09-26T15:00:00+00:00,unet_correction,U-Net + standard MLP,53.0780889723036,True,hourly mean,3
AL082025,Humberto (2025),with_era5,2025-09-26T16:00:00+00:00,unet_correction,U-Net + standard MLP,52.960531022813576,True,hourly mean,3
AL082025,Humberto (2025),with_era5,2025-09-26T17:00:00+00:00,unet_correction,U-Net + standard MLP,53.370076921251076,True,hourly mean,3
AL082025,Humberto (2025),with_era5,2025-09-26T18:00:00+00:00,unet_correction,U-Net + standard MLP,55.123168097602,True,hourly mean,3
AL082025,Humberto (2025),with_era5,2025-09-26T19:00:00+00:00,unet_correction,U-Net + standard MLP,57.75483067830404,True,hourly mean,3
AL082025,Humberto (2025),with_era5,2025-09-26T20:00:00+00:00,unet_correction,U-Net + standard MLP,59.7933529747857,True,hourly mean,3
AL082025,Humberto (2025),with_era5,2025-09-26T21:00:00+00:00,unet_correction,U-Net + standard MLP,62.461819330851235,True,hourly mean,3
AL082025,Humberto (2025),with_era5,2025-09-26T22:00:00+00:00,unet_correction,U-Net + standard MLP,64.37825096978081,True,hourly mean,3
AL082025,Humberto (2025),with_era5,2025-09-26T23:00:00+00:00,unet_correction,U-Net + standard MLP,65.41574986775716,True,hourly mean,3
AL082025,Humberto (2025),with_era5,2025-09-27T00:00:00+00:00,unet_correction,U-Net + standard MLP,65.55300818549262,True,hourly mean,3
AL082025,Humberto (2025),with_era5,2025-09-27T01:00:00+00:00,unet_correction,U-Net + standard MLP,65.2332083384196,True,hourly mean,3
AL082025,Humberto (2025),with_era5,2025-09-27T02:00:00+00:00,unet_correction,U-Net + standard MLP,62.43580648634168,True,hourly mean,3
AL082025,Humberto (2025),with_era5,2025-09-27T03:00:00+00:00,unet_correction,U-Net + standard MLP,60.620251973470054,True,hourly mean,3
AL082025,Humberto (2025),with_era5,2025-09-27T04:00:00+00:00,unet_correction,U-Net + standard MLP,58.40946006774902,True,hourly mean,3
AL082025,Humberto (2025),with_era5,2025-09-27T05:00:00+00:00,unet_correction,U-Net + standard MLP,57.59483379787869,True,hourly mean,3
AL082025,Humberto (2025),with_era5,2025-09-27T06:00:00+00:00,unet_correction,U-Net + standard MLP,56.455287509494354,True,hourly mean,3
AL082025,Humberto (2025),with_era5,2025-09-27T07:00:00+00:00,unet_correction,U-Net + standard MLP,56.01942019992405,True,hourly mean,3
AL082025,Humberto (2025),with_era5,2025-09-27T08:00:00+00:00,unet_correction,U-Net + standard MLP,54.684791564941406,True,hourly mean,3
AL082025,Humberto (2025),with_era5,2025-09-27T09:00:00+00:00,unet_correction,U-Net + standard MLP,53.50877422756619,True,hourly mean,3
AL082025,Humberto (2025),with_era5,2025-09-27T10:00:00+00:00,unet_correction,U-Net + standard MLP,53.063253826565216,True,hourly mean,3
AL082025,Humberto (2025),with_era5,2025-09-27T11:00:00+00:00,unet_correction,U-Net + standard MLP,54.94846110873752,True,hourly mean,3
AL082025,Humberto (2025),with_era5,2025-09-27T12:00:00+00:00,unet_correction,U-Net + standard MLP,56.57919438680013,True,hourly mean,3
AL082025,Humberto (2025),with_era5,2025-09-27T13:00:00+00:00,unet_correction,U-Net + standard MLP,57.35462633768717,True,hourly mean,3
AL082025,Humberto (2025),with_era5,2025-09-27T14:00:00+00:00,unet_correction,U-Net + standard MLP,57.484835094875756,True,hourly mean,3
AL082025,Humberto (2025),with_era5,2025-09-27T15:00:00+00:00,unet_correction,U-Net + standard MLP,57.91660478379992,True,hourly mean,3
AL082025,Humberto (2025),with_era5,2025-09-27T16:00:00+00:00,unet_correction,U-Net + standard MLP,59.006835725572365,True,hourly mean,3
AL082025,Humberto (2025),with_era5,2025-09-27T17:00:00+00:00,unet_correction,U-Net + standard MLP,60.355864418877495,True,hourly mean,3
AL082025,Humberto (2025),with_era5,2025-09-27T18:00:00+00:00,unet_correction,U-Net + standard MLP,61.857547548082145,True,hourly mean,3
AL082025,Humberto (2025),with_era5,2025-09-27T19:00:00+00:00,unet_correction,U-Net + standard MLP,63.48271687825521,True,hourly mean,3
AL082025,Humberto (2025),with_era5,2025-09-27T20:00:00+00:00,unet_correction,U-Net + standard MLP,64.84475390116374,True,hourly mean,3
AL082025,Humberto (2025),with_era5,2025-09-27T21:00:00+00:00,unet_correction,U-Net + standard MLP,66.05213334825304,True,hourly mean,3
AL082025,Humberto (2025),with_era5,2025-09-27T22:00:00+00:00,unet_correction,U-Net + standard MLP,66.7327380710178,True,hourly mean,3
AL082025,Humberto (2025),with_era5,2025-09-27T23:00:00+00:00,unet_correction,U-Net + standard MLP,67.00874752468535,False,hourly mean,3
AL082025,Humberto (2025),with_era5,2025-09-28T00:00:00+00:00,unet_correction,U-Net + standard MLP,65.78684086269803,False,hourly mean,3
AL082025,Humberto (2025),with_era5,2025-09-28T01:00:00+00:00,unet_correction,U-Net + standard MLP,64.3105920155843,False,hourly mean,3
AL082025,Humberto (2025),with_era5,2025-09-28T02:00:00+00:00,unet_correction,U-Net + standard MLP,62.52844556172689,False,hourly mean,3
AL082025,Humberto (2025),with_era5,2025-09-28T03:00:00+00:00,unet_correction,U-Net + standard MLP,61.949469248453774,False,hourly mean,3
AL082025,Humberto (2025),with_era5,2025-09-28T04:00:00+00:00,unet_correction,U-Net + standard MLP,62.37541707356771,False,hourly mean,3
AL082025,Humberto (2025),with_era5,2025-09-28T05:00:00+00:00,unet_correction,U-Net + standard MLP,63.00326707628039,False,hourly mean,3
AL082025,Humberto (2025),with_era5,2025-09-28T06:00:00+00:00,unet_correction,U-Net + standard MLP,62.89574389987522,False,hourly mean,3
AL082025,Humberto (2025),with_era5,2025-09-28T07:00:00+00:00,unet_correction,U-Net + standard MLP,62.13525369432238,False,hourly mean,3
AL082025,Humberto (2025),with_era5,2025-09-28T08:00:00+00:00,unet_correction,U-Net + standard MLP,61.481531567043724,False,hourly mean,3
AL082025,Humberto (2025),with_era5,2025-09-28T09:00:00+00:00,unet_correction,U-Net + standard MLP,60.973147286309135,False,hourly mean,3
AL082025,Humberto (2025),with_era5,2025-09-28T10:00:00+00:00,unet_correction,U-Net + standard MLP,60.310719596015076,False,hourly mean,3
AL082025,Humberto (2025),with_era5,2025-09-28T11:00:00+00:00,unet_correction,U-Net + standard MLP,59.185529496934684,False,hourly mean,3
AL082025,Humberto (2025),with_era5,2025-09-28T12:00:00+00:00,unet_correction,U-Net + standard MLP,58.12899610731336,False,hourly mean,3
AL082025,Humberto (2025),with_era5,2025-09-28T13:00:00+00:00,unet_correction,U-Net + standard MLP,57.04310099283854,False,hourly mean,3
AL082025,Humberto (2025),with_era5,2025-09-28T14:00:00+00:00,unet_correction,U-Net + standard MLP,57.24940448337131,False,hourly mean,3
AL082025,Humberto (2025),with_era5,2025-09-28T15:00:00+00:00,unet_correction,U-Net + standard MLP,57.83833694458008,False,hourly mean,3
AL082025,Humberto (2025),with_era5,2025-09-28T16:00:00+00:00,unet_correction,U-Net + standard MLP,58.83477041456434,False,hourly mean,3
AL082025,Humberto (2025),with_era5,2025-09-28T17:00:00+00:00,unet_correction,U-Net + standard MLP,59.55599043104383,False,hourly mean,3
AL082025,Humberto (2025),with_era5,2025-09-28T18:00:00+00:00,unet_correction,U-Net + standard MLP,59.55435858832465,False,hourly mean,3
AL082025,Humberto (2025),with_era5,2025-09-28T19:00:00+00:00,unet_correction,U-Net + standard MLP,59.679969787597656,False,hourly mean,3
AL082025,Humberto (2025),with_era5,2025-09-28T20:00:00+00:00,unet_correction,U-Net + standard MLP,60.0548464457194,False,hourly mean,3
AL082025,Humberto (2025),with_era5,2025-09-28T21:00:00+00:00,unet_correction,U-Net + standard MLP,60.84448369344076,False,hourly mean,3
AL082025,Humberto (2025),with_era5,2025-09-28T22:00:00+00:00,unet_correction,U-Net + standard MLP,61.69870418972439,False,hourly mean,3
AL082025,Humberto (2025),with_era5,2025-09-28T23:00:00+00:00,unet_correction,U-Net + standard MLP,62.629764768812386,False,hourly mean,3
AL082025,Humberto (2025),with_era5,2025-09-29T00:00:00+00:00,unet_correction,U-Net + standard MLP,63.36170196533203,False,hourly mean,3
AL082025,Humberto (2025),with_era5,2025-09-29T01:00:00+00:00,unet_correction,U-Net + standard MLP,63.00294960869684,False,hourly mean,3
AL082025,Humberto (2025),with_era5,2025-09-29T02:00:00+00:00,unet_correction,U-Net + standard MLP,61.38754865858291,False,hourly mean,3
AL082025,Humberto (2025),with_era5,2025-09-29T03:00:00+00:00,unet_correction,U-Net + standard MLP,59.5195738474528,False,hourly mean,3
AL082025,Humberto (2025),with_era5,2025-09-29T04:00:00+00:00,unet_correction,U-Net + standard MLP,58.486568662855355,False,hourly mean,3
AL082025,Humberto (2025),with_era5,2025-09-29T05:00:00+00:00,unet_correction,U-Net + standard MLP,57.70842594570584,False,hourly mean,3
AL082025,Humberto (2025),with_era5,2025-09-29T06:00:00+00:00,unet_correction,U-Net + standard MLP,57.25324418809678,False,hourly mean,3
AL082025,Humberto (2025),with_era5,2025-09-29T07:00:00+00:00,unet_correction,U-Net + standard MLP,56.87059868706597,False,hourly mean,3
AL082025,Humberto (2025),with_era5,2025-09-29T08:00:00+00:00,unet_correction,U-Net + standard MLP,56.64728291829427,False,hourly mean,3
AL082025,Humberto (2025),with_era5,2025-09-29T09:00:00+00:00,unet_correction,U-Net + standard MLP,56.21776178148058,False,hourly mean,3
AL082025,Humberto (2025),with_era5,2025-09-29T10:00:00+00:00,unet_correction,U-Net + standard MLP,55.142620934380425,False,hourly mean,3
AL082025,Humberto (2025),with_era5,2025-09-29T11:00:00+00:00,unet_correction,U-Net + standard MLP,54.59992027282715,False,hourly mean,3
AL082025,Humberto (2025),with_era5,2025-09-29T12:00:00+00:00,unet_correction,U-Net + standard MLP,54.693216959635414,False,hourly mean,3
AL082025,Humberto (2025),with_era5,2025-09-29T13:00:00+00:00,unet_correction,U-Net + standard MLP,53.88325140211317,False,hourly mean,3
AL082025,Humberto (2025),with_era5,2025-09-29T14:00:00+00:00,unet_correction,U-Net + standard MLP,52.63687494066027,False,hourly mean,3
AL082025,Humberto (2025),with_era5,2025-09-29T15:00:00+00:00,unet_correction,U-Net + standard MLP,51.55322371588813,False,hourly mean,3
AL082025,Humberto (2025),with_era5,2025-09-29T16:00:00+00:00,unet_correction,U-Net + standard MLP,51.29247538248698,False,hourly mean,3
AL082025,Humberto (2025),with_era5,2025-09-29T17:00:00+00:00,unet_correction,U-Net + standard MLP,51.67158741421169,False,hourly mean,3
AL082025,Humberto (2025),with_era5,2025-09-29T18:00:00+00:00,unet_correction,U-Net + standard MLP,51.457570817735466,False,hourly mean,3
AL082025,Humberto (2025),with_era5,2025-09-29T19:00:00+00:00,unet_correction,U-Net + standard MLP,50.831285900539825,False,hourly mean,3
AL082025,Humberto (2025),with_era5,2025-09-29T20:00:00+00:00,unet_correction,U-Net + standard MLP,49.69314871893988,False,hourly mean,3
AL082025,Humberto (2025),with_era5,2025-09-29T21:00:00+00:00,unet_correction,U-Net + standard MLP,49.02039888170031,False,hourly mean,3
AL082025,Humberto (2025),with_era5,2025-09-29T22:00:00+00:00,unet_correction,U-Net + standard MLP,48.95527860853408,False,hourly mean,3
AL082025,Humberto (2025),with_era5,2025-09-29T23:00:00+00:00,unet_correction,U-Net + standard MLP,49.016978369818794,False,hourly mean,3
AL082025,Humberto (2025),with_era5,2025-09-30T00:00:00+00:00,unet_correction,U-Net + standard MLP,45.69380569458008,False,hourly mean,3
AL082025,Humberto (2025),with_era5,2025-09-30T01:00:00+00:00,unet_correction,U-Net + standard MLP,40.847883012559684,False,hourly mean,3
AL082025,Humberto (2025),with_era5,2025-09-30T02:00:00+00:00,unet_correction,U-Net + standard MLP,36.802356508043076,False,hourly mean,3
AL082025,Humberto (2025),with_era5,2025-09-30T03:00:00+00:00,unet_correction,U-Net + standard MLP,38.151696311102974,False,hourly mean,3
AL082025,Humberto (2025),with_era5,2025-09-30T04:00:00+00:00,unet_correction,U-Net + standard MLP,41.536641438802086,False,hourly mean,3
AL082025,Humberto (2025),with_era5,2025-09-30T05:00:00+00:00,unet_correction,U-Net + standard MLP,41.53851890563965,False,hourly mean,3
AL082025,Humberto (2025),with_era5,2025-09-30T06:00:00+00:00,unet_correction,U-Net + standard MLP,37.74448267618815,False,hourly mean,3
AL082025,Humberto (2025),with_era5,2025-09-30T07:00:00+00:00,unet_correction,U-Net + standard MLP,33.789705488416885,False,hourly mean,3
AL082025,Humberto (2025),with_era5,2025-09-30T08:00:00+00:00,unet_correction,U-Net + standard MLP,32.69642342461481,False,hourly mean,3
AL082025,Humberto (2025),with_era5,2025-09-30T09:00:00+00:00,unet_correction,U-Net + standard MLP,34.03361947801378,False,hourly mean,3
AL082025,Humberto (2025),with_era5,2025-09-30T10:00:00+00:00,unet_correction,U-Net + standard MLP,35.61302240159777,False,hourly mean,3
AL082025,Humberto (2025),with_era5,2025-09-30T11:00:00+00:00,unet_correction,U-Net + standard MLP,36.14805689917671,False,hourly mean,3
AL082025,Humberto (2025),with_era5,2025-09-30T12:00:00+00:00,unet_correction,U-Net + standard MLP,35.361225022210014,False,hourly mean,3
AL082025,Humberto (2025),with_era5,2025-09-30T13:00:00+00:00,unet_correction,U-Net + standard MLP,35.04431629180908,False,hourly mean,3
AL082025,Humberto (2025),with_era5,2025-09-30T14:00:00+00:00,unet_correction,U-Net + standard MLP,34.89119656880697,False,hourly mean,3
AL082025,Humberto (2025),with_era5,2025-09-30T15:00:00+00:00,unet_correction,U-Net + standard MLP,34.67373593648275,False,hourly mean,3
AL082025,Humberto (2025),with_era5,2025-09-30T16:00:00+00:00,unet_correction,U-Net + standard MLP,33.54446813795301,False,hourly mean,3
AL082025,Humberto (2025),with_era5,2025-09-30T17:00:00+00:00,unet_correction,U-Net + standard MLP,32.67430782318115,False,hourly mean,3
AL082025,Humberto (2025),with_era5,2025-09-30T18:00:00+00:00,unet_correction,U-Net + standard MLP,32.007598559061684,False,hourly mean,3
AL082025,Humberto (2025),with_era5,2025-09-30T19:00:00+00:00,unet_correction,U-Net + standard MLP,31.537725660536022,False,hourly mean,3
AL082025,Humberto (2025),with_era5,2025-09-30T20:00:00+00:00,unet_correction,U-Net + standard MLP,29.752004199557835,False,hourly mean,3
AL082025,Humberto (2025),with_era5,2025-09-30T21:00:00+00:00,unet_correction,U-Net + standard MLP,29.18039268917508,False,hourly mean,3
AL082025,Humberto (2025),with_era5,2025-09-30T22:00:00+00:00,unet_correction,U-Net + standard MLP,28.449110137091747,False,hourly mean,3
AL082025,Humberto (2025),with_era5,2025-09-30T23:00:00+00:00,unet_correction,U-Net + standard MLP,29.711405012342663,False,hourly mean,3
AL082025,Humberto (2025),with_era5,2025-10-01T00:00:00+00:00,unet_correction,U-Net + standard MLP,29.855785475836857,False,hourly mean,3
AL082025,Humberto (2025),with_era5,2025-10-01T01:00:00+00:00,unet_correction,U-Net + standard MLP,30.42845514085558,False,hourly mean,3
AL082025,Humberto (2025),with_era5,2025-10-01T02:00:00+00:00,unet_correction,U-Net + standard MLP,33.03633160061307,False,hourly mean,3
AL082025,Humberto (2025),with_era5,2025-10-01T03:00:00+00:00,unet_correction,U-Net + standard MLP,37.990578969319664,False,hourly mean,3
AL082025,Humberto (2025),with_era5,2025-10-01T04:00:00+00:00,unet_correction,U-Net + standard MLP,42.402174419826935,False,hourly mean,3
AL082025,Humberto (2025),with_era5,2025-10-01T05:00:00+00:00,unet_correction,U-Net + standard MLP,43.98654365539551,False,hourly mean,3
AL082025,Humberto (2025),with_era5,2025-10-01T06:00:00+00:00,unet_correction,U-Net + standard MLP,42.26529545254177,False,hourly mean,3
AL082025,Humberto (2025),with_era5,2025-10-01T07:00:00+00:00,unet_correction,U-Net + standard MLP,39.010351392957894,False,hourly mean,3
AL082025,Humberto (2025),with_era5,2025-10-01T08:00:00+00:00,unet_correction,U-Net + standard MLP,36.58954980638293,False,hourly mean,3
AL082025,Humberto (2025),with_era5,2025-10-01T09:00:00+00:00,unet_correction,U-Net + standard MLP,35.991293801201714,False,hourly mean,3
AL082025,Humberto (2025),with_era5,2025-10-01T10:00:00+00:00,unet_correction,U-Net + standard MLP,37.3680419921875,False,hourly mean,3
AL082025,Humberto (2025),with_era5,2025-10-01T11:00:00+00:00,unet_correction,U-Net + standard MLP,38.11819775899251,False,hourly mean,3
AL082025,Humberto (2025),with_era5,2025-09-24T12:00:00+00:00,joint_unet_mlp,Joint U-Net + latent MLP,23.68015797932943,False,hourly mean,3
AL082025,Humberto (2025),with_era5,2025-09-24T13:00:00+00:00,joint_unet_mlp,Joint U-Net + latent MLP,23.996914227803547,False,hourly mean,3
AL082025,Humberto (2025),with_era5,2025-09-24T14:00:00+00:00,joint_unet_mlp,Joint U-Net + latent MLP,24.42923206753201,False,hourly mean,3
AL082025,Humberto (2025),with_era5,2025-09-24T15:00:00+00:00,joint_unet_mlp,Joint U-Net + latent MLP,24.446167204115124,False,hourly mean,3
AL082025,Humberto (2025),with_era5,2025-09-24T16:00:00+00:00,joint_unet_mlp,Joint U-Net + latent MLP,23.73839399549696,False,hourly mean,3
AL082025,Humberto (2025),with_era5,2025-09-24T17:00:00+00:00,joint_unet_mlp,Joint U-Net + latent MLP,23.18336253696018,False,hourly mean,3
AL082025,Humberto (2025),with_era5,2025-09-24T18:00:00+00:00,joint_unet_mlp,Joint U-Net + latent MLP,23.758518007066517,False,hourly mean,3
AL082025,Humberto (2025),with_era5,2025-09-24T19:00:00+00:00,joint_unet_mlp,Joint U-Net + latent MLP,25.452485508388943,False,hourly mean,3
AL082025,Humberto (2025),with_era5,2025-09-24T20:00:00+00:00,joint_unet_mlp,Joint U-Net + latent MLP,27.035557323031956,False,hourly mean,3
AL082025,Humberto (2025),with_era5,2025-09-24T21:00:00+00:00,joint_unet_mlp,Joint U-Net + latent MLP,27.950140211317276,False,hourly mean,3
AL082025,Humberto (2025),with_era5,2025-09-24T22:00:00+00:00,joint_unet_mlp,Joint U-Net + latent MLP,28.102146360609268,False,hourly mean,3
AL082025,Humberto (2025),with_era5,2025-09-24T23:00:00+00:00,joint_unet_mlp,Joint U-Net + latent MLP,27.833720948961044,False,hourly mean,3
AL082025,Humberto (2025),with_era5,2025-09-25T00:00:00+00:00,joint_unet_mlp,Joint U-Net + latent MLP,27.60658137003581,False,hourly mean,3
AL082025,Humberto (2025),with_era5,2025-09-25T01:00:00+00:00,joint_unet_mlp,Joint U-Net + latent MLP,27.173885981241863,False,hourly mean,3
AL082025,Humberto (2025),with_era5,2025-09-25T02:00:00+00:00,joint_unet_mlp,Joint U-Net + latent MLP,26.58475144704183,False,hourly mean,3
AL082025,Humberto (2025),with_era5,2025-09-25T03:00:00+00:00,joint_unet_mlp,Joint U-Net + latent MLP,25.876599947611492,False,hourly mean,3
AL082025,Humberto (2025),with_era5,2025-09-25T04:00:00+00:00,joint_unet_mlp,Joint U-Net + latent MLP,25.336114141676163,False,hourly mean,3
AL082025,Humberto (2025),with_era5,2025-09-25T05:00:00+00:00,joint_unet_mlp,Joint U-Net + latent MLP,25.059311442905,False,hourly mean,3
AL082025,Humberto (2025),with_era5,2025-09-25T06:00:00+00:00,joint_unet_mlp,Joint U-Net + latent MLP,24.980319764879017,False,hourly mean,3
AL082025,Humberto (2025),with_era5,2025-09-25T07:00:00+00:00,joint_unet_mlp,Joint U-Net + latent MLP,25.180896653069393,False,hourly mean,3
AL082025,Humberto (2025),with_era5,2025-09-25T08:00:00+00:00,joint_unet_mlp,Joint U-Net + latent MLP,26.67750189039442,False,hourly mean,3
AL082025,Humberto (2025),with_era5,2025-09-25T09:00:00+00:00,joint_unet_mlp,Joint U-Net + latent MLP,28.378340191311306,False,hourly mean,3
AL082025,Humberto (2025),with_era5,2025-09-25T10:00:00+00:00,joint_unet_mlp,Joint U-Net + latent MLP,29.87001811133491,False,hourly mean,3
AL082025,Humberto (2025),with_era5,2025-09-25T11:00:00+00:00,joint_unet_mlp,Joint U-Net + latent MLP,30.333904372321232,False,hourly mean,3
AL082025,Humberto (2025),with_era5,2025-09-25T12:00:00+00:00,joint_unet_mlp,Joint U-Net + latent MLP,30.339970058865017,False,hourly mean,3
AL082025,Humberto (2025),with_era5,2025-09-25T13:00:00+00:00,joint_unet_mlp,Joint U-Net + latent MLP,30.74983098771837,False,hourly mean,3
AL082025,Humberto (2025),with_era5,2025-09-25T14:00:00+00:00,joint_unet_mlp,Joint U-Net + latent MLP,30.87346638573541,False,hourly mean,3
AL082025,Humberto (2025),with_era5,2025-09-25T15:00:00+00:00,joint_unet_mlp,Joint U-Net + latent MLP,31.148055606418186,False,hourly mean,3
AL082025,Humberto (2025),with_era5,2025-09-25T16:00:00+00:00,joint_unet_mlp,Joint U-Net + latent MLP,31.23397329118517,False,hourly mean,3
AL082025,Humberto (2025),with_era5,2025-09-25T17:00:00+00:00,joint_unet_mlp,Joint U-Net + latent MLP,31.79455343882243,False,hourly mean,3
AL082025,Humberto (2025),with_era5,2025-09-25T18:00:00+00:00,joint_unet_mlp,Joint U-Net + latent MLP,32.33854251437717,False,hourly mean,3
AL082025,Humberto (2025),with_era5,2025-09-25T19:00:00+00:00,joint_unet_mlp,Joint U-Net + latent MLP,32.13909604814317,False,hourly mean,3
AL082025,Humberto (2025),with_era5,2025-09-25T20:00:00+00:00,joint_unet_mlp,Joint U-Net + latent MLP,33.491859965854225,False,hourly mean,3
AL082025,Humberto (2025),with_era5,2025-09-25T21:00:00+00:00,joint_unet_mlp,Joint U-Net + latent MLP,33.258122020297584,False,hourly mean,3
AL082025,Humberto (2025),with_era5,2025-09-25T22:00:00+00:00,joint_unet_mlp,Joint U-Net + latent MLP,34.18242698245579,False,hourly mean,3
AL082025,Humberto (2025),with_era5,2025-09-25T23:00:00+00:00,joint_unet_mlp,Joint U-Net + latent MLP,33.62354903750949,False,hourly mean,3
AL082025,Humberto (2025),with_era5,2025-09-26T00:00:00+00:00,joint_unet_mlp,Joint U-Net + latent MLP,34.3236977259318,False,hourly mean,3
AL082025,Humberto (2025),with_era5,2025-09-26T01:00:00+00:00,joint_unet_mlp,Joint U-Net + latent MLP,34.35988002353244,False,hourly mean,3
AL082025,Humberto (2025),with_era5,2025-09-26T02:00:00+00:00,joint_unet_mlp,Joint U-Net + latent MLP,36.632882859971794,False,hourly mean,3
AL082025,Humberto (2025),with_era5,2025-09-26T03:00:00+00:00,joint_unet_mlp,Joint U-Net + latent MLP,38.98846414354113,False,hourly mean,3
AL082025,Humberto (2025),with_era5,2025-09-26T04:00:00+00:00,joint_unet_mlp,Joint U-Net + latent MLP,41.82379807366265,False,hourly mean,3
AL082025,Humberto (2025),with_era5,2025-09-26T05:00:00+00:00,joint_unet_mlp,Joint U-Net + latent MLP,41.59190453423394,False,hourly mean,3
AL082025,Humberto (2025),with_era5,2025-09-26T06:00:00+00:00,joint_unet_mlp,Joint U-Net + latent MLP,43.847500483194985,False,hourly mean,3
AL082025,Humberto (2025),with_era5,2025-09-26T07:00:00+00:00,joint_unet_mlp,Joint U-Net + latent MLP,43.15016280280219,False,hourly mean,3
AL082025,Humberto (2025),with_era5,2025-09-26T08:00:00+00:00,joint_unet_mlp,Joint U-Net + latent MLP,44.20346026950412,False,hourly mean,3
AL082025,Humberto (2025),with_era5,2025-09-26T09:00:00+00:00,joint_unet_mlp,Joint U-Net + latent MLP,46.90380753411187,False,hourly mean,3
AL082025,Humberto (2025),with_era5,2025-09-26T10:00:00+00:00,joint_unet_mlp,Joint U-Net + latent MLP,52.49888568454318,False,hourly mean,3
AL082025,Humberto (2025),with_era5,2025-09-26T11:00:00+00:00,joint_unet_mlp,Joint U-Net + latent MLP,55.99897554185656,False,hourly mean,3
AL082025,Humberto (2025),with_era5,2025-09-26T12:00:00+00:00,joint_unet_mlp,Joint U-Net + latent MLP,56.16437170240615,True,hourly mean,3
AL082025,Humberto (2025),with_era5,2025-09-26T13:00:00+00:00,joint_unet_mlp,Joint U-Net + latent MLP,57.284756342569985,True,hourly mean,3
AL082025,Humberto (2025),with_era5,2025-09-26T14:00:00+00:00,joint_unet_mlp,Joint U-Net + latent MLP,60.21687295701768,True,hourly mean,3
AL082025,Humberto (2025),with_era5,2025-09-26T15:00:00+00:00,joint_unet_mlp,Joint U-Net + latent MLP,61.21755430433485,True,hourly mean,3
AL082025,Humberto (2025),with_era5,2025-09-26T16:00:00+00:00,joint_unet_mlp,Joint U-Net + latent MLP,61.6299459669325,True,hourly mean,3
AL082025,Humberto (2025),with_era5,2025-09-26T17:00:00+00:00,joint_unet_mlp,Joint U-Net + latent MLP,61.68720584445529,True,hourly mean,3
AL082025,Humberto (2025),with_era5,2025-09-26T18:00:00+00:00,joint_unet_mlp,Joint U-Net + latent MLP,64.26167996724446,True,hourly mean,3
AL082025,Humberto (2025),with_era5,2025-09-26T19:00:00+00:00,joint_unet_mlp,Joint U-Net + latent MLP,65.95184538099501,True,hourly mean,3
AL082025,Humberto (2025),with_era5,2025-09-26T20:00:00+00:00,joint_unet_mlp,Joint U-Net + latent MLP,68.26828893025716,True,hourly mean,3
AL082025,Humberto (2025),with_era5,2025-09-26T21:00:00+00:00,joint_unet_mlp,Joint U-Net + latent MLP,69.97074593438043,True,hourly mean,3
AL082025,Humberto (2025),with_era5,2025-09-26T22:00:00+00:00,joint_unet_mlp,Joint U-Net + latent MLP,70.46298853556316,True,hourly mean,3
AL082025,Humberto (2025),with_era5,2025-09-26T23:00:00+00:00,joint_unet_mlp,Joint U-Net + latent MLP,71.05061637030707,True,hourly mean,3
AL082025,Humberto (2025),with_era5,2025-09-27T00:00:00+00:00,joint_unet_mlp,Joint U-Net + latent MLP,70.90378740098741,True,hourly mean,3
AL082025,Humberto (2025),with_era5,2025-09-27T01:00:00+00:00,joint_unet_mlp,Joint U-Net + latent MLP,70.70942094590929,True,hourly mean,3
AL082025,Humberto (2025),with_era5,2025-09-27T02:00:00+00:00,joint_unet_mlp,Joint U-Net + latent MLP,63.95988761054145,True,hourly mean,3
AL082025,Humberto (2025),with_era5,2025-09-27T03:00:00+00:00,joint_unet_mlp,Joint U-Net + latent MLP,58.63629044426812,True,hourly mean,3
AL082025,Humberto (2025),with_era5,2025-09-27T04:00:00+00:00,joint_unet_mlp,Joint U-Net + latent MLP,55.270612504747184,True,hourly mean,3
AL082025,Humberto (2025),with_era5,2025-09-27T05:00:00+00:00,joint_unet_mlp,Joint U-Net + latent MLP,58.36896091037326,True,hourly mean,3
AL082025,Humberto (2025),with_era5,2025-09-27T06:00:00+00:00,joint_unet_mlp,Joint U-Net + latent MLP,63.015135235256615,True,hourly mean,3
AL082025,Humberto (2025),with_era5,2025-09-27T07:00:00+00:00,joint_unet_mlp,Joint U-Net + latent MLP,67.47438134087456,True,hourly mean,3
AL082025,Humberto (2025),with_era5,2025-09-27T08:00:00+00:00,joint_unet_mlp,Joint U-Net + latent MLP,69.39519988165961,True,hourly mean,3
AL082025,Humberto (2025),with_era5,2025-09-27T09:00:00+00:00,joint_unet_mlp,Joint U-Net + latent MLP,69.86701986524793,True,hourly mean,3
AL082025,Humberto (2025),with_era5,2025-09-27T10:00:00+00:00,joint_unet_mlp,Joint U-Net + latent MLP,70.5590886010064,True,hourly mean,3
AL082025,Humberto (2025),with_era5,2025-09-27T11:00:00+00:00,joint_unet_mlp,Joint U-Net + latent MLP,71.73547151353624,True,hourly mean,3
AL082025,Humberto (2025),with_era5,2025-09-27T12:00:00+00:00,joint_unet_mlp,Joint U-Net + latent MLP,72.38407516479492,True,hourly mean,3
AL082025,Humberto (2025),with_era5,2025-09-27T13:00:00+00:00,joint_unet_mlp,Joint U-Net + latent MLP,73.55664443969727,True,hourly mean,3
AL082025,Humberto (2025),with_era5,2025-09-27T14:00:00+00:00,joint_unet_mlp,Joint U-Net + latent MLP,75.61314434475368,True,hourly mean,3
AL082025,Humberto (2025),with_era5,2025-09-27T15:00:00+00:00,joint_unet_mlp,Joint U-Net + latent MLP,76.06912316216362,True,hourly mean,3
AL082025,Humberto (2025),with_era5,2025-09-27T16:00:00+00:00,joint_unet_mlp,Joint U-Net + latent MLP,75.60324350992839,True,hourly mean,3
AL082025,Humberto (2025),with_era5,2025-09-27T17:00:00+00:00,joint_unet_mlp,Joint U-Net + latent MLP,75.1370832655165,True,hourly mean,3
AL082025,Humberto (2025),with_era5,2025-09-27T18:00:00+00:00,joint_unet_mlp,Joint U-Net + latent MLP,75.22959899902344,True,hourly mean,3
AL082025,Humberto (2025),with_era5,2025-09-27T19:00:00+00:00,joint_unet_mlp,Joint U-Net + latent MLP,75.45902972751193,True,hourly mean,3
AL082025,Humberto (2025),with_era5,2025-09-27T20:00:00+00:00,joint_unet_mlp,Joint U-Net + latent MLP,76.59455108642578,True,hourly mean,3
AL082025,Humberto (2025),with_era5,2025-09-27T21:00:00+00:00,joint_unet_mlp,Joint U-Net + latent MLP,77.15371873643663,True,hourly mean,3
AL082025,Humberto (2025),with_era5,2025-09-27T22:00:00+00:00,joint_unet_mlp,Joint U-Net + latent MLP,76.01133812798395,True,hourly mean,3
AL082025,Humberto (2025),with_era5,2025-09-27T23:00:00+00:00,joint_unet_mlp,Joint U-Net + latent MLP,73.5462243821886,False,hourly mean,3
AL082025,Humberto (2025),with_era5,2025-09-28T00:00:00+00:00,joint_unet_mlp,Joint U-Net + latent MLP,72.75359005398221,False,hourly mean,3
AL082025,Humberto (2025),with_era5,2025-09-28T01:00:00+00:00,joint_unet_mlp,Joint U-Net + latent MLP,73.58966361151802,False,hourly mean,3
AL082025,Humberto (2025),with_era5,2025-09-28T02:00:00+00:00,joint_unet_mlp,Joint U-Net + latent MLP,75.31649441189238,False,hourly mean,3
AL082025,Humberto (2025),with_era5,2025-09-28T03:00:00+00:00,joint_unet_mlp,Joint U-Net + latent MLP,75.13406795925565,False,hourly mean,3
AL082025,Humberto (2025),with_era5,2025-09-28T04:00:00+00:00,joint_unet_mlp,Joint U-Net + latent MLP,74.48025046454536,False,hourly mean,3
AL082025,Humberto (2025),with_era5,2025-09-28T05:00:00+00:00,joint_unet_mlp,Joint U-Net + latent MLP,72.79880481296117,False,hourly mean,3
AL082025,Humberto (2025),with_era5,2025-09-28T06:00:00+00:00,joint_unet_mlp,Joint U-Net + latent MLP,72.8815646701389,False,hourly mean,3
AL082025,Humberto (2025),with_era5,2025-09-28T07:00:00+00:00,joint_unet_mlp,Joint U-Net + latent MLP,73.3135159810384,False,hourly mean,3
AL082025,Humberto (2025),with_era5,2025-09-28T08:00:00+00:00,joint_unet_mlp,Joint U-Net + latent MLP,71.86769697401259,False,hourly mean,3
AL082025,Humberto (2025),with_era5,2025-09-28T09:00:00+00:00,joint_unet_mlp,Joint U-Net + latent MLP,67.2712819841173,False,hourly mean,3
AL082025,Humberto (2025),with_era5,2025-09-28T10:00:00+00:00,joint_unet_mlp,Joint U-Net + latent MLP,60.85555415683323,False,hourly mean,3
AL082025,Humberto (2025),with_era5,2025-09-28T11:00:00+00:00,joint_unet_mlp,Joint U-Net + latent MLP,54.4659792582194,False,hourly mean,3
AL082025,Humberto (2025),with_era5,2025-09-28T12:00:00+00:00,joint_unet_mlp,Joint U-Net + latent MLP,51.21297030978732,False,hourly mean,3
AL082025,Humberto (2025),with_era5,2025-09-28T13:00:00+00:00,joint_unet_mlp,Joint U-Net + latent MLP,51.01845253838434,False,hourly mean,3
AL082025,Humberto (2025),with_era5,2025-09-28T14:00:00+00:00,joint_unet_mlp,Joint U-Net + latent MLP,55.87084727817111,False,hourly mean,3
AL082025,Humberto (2025),with_era5,2025-09-28T15:00:00+00:00,joint_unet_mlp,Joint U-Net + latent MLP,56.76251983642578,False,hourly mean,3
AL082025,Humberto (2025),with_era5,2025-09-28T16:00:00+00:00,joint_unet_mlp,Joint U-Net + latent MLP,55.28773646884495,False,hourly mean,3
AL082025,Humberto (2025),with_era5,2025-09-28T17:00:00+00:00,joint_unet_mlp,Joint U-Net + latent MLP,53.87909444173177,False,hourly mean,3
AL082025,Humberto (2025),with_era5,2025-09-28T18:00:00+00:00,joint_unet_mlp,Joint U-Net + latent MLP,53.738483217027444,False,hourly mean,3
AL082025,Humberto (2025),with_era5,2025-09-28T19:00:00+00:00,joint_unet_mlp,Joint U-Net + latent MLP,57.94468625386556,False,hourly mean,3
AL082025,Humberto (2025),with_era5,2025-09-28T20:00:00+00:00,joint_unet_mlp,Joint U-Net + latent MLP,61.145629035102,False,hourly mean,3
AL082025,Humberto (2025),with_era5,2025-09-28T21:00:00+00:00,joint_unet_mlp,Joint U-Net + latent MLP,66.38205824957954,False,hourly mean,3
AL082025,Humberto (2025),with_era5,2025-09-28T22:00:00+00:00,joint_unet_mlp,Joint U-Net + latent MLP,65.37563874986436,False,hourly mean,3
AL082025,Humberto (2025),with_era5,2025-09-28T23:00:00+00:00,joint_unet_mlp,Joint U-Net + latent MLP,62.09604114956326,False,hourly mean,3
AL082025,Humberto (2025),with_era5,2025-09-29T00:00:00+00:00,joint_unet_mlp,Joint U-Net + latent MLP,56.68258857727051,False,hourly mean,3
AL082025,Humberto (2025),with_era5,2025-09-29T01:00:00+00:00,joint_unet_mlp,Joint U-Net + latent MLP,55.67492654588488,False,hourly mean,3
AL082025,Humberto (2025),with_era5,2025-09-29T02:00:00+00:00,joint_unet_mlp,Joint U-Net + latent MLP,53.4335880279541,False,hourly mean,3
AL082025,Humberto (2025),with_era5,2025-09-29T03:00:00+00:00,joint_unet_mlp,Joint U-Net + latent MLP,53.09800402323405,False,hourly mean,3
AL082025,Humberto (2025),with_era5,2025-09-29T04:00:00+00:00,joint_unet_mlp,Joint U-Net + latent MLP,52.341757456461586,False,hourly mean,3
AL082025,Humberto (2025),with_era5,2025-09-29T05:00:00+00:00,joint_unet_mlp,Joint U-Net + latent MLP,52.4678643544515,False,hourly mean,3
AL082025,Humberto (2025),with_era5,2025-09-29T06:00:00+00:00,joint_unet_mlp,Joint U-Net + latent MLP,51.859002431233726,False,hourly mean,3
AL082025,Humberto (2025),with_era5,2025-09-29T07:00:00+00:00,joint_unet_mlp,Joint U-Net + latent MLP,50.494611740112305,False,hourly mean,3
AL082025,Humberto (2025),with_era5,2025-09-29T08:00:00+00:00,joint_unet_mlp,Joint U-Net + latent MLP,48.731638802422424,False,hourly mean,3
AL082025,Humberto (2025),with_era5,2025-09-29T09:00:00+00:00,joint_unet_mlp,Joint U-Net + latent MLP,46.80260891384549,False,hourly mean,3
AL082025,Humberto (2025),with_era5,2025-09-29T10:00:00+00:00,joint_unet_mlp,Joint U-Net + latent MLP,43.97961680094401,False,hourly mean,3
AL082025,Humberto (2025),with_era5,2025-09-29T11:00:00+00:00,joint_unet_mlp,Joint U-Net + latent MLP,41.70091141594781,False,hourly mean,3
AL082025,Humberto (2025),with_era5,2025-09-29T12:00:00+00:00,joint_unet_mlp,Joint U-Net + latent MLP,40.63106240166558,False,hourly mean,3
AL082025,Humberto (2025),with_era5,2025-09-29T13:00:00+00:00,joint_unet_mlp,Joint U-Net + latent MLP,41.087439643012154,False,hourly mean,3
AL082025,Humberto (2025),with_era5,2025-09-29T14:00:00+00:00,joint_unet_mlp,Joint U-Net + latent MLP,43.03764406840006,False,hourly mean,3
AL082025,Humberto (2025),with_era5,2025-09-29T15:00:00+00:00,joint_unet_mlp,Joint U-Net + latent MLP,44.26415591769749,False,hourly mean,3
AL082025,Humberto (2025),with_era5,2025-09-29T16:00:00+00:00,joint_unet_mlp,Joint U-Net + latent MLP,43.891130659315316,False,hourly mean,3
AL082025,Humberto (2025),with_era5,2025-09-29T17:00:00+00:00,joint_unet_mlp,Joint U-Net + latent MLP,42.98115433586969,False,hourly mean,3
AL082025,Humberto (2025),with_era5,2025-09-29T18:00:00+00:00,joint_unet_mlp,Joint U-Net + latent MLP,42.94579315185547,False,hourly mean,3
AL082025,Humberto (2025),with_era5,2025-09-29T19:00:00+00:00,joint_unet_mlp,Joint U-Net + latent MLP,45.635477701822914,False,hourly mean,3
AL082025,Humberto (2025),with_era5,2025-09-29T20:00:00+00:00,joint_unet_mlp,Joint U-Net + latent MLP,45.12949307759603,False,hourly mean,3
AL082025,Humberto (2025),with_era5,2025-09-29T21:00:00+00:00,joint_unet_mlp,Joint U-Net + latent MLP,43.552005555894645,False,hourly mean,3
AL082025,Humberto (2025),with_era5,2025-09-29T22:00:00+00:00,joint_unet_mlp,Joint U-Net + latent MLP,39.56031714545356,False,hourly mean,3
AL082025,Humberto (2025),with_era5,2025-09-29T23:00:00+00:00,joint_unet_mlp,Joint U-Net + latent MLP,38.53437487284342,False,hourly mean,3
AL082025,Humberto (2025),with_era5,2025-09-30T00:00:00+00:00,joint_unet_mlp,Joint U-Net + latent MLP,38.99304962158203,False,hourly mean,3
AL082025,Humberto (2025),with_era5,2025-09-30T01:00:00+00:00,joint_unet_mlp,Joint U-Net + latent MLP,39.84519259134928,False,hourly mean,3
AL082025,Humberto (2025),with_era5,2025-09-30T02:00:00+00:00,joint_unet_mlp,Joint U-Net + latent MLP,39.580447090996635,False,hourly mean,3
AL082025,Humberto (2025),with_era5,2025-09-30T03:00:00+00:00,joint_unet_mlp,Joint U-Net + latent MLP,40.14398426479764,False,hourly mean,3
AL082025,Humberto (2025),with_era5,2025-09-30T04:00:00+00:00,joint_unet_mlp,Joint U-Net + latent MLP,40.566994984944664,False,hourly mean,3
AL082025,Humberto (2025),with_era5,2025-09-30T05:00:00+00:00,joint_unet_mlp,Joint U-Net + latent MLP,42.081510331895615,False,hourly mean,3
AL082025,Humberto (2025),with_era5,2025-09-30T06:00:00+00:00,joint_unet_mlp,Joint U-Net + latent MLP,42.03254805670844,False,hourly mean,3
AL082025,Humberto (2025),with_era5,2025-09-30T07:00:00+00:00,joint_unet_mlp,Joint U-Net + latent MLP,42.01347414652506,False,hourly mean,3
AL082025,Humberto (2025),with_era5,2025-09-30T08:00:00+00:00,joint_unet_mlp,Joint U-Net + latent MLP,39.45384618971082,False,hourly mean,3
AL082025,Humberto (2025),with_era5,2025-09-30T09:00:00+00:00,joint_unet_mlp,Joint U-Net + latent MLP,36.74335055881076,False,hourly mean,3
AL082025,Humberto (2025),with_era5,2025-09-30T10:00:00+00:00,joint_unet_mlp,Joint U-Net + latent MLP,34.32306777106391,False,hourly mean,3
AL082025,Humberto (2025),with_era5,2025-09-30T11:00:00+00:00,joint_unet_mlp,Joint U-Net + latent MLP,36.21780967712402,False,hourly mean,3
AL082025,Humberto (2025),with_era5,2025-09-30T12:00:00+00:00,joint_unet_mlp,Joint U-Net + latent MLP,39.16889084710015,False,hourly mean,3
AL082025,Humberto (2025),with_era5,2025-09-30T13:00:00+00:00,joint_unet_mlp,Joint U-Net + latent MLP,41.40273072984483,False,hourly mean,3
AL082025,Humberto (2025),with_era5,2025-09-30T14:00:00+00:00,joint_unet_mlp,Joint U-Net + latent MLP,43.54397688971625,False,hourly mean,3
AL082025,Humberto (2025),with_era5,2025-09-30T15:00:00+00:00,joint_unet_mlp,Joint U-Net + latent MLP,44.57155757480197,False,hourly mean,3
AL082025,Humberto (2025),with_era5,2025-09-30T16:00:00+00:00,joint_unet_mlp,Joint U-Net + latent MLP,44.82187016805013,False,hourly mean,3
AL082025,Humberto (2025),with_era5,2025-09-30T17:00:00+00:00,joint_unet_mlp,Joint U-Net + latent MLP,42.54840808444553,False,hourly mean,3
AL082025,Humberto (2025),with_era5,2025-09-30T18:00:00+00:00,joint_unet_mlp,Joint U-Net + latent MLP,39.775157080756294,False,hourly mean,3
AL082025,Humberto (2025),with_era5,2025-09-30T19:00:00+00:00,joint_unet_mlp,Joint U-Net + latent MLP,39.286852306789825,False,hourly mean,3
AL082025,Humberto (2025),with_era5,2025-09-30T20:00:00+00:00,joint_unet_mlp,Joint U-Net + latent MLP,39.16820420159234,False,hourly mean,3
AL082025,Humberto (2025),with_era5,2025-09-30T21:00:00+00:00,joint_unet_mlp,Joint U-Net + latent MLP,38.79397434658475,False,hourly mean,3
AL082025,Humberto (2025),with_era5,2025-09-30T22:00:00+00:00,joint_unet_mlp,Joint U-Net + latent MLP,36.55427360534668,False,hourly mean,3
AL082025,Humberto (2025),with_era5,2025-09-30T23:00:00+00:00,joint_unet_mlp,Joint U-Net + latent MLP,33.949154196845164,False,hourly mean,3
AL082025,Humberto (2025),with_era5,2025-10-01T00:00:00+00:00,joint_unet_mlp,Joint U-Net + latent MLP,32.04326404995388,False,hourly mean,3
AL082025,Humberto (2025),with_era5,2025-10-01T01:00:00+00:00,joint_unet_mlp,Joint U-Net + latent MLP,30.754726706610786,False,hourly mean,3
AL082025,Humberto (2025),with_era5,2025-10-01T02:00:00+00:00,joint_unet_mlp,Joint U-Net + latent MLP,34.558047188652885,False,hourly mean,3
AL082025,Humberto (2025),with_era5,2025-10-01T03:00:00+00:00,joint_unet_mlp,Joint U-Net + latent MLP,38.39938524034289,False,hourly mean,3
AL082025,Humberto (2025),with_era5,2025-10-01T04:00:00+00:00,joint_unet_mlp,Joint U-Net + latent MLP,42.75364960564508,False,hourly mean,3
AL082025,Humberto (2025),with_era5,2025-10-01T05:00:00+00:00,joint_unet_mlp,Joint U-Net + latent MLP,42.06594806247287,False,hourly mean,3
AL082025,Humberto (2025),with_era5,2025-10-01T06:00:00+00:00,joint_unet_mlp,Joint U-Net + latent MLP,41.15648651123047,False,hourly mean,3
AL082025,Humberto (2025),with_era5,2025-10-01T07:00:00+00:00,joint_unet_mlp,Joint U-Net + latent MLP,40.586408827039925,False,hourly mean,3
AL082025,Humberto (2025),with_era5,2025-10-01T08:00:00+00:00,joint_unet_mlp,Joint U-Net + latent MLP,39.79973136054145,False,hourly mean,3
AL082025,Humberto (2025),with_era5,2025-10-01T09:00:00+00:00,joint_unet_mlp,Joint U-Net + latent MLP,37.73907894558377,False,hourly mean,3
AL082025,Humberto (2025),with_era5,2025-10-01T10:00:00+00:00,joint_unet_mlp,Joint U-Net + latent MLP,34.985036638047966,False,hourly mean,3
AL082025,Humberto (2025),with_era5,2025-10-01T11:00:00+00:00,joint_unet_mlp,Joint U-Net + latent MLP,33.19177023569743,False,hourly mean,3
AL082025,Humberto (2025),without_era5,2025-09-24T12:00:00+00:00,ibtracs_best_track,IBTrACS best track,18.00554,False,hourly mean,3
AL082025,Humberto (2025),without_era5,2025-09-24T13:00:00+00:00,ibtracs_best_track,IBTrACS best track,18.00554,False,hourly mean,3
AL082025,Humberto (2025),without_era5,2025-09-24T14:00:00+00:00,ibtracs_best_track,IBTrACS best track,18.00554,False,hourly mean,3
AL082025,Humberto (2025),without_era5,2025-09-24T15:00:00+00:00,ibtracs_best_track,IBTrACS best track,18.00554,False,hourly mean,3
AL082025,Humberto (2025),without_era5,2025-09-24T16:00:00+00:00,ibtracs_best_track,IBTrACS best track,18.00554,False,hourly mean,3
AL082025,Humberto (2025),without_era5,2025-09-24T17:00:00+00:00,ibtracs_best_track,IBTrACS best track,18.077847962222222,False,hourly mean,3
AL082025,Humberto (2025),without_era5,2025-09-24T18:00:00+00:00,ibtracs_best_track,IBTrACS best track,18.32163725777778,False,hourly mean,3
AL082025,Humberto (2025),without_era5,2025-09-24T19:00:00+00:00,ibtracs_best_track,IBTrACS best track,18.736907886666668,False,hourly mean,3
AL082025,Humberto (2025),without_era5,2025-09-24T20:00:00+00:00,ibtracs_best_track,IBTrACS best track,19.227249232592595,False,hourly mean,3
AL082025,Humberto (2025),without_era5,2025-09-24T21:00:00+00:00,ibtracs_best_track,IBTrACS best track,19.660430134074073,False,hourly mean,3
AL082025,Humberto (2025),without_era5,2025-09-24T22:00:00+00:00,ibtracs_best_track,IBTrACS best track,20.036450591111112,False,hourly mean,3
AL082025,Humberto (2025),without_era5,2025-09-24T23:00:00+00:00,ibtracs_best_track,IBTrACS best track,20.40351591185185,False,hourly mean,3
AL082025,Humberto (2025),without_era5,2025-09-25T00:00:00+00:00,ibtracs_best_track,IBTrACS best track,20.827741677037036,False,hourly mean,3
AL082025,Humberto (2025),without_era5,2025-09-25T01:00:00+00:00,ibtracs_best_track,IBTrACS best track,21.30912788666667,False,hourly mean,3
AL082025,Humberto (2025),without_era5,2025-09-25T02:00:00+00:00,ibtracs_best_track,IBTrACS best track,21.79946923259259,False,hourly mean,3
AL082025,Humberto (2025),without_era5,2025-09-25T03:00:00+00:00,ibtracs_best_track,IBTrACS best track,22.23265542670782,False,hourly mean,3
AL082025,Humberto (2025),without_era5,2025-09-25T04:00:00+00:00,ibtracs_best_track,IBTrACS best track,22.608707639547323,False,hourly mean,3
AL082025,Humberto (2025),without_era5,2025-09-25T05:00:00+00:00,ibtracs_best_track,IBTrACS best track,22.97582059399177,False,hourly mean,3
AL082025,Humberto (2025),without_era5,2025-09-25T06:00:00+00:00,ibtracs_best_track,IBTrACS best track,23.400088700246915,False,hourly mean,3
AL082025,Humberto (2025),without_era5,2025-09-25T07:00:00+00:00,ibtracs_best_track,IBTrACS best track,23.88149078777778,False,hourly mean,3
AL082025,Humberto (2025),without_era5,2025-09-25T08:00:00+00:00,ibtracs_best_track,IBTrACS best track,24.37181625580247,False,hourly mean,3
AL082025,Humberto (2025),without_era5,2025-09-25T09:00:00+00:00,ibtracs_best_track,IBTrACS best track,24.804981279382716,False,hourly mean,3
AL082025,Humberto (2025),without_era5,2025-09-25T10:00:00+00:00,ibtracs_best_track,IBTrACS best track,25.180985858518522,False,hourly mean,3
AL082025,Humberto (2025),without_era5,2025-09-25T11:00:00+00:00,ibtracs_best_track,IBTrACS best track,25.548067057160495,False,hourly mean,3
AL082025,Humberto (2025),without_era5,2025-09-25T12:00:00+00:00,ibtracs_best_track,IBTrACS best track,25.972308700246916,False,hourly mean,3
AL082025,Humberto (2025),without_era5,2025-09-25T13:00:00+00:00,ibtracs_best_track,IBTrACS best track,26.45371078777778,False,hourly mean,3
AL082025,Humberto (2025),without_era5,2025-09-25T14:00:00+00:00,ibtracs_best_track,IBTrACS best track,26.94403625580247,False,hourly mean,3
AL082025,Humberto (2025),without_era5,2025-09-25T15:00:00+00:00,ibtracs_best_track,IBTrACS best track,27.37719598674897,False,hourly mean,3
AL082025,Humberto (2025),without_era5,2025-09-25T16:00:00+00:00,ibtracs_best_track,IBTrACS best track,27.753179395349793,False,hourly mean,3
AL082025,Humberto (2025),without_era5,2025-09-25T17:00:00+00:00,ibtracs_best_track,IBTrACS best track,28.12026059399177,False,hourly mean,3
AL082025,Humberto (2025),without_era5,2025-09-25T18:00:00+00:00,ibtracs_best_track,IBTrACS best track,28.544507529711936,False,hourly mean,3
AL082025,Humberto (2025),without_era5,2025-09-25T19:00:00+00:00,ibtracs_best_track,IBTrACS best track,29.02593078777778,False,hourly mean,3
AL082025,Humberto (2025),without_era5,2025-09-25T20:00:00+00:00,ibtracs_best_track,IBTrACS best track,29.51625625580247,False,hourly mean,3
AL082025,Humberto (2025),without_era5,2025-09-25T21:00:00+00:00,ibtracs_best_track,IBTrACS best track,29.949421279382715,False,hourly mean,3
AL082025,Humberto (2025),without_era5,2025-09-25T22:00:00+00:00,ibtracs_best_track,IBTrACS best track,30.325425858518518,False,hourly mean,3
AL082025,Humberto (2025),without_era5,2025-09-25T23:00:00+00:00,ibtracs_best_track,IBTrACS best track,30.74074412111111,False,hourly mean,3
AL082025,Humberto (2025),without_era5,2025-09-26T00:00:00+00:00,ibtracs_best_track,IBTrACS best track,31.327543717037035,False,hourly mean,3
AL082025,Humberto (2025),without_era5,2025-09-26T01:00:00+00:00,ibtracs_best_track,IBTrACS best track,32.085824646296295,False,hourly mean,3
AL082025,Humberto (2025),without_era5,2025-09-26T02:00:00+00:00,ibtracs_best_track,IBTrACS best track,32.94323131296297,False,hourly mean,3
AL082025,Humberto (2025),without_era5,2025-09-26T03:00:00+00:00,ibtracs_best_track,IBTrACS best track,33.800637979629634,False,hourly mean,3
AL082025,Humberto (2025),without_era5,2025-09-26T04:00:00+00:00,ibtracs_best_track,IBTrACS best track,34.6580446462963,False,hourly mean,3
AL082025,Humberto (2025),without_era5,2025-09-26T05:00:00+00:00,ibtracs_best_track,IBTrACS best track,35.515451312962966,False,hourly mean,3
AL082025,Humberto (2025),without_era5,2025-09-26T06:00:00+00:00,ibtracs_best_track,IBTrACS best track,36.372857979629636,False,hourly mean,3
AL082025,Humberto (2025),without_era5,2025-09-26T07:00:00+00:00,ibtracs_best_track,IBTrACS best track,37.2302646462963,False,hourly mean,3
AL082025,Humberto (2025),without_era5,2025-09-26T08:00:00+00:00,ibtracs_best_track,IBTrACS best track,38.08767131296296,False,hourly mean,3
AL082025,Humberto (2025),without_era5,2025-09-26T09:00:00+00:00,ibtracs_best_track,IBTrACS best track,38.94507797962962,False,hourly mean,3
AL082025,Humberto (2025),without_era5,2025-09-26T10:00:00+00:00,ibtracs_best_track,IBTrACS best track,39.8024846462963,False,hourly mean,3
AL082025,Humberto (2025),without_era5,2025-09-26T11:00:00+00:00,ibtracs_best_track,IBTrACS best track,40.73224690888889,False,hourly mean,3
AL082025,Humberto (2025),without_era5,2025-09-26T12:00:00+00:00,ibtracs_best_track,IBTrACS best track,41.83349050481481,True,hourly mean,3
AL082025,Humberto (2025),without_era5,2025-09-26T13:00:00+00:00,ibtracs_best_track,IBTrACS best track,43.10621543407407,True,hourly mean,3
AL082025,Humberto (2025),without_era5,2025-09-26T14:00:00+00:00,ibtracs_best_track,IBTrACS best track,44.453947568765436,True,hourly mean,3
AL082025,Humberto (2025),without_era5,2025-09-26T15:00:00+00:00,ibtracs_best_track,IBTrACS best track,45.74451925901235,True,hourly mean,3
AL082025,Humberto (2025),without_era5,2025-09-26T16:00:00+00:00,ibtracs_best_track,IBTrACS best track,46.97793050481482,True,hourly mean,3
AL082025,Humberto (2025),without_era5,2025-09-26T17:00:00+00:00,ibtracs_best_track,IBTrACS best track,48.250655434074076,True,hourly mean,3
AL082025,Humberto (2025),without_era5,2025-09-26T18:00:00+00:00,ibtracs_best_track,IBTrACS best track,49.69486169666666,True,hourly mean,3
AL082025,Humberto (2025),without_era5,2025-09-26T19:00:00+00:00,ibtracs_best_track,IBTrACS best track,51.31054929259259,True,hourly mean,3
AL082025,Humberto (2025),without_era5,2025-09-26T20:00:00+00:00,ibtracs_best_track,IBTrACS best track,53.02536262592593,True,hourly mean,3
AL082025,Humberto (2025),without_era5,2025-09-26T21:00:00+00:00,ibtracs_best_track,IBTrACS best track,54.74017595925926,True,hourly mean,3
AL082025,Humberto (2025),without_era5,2025-09-26T22:00:00+00:00,ibtracs_best_track,IBTrACS best track,56.454989292592586,True,hourly mean,3
AL082025,Humberto (2025),without_era5,2025-09-26T23:00:00+00:00,ibtracs_best_track,IBTrACS best track,58.049209966049375,True,hourly mean,3
AL082025,Humberto (2025),without_era5,2025-09-27T00:00:00+00:00,ibtracs_best_track,IBTrACS best track,59.357628417283955,True,hourly mean,3
AL082025,Humberto (2025),without_era5,2025-09-27T01:00:00+00:00,ibtracs_best_track,IBTrACS best track,60.3802446462963,True,hourly mean,3
AL082025,Humberto (2025),without_era5,2025-09-27T02:00:00+00:00,ibtracs_best_track,IBTrACS best track,61.237651312962974,True,hourly mean,3
AL082025,Humberto (2025),without_era5,2025-09-27T03:00:00+00:00,ibtracs_best_track,IBTrACS best track,62.09505797962964,True,hourly mean,3
AL082025,Humberto (2025),without_era5,2025-09-27T04:00:00+00:00,ibtracs_best_track,IBTrACS best track,62.9524646462963,True,hourly mean,3
AL082025,Humberto (2025),without_era5,2025-09-27T05:00:00+00:00,ibtracs_best_track,IBTrACS best track,63.76163424901235,True,hourly mean,3
AL082025,Humberto (2025),without_era5,2025-09-27T06:00:00+00:00,ibtracs_best_track,IBTrACS best track,64.45648296283952,True,hourly mean,3
AL082025,Humberto (2025),without_era5,2025-09-27T07:00:00+00:00,ibtracs_best_track,IBTrACS best track,65.03701078777779,True,hourly mean,3
AL082025,Humberto (2025),without_era5,2025-09-27T08:00:00+00:00,ibtracs_best_track,IBTrACS best track,65.52733625580248,True,hourly mean,3
AL082025,Humberto (2025),without_era5,2025-09-27T09:00:00+00:00,ibtracs_best_track,IBTrACS best track,65.96050127938274,True,hourly mean,3
AL082025,Humberto (2025),without_era5,2025-09-27T10:00:00+00:00,ibtracs_best_track,IBTrACS best track,66.33650585851852,True,hourly mean,3
AL082025,Humberto (2025),without_era5,2025-09-27T11:00:00+00:00,ibtracs_best_track,IBTrACS best track,66.75182412111111,True,hourly mean,3
AL082025,Humberto (2025),without_era5,2025-09-27T12:00:00+00:00,ibtracs_best_track,IBTrACS best track,67.33862371703704,True,hourly mean,3
AL082025,Humberto (2025),without_era5,2025-09-27T13:00:00+00:00,ibtracs_best_track,IBTrACS best track,68.0969046462963,True,hourly mean,3
AL082025,Humberto (2025),without_era5,2025-09-27T14:00:00+00:00,ibtracs_best_track,IBTrACS best track,68.95431131296296,True,hourly mean,3
AL082025,Humberto (2025),without_era5,2025-09-27T15:00:00+00:00,ibtracs_best_track,IBTrACS best track,69.81171797962963,True,hourly mean,3
AL082025,Humberto (2025),without_era5,2025-09-27T16:00:00+00:00,ibtracs_best_track,IBTrACS best track,70.66912464629631,True,hourly mean,3
AL082025,Humberto (2025),without_era5,2025-09-27T17:00:00+00:00,ibtracs_best_track,IBTrACS best track,71.40593865308642,True,hourly mean,3
AL082025,Humberto (2025),without_era5,2025-09-27T18:00:00+00:00,ibtracs_best_track,IBTrACS best track,71.85695043765433,True,hourly mean,3
AL082025,Humberto (2025),without_era5,2025-09-27T19:00:00+00:00,ibtracs_best_track,IBTrACS best track,72.02216,True,hourly mean,3
AL082025,Humberto (2025),without_era5,2025-09-27T20:00:00+00:00,ibtracs_best_track,IBTrACS best track,72.02216,True,hourly mean,3
AL082025,Humberto (2025),without_era5,2025-09-27T21:00:00+00:00,ibtracs_best_track,IBTrACS best track,72.02216,True,hourly mean,3
AL082025,Humberto (2025),without_era5,2025-09-27T22:00:00+00:00,ibtracs_best_track,IBTrACS best track,72.02216,True,hourly mean,3
AL082025,Humberto (2025),without_era5,2025-09-27T23:00:00+00:00,ibtracs_best_track,IBTrACS best track,71.97392293604939,False,hourly mean,3
AL082025,Humberto (2025),without_era5,2025-09-28T00:00:00+00:00,ibtracs_best_track,IBTrACS best track,71.81136498320988,False,hourly mean,3
AL082025,Humberto (2025),without_era5,2025-09-28T01:00:00+00:00,ibtracs_best_track,IBTrACS best track,71.53448614148148,False,hourly mean,3
AL082025,Humberto (2025),without_era5,2025-09-28T02:00:00+00:00,ibtracs_best_track,IBTrACS best track,71.16740494283953,False,hourly mean,3
AL082025,Humberto (2025),without_era5,2025-09-28T03:00:00+00:00,ibtracs_best_track,IBTrACS best track,70.74316329975309,False,hourly mean,3
AL082025,Humberto (2025),without_era5,2025-09-28T04:00:00+00:00,ibtracs_best_track,IBTrACS best track,70.26176121222223,False,hourly mean,3
AL082025,Humberto (2025),without_era5,2025-09-28T05:00:00+00:00,ibtracs_best_track,IBTrACS best track,69.69908014827162,False,hourly mean,3
AL082025,Humberto (2025),without_era5,2025-09-28T06:00:00+00:00,ibtracs_best_track,IBTrACS best track,69.02207819543212,False,hourly mean,3
AL082025,Humberto (2025),without_era5,2025-09-28T07:00:00+00:00,ibtracs_best_track,IBTrACS best track,68.23075535370371,False,hourly mean,3
AL082025,Humberto (2025),without_era5,2025-09-28T08:00:00+00:00,ibtracs_best_track,IBTrACS best track,67.37334868703705,False,hourly mean,3
AL082025,Humberto (2025),without_era5,2025-09-28T09:00:00+00:00,ibtracs_best_track,IBTrACS best track,66.51594202037037,False,hourly mean,3
AL082025,Humberto (2025),without_era5,2025-09-28T10:00:00+00:00,ibtracs_best_track,IBTrACS best track,65.65853535370371,False,hourly mean,3
AL082025,Humberto (2025),without_era5,2025-09-28T11:00:00+00:00,ibtracs_best_track,IBTrACS best track,64.92172134691357,False,hourly mean,3
AL082025,Humberto (2025),without_era5,2025-09-28T12:00:00+00:00,ibtracs_best_track,IBTrACS best track,64.47070956234568,False,hourly mean,3
AL082025,Humberto (2025),without_era5,2025-09-28T13:00:00+00:00,ibtracs_best_track,IBTrACS best track,64.3055,False,hourly mean,3
AL082025,Humberto (2025),without_era5,2025-09-28T14:00:00+00:00,ibtracs_best_track,IBTrACS best track,64.3055,False,hourly mean,3
AL082025,Humberto (2025),without_era5,2025-09-28T15:00:00+00:00,ibtracs_best_track,IBTrACS best track,64.3055,False,hourly mean,3
AL082025,Humberto (2025),without_era5,2025-09-28T16:00:00+00:00,ibtracs_best_track,IBTrACS best track,64.3055,False,hourly mean,3
AL082025,Humberto (2025),without_era5,2025-09-28T17:00:00+00:00,ibtracs_best_track,IBTrACS best track,64.25726293604939,False,hourly mean,3
AL082025,Humberto (2025),without_era5,2025-09-28T18:00:00+00:00,ibtracs_best_track,IBTrACS best track,64.09470498320988,False,hourly mean,3
AL082025,Humberto (2025),without_era5,2025-09-28T19:00:00+00:00,ibtracs_best_track,IBTrACS best track,63.8178261414815,False,hourly mean,3
AL082025,Humberto (2025),without_era5,2025-09-28T20:00:00+00:00,ibtracs_best_track,IBTrACS best track,63.45074494283951,False,hourly mean,3
AL082025,Humberto (2025),without_era5,2025-09-28T21:00:00+00:00,ibtracs_best_track,IBTrACS best track,63.026503299753095,False,hourly mean,3
AL082025,Humberto (2025),without_era5,2025-09-28T22:00:00+00:00,ibtracs_best_track,IBTrACS best track,62.54510121222223,False,hourly mean,3
AL082025,Humberto (2025),without_era5,2025-09-28T23:00:00+00:00,ibtracs_best_track,IBTrACS best track,62.10301280814815,False,hourly mean,3
AL082025,Humberto (2025),without_era5,2025-09-29T00:00:00+00:00,ibtracs_best_track,IBTrACS best track,61.83240573740741,False,hourly mean,3
AL082025,Humberto (2025),without_era5,2025-09-29T01:00:00+00:00,ibtracs_best_track,IBTrACS best track,61.73328,False,hourly mean,3
AL082025,Humberto (2025),without_era5,2025-09-29T02:00:00+00:00,ibtracs_best_track,IBTrACS best track,61.73328,False,hourly mean,3
AL082025,Humberto (2025),without_era5,2025-09-29T03:00:00+00:00,ibtracs_best_track,IBTrACS best track,61.73328,False,hourly mean,3
AL082025,Humberto (2025),without_era5,2025-09-29T04:00:00+00:00,ibtracs_best_track,IBTrACS best track,61.73328,False,hourly mean,3
AL082025,Humberto (2025),without_era5,2025-09-29T05:00:00+00:00,ibtracs_best_track,IBTrACS best track,61.805635595925935,False,hourly mean,3
AL082025,Humberto (2025),without_era5,2025-09-29T06:00:00+00:00,ibtracs_best_track,IBTrACS best track,62.049472525185195,False,hourly mean,3
AL082025,Humberto (2025),without_era5,2025-09-29T07:00:00+00:00,ibtracs_best_track,IBTrACS best track,62.46479078777779,False,hourly mean,3
AL082025,Humberto (2025),without_era5,2025-09-29T08:00:00+00:00,ibtracs_best_track,IBTrACS best track,62.95511625580247,False,hourly mean,3
AL082025,Humberto (2025),without_era5,2025-09-29T09:00:00+00:00,ibtracs_best_track,IBTrACS best track,63.38828127938272,False,hourly mean,3
AL082025,Humberto (2025),without_era5,2025-09-29T10:00:00+00:00,ibtracs_best_track,IBTrACS best track,63.76428585851852,False,hourly mean,3
AL082025,Humberto (2025),without_era5,2025-09-29T11:00:00+00:00,ibtracs_best_track,IBTrACS best track,63.93841880135802,False,hourly mean,3
AL082025,Humberto (2025),without_era5,2025-09-29T12:00:00+00:00,ibtracs_best_track,IBTrACS best track,63.712428633086425,False,hourly mean,3
AL082025,Humberto (2025),without_era5,2025-09-29T13:00:00+00:00,ibtracs_best_track,IBTrACS best track,63.086315353703704,False,hourly mean,3
AL082025,Humberto (2025),without_era5,2025-09-29T14:00:00+00:00,ibtracs_best_track,IBTrACS best track,62.22890868703704,False,hourly mean,3
AL082025,Humberto (2025),without_era5,2025-09-29T15:00:00+00:00,ibtracs_best_track,IBTrACS best track,61.37150202037037,False,hourly mean,3
AL082025,Humberto (2025),without_era5,2025-09-29T16:00:00+00:00,ibtracs_best_track,IBTrACS best track,60.51409535370371,False,hourly mean,3
AL082025,Humberto (2025),without_era5,2025-09-29T17:00:00+00:00,ibtracs_best_track,IBTrACS best track,59.60845162308643,False,hourly mean,3
AL082025,Humberto (2025),without_era5,2025-09-29T18:00:00+00:00,ibtracs_best_track,IBTrACS best track,58.58848700358025,False,hourly mean,3
AL082025,Humberto (2025),without_era5,2025-09-29T19:00:00+00:00,ibtracs_best_track,IBTrACS best track,57.45420149518518,False,hourly mean,3
AL082025,Humberto (2025),without_era5,2025-09-29T20:00:00+00:00,ibtracs_best_track,IBTrACS best track,56.229713629876535,False,hourly mean,3
AL082025,Humberto (2025),without_era5,2025-09-29T21:00:00+00:00,ibtracs_best_track,IBTrACS best track,54.948065320123455,False,hourly mean,3
AL082025,Humberto (2025),without_era5,2025-09-29T22:00:00+00:00,ibtracs_best_track,IBTrACS best track,53.60925656592593,False,hourly mean,3
AL082025,Humberto (2025),without_era5,2025-09-29T23:00:00+00:00,ibtracs_best_track,IBTrACS best track,52.30976149518519,False,hourly mean,3
AL082025,Humberto (2025),without_era5,2025-09-30T00:00:00+00:00,ibtracs_best_track,IBTrACS best track,51.18174775777778,False,hourly mean,3
AL082025,Humberto (2025),without_era5,2025-09-30T01:00:00+00:00,ibtracs_best_track,IBTrACS best track,50.2252153537037,False,hourly mean,3
AL082025,Humberto (2025),without_era5,2025-09-30T02:00:00+00:00,ibtracs_best_track,IBTrACS best track,49.36780868703704,False,hourly mean,3
AL082025,Humberto (2025),without_era5,2025-09-30T03:00:00+00:00,ibtracs_best_track,IBTrACS best track,48.51040202037037,False,hourly mean,3
AL082025,Humberto (2025),without_era5,2025-09-30T04:00:00+00:00,ibtracs_best_track,IBTrACS best track,47.65299535370371,False,hourly mean,3
AL082025,Humberto (2025),without_era5,2025-09-30T05:00:00+00:00,ibtracs_best_track,IBTrACS best track,46.67499602716049,False,hourly mean,3
AL082025,Humberto (2025),without_era5,2025-09-30T06:00:00+00:00,ibtracs_best_track,IBTrACS best track,45.41119447839506,False,hourly mean,3
AL082025,Humberto (2025),without_era5,2025-09-30T07:00:00+00:00,ibtracs_best_track,IBTrACS best track,43.86159070740741,False,hourly mean,3
AL082025,Humberto (2025),without_era5,2025-09-30T08:00:00+00:00,ibtracs_best_track,IBTrACS best track,42.14677737407408,False,hourly mean,3
AL082025,Humberto (2025),without_era5,2025-09-30T09:00:00+00:00,ibtracs_best_track,IBTrACS best track,40.47959774444445,False,hourly mean,3
AL082025,Humberto (2025),without_era5,2025-09-30T10:00:00+00:00,ibtracs_best_track,IBTrACS best track,38.76430807407408,False,hourly mean,3
AL082025,Humberto (2025),without_era5,2025-09-30T11:00:00+00:00,ibtracs_best_track,IBTrACS best track,37.29068006049383,False,hourly mean,3
AL082025,Humberto (2025),without_era5,2025-09-30T12:00:00+00:00,ibtracs_best_track,IBTrACS best track,36.341022787654325,False,hourly mean,3
AL082025,Humberto (2025),without_era5,2025-09-30T13:00:00+00:00,ibtracs_best_track,IBTrACS best track,36.01108,False,hourly mean,3
AL082025,Humberto (2025),without_era5,2025-09-30T14:00:00+00:00,ibtracs_best_track,IBTrACS best track,36.01108,False,hourly mean,3
AL082025,Humberto (2025),without_era5,2025-09-30T15:00:00+00:00,ibtracs_best_track,IBTrACS best track,36.01108,False,hourly mean,3
AL082025,Humberto (2025),without_era5,2025-09-30T16:00:00+00:00,ibtracs_best_track,IBTrACS best track,36.01108,False,hourly mean,3
AL082025,Humberto (2025),without_era5,2025-09-30T17:00:00+00:00,ibtracs_best_track,IBTrACS best track,36.01108,False,hourly mean,3
AL082025,Humberto (2025),without_era5,2025-09-30T18:00:00+00:00,ibtracs_best_track,IBTrACS best track,36.01108,False,hourly mean,3
AL082025,Humberto (2025),without_era5,2025-09-30T19:00:00+00:00,ibtracs_best_track,IBTrACS best track,36.01108,False,hourly mean,3
AL082025,Humberto (2025),without_era5,2025-09-30T20:00:00+00:00,ibtracs_best_track,IBTrACS best track,36.01108,False,hourly mean,3
AL082025,Humberto (2025),without_era5,2025-09-30T21:00:00+00:00,ibtracs_best_track,IBTrACS best track,36.01108,False,hourly mean,3
AL082025,Humberto (2025),without_era5,2025-09-30T22:00:00+00:00,ibtracs_best_track,IBTrACS best track,36.01108,False,hourly mean,3
AL082025,Humberto (2025),without_era5,2025-09-30T23:00:00+00:00,ibtracs_best_track,IBTrACS best track,36.01108,False,hourly mean,3
AL082025,Humberto (2025),without_era5,2025-10-01T00:00:00+00:00,ibtracs_best_track,IBTrACS best track,36.01108,False,hourly mean,3
AL082025,Humberto (2025),without_era5,2025-10-01T01:00:00+00:00,ibtracs_best_track,IBTrACS best track,36.01108,False,hourly mean,3
AL082025,Humberto (2025),without_era5,2025-10-01T02:00:00+00:00,ibtracs_best_track,IBTrACS best track,36.01108,False,hourly mean,3
AL082025,Humberto (2025),without_era5,2025-10-01T03:00:00+00:00,ibtracs_best_track,IBTrACS best track,36.01108,False,hourly mean,3
AL082025,Humberto (2025),without_era5,2025-10-01T04:00:00+00:00,ibtracs_best_track,IBTrACS best track,36.01108,False,hourly mean,3
AL082025,Humberto (2025),without_era5,2025-10-01T05:00:00+00:00,ibtracs_best_track,IBTrACS best track,35.962811180246916,False,hourly mean,3
AL082025,Humberto (2025),without_era5,2025-10-01T06:00:00+00:00,ibtracs_best_track,IBTrACS best track,35.80022147160494,False,hourly mean,3
AL082025,Humberto (2025),without_era5,2025-10-01T07:00:00+00:00,ibtracs_best_track,IBTrACS best track,35.52331087407408,False,hourly mean,3
AL082025,Humberto (2025),without_era5,2025-10-01T08:00:00+00:00,ibtracs_best_track,IBTrACS best track,35.156213797530874,False,hourly mean,3
AL082025,Humberto (2025),without_era5,2025-10-01T09:00:00+00:00,ibtracs_best_track,IBTrACS best track,34.73195627654321,False,hourly mean,3
AL082025,Humberto (2025),without_era5,2025-10-01T10:00:00+00:00,ibtracs_best_track,IBTrACS best track,34.250538311111114,False,hourly mean,3
AL082025,Humberto (2025),without_era5,2025-10-01T11:00:00+00:00,ibtracs_best_track,IBTrACS best track,33.993316311111116,False,hourly mean,3
AL082025,Humberto (2025),without_era5,2025-09-24T12:00:00+00:00,era5_max_wind,ERA5 10 m maximum,14.354845348653454,False,hourly mean,3
AL082025,Humberto (2025),without_era5,2025-09-24T13:00:00+00:00,era5_max_wind,ERA5 10 m maximum,14.354845348653454,False,hourly mean,3
AL082025,Humberto (2025),without_era5,2025-09-24T14:00:00+00:00,era5_max_wind,ERA5 10 m maximum,14.02089676078758,False,hourly mean,3
AL082025,Humberto (2025),without_era5,2025-09-24T15:00:00+00:00,era5_max_wind,ERA5 10 m maximum,13.686948172921708,False,hourly mean,3
AL082025,Humberto (2025),without_era5,2025-09-24T16:00:00+00:00,era5_max_wind,ERA5 10 m maximum,13.352999585055835,False,hourly mean,3
AL082025,Humberto (2025),without_era5,2025-09-24T17:00:00+00:00,era5_max_wind,ERA5 10 m maximum,13.352999585055835,False,hourly mean,3
AL082025,Humberto (2025),without_era5,2025-09-24T18:00:00+00:00,era5_max_wind,ERA5 10 m maximum,13.352999585055835,False,hourly mean,3
AL082025,Humberto (2025),without_era5,2025-09-24T19:00:00+00:00,era5_max_wind,ERA5 10 m maximum,13.352999585055835,False,hourly mean,3
AL082025,Humberto (2025),without_era5,2025-09-24T20:00:00+00:00,era5_max_wind,ERA5 10 m maximum,13.565153895082608,False,hourly mean,3
AL082025,Humberto (2025),without_era5,2025-09-24T21:00:00+00:00,era5_max_wind,ERA5 10 m maximum,13.77730820510938,False,hourly mean,3
AL082025,Humberto (2025),without_era5,2025-09-24T22:00:00+00:00,era5_max_wind,ERA5 10 m maximum,13.989462515136152,False,hourly mean,3
AL082025,Humberto (2025),without_era5,2025-09-24T23:00:00+00:00,era5_max_wind,ERA5 10 m maximum,13.989462515136152,False,hourly mean,3
AL082025,Humberto (2025),without_era5,2025-09-25T00:00:00+00:00,era5_max_wind,ERA5 10 m maximum,13.989462515136152,False,hourly mean,3
AL082025,Humberto (2025),without_era5,2025-09-25T01:00:00+00:00,era5_max_wind,ERA5 10 m maximum,13.989462515136152,False,hourly mean,3
AL082025,Humberto (2025),without_era5,2025-09-25T02:00:00+00:00,era5_max_wind,ERA5 10 m maximum,14.607431577141284,False,hourly mean,3
AL082025,Humberto (2025),without_era5,2025-09-25T03:00:00+00:00,era5_max_wind,ERA5 10 m maximum,15.22540063914642,False,hourly mean,3
AL082025,Humberto (2025),without_era5,2025-09-25T04:00:00+00:00,era5_max_wind,ERA5 10 m maximum,15.843369701151554,False,hourly mean,3
AL082025,Humberto (2025),without_era5,2025-09-25T05:00:00+00:00,era5_max_wind,ERA5 10 m maximum,15.843369701151554,False,hourly mean,3
AL082025,Humberto (2025),without_era5,2025-09-25T06:00:00+00:00,era5_max_wind,ERA5 10 m maximum,15.843369701151554,False,hourly mean,3
AL082025,Humberto (2025),without_era5,2025-09-25T07:00:00+00:00,era5_max_wind,ERA5 10 m maximum,15.843369701151554,False,hourly mean,3
AL082025,Humberto (2025),without_era5,2025-09-25T08:00:00+00:00,era5_max_wind,ERA5 10 m maximum,16.12603412088832,False,hourly mean,3
AL082025,Humberto (2025),without_era5,2025-09-25T09:00:00+00:00,era5_max_wind,ERA5 10 m maximum,16.408698540625085,False,hourly mean,3
AL082025,Humberto (2025),without_era5,2025-09-25T10:00:00+00:00,era5_max_wind,ERA5 10 m maximum,16.691362960361854,False,hourly mean,3
AL082025,Humberto (2025),without_era5,2025-09-25T11:00:00+00:00,era5_max_wind,ERA5 10 m maximum,16.691362960361854,False,hourly mean,3
AL082025,Humberto (2025),without_era5,2025-09-25T12:00:00+00:00,era5_max_wind,ERA5 10 m maximum,16.691362960361854,False,hourly mean,3
AL082025,Humberto (2025),without_era5,2025-09-25T13:00:00+00:00,era5_max_wind,ERA5 10 m maximum,16.691362960361854,False,hourly mean,3
AL082025,Humberto (2025),without_era5,2025-09-25T14:00:00+00:00,era5_max_wind,ERA5 10 m maximum,16.348536775769507,False,hourly mean,3
AL082025,Humberto (2025),without_era5,2025-09-25T15:00:00+00:00,era5_max_wind,ERA5 10 m maximum,16.00571059117716,False,hourly mean,3
AL082025,Humberto (2025),without_era5,2025-09-25T16:00:00+00:00,era5_max_wind,ERA5 10 m maximum,15.662884406584814,False,hourly mean,3
AL082025,Humberto (2025),without_era5,2025-09-25T17:00:00+00:00,era5_max_wind,ERA5 10 m maximum,15.662884406584814,False,hourly mean,3
AL082025,Humberto (2025),without_era5,2025-09-25T18:00:00+00:00,era5_max_wind,ERA5 10 m maximum,15.662884406584814,False,hourly mean,3
AL082025,Humberto (2025),without_era5,2025-09-25T19:00:00+00:00,era5_max_wind,ERA5 10 m maximum,15.662884406584814,False,hourly mean,3
AL082025,Humberto (2025),without_era5,2025-09-25T20:00:00+00:00,era5_max_wind,ERA5 10 m maximum,16.214205367792903,False,hourly mean,3
AL082025,Humberto (2025),without_era5,2025-09-25T21:00:00+00:00,era5_max_wind,ERA5 10 m maximum,16.76552632900099,False,hourly mean,3
AL082025,Humberto (2025),without_era5,2025-09-25T22:00:00+00:00,era5_max_wind,ERA5 10 m maximum,17.31684729020908,False,hourly mean,3
AL082025,Humberto (2025),without_era5,2025-09-25T23:00:00+00:00,era5_max_wind,ERA5 10 m maximum,17.31684729020908,False,hourly mean,3
AL082025,Humberto (2025),without_era5,2025-09-26T00:00:00+00:00,era5_max_wind,ERA5 10 m maximum,17.31684729020908,False,hourly mean,3
AL082025,Humberto (2025),without_era5,2025-09-26T01:00:00+00:00,era5_max_wind,ERA5 10 m maximum,17.31684729020908,False,hourly mean,3
AL082025,Humberto (2025),without_era5,2025-09-26T02:00:00+00:00,era5_max_wind,ERA5 10 m maximum,18.199565511166266,False,hourly mean,3
AL082025,Humberto (2025),without_era5,2025-09-26T03:00:00+00:00,era5_max_wind,ERA5 10 m maximum,19.082283732123454,False,hourly mean,3
AL082025,Humberto (2025),without_era5,2025-09-26T04:00:00+00:00,era5_max_wind,ERA5 10 m maximum,19.965001953080638,False,hourly mean,3
AL082025,Humberto (2025),without_era5,2025-09-26T05:00:00+00:00,era5_max_wind,ERA5 10 m maximum,19.965001953080638,False,hourly mean,3
AL082025,Humberto (2025),without_era5,2025-09-26T06:00:00+00:00,era5_max_wind,ERA5 10 m maximum,19.965001953080638,False,hourly mean,3
AL082025,Humberto (2025),without_era5,2025-09-26T07:00:00+00:00,era5_max_wind,ERA5 10 m maximum,19.965001953080638,False,hourly mean,3
AL082025,Humberto (2025),without_era5,2025-09-26T08:00:00+00:00,era5_max_wind,ERA5 10 m maximum,19.62748686779882,False,hourly mean,3
AL082025,Humberto (2025),without_era5,2025-09-26T09:00:00+00:00,era5_max_wind,ERA5 10 m maximum,19.289971782517,False,hourly mean,3
AL082025,Humberto (2025),without_era5,2025-09-26T10:00:00+00:00,era5_max_wind,ERA5 10 m maximum,18.95245669723518,False,hourly mean,3
AL082025,Humberto (2025),without_era5,2025-09-26T11:00:00+00:00,era5_max_wind,ERA5 10 m maximum,18.95245669723518,False,hourly mean,3
AL082025,Humberto (2025),without_era5,2025-09-26T12:00:00+00:00,era5_max_wind,ERA5 10 m maximum,18.95245669723518,True,hourly mean,3
AL082025,Humberto (2025),without_era5,2025-09-26T13:00:00+00:00,era5_max_wind,ERA5 10 m maximum,18.95245669723518,True,hourly mean,3
AL082025,Humberto (2025),without_era5,2025-09-26T14:00:00+00:00,era5_max_wind,ERA5 10 m maximum,19.542986673008546,True,hourly mean,3
AL082025,Humberto (2025),without_era5,2025-09-26T15:00:00+00:00,era5_max_wind,ERA5 10 m maximum,20.133516648781907,True,hourly mean,3
AL082025,Humberto (2025),without_era5,2025-09-26T16:00:00+00:00,era5_max_wind,ERA5 10 m maximum,20.72404662455527,True,hourly mean,3
AL082025,Humberto (2025),without_era5,2025-09-26T17:00:00+00:00,era5_max_wind,ERA5 10 m maximum,20.72404662455527,True,hourly mean,3
AL082025,Humberto (2025),without_era5,2025-09-26T18:00:00+00:00,era5_max_wind,ERA5 10 m maximum,20.72404662455527,True,hourly mean,3
AL082025,Humberto (2025),without_era5,2025-09-26T19:00:00+00:00,era5_max_wind,ERA5 10 m maximum,20.72404662455527,True,hourly mean,3
AL082025,Humberto (2025),without_era5,2025-09-26T20:00:00+00:00,era5_max_wind,ERA5 10 m maximum,20.64426543206846,True,hourly mean,3
AL082025,Humberto (2025),without_era5,2025-09-26T21:00:00+00:00,era5_max_wind,ERA5 10 m maximum,20.56448423958165,True,hourly mean,3
AL082025,Humberto (2025),without_era5,2025-09-26T22:00:00+00:00,era5_max_wind,ERA5 10 m maximum,20.484703047094836,True,hourly mean,3
AL082025,Humberto (2025),without_era5,2025-09-26T23:00:00+00:00,era5_max_wind,ERA5 10 m maximum,20.484703047094836,True,hourly mean,3
AL082025,Humberto (2025),without_era5,2025-09-27T00:00:00+00:00,era5_max_wind,ERA5 10 m maximum,20.484703047094836,True,hourly mean,3
AL082025,Humberto (2025),without_era5,2025-09-27T01:00:00+00:00,era5_max_wind,ERA5 10 m maximum,20.484703047094836,True,hourly mean,3
AL082025,Humberto (2025),without_era5,2025-09-27T02:00:00+00:00,era5_max_wind,ERA5 10 m maximum,20.383677378612127,True,hourly mean,3
AL082025,Humberto (2025),without_era5,2025-09-27T03:00:00+00:00,era5_max_wind,ERA5 10 m maximum,20.282651710129418,True,hourly mean,3
AL082025,Humberto (2025),without_era5,2025-09-27T04:00:00+00:00,era5_max_wind,ERA5 10 m maximum,20.181626041646712,True,hourly mean,3
AL082025,Humberto (2025),without_era5,2025-09-27T05:00:00+00:00,era5_max_wind,ERA5 10 m maximum,20.181626041646712,True,hourly mean,3
AL082025,Humberto (2025),without_era5,2025-09-27T06:00:00+00:00,era5_max_wind,ERA5 10 m maximum,20.181626041646712,True,hourly mean,3
AL082025,Humberto (2025),without_era5,2025-09-27T07:00:00+00:00,era5_max_wind,ERA5 10 m maximum,20.181626041646712,True,hourly mean,3
AL082025,Humberto (2025),without_era5,2025-09-27T08:00:00+00:00,era5_max_wind,ERA5 10 m maximum,21.01689002336863,True,hourly mean,3
AL082025,Humberto (2025),without_era5,2025-09-27T09:00:00+00:00,era5_max_wind,ERA5 10 m maximum,21.85215400509055,True,hourly mean,3
AL082025,Humberto (2025),without_era5,2025-09-27T10:00:00+00:00,era5_max_wind,ERA5 10 m maximum,22.687417986812466,True,hourly mean,3
AL082025,Humberto (2025),without_era5,2025-09-27T11:00:00+00:00,era5_max_wind,ERA5 10 m maximum,22.687417986812466,True,hourly mean,3
AL082025,Humberto (2025),without_era5,2025-09-27T12:00:00+00:00,era5_max_wind,ERA5 10 m maximum,22.687417986812466,True,hourly mean,3
AL082025,Humberto (2025),without_era5,2025-09-27T13:00:00+00:00,era5_max_wind,ERA5 10 m maximum,22.687417986812466,True,hourly mean,3
AL082025,Humberto (2025),without_era5,2025-09-27T14:00:00+00:00,era5_max_wind,ERA5 10 m maximum,23.189759736290046,True,hourly mean,3
AL082025,Humberto (2025),without_era5,2025-09-27T15:00:00+00:00,era5_max_wind,ERA5 10 m maximum,23.692101485767623,True,hourly mean,3
AL082025,Humberto (2025),without_era5,2025-09-27T16:00:00+00:00,era5_max_wind,ERA5 10 m maximum,24.194443235245203,True,hourly mean,3
AL082025,Humberto (2025),without_era5,2025-09-27T17:00:00+00:00,era5_max_wind,ERA5 10 m maximum,24.194443235245203,True,hourly mean,3
AL082025,Humberto (2025),without_era5,2025-09-27T18:00:00+00:00,era5_max_wind,ERA5 10 m maximum,24.194443235245203,True,hourly mean,3
AL082025,Humberto (2025),without_era5,2025-09-27T19:00:00+00:00,era5_max_wind,ERA5 10 m maximum,24.194443235245203,True,hourly mean,3
AL082025,Humberto (2025),without_era5,2025-09-27T20:00:00+00:00,era5_max_wind,ERA5 10 m maximum,24.46555910977267,True,hourly mean,3
AL082025,Humberto (2025),without_era5,2025-09-27T21:00:00+00:00,era5_max_wind,ERA5 10 m maximum,24.73667498430014,True,hourly mean,3
AL082025,Humberto (2025),without_era5,2025-09-27T22:00:00+00:00,era5_max_wind,ERA5 10 m maximum,25.007790858827608,True,hourly mean,3
AL082025,Humberto (2025),without_era5,2025-09-27T23:00:00+00:00,era5_max_wind,ERA5 10 m maximum,25.007790858827608,False,hourly mean,3
AL082025,Humberto (2025),without_era5,2025-09-28T00:00:00+00:00,era5_max_wind,ERA5 10 m maximum,25.007790858827608,False,hourly mean,3
AL082025,Humberto (2025),without_era5,2025-09-28T01:00:00+00:00,era5_max_wind,ERA5 10 m maximum,25.007790858827608,False,hourly mean,3
AL082025,Humberto (2025),without_era5,2025-09-28T02:00:00+00:00,era5_max_wind,ERA5 10 m maximum,25.23964022980013,False,hourly mean,3
AL082025,Humberto (2025),without_era5,2025-09-28T03:00:00+00:00,era5_max_wind,ERA5 10 m maximum,25.471489600772646,False,hourly mean,3
AL082025,Humberto (2025),without_era5,2025-09-28T04:00:00+00:00,era5_max_wind,ERA5 10 m maximum,25.703338971745165,False,hourly mean,3
AL082025,Humberto (2025),without_era5,2025-09-28T05:00:00+00:00,era5_max_wind,ERA5 10 m maximum,25.703338971745165,False,hourly mean,3
AL082025,Humberto (2025),without_era5,2025-09-28T06:00:00+00:00,era5_max_wind,ERA5 10 m maximum,25.703338971745165,False,hourly mean,3
AL082025,Humberto (2025),without_era5,2025-09-28T07:00:00+00:00,era5_max_wind,ERA5 10 m maximum,25.703338971745165,False,hourly mean,3
AL082025,Humberto (2025),without_era5,2025-09-28T08:00:00+00:00,era5_max_wind,ERA5 10 m maximum,25.85529674056201,False,hourly mean,3
AL082025,Humberto (2025),without_era5,2025-09-28T09:00:00+00:00,era5_max_wind,ERA5 10 m maximum,26.007254509378864,False,hourly mean,3
AL082025,Humberto (2025),without_era5,2025-09-28T10:00:00+00:00,era5_max_wind,ERA5 10 m maximum,26.15921227819571,False,hourly mean,3
AL082025,Humberto (2025),without_era5,2025-09-28T11:00:00+00:00,era5_max_wind,ERA5 10 m maximum,26.15921227819571,False,hourly mean,3
AL082025,Humberto (2025),without_era5,2025-09-28T12:00:00+00:00,era5_max_wind,ERA5 10 m maximum,26.15921227819571,False,hourly mean,3
AL082025,Humberto (2025),without_era5,2025-09-28T13:00:00+00:00,era5_max_wind,ERA5 10 m maximum,26.15921227819571,False,hourly mean,3
AL082025,Humberto (2025),without_era5,2025-09-28T14:00:00+00:00,era5_max_wind,ERA5 10 m maximum,26.703918735109557,False,hourly mean,3
AL082025,Humberto (2025),without_era5,2025-09-28T15:00:00+00:00,era5_max_wind,ERA5 10 m maximum,27.248625192023407,False,hourly mean,3
AL082025,Humberto (2025),without_era5,2025-09-28T16:00:00+00:00,era5_max_wind,ERA5 10 m maximum,27.793331648937254,False,hourly mean,3
AL082025,Humberto (2025),without_era5,2025-09-28T17:00:00+00:00,era5_max_wind,ERA5 10 m maximum,27.793331648937254,False,hourly mean,3
AL082025,Humberto (2025),without_era5,2025-09-28T18:00:00+00:00,era5_max_wind,ERA5 10 m maximum,27.793331648937254,False,hourly mean,3
AL082025,Humberto (2025),without_era5,2025-09-28T19:00:00+00:00,era5_max_wind,ERA5 10 m maximum,27.793331648937254,False,hourly mean,3
AL082025,Humberto (2025),without_era5,2025-09-28T20:00:00+00:00,era5_max_wind,ERA5 10 m maximum,28.337279330802676,False,hourly mean,3
AL082025,Humberto (2025),without_era5,2025-09-28T21:00:00+00:00,era5_max_wind,ERA5 10 m maximum,28.881227012668102,False,hourly mean,3
AL082025,Humberto (2025),without_era5,2025-09-28T22:00:00+00:00,era5_max_wind,ERA5 10 m maximum,29.425174694533524,False,hourly mean,3
AL082025,Humberto (2025),without_era5,2025-09-28T23:00:00+00:00,era5_max_wind,ERA5 10 m maximum,29.425174694533524,False,hourly mean,3
AL082025,Humberto (2025),without_era5,2025-09-29T00:00:00+00:00,era5_max_wind,ERA5 10 m maximum,29.425174694533524,False,hourly mean,3
AL082025,Humberto (2025),without_era5,2025-09-29T01:00:00+00:00,era5_max_wind,ERA5 10 m maximum,29.425174694533524,False,hourly mean,3
AL082025,Humberto (2025),without_era5,2025-09-29T02:00:00+00:00,era5_max_wind,ERA5 10 m maximum,30.22884368155634,False,hourly mean,3
AL082025,Humberto (2025),without_era5,2025-09-29T03:00:00+00:00,era5_max_wind,ERA5 10 m maximum,31.03251266857916,False,hourly mean,3
AL082025,Humberto (2025),without_era5,2025-09-29T04:00:00+00:00,era5_max_wind,ERA5 10 m maximum,31.83618165560198,False,hourly mean,3
AL082025,Humberto (2025),without_era5,2025-09-29T05:00:00+00:00,era5_max_wind,ERA5 10 m maximum,31.83618165560198,False,hourly mean,3
AL082025,Humberto (2025),without_era5,2025-09-29T06:00:00+00:00,era5_max_wind,ERA5 10 m maximum,31.83618165560198,False,hourly mean,3
AL082025,Humberto (2025),without_era5,2025-09-29T07:00:00+00:00,era5_max_wind,ERA5 10 m maximum,31.83618165560198,False,hourly mean,3
AL082025,Humberto (2025),without_era5,2025-09-29T08:00:00+00:00,era5_max_wind,ERA5 10 m maximum,31.250007196863766,False,hourly mean,3
AL082025,Humberto (2025),without_era5,2025-09-29T09:00:00+00:00,era5_max_wind,ERA5 10 m maximum,30.66383273812555,False,hourly mean,3
AL082025,Humberto (2025),without_era5,2025-09-29T10:00:00+00:00,era5_max_wind,ERA5 10 m maximum,30.077658279387336,False,hourly mean,3
AL082025,Humberto (2025),without_era5,2025-09-29T11:00:00+00:00,era5_max_wind,ERA5 10 m maximum,30.077658279387336,False,hourly mean,3
AL082025,Humberto (2025),without_era5,2025-09-29T12:00:00+00:00,era5_max_wind,ERA5 10 m maximum,30.077658279387336,False,hourly mean,3
AL082025,Humberto (2025),without_era5,2025-09-29T13:00:00+00:00,era5_max_wind,ERA5 10 m maximum,30.077658279387336,False,hourly mean,3
AL082025,Humberto (2025),without_era5,2025-09-29T14:00:00+00:00,era5_max_wind,ERA5 10 m maximum,30.4126681770899,False,hourly mean,3
AL082025,Humberto (2025),without_era5,2025-09-29T15:00:00+00:00,era5_max_wind,ERA5 10 m maximum,30.74767807479246,False,hourly mean,3
AL082025,Humberto (2025),without_era5,2025-09-29T16:00:00+00:00,era5_max_wind,ERA5 10 m maximum,31.082687972495023,False,hourly mean,3
AL082025,Humberto (2025),without_era5,2025-09-29T17:00:00+00:00,era5_max_wind,ERA5 10 m maximum,31.082687972495023,False,hourly mean,3
AL082025,Humberto (2025),without_era5,2025-09-29T18:00:00+00:00,era5_max_wind,ERA5 10 m maximum,31.082687972495023,False,hourly mean,3
AL082025,Humberto (2025),without_era5,2025-09-29T19:00:00+00:00,era5_max_wind,ERA5 10 m maximum,31.082687972495023,False,hourly mean,3
AL082025,Humberto (2025),without_era5,2025-09-29T20:00:00+00:00,era5_max_wind,ERA5 10 m maximum,30.28727665261268,False,hourly mean,3
AL082025,Humberto (2025),without_era5,2025-09-29T21:00:00+00:00,era5_max_wind,ERA5 10 m maximum,29.491865332730338,False,hourly mean,3
AL082025,Humberto (2025),without_era5,2025-09-29T22:00:00+00:00,era5_max_wind,ERA5 10 m maximum,28.696454012847994,False,hourly mean,3
AL082025,Humberto (2025),without_era5,2025-09-29T23:00:00+00:00,era5_max_wind,ERA5 10 m maximum,28.696454012847994,False,hourly mean,3
AL082025,Humberto (2025),without_era5,2025-09-30T00:00:00+00:00,era5_max_wind,ERA5 10 m maximum,28.696454012847994,False,hourly mean,3
AL082025,Humberto (2025),without_era5,2025-09-30T01:00:00+00:00,era5_max_wind,ERA5 10 m maximum,28.696454012847994,False,hourly mean,3
AL082025,Humberto (2025),without_era5,2025-09-30T02:00:00+00:00,era5_max_wind,ERA5 10 m maximum,28.00184361711403,False,hourly mean,3
AL082025,Humberto (2025),without_era5,2025-09-30T03:00:00+00:00,era5_max_wind,ERA5 10 m maximum,27.30723322138006,False,hourly mean,3
AL082025,Humberto (2025),without_era5,2025-09-30T04:00:00+00:00,era5_max_wind,ERA5 10 m maximum,26.61262282564609,False,hourly mean,3
AL082025,Humberto (2025),without_era5,2025-09-30T05:00:00+00:00,era5_max_wind,ERA5 10 m maximum,26.61262282564609,False,hourly mean,3
AL082025,Humberto (2025),without_era5,2025-09-30T06:00:00+00:00,era5_max_wind,ERA5 10 m maximum,26.61262282564609,False,hourly mean,3
AL082025,Humberto (2025),without_era5,2025-09-30T07:00:00+00:00,era5_max_wind,ERA5 10 m maximum,26.61262282564609,False,hourly mean,3
AL082025,Humberto (2025),without_era5,2025-09-30T08:00:00+00:00,era5_max_wind,ERA5 10 m maximum,26.499945937621774,False,hourly mean,3
AL082025,Humberto (2025),without_era5,2025-09-30T09:00:00+00:00,era5_max_wind,ERA5 10 m maximum,26.387269049597453,False,hourly mean,3
AL082025,Humberto (2025),without_era5,2025-09-30T10:00:00+00:00,era5_max_wind,ERA5 10 m maximum,26.27459216157314,False,hourly mean,3
AL082025,Humberto (2025),without_era5,2025-09-30T11:00:00+00:00,era5_max_wind,ERA5 10 m maximum,26.27459216157314,False,hourly mean,3
AL082025,Humberto (2025),without_era5,2025-09-30T12:00:00+00:00,era5_max_wind,ERA5 10 m maximum,26.27459216157314,False,hourly mean,3
AL082025,Humberto (2025),without_era5,2025-09-30T13:00:00+00:00,era5_max_wind,ERA5 10 m maximum,26.27459216157314,False,hourly mean,3
AL082025,Humberto (2025),without_era5,2025-09-30T14:00:00+00:00,era5_max_wind,ERA5 10 m maximum,25.349375140733514,False,hourly mean,3
AL082025,Humberto (2025),without_era5,2025-09-30T15:00:00+00:00,era5_max_wind,ERA5 10 m maximum,24.42415811989389,False,hourly mean,3
AL082025,Humberto (2025),without_era5,2025-09-30T16:00:00+00:00,era5_max_wind,ERA5 10 m maximum,23.49894109905426,False,hourly mean,3
AL082025,Humberto (2025),without_era5,2025-09-30T17:00:00+00:00,era5_max_wind,ERA5 10 m maximum,23.49894109905426,False,hourly mean,3
AL082025,Humberto (2025),without_era5,2025-09-30T18:00:00+00:00,era5_max_wind,ERA5 10 m maximum,23.49894109905426,False,hourly mean,3
AL082025,Humberto (2025),without_era5,2025-09-30T19:00:00+00:00,era5_max_wind,ERA5 10 m maximum,23.49894109905426,False,hourly mean,3
AL082025,Humberto (2025),without_era5,2025-09-30T20:00:00+00:00,era5_max_wind,ERA5 10 m maximum,23.132587363797303,False,hourly mean,3
AL082025,Humberto (2025),without_era5,2025-09-30T21:00:00+00:00,era5_max_wind,ERA5 10 m maximum,22.766233628540352,False,hourly mean,3
AL082025,Humberto (2025),without_era5,2025-09-30T22:00:00+00:00,era5_max_wind,ERA5 10 m maximum,22.3998798932834,False,hourly mean,3
AL082025,Humberto (2025),without_era5,2025-09-30T23:00:00+00:00,era5_max_wind,ERA5 10 m maximum,22.3998798932834,False,hourly mean,3
AL082025,Humberto (2025),without_era5,2025-10-01T00:00:00+00:00,era5_max_wind,ERA5 10 m maximum,22.3998798932834,False,hourly mean,3
AL082025,Humberto (2025),without_era5,2025-10-01T01:00:00+00:00,era5_max_wind,ERA5 10 m maximum,22.3998798932834,False,hourly mean,3
AL082025,Humberto (2025),without_era5,2025-10-01T02:00:00+00:00,era5_max_wind,ERA5 10 m maximum,23.72613813748991,False,hourly mean,3
AL082025,Humberto (2025),without_era5,2025-10-01T03:00:00+00:00,era5_max_wind,ERA5 10 m maximum,25.052396381696422,False,hourly mean,3
AL082025,Humberto (2025),without_era5,2025-10-01T04:00:00+00:00,era5_max_wind,ERA5 10 m maximum,26.37865462590293,False,hourly mean,3
AL082025,Humberto (2025),without_era5,2025-10-01T05:00:00+00:00,era5_max_wind,ERA5 10 m maximum,26.37865462590293,False,hourly mean,3
AL082025,Humberto (2025),without_era5,2025-10-01T06:00:00+00:00,era5_max_wind,ERA5 10 m maximum,26.37865462590293,False,hourly mean,3
AL082025,Humberto (2025),without_era5,2025-10-01T07:00:00+00:00,era5_max_wind,ERA5 10 m maximum,26.37865462590293,False,hourly mean,3
AL082025,Humberto (2025),without_era5,2025-10-01T08:00:00+00:00,era5_max_wind,ERA5 10 m maximum,25.91492733703612,False,hourly mean,3
AL082025,Humberto (2025),without_era5,2025-10-01T09:00:00+00:00,era5_max_wind,ERA5 10 m maximum,25.451200048169312,False,hourly mean,3
AL082025,Humberto (2025),without_era5,2025-10-01T10:00:00+00:00,era5_max_wind,ERA5 10 m maximum,24.987472759302502,False,hourly mean,3
AL082025,Humberto (2025),without_era5,2025-10-01T11:00:00+00:00,era5_max_wind,ERA5 10 m maximum,24.987472759302502,False,hourly mean,3
AL082025,Humberto (2025),without_era5,2025-09-24T12:00:00+00:00,unet_raw,Raw field U-Net,25.964729626973472,False,hourly mean,3
AL082025,Humberto (2025),without_era5,2025-09-24T13:00:00+00:00,unet_raw,Raw field U-Net,25.275734265645344,False,hourly mean,3
AL082025,Humberto (2025),without_era5,2025-09-24T14:00:00+00:00,unet_raw,Raw field U-Net,25.293355517917206,False,hourly mean,3
AL082025,Humberto (2025),without_era5,2025-09-24T15:00:00+00:00,unet_raw,Raw field U-Net,26.582897610134548,False,hourly mean,3
AL082025,Humberto (2025),without_era5,2025-09-24T16:00:00+00:00,unet_raw,Raw field U-Net,28.387759950425888,False,hourly mean,3
AL082025,Humberto (2025),without_era5,2025-09-24T17:00:00+00:00,unet_raw,Raw field U-Net,28.83484639061822,False,hourly mean,3
AL082025,Humberto (2025),without_era5,2025-09-24T18:00:00+00:00,unet_raw,Raw field U-Net,27.50123341878255,False,hourly mean,3
AL082025,Humberto (2025),without_era5,2025-09-24T19:00:00+00:00,unet_raw,Raw field U-Net,25.917134179009334,False,hourly mean,3
AL082025,Humberto (2025),without_era5,2025-09-24T20:00:00+00:00,unet_raw,Raw field U-Net,24.20774258507623,False,hourly mean,3
AL082025,Humberto (2025),without_era5,2025-09-24T21:00:00+00:00,unet_raw,Raw field U-Net,23.155092663235138,False,hourly mean,3
AL082025,Humberto (2025),without_era5,2025-09-24T22:00:00+00:00,unet_raw,Raw field U-Net,21.908559905158153,False,hourly mean,3
AL082025,Humberto (2025),without_era5,2025-09-24T23:00:00+00:00,unet_raw,Raw field U-Net,21.475081337822804,False,hourly mean,3
AL082025,Humberto (2025),without_era5,2025-09-25T00:00:00+00:00,unet_raw,Raw field U-Net,21.97185495164659,False,hourly mean,3
AL082025,Humberto (2025),without_era5,2025-09-25T01:00:00+00:00,unet_raw,Raw field U-Net,24.205281575520832,False,hourly mean,3
AL082025,Humberto (2025),without_era5,2025-09-25T02:00:00+00:00,unet_raw,Raw field U-Net,27.080077277289494,False,hourly mean,3
AL082025,Humberto (2025),without_era5,2025-09-25T03:00:00+00:00,unet_raw,Raw field U-Net,28.832110828823517,False,hourly mean,3
AL082025,Humberto (2025),without_era5,2025-09-25T04:00:00+00:00,unet_raw,Raw field U-Net,28.230658213297527,False,hourly mean,3
AL082025,Humberto (2025),without_era5,2025-09-25T05:00:00+00:00,unet_raw,Raw field U-Net,25.171899159749348,False,hourly mean,3
AL082025,Humberto (2025),without_era5,2025-09-25T06:00:00+00:00,unet_raw,Raw field U-Net,21.79728613959419,False,hourly mean,3
AL082025,Humberto (2025),without_era5,2025-09-25T07:00:00+00:00,unet_raw,Raw field U-Net,20.223127471076122,False,hourly mean,3
AL082025,Humberto (2025),without_era5,2025-09-25T08:00:00+00:00,unet_raw,Raw field U-Net,21.211082034640842,False,hourly mean,3
AL082025,Humberto (2025),without_era5,2025-09-25T09:00:00+00:00,unet_raw,Raw field U-Net,23.07643265194363,False,hourly mean,3
AL082025,Humberto (2025),without_era5,2025-09-25T10:00:00+00:00,unet_raw,Raw field U-Net,24.92912991841634,False,hourly mean,3
AL082025,Humberto (2025),without_era5,2025-09-25T11:00:00+00:00,unet_raw,Raw field U-Net,28.27813720703125,False,hourly mean,3
AL082025,Humberto (2025),without_era5,2025-09-25T12:00:00+00:00,unet_raw,Raw field U-Net,32.81028991275364,False,hourly mean,3
AL082025,Humberto (2025),without_era5,2025-09-25T13:00:00+00:00,unet_raw,Raw field U-Net,37.39371236165365,False,hourly mean,3
AL082025,Humberto (2025),without_era5,2025-09-25T14:00:00+00:00,unet_raw,Raw field U-Net,39.582548989189995,False,hourly mean,3
AL082025,Humberto (2025),without_era5,2025-09-25T15:00:00+00:00,unet_raw,Raw field U-Net,37.44586573706733,False,hourly mean,3
AL082025,Humberto (2025),without_era5,2025-09-25T16:00:00+00:00,unet_raw,Raw field U-Net,33.000823656717934,False,hourly mean,3
AL082025,Humberto (2025),without_era5,2025-09-25T17:00:00+00:00,unet_raw,Raw field U-Net,28.787922541300457,False,hourly mean,3
AL082025,Humberto (2025),without_era5,2025-09-25T18:00:00+00:00,unet_raw,Raw field U-Net,27.74006684621175,False,hourly mean,3
AL082025,Humberto (2025),without_era5,2025-09-25T19:00:00+00:00,unet_raw,Raw field U-Net,29.742717636956105,False,hourly mean,3
AL082025,Humberto (2025),without_era5,2025-09-25T20:00:00+00:00,unet_raw,Raw field U-Net,29.839986589219837,False,hourly mean,3
AL082025,Humberto (2025),without_era5,2025-09-25T21:00:00+00:00,unet_raw,Raw field U-Net,29.831858317057293,False,hourly mean,3
AL082025,Humberto (2025),without_era5,2025-09-25T22:00:00+00:00,unet_raw,Raw field U-Net,28.60813946194119,False,hourly mean,3
AL082025,Humberto (2025),without_era5,2025-09-25T23:00:00+00:00,unet_raw,Raw field U-Net,29.81150722503662,False,hourly mean,3
AL082025,Humberto (2025),without_era5,2025-09-26T00:00:00+00:00,unet_raw,Raw field U-Net,30.949494149949818,False,hourly mean,3
AL082025,Humberto (2025),without_era5,2025-09-26T01:00:00+00:00,unet_raw,Raw field U-Net,32.06123871273465,False,hourly mean,3
AL082025,Humberto (2025),without_era5,2025-09-26T02:00:00+00:00,unet_raw,Raw field U-Net,32.81842507256402,False,hourly mean,3
AL082025,Humberto (2025),without_era5,2025-09-26T03:00:00+00:00,unet_raw,Raw field U-Net,33.741256925794815,False,hourly mean,3
AL082025,Humberto (2025),without_era5,2025-09-26T04:00:00+00:00,unet_raw,Raw field U-Net,33.68741904364691,False,hourly mean,3
AL082025,Humberto (2025),without_era5,2025-09-26T05:00:00+00:00,unet_raw,Raw field U-Net,33.132787916395394,False,hourly mean,3
AL082025,Humberto (2025),without_era5,2025-09-26T06:00:00+00:00,unet_raw,Raw field U-Net,35.18221558464898,False,hourly mean,3
AL082025,Humberto (2025),without_era5,2025-09-26T07:00:00+00:00,unet_raw,Raw field U-Net,36.824243333604606,False,hourly mean,3
AL082025,Humberto (2025),without_era5,2025-09-26T08:00:00+00:00,unet_raw,Raw field U-Net,39.19915114508735,False,hourly mean,3
AL082025,Humberto (2025),without_era5,2025-09-26T09:00:00+00:00,unet_raw,Raw field U-Net,38.323830922444664,False,hourly mean,3
AL082025,Humberto (2025),without_era5,2025-09-26T10:00:00+00:00,unet_raw,Raw field U-Net,38.58918677435981,False,hourly mean,3
AL082025,Humberto (2025),without_era5,2025-09-26T11:00:00+00:00,unet_raw,Raw field U-Net,38.4803089565701,False,hourly mean,3
AL082025,Humberto (2025),without_era5,2025-09-26T12:00:00+00:00,unet_raw,Raw field U-Net,36.27477826012505,True,hourly mean,3
AL082025,Humberto (2025),without_era5,2025-09-26T13:00:00+00:00,unet_raw,Raw field U-Net,35.90960046980116,True,hourly mean,3
AL082025,Humberto (2025),without_era5,2025-09-26T14:00:00+00:00,unet_raw,Raw field U-Net,37.079437785678444,True,hourly mean,3
AL082025,Humberto (2025),without_era5,2025-09-26T15:00:00+00:00,unet_raw,Raw field U-Net,38.28294351365832,True,hourly mean,3
AL082025,Humberto (2025),without_era5,2025-09-26T16:00:00+00:00,unet_raw,Raw field U-Net,38.54313850402832,True,hourly mean,3
AL082025,Humberto (2025),without_era5,2025-09-26T17:00:00+00:00,unet_raw,Raw field U-Net,39.31673389010959,True,hourly mean,3
AL082025,Humberto (2025),without_era5,2025-09-26T18:00:00+00:00,unet_raw,Raw field U-Net,44.02983072068957,True,hourly mean,3
AL082025,Humberto (2025),without_era5,2025-09-26T19:00:00+00:00,unet_raw,Raw field U-Net,49.18402629428439,True,hourly mean,3
AL082025,Humberto (2025),without_era5,2025-09-26T20:00:00+00:00,unet_raw,Raw field U-Net,53.49274847242567,True,hourly mean,3
AL082025,Humberto (2025),without_era5,2025-09-26T21:00:00+00:00,unet_raw,Raw field U-Net,57.851069344414604,True,hourly mean,3
AL082025,Humberto (2025),without_era5,2025-09-26T22:00:00+00:00,unet_raw,Raw field U-Net,60.89271926879883,True,hourly mean,3
AL082025,Humberto (2025),without_era5,2025-09-26T23:00:00+00:00,unet_raw,Raw field U-Net,61.956320444742836,True,hourly mean,3
AL082025,Humberto (2025),without_era5,2025-09-27T00:00:00+00:00,unet_raw,Raw field U-Net,60.750759548611114,True,hourly mean,3
AL082025,Humberto (2025),without_era5,2025-09-27T01:00:00+00:00,unet_raw,Raw field U-Net,57.55154927571615,True,hourly mean,3
AL082025,Humberto (2025),without_era5,2025-09-27T02:00:00+00:00,unet_raw,Raw field U-Net,53.50173865424262,True,hourly mean,3
AL082025,Humberto (2025),without_era5,2025-09-27T03:00:00+00:00,unet_raw,Raw field U-Net,50.798765606350365,True,hourly mean,3
AL082025,Humberto (2025),without_era5,2025-09-27T04:00:00+00:00,unet_raw,Raw field U-Net,49.94091012742785,True,hourly mean,3
AL082025,Humberto (2025),without_era5,2025-09-27T05:00:00+00:00,unet_raw,Raw field U-Net,49.69063546922471,True,hourly mean,3
AL082025,Humberto (2025),without_era5,2025-09-27T06:00:00+00:00,unet_raw,Raw field U-Net,47.99371571011014,True,hourly mean,3
AL082025,Humberto (2025),without_era5,2025-09-27T07:00:00+00:00,unet_raw,Raw field U-Net,45.396401299370666,True,hourly mean,3
AL082025,Humberto (2025),without_era5,2025-09-27T08:00:00+00:00,unet_raw,Raw field U-Net,43.68047756618924,True,hourly mean,3
AL082025,Humberto (2025),without_era5,2025-09-27T09:00:00+00:00,unet_raw,Raw field U-Net,43.13758871290418,True,hourly mean,3
AL082025,Humberto (2025),without_era5,2025-09-27T10:00:00+00:00,unet_raw,Raw field U-Net,44.89151869879828,True,hourly mean,3
AL082025,Humberto (2025),without_era5,2025-09-27T11:00:00+00:00,unet_raw,Raw field U-Net,48.15284856160482,True,hourly mean,3
AL082025,Humberto (2025),without_era5,2025-09-27T12:00:00+00:00,unet_raw,Raw field U-Net,50.980146408081055,True,hourly mean,3
AL082025,Humberto (2025),without_era5,2025-09-27T13:00:00+00:00,unet_raw,Raw field U-Net,52.49372969733344,True,hourly mean,3
AL082025,Humberto (2025),without_era5,2025-09-27T14:00:00+00:00,unet_raw,Raw field U-Net,52.535589006212014,True,hourly mean,3
AL082025,Humberto (2025),without_era5,2025-09-27T15:00:00+00:00,unet_raw,Raw field U-Net,53.39444457160102,True,hourly mean,3
AL082025,Humberto (2025),without_era5,2025-09-27T16:00:00+00:00,unet_raw,Raw field U-Net,55.25699467129178,True,hourly mean,3
AL082025,Humberto (2025),without_era5,2025-09-27T17:00:00+00:00,unet_raw,Raw field U-Net,57.75279299418131,True,hourly mean,3
AL082025,Humberto (2025),without_era5,2025-09-27T18:00:00+00:00,unet_raw,Raw field U-Net,59.63970714145237,True,hourly mean,3
AL082025,Humberto (2025),without_era5,2025-09-27T19:00:00+00:00,unet_raw,Raw field U-Net,60.99283557467991,True,hourly mean,3
AL082025,Humberto (2025),without_era5,2025-09-27T20:00:00+00:00,unet_raw,Raw field U-Net,61.492622587415916,True,hourly mean,3
AL082025,Humberto (2025),without_era5,2025-09-27T21:00:00+00:00,unet_raw,Raw field U-Net,61.57355499267578,True,hourly mean,3
AL082025,Humberto (2025),without_era5,2025-09-27T22:00:00+00:00,unet_raw,Raw field U-Net,61.58344713846842,True,hourly mean,3
AL082025,Humberto (2025),without_era5,2025-09-27T23:00:00+00:00,unet_raw,Raw field U-Net,62.0172021653917,False,hourly mean,3
AL082025,Humberto (2025),without_era5,2025-09-28T00:00:00+00:00,unet_raw,Raw field U-Net,62.14917182922363,False,hourly mean,3
AL082025,Humberto (2025),without_era5,2025-09-28T01:00:00+00:00,unet_raw,Raw field U-Net,61.20567364162869,False,hourly mean,3
AL082025,Humberto (2025),without_era5,2025-09-28T02:00:00+00:00,unet_raw,Raw field U-Net,60.046184115939674,False,hourly mean,3
AL082025,Humberto (2025),without_era5,2025-09-28T03:00:00+00:00,unet_raw,Raw field U-Net,60.22084532843695,False,hourly mean,3
AL082025,Humberto (2025),without_era5,2025-09-28T04:00:00+00:00,unet_raw,Raw field U-Net,61.94529109530979,False,hourly mean,3
AL082025,Humberto (2025),without_era5,2025-09-28T05:00:00+00:00,unet_raw,Raw field U-Net,64.14697795444066,False,hourly mean,3
AL082025,Humberto (2025),without_era5,2025-09-28T06:00:00+00:00,unet_raw,Raw field U-Net,64.99021572536893,False,hourly mean,3
AL082025,Humberto (2025),without_era5,2025-09-28T07:00:00+00:00,unet_raw,Raw field U-Net,64.0134669409858,False,hourly mean,3
AL082025,Humberto (2025),without_era5,2025-09-28T08:00:00+00:00,unet_raw,Raw field U-Net,61.127376556396484,False,hourly mean,3
AL082025,Humberto (2025),without_era5,2025-09-28T09:00:00+00:00,unet_raw,Raw field U-Net,56.91552225748698,False,hourly mean,3
AL082025,Humberto (2025),without_era5,2025-09-28T10:00:00+00:00,unet_raw,Raw field U-Net,53.492987314860024,False,hourly mean,3
AL082025,Humberto (2025),without_era5,2025-09-28T11:00:00+00:00,unet_raw,Raw field U-Net,50.010775883992515,False,hourly mean,3
AL082025,Humberto (2025),without_era5,2025-09-28T12:00:00+00:00,unet_raw,Raw field U-Net,49.467385398017036,False,hourly mean,3
AL082025,Humberto (2025),without_era5,2025-09-28T13:00:00+00:00,unet_raw,Raw field U-Net,49.086202197604706,False,hourly mean,3
AL082025,Humberto (2025),without_era5,2025-09-28T14:00:00+00:00,unet_raw,Raw field U-Net,50.173459159003365,False,hourly mean,3
AL082025,Humberto (2025),without_era5,2025-09-28T15:00:00+00:00,unet_raw,Raw field U-Net,50.36380047268338,False,hourly mean,3
AL082025,Humberto (2025),without_era5,2025-09-28T16:00:00+00:00,unet_raw,Raw field U-Net,50.74054463704427,False,hourly mean,3
AL082025,Humberto (2025),without_era5,2025-09-28T17:00:00+00:00,unet_raw,Raw field U-Net,51.53133095635308,False,hourly mean,3
AL082025,Humberto (2025),without_era5,2025-09-28T18:00:00+00:00,unet_raw,Raw field U-Net,51.37407281663682,False,hourly mean,3
AL082025,Humberto (2025),without_era5,2025-09-28T19:00:00+00:00,unet_raw,Raw field U-Net,51.86362478468154,False,hourly mean,3
AL082025,Humberto (2025),without_era5,2025-09-28T20:00:00+00:00,unet_raw,Raw field U-Net,52.5299015045166,False,hourly mean,3
AL082025,Humberto (2025),without_era5,2025-09-28T21:00:00+00:00,unet_raw,Raw field U-Net,52.101129108005104,False,hourly mean,3
AL082025,Humberto (2025),without_era5,2025-09-28T22:00:00+00:00,unet_raw,Raw field U-Net,50.63483556111654,False,hourly mean,3
AL082025,Humberto (2025),without_era5,2025-09-28T23:00:00+00:00,unet_raw,Raw field U-Net,48.87006547715928,False,hourly mean,3
AL082025,Humberto (2025),without_era5,2025-09-29T00:00:00+00:00,unet_raw,Raw field U-Net,48.47742780049642,False,hourly mean,3
AL082025,Humberto (2025),without_era5,2025-09-29T01:00:00+00:00,unet_raw,Raw field U-Net,48.3642217848036,False,hourly mean,3
AL082025,Humberto (2025),without_era5,2025-09-29T02:00:00+00:00,unet_raw,Raw field U-Net,48.030600229899086,False,hourly mean,3
AL082025,Humberto (2025),without_era5,2025-09-29T03:00:00+00:00,unet_raw,Raw field U-Net,47.5043256547716,False,hourly mean,3
AL082025,Humberto (2025),without_era5,2025-09-29T04:00:00+00:00,unet_raw,Raw field U-Net,45.99143727620443,False,hourly mean,3
AL082025,Humberto (2025),without_era5,2025-09-29T05:00:00+00:00,unet_raw,Raw field U-Net,43.836225509643555,False,hourly mean,3
AL082025,Humberto (2025),without_era5,2025-09-29T06:00:00+00:00,unet_raw,Raw field U-Net,42.01630168490939,False,hourly mean,3
AL082025,Humberto (2025),without_era5,2025-09-29T07:00:00+00:00,unet_raw,Raw field U-Net,42.16353670756022,False,hourly mean,3
AL082025,Humberto (2025),without_era5,2025-09-29T08:00:00+00:00,unet_raw,Raw field U-Net,43.52292230394152,False,hourly mean,3
AL082025,Humberto (2025),without_era5,2025-09-29T09:00:00+00:00,unet_raw,Raw field U-Net,43.086371739705406,False,hourly mean,3
AL082025,Humberto (2025),without_era5,2025-09-29T10:00:00+00:00,unet_raw,Raw field U-Net,41.744363360934784,False,hourly mean,3
AL082025,Humberto (2025),without_era5,2025-09-29T11:00:00+00:00,unet_raw,Raw field U-Net,40.38807974921332,False,hourly mean,3
AL082025,Humberto (2025),without_era5,2025-09-29T12:00:00+00:00,unet_raw,Raw field U-Net,40.80907101101345,False,hourly mean,3
AL082025,Humberto (2025),without_era5,2025-09-29T13:00:00+00:00,unet_raw,Raw field U-Net,40.59028032090928,False,hourly mean,3
AL082025,Humberto (2025),without_era5,2025-09-29T14:00:00+00:00,unet_raw,Raw field U-Net,39.241231918334954,False,hourly mean,3
AL082025,Humberto (2025),without_era5,2025-09-29T15:00:00+00:00,unet_raw,Raw field U-Net,37.64163716634115,False,hourly mean,3
AL082025,Humberto (2025),without_era5,2025-09-29T16:00:00+00:00,unet_raw,Raw field U-Net,37.135485331217446,False,hourly mean,3
AL082025,Humberto (2025),without_era5,2025-09-29T17:00:00+00:00,unet_raw,Raw field U-Net,37.51490720113119,False,hourly mean,3
AL082025,Humberto (2025),without_era5,2025-09-29T18:00:00+00:00,unet_raw,Raw field U-Net,38.041932635837135,False,hourly mean,3
AL082025,Humberto (2025),without_era5,2025-09-29T19:00:00+00:00,unet_raw,Raw field U-Net,37.257289462619354,False,hourly mean,3
AL082025,Humberto (2025),without_era5,2025-09-29T20:00:00+00:00,unet_raw,Raw field U-Net,35.558237075805664,False,hourly mean,3
AL082025,Humberto (2025),without_era5,2025-09-29T21:00:00+00:00,unet_raw,Raw field U-Net,32.56647300720215,False,hourly mean,3
AL082025,Humberto (2025),without_era5,2025-09-29T22:00:00+00:00,unet_raw,Raw field U-Net,29.626915083991154,False,hourly mean,3
AL082025,Humberto (2025),without_era5,2025-09-29T23:00:00+00:00,unet_raw,Raw field U-Net,26.871488041347927,False,hourly mean,3
AL082025,Humberto (2025),without_era5,2025-09-30T00:00:00+00:00,unet_raw,Raw field U-Net,24.940933227539062,False,hourly mean,3
AL082025,Humberto (2025),without_era5,2025-09-30T01:00:00+00:00,unet_raw,Raw field U-Net,23.30033376481798,False,hourly mean,3
AL082025,Humberto (2025),without_era5,2025-09-30T02:00:00+00:00,unet_raw,Raw field U-Net,22.804794417487255,False,hourly mean,3
AL082025,Humberto (2025),without_era5,2025-09-30T03:00:00+00:00,unet_raw,Raw field U-Net,24.203555425008137,False,hourly mean,3
AL082025,Humberto (2025),without_era5,2025-09-30T04:00:00+00:00,unet_raw,Raw field U-Net,26.83363363477919,False,hourly mean,3
AL082025,Humberto (2025),without_era5,2025-09-30T05:00:00+00:00,unet_raw,Raw field U-Net,28.2422513961792,False,hourly mean,3
AL082025,Humberto (2025),without_era5,2025-09-30T06:00:00+00:00,unet_raw,Raw field U-Net,27.338670412699383,False,hourly mean,3
AL082025,Humberto (2025),without_era5,2025-09-30T07:00:00+00:00,unet_raw,Raw field U-Net,24.62516509162055,False,hourly mean,3
AL082025,Humberto (2025),without_era5,2025-09-30T08:00:00+00:00,unet_raw,Raw field U-Net,21.296607865227596,False,hourly mean,3
AL082025,Humberto (2025),without_era5,2025-09-30T09:00:00+00:00,unet_raw,Raw field U-Net,18.50586363474528,False,hourly mean,3
AL082025,Humberto (2025),without_era5,2025-09-30T10:00:00+00:00,unet_raw,Raw field U-Net,16.655966250101724,False,hourly mean,3
AL082025,Humberto (2025),without_era5,2025-09-30T11:00:00+00:00,unet_raw,Raw field U-Net,16.126773219638398,False,hourly mean,3
AL082025,Humberto (2025),without_era5,2025-09-30T12:00:00+00:00,unet_raw,Raw field U-Net,16.996921221415203,False,hourly mean,3
AL082025,Humberto (2025),without_era5,2025-09-30T13:00:00+00:00,unet_raw,Raw field U-Net,19.233132574293347,False,hourly mean,3
AL082025,Humberto (2025),without_era5,2025-09-30T14:00:00+00:00,unet_raw,Raw field U-Net,22.18739626142714,False,hourly mean,3
AL082025,Humberto (2025),without_era5,2025-09-30T15:00:00+00:00,unet_raw,Raw field U-Net,24.24467383490669,False,hourly mean,3
AL082025,Humberto (2025),without_era5,2025-09-30T16:00:00+00:00,unet_raw,Raw field U-Net,25.15977552202013,False,hourly mean,3
AL082025,Humberto (2025),without_era5,2025-09-30T17:00:00+00:00,unet_raw,Raw field U-Net,23.95277500152588,False,hourly mean,3
AL082025,Humberto (2025),without_era5,2025-09-30T18:00:00+00:00,unet_raw,Raw field U-Net,22.189586745368114,False,hourly mean,3
AL082025,Humberto (2025),without_era5,2025-09-30T19:00:00+00:00,unet_raw,Raw field U-Net,20.26177289750841,False,hourly mean,3
AL082025,Humberto (2025),without_era5,2025-09-30T20:00:00+00:00,unet_raw,Raw field U-Net,18.89256933000353,False,hourly mean,3
AL082025,Humberto (2025),without_era5,2025-09-30T21:00:00+00:00,unet_raw,Raw field U-Net,18.542069011264378,False,hourly mean,3
AL082025,Humberto (2025),without_era5,2025-09-30T22:00:00+00:00,unet_raw,Raw field U-Net,18.774880939059788,False,hourly mean,3
AL082025,Humberto (2025),without_era5,2025-09-30T23:00:00+00:00,unet_raw,Raw field U-Net,20.524610222710503,False,hourly mean,3
AL082025,Humberto (2025),without_era5,2025-10-01T00:00:00+00:00,unet_raw,Raw field U-Net,22.71627629597982,False,hourly mean,3
AL082025,Humberto (2025),without_era5,2025-10-01T01:00:00+00:00,unet_raw,Raw field U-Net,25.764195357428658,False,hourly mean,3
AL082025,Humberto (2025),without_era5,2025-10-01T02:00:00+00:00,unet_raw,Raw field U-Net,28.888950135972763,False,hourly mean,3
AL082025,Humberto (2025),without_era5,2025-10-01T03:00:00+00:00,unet_raw,Raw field U-Net,31.885250833299423,False,hourly mean,3
AL082025,Humberto (2025),without_era5,2025-10-01T04:00:00+00:00,unet_raw,Raw field U-Net,32.89553769429525,False,hourly mean,3
AL082025,Humberto (2025),without_era5,2025-10-01T05:00:00+00:00,unet_raw,Raw field U-Net,32.04509607950846,False,hourly mean,3
AL082025,Humberto (2025),without_era5,2025-10-01T06:00:00+00:00,unet_raw,Raw field U-Net,29.700857374403213,False,hourly mean,3
AL082025,Humberto (2025),without_era5,2025-10-01T07:00:00+00:00,unet_raw,Raw field U-Net,26.16537380218506,False,hourly mean,3
AL082025,Humberto (2025),without_era5,2025-10-01T08:00:00+00:00,unet_raw,Raw field U-Net,23.43993367089166,False,hourly mean,3
AL082025,Humberto (2025),without_era5,2025-10-01T09:00:00+00:00,unet_raw,Raw field U-Net,21.43107435438368,False,hourly mean,3
AL082025,Humberto (2025),without_era5,2025-10-01T10:00:00+00:00,unet_raw,Raw field U-Net,22.27010949452718,False,hourly mean,3
AL082025,Humberto (2025),without_era5,2025-10-01T11:00:00+00:00,unet_raw,Raw field U-Net,22.594199816385903,False,hourly mean,3
AL082025,Humberto (2025),without_era5,2025-09-24T12:00:00+00:00,unet_correction,U-Net + standard MLP,23.91749620437622,False,hourly mean,3
AL082025,Humberto (2025),without_era5,2025-09-24T13:00:00+00:00,unet_correction,U-Net + standard MLP,23.362259440951878,False,hourly mean,3
AL082025,Humberto (2025),without_era5,2025-09-24T14:00:00+00:00,unet_correction,U-Net + standard MLP,23.436471939086914,False,hourly mean,3
AL082025,Humberto (2025),without_era5,2025-09-24T15:00:00+00:00,unet_correction,U-Net + standard MLP,24.747971004909942,False,hourly mean,3
AL082025,Humberto (2025),without_era5,2025-09-24T16:00:00+00:00,unet_correction,U-Net + standard MLP,26.428549024793835,False,hourly mean,3
AL082025,Humberto (2025),without_era5,2025-09-24T17:00:00+00:00,unet_correction,U-Net + standard MLP,26.8160187403361,False,hourly mean,3
AL082025,Humberto (2025),without_era5,2025-09-24T18:00:00+00:00,unet_correction,U-Net + standard MLP,25.321339395311142,False,hourly mean,3
AL082025,Humberto (2025),without_era5,2025-09-24T19:00:00+00:00,unet_correction,U-Net + standard MLP,23.584705882602265,False,hourly mean,3
AL082025,Humberto (2025),without_era5,2025-09-24T20:00:00+00:00,unet_correction,U-Net + standard MLP,21.949790000915527,False,hourly mean,3
AL082025,Humberto (2025),without_era5,2025-09-24T21:00:00+00:00,unet_correction,U-Net + standard MLP,21.404687139723038,False,hourly mean,3
AL082025,Humberto (2025),without_era5,2025-09-24T22:00:00+00:00,unet_correction,U-Net + standard MLP,20.738338470458984,False,hourly mean,3
AL082025,Humberto (2025),without_era5,2025-09-24T23:00:00+00:00,unet_correction,U-Net + standard MLP,20.704298337300617,False,hourly mean,3
AL082025,Humberto (2025),without_era5,2025-09-25T00:00:00+00:00,unet_correction,U-Net + standard MLP,21.378198941548664,False,hourly mean,3
AL082025,Humberto (2025),without_era5,2025-09-25T01:00:00+00:00,unet_correction,U-Net + standard MLP,23.424145592583546,False,hourly mean,3
AL082025,Humberto (2025),without_era5,2025-09-25T02:00:00+00:00,unet_correction,U-Net + standard MLP,26.046272807651096,False,hourly mean,3
AL082025,Humberto (2025),without_era5,2025-09-25T03:00:00+00:00,unet_correction,U-Net + standard MLP,27.87122715844048,False,hourly mean,3
AL082025,Humberto (2025),without_era5,2025-09-25T04:00:00+00:00,unet_correction,U-Net + standard MLP,27.802000045776367,False,hourly mean,3
AL082025,Humberto (2025),without_era5,2025-09-25T05:00:00+00:00,unet_correction,U-Net + standard MLP,25.245708147684734,False,hourly mean,3
AL082025,Humberto (2025),without_era5,2025-09-25T06:00:00+00:00,unet_correction,U-Net + standard MLP,22.10331577724881,False,hourly mean,3
AL082025,Humberto (2025),without_era5,2025-09-25T07:00:00+00:00,unet_correction,U-Net + standard MLP,20.75634405348036,False,hourly mean,3
AL082025,Humberto (2025),without_era5,2025-09-25T08:00:00+00:00,unet_correction,U-Net + standard MLP,22.289912859598797,False,hourly mean,3
AL082025,Humberto (2025),without_era5,2025-09-25T09:00:00+00:00,unet_correction,U-Net + standard MLP,24.967788060506184,False,hourly mean,3
AL082025,Humberto (2025),without_era5,2025-09-25T10:00:00+00:00,unet_correction,U-Net + standard MLP,27.9137257470025,False,hourly mean,3
AL082025,Humberto (2025),without_era5,2025-09-25T11:00:00+00:00,unet_correction,U-Net + standard MLP,32.591954655117455,False,hourly mean,3
AL082025,Humberto (2025),without_era5,2025-09-25T12:00:00+00:00,unet_correction,U-Net + standard MLP,37.942766931321884,False,hourly mean,3
AL082025,Humberto (2025),without_era5,2025-09-25T13:00:00+00:00,unet_correction,U-Net + standard MLP,41.74352433946397,False,hourly mean,3
AL082025,Humberto (2025),without_era5,2025-09-25T14:00:00+00:00,unet_correction,U-Net + standard MLP,42.98187043931748,False,hourly mean,3
AL082025,Humberto (2025),without_era5,2025-09-25T15:00:00+00:00,unet_correction,U-Net + standard MLP,39.876057624816895,False,hourly mean,3
AL082025,Humberto (2025),without_era5,2025-09-25T16:00:00+00:00,unet_correction,U-Net + standard MLP,34.7019559012519,False,hourly mean,3
AL082025,Humberto (2025),without_era5,2025-09-25T17:00:00+00:00,unet_correction,U-Net + standard MLP,29.52132288614909,False,hourly mean,3
AL082025,Humberto (2025),without_era5,2025-09-25T18:00:00+00:00,unet_correction,U-Net + standard MLP,27.50059276156955,False,hourly mean,3
AL082025,Humberto (2025),without_era5,2025-09-25T19:00:00+00:00,unet_correction,U-Net + standard MLP,29.803386794196232,False,hourly mean,3
AL082025,Humberto (2025),without_era5,2025-09-25T20:00:00+00:00,unet_correction,U-Net + standard MLP,29.621790144178604,False,hourly mean,3
AL082025,Humberto (2025),without_era5,2025-09-25T21:00:00+00:00,unet_correction,U-Net + standard MLP,29.772890620761444,False,hourly mean,3
AL082025,Humberto (2025),without_era5,2025-09-25T22:00:00+00:00,unet_correction,U-Net + standard MLP,28.81449752383762,False,hourly mean,3
AL082025,Humberto (2025),without_era5,2025-09-25T23:00:00+00:00,unet_correction,U-Net + standard MLP,30.766903347439236,False,hourly mean,3
AL082025,Humberto (2025),without_era5,2025-09-26T00:00:00+00:00,unet_correction,U-Net + standard MLP,32.431924184163414,False,hourly mean,3
AL082025,Humberto (2025),without_era5,2025-09-26T01:00:00+00:00,unet_correction,U-Net + standard MLP,33.40446949005127,False,hourly mean,3
AL082025,Humberto (2025),without_era5,2025-09-26T02:00:00+00:00,unet_correction,U-Net + standard MLP,34.29580349392361,False,hourly mean,3
AL082025,Humberto (2025),without_era5,2025-09-26T03:00:00+00:00,unet_correction,U-Net + standard MLP,35.71429125467936,False,hourly mean,3
AL082025,Humberto (2025),without_era5,2025-09-26T04:00:00+00:00,unet_correction,U-Net + standard MLP,36.739990870157875,False,hourly mean,3
AL082025,Humberto (2025),without_era5,2025-09-26T05:00:00+00:00,unet_correction,U-Net + standard MLP,37.215431213378906,False,hourly mean,3
AL082025,Humberto (2025),without_era5,2025-09-26T06:00:00+00:00,unet_correction,U-Net + standard MLP,40.04632822672526,False,hourly mean,3
AL082025,Humberto (2025),without_era5,2025-09-26T07:00:00+00:00,unet_correction,U-Net + standard MLP,42.243465423583984,False,hourly mean,3
AL082025,Humberto (2025),without_era5,2025-09-26T08:00:00+00:00,unet_correction,U-Net + standard MLP,45.72551748487685,False,hourly mean,3
AL082025,Humberto (2025),without_era5,2025-09-26T09:00:00+00:00,unet_correction,U-Net + standard MLP,45.188026428222656,False,hourly mean,3
AL082025,Humberto (2025),without_era5,2025-09-26T10:00:00+00:00,unet_correction,U-Net + standard MLP,45.69359228346084,False,hourly mean,3
AL082025,Humberto (2025),without_era5,2025-09-26T11:00:00+00:00,unet_correction,U-Net + standard MLP,45.11178419325088,False,hourly mean,3
AL082025,Humberto (2025),without_era5,2025-09-26T12:00:00+00:00,unet_correction,U-Net + standard MLP,42.113542556762695,True,hourly mean,3
AL082025,Humberto (2025),without_era5,2025-09-26T13:00:00+00:00,unet_correction,U-Net + standard MLP,40.06777381896973,True,hourly mean,3
AL082025,Humberto (2025),without_era5,2025-09-26T14:00:00+00:00,unet_correction,U-Net + standard MLP,40.732029596964516,True,hourly mean,3
AL082025,Humberto (2025),without_era5,2025-09-26T15:00:00+00:00,unet_correction,U-Net + standard MLP,42.2723814646403,True,hourly mean,3
AL082025,Humberto (2025),without_era5,2025-09-26T16:00:00+00:00,unet_correction,U-Net + standard MLP,43.44053671095107,True,hourly mean,3
AL082025,Humberto (2025),without_era5,2025-09-26T17:00:00+00:00,unet_correction,U-Net + standard MLP,45.049071841769745,True,hourly mean,3
AL082025,Humberto (2025),without_era5,2025-09-26T18:00:00+00:00,unet_correction,U-Net + standard MLP,50.20361518859863,True,hourly mean,3
AL082025,Humberto (2025),without_era5,2025-09-26T19:00:00+00:00,unet_correction,U-Net + standard MLP,55.76813909742567,True,hourly mean,3
AL082025,Humberto (2025),without_era5,2025-09-26T20:00:00+00:00,unet_correction,U-Net + standard MLP,59.13989003499349,True,hourly mean,3
AL082025,Humberto (2025),without_era5,2025-09-26T21:00:00+00:00,unet_correction,U-Net + standard MLP,63.82411681281195,True,hourly mean,3
AL082025,Humberto (2025),without_era5,2025-09-26T22:00:00+00:00,unet_correction,U-Net + standard MLP,67.35125478108723,True,hourly mean,3
AL082025,Humberto (2025),without_era5,2025-09-26T23:00:00+00:00,unet_correction,U-Net + standard MLP,68.70033476087781,True,hourly mean,3
AL082025,Humberto (2025),without_era5,2025-09-27T00:00:00+00:00,unet_correction,U-Net + standard MLP,67.56287765502928,True,hourly mean,3
AL082025,Humberto (2025),without_era5,2025-09-27T01:00:00+00:00,unet_correction,U-Net + standard MLP,64.52542877197266,True,hourly mean,3
AL082025,Humberto (2025),without_era5,2025-09-27T02:00:00+00:00,unet_correction,U-Net + standard MLP,61.25426652696397,True,hourly mean,3
AL082025,Humberto (2025),without_era5,2025-09-27T03:00:00+00:00,unet_correction,U-Net + standard MLP,58.41023190816244,True,hourly mean,3
AL082025,Humberto (2025),without_era5,2025-09-27T04:00:00+00:00,unet_correction,U-Net + standard MLP,57.139229880438904,True,hourly mean,3
AL082025,Humberto (2025),without_era5,2025-09-27T05:00:00+00:00,unet_correction,U-Net + standard MLP,56.350072013007264,True,hourly mean,3
AL082025,Humberto (2025),without_era5,2025-09-27T06:00:00+00:00,unet_correction,U-Net + standard MLP,54.31013213263617,True,hourly mean,3
AL082025,Humberto (2025),without_era5,2025-09-27T07:00:00+00:00,unet_correction,U-Net + standard MLP,51.78312958611383,True,hourly mean,3
AL082025,Humberto (2025),without_era5,2025-09-27T08:00:00+00:00,unet_correction,U-Net + standard MLP,50.29619598388672,True,hourly mean,3
AL082025,Humberto (2025),without_era5,2025-09-27T09:00:00+00:00,unet_correction,U-Net + standard MLP,51.01452424791125,True,hourly mean,3
AL082025,Humberto (2025),without_era5,2025-09-27T10:00:00+00:00,unet_correction,U-Net + standard MLP,53.407607608371315,True,hourly mean,3
AL082025,Humberto (2025),without_era5,2025-09-27T11:00:00+00:00,unet_correction,U-Net + standard MLP,57.01718944973416,True,hourly mean,3
AL082025,Humberto (2025),without_era5,2025-09-27T12:00:00+00:00,unet_correction,U-Net + standard MLP,59.369256337483726,True,hourly mean,3
AL082025,Humberto (2025),without_era5,2025-09-27T13:00:00+00:00,unet_correction,U-Net + standard MLP,60.86974885728623,True,hourly mean,3
AL082025,Humberto (2025),without_era5,2025-09-27T14:00:00+00:00,unet_correction,U-Net + standard MLP,60.70631048414443,True,hourly mean,3
AL082025,Humberto (2025),without_era5,2025-09-27T15:00:00+00:00,unet_correction,U-Net + standard MLP,60.76443820529514,True,hourly mean,3
AL082025,Humberto (2025),without_era5,2025-09-27T16:00:00+00:00,unet_correction,U-Net + standard MLP,61.94602796766494,True,hourly mean,3
AL082025,Humberto (2025),without_era5,2025-09-27T17:00:00+00:00,unet_correction,U-Net + standard MLP,64.17932722303603,True,hourly mean,3
AL082025,Humberto (2025),without_era5,2025-09-27T18:00:00+00:00,unet_correction,U-Net + standard MLP,65.91341018676758,True,hourly mean,3
AL082025,Humberto (2025),without_era5,2025-09-27T19:00:00+00:00,unet_correction,U-Net + standard MLP,67.13837771945528,True,hourly mean,3
AL082025,Humberto (2025),without_era5,2025-09-27T20:00:00+00:00,unet_correction,U-Net + standard MLP,67.64087380303276,True,hourly mean,3
AL082025,Humberto (2025),without_era5,2025-09-27T21:00:00+00:00,unet_correction,U-Net + standard MLP,68.34895155164931,True,hourly mean,3
AL082025,Humberto (2025),without_era5,2025-09-27T22:00:00+00:00,unet_correction,U-Net + standard MLP,69.3690571255154,True,hourly mean,3
AL082025,Humberto (2025),without_era5,2025-09-27T23:00:00+00:00,unet_correction,U-Net + standard MLP,70.79373762342664,False,hourly mean,3
AL082025,Humberto (2025),without_era5,2025-09-28T00:00:00+00:00,unet_correction,U-Net + standard MLP,71.50376764933269,False,hourly mean,3
AL082025,Humberto (2025),without_era5,2025-09-28T01:00:00+00:00,unet_correction,U-Net + standard MLP,69.75797907511394,False,hourly mean,3
AL082025,Humberto (2025),without_era5,2025-09-28T02:00:00+00:00,unet_correction,U-Net + standard MLP,67.44756656222874,False,hourly mean,3
AL082025,Humberto (2025),without_era5,2025-09-28T03:00:00+00:00,unet_correction,U-Net + standard MLP,66.81418906317816,False,hourly mean,3
AL082025,Humberto (2025),without_era5,2025-09-28T04:00:00+00:00,unet_correction,U-Net + standard MLP,68.40987438625758,False,hourly mean,3
AL082025,Humberto (2025),without_era5,2025-09-28T05:00:00+00:00,unet_correction,U-Net + standard MLP,71.32632531060112,False,hourly mean,3
AL082025,Humberto (2025),without_era5,2025-09-28T06:00:00+00:00,unet_correction,U-Net + standard MLP,73.21717919243706,False,hourly mean,3
AL082025,Humberto (2025),without_era5,2025-09-28T07:00:00+00:00,unet_correction,U-Net + standard MLP,73.80160522460936,False,hourly mean,3
AL082025,Humberto (2025),without_era5,2025-09-28T08:00:00+00:00,unet_correction,U-Net + standard MLP,71.21439276801215,False,hourly mean,3
AL082025,Humberto (2025),without_era5,2025-09-28T09:00:00+00:00,unet_correction,U-Net + standard MLP,67.0113336775038,False,hourly mean,3
AL082025,Humberto (2025),without_era5,2025-09-28T10:00:00+00:00,unet_correction,U-Net + standard MLP,63.65152253044977,False,hourly mean,3
AL082025,Humberto (2025),without_era5,2025-09-28T11:00:00+00:00,unet_correction,U-Net + standard MLP,60.7975385453966,False,hourly mean,3
AL082025,Humberto (2025),without_era5,2025-09-28T12:00:00+00:00,unet_correction,U-Net + standard MLP,60.66574902004666,False,hourly mean,3
AL082025,Humberto (2025),without_era5,2025-09-28T13:00:00+00:00,unet_correction,U-Net + standard MLP,59.62165790134006,False,hourly mean,3
AL082025,Humberto (2025),without_era5,2025-09-28T14:00:00+00:00,unet_correction,U-Net + standard MLP,59.98916795518662,False,hourly mean,3
AL082025,Humberto (2025),without_era5,2025-09-28T15:00:00+00:00,unet_correction,U-Net + standard MLP,58.56543201870388,False,hourly mean,3
AL082025,Humberto (2025),without_era5,2025-09-28T16:00:00+00:00,unet_correction,U-Net + standard MLP,57.70028411017524,False,hourly mean,3
AL082025,Humberto (2025),without_era5,2025-09-28T17:00:00+00:00,unet_correction,U-Net + standard MLP,57.82015122307672,False,hourly mean,3
AL082025,Humberto (2025),without_era5,2025-09-28T18:00:00+00:00,unet_correction,U-Net + standard MLP,57.97001287672254,False,hourly mean,3
AL082025,Humberto (2025),without_era5,2025-09-28T19:00:00+00:00,unet_correction,U-Net + standard MLP,59.31828180948893,False,hourly mean,3
AL082025,Humberto (2025),without_era5,2025-09-28T20:00:00+00:00,unet_correction,U-Net + standard MLP,60.72818395826551,False,hourly mean,3
AL082025,Humberto (2025),without_era5,2025-09-28T21:00:00+00:00,unet_correction,U-Net + standard MLP,60.69055620829264,False,hourly mean,3
AL082025,Humberto (2025),without_era5,2025-09-28T22:00:00+00:00,unet_correction,U-Net + standard MLP,59.02924007839627,False,hourly mean,3
AL082025,Humberto (2025),without_era5,2025-09-28T23:00:00+00:00,unet_correction,U-Net + standard MLP,56.37805684407552,False,hourly mean,3
AL082025,Humberto (2025),without_era5,2025-09-29T00:00:00+00:00,unet_correction,U-Net + standard MLP,55.80176650153266,False,hourly mean,3
AL082025,Humberto (2025),without_era5,2025-09-29T01:00:00+00:00,unet_correction,U-Net + standard MLP,55.9869753519694,False,hourly mean,3
AL082025,Humberto (2025),without_era5,2025-09-29T02:00:00+00:00,unet_correction,U-Net + standard MLP,55.56207487318252,False,hourly mean,3
AL082025,Humberto (2025),without_era5,2025-09-29T03:00:00+00:00,unet_correction,U-Net + standard MLP,55.1576222313775,False,hourly mean,3
AL082025,Humberto (2025),without_era5,2025-09-29T04:00:00+00:00,unet_correction,U-Net + standard MLP,53.21413569980198,False,hourly mean,3
AL082025,Humberto (2025),without_era5,2025-09-29T05:00:00+00:00,unet_correction,U-Net + standard MLP,50.916994942559135,False,hourly mean,3
AL082025,Humberto (2025),without_era5,2025-09-29T06:00:00+00:00,unet_correction,U-Net + standard MLP,48.77988497416178,False,hourly mean,3
AL082025,Humberto (2025),without_era5,2025-09-29T07:00:00+00:00,unet_correction,U-Net + standard MLP,49.67991977267795,False,hourly mean,3
AL082025,Humberto (2025),without_era5,2025-09-29T08:00:00+00:00,unet_correction,U-Net + standard MLP,52.35954602559408,False,hourly mean,3
AL082025,Humberto (2025),without_era5,2025-09-29T09:00:00+00:00,unet_correction,U-Net + standard MLP,52.658809873792855,False,hourly mean,3
AL082025,Humberto (2025),without_era5,2025-09-29T10:00:00+00:00,unet_correction,U-Net + standard MLP,51.58508406745063,False,hourly mean,3
AL082025,Humberto (2025),without_era5,2025-09-29T11:00:00+00:00,unet_correction,U-Net + standard MLP,50.06600994533963,False,hourly mean,3
AL082025,Humberto (2025),without_era5,2025-09-29T12:00:00+00:00,unet_correction,U-Net + standard MLP,49.63498306274414,False,hourly mean,3
AL082025,Humberto (2025),without_era5,2025-09-29T13:00:00+00:00,unet_correction,U-Net + standard MLP,48.55727089775933,False,hourly mean,3
AL082025,Humberto (2025),without_era5,2025-09-29T14:00:00+00:00,unet_correction,U-Net + standard MLP,47.11201604207357,False,hourly mean,3
AL082025,Humberto (2025),without_era5,2025-09-29T15:00:00+00:00,unet_correction,U-Net + standard MLP,45.88522720336914,False,hourly mean,3
AL082025,Humberto (2025),without_era5,2025-09-29T16:00:00+00:00,unet_correction,U-Net + standard MLP,45.471065309312614,False,hourly mean,3
AL082025,Humberto (2025),without_era5,2025-09-29T17:00:00+00:00,unet_correction,U-Net + standard MLP,45.52424240112305,False,hourly mean,3
AL082025,Humberto (2025),without_era5,2025-09-29T18:00:00+00:00,unet_correction,U-Net + standard MLP,45.18190362718371,False,hourly mean,3
AL082025,Humberto (2025),without_era5,2025-09-29T19:00:00+00:00,unet_correction,U-Net + standard MLP,42.751145892673065,False,hourly mean,3
AL082025,Humberto (2025),without_era5,2025-09-29T20:00:00+00:00,unet_correction,U-Net + standard MLP,39.3431822458903,False,hourly mean,3
AL082025,Humberto (2025),without_era5,2025-09-29T21:00:00+00:00,unet_correction,U-Net + standard MLP,35.30767313639323,False,hourly mean,3
AL082025,Humberto (2025),without_era5,2025-09-29T22:00:00+00:00,unet_correction,U-Net + standard MLP,32.07197274102105,False,hourly mean,3
AL082025,Humberto (2025),without_era5,2025-09-29T23:00:00+00:00,unet_correction,U-Net + standard MLP,28.735941780938038,False,hourly mean,3
AL082025,Humberto (2025),without_era5,2025-09-30T00:00:00+00:00,unet_correction,U-Net + standard MLP,26.08790673149957,False,hourly mean,3
AL082025,Humberto (2025),without_era5,2025-09-30T01:00:00+00:00,unet_correction,U-Net + standard MLP,23.995180130004883,False,hourly mean,3
AL082025,Humberto (2025),without_era5,2025-09-30T02:00:00+00:00,unet_correction,U-Net + standard MLP,23.330291430155437,False,hourly mean,3
AL082025,Humberto (2025),without_era5,2025-09-30T03:00:00+00:00,unet_correction,U-Net + standard MLP,25.339803483751087,False,hourly mean,3
AL082025,Humberto (2025),without_era5,2025-09-30T04:00:00+00:00,unet_correction,U-Net + standard MLP,28.807047737969295,False,hourly mean,3
AL082025,Humberto (2025),without_era5,2025-09-30T05:00:00+00:00,unet_correction,U-Net + standard MLP,30.75693554348416,False,hourly mean,3
AL082025,Humberto (2025),without_era5,2025-09-30T06:00:00+00:00,unet_correction,U-Net + standard MLP,29.590038829379612,False,hourly mean,3
AL082025,Humberto (2025),without_era5,2025-09-30T07:00:00+00:00,unet_correction,U-Net + standard MLP,26.41305594974094,False,hourly mean,3
AL082025,Humberto (2025),without_era5,2025-09-30T08:00:00+00:00,unet_correction,U-Net + standard MLP,23.0501471625434,False,hourly mean,3
AL082025,Humberto (2025),without_era5,2025-09-30T09:00:00+00:00,unet_correction,U-Net + standard MLP,20.801706737942165,False,hourly mean,3
AL082025,Humberto (2025),without_era5,2025-09-30T10:00:00+00:00,unet_correction,U-Net + standard MLP,19.430173132154675,False,hourly mean,3
AL082025,Humberto (2025),without_era5,2025-09-30T11:00:00+00:00,unet_correction,U-Net + standard MLP,19.04915894402398,False,hourly mean,3
AL082025,Humberto (2025),without_era5,2025-09-30T12:00:00+00:00,unet_correction,U-Net + standard MLP,19.692668808831108,False,hourly mean,3
AL082025,Humberto (2025),without_era5,2025-09-30T13:00:00+00:00,unet_correction,U-Net + standard MLP,21.60472657945421,False,hourly mean,3
AL082025,Humberto (2025),without_era5,2025-09-30T14:00:00+00:00,unet_correction,U-Net + standard MLP,24.068344751993816,False,hourly mean,3
AL082025,Humberto (2025),without_era5,2025-09-30T15:00:00+00:00,unet_correction,U-Net + standard MLP,25.62376954820421,False,hourly mean,3
AL082025,Humberto (2025),without_era5,2025-09-30T16:00:00+00:00,unet_correction,U-Net + standard MLP,26.234897825453015,False,hourly mean,3
AL082025,Humberto (2025),without_era5,2025-09-30T17:00:00+00:00,unet_correction,U-Net + standard MLP,24.860216034783253,False,hourly mean,3
AL082025,Humberto (2025),without_era5,2025-09-30T18:00:00+00:00,unet_correction,U-Net + standard MLP,23.08208465576172,False,hourly mean,3
AL082025,Humberto (2025),without_era5,2025-09-30T19:00:00+00:00,unet_correction,U-Net + standard MLP,21.050461875067818,False,hourly mean,3
AL082025,Humberto (2025),without_era5,2025-09-30T20:00:00+00:00,unet_correction,U-Net + standard MLP,19.72149435679118,False,hourly mean,3
AL082025,Humberto (2025),without_era5,2025-09-30T21:00:00+00:00,unet_correction,U-Net + standard MLP,19.520557615492077,False,hourly mean,3
AL082025,Humberto (2025),without_era5,2025-09-30T22:00:00+00:00,unet_correction,U-Net + standard MLP,19.87124326494005,False,hourly mean,3
AL082025,Humberto (2025),without_era5,2025-09-30T23:00:00+00:00,unet_correction,U-Net + standard MLP,21.827243762546114,False,hourly mean,3
AL082025,Humberto (2025),without_era5,2025-10-01T00:00:00+00:00,unet_correction,U-Net + standard MLP,23.884642346700033,False,hourly mean,3
AL082025,Humberto (2025),without_era5,2025-10-01T01:00:00+00:00,unet_correction,U-Net + standard MLP,26.305188348558215,False,hourly mean,3
AL082025,Humberto (2025),without_era5,2025-10-01T02:00:00+00:00,unet_correction,U-Net + standard MLP,29.794840812683105,False,hourly mean,3
AL082025,Humberto (2025),without_era5,2025-10-01T03:00:00+00:00,unet_correction,U-Net + standard MLP,34.31916162702772,False,hourly mean,3
AL082025,Humberto (2025),without_era5,2025-10-01T04:00:00+00:00,unet_correction,U-Net + standard MLP,37.17619535658095,False,hourly mean,3
AL082025,Humberto (2025),without_era5,2025-10-01T05:00:00+00:00,unet_correction,U-Net + standard MLP,35.952859242757164,False,hourly mean,3
AL082025,Humberto (2025),without_era5,2025-10-01T06:00:00+00:00,unet_correction,U-Net + standard MLP,32.47596910264757,False,hourly mean,3
AL082025,Humberto (2025),without_era5,2025-10-01T07:00:00+00:00,unet_correction,U-Net + standard MLP,28.25619591606988,False,hourly mean,3
AL082025,Humberto (2025),without_era5,2025-10-01T08:00:00+00:00,unet_correction,U-Net + standard MLP,26.023144721984863,False,hourly mean,3
AL082025,Humberto (2025),without_era5,2025-10-01T09:00:00+00:00,unet_correction,U-Net + standard MLP,24.372632768419052,False,hourly mean,3
AL082025,Humberto (2025),without_era5,2025-10-01T10:00:00+00:00,unet_correction,U-Net + standard MLP,25.315640979342987,False,hourly mean,3
AL082025,Humberto (2025),without_era5,2025-10-01T11:00:00+00:00,unet_correction,U-Net + standard MLP,25.646366278330483,False,hourly mean,3
AL082025,Humberto (2025),without_era5,2025-09-24T12:00:00+00:00,joint_unet_mlp,Joint U-Net + latent MLP,24.8353009223938,False,hourly mean,3
AL082025,Humberto (2025),without_era5,2025-09-24T13:00:00+00:00,joint_unet_mlp,Joint U-Net + latent MLP,24.661157502068416,False,hourly mean,3
AL082025,Humberto (2025),without_era5,2025-09-24T14:00:00+00:00,joint_unet_mlp,Joint U-Net + latent MLP,24.21199671427409,False,hourly mean,3
AL082025,Humberto (2025),without_era5,2025-09-24T15:00:00+00:00,joint_unet_mlp,Joint U-Net + latent MLP,23.650015830993652,False,hourly mean,3
AL082025,Humberto (2025),without_era5,2025-09-24T16:00:00+00:00,joint_unet_mlp,Joint U-Net + latent MLP,23.31618605719672,False,hourly mean,3
AL082025,Humberto (2025),without_era5,2025-09-24T17:00:00+00:00,joint_unet_mlp,Joint U-Net + latent MLP,23.295481469896103,False,hourly mean,3
AL082025,Humberto (2025),without_era5,2025-09-24T18:00:00+00:00,joint_unet_mlp,Joint U-Net + latent MLP,23.43587525685628,False,hourly mean,3
AL082025,Humberto (2025),without_era5,2025-09-24T19:00:00+00:00,joint_unet_mlp,Joint U-Net + latent MLP,23.768903520372177,False,hourly mean,3
AL082025,Humberto (2025),without_era5,2025-09-24T20:00:00+00:00,joint_unet_mlp,Joint U-Net + latent MLP,23.863494767083065,False,hourly mean,3
AL082025,Humberto (2025),without_era5,2025-09-24T21:00:00+00:00,joint_unet_mlp,Joint U-Net + latent MLP,23.527455117967392,False,hourly mean,3
AL082025,Humberto (2025),without_era5,2025-09-24T22:00:00+00:00,joint_unet_mlp,Joint U-Net + latent MLP,22.82704173194038,False,hourly mean,3
AL082025,Humberto (2025),without_era5,2025-09-24T23:00:00+00:00,joint_unet_mlp,Joint U-Net + latent MLP,22.32132403055827,False,hourly mean,3
AL082025,Humberto (2025),without_era5,2025-09-25T00:00:00+00:00,joint_unet_mlp,Joint U-Net + latent MLP,22.13636843363444,False,hourly mean,3
AL082025,Humberto (2025),without_era5,2025-09-25T01:00:00+00:00,joint_unet_mlp,Joint U-Net + latent MLP,22.50507757398817,False,hourly mean,3
AL082025,Humberto (2025),without_era5,2025-09-25T02:00:00+00:00,joint_unet_mlp,Joint U-Net + latent MLP,22.83388572269016,False,hourly mean,3
AL082025,Humberto (2025),without_era5,2025-09-25T03:00:00+00:00,joint_unet_mlp,Joint U-Net + latent MLP,22.928519037034775,False,hourly mean,3
AL082025,Humberto (2025),without_era5,2025-09-25T04:00:00+00:00,joint_unet_mlp,Joint U-Net + latent MLP,22.310491879781086,False,hourly mean,3
AL082025,Humberto (2025),without_era5,2025-09-25T05:00:00+00:00,joint_unet_mlp,Joint U-Net + latent MLP,21.580851025051544,False,hourly mean,3
AL082025,Humberto (2025),without_era5,2025-09-25T06:00:00+00:00,joint_unet_mlp,Joint U-Net + latent MLP,21.269271956549755,False,hourly mean,3
AL082025,Humberto (2025),without_era5,2025-09-25T07:00:00+00:00,joint_unet_mlp,Joint U-Net + latent MLP,21.58926995595296,False,hourly mean,3
AL082025,Humberto (2025),without_era5,2025-09-25T08:00:00+00:00,joint_unet_mlp,Joint U-Net + latent MLP,22.624602953592937,False,hourly mean,3
AL082025,Humberto (2025),without_era5,2025-09-25T09:00:00+00:00,joint_unet_mlp,Joint U-Net + latent MLP,24.582835515340168,False,hourly mean,3
AL082025,Humberto (2025),without_era5,2025-09-25T10:00:00+00:00,joint_unet_mlp,Joint U-Net + latent MLP,26.249214596218536,False,hourly mean,3
AL082025,Humberto (2025),without_era5,2025-09-25T11:00:00+00:00,joint_unet_mlp,Joint U-Net + latent MLP,29.654048601786297,False,hourly mean,3
AL082025,Humberto (2025),without_era5,2025-09-25T12:00:00+00:00,joint_unet_mlp,Joint U-Net + latent MLP,34.058257844713005,False,hourly mean,3
AL082025,Humberto (2025),without_era5,2025-09-25T13:00:00+00:00,joint_unet_mlp,Joint U-Net + latent MLP,38.95458836025662,False,hourly mean,3
AL082025,Humberto (2025),without_era5,2025-09-25T14:00:00+00:00,joint_unet_mlp,Joint U-Net + latent MLP,39.43365711636014,False,hourly mean,3
AL082025,Humberto (2025),without_era5,2025-09-25T15:00:00+00:00,joint_unet_mlp,Joint U-Net + latent MLP,36.1647359000312,False,hourly mean,3
AL082025,Humberto (2025),without_era5,2025-09-25T16:00:00+00:00,joint_unet_mlp,Joint U-Net + latent MLP,32.11823251512316,False,hourly mean,3
AL082025,Humberto (2025),without_era5,2025-09-25T17:00:00+00:00,joint_unet_mlp,Joint U-Net + latent MLP,31.71289126078288,False,hourly mean,3
AL082025,Humberto (2025),without_era5,2025-09-25T18:00:00+00:00,joint_unet_mlp,Joint U-Net + latent MLP,33.89632066090902,False,hourly mean,3
AL082025,Humberto (2025),without_era5,2025-09-25T19:00:00+00:00,joint_unet_mlp,Joint U-Net + latent MLP,35.60099347432455,False,hourly mean,3
AL082025,Humberto (2025),without_era5,2025-09-25T20:00:00+00:00,joint_unet_mlp,Joint U-Net + latent MLP,34.257231606377495,False,hourly mean,3
AL082025,Humberto (2025),without_era5,2025-09-25T21:00:00+00:00,joint_unet_mlp,Joint U-Net + latent MLP,32.094278229607475,False,hourly mean,3
AL082025,Humberto (2025),without_era5,2025-09-25T22:00:00+00:00,joint_unet_mlp,Joint U-Net + latent MLP,31.22921254899767,False,hourly mean,3
AL082025,Humberto (2025),without_era5,2025-09-25T23:00:00+00:00,joint_unet_mlp,Joint U-Net + latent MLP,31.576117515563965,False,hourly mean,3
AL082025,Humberto (2025),without_era5,2025-09-26T00:00:00+00:00,joint_unet_mlp,Joint U-Net + latent MLP,34.62551180521647,False,hourly mean,3
AL082025,Humberto (2025),without_era5,2025-09-26T01:00:00+00:00,joint_unet_mlp,Joint U-Net + latent MLP,35.338116433885354,False,hourly mean,3
AL082025,Humberto (2025),without_era5,2025-09-26T02:00:00+00:00,joint_unet_mlp,Joint U-Net + latent MLP,35.506221983167855,False,hourly mean,3
AL082025,Humberto (2025),without_era5,2025-09-26T03:00:00+00:00,joint_unet_mlp,Joint U-Net + latent MLP,33.02730676862929,False,hourly mean,3
AL082025,Humberto (2025),without_era5,2025-09-26T04:00:00+00:00,joint_unet_mlp,Joint U-Net + latent MLP,35.090816709730355,False,hourly mean,3
AL082025,Humberto (2025),without_era5,2025-09-26T05:00:00+00:00,joint_unet_mlp,Joint U-Net + latent MLP,42.337311108907066,False,hourly mean,3
AL082025,Humberto (2025),without_era5,2025-09-26T06:00:00+00:00,joint_unet_mlp,Joint U-Net + latent MLP,49.93394682142469,False,hourly mean,3
AL082025,Humberto (2025),without_era5,2025-09-26T07:00:00+00:00,joint_unet_mlp,Joint U-Net + latent MLP,54.03882090250651,False,hourly mean,3
AL082025,Humberto (2025),without_era5,2025-09-26T08:00:00+00:00,joint_unet_mlp,Joint U-Net + latent MLP,51.0453175438775,False,hourly mean,3
AL082025,Humberto (2025),without_era5,2025-09-26T09:00:00+00:00,joint_unet_mlp,Joint U-Net + latent MLP,46.100887086656364,False,hourly mean,3
AL082025,Humberto (2025),without_era5,2025-09-26T10:00:00+00:00,joint_unet_mlp,Joint U-Net + latent MLP,42.94052018059625,False,hourly mean,3
AL082025,Humberto (2025),without_era5,2025-09-26T11:00:00+00:00,joint_unet_mlp,Joint U-Net + latent MLP,41.777068879869255,False,hourly mean,3
AL082025,Humberto (2025),without_era5,2025-09-26T12:00:00+00:00,joint_unet_mlp,Joint U-Net + latent MLP,40.775234646267364,True,hourly mean,3
AL082025,Humberto (2025),without_era5,2025-09-26T13:00:00+00:00,joint_unet_mlp,Joint U-Net + latent MLP,42.44863340589735,True,hourly mean,3
AL082025,Humberto (2025),without_era5,2025-09-26T14:00:00+00:00,joint_unet_mlp,Joint U-Net + latent MLP,45.96998426649305,True,hourly mean,3
AL082025,Humberto (2025),without_era5,2025-09-26T15:00:00+00:00,joint_unet_mlp,Joint U-Net + latent MLP,48.70351388719347,True,hourly mean,3
AL082025,Humberto (2025),without_era5,2025-09-26T16:00:00+00:00,joint_unet_mlp,Joint U-Net + latent MLP,48.87872144911025,True,hourly mean,3
AL082025,Humberto (2025),without_era5,2025-09-26T17:00:00+00:00,joint_unet_mlp,Joint U-Net + latent MLP,49.73377884758844,True,hourly mean,3
AL082025,Humberto (2025),without_era5,2025-09-26T18:00:00+00:00,joint_unet_mlp,Joint U-Net + latent MLP,53.2152656979031,True,hourly mean,3
AL082025,Humberto (2025),without_era5,2025-09-26T19:00:00+00:00,joint_unet_mlp,Joint U-Net + latent MLP,57.12891218397352,True,hourly mean,3
AL082025,Humberto (2025),without_era5,2025-09-26T20:00:00+00:00,joint_unet_mlp,Joint U-Net + latent MLP,59.63378694322375,True,hourly mean,3
AL082025,Humberto (2025),without_era5,2025-09-26T21:00:00+00:00,joint_unet_mlp,Joint U-Net + latent MLP,61.88292376200358,True,hourly mean,3
AL082025,Humberto (2025),without_era5,2025-09-26T22:00:00+00:00,joint_unet_mlp,Joint U-Net + latent MLP,62.20047463311089,True,hourly mean,3
AL082025,Humberto (2025),without_era5,2025-09-26T23:00:00+00:00,joint_unet_mlp,Joint U-Net + latent MLP,63.708539962768555,True,hourly mean,3
AL082025,Humberto (2025),without_era5,2025-09-27T00:00:00+00:00,joint_unet_mlp,Joint U-Net + latent MLP,65.60654555426703,True,hourly mean,3
AL082025,Humberto (2025),without_era5,2025-09-27T01:00:00+00:00,joint_unet_mlp,Joint U-Net + latent MLP,67.71302244398329,True,hourly mean,3
AL082025,Humberto (2025),without_era5,2025-09-27T02:00:00+00:00,joint_unet_mlp,Joint U-Net + latent MLP,68.63613764444987,True,hourly mean,3
AL082025,Humberto (2025),without_era5,2025-09-27T03:00:00+00:00,joint_unet_mlp,Joint U-Net + latent MLP,68.52430174085829,True,hourly mean,3
AL082025,Humberto (2025),without_era5,2025-09-27T04:00:00+00:00,joint_unet_mlp,Joint U-Net + latent MLP,68.15209155612523,True,hourly mean,3
AL082025,Humberto (2025),without_era5,2025-09-27T05:00:00+00:00,joint_unet_mlp,Joint U-Net + latent MLP,67.35873625013564,True,hourly mean,3
AL082025,Humberto (2025),without_era5,2025-09-27T06:00:00+00:00,joint_unet_mlp,Joint U-Net + latent MLP,65.88708856370714,True,hourly mean,3
AL082025,Humberto (2025),without_era5,2025-09-27T07:00:00+00:00,joint_unet_mlp,Joint U-Net + latent MLP,63.81478839450412,True,hourly mean,3
AL082025,Humberto (2025),without_era5,2025-09-27T08:00:00+00:00,joint_unet_mlp,Joint U-Net + latent MLP,61.313323974609375,True,hourly mean,3
AL082025,Humberto (2025),without_era5,2025-09-27T09:00:00+00:00,joint_unet_mlp,Joint U-Net + latent MLP,60.57541720072428,True,hourly mean,3
AL082025,Humberto (2025),without_era5,2025-09-27T10:00:00+00:00,joint_unet_mlp,Joint U-Net + latent MLP,61.96283552381727,True,hourly mean,3
AL082025,Humberto (2025),without_era5,2025-09-27T11:00:00+00:00,joint_unet_mlp,Joint U-Net + latent MLP,63.67184829711914,True,hourly mean,3
AL082025,Humberto (2025),without_era5,2025-09-27T12:00:00+00:00,joint_unet_mlp,Joint U-Net + latent MLP,65.75609079996744,True,hourly mean,3
AL082025,Humberto (2025),without_era5,2025-09-27T13:00:00+00:00,joint_unet_mlp,Joint U-Net + latent MLP,67.93042967054579,True,hourly mean,3
AL082025,Humberto (2025),without_era5,2025-09-27T14:00:00+00:00,joint_unet_mlp,Joint U-Net + latent MLP,70.06382921006944,True,hourly mean,3
AL082025,Humberto (2025),without_era5,2025-09-27T15:00:00+00:00,joint_unet_mlp,Joint U-Net + latent MLP,70.19987275865343,True,hourly mean,3
AL082025,Humberto (2025),without_era5,2025-09-27T16:00:00+00:00,joint_unet_mlp,Joint U-Net + latent MLP,69.80286577012804,True,hourly mean,3
AL082025,Humberto (2025),without_era5,2025-09-27T17:00:00+00:00,joint_unet_mlp,Joint U-Net + latent MLP,69.31506220499675,True,hourly mean,3
AL082025,Humberto (2025),without_era5,2025-09-27T18:00:00+00:00,joint_unet_mlp,Joint U-Net + latent MLP,69.70896996392145,True,hourly mean,3
AL082025,Humberto (2025),without_era5,2025-09-27T19:00:00+00:00,joint_unet_mlp,Joint U-Net + latent MLP,70.36098946465387,True,hourly mean,3
AL082025,Humberto (2025),without_era5,2025-09-27T20:00:00+00:00,joint_unet_mlp,Joint U-Net + latent MLP,71.61616643269856,True,hourly mean,3
AL082025,Humberto (2025),without_era5,2025-09-27T21:00:00+00:00,joint_unet_mlp,Joint U-Net + latent MLP,72.80973731146918,True,hourly mean,3
AL082025,Humberto (2025),without_era5,2025-09-27T22:00:00+00:00,joint_unet_mlp,Joint U-Net + latent MLP,72.510924021403,True,hourly mean,3
AL082025,Humberto (2025),without_era5,2025-09-27T23:00:00+00:00,joint_unet_mlp,Joint U-Net + latent MLP,71.71593602498372,False,hourly mean,3
AL082025,Humberto (2025),without_era5,2025-09-28T00:00:00+00:00,joint_unet_mlp,Joint U-Net + latent MLP,70.85668394300673,False,hourly mean,3
AL082025,Humberto (2025),without_era5,2025-09-28T01:00:00+00:00,joint_unet_mlp,Joint U-Net + latent MLP,70.24773406982422,False,hourly mean,3
AL082025,Humberto (2025),without_era5,2025-09-28T02:00:00+00:00,joint_unet_mlp,Joint U-Net + latent MLP,69.3578126695421,False,hourly mean,3
AL082025,Humberto (2025),without_era5,2025-09-28T03:00:00+00:00,joint_unet_mlp,Joint U-Net + latent MLP,68.52370368109808,False,hourly mean,3
AL082025,Humberto (2025),without_era5,2025-09-28T04:00:00+00:00,joint_unet_mlp,Joint U-Net + latent MLP,67.70085059271918,False,hourly mean,3
AL082025,Humberto (2025),without_era5,2025-09-28T05:00:00+00:00,joint_unet_mlp,Joint U-Net + latent MLP,67.85545433892145,False,hourly mean,3
AL082025,Humberto (2025),without_era5,2025-09-28T06:00:00+00:00,joint_unet_mlp,Joint U-Net + latent MLP,67.64113108317058,False,hourly mean,3
AL082025,Humberto (2025),without_era5,2025-09-28T07:00:00+00:00,joint_unet_mlp,Joint U-Net + latent MLP,66.61199124654134,False,hourly mean,3
AL082025,Humberto (2025),without_era5,2025-09-28T08:00:00+00:00,joint_unet_mlp,Joint U-Net + latent MLP,65.18462986416286,False,hourly mean,3
AL082025,Humberto (2025),without_era5,2025-09-28T09:00:00+00:00,joint_unet_mlp,Joint U-Net + latent MLP,64.61979908413358,False,hourly mean,3
AL082025,Humberto (2025),without_era5,2025-09-28T10:00:00+00:00,joint_unet_mlp,Joint U-Net + latent MLP,65.6656142340766,False,hourly mean,3
AL082025,Humberto (2025),without_era5,2025-09-28T11:00:00+00:00,joint_unet_mlp,Joint U-Net + latent MLP,63.77493286132812,False,hourly mean,3
AL082025,Humberto (2025),without_era5,2025-09-28T12:00:00+00:00,joint_unet_mlp,Joint U-Net + latent MLP,64.78885820176866,False,hourly mean,3
AL082025,Humberto (2025),without_era5,2025-09-28T13:00:00+00:00,joint_unet_mlp,Joint U-Net + latent MLP,65.80196465386285,False,hourly mean,3
AL082025,Humberto (2025),without_era5,2025-09-28T14:00:00+00:00,joint_unet_mlp,Joint U-Net + latent MLP,69.45798746744792,False,hourly mean,3
AL082025,Humberto (2025),without_era5,2025-09-28T15:00:00+00:00,joint_unet_mlp,Joint U-Net + latent MLP,69.08828841315375,False,hourly mean,3
AL082025,Humberto (2025),without_era5,2025-09-28T16:00:00+00:00,joint_unet_mlp,Joint U-Net + latent MLP,64.36281246609158,False,hourly mean,3
AL082025,Humberto (2025),without_era5,2025-09-28T17:00:00+00:00,joint_unet_mlp,Joint U-Net + latent MLP,62.102627012464744,False,hourly mean,3
AL082025,Humberto (2025),without_era5,2025-09-28T18:00:00+00:00,joint_unet_mlp,Joint U-Net + latent MLP,60.728492524888786,False,hourly mean,3
AL082025,Humberto (2025),without_era5,2025-09-28T19:00:00+00:00,joint_unet_mlp,Joint U-Net + latent MLP,63.49714724222819,False,hourly mean,3
AL082025,Humberto (2025),without_era5,2025-09-28T20:00:00+00:00,joint_unet_mlp,Joint U-Net + latent MLP,65.25398127237956,False,hourly mean,3
AL082025,Humberto (2025),without_era5,2025-09-28T21:00:00+00:00,joint_unet_mlp,Joint U-Net + latent MLP,65.55556869506836,False,hourly mean,3
AL082025,Humberto (2025),without_era5,2025-09-28T22:00:00+00:00,joint_unet_mlp,Joint U-Net + latent MLP,64.59490076700847,False,hourly mean,3
AL082025,Humberto (2025),without_era5,2025-09-28T23:00:00+00:00,joint_unet_mlp,Joint U-Net + latent MLP,61.93459192911785,False,hourly mean,3
AL082025,Humberto (2025),without_era5,2025-09-29T00:00:00+00:00,joint_unet_mlp,Joint U-Net + latent MLP,57.34688271416559,False,hourly mean,3
AL082025,Humberto (2025),without_era5,2025-09-29T01:00:00+00:00,joint_unet_mlp,Joint U-Net + latent MLP,53.47820006476508,False,hourly mean,3
AL082025,Humberto (2025),without_era5,2025-09-29T02:00:00+00:00,joint_unet_mlp,Joint U-Net + latent MLP,50.39278496636285,False,hourly mean,3
AL082025,Humberto (2025),without_era5,2025-09-29T03:00:00+00:00,joint_unet_mlp,Joint U-Net + latent MLP,51.39070532057021,False,hourly mean,3
AL082025,Humberto (2025),without_era5,2025-09-29T04:00:00+00:00,joint_unet_mlp,Joint U-Net + latent MLP,52.153810924953895,False,hourly mean,3
AL082025,Humberto (2025),without_era5,2025-09-29T05:00:00+00:00,joint_unet_mlp,Joint U-Net + latent MLP,52.075338575575095,False,hourly mean,3
AL082025,Humberto (2025),without_era5,2025-09-29T06:00:00+00:00,joint_unet_mlp,Joint U-Net + latent MLP,50.10099771287707,False,hourly mean,3
AL082025,Humberto (2025),without_era5,2025-09-29T07:00:00+00:00,joint_unet_mlp,Joint U-Net + latent MLP,50.12040710449219,False,hourly mean,3
AL082025,Humberto (2025),without_era5,2025-09-29T08:00:00+00:00,joint_unet_mlp,Joint U-Net + latent MLP,49.249716228908966,False,hourly mean,3
AL082025,Humberto (2025),without_era5,2025-09-29T09:00:00+00:00,joint_unet_mlp,Joint U-Net + latent MLP,48.02626864115397,False,hourly mean,3
AL082025,Humberto (2025),without_era5,2025-09-29T10:00:00+00:00,joint_unet_mlp,Joint U-Net + latent MLP,42.403616481357155,False,hourly mean,3
AL082025,Humberto (2025),without_era5,2025-09-29T11:00:00+00:00,joint_unet_mlp,Joint U-Net + latent MLP,41.41384728749593,False,hourly mean,3
AL082025,Humberto (2025),without_era5,2025-09-29T12:00:00+00:00,joint_unet_mlp,Joint U-Net + latent MLP,42.53636731041803,False,hourly mean,3
AL082025,Humberto (2025),without_era5,2025-09-29T13:00:00+00:00,joint_unet_mlp,Joint U-Net + latent MLP,46.655313491821296,False,hourly mean,3
AL082025,Humberto (2025),without_era5,2025-09-29T14:00:00+00:00,joint_unet_mlp,Joint U-Net + latent MLP,46.530273649427635,False,hourly mean,3
AL082025,Humberto (2025),without_era5,2025-09-29T15:00:00+00:00,joint_unet_mlp,Joint U-Net + latent MLP,45.70406108432346,False,hourly mean,3
AL082025,Humberto (2025),without_era5,2025-09-29T16:00:00+00:00,joint_unet_mlp,Joint U-Net + latent MLP,45.96501096089681,False,hourly mean,3
AL082025,Humberto (2025),without_era5,2025-09-29T17:00:00+00:00,joint_unet_mlp,Joint U-Net + latent MLP,44.715133666992195,False,hourly mean,3
AL082025,Humberto (2025),without_era5,2025-09-29T18:00:00+00:00,joint_unet_mlp,Joint U-Net + latent MLP,44.01584646436904,False,hourly mean,3
AL082025,Humberto (2025),without_era5,2025-09-29T19:00:00+00:00,joint_unet_mlp,Joint U-Net + latent MLP,43.11765077379015,False,hourly mean,3
AL082025,Humberto (2025),without_era5,2025-09-29T20:00:00+00:00,joint_unet_mlp,Joint U-Net + latent MLP,41.61846627129449,False,hourly mean,3
AL082025,Humberto (2025),without_era5,2025-09-29T21:00:00+00:00,joint_unet_mlp,Joint U-Net + latent MLP,38.398390028211814,False,hourly mean,3
AL082025,Humberto (2025),without_era5,2025-09-29T22:00:00+00:00,joint_unet_mlp,Joint U-Net + latent MLP,32.259821361965614,False,hourly mean,3
AL082025,Humberto (2025),without_era5,2025-09-29T23:00:00+00:00,joint_unet_mlp,Joint U-Net + latent MLP,29.05916235182021,False,hourly mean,3
AL082025,Humberto (2025),without_era5,2025-09-30T00:00:00+00:00,joint_unet_mlp,Joint U-Net + latent MLP,26.253295580546066,False,hourly mean,3
AL082025,Humberto (2025),without_era5,2025-09-30T01:00:00+00:00,joint_unet_mlp,Joint U-Net + latent MLP,24.918775558471683,False,hourly mean,3
AL082025,Humberto (2025),without_era5,2025-09-30T02:00:00+00:00,joint_unet_mlp,Joint U-Net + latent MLP,23.94634342193604,False,hourly mean,3
AL082025,Humberto (2025),without_era5,2025-09-30T03:00:00+00:00,joint_unet_mlp,Joint U-Net + latent MLP,23.647640864054367,False,hourly mean,3
AL082025,Humberto (2025),without_era5,2025-09-30T04:00:00+00:00,joint_unet_mlp,Joint U-Net + latent MLP,23.86002349853516,False,hourly mean,3
AL082025,Humberto (2025),without_era5,2025-09-30T05:00:00+00:00,joint_unet_mlp,Joint U-Net + latent MLP,23.825646824306915,False,hourly mean,3
AL082025,Humberto (2025),without_era5,2025-09-30T06:00:00+00:00,joint_unet_mlp,Joint U-Net + latent MLP,23.49417591094971,False,hourly mean,3
AL082025,Humberto (2025),without_era5,2025-09-30T07:00:00+00:00,joint_unet_mlp,Joint U-Net + latent MLP,22.958270708719894,False,hourly mean,3
AL082025,Humberto (2025),without_era5,2025-09-30T08:00:00+00:00,joint_unet_mlp,Joint U-Net + latent MLP,22.20510821872288,False,hourly mean,3
AL082025,Humberto (2025),without_era5,2025-09-30T09:00:00+00:00,joint_unet_mlp,Joint U-Net + latent MLP,21.834600279066304,False,hourly mean,3
AL082025,Humberto (2025),without_era5,2025-09-30T10:00:00+00:00,joint_unet_mlp,Joint U-Net + latent MLP,21.84986288282607,False,hourly mean,3
AL082025,Humberto (2025),without_era5,2025-09-30T11:00:00+00:00,joint_unet_mlp,Joint U-Net + latent MLP,22.101782523261182,False,hourly mean,3
AL082025,Humberto (2025),without_era5,2025-09-30T12:00:00+00:00,joint_unet_mlp,Joint U-Net + latent MLP,22.481132825215663,False,hourly mean,3
AL082025,Humberto (2025),without_era5,2025-09-30T13:00:00+00:00,joint_unet_mlp,Joint U-Net + latent MLP,22.80031511518691,False,hourly mean,3
AL082025,Humberto (2025),without_era5,2025-09-30T14:00:00+00:00,joint_unet_mlp,Joint U-Net + latent MLP,23.41254149542915,False,hourly mean,3
AL082025,Humberto (2025),without_era5,2025-09-30T15:00:00+00:00,joint_unet_mlp,Joint U-Net + latent MLP,23.860471195644806,False,hourly mean,3
AL082025,Humberto (2025),without_era5,2025-09-30T16:00:00+00:00,joint_unet_mlp,Joint U-Net + latent MLP,24.202054129706493,False,hourly mean,3
AL082025,Humberto (2025),without_era5,2025-09-30T17:00:00+00:00,joint_unet_mlp,Joint U-Net + latent MLP,24.287883334689678,False,hourly mean,3
AL082025,Humberto (2025),without_era5,2025-09-30T18:00:00+00:00,joint_unet_mlp,Joint U-Net + latent MLP,23.845843315124515,False,hourly mean,3
AL082025,Humberto (2025),without_era5,2025-09-30T19:00:00+00:00,joint_unet_mlp,Joint U-Net + latent MLP,23.49082957373726,False,hourly mean,3
AL082025,Humberto (2025),without_era5,2025-09-30T20:00:00+00:00,joint_unet_mlp,Joint U-Net + latent MLP,22.90731228722467,False,hourly mean,3
AL082025,Humberto (2025),without_era5,2025-09-30T21:00:00+00:00,joint_unet_mlp,Joint U-Net + latent MLP,22.59469318389893,False,hourly mean,3
AL082025,Humberto (2025),without_era5,2025-09-30T22:00:00+00:00,joint_unet_mlp,Joint U-Net + latent MLP,22.102013799879288,False,hourly mean,3
AL082025,Humberto (2025),without_era5,2025-09-30T23:00:00+00:00,joint_unet_mlp,Joint U-Net + latent MLP,22.00446881188287,False,hourly mean,3
AL082025,Humberto (2025),without_era5,2025-10-01T00:00:00+00:00,joint_unet_mlp,Joint U-Net + latent MLP,22.272333039177795,False,hourly mean,3
AL082025,Humberto (2025),without_era5,2025-10-01T01:00:00+00:00,joint_unet_mlp,Joint U-Net + latent MLP,23.173632091946075,False,hourly mean,3
AL082025,Humberto (2025),without_era5,2025-10-01T02:00:00+00:00,joint_unet_mlp,Joint U-Net + latent MLP,23.612612724304203,False,hourly mean,3
AL082025,Humberto (2025),without_era5,2025-10-01T03:00:00+00:00,joint_unet_mlp,Joint U-Net + latent MLP,26.703883488972988,False,hourly mean,3
AL082025,Humberto (2025),without_era5,2025-10-01T04:00:00+00:00,joint_unet_mlp,Joint U-Net + latent MLP,29.189853244357646,False,hourly mean,3
AL082025,Humberto (2025),without_era5,2025-10-01T05:00:00+00:00,joint_unet_mlp,Joint U-Net + latent MLP,35.43098375532362,False,hourly mean,3
AL082025,Humberto (2025),without_era5,2025-10-01T06:00:00+00:00,joint_unet_mlp,Joint U-Net + latent MLP,37.09025139278836,False,hourly mean,3
AL082025,Humberto (2025),without_era5,2025-10-01T07:00:00+00:00,joint_unet_mlp,Joint U-Net + latent MLP,37.32238727145725,False,hourly mean,3
AL082025,Humberto (2025),without_era5,2025-10-01T08:00:00+00:00,joint_unet_mlp,Joint U-Net + latent MLP,32.10263994004992,False,hourly mean,3
AL082025,Humberto (2025),without_era5,2025-10-01T09:00:00+00:00,joint_unet_mlp,Joint U-Net + latent MLP,28.86080063713922,False,hourly mean,3
AL082025,Humberto (2025),without_era5,2025-10-01T10:00:00+00:00,joint_unet_mlp,Joint U-Net + latent MLP,28.584464708964035,False,hourly mean,3
AL082025,Humberto (2025),without_era5,2025-10-01T11:00:00+00:00,joint_unet_mlp,Joint U-Net + latent MLP,29.56644900639853,False,hourly mean,3
EP112025,Kiko (2025),with_era5,2025-08-31T00:00:00+00:00,ibtracs_best_track,IBTrACS best track,15.43332,False,hourly mean,3
EP112025,Kiko (2025),with_era5,2025-08-31T01:00:00+00:00,ibtracs_best_track,IBTrACS best track,15.43332,False,hourly mean,3
EP112025,Kiko (2025),with_era5,2025-08-31T02:00:00+00:00,ibtracs_best_track,IBTrACS best track,15.43332,False,hourly mean,3
EP112025,Kiko (2025),with_era5,2025-08-31T03:00:00+00:00,ibtracs_best_track,IBTrACS best track,15.43332,False,hourly mean,3
EP112025,Kiko (2025),with_era5,2025-08-31T04:00:00+00:00,ibtracs_best_track,IBTrACS best track,15.43332,False,hourly mean,3
EP112025,Kiko (2025),with_era5,2025-08-31T05:00:00+00:00,ibtracs_best_track,IBTrACS best track,15.505818497037035,False,hourly mean,3
EP112025,Kiko (2025),with_era5,2025-08-31T06:00:00+00:00,ibtracs_best_track,IBTrACS best track,15.749798327407406,False,hourly mean,3
EP112025,Kiko (2025),with_era5,2025-08-31T07:00:00+00:00,ibtracs_best_track,IBTrACS best track,16.165275369012345,False,hourly mean,3
EP112025,Kiko (2025),with_era5,2025-08-31T08:00:00+00:00,ibtracs_best_track,IBTrACS best track,16.655574373868316,False,hourly mean,3
EP112025,Kiko (2025),with_era5,2025-08-31T09:00:00+00:00,ibtracs_best_track,IBTrACS best track,17.088691763744855,False,hourly mean,3
EP112025,Kiko (2025),with_era5,2025-08-31T10:00:00+00:00,ibtracs_best_track,IBTrACS best track,17.464632831275722,False,hourly mean,3
EP112025,Kiko (2025),with_era5,2025-08-31T11:00:00+00:00,ibtracs_best_track,IBTrACS best track,17.759241996049383,False,hourly mean,3
EP112025,Kiko (2025),with_era5,2025-08-31T12:00:00+00:00,ibtracs_best_track,IBTrACS best track,17.939551442469135,False,hourly mean,3
EP112025,Kiko (2025),with_era5,2025-08-31T13:00:00+00:00,ibtracs_best_track,IBTrACS best track,18.00554,False,hourly mean,3
EP112025,Kiko (2025),with_era5,2025-08-31T14:00:00+00:00,ibtracs_best_track,IBTrACS best track,18.00554,False,hourly mean,3
EP112025,Kiko (2025),with_era5,2025-08-31T15:00:00+00:00,ibtracs_best_track,IBTrACS best track,18.00554,False,hourly mean,3
EP112025,Kiko (2025),with_era5,2025-08-31T16:00:00+00:00,ibtracs_best_track,IBTrACS best track,18.00554,False,hourly mean,3
EP112025,Kiko (2025),with_era5,2025-08-31T17:00:00+00:00,ibtracs_best_track,IBTrACS best track,18.07803849703704,False,hourly mean,3
EP112025,Kiko (2025),with_era5,2025-08-31T18:00:00+00:00,ibtracs_best_track,IBTrACS best track,18.32201832740741,False,hourly mean,3
EP112025,Kiko (2025),with_era5,2025-08-31T19:00:00+00:00,ibtracs_best_track,IBTrACS best track,18.737479491111113,False,hourly mean,3
EP112025,Kiko (2025),with_era5,2025-08-31T20:00:00+00:00,ibtracs_best_track,IBTrACS best track,19.227757325432098,False,hourly mean,3
EP112025,Kiko (2025),with_era5,2025-08-31T21:00:00+00:00,ibtracs_best_track,IBTrACS best track,19.66087471530864,False,hourly mean,3
EP112025,Kiko (2025),with_era5,2025-08-31T22:00:00+00:00,ibtracs_best_track,IBTrACS best track,20.03683166074074,False,hourly mean,3
EP112025,Kiko (2025),with_era5,2025-08-31T23:00:00+00:00,ibtracs_best_track,IBTrACS best track,20.331461996049384,False,hourly mean,3
EP112025,Kiko (2025),with_era5,2025-09-01T00:00:00+00:00,ibtracs_best_track,IBTrACS best track,20.511771442469136,False,hourly mean,3
EP112025,Kiko (2025),with_era5,2025-09-01T01:00:00+00:00,ibtracs_best_track,IBTrACS best track,20.57776,False,hourly mean,3
EP112025,Kiko (2025),with_era5,2025-09-01T02:00:00+00:00,ibtracs_best_track,IBTrACS best track,20.57776,False,hourly mean,3
EP112025,Kiko (2025),with_era5,2025-09-01T03:00:00+00:00,ibtracs_best_track,IBTrACS best track,20.57776,False,hourly mean,3
EP112025,Kiko (2025),with_era5,2025-09-01T04:00:00+00:00,ibtracs_best_track,IBTrACS best track,20.57776,False,hourly mean,3
EP112025,Kiko (2025),with_era5,2025-09-01T05:00:00+00:00,ibtracs_best_track,IBTrACS best track,20.65025849703704,False,hourly mean,3
EP112025,Kiko (2025),with_era5,2025-09-01T06:00:00+00:00,ibtracs_best_track,IBTrACS best track,20.894238327407407,False,hourly mean,3
EP112025,Kiko (2025),with_era5,2025-09-01T07:00:00+00:00,ibtracs_best_track,IBTrACS best track,21.30971536901235,False,hourly mean,3
EP112025,Kiko (2025),with_era5,2025-09-01T08:00:00+00:00,ibtracs_best_track,IBTrACS best track,21.80001437386831,False,hourly mean,3
EP112025,Kiko (2025),with_era5,2025-09-01T09:00:00+00:00,ibtracs_best_track,IBTrACS best track,22.233131763744854,False,hourly mean,3
EP112025,Kiko (2025),with_era5,2025-09-01T10:00:00+00:00,ibtracs_best_track,IBTrACS best track,22.60907283127572,False,hourly mean,3
EP112025,Kiko (2025),with_era5,2025-09-01T11:00:00+00:00,ibtracs_best_track,IBTrACS best track,23.024512824444447,False,hourly mean,3
EP112025,Kiko (2025),with_era5,2025-09-01T12:00:00+00:00,ibtracs_best_track,IBTrACS best track,23.611455321481483,False,hourly mean,3
EP112025,Kiko (2025),with_era5,2025-09-01T13:00:00+00:00,ibtracs_best_track,IBTrACS best track,24.36987915185185,False,hourly mean,3
EP112025,Kiko (2025),with_era5,2025-09-01T14:00:00+00:00,ibtracs_best_track,IBTrACS best track,25.23125529382716,False,hourly mean,3
EP112025,Kiko (2025),with_era5,2025-09-01T15:00:00+00:00,ibtracs_best_track,IBTrACS best track,26.088503181481485,False,hourly mean,3
EP112025,Kiko (2025),with_era5,2025-09-01T16:00:00+00:00,ibtracs_best_track,IBTrACS best track,26.945751069135806,False,hourly mean,3
EP112025,Kiko (2025),with_era5,2025-09-01T17:00:00+00:00,ibtracs_best_track,IBTrACS best track,27.678357432098768,False,hourly mean,3
EP112025,Kiko (2025),with_era5,2025-09-01T18:00:00+00:00,ibtracs_best_track,IBTrACS best track,28.129289827160495,False,hourly mean,3
EP112025,Kiko (2025),with_era5,2025-09-01T19:00:00+00:00,ibtracs_best_track,IBTrACS best track,28.29442,False,hourly mean,3
EP112025,Kiko (2025),with_era5,2025-09-01T20:00:00+00:00,ibtracs_best_track,IBTrACS best track,28.29442,False,hourly mean,3
EP112025,Kiko (2025),with_era5,2025-09-01T21:00:00+00:00,ibtracs_best_track,IBTrACS best track,28.29442,False,hourly mean,3
EP112025,Kiko (2025),with_era5,2025-09-01T22:00:00+00:00,ibtracs_best_track,IBTrACS best track,28.29442,False,hourly mean,3
EP112025,Kiko (2025),with_era5,2025-09-01T23:00:00+00:00,ibtracs_best_track,IBTrACS best track,28.415092049382718,False,hourly mean,3
EP112025,Kiko (2025),with_era5,2025-09-02T00:00:00+00:00,ibtracs_best_track,IBTrACS best track,28.821566320987653,False,hourly mean,3
EP112025,Kiko (2025),with_era5,2025-09-02T01:00:00+00:00,ibtracs_best_track,IBTrACS best track,29.51384281481482,False,hourly mean,3
EP112025,Kiko (2025),with_era5,2025-09-02T02:00:00+00:00,ibtracs_best_track,IBTrACS best track,30.371249481481485,False,hourly mean,3
EP112025,Kiko (2025),with_era5,2025-09-02T03:00:00+00:00,ibtracs_best_track,IBTrACS best track,31.228656148148147,False,hourly mean,3
EP112025,Kiko (2025),with_era5,2025-09-02T04:00:00+00:00,ibtracs_best_track,IBTrACS best track,32.08606281481482,False,hourly mean,3
EP112025,Kiko (2025),with_era5,2025-09-02T05:00:00+00:00,ibtracs_best_track,IBTrACS best track,32.94346948148148,False,hourly mean,3
EP112025,Kiko (2025),with_era5,2025-09-02T06:00:00+00:00,ibtracs_best_track,IBTrACS best track,33.80087614814815,False,hourly mean,3
EP112025,Kiko (2025),with_era5,2025-09-02T07:00:00+00:00,ibtracs_best_track,IBTrACS best track,34.65830927798354,False,hourly mean,3
EP112025,Kiko (2025),with_era5,2025-09-02T08:00:00+00:00,ibtracs_best_track,IBTrACS best track,35.515768870987664,False,hourly mean,3
EP112025,Kiko (2025),with_era5,2025-09-02T09:00:00+00:00,ibtracs_best_track,IBTrACS best track,36.373175537654326,False,hourly mean,3
EP112025,Kiko (2025),with_era5,2025-09-02T10:00:00+00:00,ibtracs_best_track,IBTrACS best track,37.230555741152266,False,hourly mean,3
EP112025,Kiko (2025),with_era5,2025-09-02T11:00:00+00:00,ibtracs_best_track,IBTrACS best track,38.039640661728406,False,hourly mean,3
EP112025,Kiko (2025),with_era5,2025-09-02T12:00:00+00:00,ibtracs_best_track,IBTrACS best track,38.734457619753094,False,hourly mean,3
EP112025,Kiko (2025),with_era5,2025-09-02T13:00:00+00:00,ibtracs_best_track,IBTrACS best track,39.31495368888889,False,hourly mean,3
EP112025,Kiko (2025),with_era5,2025-09-02T14:00:00+00:00,ibtracs_best_track,IBTrACS best track,39.805263279012344,False,hourly mean,3
EP112025,Kiko (2025),with_era5,2025-09-02T15:00:00+00:00,ibtracs_best_track,IBTrACS best track,40.238412424691354,False,hourly mean,3
EP112025,Kiko (2025),with_era5,2025-09-02T16:00:00+00:00,ibtracs_best_track,IBTrACS best track,40.61440112592592,False,hourly mean,3
EP112025,Kiko (2025),with_era5,2025-09-02T17:00:00+00:00,ibtracs_best_track,IBTrACS best track,41.029767022222224,False,hourly mean,3
EP112025,Kiko (2025),with_era5,2025-09-02T18:00:00+00:00,ibtracs_best_track,IBTrACS best track,41.61661425185185,False,hourly mean,3
EP112025,Kiko (2025),with_era5,2025-09-02T19:00:00+00:00,ibtracs_best_track,IBTrACS best track,42.37494281481482,False,hourly mean,3
EP112025,Kiko (2025),with_era5,2025-09-02T20:00:00+00:00,ibtracs_best_track,IBTrACS best track,43.232349481481485,False,hourly mean,3
EP112025,Kiko (2025),with_era5,2025-09-02T21:00:00+00:00,ibtracs_best_track,IBTrACS best track,44.08975614814815,True,hourly mean,3
EP112025,Kiko (2025),with_era5,2025-09-02T22:00:00+00:00,ibtracs_best_track,IBTrACS best track,44.94716281481482,True,hourly mean,3
EP112025,Kiko (2025),with_era5,2025-09-02T23:00:00+00:00,ibtracs_best_track,IBTrACS best track,45.68389743209877,True,hourly mean,3
EP112025,Kiko (2025),with_era5,2025-09-03T00:00:00+00:00,ibtracs_best_track,IBTrACS best track,46.134829827160495,True,hourly mean,3
EP112025,Kiko (2025),with_era5,2025-09-03T01:00:00+00:00,ibtracs_best_track,IBTrACS best track,46.29996,True,hourly mean,3
EP112025,Kiko (2025),with_era5,2025-09-03T02:00:00+00:00,ibtracs_best_track,IBTrACS best track,46.29996,True,hourly mean,3
EP112025,Kiko (2025),with_era5,2025-09-03T03:00:00+00:00,ibtracs_best_track,IBTrACS best track,46.29996,False,hourly mean,3
EP112025,Kiko (2025),with_era5,2025-09-03T04:00:00+00:00,ibtracs_best_track,IBTrACS best track,46.29996,False,hourly mean,3
EP112025,Kiko (2025),with_era5,2025-09-03T05:00:00+00:00,ibtracs_best_track,IBTrACS best track,46.29996,False,hourly mean,3
EP112025,Kiko (2025),with_era5,2025-09-03T06:00:00+00:00,ibtracs_best_track,IBTrACS best track,46.29996,False,hourly mean,3
EP112025,Kiko (2025),with_era5,2025-09-03T07:00:00+00:00,ibtracs_best_track,IBTrACS best track,46.29996,False,hourly mean,3
EP112025,Kiko (2025),with_era5,2025-09-03T08:00:00+00:00,ibtracs_best_track,IBTrACS best track,46.29996,False,hourly mean,3
EP112025,Kiko (2025),with_era5,2025-09-03T09:00:00+00:00,ibtracs_best_track,IBTrACS best track,46.29996,False,hourly mean,3
EP112025,Kiko (2025),with_era5,2025-09-03T10:00:00+00:00,ibtracs_best_track,IBTrACS best track,46.29996,False,hourly mean,3
EP112025,Kiko (2025),with_era5,2025-09-03T11:00:00+00:00,ibtracs_best_track,IBTrACS best track,46.54130409876543,False,hourly mean,3
EP112025,Kiko (2025),with_era5,2025-09-03T12:00:00+00:00,ibtracs_best_track,IBTrACS best track,47.35425264197531,False,hourly mean,3
EP112025,Kiko (2025),with_era5,2025-09-03T13:00:00+00:00,ibtracs_best_track,IBTrACS best track,48.73880562962963,False,hourly mean,3
EP112025,Kiko (2025),with_era5,2025-09-03T14:00:00+00:00,ibtracs_best_track,IBTrACS best track,50.45361896296296,False,hourly mean,3
EP112025,Kiko (2025),with_era5,2025-09-03T15:00:00+00:00,ibtracs_best_track,IBTrACS best track,52.168432296296295,False,hourly mean,3
EP112025,Kiko (2025),with_era5,2025-09-03T16:00:00+00:00,ibtracs_best_track,IBTrACS best track,53.883245629629634,False,hourly mean,3
EP112025,Kiko (2025),with_era5,2025-09-03T17:00:00+00:00,ibtracs_best_track,IBTrACS best track,55.54979014320988,False,hourly mean,3
EP112025,Kiko (2025),with_era5,2025-09-03T18:00:00+00:00,ibtracs_best_track,IBTrACS best track,57.102013767901234,True,hourly mean,3
EP112025,Kiko (2025),with_era5,2025-09-03T19:00:00+00:00,ibtracs_best_track,IBTrACS best track,58.5399165037037,True,hourly mean,3
EP112025,Kiko (2025),with_era5,2025-09-03T20:00:00+00:00,ibtracs_best_track,IBTrACS best track,59.88763276049383,True,hourly mean,3
EP112025,Kiko (2025),with_era5,2025-09-03T21:00:00+00:00,ibtracs_best_track,IBTrACS best track,61.17818857283951,True,hourly mean,3
EP112025,Kiko (2025),with_era5,2025-09-03T22:00:00+00:00,ibtracs_best_track,IBTrACS best track,62.41158394074074,True,hourly mean,3
EP112025,Kiko (2025),with_era5,2025-09-03T23:00:00+00:00,ibtracs_best_track,IBTrACS best track,63.443012404938266,True,hourly mean,3
EP112025,Kiko (2025),with_era5,2025-09-04T00:00:00+00:00,ibtracs_best_track,IBTrACS best track,64.07431775802469,True,hourly mean,3
EP112025,Kiko (2025),with_era5,2025-09-04T01:00:00+00:00,ibtracs_best_track,IBTrACS best track,64.3055,True,hourly mean,3
EP112025,Kiko (2025),with_era5,2025-09-04T02:00:00+00:00,ibtracs_best_track,IBTrACS best track,64.3055,True,hourly mean,3
EP112025,Kiko (2025),with_era5,2025-09-04T03:00:00+00:00,ibtracs_best_track,IBTrACS best track,64.3055,True,hourly mean,3
EP112025,Kiko (2025),with_era5,2025-09-04T04:00:00+00:00,ibtracs_best_track,IBTrACS best track,64.3055,True,hourly mean,3
EP112025,Kiko (2025),with_era5,2025-09-04T05:00:00+00:00,ibtracs_best_track,IBTrACS best track,64.18482795061728,True,hourly mean,3
EP112025,Kiko (2025),with_era5,2025-09-04T06:00:00+00:00,ibtracs_best_track,IBTrACS best track,63.77835367901235,True,hourly mean,3
EP112025,Kiko (2025),with_era5,2025-09-04T07:00:00+00:00,ibtracs_best_track,IBTrACS best track,63.0860374904321,True,hourly mean,3
EP112025,Kiko (2025),with_era5,2025-09-04T08:00:00+00:00,ibtracs_best_track,IBTrACS best track,62.22857789742798,True,hourly mean,3
EP112025,Kiko (2025),with_era5,2025-09-04T09:00:00+00:00,ibtracs_best_track,IBTrACS best track,61.37117123076131,False,hourly mean,3
EP112025,Kiko (2025),with_era5,2025-09-04T10:00:00+00:00,ibtracs_best_track,IBTrACS best track,60.513804258847735,False,hourly mean,3
EP112025,Kiko (2025),with_era5,2025-09-04T11:00:00+00:00,ibtracs_best_track,IBTrACS best track,59.77712256790124,False,hourly mean,3
EP112025,Kiko (2025),with_era5,2025-09-04T12:00:00+00:00,ibtracs_best_track,IBTrACS best track,59.32619017283951,False,hourly mean,3
EP112025,Kiko (2025),with_era5,2025-09-04T13:00:00+00:00,ibtracs_best_track,IBTrACS best track,59.16106,False,hourly mean,3
EP112025,Kiko (2025),with_era5,2025-09-04T14:00:00+00:00,ibtracs_best_track,IBTrACS best track,59.16106,False,hourly mean,3
EP112025,Kiko (2025),with_era5,2025-09-04T15:00:00+00:00,ibtracs_best_track,IBTrACS best track,59.16106,False,hourly mean,3
EP112025,Kiko (2025),with_era5,2025-09-04T16:00:00+00:00,ibtracs_best_track,IBTrACS best track,59.16106,False,hourly mean,3
EP112025,Kiko (2025),with_era5,2025-09-04T17:00:00+00:00,ibtracs_best_track,IBTrACS best track,59.131844661728394,False,hourly mean,3
EP112025,Kiko (2025),with_era5,2025-09-04T18:00:00+00:00,ibtracs_best_track,IBTrACS best track,58.95020147160494,False,hourly mean,3
EP112025,Kiko (2025),with_era5,2025-09-04T19:00:00+00:00,ibtracs_best_track,IBTrACS best track,58.67329087407408,False,hourly mean,3
EP112025,Kiko (2025),with_era5,2025-09-04T20:00:00+00:00,ibtracs_best_track,IBTrACS best track,58.28714031604938,False,hourly mean,3
EP112025,Kiko (2025),with_era5,2025-09-04T21:00:00+00:00,ibtracs_best_track,IBTrACS best track,57.88193627654321,False,hourly mean,3
EP112025,Kiko (2025),with_era5,2025-09-04T22:00:00+00:00,ibtracs_best_track,IBTrACS best track,57.400518311111114,False,hourly mean,3
EP112025,Kiko (2025),with_era5,2025-09-04T23:00:00+00:00,ibtracs_best_track,IBTrACS best track,56.91020872098766,False,hourly mean,3
EP112025,Kiko (2025),with_era5,2025-09-05T00:00:00+00:00,ibtracs_best_track,IBTrACS best track,56.47705957530865,False,hourly mean,3
EP112025,Kiko (2025),with_era5,2025-09-05T01:00:00+00:00,ibtracs_best_track,IBTrACS best track,56.10107087407408,False,hourly mean,3
EP112025,Kiko (2025),with_era5,2025-09-05T02:00:00+00:00,ibtracs_best_track,IBTrACS best track,55.733973797530865,False,hourly mean,3
EP112025,Kiko (2025),with_era5,2025-09-05T03:00:00+00:00,ibtracs_best_track,IBTrACS best track,55.30971627654321,False,hourly mean,3
EP112025,Kiko (2025),with_era5,2025-09-05T04:00:00+00:00,ibtracs_best_track,IBTrACS best track,54.82829831111112,False,hourly mean,3
EP112025,Kiko (2025),with_era5,2025-09-05T05:00:00+00:00,ibtracs_best_track,IBTrACS best track,54.33798872098765,False,hourly mean,3
EP112025,Kiko (2025),with_era5,2025-09-05T06:00:00+00:00,ibtracs_best_track,IBTrACS best track,53.90483957530864,False,hourly mean,3
EP112025,Kiko (2025),with_era5,2025-09-05T07:00:00+00:00,ibtracs_best_track,IBTrACS best track,53.52883499617284,False,hourly mean,3
EP112025,Kiko (2025),with_era5,2025-09-05T08:00:00+00:00,ibtracs_best_track,IBTrACS best track,53.161698224876545,False,hourly mean,3
EP112025,Kiko (2025),with_era5,2025-09-05T09:00:00+00:00,ibtracs_best_track,IBTrACS best track,52.73739307018519,False,hourly mean,3
EP112025,Kiko (2025),with_era5,2025-09-05T10:00:00+00:00,ibtracs_best_track,IBTrACS best track,52.255943348950616,False,hourly mean,3
EP112025,Kiko (2025),with_era5,2025-09-05T11:00:00+00:00,ibtracs_best_track,IBTrACS best track,51.88639313666667,False,hourly mean,3
EP112025,Kiko (2025),with_era5,2025-09-05T12:00:00+00:00,ibtracs_best_track,IBTrACS best track,51.85981353,False,hourly mean,3
EP112025,Kiko (2025),with_era5,2025-09-05T13:00:00+00:00,ibtracs_best_track,IBTrACS best track,52.176196589999996,False,hourly mean,3
EP112025,Kiko (2025),with_era5,2025-09-05T14:00:00+00:00,ibtracs_best_track,IBTrACS best track,52.66649030222222,False,hourly mean,3
EP112025,Kiko (2025),with_era5,2025-09-05T15:00:00+00:00,ibtracs_best_track,IBTrACS best track,53.099623570000006,False,hourly mean,3
EP112025,Kiko (2025),with_era5,2025-09-05T16:00:00+00:00,ibtracs_best_track,IBTrACS best track,53.47559639333334,False,hourly mean,3
EP112025,Kiko (2025),with_era5,2025-09-05T17:00:00+00:00,ibtracs_best_track,IBTrACS best track,53.891009923333336,False,hourly mean,3
EP112025,Kiko (2025),with_era5,2025-09-05T18:00:00+00:00,ibtracs_best_track,IBTrACS best track,54.47790478666667,False,hourly mean,3
EP112025,Kiko (2025),with_era5,2025-09-05T19:00:00+00:00,ibtracs_best_track,IBTrACS best track,55.23628098333333,False,hourly mean,3
EP112025,Kiko (2025),with_era5,2025-09-05T20:00:00+00:00,ibtracs_best_track,IBTrACS best track,56.09362149207819,False,hourly mean,3
EP112025,Kiko (2025),with_era5,2025-09-05T21:00:00+00:00,ibtracs_best_track,IBTrACS best track,56.950948769238686,False,hourly mean,3
EP112025,Kiko (2025),with_era5,2025-09-05T22:00:00+00:00,ibtracs_best_track,IBTrACS best track,57.80827604639918,False,hourly mean,3
EP112025,Kiko (2025),with_era5,2025-09-05T23:00:00+00:00,ibtracs_best_track,IBTrACS best track,58.61740066172839,False,hourly mean,3
EP112025,Kiko (2025),with_era5,2025-09-06T00:00:00+00:00,ibtracs_best_track,IBTrACS best track,59.312217619753085,False,hourly mean,3
EP112025,Kiko (2025),with_era5,2025-09-06T01:00:00+00:00,ibtracs_best_track,IBTrACS best track,59.8927136888889,False,hourly mean,3
EP112025,Kiko (2025),with_era5,2025-09-06T02:00:00+00:00,ibtracs_best_track,IBTrACS best track,60.38302327901235,False,hourly mean,3
EP112025,Kiko (2025),with_era5,2025-09-06T03:00:00+00:00,ibtracs_best_track,IBTrACS best track,60.81617242469136,False,hourly mean,3
EP112025,Kiko (2025),with_era5,2025-09-06T04:00:00+00:00,ibtracs_best_track,IBTrACS best track,61.19216112592593,False,hourly mean,3
EP112025,Kiko (2025),with_era5,2025-09-06T05:00:00+00:00,ibtracs_best_track,IBTrACS best track,61.36618292345679,False,hourly mean,3
EP112025,Kiko (2025),with_era5,2025-09-06T06:00:00+00:00,ibtracs_best_track,IBTrACS best track,61.140081609876546,False,hourly mean,3
EP112025,Kiko (2025),with_era5,2025-09-06T07:00:00+00:00,ibtracs_best_track,IBTrACS best track,60.513817490432096,False,hourly mean,3
EP112025,Kiko (2025),with_era5,2025-09-06T08:00:00+00:00,ibtracs_best_track,IBTrACS best track,59.65634466584362,False,hourly mean,3
EP112025,Kiko (2025),with_era5,2025-09-06T09:00:00+00:00,ibtracs_best_track,IBTrACS best track,58.78456849855968,False,hourly mean,3
EP112025,Kiko (2025),with_era5,2025-09-06T10:00:00+00:00,ibtracs_best_track,IBTrACS best track,57.92712213713992,False,hourly mean,3
EP112025,Kiko (2025),with_era5,2025-09-06T11:00:00+00:00,ibtracs_best_track,IBTrACS best track,57.19045367777778,False,hourly mean,3
EP112025,Kiko (2025),with_era5,2025-09-06T12:00:00+00:00,ibtracs_best_track,IBTrACS best track,56.75389078333333,False,hourly mean,3
EP112025,Kiko (2025),with_era5,2025-09-06T13:00:00+00:00,ibtracs_best_track,IBTrACS best track,56.588840000000005,False,hourly mean,3
EP112025,Kiko (2025),with_era5,2025-09-06T14:00:00+00:00,ibtracs_best_track,IBTrACS best track,56.588840000000005,False,hourly mean,3
EP112025,Kiko (2025),with_era5,2025-09-06T15:00:00+00:00,ibtracs_best_track,IBTrACS best track,56.588840000000005,False,hourly mean,3
EP112025,Kiko (2025),with_era5,2025-09-06T16:00:00+00:00,ibtracs_best_track,IBTrACS best track,56.588840000000005,False,hourly mean,3
EP112025,Kiko (2025),with_era5,2025-09-06T17:00:00+00:00,ibtracs_best_track,IBTrACS best track,56.661290863333335,False,hourly mean,3
EP112025,Kiko (2025),with_era5,2025-09-06T18:00:00+00:00,ibtracs_best_track,IBTrACS best track,56.905223060000004,False,hourly mean,3
EP112025,Kiko (2025),with_era5,2025-09-06T19:00:00+00:00,ibtracs_best_track,IBTrACS best track,57.32063659,False,hourly mean,3
EP112025,Kiko (2025),with_era5,2025-09-06T20:00:00+00:00,ibtracs_best_track,IBTrACS best track,57.810930302222225,False,hourly mean,3
EP112025,Kiko (2025),with_era5,2025-09-06T21:00:00+00:00,ibtracs_best_track,IBTrACS best track,58.24406357,False,hourly mean,3
EP112025,Kiko (2025),with_era5,2025-09-06T22:00:00+00:00,ibtracs_best_track,IBTrACS best track,58.62003639333333,False,hourly mean,3
EP112025,Kiko (2025),with_era5,2025-09-06T23:00:00+00:00,ibtracs_best_track,IBTrACS best track,58.86639790888889,False,hourly mean,3
EP112025,Kiko (2025),with_era5,2025-09-07T00:00:00+00:00,ibtracs_best_track,IBTrACS best track,58.884117646666674,False,hourly mean,3
EP112025,Kiko (2025),with_era5,2025-09-07T01:00:00+00:00,ibtracs_best_track,IBTrACS best track,58.67319560666667,False,hourly mean,3
EP112025,Kiko (2025),with_era5,2025-09-07T02:00:00+00:00,ibtracs_best_track,IBTrACS best track,58.30608265222222,False,hourly mean,3
EP112025,Kiko (2025),with_era5,2025-09-07T03:00:00+00:00,ibtracs_best_track,IBTrACS best track,57.88180925333334,False,hourly mean,3
EP112025,Kiko (2025),with_era5,2025-09-07T04:00:00+00:00,ibtracs_best_track,IBTrACS best track,57.40037541,False,hourly mean,3
EP112025,Kiko (2025),with_era5,2025-09-07T05:00:00+00:00,ibtracs_best_track,IBTrACS best track,56.91008169777778,False,hourly mean,3
EP112025,Kiko (2025),with_era5,2025-09-07T06:00:00+00:00,ibtracs_best_track,IBTrACS best track,56.47694843,False,hourly mean,3
EP112025,Kiko (2025),with_era5,2025-09-07T07:00:00+00:00,ibtracs_best_track,IBTrACS best track,56.10097031403293,False,hourly mean,3
EP112025,Kiko (2025),with_era5,2025-09-07T08:00:00+00:00,ibtracs_best_track,IBTrACS best track,55.73385735958848,False,hourly mean,3
EP112025,Kiko (2025),with_era5,2025-09-07T09:00:00+00:00,ibtracs_best_track,IBTrACS best track,55.30958396069959,False,hourly mean,3
EP112025,Kiko (2025),with_era5,2025-09-07T10:00:00+00:00,ibtracs_best_track,IBTrACS best track,54.828155409999994,False,hourly mean,3
EP112025,Kiko (2025),with_era5,2025-09-07T11:00:00+00:00,ibtracs_best_track,IBTrACS best track,54.265410834444445,False,hourly mean,3
EP112025,Kiko (2025),with_era5,2025-09-07T12:00:00+00:00,ibtracs_best_track,IBTrACS best track,53.588345370000006,False,hourly mean,3
EP112025,Kiko (2025),with_era5,2025-09-07T13:00:00+00:00,ibtracs_best_track,IBTrACS best track,52.79695901666667,False,hourly mean,3
EP112025,Kiko (2025),with_era5,2025-09-07T14:00:00+00:00,ibtracs_best_track,IBTrACS best track,51.93955234999999,False,hourly mean,3
EP112025,Kiko (2025),with_era5,2025-09-07T15:00:00+00:00,ibtracs_best_track,IBTrACS best track,51.08214568333332,False,hourly mean,3
EP112025,Kiko (2025),with_era5,2025-09-07T16:00:00+00:00,ibtracs_best_track,IBTrACS best track,50.22473901666666,False,hourly mean,3
EP112025,Kiko (2025),with_era5,2025-09-07T17:00:00+00:00,ibtracs_best_track,IBTrACS best track,49.48808378888888,False,hourly mean,3
EP112025,Kiko (2025),with_era5,2025-09-07T18:00:00+00:00,ibtracs_best_track,IBTrACS best track,49.037230783333335,False,hourly mean,3
EP112025,Kiko (2025),with_era5,2025-09-07T19:00:00+00:00,ibtracs_best_track,IBTrACS best track,48.87217999999999,False,hourly mean,3
EP112025,Kiko (2025),with_era5,2025-09-07T20:00:00+00:00,ibtracs_best_track,IBTrACS best track,48.87217999999999,False,hourly mean,3
EP112025,Kiko (2025),with_era5,2025-09-07T21:00:00+00:00,ibtracs_best_track,IBTrACS best track,48.87217999999999,False,hourly mean,3
EP112025,Kiko (2025),with_era5,2025-09-07T22:00:00+00:00,ibtracs_best_track,IBTrACS best track,48.87217999999999,False,hourly mean,3
EP112025,Kiko (2025),with_era5,2025-09-07T23:00:00+00:00,ibtracs_best_track,IBTrACS best track,48.82387942444444,False,hourly mean,3
EP112025,Kiko (2025),with_era5,2025-09-08T00:00:00+00:00,ibtracs_best_track,IBTrACS best track,48.66125796,False,hourly mean,3
EP112025,Kiko (2025),with_era5,2025-09-08T01:00:00+00:00,ibtracs_best_track,IBTrACS best track,48.38431560666667,False,hourly mean,3
EP112025,Kiko (2025),with_era5,2025-09-08T02:00:00+00:00,ibtracs_best_track,IBTrACS best track,48.01720265222222,False,hourly mean,3
EP112025,Kiko (2025),with_era5,2025-09-08T03:00:00+00:00,ibtracs_best_track,IBTrACS best track,47.59292925333333,False,hourly mean,3
EP112025,Kiko (2025),with_era5,2025-09-08T04:00:00+00:00,ibtracs_best_track,IBTrACS best track,47.11149541,False,hourly mean,3
EP112025,Kiko (2025),with_era5,2025-09-08T05:00:00+00:00,ibtracs_best_track,IBTrACS best track,46.621201697777785,False,hourly mean,3
EP112025,Kiko (2025),with_era5,2025-09-08T06:00:00+00:00,ibtracs_best_track,IBTrACS best track,46.18806843000001,False,hourly mean,3
EP112025,Kiko (2025),with_era5,2025-09-08T07:00:00+00:00,ibtracs_best_track,IBTrACS best track,45.812095606666674,False,hourly mean,3
EP112025,Kiko (2025),with_era5,2025-09-08T08:00:00+00:00,ibtracs_best_track,IBTrACS best track,45.44498265222222,False,hourly mean,3
EP112025,Kiko (2025),with_era5,2025-09-08T09:00:00+00:00,ibtracs_best_track,IBTrACS best track,45.02070925333334,False,hourly mean,3
EP112025,Kiko (2025),with_era5,2025-09-08T10:00:00+00:00,ibtracs_best_track,IBTrACS best track,44.539275409999995,False,hourly mean,3
EP112025,Kiko (2025),with_era5,2025-09-08T11:00:00+00:00,ibtracs_best_track,IBTrACS best track,44.048981697777776,False,hourly mean,3
EP112025,Kiko (2025),with_era5,2025-09-08T12:00:00+00:00,ibtracs_best_track,IBTrACS best track,43.61584843,False,hourly mean,3
EP112025,Kiko (2025),with_era5,2025-09-08T13:00:00+00:00,ibtracs_best_track,IBTrACS best track,43.239875606666665,False,hourly mean,3
EP112025,Kiko (2025),with_era5,2025-09-08T14:00:00+00:00,ibtracs_best_track,IBTrACS best track,42.87276265222223,False,hourly mean,3
EP112025,Kiko (2025),with_era5,2025-09-08T15:00:00+00:00,ibtracs_best_track,IBTrACS best track,42.448489253333335,False,hourly mean,3
EP112025,Kiko (2025),with_era5,2025-09-08T16:00:00+00:00,ibtracs_best_track,IBTrACS best track,41.96705541,False,hourly mean,3
EP112025,Kiko (2025),with_era5,2025-09-08T17:00:00+00:00,ibtracs_best_track,IBTrACS best track,41.35601025888889,False,hourly mean,3
EP112025,Kiko (2025),with_era5,2025-09-08T18:00:00+00:00,ibtracs_best_track,IBTrACS best track,40.51632333,False,hourly mean,3
EP112025,Kiko (2025),with_era5,2025-09-08T19:00:00+00:00,ibtracs_best_track,IBTrACS best track,39.44799462333333,False,hourly mean,3
EP112025,Kiko (2025),with_era5,2025-09-08T20:00:00+00:00,ibtracs_best_track,IBTrACS best track,38.22347500222222,False,hourly mean,3
EP112025,Kiko (2025),with_era5,2025-09-08T21:00:00+00:00,ibtracs_best_track,IBTrACS best track,36.94179493666667,False,hourly mean,3
EP112025,Kiko (2025),with_era5,2025-09-08T22:00:00+00:00,ibtracs_best_track,IBTrACS best track,35.60295442666667,False,hourly mean,3
EP112025,Kiko (2025),with_era5,2025-09-08T23:00:00+00:00,ibtracs_best_track,IBTrACS best track,34.255254047777775,False,hourly mean,3
EP112025,Kiko (2025),with_era5,2025-09-09T00:00:00+00:00,ibtracs_best_track,IBTrACS best track,32.964714113333336,False,hourly mean,3
EP112025,Kiko (2025),with_era5,2025-09-09T01:00:00+00:00,ibtracs_best_track,IBTrACS best track,31.731334623333336,False,hourly mean,3
EP112025,Kiko (2025),with_era5,2025-09-09T02:00:00+00:00,ibtracs_best_track,IBTrACS best track,30.506815002222226,False,hourly mean,3
EP112025,Kiko (2025),with_era5,2025-09-09T03:00:00+00:00,ibtracs_best_track,IBTrACS best track,29.225134936666667,False,hourly mean,3
EP112025,Kiko (2025),with_era5,2025-09-09T04:00:00+00:00,ibtracs_best_track,IBTrACS best track,27.886294426666666,False,hourly mean,3
EP112025,Kiko (2025),with_era5,2025-09-09T05:00:00+00:00,ibtracs_best_track,IBTrACS best track,26.586894623333333,False,hourly mean,3
EP112025,Kiko (2025),with_era5,2025-09-09T06:00:00+00:00,ibtracs_best_track,IBTrACS best track,25.458976153333335,False,hourly mean,3
EP112025,Kiko (2025),with_era5,2025-09-09T07:00:00+00:00,ibtracs_best_track,IBTrACS best track,24.50253901666667,False,hourly mean,3
EP112025,Kiko (2025),with_era5,2025-09-09T08:00:00+00:00,ibtracs_best_track,IBTrACS best track,23.64513235,False,hourly mean,3
EP112025,Kiko (2025),with_era5,2025-09-09T09:00:00+00:00,ibtracs_best_track,IBTrACS best track,22.787725683333335,False,hourly mean,3
EP112025,Kiko (2025),with_era5,2025-09-09T10:00:00+00:00,ibtracs_best_track,IBTrACS best track,21.93031901666667,False,hourly mean,3
EP112025,Kiko (2025),with_era5,2025-09-09T11:00:00+00:00,ibtracs_best_track,IBTrACS best track,21.19366378888889,False,hourly mean,3
EP112025,Kiko (2025),with_era5,2025-09-09T12:00:00+00:00,ibtracs_best_track,IBTrACS best track,20.742810783333336,False,hourly mean,3
EP112025,Kiko (2025),with_era5,2025-09-09T13:00:00+00:00,ibtracs_best_track,IBTrACS best track,20.57776,False,hourly mean,3
EP112025,Kiko (2025),with_era5,2025-09-09T14:00:00+00:00,ibtracs_best_track,IBTrACS best track,20.57776,False,hourly mean,3
EP112025,Kiko (2025),with_era5,2025-09-09T15:00:00+00:00,ibtracs_best_track,IBTrACS best track,20.57776,False,hourly mean,3
EP112025,Kiko (2025),with_era5,2025-09-09T16:00:00+00:00,ibtracs_best_track,IBTrACS best track,20.57776,False,hourly mean,3
EP112025,Kiko (2025),with_era5,2025-09-09T17:00:00+00:00,ibtracs_best_track,IBTrACS best track,20.529459424444447,False,hourly mean,3
EP112025,Kiko (2025),with_era5,2025-09-09T18:00:00+00:00,ibtracs_best_track,IBTrACS best track,20.36683796,False,hourly mean,3
EP112025,Kiko (2025),with_era5,2025-09-09T19:00:00+00:00,ibtracs_best_track,IBTrACS best track,20.08989560666667,False,hourly mean,3
EP112025,Kiko (2025),with_era5,2025-09-09T20:00:00+00:00,ibtracs_best_track,IBTrACS best track,19.722782652222225,False,hourly mean,3
EP112025,Kiko (2025),with_era5,2025-09-09T21:00:00+00:00,ibtracs_best_track,IBTrACS best track,19.298509253333336,False,hourly mean,3
EP112025,Kiko (2025),with_era5,2025-09-09T22:00:00+00:00,ibtracs_best_track,IBTrACS best track,18.81707541,False,hourly mean,3
EP112025,Kiko (2025),with_era5,2025-09-09T23:00:00+00:00,ibtracs_best_track,IBTrACS best track,18.375082273333334,False,hourly mean,3
EP112025,Kiko (2025),with_era5,2025-09-10T00:00:00+00:00,ibtracs_best_track,IBTrACS best track,18.10457047,False,hourly mean,3
EP112025,Kiko (2025),with_era5,2025-09-10T01:00:00+00:00,ibtracs_best_track,IBTrACS best track,18.00554,False,hourly mean,3
EP112025,Kiko (2025),with_era5,2025-09-10T02:00:00+00:00,ibtracs_best_track,IBTrACS best track,18.00554,False,hourly mean,3
EP112025,Kiko (2025),with_era5,2025-09-10T03:00:00+00:00,ibtracs_best_track,IBTrACS best track,18.00554,False,hourly mean,3
EP112025,Kiko (2025),with_era5,2025-09-10T04:00:00+00:00,ibtracs_best_track,IBTrACS best track,18.00554,False,hourly mean,3
EP112025,Kiko (2025),with_era5,2025-09-10T05:00:00+00:00,ibtracs_best_track,IBTrACS best track,17.957239424444445,False,hourly mean,3
EP112025,Kiko (2025),with_era5,2025-09-10T06:00:00+00:00,ibtracs_best_track,IBTrACS best track,17.79461796,False,hourly mean,3
EP112025,Kiko (2025),with_era5,2025-09-10T07:00:00+00:00,ibtracs_best_track,IBTrACS best track,17.517675606666668,False,hourly mean,3
EP112025,Kiko (2025),with_era5,2025-09-10T08:00:00+00:00,ibtracs_best_track,IBTrACS best track,17.150562652222224,False,hourly mean,3
EP112025,Kiko (2025),with_era5,2025-09-10T09:00:00+00:00,ibtracs_best_track,IBTrACS best track,16.726289253333334,False,hourly mean,3
EP112025,Kiko (2025),with_era5,2025-09-10T10:00:00+00:00,ibtracs_best_track,IBTrACS best track,16.24485541,False,hourly mean,3
EP112025,Kiko (2025),with_era5,2025-09-10T11:00:00+00:00,ibtracs_best_track,IBTrACS best track,15.802862273333332,False,hourly mean,3
EP112025,Kiko (2025),with_era5,2025-09-10T12:00:00+00:00,ibtracs_best_track,IBTrACS best track,15.532350469999999,False,hourly mean,3
EP112025,Kiko (2025),with_era5,2025-09-10T13:00:00+00:00,ibtracs_best_track,IBTrACS best track,15.43332,False,hourly mean,3
EP112025,Kiko (2025),with_era5,2025-09-10T14:00:00+00:00,ibtracs_best_track,IBTrACS best track,15.43332,False,hourly mean,3
EP112025,Kiko (2025),with_era5,2025-09-10T15:00:00+00:00,ibtracs_best_track,IBTrACS best track,15.43332,False,hourly mean,3
EP112025,Kiko (2025),with_era5,2025-09-10T16:00:00+00:00,ibtracs_best_track,IBTrACS best track,15.43332,False,hourly mean,3
EP112025,Kiko (2025),with_era5,2025-09-10T17:00:00+00:00,ibtracs_best_track,IBTrACS best track,15.43332,False,hourly mean,3
EP112025,Kiko (2025),with_era5,2025-09-10T18:00:00+00:00,ibtracs_best_track,IBTrACS best track,15.43332,False,hourly mean,3
EP112025,Kiko (2025),with_era5,2025-09-10T19:00:00+00:00,ibtracs_best_track,IBTrACS best track,15.43332,False,hourly mean,3
EP112025,Kiko (2025),with_era5,2025-09-10T20:00:00+00:00,ibtracs_best_track,IBTrACS best track,15.43332,False,hourly mean,3
EP112025,Kiko (2025),with_era5,2025-09-10T21:00:00+00:00,ibtracs_best_track,IBTrACS best track,15.43332,False,hourly mean,3
EP112025,Kiko (2025),with_era5,2025-09-10T22:00:00+00:00,ibtracs_best_track,IBTrACS best track,15.43332,False,hourly mean,3
EP112025,Kiko (2025),with_era5,2025-09-10T23:00:00+00:00,ibtracs_best_track,IBTrACS best track,15.43332,False,hourly mean,3
EP112025,Kiko (2025),with_era5,2025-08-31T00:00:00+00:00,era5_max_wind,ERA5 10 m maximum,9.294077505286964,False,hourly mean,3
EP112025,Kiko (2025),with_era5,2025-08-31T01:00:00+00:00,era5_max_wind,ERA5 10 m maximum,9.294077505286964,False,hourly mean,3
EP112025,Kiko (2025),with_era5,2025-08-31T02:00:00+00:00,era5_max_wind,ERA5 10 m maximum,9.021471971569431,False,hourly mean,3
EP112025,Kiko (2025),with_era5,2025-08-31T03:00:00+00:00,era5_max_wind,ERA5 10 m maximum,8.748866437851897,False,hourly mean,3
EP112025,Kiko (2025),with_era5,2025-08-31T04:00:00+00:00,era5_max_wind,ERA5 10 m maximum,8.476260904134362,False,hourly mean,3
EP112025,Kiko (2025),with_era5,2025-08-31T05:00:00+00:00,era5_max_wind,ERA5 10 m maximum,8.476260904134362,False,hourly mean,3
EP112025,Kiko (2025),with_era5,2025-08-31T06:00:00+00:00,era5_max_wind,ERA5 10 m maximum,8.476260904134362,False,hourly mean,3
EP112025,Kiko (2025),with_era5,2025-08-31T07:00:00+00:00,era5_max_wind,ERA5 10 m maximum,8.476260904134362,False,hourly mean,3
EP112025,Kiko (2025),with_era5,2025-08-31T08:00:00+00:00,era5_max_wind,ERA5 10 m maximum,9.31034788252799,False,hourly mean,3
EP112025,Kiko (2025),with_era5,2025-08-31T09:00:00+00:00,era5_max_wind,ERA5 10 m maximum,10.144434860921619,False,hourly mean,3
EP112025,Kiko (2025),with_era5,2025-08-31T10:00:00+00:00,era5_max_wind,ERA5 10 m maximum,10.978521839315247,False,hourly mean,3
EP112025,Kiko (2025),with_era5,2025-08-31T11:00:00+00:00,era5_max_wind,ERA5 10 m maximum,10.978521839315247,False,hourly mean,3
EP112025,Kiko (2025),with_era5,2025-08-31T12:00:00+00:00,era5_max_wind,ERA5 10 m maximum,10.978521839315247,False,hourly mean,3
EP112025,Kiko (2025),with_era5,2025-08-31T13:00:00+00:00,era5_max_wind,ERA5 10 m maximum,10.978521839315247,False,hourly mean,3
EP112025,Kiko (2025),with_era5,2025-08-31T14:00:00+00:00,era5_max_wind,ERA5 10 m maximum,11.698939924918477,False,hourly mean,3
EP112025,Kiko (2025),with_era5,2025-08-31T15:00:00+00:00,era5_max_wind,ERA5 10 m maximum,12.419358010521705,False,hourly mean,3
EP112025,Kiko (2025),with_era5,2025-08-31T16:00:00+00:00,era5_max_wind,ERA5 10 m maximum,13.139776096124935,False,hourly mean,3
EP112025,Kiko (2025),with_era5,2025-08-31T17:00:00+00:00,era5_max_wind,ERA5 10 m maximum,13.139776096124935,False,hourly mean,3
EP112025,Kiko (2025),with_era5,2025-08-31T18:00:00+00:00,era5_max_wind,ERA5 10 m maximum,13.139776096124935,False,hourly mean,3
EP112025,Kiko (2025),with_era5,2025-08-31T19:00:00+00:00,era5_max_wind,ERA5 10 m maximum,13.139776096124935,False,hourly mean,3
EP112025,Kiko (2025),with_era5,2025-08-31T20:00:00+00:00,era5_max_wind,ERA5 10 m maximum,13.25956766491848,False,hourly mean,3
EP112025,Kiko (2025),with_era5,2025-08-31T21:00:00+00:00,era5_max_wind,ERA5 10 m maximum,13.379359233712028,False,hourly mean,3
EP112025,Kiko (2025),with_era5,2025-08-31T22:00:00+00:00,era5_max_wind,ERA5 10 m maximum,13.499150802505573,False,hourly mean,3
EP112025,Kiko (2025),with_era5,2025-08-31T23:00:00+00:00,era5_max_wind,ERA5 10 m maximum,13.499150802505573,False,hourly mean,3
EP112025,Kiko (2025),with_era5,2025-09-01T00:00:00+00:00,era5_max_wind,ERA5 10 m maximum,13.499150802505573,False,hourly mean,3
EP112025,Kiko (2025),with_era5,2025-09-01T01:00:00+00:00,era5_max_wind,ERA5 10 m maximum,13.499150802505573,False,hourly mean,3
EP112025,Kiko (2025),with_era5,2025-09-01T02:00:00+00:00,era5_max_wind,ERA5 10 m maximum,13.163947344215876,False,hourly mean,3
EP112025,Kiko (2025),with_era5,2025-09-01T03:00:00+00:00,era5_max_wind,ERA5 10 m maximum,12.828743885926178,False,hourly mean,3
EP112025,Kiko (2025),with_era5,2025-09-01T04:00:00+00:00,era5_max_wind,ERA5 10 m maximum,12.49354042763648,False,hourly mean,3
EP112025,Kiko (2025),with_era5,2025-09-01T05:00:00+00:00,era5_max_wind,ERA5 10 m maximum,12.49354042763648,False,hourly mean,3
EP112025,Kiko (2025),with_era5,2025-09-01T06:00:00+00:00,era5_max_wind,ERA5 10 m maximum,12.49354042763648,False,hourly mean,3
EP112025,Kiko (2025),with_era5,2025-09-01T07:00:00+00:00,era5_max_wind,ERA5 10 m maximum,12.49354042763648,False,hourly mean,3
EP112025,Kiko (2025),with_era5,2025-09-01T08:00:00+00:00,era5_max_wind,ERA5 10 m maximum,12.278632162127442,False,hourly mean,3
EP112025,Kiko (2025),with_era5,2025-09-01T09:00:00+00:00,era5_max_wind,ERA5 10 m maximum,12.063723896618404,False,hourly mean,3
EP112025,Kiko (2025),with_era5,2025-09-01T10:00:00+00:00,era5_max_wind,ERA5 10 m maximum,11.848815631109366,False,hourly mean,3
EP112025,Kiko (2025),with_era5,2025-09-01T11:00:00+00:00,era5_max_wind,ERA5 10 m maximum,11.848815631109366,False,hourly mean,3
EP112025,Kiko (2025),with_era5,2025-09-01T12:00:00+00:00,era5_max_wind,ERA5 10 m maximum,11.848815631109366,False,hourly mean,3
EP112025,Kiko (2025),with_era5,2025-09-01T13:00:00+00:00,era5_max_wind,ERA5 10 m maximum,11.848815631109366,False,hourly mean,3
EP112025,Kiko (2025),with_era5,2025-09-01T14:00:00+00:00,era5_max_wind,ERA5 10 m maximum,12.2868612573454,False,hourly mean,3
EP112025,Kiko (2025),with_era5,2025-09-01T15:00:00+00:00,era5_max_wind,ERA5 10 m maximum,12.724906883581438,False,hourly mean,3
EP112025,Kiko (2025),with_era5,2025-09-01T16:00:00+00:00,era5_max_wind,ERA5 10 m maximum,13.162952509817472,False,hourly mean,3
EP112025,Kiko (2025),with_era5,2025-09-01T17:00:00+00:00,era5_max_wind,ERA5 10 m maximum,13.162952509817472,False,hourly mean,3
EP112025,Kiko (2025),with_era5,2025-09-01T18:00:00+00:00,era5_max_wind,ERA5 10 m maximum,13.162952509817472,False,hourly mean,3
EP112025,Kiko (2025),with_era5,2025-09-01T19:00:00+00:00,era5_max_wind,ERA5 10 m maximum,13.162952509817472,False,hourly mean,3
EP112025,Kiko (2025),with_era5,2025-09-01T20:00:00+00:00,era5_max_wind,ERA5 10 m maximum,13.218217890005151,False,hourly mean,3
EP112025,Kiko (2025),with_era5,2025-09-01T21:00:00+00:00,era5_max_wind,ERA5 10 m maximum,13.273483270192832,False,hourly mean,3
EP112025,Kiko (2025),with_era5,2025-09-01T22:00:00+00:00,era5_max_wind,ERA5 10 m maximum,13.328748650380513,False,hourly mean,3
EP112025,Kiko (2025),with_era5,2025-09-01T23:00:00+00:00,era5_max_wind,ERA5 10 m maximum,13.328748650380513,False,hourly mean,3
EP112025,Kiko (2025),with_era5,2025-09-02T00:00:00+00:00,era5_max_wind,ERA5 10 m maximum,13.328748650380513,False,hourly mean,3
EP112025,Kiko (2025),with_era5,2025-09-02T01:00:00+00:00,era5_max_wind,ERA5 10 m maximum,13.328748650380513,False,hourly mean,3
EP112025,Kiko (2025),with_era5,2025-09-02T02:00:00+00:00,era5_max_wind,ERA5 10 m maximum,13.186601122240845,False,hourly mean,3
EP112025,Kiko (2025),with_era5,2025-09-02T03:00:00+00:00,era5_max_wind,ERA5 10 m maximum,13.044453594101178,False,hourly mean,3
EP112025,Kiko (2025),with_era5,2025-09-02T04:00:00+00:00,era5_max_wind,ERA5 10 m maximum,12.90230606596151,False,hourly mean,3
EP112025,Kiko (2025),with_era5,2025-09-02T05:00:00+00:00,era5_max_wind,ERA5 10 m maximum,12.90230606596151,False,hourly mean,3
EP112025,Kiko (2025),with_era5,2025-09-02T06:00:00+00:00,era5_max_wind,ERA5 10 m maximum,12.90230606596151,False,hourly mean,3
EP112025,Kiko (2025),with_era5,2025-09-02T07:00:00+00:00,era5_max_wind,ERA5 10 m maximum,12.90230606596151,False,hourly mean,3
EP112025,Kiko (2025),with_era5,2025-09-02T08:00:00+00:00,era5_max_wind,ERA5 10 m maximum,12.954231479279846,False,hourly mean,3
EP112025,Kiko (2025),with_era5,2025-09-02T09:00:00+00:00,era5_max_wind,ERA5 10 m maximum,13.00615689259818,False,hourly mean,3
EP112025,Kiko (2025),with_era5,2025-09-02T10:00:00+00:00,era5_max_wind,ERA5 10 m maximum,13.058082305916516,False,hourly mean,3
EP112025,Kiko (2025),with_era5,2025-09-02T11:00:00+00:00,era5_max_wind,ERA5 10 m maximum,13.058082305916516,False,hourly mean,3
EP112025,Kiko (2025),with_era5,2025-09-02T12:00:00+00:00,era5_max_wind,ERA5 10 m maximum,13.058082305916516,False,hourly mean,3
EP112025,Kiko (2025),with_era5,2025-09-02T13:00:00+00:00,era5_max_wind,ERA5 10 m maximum,13.058082305916516,False,hourly mean,3
EP112025,Kiko (2025),with_era5,2025-09-02T14:00:00+00:00,era5_max_wind,ERA5 10 m maximum,13.110392333979155,False,hourly mean,3
EP112025,Kiko (2025),with_era5,2025-09-02T15:00:00+00:00,era5_max_wind,ERA5 10 m maximum,13.16270236204179,False,hourly mean,3
EP112025,Kiko (2025),with_era5,2025-09-02T16:00:00+00:00,era5_max_wind,ERA5 10 m maximum,13.215012390104425,False,hourly mean,3
EP112025,Kiko (2025),with_era5,2025-09-02T17:00:00+00:00,era5_max_wind,ERA5 10 m maximum,13.215012390104425,False,hourly mean,3
EP112025,Kiko (2025),with_era5,2025-09-02T18:00:00+00:00,era5_max_wind,ERA5 10 m maximum,13.215012390104425,False,hourly mean,3
EP112025,Kiko (2025),with_era5,2025-09-02T19:00:00+00:00,era5_max_wind,ERA5 10 m maximum,13.215012390104425,False,hourly mean,3
EP112025,Kiko (2025),with_era5,2025-09-02T20:00:00+00:00,era5_max_wind,ERA5 10 m maximum,13.95248952079937,False,hourly mean,3
EP112025,Kiko (2025),with_era5,2025-09-02T21:00:00+00:00,era5_max_wind,ERA5 10 m maximum,14.689966651494316,True,hourly mean,3
EP112025,Kiko (2025),with_era5,2025-09-02T22:00:00+00:00,era5_max_wind,ERA5 10 m maximum,15.427443782189263,True,hourly mean,3
EP112025,Kiko (2025),with_era5,2025-09-02T23:00:00+00:00,era5_max_wind,ERA5 10 m maximum,15.427443782189263,True,hourly mean,3
EP112025,Kiko (2025),with_era5,2025-09-03T00:00:00+00:00,era5_max_wind,ERA5 10 m maximum,15.427443782189263,True,hourly mean,3
EP112025,Kiko (2025),with_era5,2025-09-03T01:00:00+00:00,era5_max_wind,ERA5 10 m maximum,15.427443782189263,True,hourly mean,3
EP112025,Kiko (2025),with_era5,2025-09-03T02:00:00+00:00,era5_max_wind,ERA5 10 m maximum,15.677023257077051,True,hourly mean,3
EP112025,Kiko (2025),with_era5,2025-09-03T03:00:00+00:00,era5_max_wind,ERA5 10 m maximum,15.92660273196484,False,hourly mean,3
EP112025,Kiko (2025),with_era5,2025-09-03T04:00:00+00:00,era5_max_wind,ERA5 10 m maximum,16.17618220685263,False,hourly mean,3
EP112025,Kiko (2025),with_era5,2025-09-03T05:00:00+00:00,era5_max_wind,ERA5 10 m maximum,16.17618220685263,False,hourly mean,3
EP112025,Kiko (2025),with_era5,2025-09-03T06:00:00+00:00,era5_max_wind,ERA5 10 m maximum,16.17618220685263,False,hourly mean,3
EP112025,Kiko (2025),with_era5,2025-09-03T07:00:00+00:00,era5_max_wind,ERA5 10 m maximum,16.17618220685263,False,hourly mean,3
EP112025,Kiko (2025),with_era5,2025-09-03T08:00:00+00:00,era5_max_wind,ERA5 10 m maximum,16.058039548871953,False,hourly mean,3
EP112025,Kiko (2025),with_era5,2025-09-03T09:00:00+00:00,era5_max_wind,ERA5 10 m maximum,15.939896890891278,False,hourly mean,3
EP112025,Kiko (2025),with_era5,2025-09-03T10:00:00+00:00,era5_max_wind,ERA5 10 m maximum,15.821754232910605,False,hourly mean,3
EP112025,Kiko (2025),with_era5,2025-09-03T11:00:00+00:00,era5_max_wind,ERA5 10 m maximum,15.821754232910605,False,hourly mean,3
EP112025,Kiko (2025),with_era5,2025-09-03T12:00:00+00:00,era5_max_wind,ERA5 10 m maximum,15.821754232910605,False,hourly mean,3
EP112025,Kiko (2025),with_era5,2025-09-03T13:00:00+00:00,era5_max_wind,ERA5 10 m maximum,15.821754232910605,False,hourly mean,3
EP112025,Kiko (2025),with_era5,2025-09-03T14:00:00+00:00,era5_max_wind,ERA5 10 m maximum,16.337442720765594,False,hourly mean,3
EP112025,Kiko (2025),with_era5,2025-09-03T15:00:00+00:00,era5_max_wind,ERA5 10 m maximum,16.853131208620585,False,hourly mean,3
EP112025,Kiko (2025),with_era5,2025-09-03T16:00:00+00:00,era5_max_wind,ERA5 10 m maximum,17.36881969647558,False,hourly mean,3
EP112025,Kiko (2025),with_era5,2025-09-03T17:00:00+00:00,era5_max_wind,ERA5 10 m maximum,17.36881969647558,False,hourly mean,3
EP112025,Kiko (2025),with_era5,2025-09-03T18:00:00+00:00,era5_max_wind,ERA5 10 m maximum,17.36881969647558,True,hourly mean,3
EP112025,Kiko (2025),with_era5,2025-09-03T19:00:00+00:00,era5_max_wind,ERA5 10 m maximum,17.36881969647558,True,hourly mean,3
EP112025,Kiko (2025),with_era5,2025-09-03T20:00:00+00:00,era5_max_wind,ERA5 10 m maximum,16.798853784462473,True,hourly mean,3
EP112025,Kiko (2025),with_era5,2025-09-03T21:00:00+00:00,era5_max_wind,ERA5 10 m maximum,16.22888787244937,True,hourly mean,3
EP112025,Kiko (2025),with_era5,2025-09-03T22:00:00+00:00,era5_max_wind,ERA5 10 m maximum,15.658921960436267,True,hourly mean,3
EP112025,Kiko (2025),with_era5,2025-09-03T23:00:00+00:00,era5_max_wind,ERA5 10 m maximum,15.658921960436267,True,hourly mean,3
EP112025,Kiko (2025),with_era5,2025-09-04T00:00:00+00:00,era5_max_wind,ERA5 10 m maximum,15.658921960436267,True,hourly mean,3
EP112025,Kiko (2025),with_era5,2025-09-04T01:00:00+00:00,era5_max_wind,ERA5 10 m maximum,15.658921960436267,True,hourly mean,3
EP112025,Kiko (2025),with_era5,2025-09-04T02:00:00+00:00,era5_max_wind,ERA5 10 m maximum,15.937214004777466,True,hourly mean,3
EP112025,Kiko (2025),with_era5,2025-09-04T03:00:00+00:00,era5_max_wind,ERA5 10 m maximum,16.21550604911867,True,hourly mean,3
EP112025,Kiko (2025),with_era5,2025-09-04T04:00:00+00:00,era5_max_wind,ERA5 10 m maximum,16.49379809345987,True,hourly mean,3
EP112025,Kiko (2025),with_era5,2025-09-04T05:00:00+00:00,era5_max_wind,ERA5 10 m maximum,16.49379809345987,True,hourly mean,3
EP112025,Kiko (2025),with_era5,2025-09-04T06:00:00+00:00,era5_max_wind,ERA5 10 m maximum,16.49379809345987,True,hourly mean,3
EP112025,Kiko (2025),with_era5,2025-09-04T07:00:00+00:00,era5_max_wind,ERA5 10 m maximum,16.49379809345987,True,hourly mean,3
EP112025,Kiko (2025),with_era5,2025-09-04T08:00:00+00:00,era5_max_wind,ERA5 10 m maximum,16.481189567180966,True,hourly mean,3
EP112025,Kiko (2025),with_era5,2025-09-04T09:00:00+00:00,era5_max_wind,ERA5 10 m maximum,16.468581040902063,False,hourly mean,3
EP112025,Kiko (2025),with_era5,2025-09-04T10:00:00+00:00,era5_max_wind,ERA5 10 m maximum,16.45597251462316,False,hourly mean,3
EP112025,Kiko (2025),with_era5,2025-09-04T11:00:00+00:00,era5_max_wind,ERA5 10 m maximum,16.45597251462316,False,hourly mean,3
EP112025,Kiko (2025),with_era5,2025-09-04T12:00:00+00:00,era5_max_wind,ERA5 10 m maximum,16.45597251462316,False,hourly mean,3
EP112025,Kiko (2025),with_era5,2025-09-04T13:00:00+00:00,era5_max_wind,ERA5 10 m maximum,16.45597251462316,False,hourly mean,3
EP112025,Kiko (2025),with_era5,2025-09-04T14:00:00+00:00,era5_max_wind,ERA5 10 m maximum,16.64234827454353,False,hourly mean,3
EP112025,Kiko (2025),with_era5,2025-09-04T15:00:00+00:00,era5_max_wind,ERA5 10 m maximum,16.8287240344639,False,hourly mean,3
EP112025,Kiko (2025),with_era5,2025-09-04T16:00:00+00:00,era5_max_wind,ERA5 10 m maximum,17.015099794384273,False,hourly mean,3
EP112025,Kiko (2025),with_era5,2025-09-04T17:00:00+00:00,era5_max_wind,ERA5 10 m maximum,17.015099794384273,False,hourly mean,3
EP112025,Kiko (2025),with_era5,2025-09-04T18:00:00+00:00,era5_max_wind,ERA5 10 m maximum,17.015099794384273,False,hourly mean,3
EP112025,Kiko (2025),with_era5,2025-09-04T19:00:00+00:00,era5_max_wind,ERA5 10 m maximum,17.015099794384273,False,hourly mean,3
EP112025,Kiko (2025),with_era5,2025-09-04T20:00:00+00:00,era5_max_wind,ERA5 10 m maximum,16.72878206946128,False,hourly mean,3
EP112025,Kiko (2025),with_era5,2025-09-04T21:00:00+00:00,era5_max_wind,ERA5 10 m maximum,16.44246434453829,False,hourly mean,3
EP112025,Kiko (2025),with_era5,2025-09-04T22:00:00+00:00,era5_max_wind,ERA5 10 m maximum,16.156146619615296,False,hourly mean,3
EP112025,Kiko (2025),with_era5,2025-09-04T23:00:00+00:00,era5_max_wind,ERA5 10 m maximum,16.156146619615296,False,hourly mean,3
EP112025,Kiko (2025),with_era5,2025-09-05T00:00:00+00:00,era5_max_wind,ERA5 10 m maximum,16.156146619615296,False,hourly mean,3
EP112025,Kiko (2025),with_era5,2025-09-05T01:00:00+00:00,era5_max_wind,ERA5 10 m maximum,16.156146619615296,False,hourly mean,3
EP112025,Kiko (2025),with_era5,2025-09-05T02:00:00+00:00,era5_max_wind,ERA5 10 m maximum,15.673199732952307,False,hourly mean,3
EP112025,Kiko (2025),with_era5,2025-09-05T03:00:00+00:00,era5_max_wind,ERA5 10 m maximum,15.190252846289324,False,hourly mean,3
EP112025,Kiko (2025),with_era5,2025-09-05T04:00:00+00:00,era5_max_wind,ERA5 10 m maximum,14.70730595962634,False,hourly mean,3
EP112025,Kiko (2025),with_era5,2025-09-05T05:00:00+00:00,era5_max_wind,ERA5 10 m maximum,14.70730595962634,False,hourly mean,3
EP112025,Kiko (2025),with_era5,2025-09-05T06:00:00+00:00,era5_max_wind,ERA5 10 m maximum,14.70730595962634,False,hourly mean,3
EP112025,Kiko (2025),with_era5,2025-09-05T07:00:00+00:00,era5_max_wind,ERA5 10 m maximum,14.70730595962634,False,hourly mean,3
EP112025,Kiko (2025),with_era5,2025-09-05T08:00:00+00:00,era5_max_wind,ERA5 10 m maximum,14.96783172978578,False,hourly mean,3
EP112025,Kiko (2025),with_era5,2025-09-05T09:00:00+00:00,era5_max_wind,ERA5 10 m maximum,15.228357499945224,False,hourly mean,3
EP112025,Kiko (2025),with_era5,2025-09-05T10:00:00+00:00,era5_max_wind,ERA5 10 m maximum,15.488883270104665,False,hourly mean,3
EP112025,Kiko (2025),with_era5,2025-09-05T11:00:00+00:00,era5_max_wind,ERA5 10 m maximum,15.488883270104665,False,hourly mean,3
EP112025,Kiko (2025),with_era5,2025-09-05T12:00:00+00:00,era5_max_wind,ERA5 10 m maximum,15.488883270104665,False,hourly mean,3
EP112025,Kiko (2025),with_era5,2025-09-05T13:00:00+00:00,era5_max_wind,ERA5 10 m maximum,15.488883270104665,False,hourly mean,3
EP112025,Kiko (2025),with_era5,2025-09-05T14:00:00+00:00,era5_max_wind,ERA5 10 m maximum,15.588128733066824,False,hourly mean,3
EP112025,Kiko (2025),with_era5,2025-09-05T15:00:00+00:00,era5_max_wind,ERA5 10 m maximum,15.687374196028989,False,hourly mean,3
EP112025,Kiko (2025),with_era5,2025-09-05T16:00:00+00:00,era5_max_wind,ERA5 10 m maximum,15.78661965899115,False,hourly mean,3
EP112025,Kiko (2025),with_era5,2025-09-05T17:00:00+00:00,era5_max_wind,ERA5 10 m maximum,15.78661965899115,False,hourly mean,3
EP112025,Kiko (2025),with_era5,2025-09-05T18:00:00+00:00,era5_max_wind,ERA5 10 m maximum,15.78661965899115,False,hourly mean,3
EP112025,Kiko (2025),with_era5,2025-09-05T19:00:00+00:00,era5_max_wind,ERA5 10 m maximum,15.78661965899115,False,hourly mean,3
EP112025,Kiko (2025),with_era5,2025-09-05T20:00:00+00:00,era5_max_wind,ERA5 10 m maximum,15.689868124566479,False,hourly mean,3
EP112025,Kiko (2025),with_era5,2025-09-05T21:00:00+00:00,era5_max_wind,ERA5 10 m maximum,15.593116590141804,False,hourly mean,3
EP112025,Kiko (2025),with_era5,2025-09-05T22:00:00+00:00,era5_max_wind,ERA5 10 m maximum,15.496365055717135,False,hourly mean,3
EP112025,Kiko (2025),with_era5,2025-09-05T23:00:00+00:00,era5_max_wind,ERA5 10 m maximum,15.496365055717135,False,hourly mean,3
EP112025,Kiko (2025),with_era5,2025-09-06T00:00:00+00:00,era5_max_wind,ERA5 10 m maximum,15.496365055717135,False,hourly mean,3
EP112025,Kiko (2025),with_era5,2025-09-06T01:00:00+00:00,era5_max_wind,ERA5 10 m maximum,15.496365055717135,False,hourly mean,3
EP112025,Kiko (2025),with_era5,2025-09-06T02:00:00+00:00,era5_max_wind,ERA5 10 m maximum,15.240499106992496,False,hourly mean,3
EP112025,Kiko (2025),with_era5,2025-09-06T03:00:00+00:00,era5_max_wind,ERA5 10 m maximum,14.98463315826786,False,hourly mean,3
EP112025,Kiko (2025),with_era5,2025-09-06T04:00:00+00:00,era5_max_wind,ERA5 10 m maximum,14.728767209543221,False,hourly mean,3
EP112025,Kiko (2025),with_era5,2025-09-06T05:00:00+00:00,era5_max_wind,ERA5 10 m maximum,14.728767209543221,False,hourly mean,3
EP112025,Kiko (2025),with_era5,2025-09-06T06:00:00+00:00,era5_max_wind,ERA5 10 m maximum,14.728767209543221,False,hourly mean,3
EP112025,Kiko (2025),with_era5,2025-09-06T07:00:00+00:00,era5_max_wind,ERA5 10 m maximum,14.728767209543221,False,hourly mean,3
EP112025,Kiko (2025),with_era5,2025-09-06T08:00:00+00:00,era5_max_wind,ERA5 10 m maximum,15.054282887811043,False,hourly mean,3
EP112025,Kiko (2025),with_era5,2025-09-06T09:00:00+00:00,era5_max_wind,ERA5 10 m maximum,15.379798566078867,False,hourly mean,3
EP112025,Kiko (2025),with_era5,2025-09-06T10:00:00+00:00,era5_max_wind,ERA5 10 m maximum,15.70531424434669,False,hourly mean,3
EP112025,Kiko (2025),with_era5,2025-09-06T11:00:00+00:00,era5_max_wind,ERA5 10 m maximum,15.70531424434669,False,hourly mean,3
EP112025,Kiko (2025),with_era5,2025-09-06T12:00:00+00:00,era5_max_wind,ERA5 10 m maximum,15.70531424434669,False,hourly mean,3
EP112025,Kiko (2025),with_era5,2025-09-06T13:00:00+00:00,era5_max_wind,ERA5 10 m maximum,15.70531424434669,False,hourly mean,3
EP112025,Kiko (2025),with_era5,2025-09-06T14:00:00+00:00,era5_max_wind,ERA5 10 m maximum,15.878238303481544,False,hourly mean,3
EP112025,Kiko (2025),with_era5,2025-09-06T15:00:00+00:00,era5_max_wind,ERA5 10 m maximum,16.0511623626164,False,hourly mean,3
EP112025,Kiko (2025),with_era5,2025-09-06T16:00:00+00:00,era5_max_wind,ERA5 10 m maximum,16.224086421751252,False,hourly mean,3
EP112025,Kiko (2025),with_era5,2025-09-06T17:00:00+00:00,era5_max_wind,ERA5 10 m maximum,16.224086421751252,False,hourly mean,3
EP112025,Kiko (2025),with_era5,2025-09-06T18:00:00+00:00,era5_max_wind,ERA5 10 m maximum,16.224086421751252,False,hourly mean,3
EP112025,Kiko (2025),with_era5,2025-09-06T19:00:00+00:00,era5_max_wind,ERA5 10 m maximum,16.224086421751252,False,hourly mean,3
EP112025,Kiko (2025),with_era5,2025-09-06T20:00:00+00:00,era5_max_wind,ERA5 10 m maximum,16.434399731578036,False,hourly mean,3
EP112025,Kiko (2025),with_era5,2025-09-06T21:00:00+00:00,era5_max_wind,ERA5 10 m maximum,16.64471304140482,False,hourly mean,3
EP112025,Kiko (2025),with_era5,2025-09-06T22:00:00+00:00,era5_max_wind,ERA5 10 m maximum,16.855026351231608,False,hourly mean,3
EP112025,Kiko (2025),with_era5,2025-09-06T23:00:00+00:00,era5_max_wind,ERA5 10 m maximum,16.855026351231608,False,hourly mean,3
EP112025,Kiko (2025),with_era5,2025-09-07T00:00:00+00:00,era5_max_wind,ERA5 10 m maximum,16.855026351231608,False,hourly mean,3
EP112025,Kiko (2025),with_era5,2025-09-07T01:00:00+00:00,era5_max_wind,ERA5 10 m maximum,16.855026351231608,False,hourly mean,3
EP112025,Kiko (2025),with_era5,2025-09-07T02:00:00+00:00,era5_max_wind,ERA5 10 m maximum,16.85019041444384,False,hourly mean,3
EP112025,Kiko (2025),with_era5,2025-09-07T03:00:00+00:00,era5_max_wind,ERA5 10 m maximum,16.84535447765607,False,hourly mean,3
EP112025,Kiko (2025),with_era5,2025-09-07T04:00:00+00:00,era5_max_wind,ERA5 10 m maximum,16.840518540868306,False,hourly mean,3
EP112025,Kiko (2025),with_era5,2025-09-07T05:00:00+00:00,era5_max_wind,ERA5 10 m maximum,16.840518540868306,False,hourly mean,3
EP112025,Kiko (2025),with_era5,2025-09-07T06:00:00+00:00,era5_max_wind,ERA5 10 m maximum,16.840518540868306,False,hourly mean,3
EP112025,Kiko (2025),with_era5,2025-09-07T07:00:00+00:00,era5_max_wind,ERA5 10 m maximum,16.840518540868306,False,hourly mean,3
EP112025,Kiko (2025),with_era5,2025-09-07T08:00:00+00:00,era5_max_wind,ERA5 10 m maximum,17.238440877868122,False,hourly mean,3
EP112025,Kiko (2025),with_era5,2025-09-07T09:00:00+00:00,era5_max_wind,ERA5 10 m maximum,17.63636321486794,False,hourly mean,3
EP112025,Kiko (2025),with_era5,2025-09-07T10:00:00+00:00,era5_max_wind,ERA5 10 m maximum,18.03428555186776,False,hourly mean,3
EP112025,Kiko (2025),with_era5,2025-09-07T11:00:00+00:00,era5_max_wind,ERA5 10 m maximum,18.03428555186776,False,hourly mean,3
EP112025,Kiko (2025),with_era5,2025-09-07T12:00:00+00:00,era5_max_wind,ERA5 10 m maximum,18.03428555186776,False,hourly mean,3
EP112025,Kiko (2025),with_era5,2025-09-07T13:00:00+00:00,era5_max_wind,ERA5 10 m maximum,18.03428555186776,False,hourly mean,3
EP112025,Kiko (2025),with_era5,2025-09-07T14:00:00+00:00,era5_max_wind,ERA5 10 m maximum,18.20084399082301,False,hourly mean,3
EP112025,Kiko (2025),with_era5,2025-09-07T15:00:00+00:00,era5_max_wind,ERA5 10 m maximum,18.36740242977826,False,hourly mean,3
EP112025,Kiko (2025),with_era5,2025-09-07T16:00:00+00:00,era5_max_wind,ERA5 10 m maximum,18.53396086873351,False,hourly mean,3
EP112025,Kiko (2025),with_era5,2025-09-07T17:00:00+00:00,era5_max_wind,ERA5 10 m maximum,18.53396086873351,False,hourly mean,3
EP112025,Kiko (2025),with_era5,2025-09-07T18:00:00+00:00,era5_max_wind,ERA5 10 m maximum,18.53396086873351,False,hourly mean,3
EP112025,Kiko (2025),with_era5,2025-09-07T19:00:00+00:00,era5_max_wind,ERA5 10 m maximum,18.53396086873351,False,hourly mean,3
EP112025,Kiko (2025),with_era5,2025-09-07T20:00:00+00:00,era5_max_wind,ERA5 10 m maximum,18.187168579405185,False,hourly mean,3
EP112025,Kiko (2025),with_era5,2025-09-07T21:00:00+00:00,era5_max_wind,ERA5 10 m maximum,17.840376290076865,False,hourly mean,3
EP112025,Kiko (2025),with_era5,2025-09-07T22:00:00+00:00,era5_max_wind,ERA5 10 m maximum,17.493584000748545,False,hourly mean,3
EP112025,Kiko (2025),with_era5,2025-09-07T23:00:00+00:00,era5_max_wind,ERA5 10 m maximum,17.493584000748545,False,hourly mean,3
EP112025,Kiko (2025),with_era5,2025-09-08T00:00:00+00:00,era5_max_wind,ERA5 10 m maximum,17.493584000748545,False,hourly mean,3
EP112025,Kiko (2025),with_era5,2025-09-08T01:00:00+00:00,era5_max_wind,ERA5 10 m maximum,17.493584000748545,False,hourly mean,3
EP112025,Kiko (2025),with_era5,2025-09-08T02:00:00+00:00,era5_max_wind,ERA5 10 m maximum,18.18845061031807,False,hourly mean,3
EP112025,Kiko (2025),with_era5,2025-09-08T03:00:00+00:00,era5_max_wind,ERA5 10 m maximum,18.883317219887605,False,hourly mean,3
EP112025,Kiko (2025),with_era5,2025-09-08T04:00:00+00:00,era5_max_wind,ERA5 10 m maximum,19.578183829457135,False,hourly mean,3
EP112025,Kiko (2025),with_era5,2025-09-08T05:00:00+00:00,era5_max_wind,ERA5 10 m maximum,19.578183829457135,False,hourly mean,3
EP112025,Kiko (2025),with_era5,2025-09-08T06:00:00+00:00,era5_max_wind,ERA5 10 m maximum,19.578183829457135,False,hourly mean,3
EP112025,Kiko (2025),with_era5,2025-09-08T07:00:00+00:00,era5_max_wind,ERA5 10 m maximum,19.578183829457135,False,hourly mean,3
EP112025,Kiko (2025),with_era5,2025-09-08T08:00:00+00:00,era5_max_wind,ERA5 10 m maximum,20.451479334853754,False,hourly mean,3
EP112025,Kiko (2025),with_era5,2025-09-08T09:00:00+00:00,era5_max_wind,ERA5 10 m maximum,21.324774840250377,False,hourly mean,3
EP112025,Kiko (2025),with_era5,2025-09-08T10:00:00+00:00,era5_max_wind,ERA5 10 m maximum,22.198070345647,False,hourly mean,3
EP112025,Kiko (2025),with_era5,2025-09-08T11:00:00+00:00,era5_max_wind,ERA5 10 m maximum,22.198070345647,False,hourly mean,3
EP112025,Kiko (2025),with_era5,2025-09-08T12:00:00+00:00,era5_max_wind,ERA5 10 m maximum,22.198070345647,False,hourly mean,3
EP112025,Kiko (2025),with_era5,2025-09-08T13:00:00+00:00,era5_max_wind,ERA5 10 m maximum,22.198070345647,False,hourly mean,3
EP112025,Kiko (2025),with_era5,2025-09-08T14:00:00+00:00,era5_max_wind,ERA5 10 m maximum,22.061768838029085,False,hourly mean,3
EP112025,Kiko (2025),with_era5,2025-09-08T15:00:00+00:00,era5_max_wind,ERA5 10 m maximum,21.92546733041117,False,hourly mean,3
EP112025,Kiko (2025),with_era5,2025-09-08T16:00:00+00:00,era5_max_wind,ERA5 10 m maximum,21.789165822793255,False,hourly mean,3
EP112025,Kiko (2025),with_era5,2025-09-08T17:00:00+00:00,era5_max_wind,ERA5 10 m maximum,21.789165822793255,False,hourly mean,3
EP112025,Kiko (2025),with_era5,2025-09-08T18:00:00+00:00,era5_max_wind,ERA5 10 m maximum,21.789165822793255,False,hourly mean,3
EP112025,Kiko (2025),with_era5,2025-09-08T19:00:00+00:00,era5_max_wind,ERA5 10 m maximum,21.789165822793255,False,hourly mean,3
EP112025,Kiko (2025),with_era5,2025-09-08T20:00:00+00:00,era5_max_wind,ERA5 10 m maximum,20.850524664602517,False,hourly mean,3
EP112025,Kiko (2025),with_era5,2025-09-08T21:00:00+00:00,era5_max_wind,ERA5 10 m maximum,19.91188350641178,False,hourly mean,3
EP112025,Kiko (2025),with_era5,2025-09-08T22:00:00+00:00,era5_max_wind,ERA5 10 m maximum,18.973242348221046,False,hourly mean,3
EP112025,Kiko (2025),with_era5,2025-09-08T23:00:00+00:00,era5_max_wind,ERA5 10 m maximum,18.973242348221046,False,hourly mean,3
EP112025,Kiko (2025),with_era5,2025-09-09T00:00:00+00:00,era5_max_wind,ERA5 10 m maximum,18.973242348221046,False,hourly mean,3
EP112025,Kiko (2025),with_era5,2025-09-09T01:00:00+00:00,era5_max_wind,ERA5 10 m maximum,18.973242348221046,False,hourly mean,3
EP112025,Kiko (2025),with_era5,2025-09-09T02:00:00+00:00,era5_max_wind,ERA5 10 m maximum,18.87186289705285,False,hourly mean,3
EP112025,Kiko (2025),with_era5,2025-09-09T03:00:00+00:00,era5_max_wind,ERA5 10 m maximum,18.77048344588466,False,hourly mean,3
EP112025,Kiko (2025),with_era5,2025-09-09T04:00:00+00:00,era5_max_wind,ERA5 10 m maximum,18.66910399471647,False,hourly mean,3
EP112025,Kiko (2025),with_era5,2025-09-09T05:00:00+00:00,era5_max_wind,ERA5 10 m maximum,18.66910399471647,False,hourly mean,3
EP112025,Kiko (2025),with_era5,2025-09-09T06:00:00+00:00,era5_max_wind,ERA5 10 m maximum,18.66910399471647,False,hourly mean,3
EP112025,Kiko (2025),with_era5,2025-09-09T07:00:00+00:00,era5_max_wind,ERA5 10 m maximum,18.66910399471647,False,hourly mean,3
EP112025,Kiko (2025),with_era5,2025-09-09T08:00:00+00:00,era5_max_wind,ERA5 10 m maximum,18.497284395405735,False,hourly mean,3
EP112025,Kiko (2025),with_era5,2025-09-09T09:00:00+00:00,era5_max_wind,ERA5 10 m maximum,18.325464796095005,False,hourly mean,3
EP112025,Kiko (2025),with_era5,2025-09-09T10:00:00+00:00,era5_max_wind,ERA5 10 m maximum,18.153645196784275,False,hourly mean,3
EP112025,Kiko (2025),with_era5,2025-09-09T11:00:00+00:00,era5_max_wind,ERA5 10 m maximum,18.153645196784275,False,hourly mean,3
EP112025,Kiko (2025),with_era5,2025-09-09T12:00:00+00:00,era5_max_wind,ERA5 10 m maximum,18.153645196784275,False,hourly mean,3
EP112025,Kiko (2025),with_era5,2025-09-09T13:00:00+00:00,era5_max_wind,ERA5 10 m maximum,18.153645196784275,False,hourly mean,3
EP112025,Kiko (2025),with_era5,2025-09-09T14:00:00+00:00,era5_max_wind,ERA5 10 m maximum,17.700038563092324,False,hourly mean,3
EP112025,Kiko (2025),with_era5,2025-09-09T15:00:00+00:00,era5_max_wind,ERA5 10 m maximum,17.24643192940037,False,hourly mean,3
EP112025,Kiko (2025),with_era5,2025-09-09T16:00:00+00:00,era5_max_wind,ERA5 10 m maximum,16.79282529570842,False,hourly mean,3
EP112025,Kiko (2025),with_era5,2025-09-09T17:00:00+00:00,era5_max_wind,ERA5 10 m maximum,16.79282529570842,False,hourly mean,3
EP112025,Kiko (2025),with_era5,2025-09-09T18:00:00+00:00,era5_max_wind,ERA5 10 m maximum,16.79282529570842,False,hourly mean,3
EP112025,Kiko (2025),with_era5,2025-09-09T19:00:00+00:00,era5_max_wind,ERA5 10 m maximum,16.79282529570842,False,hourly mean,3
EP112025,Kiko (2025),with_era5,2025-09-09T20:00:00+00:00,era5_max_wind,ERA5 10 m maximum,16.37948263038081,False,hourly mean,3
EP112025,Kiko (2025),with_era5,2025-09-09T21:00:00+00:00,era5_max_wind,ERA5 10 m maximum,15.966139965053202,False,hourly mean,3
EP112025,Kiko (2025),with_era5,2025-09-09T22:00:00+00:00,era5_max_wind,ERA5 10 m maximum,15.552797299725595,False,hourly mean,3
EP112025,Kiko (2025),with_era5,2025-09-09T23:00:00+00:00,era5_max_wind,ERA5 10 m maximum,15.552797299725595,False,hourly mean,3
EP112025,Kiko (2025),with_era5,2025-09-10T00:00:00+00:00,era5_max_wind,ERA5 10 m maximum,15.552797299725595,False,hourly mean,3
EP112025,Kiko (2025),with_era5,2025-09-10T01:00:00+00:00,era5_max_wind,ERA5 10 m maximum,15.552797299725595,False,hourly mean,3
EP112025,Kiko (2025),with_era5,2025-09-10T02:00:00+00:00,era5_max_wind,ERA5 10 m maximum,15.297605716865467,False,hourly mean,3
EP112025,Kiko (2025),with_era5,2025-09-10T03:00:00+00:00,era5_max_wind,ERA5 10 m maximum,15.042414134005336,False,hourly mean,3
EP112025,Kiko (2025),with_era5,2025-09-10T04:00:00+00:00,era5_max_wind,ERA5 10 m maximum,14.787222551145211,False,hourly mean,3
EP112025,Kiko (2025),with_era5,2025-09-10T05:00:00+00:00,era5_max_wind,ERA5 10 m maximum,14.787222551145211,False,hourly mean,3
EP112025,Kiko (2025),with_era5,2025-09-10T06:00:00+00:00,era5_max_wind,ERA5 10 m maximum,14.787222551145211,False,hourly mean,3
EP112025,Kiko (2025),with_era5,2025-09-10T07:00:00+00:00,era5_max_wind,ERA5 10 m maximum,14.787222551145211,False,hourly mean,3
EP112025,Kiko (2025),with_era5,2025-09-10T08:00:00+00:00,era5_max_wind,ERA5 10 m maximum,14.62461160520432,False,hourly mean,3
EP112025,Kiko (2025),with_era5,2025-09-10T09:00:00+00:00,era5_max_wind,ERA5 10 m maximum,14.469408317990002,False,hourly mean,3
EP112025,Kiko (2025),with_era5,2025-09-10T10:00:00+00:00,era5_max_wind,ERA5 10 m maximum,14.314205030775689,False,hourly mean,3
EP112025,Kiko (2025),with_era5,2025-09-10T11:00:00+00:00,era5_max_wind,ERA5 10 m maximum,14.321612689502265,False,hourly mean,3
EP112025,Kiko (2025),with_era5,2025-09-10T12:00:00+00:00,era5_max_wind,ERA5 10 m maximum,14.321612689502265,False,hourly mean,3
EP112025,Kiko (2025),with_era5,2025-09-10T13:00:00+00:00,era5_max_wind,ERA5 10 m maximum,14.321612689502265,False,hourly mean,3
EP112025,Kiko (2025),with_era5,2025-09-10T14:00:00+00:00,era5_max_wind,ERA5 10 m maximum,14.321612689502265,False,hourly mean,3
EP112025,Kiko (2025),with_era5,2025-09-10T15:00:00+00:00,era5_max_wind,ERA5 10 m maximum,14.321612689502265,False,hourly mean,3
EP112025,Kiko (2025),with_era5,2025-09-10T16:00:00+00:00,era5_max_wind,ERA5 10 m maximum,14.321612689502265,False,hourly mean,3
EP112025,Kiko (2025),with_era5,2025-09-10T17:00:00+00:00,era5_max_wind,ERA5 10 m maximum,14.321612689502265,False,hourly mean,3
EP112025,Kiko (2025),with_era5,2025-09-10T18:00:00+00:00,era5_max_wind,ERA5 10 m maximum,14.321612689502265,False,hourly mean,3
EP112025,Kiko (2025),with_era5,2025-09-10T19:00:00+00:00,era5_max_wind,ERA5 10 m maximum,14.321612689502265,False,hourly mean,3
EP112025,Kiko (2025),with_era5,2025-09-10T20:00:00+00:00,era5_max_wind,ERA5 10 m maximum,14.321612689502265,False,hourly mean,3
EP112025,Kiko (2025),with_era5,2025-09-10T21:00:00+00:00,era5_max_wind,ERA5 10 m maximum,14.321612689502265,False,hourly mean,3
EP112025,Kiko (2025),with_era5,2025-09-10T22:00:00+00:00,era5_max_wind,ERA5 10 m maximum,14.321612689502265,False,hourly mean,3
EP112025,Kiko (2025),with_era5,2025-09-10T23:00:00+00:00,era5_max_wind,ERA5 10 m maximum,14.321612689502265,False,hourly mean,3
EP112025,Kiko (2025),with_era5,2025-08-31T00:00:00+00:00,unet_raw,Raw field U-Net,20.269614219665527,False,hourly mean,3
EP112025,Kiko (2025),with_era5,2025-08-31T01:00:00+00:00,unet_raw,Raw field U-Net,20.18059508005778,False,hourly mean,3
EP112025,Kiko (2025),with_era5,2025-08-31T02:00:00+00:00,unet_raw,Raw field U-Net,20.106743812561035,False,hourly mean,3
EP112025,Kiko (2025),with_era5,2025-08-31T03:00:00+00:00,unet_raw,Raw field U-Net,18.9661349190606,False,hourly mean,3
EP112025,Kiko (2025),with_era5,2025-08-31T04:00:00+00:00,unet_raw,Raw field U-Net,18.081156359778507,False,hourly mean,3
EP112025,Kiko (2025),with_era5,2025-08-31T05:00:00+00:00,unet_raw,Raw field U-Net,17.862476931677925,False,hourly mean,3
EP112025,Kiko (2025),with_era5,2025-08-31T06:00:00+00:00,unet_raw,Raw field U-Net,18.916980160607235,False,hourly mean,3
EP112025,Kiko (2025),with_era5,2025-08-31T07:00:00+00:00,unet_raw,Raw field U-Net,19.52589766184489,False,hourly mean,3
EP112025,Kiko (2025),with_era5,2025-08-31T08:00:00+00:00,unet_raw,Raw field U-Net,19.81973033481174,False,hourly mean,3
EP112025,Kiko (2025),with_era5,2025-08-31T09:00:00+00:00,unet_raw,Raw field U-Net,19.983085526360405,False,hourly mean,3
EP112025,Kiko (2025),with_era5,2025-08-31T10:00:00+00:00,unet_raw,Raw field U-Net,19.903098212348095,False,hourly mean,3
EP112025,Kiko (2025),with_era5,2025-08-31T11:00:00+00:00,unet_raw,Raw field U-Net,19.108407126532665,False,hourly mean,3
EP112025,Kiko (2025),with_era5,2025-08-31T12:00:00+00:00,unet_raw,Raw field U-Net,18.780275450812447,False,hourly mean,3
EP112025,Kiko (2025),with_era5,2025-08-31T13:00:00+00:00,unet_raw,Raw field U-Net,19.109847810533314,False,hourly mean,3
EP112025,Kiko (2025),with_era5,2025-08-31T14:00:00+00:00,unet_raw,Raw field U-Net,21.75108475155301,False,hourly mean,3
EP112025,Kiko (2025),with_era5,2025-08-31T15:00:00+00:00,unet_raw,Raw field U-Net,24.065204090542267,False,hourly mean,3
EP112025,Kiko (2025),with_era5,2025-08-31T16:00:00+00:00,unet_raw,Raw field U-Net,27.347489145067,False,hourly mean,3
EP112025,Kiko (2025),with_era5,2025-08-31T17:00:00+00:00,unet_raw,Raw field U-Net,26.08602852291531,False,hourly mean,3
EP112025,Kiko (2025),with_era5,2025-08-31T18:00:00+00:00,unet_raw,Raw field U-Net,26.462498982747395,False,hourly mean,3
EP112025,Kiko (2025),with_era5,2025-08-31T19:00:00+00:00,unet_raw,Raw field U-Net,25.76118320888943,False,hourly mean,3
EP112025,Kiko (2025),with_era5,2025-08-31T20:00:00+00:00,unet_raw,Raw field U-Net,25.97370794084337,False,hourly mean,3
EP112025,Kiko (2025),with_era5,2025-08-31T21:00:00+00:00,unet_raw,Raw field U-Net,25.119152598910862,False,hourly mean,3
EP112025,Kiko (2025),with_era5,2025-08-31T22:00:00+00:00,unet_raw,Raw field U-Net,23.618427700466583,False,hourly mean,3
EP112025,Kiko (2025),with_era5,2025-08-31T23:00:00+00:00,unet_raw,Raw field U-Net,23.951668082343208,False,hourly mean,3
EP112025,Kiko (2025),with_era5,2025-09-01T00:00:00+00:00,unet_raw,Raw field U-Net,24.17700680626763,False,hourly mean,3
EP112025,Kiko (2025),with_era5,2025-09-01T01:00:00+00:00,unet_raw,Raw field U-Net,25.596291414896644,False,hourly mean,3
EP112025,Kiko (2025),with_era5,2025-09-01T02:00:00+00:00,unet_raw,Raw field U-Net,26.249537467956543,False,hourly mean,3
EP112025,Kiko (2025),with_era5,2025-09-01T03:00:00+00:00,unet_raw,Raw field U-Net,26.64407009548611,False,hourly mean,3
EP112025,Kiko (2025),with_era5,2025-09-01T04:00:00+00:00,unet_raw,Raw field U-Net,26.15901470184326,False,hourly mean,3
EP112025,Kiko (2025),with_era5,2025-09-01T05:00:00+00:00,unet_raw,Raw field U-Net,25.6383539835612,False,hourly mean,3
EP112025,Kiko (2025),with_era5,2025-09-01T06:00:00+00:00,unet_raw,Raw field U-Net,24.438233269585506,False,hourly mean,3
EP112025,Kiko (2025),with_era5,2025-09-01T07:00:00+00:00,unet_raw,Raw field U-Net,23.31573496924506,False,hourly mean,3
EP112025,Kiko (2025),with_era5,2025-09-01T08:00:00+00:00,unet_raw,Raw field U-Net,23.157673199971516,False,hourly mean,3
EP112025,Kiko (2025),with_era5,2025-09-01T09:00:00+00:00,unet_raw,Raw field U-Net,23.713419278462727,False,hourly mean,3
EP112025,Kiko (2025),with_era5,2025-09-01T10:00:00+00:00,unet_raw,Raw field U-Net,25.460061815049915,False,hourly mean,3
EP112025,Kiko (2025),with_era5,2025-09-01T11:00:00+00:00,unet_raw,Raw field U-Net,27.40018516116672,False,hourly mean,3
EP112025,Kiko (2025),with_era5,2025-09-01T12:00:00+00:00,unet_raw,Raw field U-Net,28.645941310458714,False,hourly mean,3
EP112025,Kiko (2025),with_era5,2025-09-01T13:00:00+00:00,unet_raw,Raw field U-Net,28.02618662516276,False,hourly mean,3
EP112025,Kiko (2025),with_era5,2025-09-01T14:00:00+00:00,unet_raw,Raw field U-Net,26.677172236972382,False,hourly mean,3
EP112025,Kiko (2025),with_era5,2025-09-01T15:00:00+00:00,unet_raw,Raw field U-Net,26.02944564819336,False,hourly mean,3
EP112025,Kiko (2025),with_era5,2025-09-01T16:00:00+00:00,unet_raw,Raw field U-Net,26.354170481363933,False,hourly mean,3
EP112025,Kiko (2025),with_era5,2025-09-01T17:00:00+00:00,unet_raw,Raw field U-Net,26.917985280354817,False,hourly mean,3
EP112025,Kiko (2025),with_era5,2025-09-01T18:00:00+00:00,unet_raw,Raw field U-Net,25.969233089023167,False,hourly mean,3
EP112025,Kiko (2025),with_era5,2025-09-01T19:00:00+00:00,unet_raw,Raw field U-Net,24.485827763875324,False,hourly mean,3
EP112025,Kiko (2025),with_era5,2025-09-01T20:00:00+00:00,unet_raw,Raw field U-Net,24.78593497806125,False,hourly mean,3
EP112025,Kiko (2025),with_era5,2025-09-01T21:00:00+00:00,unet_raw,Raw field U-Net,26.336485650804306,False,hourly mean,3
EP112025,Kiko (2025),with_era5,2025-09-01T22:00:00+00:00,unet_raw,Raw field U-Net,28.44423717922635,False,hourly mean,3
EP112025,Kiko (2025),with_era5,2025-09-01T23:00:00+00:00,unet_raw,Raw field U-Net,28.504602008395725,False,hourly mean,3
EP112025,Kiko (2025),with_era5,2025-09-02T00:00:00+00:00,unet_raw,Raw field U-Net,28.932421048482258,False,hourly mean,3
EP112025,Kiko (2025),with_era5,2025-09-02T01:00:00+00:00,unet_raw,Raw field U-Net,29.405220455593536,False,hourly mean,3
EP112025,Kiko (2025),with_era5,2025-09-02T02:00:00+00:00,unet_raw,Raw field U-Net,28.522597842746308,False,hourly mean,3
EP112025,Kiko (2025),with_era5,2025-09-02T03:00:00+00:00,unet_raw,Raw field U-Net,27.360655148824055,False,hourly mean,3
EP112025,Kiko (2025),with_era5,2025-09-02T04:00:00+00:00,unet_raw,Raw field U-Net,26.15668635898166,False,hourly mean,3
EP112025,Kiko (2025),with_era5,2025-09-02T05:00:00+00:00,unet_raw,Raw field U-Net,26.849749247233074,False,hourly mean,3
EP112025,Kiko (2025),with_era5,2025-09-02T06:00:00+00:00,unet_raw,Raw field U-Net,27.271905687120228,False,hourly mean,3
EP112025,Kiko (2025),with_era5,2025-09-02T07:00:00+00:00,unet_raw,Raw field U-Net,27.34355396694607,False,hourly mean,3
EP112025,Kiko (2025),with_era5,2025-09-02T08:00:00+00:00,unet_raw,Raw field U-Net,28.01164997948541,False,hourly mean,3
EP112025,Kiko (2025),with_era5,2025-09-02T09:00:00+00:00,unet_raw,Raw field U-Net,29.05637529161241,False,hourly mean,3
EP112025,Kiko (2025),with_era5,2025-09-02T10:00:00+00:00,unet_raw,Raw field U-Net,30.54332987467448,False,hourly mean,3
EP112025,Kiko (2025),with_era5,2025-09-02T11:00:00+00:00,unet_raw,Raw field U-Net,30.50437153710259,False,hourly mean,3
EP112025,Kiko (2025),with_era5,2025-09-02T12:00:00+00:00,unet_raw,Raw field U-Net,30.29053666856554,False,hourly mean,3
EP112025,Kiko (2025),with_era5,2025-09-02T13:00:00+00:00,unet_raw,Raw field U-Net,29.348955790201824,False,hourly mean,3
EP112025,Kiko (2025),with_era5,2025-09-02T14:00:00+00:00,unet_raw,Raw field U-Net,28.89666451348199,False,hourly mean,3
EP112025,Kiko (2025),with_era5,2025-09-02T15:00:00+00:00,unet_raw,Raw field U-Net,28.173385514153377,False,hourly mean,3
EP112025,Kiko (2025),with_era5,2025-09-02T16:00:00+00:00,unet_raw,Raw field U-Net,28.043059560987682,False,hourly mean,3
EP112025,Kiko (2025),with_era5,2025-09-02T17:00:00+00:00,unet_raw,Raw field U-Net,28.294026162889267,False,hourly mean,3
EP112025,Kiko (2025),with_era5,2025-09-02T18:00:00+00:00,unet_raw,Raw field U-Net,29.08956040276421,False,hourly mean,3
EP112025,Kiko (2025),with_era5,2025-09-02T19:00:00+00:00,unet_raw,Raw field U-Net,29.328460905287002,False,hourly mean,3
EP112025,Kiko (2025),with_era5,2025-09-02T20:00:00+00:00,unet_raw,Raw field U-Net,29.81233501434326,False,hourly mean,3
EP112025,Kiko (2025),with_era5,2025-09-02T21:00:00+00:00,unet_raw,Raw field U-Net,29.85630925496419,True,hourly mean,3
EP112025,Kiko (2025),with_era5,2025-09-02T22:00:00+00:00,unet_raw,Raw field U-Net,30.929668320549855,True,hourly mean,3
EP112025,Kiko (2025),with_era5,2025-09-02T23:00:00+00:00,unet_raw,Raw field U-Net,32.0899715423584,True,hourly mean,3
EP112025,Kiko (2025),with_era5,2025-09-03T00:00:00+00:00,unet_raw,Raw field U-Net,32.96361425187853,True,hourly mean,3
EP112025,Kiko (2025),with_era5,2025-09-03T01:00:00+00:00,unet_raw,Raw field U-Net,32.60965951283773,True,hourly mean,3
EP112025,Kiko (2025),with_era5,2025-09-03T02:00:00+00:00,unet_raw,Raw field U-Net,32.303019735548226,True,hourly mean,3
EP112025,Kiko (2025),with_era5,2025-09-03T03:00:00+00:00,unet_raw,Raw field U-Net,32.62843746609158,False,hourly mean,3
EP112025,Kiko (2025),with_era5,2025-09-03T04:00:00+00:00,unet_raw,Raw field U-Net,32.891220092773445,False,hourly mean,3
EP112025,Kiko (2025),with_era5,2025-09-03T05:00:00+00:00,unet_raw,Raw field U-Net,32.473747889200844,False,hourly mean,3
EP112025,Kiko (2025),with_era5,2025-09-03T06:00:00+00:00,unet_raw,Raw field U-Net,32.375197940402565,False,hourly mean,3
EP112025,Kiko (2025),with_era5,2025-09-03T07:00:00+00:00,unet_raw,Raw field U-Net,32.277304331461586,False,hourly mean,3
EP112025,Kiko (2025),with_era5,2025-09-03T08:00:00+00:00,unet_raw,Raw field U-Net,32.617789374457466,False,hourly mean,3
EP112025,Kiko (2025),with_era5,2025-09-03T09:00:00+00:00,unet_raw,Raw field U-Net,33.406429290771484,False,hourly mean,3
EP112025,Kiko (2025),with_era5,2025-09-03T10:00:00+00:00,unet_raw,Raw field U-Net,35.13529247707791,False,hourly mean,3
EP112025,Kiko (2025),with_era5,2025-09-03T11:00:00+00:00,unet_raw,Raw field U-Net,36.366527981228295,False,hourly mean,3
EP112025,Kiko (2025),with_era5,2025-09-03T12:00:00+00:00,unet_raw,Raw field U-Net,37.32065645853678,False,hourly mean,3
EP112025,Kiko (2025),with_era5,2025-09-03T13:00:00+00:00,unet_raw,Raw field U-Net,39.82171842787,False,hourly mean,3
EP112025,Kiko (2025),with_era5,2025-09-03T14:00:00+00:00,unet_raw,Raw field U-Net,42.64008818732368,False,hourly mean,3
EP112025,Kiko (2025),with_era5,2025-09-03T15:00:00+00:00,unet_raw,Raw field U-Net,45.508958604600686,False,hourly mean,3
EP112025,Kiko (2025),with_era5,2025-09-03T16:00:00+00:00,unet_raw,Raw field U-Net,46.38142543368869,False,hourly mean,3
EP112025,Kiko (2025),with_era5,2025-09-03T17:00:00+00:00,unet_raw,Raw field U-Net,47.354335572984475,False,hourly mean,3
EP112025,Kiko (2025),with_era5,2025-09-03T18:00:00+00:00,unet_raw,Raw field U-Net,46.56279987759061,True,hourly mean,3
EP112025,Kiko (2025),with_era5,2025-09-03T19:00:00+00:00,unet_raw,Raw field U-Net,43.50420951843262,True,hourly mean,3
EP112025,Kiko (2025),with_era5,2025-09-03T20:00:00+00:00,unet_raw,Raw field U-Net,40.053655836317276,True,hourly mean,3
EP112025,Kiko (2025),with_era5,2025-09-03T21:00:00+00:00,unet_raw,Raw field U-Net,39.6090185377333,True,hourly mean,3
EP112025,Kiko (2025),with_era5,2025-09-03T22:00:00+00:00,unet_raw,Raw field U-Net,42.447969436645515,True,hourly mean,3
EP112025,Kiko (2025),with_era5,2025-09-03T23:00:00+00:00,unet_raw,Raw field U-Net,45.113967471652565,True,hourly mean,3
EP112025,Kiko (2025),with_era5,2025-09-04T00:00:00+00:00,unet_raw,Raw field U-Net,44.51616202460394,True,hourly mean,3
EP112025,Kiko (2025),with_era5,2025-09-04T01:00:00+00:00,unet_raw,Raw field U-Net,40.70937008327908,True,hourly mean,3
EP112025,Kiko (2025),with_era5,2025-09-04T02:00:00+00:00,unet_raw,Raw field U-Net,37.70469178093804,True,hourly mean,3
EP112025,Kiko (2025),with_era5,2025-09-04T03:00:00+00:00,unet_raw,Raw field U-Net,35.595236672295464,True,hourly mean,3
EP112025,Kiko (2025),with_era5,2025-09-04T04:00:00+00:00,unet_raw,Raw field U-Net,35.34654723273383,True,hourly mean,3
EP112025,Kiko (2025),with_era5,2025-09-04T05:00:00+00:00,unet_raw,Raw field U-Net,34.09320958455404,True,hourly mean,3
EP112025,Kiko (2025),with_era5,2025-09-04T06:00:00+00:00,unet_raw,Raw field U-Net,32.81848303476969,True,hourly mean,3
EP112025,Kiko (2025),with_era5,2025-09-04T07:00:00+00:00,unet_raw,Raw field U-Net,32.0267997317844,True,hourly mean,3
EP112025,Kiko (2025),with_era5,2025-09-04T08:00:00+00:00,unet_raw,Raw field U-Net,33.31988716125488,True,hourly mean,3
EP112025,Kiko (2025),with_era5,2025-09-04T09:00:00+00:00,unet_raw,Raw field U-Net,35.19833787282308,False,hourly mean,3
EP112025,Kiko (2025),with_era5,2025-09-04T10:00:00+00:00,unet_raw,Raw field U-Net,37.3274892171224,False,hourly mean,3
EP112025,Kiko (2025),with_era5,2025-09-04T11:00:00+00:00,unet_raw,Raw field U-Net,39.112444135877816,False,hourly mean,3
EP112025,Kiko (2025),with_era5,2025-09-04T12:00:00+00:00,unet_raw,Raw field U-Net,40.04470676845974,False,hourly mean,3
EP112025,Kiko (2025),with_era5,2025-09-04T13:00:00+00:00,unet_raw,Raw field U-Net,41.316209157307945,False,hourly mean,3
EP112025,Kiko (2025),with_era5,2025-09-04T14:00:00+00:00,unet_raw,Raw field U-Net,42.962713877360024,False,hourly mean,3
EP112025,Kiko (2025),with_era5,2025-09-04T15:00:00+00:00,unet_raw,Raw field U-Net,44.98730595906576,False,hourly mean,3
EP112025,Kiko (2025),with_era5,2025-09-04T16:00:00+00:00,unet_raw,Raw field U-Net,46.85686853196885,False,hourly mean,3
EP112025,Kiko (2025),with_era5,2025-09-04T17:00:00+00:00,unet_raw,Raw field U-Net,44.69582361645168,False,hourly mean,3
EP112025,Kiko (2025),with_era5,2025-09-04T18:00:00+00:00,unet_raw,Raw field U-Net,41.72984308666653,False,hourly mean,3
EP112025,Kiko (2025),with_era5,2025-09-04T19:00:00+00:00,unet_raw,Raw field U-Net,38.05146275626288,False,hourly mean,3
EP112025,Kiko (2025),with_era5,2025-09-04T20:00:00+00:00,unet_raw,Raw field U-Net,36.53509224785699,False,hourly mean,3
EP112025,Kiko (2025),with_era5,2025-09-04T21:00:00+00:00,unet_raw,Raw field U-Net,36.4008780585395,False,hourly mean,3
EP112025,Kiko (2025),with_era5,2025-09-04T22:00:00+00:00,unet_raw,Raw field U-Net,36.968367682562935,False,hourly mean,3
EP112025,Kiko (2025),with_era5,2025-09-04T23:00:00+00:00,unet_raw,Raw field U-Net,37.390454822116425,False,hourly mean,3
EP112025,Kiko (2025),with_era5,2025-09-05T00:00:00+00:00,unet_raw,Raw field U-Net,36.96057001749674,False,hourly mean,3
EP112025,Kiko (2025),with_era5,2025-09-05T01:00:00+00:00,unet_raw,Raw field U-Net,35.47533967759874,False,hourly mean,3
EP112025,Kiko (2025),with_era5,2025-09-05T02:00:00+00:00,unet_raw,Raw field U-Net,34.403652826944985,False,hourly mean,3
EP112025,Kiko (2025),with_era5,2025-09-05T03:00:00+00:00,unet_raw,Raw field U-Net,33.39253807067871,False,hourly mean,3
EP112025,Kiko (2025),with_era5,2025-09-05T04:00:00+00:00,unet_raw,Raw field U-Net,32.346690813700356,False,hourly mean,3
EP112025,Kiko (2025),with_era5,2025-09-05T05:00:00+00:00,unet_raw,Raw field U-Net,30.78359826405843,False,hourly mean,3
EP112025,Kiko (2025),with_era5,2025-09-05T06:00:00+00:00,unet_raw,Raw field U-Net,29.453042878044972,False,hourly mean,3
EP112025,Kiko (2025),with_era5,2025-09-05T07:00:00+00:00,unet_raw,Raw field U-Net,29.0383145014445,False,hourly mean,3
EP112025,Kiko (2025),with_era5,2025-09-05T08:00:00+00:00,unet_raw,Raw field U-Net,29.917828771803116,False,hourly mean,3
EP112025,Kiko (2025),with_era5,2025-09-05T09:00:00+00:00,unet_raw,Raw field U-Net,31.23836527930366,False,hourly mean,3
EP112025,Kiko (2025),with_era5,2025-09-05T10:00:00+00:00,unet_raw,Raw field U-Net,32.47489335801867,False,hourly mean,3
EP112025,Kiko (2025),with_era5,2025-09-05T11:00:00+00:00,unet_raw,Raw field U-Net,33.03285132514106,False,hourly mean,3
EP112025,Kiko (2025),with_era5,2025-09-05T12:00:00+00:00,unet_raw,Raw field U-Net,33.82160080803766,False,hourly mean,3
EP112025,Kiko (2025),with_era5,2025-09-05T13:00:00+00:00,unet_raw,Raw field U-Net,36.038146548801,False,hourly mean,3
EP112025,Kiko (2025),with_era5,2025-09-05T14:00:00+00:00,unet_raw,Raw field U-Net,37.986474143134224,False,hourly mean,3
EP112025,Kiko (2025),with_era5,2025-09-05T15:00:00+00:00,unet_raw,Raw field U-Net,39.404048919677734,False,hourly mean,3
EP112025,Kiko (2025),with_era5,2025-09-05T16:00:00+00:00,unet_raw,Raw field U-Net,39.05859629313151,False,hourly mean,3
EP112025,Kiko (2025),with_era5,2025-09-05T17:00:00+00:00,unet_raw,Raw field U-Net,39.16578165690104,False,hourly mean,3
EP112025,Kiko (2025),with_era5,2025-09-05T18:00:00+00:00,unet_raw,Raw field U-Net,38.488556967841255,False,hourly mean,3
EP112025,Kiko (2025),with_era5,2025-09-05T19:00:00+00:00,unet_raw,Raw field U-Net,37.366747326321075,False,hourly mean,3
EP112025,Kiko (2025),with_era5,2025-09-05T20:00:00+00:00,unet_raw,Raw field U-Net,33.66909461551243,False,hourly mean,3
EP112025,Kiko (2025),with_era5,2025-09-05T21:00:00+00:00,unet_raw,Raw field U-Net,31.210956361558704,False,hourly mean,3
EP112025,Kiko (2025),with_era5,2025-09-05T22:00:00+00:00,unet_raw,Raw field U-Net,30.925002204047313,False,hourly mean,3
EP112025,Kiko (2025),with_era5,2025-09-05T23:00:00+00:00,unet_raw,Raw field U-Net,34.5775605307685,False,hourly mean,3
EP112025,Kiko (2025),with_era5,2025-09-06T00:00:00+00:00,unet_raw,Raw field U-Net,38.849570804172096,False,hourly mean,3
EP112025,Kiko (2025),with_era5,2025-09-06T01:00:00+00:00,unet_raw,Raw field U-Net,41.29872237311469,False,hourly mean,3
EP112025,Kiko (2025),with_era5,2025-09-06T02:00:00+00:00,unet_raw,Raw field U-Net,45.25633430480957,False,hourly mean,3
EP112025,Kiko (2025),with_era5,2025-09-06T03:00:00+00:00,unet_raw,Raw field U-Net,47.98288006252713,False,hourly mean,3
EP112025,Kiko (2025),with_era5,2025-09-06T04:00:00+00:00,unet_raw,Raw field U-Net,50.73355823092991,False,hourly mean,3
EP112025,Kiko (2025),with_era5,2025-09-06T05:00:00+00:00,unet_raw,Raw field U-Net,50.3034299214681,False,hourly mean,3
EP112025,Kiko (2025),with_era5,2025-09-06T06:00:00+00:00,unet_raw,Raw field U-Net,49.31715435451932,False,hourly mean,3
EP112025,Kiko (2025),with_era5,2025-09-06T07:00:00+00:00,unet_raw,Raw field U-Net,46.71553081936307,False,hourly mean,3
EP112025,Kiko (2025),with_era5,2025-09-06T08:00:00+00:00,unet_raw,Raw field U-Net,44.98326873779297,False,hourly mean,3
EP112025,Kiko (2025),with_era5,2025-09-06T09:00:00+00:00,unet_raw,Raw field U-Net,43.40405451456706,False,hourly mean,3
EP112025,Kiko (2025),with_era5,2025-09-06T10:00:00+00:00,unet_raw,Raw field U-Net,42.49452811347114,False,hourly mean,3
EP112025,Kiko (2025),with_era5,2025-09-06T11:00:00+00:00,unet_raw,Raw field U-Net,39.18241064283583,False,hourly mean,3
EP112025,Kiko (2025),with_era5,2025-09-06T12:00:00+00:00,unet_raw,Raw field U-Net,35.91789563496908,False,hourly mean,3
EP112025,Kiko (2025),with_era5,2025-09-06T13:00:00+00:00,unet_raw,Raw field U-Net,34.5170578426785,False,hourly mean,3
EP112025,Kiko (2025),with_era5,2025-09-06T14:00:00+00:00,unet_raw,Raw field U-Net,35.0574385325114,False,hourly mean,3
EP112025,Kiko (2025),with_era5,2025-09-06T15:00:00+00:00,unet_raw,Raw field U-Net,36.55317942301432,False,hourly mean,3
EP112025,Kiko (2025),with_era5,2025-09-06T16:00:00+00:00,unet_raw,Raw field U-Net,37.608436584472656,False,hourly mean,3
EP112025,Kiko (2025),with_era5,2025-09-06T17:00:00+00:00,unet_raw,Raw field U-Net,38.10408804151748,False,hourly mean,3
EP112025,Kiko (2025),with_era5,2025-09-06T18:00:00+00:00,unet_raw,Raw field U-Net,38.84435992770725,False,hourly mean,3
EP112025,Kiko (2025),with_era5,2025-09-06T19:00:00+00:00,unet_raw,Raw field U-Net,39.59041892157661,False,hourly mean,3
EP112025,Kiko (2025),with_era5,2025-09-06T20:00:00+00:00,unet_raw,Raw field U-Net,37.94294526841906,False,hourly mean,3
EP112025,Kiko (2025),with_era5,2025-09-06T21:00:00+00:00,unet_raw,Raw field U-Net,36.28048939175076,False,hourly mean,3
EP112025,Kiko (2025),with_era5,2025-09-06T22:00:00+00:00,unet_raw,Raw field U-Net,36.14665412902833,False,hourly mean,3
EP112025,Kiko (2025),with_era5,2025-09-06T23:00:00+00:00,unet_raw,Raw field U-Net,39.50923071967231,False,hourly mean,3
EP112025,Kiko (2025),with_era5,2025-09-07T00:00:00+00:00,unet_raw,Raw field U-Net,42.30386924743652,False,hourly mean,3
EP112025,Kiko (2025),with_era5,2025-09-07T01:00:00+00:00,unet_raw,Raw field U-Net,42.83010991414388,False,hourly mean,3
EP112025,Kiko (2025),with_era5,2025-09-07T02:00:00+00:00,unet_raw,Raw field U-Net,43.10504976908366,False,hourly mean,3
EP112025,Kiko (2025),with_era5,2025-09-07T03:00:00+00:00,unet_raw,Raw field U-Net,44.33090570237902,False,hourly mean,3
EP112025,Kiko (2025),with_era5,2025-09-07T04:00:00+00:00,unet_raw,Raw field U-Net,46.4239436255561,False,hourly mean,3
EP112025,Kiko (2025),with_era5,2025-09-07T05:00:00+00:00,unet_raw,Raw field U-Net,47.45046361287436,False,hourly mean,3
EP112025,Kiko (2025),with_era5,2025-09-07T06:00:00+00:00,unet_raw,Raw field U-Net,46.6079256269667,False,hourly mean,3
EP112025,Kiko (2025),with_era5,2025-09-07T07:00:00+00:00,unet_raw,Raw field U-Net,44.01784282260471,False,hourly mean,3
EP112025,Kiko (2025),with_era5,2025-09-07T08:00:00+00:00,unet_raw,Raw field U-Net,42.16821606953939,False,hourly mean,3
EP112025,Kiko (2025),with_era5,2025-09-07T09:00:00+00:00,unet_raw,Raw field U-Net,41.51515685187446,False,hourly mean,3
EP112025,Kiko (2025),with_era5,2025-09-07T10:00:00+00:00,unet_raw,Raw field U-Net,41.87259758843316,False,hourly mean,3
EP112025,Kiko (2025),with_era5,2025-09-07T11:00:00+00:00,unet_raw,Raw field U-Net,41.39651340908475,False,hourly mean,3
EP112025,Kiko (2025),with_era5,2025-09-07T12:00:00+00:00,unet_raw,Raw field U-Net,41.27057393391927,False,hourly mean,3
EP112025,Kiko (2025),with_era5,2025-09-07T13:00:00+00:00,unet_raw,Raw field U-Net,41.560197618272575,False,hourly mean,3
EP112025,Kiko (2025),with_era5,2025-09-07T14:00:00+00:00,unet_raw,Raw field U-Net,40.4881591796875,False,hourly mean,3
EP112025,Kiko (2025),with_era5,2025-09-07T15:00:00+00:00,unet_raw,Raw field U-Net,37.378983391655815,False,hourly mean,3
EP112025,Kiko (2025),with_era5,2025-09-07T16:00:00+00:00,unet_raw,Raw field U-Net,34.25603675842285,False,hourly mean,3
EP112025,Kiko (2025),with_era5,2025-09-07T17:00:00+00:00,unet_raw,Raw field U-Net,32.815809673733185,False,hourly mean,3
EP112025,Kiko (2025),with_era5,2025-09-07T18:00:00+00:00,unet_raw,Raw field U-Net,32.08889367845324,False,hourly mean,3
EP112025,Kiko (2025),with_era5,2025-09-07T19:00:00+00:00,unet_raw,Raw field U-Net,31.17693614959717,False,hourly mean,3
EP112025,Kiko (2025),with_era5,2025-09-07T20:00:00+00:00,unet_raw,Raw field U-Net,29.84722826215956,False,hourly mean,3
EP112025,Kiko (2025),with_era5,2025-09-07T21:00:00+00:00,unet_raw,Raw field U-Net,29.128158675299755,False,hourly mean,3
EP112025,Kiko (2025),with_era5,2025-09-07T22:00:00+00:00,unet_raw,Raw field U-Net,28.976895014444988,False,hourly mean,3
EP112025,Kiko (2025),with_era5,2025-09-07T23:00:00+00:00,unet_raw,Raw field U-Net,29.594247288174103,False,hourly mean,3
EP112025,Kiko (2025),with_era5,2025-09-08T00:00:00+00:00,unet_raw,Raw field U-Net,30.48708354102241,False,hourly mean,3
EP112025,Kiko (2025),with_era5,2025-09-08T01:00:00+00:00,unet_raw,Raw field U-Net,31.255330191718212,False,hourly mean,3
EP112025,Kiko (2025),with_era5,2025-09-08T02:00:00+00:00,unet_raw,Raw field U-Net,32.78372139400906,False,hourly mean,3
EP112025,Kiko (2025),with_era5,2025-09-08T03:00:00+00:00,unet_raw,Raw field U-Net,35.002918561299644,False,hourly mean,3
EP112025,Kiko (2025),with_era5,2025-09-08T04:00:00+00:00,unet_raw,Raw field U-Net,37.34803666008844,False,hourly mean,3
EP112025,Kiko (2025),with_era5,2025-09-08T05:00:00+00:00,unet_raw,Raw field U-Net,38.28627056545682,False,hourly mean,3
EP112025,Kiko (2025),with_era5,2025-09-08T06:00:00+00:00,unet_raw,Raw field U-Net,37.64021725124783,False,hourly mean,3
EP112025,Kiko (2025),with_era5,2025-09-08T07:00:00+00:00,unet_raw,Raw field U-Net,35.952587339613174,False,hourly mean,3
EP112025,Kiko (2025),with_era5,2025-09-08T08:00:00+00:00,unet_raw,Raw field U-Net,38.437249501546226,False,hourly mean,3
EP112025,Kiko (2025),with_era5,2025-09-08T09:00:00+00:00,unet_raw,Raw field U-Net,41.6026980082194,False,hourly mean,3
EP112025,Kiko (2025),with_era5,2025-09-08T10:00:00+00:00,unet_raw,Raw field U-Net,44.83664427863227,False,hourly mean,3
EP112025,Kiko (2025),with_era5,2025-09-08T11:00:00+00:00,unet_raw,Raw field U-Net,43.7255916595459,False,hourly mean,3
EP112025,Kiko (2025),with_era5,2025-09-08T12:00:00+00:00,unet_raw,Raw field U-Net,42.02634069654677,False,hourly mean,3
EP112025,Kiko (2025),with_era5,2025-09-08T13:00:00+00:00,unet_raw,Raw field U-Net,40.30775239732531,False,hourly mean,3
EP112025,Kiko (2025),with_era5,2025-09-08T14:00:00+00:00,unet_raw,Raw field U-Net,39.23977533976237,False,hourly mean,3
EP112025,Kiko (2025),with_era5,2025-09-08T15:00:00+00:00,unet_raw,Raw field U-Net,39.17144648234049,False,hourly mean,3
EP112025,Kiko (2025),with_era5,2025-09-08T16:00:00+00:00,unet_raw,Raw field U-Net,39.796874364217125,False,hourly mean,3
EP112025,Kiko (2025),with_era5,2025-09-08T17:00:00+00:00,unet_raw,Raw field U-Net,40.373028013441306,False,hourly mean,3
EP112025,Kiko (2025),with_era5,2025-09-08T18:00:00+00:00,unet_raw,Raw field U-Net,40.342368019951714,False,hourly mean,3
EP112025,Kiko (2025),with_era5,2025-09-08T19:00:00+00:00,unet_raw,Raw field U-Net,40.078437169392906,False,hourly mean,3
EP112025,Kiko (2025),with_era5,2025-09-08T20:00:00+00:00,unet_raw,Raw field U-Net,38.14027955796984,False,hourly mean,3
EP112025,Kiko (2025),with_era5,2025-09-08T21:00:00+00:00,unet_raw,Raw field U-Net,36.3465805053711,False,hourly mean,3
EP112025,Kiko (2025),with_era5,2025-09-08T22:00:00+00:00,unet_raw,Raw field U-Net,34.33896933661567,False,hourly mean,3
EP112025,Kiko (2025),with_era5,2025-09-08T23:00:00+00:00,unet_raw,Raw field U-Net,33.19281101226807,False,hourly mean,3
EP112025,Kiko (2025),with_era5,2025-09-09T00:00:00+00:00,unet_raw,Raw field U-Net,31.636012713114425,False,hourly mean,3
EP112025,Kiko (2025),with_era5,2025-09-09T01:00:00+00:00,unet_raw,Raw field U-Net,29.89155027601454,False,hourly mean,3
EP112025,Kiko (2025),with_era5,2025-09-09T02:00:00+00:00,unet_raw,Raw field U-Net,29.715074963039825,False,hourly mean,3
EP112025,Kiko (2025),with_era5,2025-09-09T03:00:00+00:00,unet_raw,Raw field U-Net,29.70333406660292,False,hourly mean,3
EP112025,Kiko (2025),with_era5,2025-09-09T04:00:00+00:00,unet_raw,Raw field U-Net,29.663113805982803,False,hourly mean,3
EP112025,Kiko (2025),with_era5,2025-09-09T05:00:00+00:00,unet_raw,Raw field U-Net,28.216225624084473,False,hourly mean,3
EP112025,Kiko (2025),with_era5,2025-09-09T06:00:00+00:00,unet_raw,Raw field U-Net,26.79959922366672,False,hourly mean,3
EP112025,Kiko (2025),with_era5,2025-09-09T07:00:00+00:00,unet_raw,Raw field U-Net,25.763287120395237,False,hourly mean,3
EP112025,Kiko (2025),with_era5,2025-09-09T08:00:00+00:00,unet_raw,Raw field U-Net,25.73086918724908,False,hourly mean,3
EP112025,Kiko (2025),with_era5,2025-09-09T09:00:00+00:00,unet_raw,Raw field U-Net,26.0267194112142,False,hourly mean,3
EP112025,Kiko (2025),with_era5,2025-09-09T10:00:00+00:00,unet_raw,Raw field U-Net,26.644192165798614,False,hourly mean,3
EP112025,Kiko (2025),with_era5,2025-09-09T11:00:00+00:00,unet_raw,Raw field U-Net,26.68531597985162,False,hourly mean,3
EP112025,Kiko (2025),with_era5,2025-09-09T12:00:00+00:00,unet_raw,Raw field U-Net,27.172477298312717,False,hourly mean,3
EP112025,Kiko (2025),with_era5,2025-09-09T13:00:00+00:00,unet_raw,Raw field U-Net,28.006579081217453,False,hourly mean,3
EP112025,Kiko (2025),with_era5,2025-09-09T14:00:00+00:00,unet_raw,Raw field U-Net,26.933812035454647,False,hourly mean,3
EP112025,Kiko (2025),with_era5,2025-09-09T15:00:00+00:00,unet_raw,Raw field U-Net,25.37063185373942,False,hourly mean,3
EP112025,Kiko (2025),with_era5,2025-09-09T16:00:00+00:00,unet_raw,Raw field U-Net,23.567627694871693,False,hourly mean,3
EP112025,Kiko (2025),with_era5,2025-09-09T17:00:00+00:00,unet_raw,Raw field U-Net,24.299618403116863,False,hourly mean,3
EP112025,Kiko (2025),with_era5,2025-09-09T18:00:00+00:00,unet_raw,Raw field U-Net,25.44298945532905,False,hourly mean,3
EP112025,Kiko (2025),with_era5,2025-09-09T19:00:00+00:00,unet_raw,Raw field U-Net,26.569384574890137,False,hourly mean,3
EP112025,Kiko (2025),with_era5,2025-09-09T20:00:00+00:00,unet_raw,Raw field U-Net,25.515545633104114,False,hourly mean,3
EP112025,Kiko (2025),with_era5,2025-09-09T21:00:00+00:00,unet_raw,Raw field U-Net,23.83360428280301,False,hourly mean,3
EP112025,Kiko (2025),with_era5,2025-09-09T22:00:00+00:00,unet_raw,Raw field U-Net,21.629276487562393,False,hourly mean,3
EP112025,Kiko (2025),with_era5,2025-09-09T23:00:00+00:00,unet_raw,Raw field U-Net,21.343656857808437,False,hourly mean,3
EP112025,Kiko (2025),with_era5,2025-09-10T00:00:00+00:00,unet_raw,Raw field U-Net,22.01847129397922,False,hourly mean,3
EP112025,Kiko (2025),with_era5,2025-09-10T01:00:00+00:00,unet_raw,Raw field U-Net,22.79577838049995,False,hourly mean,3
EP112025,Kiko (2025),with_era5,2025-09-10T02:00:00+00:00,unet_raw,Raw field U-Net,23.172444555494522,False,hourly mean,3
EP112025,Kiko (2025),with_era5,2025-09-10T03:00:00+00:00,unet_raw,Raw field U-Net,20.622728453742138,False,hourly mean,3
EP112025,Kiko (2025),with_era5,2025-09-10T04:00:00+00:00,unet_raw,Raw field U-Net,18.16642745335897,False,hourly mean,3
EP112025,Kiko (2025),with_era5,2025-09-10T05:00:00+00:00,unet_raw,Raw field U-Net,15.760945002237959,False,hourly mean,3
EP112025,Kiko (2025),with_era5,2025-09-10T06:00:00+00:00,unet_raw,Raw field U-Net,15.41946209801568,False,hourly mean,3
EP112025,Kiko (2025),with_era5,2025-09-10T07:00:00+00:00,unet_raw,Raw field U-Net,15.221331670549183,False,hourly mean,3
EP112025,Kiko (2025),with_era5,2025-09-10T08:00:00+00:00,unet_raw,Raw field U-Net,14.705717743767636,False,hourly mean,3
EP112025,Kiko (2025),with_era5,2025-09-10T09:00:00+00:00,unet_raw,Raw field U-Net,14.176861996120879,False,hourly mean,3
EP112025,Kiko (2025),with_era5,2025-09-10T10:00:00+00:00,unet_raw,Raw field U-Net,13.652326212988962,False,hourly mean,3
EP112025,Kiko (2025),with_era5,2025-09-10T11:00:00+00:00,unet_raw,Raw field U-Net,13.649721993340387,False,hourly mean,3
EP112025,Kiko (2025),with_era5,2025-09-10T12:00:00+00:00,unet_raw,Raw field U-Net,14.232846260070803,False,hourly mean,3
EP112025,Kiko (2025),with_era5,2025-09-10T13:00:00+00:00,unet_raw,Raw field U-Net,15.452948199378122,False,hourly mean,3
EP112025,Kiko (2025),with_era5,2025-09-10T14:00:00+00:00,unet_raw,Raw field U-Net,17.20474614037408,False,hourly mean,3
EP112025,Kiko (2025),with_era5,2025-09-10T15:00:00+00:00,unet_raw,Raw field U-Net,18.809090508355037,False,hourly mean,3
EP112025,Kiko (2025),with_era5,2025-09-10T16:00:00+00:00,unet_raw,Raw field U-Net,20.04435337914361,False,hourly mean,3
EP112025,Kiko (2025),with_era5,2025-09-10T17:00:00+00:00,unet_raw,Raw field U-Net,21.26226467556424,False,hourly mean,3
EP112025,Kiko (2025),with_era5,2025-09-10T18:00:00+00:00,unet_raw,Raw field U-Net,23.274239752027725,False,hourly mean,3
EP112025,Kiko (2025),with_era5,2025-09-10T19:00:00+00:00,unet_raw,Raw field U-Net,25.711459901597767,False,hourly mean,3
EP112025,Kiko (2025),with_era5,2025-09-10T20:00:00+00:00,unet_raw,Raw field U-Net,27.580851766798233,False,hourly mean,3
EP112025,Kiko (2025),with_era5,2025-09-10T21:00:00+00:00,unet_raw,Raw field U-Net,27.95635212792291,False,hourly mean,3
EP112025,Kiko (2025),with_era5,2025-09-10T22:00:00+00:00,unet_raw,Raw field U-Net,27.75688499874539,False,hourly mean,3
EP112025,Kiko (2025),with_era5,2025-09-10T23:00:00+00:00,unet_raw,Raw field U-Net,27.458437601725265,False,hourly mean,3
EP112025,Kiko (2025),with_era5,2025-08-31T00:00:00+00:00,unet_correction,U-Net + standard MLP,20.640972296396892,False,hourly mean,3
EP112025,Kiko (2025),with_era5,2025-08-31T01:00:00+00:00,unet_correction,U-Net + standard MLP,20.33831956651476,False,hourly mean,3
EP112025,Kiko (2025),with_era5,2025-08-31T02:00:00+00:00,unet_correction,U-Net + standard MLP,20.052941746181915,False,hourly mean,3
EP112025,Kiko (2025),with_era5,2025-08-31T03:00:00+00:00,unet_correction,U-Net + standard MLP,18.812506834665935,False,hourly mean,3
EP112025,Kiko (2025),with_era5,2025-08-31T04:00:00+00:00,unet_correction,U-Net + standard MLP,17.87227174970839,False,hourly mean,3
EP112025,Kiko (2025),with_era5,2025-08-31T05:00:00+00:00,unet_correction,U-Net + standard MLP,17.451422691345215,False,hourly mean,3
EP112025,Kiko (2025),with_era5,2025-08-31T06:00:00+00:00,unet_correction,U-Net + standard MLP,18.323759343889026,False,hourly mean,3
EP112025,Kiko (2025),with_era5,2025-08-31T07:00:00+00:00,unet_correction,U-Net + standard MLP,18.77254835764567,False,hourly mean,3
EP112025,Kiko (2025),with_era5,2025-08-31T08:00:00+00:00,unet_correction,U-Net + standard MLP,18.920770009358723,False,hourly mean,3
EP112025,Kiko (2025),with_era5,2025-08-31T09:00:00+00:00,unet_correction,U-Net + standard MLP,18.98207484351264,False,hourly mean,3
EP112025,Kiko (2025),with_era5,2025-08-31T10:00:00+00:00,unet_correction,U-Net + standard MLP,18.879884190029568,False,hourly mean,3
EP112025,Kiko (2025),with_era5,2025-08-31T11:00:00+00:00,unet_correction,U-Net + standard MLP,18.155841403537323,False,hourly mean,3
EP112025,Kiko (2025),with_era5,2025-08-31T12:00:00+00:00,unet_correction,U-Net + standard MLP,17.95905526479085,False,hourly mean,3
EP112025,Kiko (2025),with_era5,2025-08-31T13:00:00+00:00,unet_correction,U-Net + standard MLP,18.418572743733723,False,hourly mean,3
EP112025,Kiko (2025),with_era5,2025-08-31T14:00:00+00:00,unet_correction,U-Net + standard MLP,20.95496877034505,False,hourly mean,3
EP112025,Kiko (2025),with_era5,2025-08-31T15:00:00+00:00,unet_correction,U-Net + standard MLP,23.19049623277452,False,hourly mean,3
EP112025,Kiko (2025),with_era5,2025-08-31T16:00:00+00:00,unet_correction,U-Net + standard MLP,26.397310256958008,False,hourly mean,3
EP112025,Kiko (2025),with_era5,2025-08-31T17:00:00+00:00,unet_correction,U-Net + standard MLP,25.188808017306858,False,hourly mean,3
EP112025,Kiko (2025),with_era5,2025-08-31T18:00:00+00:00,unet_correction,U-Net + standard MLP,25.535017649332683,False,hourly mean,3
EP112025,Kiko (2025),with_era5,2025-08-31T19:00:00+00:00,unet_correction,U-Net + standard MLP,24.85398631625705,False,hourly mean,3
EP112025,Kiko (2025),with_era5,2025-08-31T20:00:00+00:00,unet_correction,U-Net + standard MLP,25.333402845594616,False,hourly mean,3
EP112025,Kiko (2025),with_era5,2025-08-31T21:00:00+00:00,unet_correction,U-Net + standard MLP,24.68995200263129,False,hourly mean,3
EP112025,Kiko (2025),with_era5,2025-08-31T22:00:00+00:00,unet_correction,U-Net + standard MLP,23.283439212375217,False,hourly mean,3
EP112025,Kiko (2025),with_era5,2025-08-31T23:00:00+00:00,unet_correction,U-Net + standard MLP,23.536062388949926,False,hourly mean,3
EP112025,Kiko (2025),with_era5,2025-09-01T00:00:00+00:00,unet_correction,U-Net + standard MLP,23.772979566786024,False,hourly mean,3
EP112025,Kiko (2025),with_era5,2025-09-01T01:00:00+00:00,unet_correction,U-Net + standard MLP,25.32359254625108,False,hourly mean,3
EP112025,Kiko (2025),with_era5,2025-09-01T02:00:00+00:00,unet_correction,U-Net + standard MLP,25.872582223680286,False,hourly mean,3
EP112025,Kiko (2025),with_era5,2025-09-01T03:00:00+00:00,unet_correction,U-Net + standard MLP,25.995835834079315,False,hourly mean,3
EP112025,Kiko (2025),with_era5,2025-09-01T04:00:00+00:00,unet_correction,U-Net + standard MLP,25.110665639241535,False,hourly mean,3
EP112025,Kiko (2025),with_era5,2025-09-01T05:00:00+00:00,unet_correction,U-Net + standard MLP,24.38181644015842,False,hourly mean,3
EP112025,Kiko (2025),with_era5,2025-09-01T06:00:00+00:00,unet_correction,U-Net + standard MLP,23.10375754038493,False,hourly mean,3
EP112025,Kiko (2025),with_era5,2025-09-01T07:00:00+00:00,unet_correction,U-Net + standard MLP,21.940605375501846,False,hourly mean,3
EP112025,Kiko (2025),with_era5,2025-09-01T08:00:00+00:00,unet_correction,U-Net + standard MLP,21.72984621259901,False,hourly mean,3
EP112025,Kiko (2025),with_era5,2025-09-01T09:00:00+00:00,unet_correction,U-Net + standard MLP,22.264984236823192,False,hourly mean,3
EP112025,Kiko (2025),with_era5,2025-09-01T10:00:00+00:00,unet_correction,U-Net + standard MLP,24.051828596327038,False,hourly mean,3
EP112025,Kiko (2025),with_era5,2025-09-01T11:00:00+00:00,unet_correction,U-Net + standard MLP,26.161183675130207,False,hourly mean,3
EP112025,Kiko (2025),with_era5,2025-09-01T12:00:00+00:00,unet_correction,U-Net + standard MLP,27.552571084764267,False,hourly mean,3
EP112025,Kiko (2025),with_era5,2025-09-01T13:00:00+00:00,unet_correction,U-Net + standard MLP,27.090105480617947,False,hourly mean,3
EP112025,Kiko (2025),with_era5,2025-09-01T14:00:00+00:00,unet_correction,U-Net + standard MLP,25.75440724690755,False,hourly mean,3
EP112025,Kiko (2025),with_era5,2025-09-01T15:00:00+00:00,unet_correction,U-Net + standard MLP,25.064101219177246,False,hourly mean,3
EP112025,Kiko (2025),with_era5,2025-09-01T16:00:00+00:00,unet_correction,U-Net + standard MLP,25.312156359354656,False,hourly mean,3
EP112025,Kiko (2025),with_era5,2025-09-01T17:00:00+00:00,unet_correction,U-Net + standard MLP,25.89921262529161,False,hourly mean,3
EP112025,Kiko (2025),with_era5,2025-09-01T18:00:00+00:00,unet_correction,U-Net + standard MLP,25.220823923746746,False,hourly mean,3
EP112025,Kiko (2025),with_era5,2025-09-01T19:00:00+00:00,unet_correction,U-Net + standard MLP,24.430295838250057,False,hourly mean,3
EP112025,Kiko (2025),with_era5,2025-09-01T20:00:00+00:00,unet_correction,U-Net + standard MLP,24.903685675727,False,hourly mean,3
EP112025,Kiko (2025),with_era5,2025-09-01T21:00:00+00:00,unet_correction,U-Net + standard MLP,26.671852111816406,False,hourly mean,3
EP112025,Kiko (2025),with_era5,2025-09-01T22:00:00+00:00,unet_correction,U-Net + standard MLP,28.446889983283153,False,hourly mean,3
EP112025,Kiko (2025),with_era5,2025-09-01T23:00:00+00:00,unet_correction,U-Net + standard MLP,28.890300114949543,False,hourly mean,3
EP112025,Kiko (2025),with_era5,2025-09-02T00:00:00+00:00,unet_correction,U-Net + standard MLP,29.464435789320202,False,hourly mean,3
EP112025,Kiko (2025),with_era5,2025-09-02T01:00:00+00:00,unet_correction,U-Net + standard MLP,29.689603169759113,False,hourly mean,3
EP112025,Kiko (2025),with_era5,2025-09-02T02:00:00+00:00,unet_correction,U-Net + standard MLP,28.305672221713596,False,hourly mean,3
EP112025,Kiko (2025),with_era5,2025-09-02T03:00:00+00:00,unet_correction,U-Net + standard MLP,26.651985062493214,False,hourly mean,3
EP112025,Kiko (2025),with_era5,2025-09-02T04:00:00+00:00,unet_correction,U-Net + standard MLP,25.36735640631782,False,hourly mean,3
EP112025,Kiko (2025),with_era5,2025-09-02T05:00:00+00:00,unet_correction,U-Net + standard MLP,25.854504479302303,False,hourly mean,3
EP112025,Kiko (2025),with_era5,2025-09-02T06:00:00+00:00,unet_correction,U-Net + standard MLP,26.03828578525119,False,hourly mean,3
EP112025,Kiko (2025),with_era5,2025-09-02T07:00:00+00:00,unet_correction,U-Net + standard MLP,25.932324939303925,False,hourly mean,3
EP112025,Kiko (2025),with_era5,2025-09-02T08:00:00+00:00,unet_correction,U-Net + standard MLP,26.667350875006786,False,hourly mean,3
EP112025,Kiko (2025),with_era5,2025-09-02T09:00:00+00:00,unet_correction,U-Net + standard MLP,27.795289145575627,False,hourly mean,3
EP112025,Kiko (2025),with_era5,2025-09-02T10:00:00+00:00,unet_correction,U-Net + standard MLP,29.394384278191456,False,hourly mean,3
EP112025,Kiko (2025),with_era5,2025-09-02T11:00:00+00:00,unet_correction,U-Net + standard MLP,29.356907102796765,False,hourly mean,3
EP112025,Kiko (2025),with_era5,2025-09-02T12:00:00+00:00,unet_correction,U-Net + standard MLP,29.11619684431288,False,hourly mean,3
EP112025,Kiko (2025),with_era5,2025-09-02T13:00:00+00:00,unet_correction,U-Net + standard MLP,28.12698321872287,False,hourly mean,3
EP112025,Kiko (2025),with_era5,2025-09-02T14:00:00+00:00,unet_correction,U-Net + standard MLP,27.745622528923878,False,hourly mean,3
EP112025,Kiko (2025),with_era5,2025-09-02T15:00:00+00:00,unet_correction,U-Net + standard MLP,27.23722341325548,False,hourly mean,3
EP112025,Kiko (2025),with_era5,2025-09-02T16:00:00+00:00,unet_correction,U-Net + standard MLP,27.347419102986652,False,hourly mean,3
EP112025,Kiko (2025),with_era5,2025-09-02T17:00:00+00:00,unet_correction,U-Net + standard MLP,27.746414714389378,False,hourly mean,3
EP112025,Kiko (2025),with_era5,2025-09-02T18:00:00+00:00,unet_correction,U-Net + standard MLP,28.72737142774794,False,hourly mean,3
EP112025,Kiko (2025),with_era5,2025-09-02T19:00:00+00:00,unet_correction,U-Net + standard MLP,29.062531153361004,False,hourly mean,3
EP112025,Kiko (2025),with_era5,2025-09-02T20:00:00+00:00,unet_correction,U-Net + standard MLP,29.764617178175182,False,hourly mean,3
EP112025,Kiko (2025),with_era5,2025-09-02T21:00:00+00:00,unet_correction,U-Net + standard MLP,30.023861037360295,True,hourly mean,3
EP112025,Kiko (2025),with_era5,2025-09-02T22:00:00+00:00,unet_correction,U-Net + standard MLP,31.692969110276966,True,hourly mean,3
EP112025,Kiko (2025),with_era5,2025-09-02T23:00:00+00:00,unet_correction,U-Net + standard MLP,33.213605138990616,True,hourly mean,3
EP112025,Kiko (2025),with_era5,2025-09-03T00:00:00+00:00,unet_correction,U-Net + standard MLP,34.23069339328342,True,hourly mean,3
EP112025,Kiko (2025),with_era5,2025-09-03T01:00:00+00:00,unet_correction,U-Net + standard MLP,33.42115253872341,True,hourly mean,3
EP112025,Kiko (2025),with_era5,2025-09-03T02:00:00+00:00,unet_correction,U-Net + standard MLP,32.39515029059516,True,hourly mean,3
EP112025,Kiko (2025),with_era5,2025-09-03T03:00:00+00:00,unet_correction,U-Net + standard MLP,32.03595288594564,False,hourly mean,3
EP112025,Kiko (2025),with_era5,2025-09-03T04:00:00+00:00,unet_correction,U-Net + standard MLP,31.893463770548504,False,hourly mean,3
EP112025,Kiko (2025),with_era5,2025-09-03T05:00:00+00:00,unet_correction,U-Net + standard MLP,31.367894066704647,False,hourly mean,3
EP112025,Kiko (2025),with_era5,2025-09-03T06:00:00+00:00,unet_correction,U-Net + standard MLP,31.20676443311903,False,hourly mean,3
EP112025,Kiko (2025),with_era5,2025-09-03T07:00:00+00:00,unet_correction,U-Net + standard MLP,31.00860097673204,False,hourly mean,3
EP112025,Kiko (2025),with_era5,2025-09-03T08:00:00+00:00,unet_correction,U-Net + standard MLP,31.31725523206923,False,hourly mean,3
EP112025,Kiko (2025),with_era5,2025-09-03T09:00:00+00:00,unet_correction,U-Net + standard MLP,32.169769499036995,False,hourly mean,3
EP112025,Kiko (2025),with_era5,2025-09-03T10:00:00+00:00,unet_correction,U-Net + standard MLP,34.14812522464328,False,hourly mean,3
EP112025,Kiko (2025),with_era5,2025-09-03T11:00:00+00:00,unet_correction,U-Net + standard MLP,35.69165335761176,False,hourly mean,3
EP112025,Kiko (2025),with_era5,2025-09-03T12:00:00+00:00,unet_correction,U-Net + standard MLP,36.75277667575412,False,hourly mean,3
EP112025,Kiko (2025),with_era5,2025-09-03T13:00:00+00:00,unet_correction,U-Net + standard MLP,40.386526319715706,False,hourly mean,3
EP112025,Kiko (2025),with_era5,2025-09-03T14:00:00+00:00,unet_correction,U-Net + standard MLP,45.66066381666395,False,hourly mean,3
EP112025,Kiko (2025),with_era5,2025-09-03T15:00:00+00:00,unet_correction,U-Net + standard MLP,51.219852659437386,False,hourly mean,3
EP112025,Kiko (2025),with_era5,2025-09-03T16:00:00+00:00,unet_correction,U-Net + standard MLP,53.63881852891709,False,hourly mean,3
EP112025,Kiko (2025),with_era5,2025-09-03T17:00:00+00:00,unet_correction,U-Net + standard MLP,54.762934578789604,False,hourly mean,3
EP112025,Kiko (2025),with_era5,2025-09-03T18:00:00+00:00,unet_correction,U-Net + standard MLP,54.0043216281467,True,hourly mean,3
EP112025,Kiko (2025),with_era5,2025-09-03T19:00:00+00:00,unet_correction,U-Net + standard MLP,50.96286646525064,True,hourly mean,3
EP112025,Kiko (2025),with_era5,2025-09-03T20:00:00+00:00,unet_correction,U-Net + standard MLP,47.52020581563314,True,hourly mean,3
EP112025,Kiko (2025),with_era5,2025-09-03T21:00:00+00:00,unet_correction,U-Net + standard MLP,47.07946183946397,True,hourly mean,3
EP112025,Kiko (2025),with_era5,2025-09-03T22:00:00+00:00,unet_correction,U-Net + standard MLP,49.92203860812717,True,hourly mean,3
EP112025,Kiko (2025),with_era5,2025-09-03T23:00:00+00:00,unet_correction,U-Net + standard MLP,52.563885582817925,True,hourly mean,3
EP112025,Kiko (2025),with_era5,2025-09-04T00:00:00+00:00,unet_correction,U-Net + standard MLP,50.43757247924805,True,hourly mean,3
EP112025,Kiko (2025),with_era5,2025-09-04T01:00:00+00:00,unet_correction,U-Net + standard MLP,43.931681421067985,True,hourly mean,3
EP112025,Kiko (2025),with_era5,2025-09-04T02:00:00+00:00,unet_correction,U-Net + standard MLP,38.415720303853355,True,hourly mean,3
EP112025,Kiko (2025),with_era5,2025-09-04T03:00:00+00:00,unet_correction,U-Net + standard MLP,35.04013432396783,True,hourly mean,3
EP112025,Kiko (2025),with_era5,2025-09-04T04:00:00+00:00,unet_correction,U-Net + standard MLP,34.604390674167206,True,hourly mean,3
EP112025,Kiko (2025),with_era5,2025-09-04T05:00:00+00:00,unet_correction,U-Net + standard MLP,32.95388020409478,True,hourly mean,3
EP112025,Kiko (2025),with_era5,2025-09-04T06:00:00+00:00,unet_correction,U-Net + standard MLP,31.50428273942735,True,hourly mean,3
EP112025,Kiko (2025),with_era5,2025-09-04T07:00:00+00:00,unet_correction,U-Net + standard MLP,30.61567274729411,True,hourly mean,3
EP112025,Kiko (2025),with_era5,2025-09-04T08:00:00+00:00,unet_correction,U-Net + standard MLP,33.616323471069336,True,hourly mean,3
EP112025,Kiko (2025),with_era5,2025-09-04T09:00:00+00:00,unet_correction,U-Net + standard MLP,37.66901058620876,False,hourly mean,3
EP112025,Kiko (2025),with_era5,2025-09-04T10:00:00+00:00,unet_correction,U-Net + standard MLP,42.43532964918348,False,hourly mean,3
EP112025,Kiko (2025),with_era5,2025-09-04T11:00:00+00:00,unet_correction,U-Net + standard MLP,45.175743950737846,False,hourly mean,3
EP112025,Kiko (2025),with_era5,2025-09-04T12:00:00+00:00,unet_correction,U-Net + standard MLP,46.71539200676812,False,hourly mean,3
EP112025,Kiko (2025),with_era5,2025-09-04T13:00:00+00:00,unet_correction,U-Net + standard MLP,47.88154411315918,False,hourly mean,3
EP112025,Kiko (2025),with_era5,2025-09-04T14:00:00+00:00,unet_correction,U-Net + standard MLP,49.72566223144531,False,hourly mean,3
EP112025,Kiko (2025),with_era5,2025-09-04T15:00:00+00:00,unet_correction,U-Net + standard MLP,51.89846886528863,False,hourly mean,3
EP112025,Kiko (2025),with_era5,2025-09-04T16:00:00+00:00,unet_correction,U-Net + standard MLP,54.199299282497826,False,hourly mean,3
EP112025,Kiko (2025),with_era5,2025-09-04T17:00:00+00:00,unet_correction,U-Net + standard MLP,51.50802230834961,False,hourly mean,3
EP112025,Kiko (2025),with_era5,2025-09-04T18:00:00+00:00,unet_correction,U-Net + standard MLP,48.58038478427463,False,hourly mean,3
EP112025,Kiko (2025),with_era5,2025-09-04T19:00:00+00:00,unet_correction,U-Net + standard MLP,44.84321975708008,False,hourly mean,3
EP112025,Kiko (2025),with_era5,2025-09-04T20:00:00+00:00,unet_correction,U-Net + standard MLP,43.93195809258355,False,hourly mean,3
EP112025,Kiko (2025),with_era5,2025-09-04T21:00:00+00:00,unet_correction,U-Net + standard MLP,43.767951541476776,False,hourly mean,3
EP112025,Kiko (2025),with_era5,2025-09-04T22:00:00+00:00,unet_correction,U-Net + standard MLP,43.60082138909234,False,hourly mean,3
EP112025,Kiko (2025),with_era5,2025-09-04T23:00:00+00:00,unet_correction,U-Net + standard MLP,42.04491678873698,False,hourly mean,3
EP112025,Kiko (2025),with_era5,2025-09-05T00:00:00+00:00,unet_correction,U-Net + standard MLP,39.01763047112359,False,hourly mean,3
EP112025,Kiko (2025),with_era5,2025-09-05T01:00:00+00:00,unet_correction,U-Net + standard MLP,35.55785263909234,False,hourly mean,3
EP112025,Kiko (2025),with_era5,2025-09-05T02:00:00+00:00,unet_correction,U-Net + standard MLP,33.7317337459988,False,hourly mean,3
EP112025,Kiko (2025),with_era5,2025-09-05T03:00:00+00:00,unet_correction,U-Net + standard MLP,32.5863906012641,False,hourly mean,3
EP112025,Kiko (2025),with_era5,2025-09-05T04:00:00+00:00,unet_correction,U-Net + standard MLP,31.521088812086315,False,hourly mean,3
EP112025,Kiko (2025),with_era5,2025-09-05T05:00:00+00:00,unet_correction,U-Net + standard MLP,29.780414157443573,False,hourly mean,3
EP112025,Kiko (2025),with_era5,2025-09-05T06:00:00+00:00,unet_correction,U-Net + standard MLP,28.261929935879177,False,hourly mean,3
EP112025,Kiko (2025),with_era5,2025-09-05T07:00:00+00:00,unet_correction,U-Net + standard MLP,27.685989273918995,False,hourly mean,3
EP112025,Kiko (2025),with_era5,2025-09-05T08:00:00+00:00,unet_correction,U-Net + standard MLP,28.523841963873963,False,hourly mean,3
EP112025,Kiko (2025),with_era5,2025-09-05T09:00:00+00:00,unet_correction,U-Net + standard MLP,29.8712346818712,False,hourly mean,3
EP112025,Kiko (2025),with_era5,2025-09-05T10:00:00+00:00,unet_correction,U-Net + standard MLP,31.192334810892742,False,hourly mean,3
EP112025,Kiko (2025),with_era5,2025-09-05T11:00:00+00:00,unet_correction,U-Net + standard MLP,32.23888609144422,False,hourly mean,3
EP112025,Kiko (2025),with_era5,2025-09-05T12:00:00+00:00,unet_correction,U-Net + standard MLP,35.13702413770887,False,hourly mean,3
EP112025,Kiko (2025),with_era5,2025-09-05T13:00:00+00:00,unet_correction,U-Net + standard MLP,40.102863735622826,False,hourly mean,3
EP112025,Kiko (2025),with_era5,2025-09-05T14:00:00+00:00,unet_correction,U-Net + standard MLP,42.05277591281467,False,hourly mean,3
EP112025,Kiko (2025),with_era5,2025-09-05T15:00:00+00:00,unet_correction,U-Net + standard MLP,41.51076210869683,False,hourly mean,3
EP112025,Kiko (2025),with_era5,2025-09-05T16:00:00+00:00,unet_correction,U-Net + standard MLP,39.453308741251625,False,hourly mean,3
EP112025,Kiko (2025),with_era5,2025-09-05T17:00:00+00:00,unet_correction,U-Net + standard MLP,41.36963801913791,False,hourly mean,3
EP112025,Kiko (2025),with_era5,2025-09-05T18:00:00+00:00,unet_correction,U-Net + standard MLP,43.094007280137795,False,hourly mean,3
EP112025,Kiko (2025),with_era5,2025-09-05T19:00:00+00:00,unet_correction,U-Net + standard MLP,43.80840788947211,False,hourly mean,3
EP112025,Kiko (2025),with_era5,2025-09-05T20:00:00+00:00,unet_correction,U-Net + standard MLP,38.181657791137695,False,hourly mean,3
EP112025,Kiko (2025),with_era5,2025-09-05T21:00:00+00:00,unet_correction,U-Net + standard MLP,34.35833602481418,False,hourly mean,3
EP112025,Kiko (2025),with_era5,2025-09-05T22:00:00+00:00,unet_correction,U-Net + standard MLP,33.551761309305824,False,hourly mean,3
EP112025,Kiko (2025),with_era5,2025-09-05T23:00:00+00:00,unet_correction,U-Net + standard MLP,39.50587431589762,False,hourly mean,3
EP112025,Kiko (2025),with_era5,2025-09-06T00:00:00+00:00,unet_correction,U-Net + standard MLP,45.34597587585449,False,hourly mean,3
EP112025,Kiko (2025),with_era5,2025-09-06T01:00:00+00:00,unet_correction,U-Net + standard MLP,47.84598922729492,False,hourly mean,3
EP112025,Kiko (2025),with_era5,2025-09-06T02:00:00+00:00,unet_correction,U-Net + standard MLP,50.37080510457357,False,hourly mean,3
EP112025,Kiko (2025),with_era5,2025-09-06T03:00:00+00:00,unet_correction,U-Net + standard MLP,51.87531195746527,False,hourly mean,3
EP112025,Kiko (2025),with_era5,2025-09-06T04:00:00+00:00,unet_correction,U-Net + standard MLP,53.537387635972756,False,hourly mean,3
EP112025,Kiko (2025),with_era5,2025-09-06T05:00:00+00:00,unet_correction,U-Net + standard MLP,53.4873547024197,False,hourly mean,3
EP112025,Kiko (2025),with_era5,2025-09-06T06:00:00+00:00,unet_correction,U-Net + standard MLP,52.2411749098036,False,hourly mean,3
EP112025,Kiko (2025),with_era5,2025-09-06T07:00:00+00:00,unet_correction,U-Net + standard MLP,48.81446329752604,False,hourly mean,3
EP112025,Kiko (2025),with_era5,2025-09-06T08:00:00+00:00,unet_correction,U-Net + standard MLP,47.40745057000054,False,hourly mean,3
EP112025,Kiko (2025),with_era5,2025-09-06T09:00:00+00:00,unet_correction,U-Net + standard MLP,47.06502723693848,False,hourly mean,3
EP112025,Kiko (2025),with_era5,2025-09-06T10:00:00+00:00,unet_correction,U-Net + standard MLP,46.92332437303332,False,hourly mean,3
EP112025,Kiko (2025),with_era5,2025-09-06T11:00:00+00:00,unet_correction,U-Net + standard MLP,41.96485180324978,False,hourly mean,3
EP112025,Kiko (2025),with_era5,2025-09-06T12:00:00+00:00,unet_correction,U-Net + standard MLP,36.41104401482476,False,hourly mean,3
EP112025,Kiko (2025),with_era5,2025-09-06T13:00:00+00:00,unet_correction,U-Net + standard MLP,34.14821539984809,False,hourly mean,3
EP112025,Kiko (2025),with_era5,2025-09-06T14:00:00+00:00,unet_correction,U-Net + standard MLP,37.02555953131782,False,hourly mean,3
EP112025,Kiko (2025),with_era5,2025-09-06T15:00:00+00:00,unet_correction,U-Net + standard MLP,41.16884549458822,False,hourly mean,3
EP112025,Kiko (2025),with_era5,2025-09-06T16:00:00+00:00,unet_correction,U-Net + standard MLP,44.68246184455024,False,hourly mean,3
EP112025,Kiko (2025),with_era5,2025-09-06T17:00:00+00:00,unet_correction,U-Net + standard MLP,45.481034384833436,False,hourly mean,3
EP112025,Kiko (2025),with_era5,2025-09-06T18:00:00+00:00,unet_correction,U-Net + standard MLP,46.27400377061631,False,hourly mean,3
EP112025,Kiko (2025),with_era5,2025-09-06T19:00:00+00:00,unet_correction,U-Net + standard MLP,47.049601236979164,False,hourly mean,3
EP112025,Kiko (2025),with_era5,2025-09-06T20:00:00+00:00,unet_correction,U-Net + standard MLP,45.415733549329964,False,hourly mean,3
EP112025,Kiko (2025),with_era5,2025-09-06T21:00:00+00:00,unet_correction,U-Net + standard MLP,43.758490244547524,False,hourly mean,3
EP112025,Kiko (2025),with_era5,2025-09-06T22:00:00+00:00,unet_correction,U-Net + standard MLP,43.62556627061631,False,hourly mean,3
EP112025,Kiko (2025),with_era5,2025-09-06T23:00:00+00:00,unet_correction,U-Net + standard MLP,46.98728561401367,False,hourly mean,3
EP112025,Kiko (2025),with_era5,2025-09-07T00:00:00+00:00,unet_correction,U-Net + standard MLP,49.77553113301595,False,hourly mean,3
EP112025,Kiko (2025),with_era5,2025-09-07T01:00:00+00:00,unet_correction,U-Net + standard MLP,50.283033159044045,False,hourly mean,3
EP112025,Kiko (2025),with_era5,2025-09-07T02:00:00+00:00,unet_correction,U-Net + standard MLP,50.494314617580834,False,hourly mean,3
EP112025,Kiko (2025),with_era5,2025-09-07T03:00:00+00:00,unet_correction,U-Net + standard MLP,51.65104124281141,False,hourly mean,3
EP112025,Kiko (2025),with_era5,2025-09-07T04:00:00+00:00,unet_correction,U-Net + standard MLP,53.64748022291395,False,hourly mean,3
EP112025,Kiko (2025),with_era5,2025-09-07T05:00:00+00:00,unet_correction,U-Net + standard MLP,54.57823265923394,False,hourly mean,3
EP112025,Kiko (2025),with_era5,2025-09-07T06:00:00+00:00,unet_correction,U-Net + standard MLP,53.60417196485731,False,hourly mean,3
EP112025,Kiko (2025),with_era5,2025-09-07T07:00:00+00:00,unet_correction,U-Net + standard MLP,50.881017049153634,False,hourly mean,3
EP112025,Kiko (2025),with_era5,2025-09-07T08:00:00+00:00,unet_correction,U-Net + standard MLP,48.92420789930555,False,hourly mean,3
EP112025,Kiko (2025),with_era5,2025-09-07T09:00:00+00:00,unet_correction,U-Net + standard MLP,48.194074842664925,False,hourly mean,3
EP112025,Kiko (2025),with_era5,2025-09-07T10:00:00+00:00,unet_correction,U-Net + standard MLP,48.51562542385525,False,hourly mean,3
EP112025,Kiko (2025),with_era5,2025-09-07T11:00:00+00:00,unet_correction,U-Net + standard MLP,48.045488357543945,False,hourly mean,3
EP112025,Kiko (2025),with_era5,2025-09-07T12:00:00+00:00,unet_correction,U-Net + standard MLP,47.984719806247284,False,hourly mean,3
EP112025,Kiko (2025),with_era5,2025-09-07T13:00:00+00:00,unet_correction,U-Net + standard MLP,48.39460055033366,False,hourly mean,3
EP112025,Kiko (2025),with_era5,2025-09-07T14:00:00+00:00,unet_correction,U-Net + standard MLP,47.12648158603244,False,hourly mean,3
EP112025,Kiko (2025),with_era5,2025-09-07T15:00:00+00:00,unet_correction,U-Net + standard MLP,41.754153357611756,False,hourly mean,3
EP112025,Kiko (2025),with_era5,2025-09-07T16:00:00+00:00,unet_correction,U-Net + standard MLP,35.941807428995766,False,hourly mean,3
EP112025,Kiko (2025),with_era5,2025-09-07T17:00:00+00:00,unet_correction,U-Net + standard MLP,32.20577250586616,False,hourly mean,3
EP112025,Kiko (2025),with_era5,2025-09-07T18:00:00+00:00,unet_correction,U-Net + standard MLP,31.353087319268116,False,hourly mean,3
EP112025,Kiko (2025),with_era5,2025-09-07T19:00:00+00:00,unet_correction,U-Net + standard MLP,30.780589633517792,False,hourly mean,3
EP112025,Kiko (2025),with_era5,2025-09-07T20:00:00+00:00,unet_correction,U-Net + standard MLP,29.404163254631886,False,hourly mean,3
EP112025,Kiko (2025),with_era5,2025-09-07T21:00:00+00:00,unet_correction,U-Net + standard MLP,28.49502256181505,False,hourly mean,3
EP112025,Kiko (2025),with_era5,2025-09-07T22:00:00+00:00,unet_correction,U-Net + standard MLP,28.101165029737682,False,hourly mean,3
EP112025,Kiko (2025),with_era5,2025-09-07T23:00:00+00:00,unet_correction,U-Net + standard MLP,28.881038453843857,False,hourly mean,3
EP112025,Kiko (2025),with_era5,2025-09-08T00:00:00+00:00,unet_correction,U-Net + standard MLP,30.035768614874943,False,hourly mean,3
EP112025,Kiko (2025),with_era5,2025-09-08T01:00:00+00:00,unet_correction,U-Net + standard MLP,30.95908800760905,False,hourly mean,3
EP112025,Kiko (2025),with_era5,2025-09-08T02:00:00+00:00,unet_correction,U-Net + standard MLP,32.41046471065945,False,hourly mean,3
EP112025,Kiko (2025),with_era5,2025-09-08T03:00:00+00:00,unet_correction,U-Net + standard MLP,34.31152778201633,False,hourly mean,3
EP112025,Kiko (2025),with_era5,2025-09-08T04:00:00+00:00,unet_correction,U-Net + standard MLP,36.31556214226617,False,hourly mean,3
EP112025,Kiko (2025),with_era5,2025-09-08T05:00:00+00:00,unet_correction,U-Net + standard MLP,37.036778132120766,False,hourly mean,3
EP112025,Kiko (2025),with_era5,2025-09-08T06:00:00+00:00,unet_correction,U-Net + standard MLP,36.405168745252816,False,hourly mean,3
EP112025,Kiko (2025),with_era5,2025-09-08T07:00:00+00:00,unet_correction,U-Net + standard MLP,34.67727247873942,False,hourly mean,3
EP112025,Kiko (2025),with_era5,2025-09-08T08:00:00+00:00,unet_correction,U-Net + standard MLP,39.024636268615716,False,hourly mean,3
EP112025,Kiko (2025),with_era5,2025-09-08T09:00:00+00:00,unet_correction,U-Net + standard MLP,44.75052229563395,False,hourly mean,3
EP112025,Kiko (2025),with_era5,2025-09-08T10:00:00+00:00,unet_correction,U-Net + standard MLP,50.684509065416115,False,hourly mean,3
EP112025,Kiko (2025),with_era5,2025-09-08T11:00:00+00:00,unet_correction,U-Net + standard MLP,50.37704743279351,False,hourly mean,3
EP112025,Kiko (2025),with_era5,2025-09-08T12:00:00+00:00,unet_correction,U-Net + standard MLP,48.712406158447266,False,hourly mean,3
EP112025,Kiko (2025),with_era5,2025-09-08T13:00:00+00:00,unet_correction,U-Net + standard MLP,45.89828745524088,False,hourly mean,3
EP112025,Kiko (2025),with_era5,2025-09-08T14:00:00+00:00,unet_correction,U-Net + standard MLP,42.77245754665798,False,hourly mean,3
EP112025,Kiko (2025),with_era5,2025-09-08T15:00:00+00:00,unet_correction,U-Net + standard MLP,40.96953476799859,False,hourly mean,3
EP112025,Kiko (2025),with_era5,2025-09-08T16:00:00+00:00,unet_correction,U-Net + standard MLP,40.844730589124886,False,hourly mean,3
EP112025,Kiko (2025),with_era5,2025-09-08T17:00:00+00:00,unet_correction,U-Net + standard MLP,41.41496509975857,False,hourly mean,3
EP112025,Kiko (2025),with_era5,2025-09-08T18:00:00+00:00,unet_correction,U-Net + standard MLP,41.03975062900119,False,hourly mean,3
EP112025,Kiko (2025),with_era5,2025-09-08T19:00:00+00:00,unet_correction,U-Net + standard MLP,42.45892206827799,False,hourly mean,3
EP112025,Kiko (2025),with_era5,2025-09-08T20:00:00+00:00,unet_correction,U-Net + standard MLP,40.249678717719185,False,hourly mean,3
EP112025,Kiko (2025),with_era5,2025-09-08T21:00:00+00:00,unet_correction,U-Net + standard MLP,38.11605665418837,False,hourly mean,3
EP112025,Kiko (2025),with_era5,2025-09-08T22:00:00+00:00,unet_correction,U-Net + standard MLP,33.915290408664276,False,hourly mean,3
EP112025,Kiko (2025),with_era5,2025-09-08T23:00:00+00:00,unet_correction,U-Net + standard MLP,32.67020183139377,False,hourly mean,3
EP112025,Kiko (2025),with_era5,2025-09-09T00:00:00+00:00,unet_correction,U-Net + standard MLP,30.94569280412462,False,hourly mean,3
EP112025,Kiko (2025),with_era5,2025-09-09T01:00:00+00:00,unet_correction,U-Net + standard MLP,28.95587423112657,False,hourly mean,3
EP112025,Kiko (2025),with_era5,2025-09-09T02:00:00+00:00,unet_correction,U-Net + standard MLP,28.64012061225043,False,hourly mean,3
EP112025,Kiko (2025),with_era5,2025-09-09T03:00:00+00:00,unet_correction,U-Net + standard MLP,28.538502269321015,False,hourly mean,3
EP112025,Kiko (2025),with_era5,2025-09-09T04:00:00+00:00,unet_correction,U-Net + standard MLP,28.423717816670734,False,hourly mean,3
EP112025,Kiko (2025),with_era5,2025-09-09T05:00:00+00:00,unet_correction,U-Net + standard MLP,26.837148984273274,False,hourly mean,3
EP112025,Kiko (2025),with_era5,2025-09-09T06:00:00+00:00,unet_correction,U-Net + standard MLP,25.35074032677544,False,hourly mean,3
EP112025,Kiko (2025),with_era5,2025-09-09T07:00:00+00:00,unet_correction,U-Net + standard MLP,24.295344140794537,False,hourly mean,3
EP112025,Kiko (2025),with_era5,2025-09-09T08:00:00+00:00,unet_correction,U-Net + standard MLP,24.235069804721405,False,hourly mean,3
EP112025,Kiko (2025),with_era5,2025-09-09T09:00:00+00:00,unet_correction,U-Net + standard MLP,24.50170548756917,False,hourly mean,3
EP112025,Kiko (2025),with_era5,2025-09-09T10:00:00+00:00,unet_correction,U-Net + standard MLP,25.065702226426865,False,hourly mean,3
EP112025,Kiko (2025),with_era5,2025-09-09T11:00:00+00:00,unet_correction,U-Net + standard MLP,25.085048463609482,False,hourly mean,3
EP112025,Kiko (2025),with_era5,2025-09-09T12:00:00+00:00,unet_correction,U-Net + standard MLP,25.5804976357354,False,hourly mean,3
EP112025,Kiko (2025),with_era5,2025-09-09T13:00:00+00:00,unet_correction,U-Net + standard MLP,26.46570014953613,False,hourly mean,3
EP112025,Kiko (2025),with_era5,2025-09-09T14:00:00+00:00,unet_correction,U-Net + standard MLP,25.480453809102375,False,hourly mean,3
EP112025,Kiko (2025),with_era5,2025-09-09T15:00:00+00:00,unet_correction,U-Net + standard MLP,24.018633842468258,False,hourly mean,3
EP112025,Kiko (2025),with_era5,2025-09-09T16:00:00+00:00,unet_correction,U-Net + standard MLP,22.324950006273053,False,hourly mean,3
EP112025,Kiko (2025),with_era5,2025-09-09T17:00:00+00:00,unet_correction,U-Net + standard MLP,23.18553415934245,False,hourly mean,3
EP112025,Kiko (2025),with_era5,2025-09-09T18:00:00+00:00,unet_correction,U-Net + standard MLP,24.50423378414577,False,hourly mean,3
EP112025,Kiko (2025),with_era5,2025-09-09T19:00:00+00:00,unet_correction,U-Net + standard MLP,25.841395272148976,False,hourly mean,3
EP112025,Kiko (2025),with_era5,2025-09-09T20:00:00+00:00,unet_correction,U-Net + standard MLP,24.944489373101124,False,hourly mean,3
EP112025,Kiko (2025),with_era5,2025-09-09T21:00:00+00:00,unet_correction,U-Net + standard MLP,23.337169117397732,False,hourly mean,3
EP112025,Kiko (2025),with_era5,2025-09-09T22:00:00+00:00,unet_correction,U-Net + standard MLP,21.13560040791829,False,hourly mean,3
EP112025,Kiko (2025),with_era5,2025-09-09T23:00:00+00:00,unet_correction,U-Net + standard MLP,20.85012891557481,False,hourly mean,3
EP112025,Kiko (2025),with_era5,2025-09-10T00:00:00+00:00,unet_correction,U-Net + standard MLP,21.521176126268173,False,hourly mean,3
EP112025,Kiko (2025),with_era5,2025-09-10T01:00:00+00:00,unet_correction,U-Net + standard MLP,22.268925136990017,False,hourly mean,3
EP112025,Kiko (2025),with_era5,2025-09-10T02:00:00+00:00,unet_correction,U-Net + standard MLP,22.57065783606635,False,hourly mean,3
EP112025,Kiko (2025),with_era5,2025-09-10T03:00:00+00:00,unet_correction,U-Net + standard MLP,19.904079914093014,False,hourly mean,3
EP112025,Kiko (2025),with_era5,2025-09-10T04:00:00+00:00,unet_correction,U-Net + standard MLP,17.301008754306366,False,hourly mean,3
EP112025,Kiko (2025),with_era5,2025-09-10T05:00:00+00:00,unet_correction,U-Net + standard MLP,14.750511858198374,False,hourly mean,3
EP112025,Kiko (2025),with_era5,2025-09-10T06:00:00+00:00,unet_correction,U-Net + standard MLP,14.282775508032904,False,hourly mean,3
EP112025,Kiko (2025),with_era5,2025-09-10T07:00:00+00:00,unet_correction,U-Net + standard MLP,13.98682763841417,False,hourly mean,3
EP112025,Kiko (2025),with_era5,2025-09-10T08:00:00+00:00,unet_correction,U-Net + standard MLP,13.408020125495062,False,hourly mean,3
EP112025,Kiko (2025),with_era5,2025-09-10T09:00:00+00:00,unet_correction,U-Net + standard MLP,12.835133234659828,False,hourly mean,3
EP112025,Kiko (2025),with_era5,2025-09-10T10:00:00+00:00,unet_correction,U-Net + standard MLP,12.28097703721788,False,hourly mean,3
EP112025,Kiko (2025),with_era5,2025-09-10T11:00:00+00:00,unet_correction,U-Net + standard MLP,12.253030247158472,False,hourly mean,3
EP112025,Kiko (2025),with_era5,2025-09-10T12:00:00+00:00,unet_correction,U-Net + standard MLP,12.829977406395804,False,hourly mean,3
EP112025,Kiko (2025),with_era5,2025-09-10T13:00:00+00:00,unet_correction,U-Net + standard MLP,14.07114775975545,False,hourly mean,3
EP112025,Kiko (2025),with_era5,2025-09-10T14:00:00+00:00,unet_correction,U-Net + standard MLP,15.878018591139048,False,hourly mean,3
EP112025,Kiko (2025),with_era5,2025-09-10T15:00:00+00:00,unet_correction,U-Net + standard MLP,17.577484978569874,False,hourly mean,3
EP112025,Kiko (2025),with_era5,2025-09-10T16:00:00+00:00,unet_correction,U-Net + standard MLP,18.946423954433865,False,hourly mean,3
EP112025,Kiko (2025),with_era5,2025-09-10T17:00:00+00:00,unet_correction,U-Net + standard MLP,20.328732278611923,False,hourly mean,3
EP112025,Kiko (2025),with_era5,2025-09-10T18:00:00+00:00,unet_correction,U-Net + standard MLP,22.530094782511394,False,hourly mean,3
EP112025,Kiko (2025),with_era5,2025-09-10T19:00:00+00:00,unet_correction,U-Net + standard MLP,25.227522214253742,False,hourly mean,3
EP112025,Kiko (2025),with_era5,2025-09-10T20:00:00+00:00,unet_correction,U-Net + standard MLP,27.29550615946452,False,hourly mean,3
EP112025,Kiko (2025),with_era5,2025-09-10T21:00:00+00:00,unet_correction,U-Net + standard MLP,27.65714963277181,False,hourly mean,3
EP112025,Kiko (2025),with_era5,2025-09-10T22:00:00+00:00,unet_correction,U-Net + standard MLP,27.22888130611844,False,hourly mean,3
EP112025,Kiko (2025),with_era5,2025-09-10T23:00:00+00:00,unet_correction,U-Net + standard MLP,26.745116392771408,False,hourly mean,3
EP112025,Kiko (2025),with_era5,2025-08-31T00:00:00+00:00,joint_unet_mlp,Joint U-Net + latent MLP,26.322006066640217,False,hourly mean,3
EP112025,Kiko (2025),with_era5,2025-08-31T01:00:00+00:00,joint_unet_mlp,Joint U-Net + latent MLP,26.69566758473714,False,hourly mean,3
EP112025,Kiko (2025),with_era5,2025-08-31T02:00:00+00:00,joint_unet_mlp,Joint U-Net + latent MLP,27.65519788530138,False,hourly mean,3
EP112025,Kiko (2025),with_era5,2025-08-31T03:00:00+00:00,joint_unet_mlp,Joint U-Net + latent MLP,28.819552209642197,False,hourly mean,3
EP112025,Kiko (2025),with_era5,2025-08-31T04:00:00+00:00,joint_unet_mlp,Joint U-Net + latent MLP,29.598248269822864,False,hourly mean,3
EP112025,Kiko (2025),with_era5,2025-08-31T05:00:00+00:00,joint_unet_mlp,Joint U-Net + latent MLP,29.626867718166775,False,hourly mean,3
EP112025,Kiko (2025),with_era5,2025-08-31T06:00:00+00:00,joint_unet_mlp,Joint U-Net + latent MLP,29.087759971618652,False,hourly mean,3
EP112025,Kiko (2025),with_era5,2025-08-31T07:00:00+00:00,joint_unet_mlp,Joint U-Net + latent MLP,28.331814342074924,False,hourly mean,3
EP112025,Kiko (2025),with_era5,2025-08-31T08:00:00+00:00,joint_unet_mlp,Joint U-Net + latent MLP,27.639198303222656,False,hourly mean,3
EP112025,Kiko (2025),with_era5,2025-08-31T09:00:00+00:00,joint_unet_mlp,Joint U-Net + latent MLP,26.702210956149628,False,hourly mean,3
EP112025,Kiko (2025),with_era5,2025-08-31T10:00:00+00:00,joint_unet_mlp,Joint U-Net + latent MLP,25.601097848680283,False,hourly mean,3
EP112025,Kiko (2025),with_era5,2025-08-31T11:00:00+00:00,joint_unet_mlp,Joint U-Net + latent MLP,24.607803662618,False,hourly mean,3
EP112025,Kiko (2025),with_era5,2025-08-31T12:00:00+00:00,joint_unet_mlp,Joint U-Net + latent MLP,24.636741214328342,False,hourly mean,3
EP112025,Kiko (2025),with_era5,2025-08-31T13:00:00+00:00,joint_unet_mlp,Joint U-Net + latent MLP,24.811201095581055,False,hourly mean,3
EP112025,Kiko (2025),with_era5,2025-08-31T14:00:00+00:00,joint_unet_mlp,Joint U-Net + latent MLP,25.49229621887207,False,hourly mean,3
EP112025,Kiko (2025),with_era5,2025-08-31T15:00:00+00:00,joint_unet_mlp,Joint U-Net + latent MLP,25.79991277058919,False,hourly mean,3
EP112025,Kiko (2025),with_era5,2025-08-31T16:00:00+00:00,joint_unet_mlp,Joint U-Net + latent MLP,26.38588015238444,False,hourly mean,3
EP112025,Kiko (2025),with_era5,2025-08-31T17:00:00+00:00,joint_unet_mlp,Joint U-Net + latent MLP,27.344500965542263,False,hourly mean,3
EP112025,Kiko (2025),with_era5,2025-08-31T18:00:00+00:00,joint_unet_mlp,Joint U-Net + latent MLP,28.153956307305233,False,hourly mean,3
EP112025,Kiko (2025),with_era5,2025-08-31T19:00:00+00:00,joint_unet_mlp,Joint U-Net + latent MLP,29.432478692796497,False,hourly mean,3
EP112025,Kiko (2025),with_era5,2025-08-31T20:00:00+00:00,joint_unet_mlp,Joint U-Net + latent MLP,29.679306560092503,False,hourly mean,3
EP112025,Kiko (2025),with_era5,2025-08-31T21:00:00+00:00,joint_unet_mlp,Joint U-Net + latent MLP,30.30639860365126,False,hourly mean,3
EP112025,Kiko (2025),with_era5,2025-08-31T22:00:00+00:00,joint_unet_mlp,Joint U-Net + latent MLP,30.81426726447211,False,hourly mean,3
EP112025,Kiko (2025),with_era5,2025-08-31T23:00:00+00:00,joint_unet_mlp,Joint U-Net + latent MLP,31.45469004313151,False,hourly mean,3
EP112025,Kiko (2025),with_era5,2025-09-01T00:00:00+00:00,joint_unet_mlp,Joint U-Net + latent MLP,31.266125212775336,False,hourly mean,3
EP112025,Kiko (2025),with_era5,2025-09-01T01:00:00+00:00,joint_unet_mlp,Joint U-Net + latent MLP,30.835722139146593,False,hourly mean,3
EP112025,Kiko (2025),with_era5,2025-09-01T02:00:00+00:00,joint_unet_mlp,Joint U-Net + latent MLP,29.82772095998128,False,hourly mean,3
EP112025,Kiko (2025),with_era5,2025-09-01T03:00:00+00:00,joint_unet_mlp,Joint U-Net + latent MLP,30.15543535020616,False,hourly mean,3
EP112025,Kiko (2025),with_era5,2025-09-01T04:00:00+00:00,joint_unet_mlp,Joint U-Net + latent MLP,29.972771008809406,False,hourly mean,3
EP112025,Kiko (2025),with_era5,2025-09-01T05:00:00+00:00,joint_unet_mlp,Joint U-Net + latent MLP,29.64914067586263,False,hourly mean,3
EP112025,Kiko (2025),with_era5,2025-09-01T06:00:00+00:00,joint_unet_mlp,Joint U-Net + latent MLP,28.75692579481337,False,hourly mean,3
EP112025,Kiko (2025),with_era5,2025-09-01T07:00:00+00:00,joint_unet_mlp,Joint U-Net + latent MLP,28.47696590423584,False,hourly mean,3
EP112025,Kiko (2025),with_era5,2025-09-01T08:00:00+00:00,joint_unet_mlp,Joint U-Net + latent MLP,27.862558470831974,False,hourly mean,3
EP112025,Kiko (2025),with_era5,2025-09-01T09:00:00+00:00,joint_unet_mlp,Joint U-Net + latent MLP,27.277739842732746,False,hourly mean,3
EP112025,Kiko (2025),with_era5,2025-09-01T10:00:00+00:00,joint_unet_mlp,Joint U-Net + latent MLP,26.372624079386394,False,hourly mean,3
EP112025,Kiko (2025),with_era5,2025-09-01T11:00:00+00:00,joint_unet_mlp,Joint U-Net + latent MLP,26.542048454284668,False,hourly mean,3
EP112025,Kiko (2025),with_era5,2025-09-01T12:00:00+00:00,joint_unet_mlp,Joint U-Net + latent MLP,26.562983830769856,False,hourly mean,3
EP112025,Kiko (2025),with_era5,2025-09-01T13:00:00+00:00,joint_unet_mlp,Joint U-Net + latent MLP,26.79915671878391,False,hourly mean,3
EP112025,Kiko (2025),with_era5,2025-09-01T14:00:00+00:00,joint_unet_mlp,Joint U-Net + latent MLP,25.47617467244466,False,hourly mean,3
EP112025,Kiko (2025),with_era5,2025-09-01T15:00:00+00:00,joint_unet_mlp,Joint U-Net + latent MLP,24.963913917541504,False,hourly mean,3
EP112025,Kiko (2025),with_era5,2025-09-01T16:00:00+00:00,joint_unet_mlp,Joint U-Net + latent MLP,24.947678989834255,False,hourly mean,3
EP112025,Kiko (2025),with_era5,2025-09-01T17:00:00+00:00,joint_unet_mlp,Joint U-Net + latent MLP,26.333879682752823,False,hourly mean,3
EP112025,Kiko (2025),with_era5,2025-09-01T18:00:00+00:00,joint_unet_mlp,Joint U-Net + latent MLP,26.503125190734863,False,hourly mean,3
EP112025,Kiko (2025),with_era5,2025-09-01T19:00:00+00:00,joint_unet_mlp,Joint U-Net + latent MLP,25.63514179653592,False,hourly mean,3
EP112025,Kiko (2025),with_era5,2025-09-01T20:00:00+00:00,joint_unet_mlp,Joint U-Net + latent MLP,26.587230682373047,False,hourly mean,3
EP112025,Kiko (2025),with_era5,2025-09-01T21:00:00+00:00,joint_unet_mlp,Joint U-Net + latent MLP,27.514027913411457,False,hourly mean,3
EP112025,Kiko (2025),with_era5,2025-09-01T22:00:00+00:00,joint_unet_mlp,Joint U-Net + latent MLP,28.923256556193035,False,hourly mean,3
EP112025,Kiko (2025),with_era5,2025-09-01T23:00:00+00:00,joint_unet_mlp,Joint U-Net + latent MLP,28.5162164900038,False,hourly mean,3
EP112025,Kiko (2025),with_era5,2025-09-02T00:00:00+00:00,joint_unet_mlp,Joint U-Net + latent MLP,28.173334651523167,False,hourly mean,3
EP112025,Kiko (2025),with_era5,2025-09-02T01:00:00+00:00,joint_unet_mlp,Joint U-Net + latent MLP,27.16928047604031,False,hourly mean,3
EP112025,Kiko (2025),with_era5,2025-09-02T02:00:00+00:00,joint_unet_mlp,Joint U-Net + latent MLP,25.86996417575412,False,hourly mean,3
EP112025,Kiko (2025),with_era5,2025-09-02T03:00:00+00:00,joint_unet_mlp,Joint U-Net + latent MLP,24.521856625874836,False,hourly mean,3
EP112025,Kiko (2025),with_era5,2025-09-02T04:00:00+00:00,joint_unet_mlp,Joint U-Net + latent MLP,23.165053473578556,False,hourly mean,3
EP112025,Kiko (2025),with_era5,2025-09-02T05:00:00+00:00,joint_unet_mlp,Joint U-Net + latent MLP,21.892394701639812,False,hourly mean,3
EP112025,Kiko (2025),with_era5,2025-09-02T06:00:00+00:00,joint_unet_mlp,Joint U-Net + latent MLP,21.176960309346516,False,hourly mean,3
EP112025,Kiko (2025),with_era5,2025-09-02T07:00:00+00:00,joint_unet_mlp,Joint U-Net + latent MLP,20.987879435221355,False,hourly mean,3
EP112025,Kiko (2025),with_era5,2025-09-02T08:00:00+00:00,joint_unet_mlp,Joint U-Net + latent MLP,31.498662418789333,False,hourly mean,3
EP112025,Kiko (2025),with_era5,2025-09-02T09:00:00+00:00,joint_unet_mlp,Joint U-Net + latent MLP,42.37152894337972,False,hourly mean,3
EP112025,Kiko (2025),with_era5,2025-09-02T10:00:00+00:00,joint_unet_mlp,Joint U-Net + latent MLP,52.286764780680336,False,hourly mean,3
EP112025,Kiko (2025),with_era5,2025-09-02T11:00:00+00:00,joint_unet_mlp,Joint U-Net + latent MLP,48.5048787858751,False,hourly mean,3
EP112025,Kiko (2025),with_era5,2025-09-02T12:00:00+00:00,joint_unet_mlp,Joint U-Net + latent MLP,38.78078047434489,False,hourly mean,3
EP112025,Kiko (2025),with_era5,2025-09-02T13:00:00+00:00,joint_unet_mlp,Joint U-Net + latent MLP,29.567125532362198,False,hourly mean,3
EP112025,Kiko (2025),with_era5,2025-09-02T14:00:00+00:00,joint_unet_mlp,Joint U-Net + latent MLP,25.343193266126846,False,hourly mean,3
EP112025,Kiko (2025),with_era5,2025-09-02T15:00:00+00:00,joint_unet_mlp,Joint U-Net + latent MLP,26.465604676140675,False,hourly mean,3
EP112025,Kiko (2025),with_era5,2025-09-02T16:00:00+00:00,joint_unet_mlp,Joint U-Net + latent MLP,28.505453851487903,False,hourly mean,3
EP112025,Kiko (2025),with_era5,2025-09-02T17:00:00+00:00,joint_unet_mlp,Joint U-Net + latent MLP,29.16985914442274,False,hourly mean,3
EP112025,Kiko (2025),with_era5,2025-09-02T18:00:00+00:00,joint_unet_mlp,Joint U-Net + latent MLP,29.48989952935113,False,hourly mean,3
EP112025,Kiko (2025),with_era5,2025-09-02T19:00:00+00:00,joint_unet_mlp,Joint U-Net + latent MLP,29.324303415086536,False,hourly mean,3
EP112025,Kiko (2025),with_era5,2025-09-02T20:00:00+00:00,joint_unet_mlp,Joint U-Net + latent MLP,27.71108627319336,False,hourly mean,3
EP112025,Kiko (2025),with_era5,2025-09-02T21:00:00+00:00,joint_unet_mlp,Joint U-Net + latent MLP,27.113182491726345,True,hourly mean,3
EP112025,Kiko (2025),with_era5,2025-09-02T22:00:00+00:00,joint_unet_mlp,Joint U-Net + latent MLP,26.79983859592014,True,hourly mean,3
EP112025,Kiko (2025),with_era5,2025-09-02T23:00:00+00:00,joint_unet_mlp,Joint U-Net + latent MLP,27.992732895745167,True,hourly mean,3
EP112025,Kiko (2025),with_era5,2025-09-03T00:00:00+00:00,joint_unet_mlp,Joint U-Net + latent MLP,28.99841139051649,True,hourly mean,3
EP112025,Kiko (2025),with_era5,2025-09-03T01:00:00+00:00,joint_unet_mlp,Joint U-Net + latent MLP,30.44596905178494,True,hourly mean,3
EP112025,Kiko (2025),with_era5,2025-09-03T02:00:00+00:00,joint_unet_mlp,Joint U-Net + latent MLP,33.6244117948744,True,hourly mean,3
EP112025,Kiko (2025),with_era5,2025-09-03T03:00:00+00:00,joint_unet_mlp,Joint U-Net + latent MLP,35.56773715549045,False,hourly mean,3
EP112025,Kiko (2025),with_era5,2025-09-03T04:00:00+00:00,joint_unet_mlp,Joint U-Net + latent MLP,35.5364244249132,False,hourly mean,3
EP112025,Kiko (2025),with_era5,2025-09-03T05:00:00+00:00,joint_unet_mlp,Joint U-Net + latent MLP,32.11045847998725,False,hourly mean,3
EP112025,Kiko (2025),with_era5,2025-09-03T06:00:00+00:00,joint_unet_mlp,Joint U-Net + latent MLP,29.0886566374037,False,hourly mean,3
EP112025,Kiko (2025),with_era5,2025-09-03T07:00:00+00:00,joint_unet_mlp,Joint U-Net + latent MLP,26.677756627400715,False,hourly mean,3
EP112025,Kiko (2025),with_era5,2025-09-03T08:00:00+00:00,joint_unet_mlp,Joint U-Net + latent MLP,31.127001762390137,False,hourly mean,3
EP112025,Kiko (2025),with_era5,2025-09-03T09:00:00+00:00,joint_unet_mlp,Joint U-Net + latent MLP,35.781225522359215,False,hourly mean,3
EP112025,Kiko (2025),with_era5,2025-09-03T10:00:00+00:00,joint_unet_mlp,Joint U-Net + latent MLP,41.288031260172524,False,hourly mean,3
EP112025,Kiko (2025),with_era5,2025-09-03T11:00:00+00:00,joint_unet_mlp,Joint U-Net + latent MLP,40.540406121148,False,hourly mean,3
EP112025,Kiko (2025),with_era5,2025-09-03T12:00:00+00:00,joint_unet_mlp,Joint U-Net + latent MLP,37.48152192433675,False,hourly mean,3
EP112025,Kiko (2025),with_era5,2025-09-03T13:00:00+00:00,joint_unet_mlp,Joint U-Net + latent MLP,33.221483336554634,False,hourly mean,3
EP112025,Kiko (2025),with_era5,2025-09-03T14:00:00+00:00,joint_unet_mlp,Joint U-Net + latent MLP,32.66351837582059,False,hourly mean,3
EP112025,Kiko (2025),with_era5,2025-09-03T15:00:00+00:00,joint_unet_mlp,Joint U-Net + latent MLP,32.17902692159017,False,hourly mean,3
EP112025,Kiko (2025),with_era5,2025-09-03T16:00:00+00:00,joint_unet_mlp,Joint U-Net + latent MLP,32.95343748728434,False,hourly mean,3
EP112025,Kiko (2025),with_era5,2025-09-03T17:00:00+00:00,joint_unet_mlp,Joint U-Net + latent MLP,33.553886307610405,False,hourly mean,3
EP112025,Kiko (2025),with_era5,2025-09-03T18:00:00+00:00,joint_unet_mlp,Joint U-Net + latent MLP,37.95118066999648,True,hourly mean,3
EP112025,Kiko (2025),with_era5,2025-09-03T19:00:00+00:00,joint_unet_mlp,Joint U-Net + latent MLP,41.43951310051813,True,hourly mean,3
EP112025,Kiko (2025),with_era5,2025-09-03T20:00:00+00:00,joint_unet_mlp,Joint U-Net + latent MLP,40.72419993082682,True,hourly mean,3
EP112025,Kiko (2025),with_era5,2025-09-03T21:00:00+00:00,joint_unet_mlp,Joint U-Net + latent MLP,40.261203553941506,True,hourly mean,3
EP112025,Kiko (2025),with_era5,2025-09-03T22:00:00+00:00,joint_unet_mlp,Joint U-Net + latent MLP,41.01732529534234,True,hourly mean,3
EP112025,Kiko (2025),with_era5,2025-09-03T23:00:00+00:00,joint_unet_mlp,Joint U-Net + latent MLP,43.42945331997342,True,hourly mean,3
EP112025,Kiko (2025),with_era5,2025-09-04T00:00:00+00:00,joint_unet_mlp,Joint U-Net + latent MLP,45.04529677497016,True,hourly mean,3
EP112025,Kiko (2025),with_era5,2025-09-04T01:00:00+00:00,joint_unet_mlp,Joint U-Net + latent MLP,46.06499587164985,True,hourly mean,3
EP112025,Kiko (2025),with_era5,2025-09-04T02:00:00+00:00,joint_unet_mlp,Joint U-Net + latent MLP,50.675993813408745,True,hourly mean,3
EP112025,Kiko (2025),with_era5,2025-09-04T03:00:00+00:00,joint_unet_mlp,Joint U-Net + latent MLP,53.81719059414334,True,hourly mean,3
EP112025,Kiko (2025),with_era5,2025-09-04T04:00:00+00:00,joint_unet_mlp,Joint U-Net + latent MLP,55.30033429463705,True,hourly mean,3
EP112025,Kiko (2025),with_era5,2025-09-04T05:00:00+00:00,joint_unet_mlp,Joint U-Net + latent MLP,52.290235731336814,True,hourly mean,3
EP112025,Kiko (2025),with_era5,2025-09-04T06:00:00+00:00,joint_unet_mlp,Joint U-Net + latent MLP,48.0637052324083,True,hourly mean,3
EP112025,Kiko (2025),with_era5,2025-09-04T07:00:00+00:00,joint_unet_mlp,Joint U-Net + latent MLP,42.09679709540473,True,hourly mean,3
EP112025,Kiko (2025),with_era5,2025-09-04T08:00:00+00:00,joint_unet_mlp,Joint U-Net + latent MLP,42.96788936191135,True,hourly mean,3
EP112025,Kiko (2025),with_era5,2025-09-04T09:00:00+00:00,joint_unet_mlp,Joint U-Net + latent MLP,44.6142692565918,False,hourly mean,3
EP112025,Kiko (2025),with_era5,2025-09-04T10:00:00+00:00,joint_unet_mlp,Joint U-Net + latent MLP,49.36756473117404,False,hourly mean,3
EP112025,Kiko (2025),with_era5,2025-09-04T11:00:00+00:00,joint_unet_mlp,Joint U-Net + latent MLP,48.678678088717994,False,hourly mean,3
EP112025,Kiko (2025),with_era5,2025-09-04T12:00:00+00:00,joint_unet_mlp,Joint U-Net + latent MLP,48.76560825771755,False,hourly mean,3
EP112025,Kiko (2025),with_era5,2025-09-04T13:00:00+00:00,joint_unet_mlp,Joint U-Net + latent MLP,49.379016452365455,False,hourly mean,3
EP112025,Kiko (2025),with_era5,2025-09-04T14:00:00+00:00,joint_unet_mlp,Joint U-Net + latent MLP,51.59447330898709,False,hourly mean,3
EP112025,Kiko (2025),with_era5,2025-09-04T15:00:00+00:00,joint_unet_mlp,Joint U-Net + latent MLP,54.1785142686632,False,hourly mean,3
EP112025,Kiko (2025),with_era5,2025-09-04T16:00:00+00:00,joint_unet_mlp,Joint U-Net + latent MLP,55.79331800672744,False,hourly mean,3
EP112025,Kiko (2025),with_era5,2025-09-04T17:00:00+00:00,joint_unet_mlp,Joint U-Net + latent MLP,54.17462995317246,False,hourly mean,3
EP112025,Kiko (2025),with_era5,2025-09-04T18:00:00+00:00,joint_unet_mlp,Joint U-Net + latent MLP,52.94568263159857,False,hourly mean,3
EP112025,Kiko (2025),with_era5,2025-09-04T19:00:00+00:00,joint_unet_mlp,Joint U-Net + latent MLP,52.74339983198377,False,hourly mean,3
EP112025,Kiko (2025),with_era5,2025-09-04T20:00:00+00:00,joint_unet_mlp,Joint U-Net + latent MLP,50.84963946872287,False,hourly mean,3
EP112025,Kiko (2025),with_era5,2025-09-04T21:00:00+00:00,joint_unet_mlp,Joint U-Net + latent MLP,46.23633172776963,False,hourly mean,3
EP112025,Kiko (2025),with_era5,2025-09-04T22:00:00+00:00,joint_unet_mlp,Joint U-Net + latent MLP,41.296464708116325,False,hourly mean,3
EP112025,Kiko (2025),with_era5,2025-09-04T23:00:00+00:00,joint_unet_mlp,Joint U-Net + latent MLP,37.31471305423313,False,hourly mean,3
EP112025,Kiko (2025),with_era5,2025-09-05T00:00:00+00:00,joint_unet_mlp,Joint U-Net + latent MLP,35.58486715952555,False,hourly mean,3
EP112025,Kiko (2025),with_era5,2025-09-05T01:00:00+00:00,joint_unet_mlp,Joint U-Net + latent MLP,33.22605705261231,False,hourly mean,3
EP112025,Kiko (2025),with_era5,2025-09-05T02:00:00+00:00,joint_unet_mlp,Joint U-Net + latent MLP,38.92256938086616,False,hourly mean,3
EP112025,Kiko (2025),with_era5,2025-09-05T03:00:00+00:00,joint_unet_mlp,Joint U-Net + latent MLP,42.467969788445366,False,hourly mean,3
EP112025,Kiko (2025),with_era5,2025-09-05T04:00:00+00:00,joint_unet_mlp,Joint U-Net + latent MLP,42.57934368981255,False,hourly mean,3
EP112025,Kiko (2025),with_era5,2025-09-05T05:00:00+00:00,joint_unet_mlp,Joint U-Net + latent MLP,34.3417755762736,False,hourly mean,3
EP112025,Kiko (2025),with_era5,2025-09-05T06:00:00+00:00,joint_unet_mlp,Joint U-Net + latent MLP,27.677030775282116,False,hourly mean,3
EP112025,Kiko (2025),with_era5,2025-09-05T07:00:00+00:00,joint_unet_mlp,Joint U-Net + latent MLP,24.630061679416233,False,hourly mean,3
EP112025,Kiko (2025),with_era5,2025-09-05T08:00:00+00:00,joint_unet_mlp,Joint U-Net + latent MLP,26.217460738288036,False,hourly mean,3
EP112025,Kiko (2025),with_era5,2025-09-05T09:00:00+00:00,joint_unet_mlp,Joint U-Net + latent MLP,31.459413952297638,False,hourly mean,3
EP112025,Kiko (2025),with_era5,2025-09-05T10:00:00+00:00,joint_unet_mlp,Joint U-Net + latent MLP,38.054145071241585,False,hourly mean,3
EP112025,Kiko (2025),with_era5,2025-09-05T11:00:00+00:00,joint_unet_mlp,Joint U-Net + latent MLP,42.01859452989367,False,hourly mean,3
EP112025,Kiko (2025),with_era5,2025-09-05T12:00:00+00:00,joint_unet_mlp,Joint U-Net + latent MLP,39.67541164822049,False,hourly mean,3
EP112025,Kiko (2025),with_era5,2025-09-05T13:00:00+00:00,joint_unet_mlp,Joint U-Net + latent MLP,33.34646140204536,False,hourly mean,3
EP112025,Kiko (2025),with_era5,2025-09-05T14:00:00+00:00,joint_unet_mlp,Joint U-Net + latent MLP,28.130409240722656,False,hourly mean,3
EP112025,Kiko (2025),with_era5,2025-09-05T15:00:00+00:00,joint_unet_mlp,Joint U-Net + latent MLP,27.369964811537002,False,hourly mean,3
EP112025,Kiko (2025),with_era5,2025-09-05T16:00:00+00:00,joint_unet_mlp,Joint U-Net + latent MLP,31.57962120903863,False,hourly mean,3
EP112025,Kiko (2025),with_era5,2025-09-05T17:00:00+00:00,joint_unet_mlp,Joint U-Net + latent MLP,36.5765495300293,False,hourly mean,3
EP112025,Kiko (2025),with_era5,2025-09-05T18:00:00+00:00,joint_unet_mlp,Joint U-Net + latent MLP,43.34645144144694,False,hourly mean,3
EP112025,Kiko (2025),with_era5,2025-09-05T19:00:00+00:00,joint_unet_mlp,Joint U-Net + latent MLP,48.72165976630317,False,hourly mean,3
EP112025,Kiko (2025),with_era5,2025-09-05T20:00:00+00:00,joint_unet_mlp,Joint U-Net + latent MLP,50.03217654758029,False,hourly mean,3
EP112025,Kiko (2025),with_era5,2025-09-05T21:00:00+00:00,joint_unet_mlp,Joint U-Net + latent MLP,48.7013799879286,False,hourly mean,3
EP112025,Kiko (2025),with_era5,2025-09-05T22:00:00+00:00,joint_unet_mlp,Joint U-Net + latent MLP,46.38837263319227,False,hourly mean,3
EP112025,Kiko (2025),with_era5,2025-09-05T23:00:00+00:00,joint_unet_mlp,Joint U-Net + latent MLP,46.473319159613716,False,hourly mean,3
EP112025,Kiko (2025),with_era5,2025-09-06T00:00:00+00:00,joint_unet_mlp,Joint U-Net + latent MLP,45.97817717658149,False,hourly mean,3
EP112025,Kiko (2025),with_era5,2025-09-06T01:00:00+00:00,joint_unet_mlp,Joint U-Net + latent MLP,46.98447142706977,False,hourly mean,3
EP112025,Kiko (2025),with_era5,2025-09-06T02:00:00+00:00,joint_unet_mlp,Joint U-Net + latent MLP,51.25714132520887,False,hourly mean,3
EP112025,Kiko (2025),with_era5,2025-09-06T03:00:00+00:00,joint_unet_mlp,Joint U-Net + latent MLP,56.25198830498589,False,hourly mean,3
EP112025,Kiko (2025),with_era5,2025-09-06T04:00:00+00:00,joint_unet_mlp,Joint U-Net + latent MLP,59.934850904676644,False,hourly mean,3
EP112025,Kiko (2025),with_era5,2025-09-06T05:00:00+00:00,joint_unet_mlp,Joint U-Net + latent MLP,60.13492965698242,False,hourly mean,3
EP112025,Kiko (2025),with_era5,2025-09-06T06:00:00+00:00,joint_unet_mlp,Joint U-Net + latent MLP,58.88295046488444,False,hourly mean,3
EP112025,Kiko (2025),with_era5,2025-09-06T07:00:00+00:00,joint_unet_mlp,Joint U-Net + latent MLP,55.33753776550293,False,hourly mean,3
EP112025,Kiko (2025),with_era5,2025-09-06T08:00:00+00:00,joint_unet_mlp,Joint U-Net + latent MLP,54.59131473965115,False,hourly mean,3
EP112025,Kiko (2025),with_era5,2025-09-06T09:00:00+00:00,joint_unet_mlp,Joint U-Net + latent MLP,55.047286436292865,False,hourly mean,3
EP112025,Kiko (2025),with_era5,2025-09-06T10:00:00+00:00,joint_unet_mlp,Joint U-Net + latent MLP,58.805276319715716,False,hourly mean,3
EP112025,Kiko (2025),with_era5,2025-09-06T11:00:00+00:00,joint_unet_mlp,Joint U-Net + latent MLP,57.212189229329425,False,hourly mean,3
EP112025,Kiko (2025),with_era5,2025-09-06T12:00:00+00:00,joint_unet_mlp,Joint U-Net + latent MLP,56.11534606085883,False,hourly mean,3
EP112025,Kiko (2025),with_era5,2025-09-06T13:00:00+00:00,joint_unet_mlp,Joint U-Net + latent MLP,54.23246955871582,False,hourly mean,3
EP112025,Kiko (2025),with_era5,2025-09-06T14:00:00+00:00,joint_unet_mlp,Joint U-Net + latent MLP,52.971900939941406,False,hourly mean,3
EP112025,Kiko (2025),with_era5,2025-09-06T15:00:00+00:00,joint_unet_mlp,Joint U-Net + latent MLP,52.3479126824273,False,hourly mean,3
EP112025,Kiko (2025),with_era5,2025-09-06T16:00:00+00:00,joint_unet_mlp,Joint U-Net + latent MLP,52.615651236640076,False,hourly mean,3
EP112025,Kiko (2025),with_era5,2025-09-06T17:00:00+00:00,joint_unet_mlp,Joint U-Net + latent MLP,54.45231840345594,False,hourly mean,3
EP112025,Kiko (2025),with_era5,2025-09-06T18:00:00+00:00,joint_unet_mlp,Joint U-Net + latent MLP,56.01639090643988,False,hourly mean,3
EP112025,Kiko (2025),with_era5,2025-09-06T19:00:00+00:00,joint_unet_mlp,Joint U-Net + latent MLP,57.396489249335396,False,hourly mean,3
EP112025,Kiko (2025),with_era5,2025-09-06T20:00:00+00:00,joint_unet_mlp,Joint U-Net + latent MLP,59.20044708251953,False,hourly mean,3
EP112025,Kiko (2025),with_era5,2025-09-06T21:00:00+00:00,joint_unet_mlp,Joint U-Net + latent MLP,60.346085654364686,False,hourly mean,3
EP112025,Kiko (2025),with_era5,2025-09-06T22:00:00+00:00,joint_unet_mlp,Joint U-Net + latent MLP,61.30521774291992,False,hourly mean,3
EP112025,Kiko (2025),with_era5,2025-09-06T23:00:00+00:00,joint_unet_mlp,Joint U-Net + latent MLP,62.426195356580955,False,hourly mean,3
EP112025,Kiko (2025),with_era5,2025-09-07T00:00:00+00:00,joint_unet_mlp,Joint U-Net + latent MLP,63.14247788323297,False,hourly mean,3
EP112025,Kiko (2025),with_era5,2025-09-07T01:00:00+00:00,joint_unet_mlp,Joint U-Net + latent MLP,63.768140368991425,False,hourly mean,3
EP112025,Kiko (2025),with_era5,2025-09-07T02:00:00+00:00,joint_unet_mlp,Joint U-Net + latent MLP,62.70002810160319,False,hourly mean,3
EP112025,Kiko (2025),with_era5,2025-09-07T03:00:00+00:00,joint_unet_mlp,Joint U-Net + latent MLP,62.48345820109049,False,hourly mean,3
EP112025,Kiko (2025),with_era5,2025-09-07T04:00:00+00:00,joint_unet_mlp,Joint U-Net + latent MLP,62.14323658413357,False,hourly mean,3
EP112025,Kiko (2025),with_era5,2025-09-07T05:00:00+00:00,joint_unet_mlp,Joint U-Net + latent MLP,62.45716158548991,False,hourly mean,3
EP112025,Kiko (2025),with_era5,2025-09-07T06:00:00+00:00,joint_unet_mlp,Joint U-Net + latent MLP,61.968902587890625,False,hourly mean,3
EP112025,Kiko (2025),with_era5,2025-09-07T07:00:00+00:00,joint_unet_mlp,Joint U-Net + latent MLP,62.357415729098854,False,hourly mean,3
EP112025,Kiko (2025),with_era5,2025-09-07T08:00:00+00:00,joint_unet_mlp,Joint U-Net + latent MLP,60.54107263353135,False,hourly mean,3
EP112025,Kiko (2025),with_era5,2025-09-07T09:00:00+00:00,joint_unet_mlp,Joint U-Net + latent MLP,58.78457069396973,False,hourly mean,3
EP112025,Kiko (2025),with_era5,2025-09-07T10:00:00+00:00,joint_unet_mlp,Joint U-Net + latent MLP,57.223073747422966,False,hourly mean,3
EP112025,Kiko (2025),with_era5,2025-09-07T11:00:00+00:00,joint_unet_mlp,Joint U-Net + latent MLP,59.14437315199111,False,hourly mean,3
EP112025,Kiko (2025),with_era5,2025-09-07T12:00:00+00:00,joint_unet_mlp,Joint U-Net + latent MLP,62.145566940307624,False,hourly mean,3
EP112025,Kiko (2025),with_era5,2025-09-07T13:00:00+00:00,joint_unet_mlp,Joint U-Net + latent MLP,63.69856113857694,False,hourly mean,3
EP112025,Kiko (2025),with_era5,2025-09-07T14:00:00+00:00,joint_unet_mlp,Joint U-Net + latent MLP,56.66992505391439,False,hourly mean,3
EP112025,Kiko (2025),with_era5,2025-09-07T15:00:00+00:00,joint_unet_mlp,Joint U-Net + latent MLP,50.58193143208822,False,hourly mean,3
EP112025,Kiko (2025),with_era5,2025-09-07T16:00:00+00:00,joint_unet_mlp,Joint U-Net + latent MLP,45.44963942633735,False,hourly mean,3
EP112025,Kiko (2025),with_era5,2025-09-07T17:00:00+00:00,joint_unet_mlp,Joint U-Net + latent MLP,48.618928061591255,False,hourly mean,3
EP112025,Kiko (2025),with_era5,2025-09-07T18:00:00+00:00,joint_unet_mlp,Joint U-Net + latent MLP,48.068572362264,False,hourly mean,3
EP112025,Kiko (2025),with_era5,2025-09-07T19:00:00+00:00,joint_unet_mlp,Joint U-Net + latent MLP,49.79508060879178,False,hourly mean,3
EP112025,Kiko (2025),with_era5,2025-09-07T20:00:00+00:00,joint_unet_mlp,Joint U-Net + latent MLP,51.331462436252174,False,hourly mean,3
EP112025,Kiko (2025),with_era5,2025-09-07T21:00:00+00:00,joint_unet_mlp,Joint U-Net + latent MLP,53.64945814344619,False,hourly mean,3
EP112025,Kiko (2025),with_era5,2025-09-07T22:00:00+00:00,joint_unet_mlp,Joint U-Net + latent MLP,52.41191461351184,False,hourly mean,3
EP112025,Kiko (2025),with_era5,2025-09-07T23:00:00+00:00,joint_unet_mlp,Joint U-Net + latent MLP,50.55184364318848,False,hourly mean,3
EP112025,Kiko (2025),with_era5,2025-09-08T00:00:00+00:00,joint_unet_mlp,Joint U-Net + latent MLP,47.97038735283746,False,hourly mean,3
EP112025,Kiko (2025),with_era5,2025-09-08T01:00:00+00:00,joint_unet_mlp,Joint U-Net + latent MLP,47.30639521280924,False,hourly mean,3
EP112025,Kiko (2025),with_era5,2025-09-08T02:00:00+00:00,joint_unet_mlp,Joint U-Net + latent MLP,44.24397065904406,False,hourly mean,3
EP112025,Kiko (2025),with_era5,2025-09-08T03:00:00+00:00,joint_unet_mlp,Joint U-Net + latent MLP,43.75875324673123,False,hourly mean,3
EP112025,Kiko (2025),with_era5,2025-09-08T04:00:00+00:00,joint_unet_mlp,Joint U-Net + latent MLP,41.108836068047424,False,hourly mean,3
EP112025,Kiko (2025),with_era5,2025-09-08T05:00:00+00:00,joint_unet_mlp,Joint U-Net + latent MLP,41.60334375169543,False,hourly mean,3
EP112025,Kiko (2025),with_era5,2025-09-08T06:00:00+00:00,joint_unet_mlp,Joint U-Net + latent MLP,41.23623487684463,False,hourly mean,3
EP112025,Kiko (2025),with_era5,2025-09-08T07:00:00+00:00,joint_unet_mlp,Joint U-Net + latent MLP,40.74579154120551,False,hourly mean,3
EP112025,Kiko (2025),with_era5,2025-09-08T08:00:00+00:00,joint_unet_mlp,Joint U-Net + latent MLP,40.40541818406847,False,hourly mean,3
EP112025,Kiko (2025),with_era5,2025-09-08T09:00:00+00:00,joint_unet_mlp,Joint U-Net + latent MLP,39.2197928958469,False,hourly mean,3
EP112025,Kiko (2025),with_era5,2025-09-08T10:00:00+00:00,joint_unet_mlp,Joint U-Net + latent MLP,40.544364929199226,False,hourly mean,3
EP112025,Kiko (2025),with_era5,2025-09-08T11:00:00+00:00,joint_unet_mlp,Joint U-Net + latent MLP,41.28269026014541,False,hourly mean,3
EP112025,Kiko (2025),with_era5,2025-09-08T12:00:00+00:00,joint_unet_mlp,Joint U-Net + latent MLP,41.210320790608726,False,hourly mean,3
EP112025,Kiko (2025),with_era5,2025-09-08T13:00:00+00:00,joint_unet_mlp,Joint U-Net + latent MLP,38.95379214816624,False,hourly mean,3
EP112025,Kiko (2025),with_era5,2025-09-08T14:00:00+00:00,joint_unet_mlp,Joint U-Net + latent MLP,37.754552205403655,False,hourly mean,3
EP112025,Kiko (2025),with_era5,2025-09-08T15:00:00+00:00,joint_unet_mlp,Joint U-Net + latent MLP,38.31634796990289,False,hourly mean,3
EP112025,Kiko (2025),with_era5,2025-09-08T16:00:00+00:00,joint_unet_mlp,Joint U-Net + latent MLP,38.756447474161796,False,hourly mean,3
EP112025,Kiko (2025),with_era5,2025-09-08T17:00:00+00:00,joint_unet_mlp,Joint U-Net + latent MLP,37.24185095893013,False,hourly mean,3
EP112025,Kiko (2025),with_era5,2025-09-08T18:00:00+00:00,joint_unet_mlp,Joint U-Net + latent MLP,36.46521653069391,False,hourly mean,3
EP112025,Kiko (2025),with_era5,2025-09-08T19:00:00+00:00,joint_unet_mlp,Joint U-Net + latent MLP,37.510858747694236,False,hourly mean,3
EP112025,Kiko (2025),with_era5,2025-09-08T20:00:00+00:00,joint_unet_mlp,Joint U-Net + latent MLP,37.71096971299914,False,hourly mean,3
EP112025,Kiko (2025),with_era5,2025-09-08T21:00:00+00:00,joint_unet_mlp,Joint U-Net + latent MLP,36.51392046610514,False,hourly mean,3
EP112025,Kiko (2025),with_era5,2025-09-08T22:00:00+00:00,joint_unet_mlp,Joint U-Net + latent MLP,33.722328397962784,False,hourly mean,3
EP112025,Kiko (2025),with_era5,2025-09-08T23:00:00+00:00,joint_unet_mlp,Joint U-Net + latent MLP,32.1008496814304,False,hourly mean,3
EP112025,Kiko (2025),with_era5,2025-09-09T00:00:00+00:00,joint_unet_mlp,Joint U-Net + latent MLP,30.364408704969623,False,hourly mean,3
EP112025,Kiko (2025),with_era5,2025-09-09T01:00:00+00:00,joint_unet_mlp,Joint U-Net + latent MLP,27.960692405700687,False,hourly mean,3
EP112025,Kiko (2025),with_era5,2025-09-09T02:00:00+00:00,joint_unet_mlp,Joint U-Net + latent MLP,26.135665681627064,False,hourly mean,3
EP112025,Kiko (2025),with_era5,2025-09-09T03:00:00+00:00,joint_unet_mlp,Joint U-Net + latent MLP,24.76544136471219,False,hourly mean,3
EP112025,Kiko (2025),with_era5,2025-09-09T04:00:00+00:00,joint_unet_mlp,Joint U-Net + latent MLP,24.3616713417901,False,hourly mean,3
EP112025,Kiko (2025),with_era5,2025-09-09T05:00:00+00:00,joint_unet_mlp,Joint U-Net + latent MLP,23.946298069424103,False,hourly mean,3
EP112025,Kiko (2025),with_era5,2025-09-09T06:00:00+00:00,joint_unet_mlp,Joint U-Net + latent MLP,23.20855087704129,False,hourly mean,3
EP112025,Kiko (2025),with_era5,2025-09-09T07:00:00+00:00,joint_unet_mlp,Joint U-Net + latent MLP,22.765789985656742,False,hourly mean,3
EP112025,Kiko (2025),with_era5,2025-09-09T08:00:00+00:00,joint_unet_mlp,Joint U-Net + latent MLP,22.45131715138754,False,hourly mean,3
EP112025,Kiko (2025),with_era5,2025-09-09T09:00:00+00:00,joint_unet_mlp,Joint U-Net + latent MLP,22.530854966905384,False,hourly mean,3
EP112025,Kiko (2025),with_era5,2025-09-09T10:00:00+00:00,joint_unet_mlp,Joint U-Net + latent MLP,22.55497233072917,False,hourly mean,3
EP112025,Kiko (2025),with_era5,2025-09-09T11:00:00+00:00,joint_unet_mlp,Joint U-Net + latent MLP,22.69985463884142,False,hourly mean,3
EP112025,Kiko (2025),with_era5,2025-09-09T12:00:00+00:00,joint_unet_mlp,Joint U-Net + latent MLP,23.072775310940216,False,hourly mean,3
EP112025,Kiko (2025),with_era5,2025-09-09T13:00:00+00:00,joint_unet_mlp,Joint U-Net + latent MLP,23.494978798760314,False,hourly mean,3
EP112025,Kiko (2025),with_era5,2025-09-09T14:00:00+00:00,joint_unet_mlp,Joint U-Net + latent MLP,23.723535219828292,False,hourly mean,3
EP112025,Kiko (2025),with_era5,2025-09-09T15:00:00+00:00,joint_unet_mlp,Joint U-Net + latent MLP,23.426838239034023,False,hourly mean,3
EP112025,Kiko (2025),with_era5,2025-09-09T16:00:00+00:00,joint_unet_mlp,Joint U-Net + latent MLP,22.943990495469837,False,hourly mean,3
EP112025,Kiko (2025),with_era5,2025-09-09T17:00:00+00:00,joint_unet_mlp,Joint U-Net + latent MLP,23.22158029344347,False,hourly mean,3
EP112025,Kiko (2025),with_era5,2025-09-09T18:00:00+00:00,joint_unet_mlp,Joint U-Net + latent MLP,24.739684316847065,False,hourly mean,3
EP112025,Kiko (2025),with_era5,2025-09-09T19:00:00+00:00,joint_unet_mlp,Joint U-Net + latent MLP,27.011338657803012,False,hourly mean,3
EP112025,Kiko (2025),with_era5,2025-09-09T20:00:00+00:00,joint_unet_mlp,Joint U-Net + latent MLP,26.100746366712787,False,hourly mean,3
EP112025,Kiko (2025),with_era5,2025-09-09T21:00:00+00:00,joint_unet_mlp,Joint U-Net + latent MLP,23.980127016703292,False,hourly mean,3
EP112025,Kiko (2025),with_era5,2025-09-09T22:00:00+00:00,joint_unet_mlp,Joint U-Net + latent MLP,21.779647297329376,False,hourly mean,3
EP112025,Kiko (2025),with_era5,2025-09-09T23:00:00+00:00,joint_unet_mlp,Joint U-Net + latent MLP,22.506676885816788,False,hourly mean,3
EP112025,Kiko (2025),with_era5,2025-09-10T00:00:00+00:00,joint_unet_mlp,Joint U-Net + latent MLP,24.193025588989258,False,hourly mean,3
EP112025,Kiko (2025),with_era5,2025-09-10T01:00:00+00:00,joint_unet_mlp,Joint U-Net + latent MLP,25.61623636881511,False,hourly mean,3
EP112025,Kiko (2025),with_era5,2025-09-10T02:00:00+00:00,joint_unet_mlp,Joint U-Net + latent MLP,25.587214257982044,False,hourly mean,3
EP112025,Kiko (2025),with_era5,2025-09-10T03:00:00+00:00,joint_unet_mlp,Joint U-Net + latent MLP,24.96689891815186,False,hourly mean,3
EP112025,Kiko (2025),with_era5,2025-09-10T04:00:00+00:00,joint_unet_mlp,Joint U-Net + latent MLP,23.800286716885044,False,hourly mean,3
EP112025,Kiko (2025),with_era5,2025-09-10T05:00:00+00:00,joint_unet_mlp,Joint U-Net + latent MLP,23.565448866950145,False,hourly mean,3
EP112025,Kiko (2025),with_era5,2025-09-10T06:00:00+00:00,joint_unet_mlp,Joint U-Net + latent MLP,23.187091509501144,False,hourly mean,3
EP112025,Kiko (2025),with_era5,2025-09-10T07:00:00+00:00,joint_unet_mlp,Joint U-Net + latent MLP,22.942102283901644,False,hourly mean,3
EP112025,Kiko (2025),with_era5,2025-09-10T08:00:00+00:00,joint_unet_mlp,Joint U-Net + latent MLP,23.630477121141226,False,hourly mean,3
EP112025,Kiko (2025),with_era5,2025-09-10T09:00:00+00:00,joint_unet_mlp,Joint U-Net + latent MLP,24.121643659803606,False,hourly mean,3
EP112025,Kiko (2025),with_era5,2025-09-10T10:00:00+00:00,joint_unet_mlp,Joint U-Net + latent MLP,24.407437960306808,False,hourly mean,3
EP112025,Kiko (2025),with_era5,2025-09-10T11:00:00+00:00,joint_unet_mlp,Joint U-Net + latent MLP,23.653936174180775,False,hourly mean,3
EP112025,Kiko (2025),with_era5,2025-09-10T12:00:00+00:00,joint_unet_mlp,Joint U-Net + latent MLP,23.3280782699585,False,hourly mean,3
EP112025,Kiko (2025),with_era5,2025-09-10T13:00:00+00:00,joint_unet_mlp,Joint U-Net + latent MLP,23.05846542782254,False,hourly mean,3
EP112025,Kiko (2025),with_era5,2025-09-10T14:00:00+00:00,joint_unet_mlp,Joint U-Net + latent MLP,23.02673700120714,False,hourly mean,3
EP112025,Kiko (2025),with_era5,2025-09-10T15:00:00+00:00,joint_unet_mlp,Joint U-Net + latent MLP,23.38645786709256,False,hourly mean,3
EP112025,Kiko (2025),with_era5,2025-09-10T16:00:00+00:00,joint_unet_mlp,Joint U-Net + latent MLP,24.396787749396434,False,hourly mean,3
EP112025,Kiko (2025),with_era5,2025-09-10T17:00:00+00:00,joint_unet_mlp,Joint U-Net + latent MLP,25.63259707556831,False,hourly mean,3
EP112025,Kiko (2025),with_era5,2025-09-10T18:00:00+00:00,joint_unet_mlp,Joint U-Net + latent MLP,26.426572587754993,False,hourly mean,3
EP112025,Kiko (2025),with_era5,2025-09-10T19:00:00+00:00,joint_unet_mlp,Joint U-Net + latent MLP,26.735242631700306,False,hourly mean,3
EP112025,Kiko (2025),with_era5,2025-09-10T20:00:00+00:00,joint_unet_mlp,Joint U-Net + latent MLP,26.82795906066895,False,hourly mean,3
EP112025,Kiko (2025),with_era5,2025-09-10T21:00:00+00:00,joint_unet_mlp,Joint U-Net + latent MLP,26.684460957845058,False,hourly mean,3
EP112025,Kiko (2025),with_era5,2025-09-10T22:00:00+00:00,joint_unet_mlp,Joint U-Net + latent MLP,26.309129714965824,False,hourly mean,3
EP112025,Kiko (2025),with_era5,2025-09-10T23:00:00+00:00,joint_unet_mlp,Joint U-Net + latent MLP,26.05148855845134,False,hourly mean,3
EP112025,Kiko (2025),without_era5,2025-08-31T00:00:00+00:00,ibtracs_best_track,IBTrACS best track,15.43332,False,hourly mean,3
EP112025,Kiko (2025),without_era5,2025-08-31T01:00:00+00:00,ibtracs_best_track,IBTrACS best track,15.43332,False,hourly mean,3
EP112025,Kiko (2025),without_era5,2025-08-31T02:00:00+00:00,ibtracs_best_track,IBTrACS best track,15.43332,False,hourly mean,3
EP112025,Kiko (2025),without_era5,2025-08-31T03:00:00+00:00,ibtracs_best_track,IBTrACS best track,15.43332,False,hourly mean,3
EP112025,Kiko (2025),without_era5,2025-08-31T04:00:00+00:00,ibtracs_best_track,IBTrACS best track,15.43332,False,hourly mean,3
EP112025,Kiko (2025),without_era5,2025-08-31T05:00:00+00:00,ibtracs_best_track,IBTrACS best track,15.505818497037035,False,hourly mean,3
EP112025,Kiko (2025),without_era5,2025-08-31T06:00:00+00:00,ibtracs_best_track,IBTrACS best track,15.749798327407406,False,hourly mean,3
EP112025,Kiko (2025),without_era5,2025-08-31T07:00:00+00:00,ibtracs_best_track,IBTrACS best track,16.165275369012345,False,hourly mean,3
EP112025,Kiko (2025),without_era5,2025-08-31T08:00:00+00:00,ibtracs_best_track,IBTrACS best track,16.655574373868316,False,hourly mean,3
EP112025,Kiko (2025),without_era5,2025-08-31T09:00:00+00:00,ibtracs_best_track,IBTrACS best track,17.088691763744855,False,hourly mean,3
EP112025,Kiko (2025),without_era5,2025-08-31T10:00:00+00:00,ibtracs_best_track,IBTrACS best track,17.464632831275722,False,hourly mean,3
EP112025,Kiko (2025),without_era5,2025-08-31T11:00:00+00:00,ibtracs_best_track,IBTrACS best track,17.759241996049383,False,hourly mean,3
EP112025,Kiko (2025),without_era5,2025-08-31T12:00:00+00:00,ibtracs_best_track,IBTrACS best track,17.939551442469135,False,hourly mean,3
EP112025,Kiko (2025),without_era5,2025-08-31T13:00:00+00:00,ibtracs_best_track,IBTrACS best track,18.00554,False,hourly mean,3
EP112025,Kiko (2025),without_era5,2025-08-31T14:00:00+00:00,ibtracs_best_track,IBTrACS best track,18.00554,False,hourly mean,3
EP112025,Kiko (2025),without_era5,2025-08-31T15:00:00+00:00,ibtracs_best_track,IBTrACS best track,18.00554,False,hourly mean,3
EP112025,Kiko (2025),without_era5,2025-08-31T16:00:00+00:00,ibtracs_best_track,IBTrACS best track,18.00554,False,hourly mean,3
EP112025,Kiko (2025),without_era5,2025-08-31T17:00:00+00:00,ibtracs_best_track,IBTrACS best track,18.07803849703704,False,hourly mean,3
EP112025,Kiko (2025),without_era5,2025-08-31T18:00:00+00:00,ibtracs_best_track,IBTrACS best track,18.32201832740741,False,hourly mean,3
EP112025,Kiko (2025),without_era5,2025-08-31T19:00:00+00:00,ibtracs_best_track,IBTrACS best track,18.737479491111113,False,hourly mean,3
EP112025,Kiko (2025),without_era5,2025-08-31T20:00:00+00:00,ibtracs_best_track,IBTrACS best track,19.227757325432098,False,hourly mean,3
EP112025,Kiko (2025),without_era5,2025-08-31T21:00:00+00:00,ibtracs_best_track,IBTrACS best track,19.66087471530864,False,hourly mean,3
EP112025,Kiko (2025),without_era5,2025-08-31T22:00:00+00:00,ibtracs_best_track,IBTrACS best track,20.03683166074074,False,hourly mean,3
EP112025,Kiko (2025),without_era5,2025-08-31T23:00:00+00:00,ibtracs_best_track,IBTrACS best track,20.331461996049384,False,hourly mean,3
EP112025,Kiko (2025),without_era5,2025-09-01T00:00:00+00:00,ibtracs_best_track,IBTrACS best track,20.511771442469136,False,hourly mean,3
EP112025,Kiko (2025),without_era5,2025-09-01T01:00:00+00:00,ibtracs_best_track,IBTrACS best track,20.57776,False,hourly mean,3
EP112025,Kiko (2025),without_era5,2025-09-01T02:00:00+00:00,ibtracs_best_track,IBTrACS best track,20.57776,False,hourly mean,3
EP112025,Kiko (2025),without_era5,2025-09-01T03:00:00+00:00,ibtracs_best_track,IBTrACS best track,20.57776,False,hourly mean,3
EP112025,Kiko (2025),without_era5,2025-09-01T04:00:00+00:00,ibtracs_best_track,IBTrACS best track,20.57776,False,hourly mean,3
EP112025,Kiko (2025),without_era5,2025-09-01T05:00:00+00:00,ibtracs_best_track,IBTrACS best track,20.65025849703704,False,hourly mean,3
EP112025,Kiko (2025),without_era5,2025-09-01T06:00:00+00:00,ibtracs_best_track,IBTrACS best track,20.894238327407407,False,hourly mean,3
EP112025,Kiko (2025),without_era5,2025-09-01T07:00:00+00:00,ibtracs_best_track,IBTrACS best track,21.30971536901235,False,hourly mean,3
EP112025,Kiko (2025),without_era5,2025-09-01T08:00:00+00:00,ibtracs_best_track,IBTrACS best track,21.80001437386831,False,hourly mean,3
EP112025,Kiko (2025),without_era5,2025-09-01T09:00:00+00:00,ibtracs_best_track,IBTrACS best track,22.233131763744854,False,hourly mean,3
EP112025,Kiko (2025),without_era5,2025-09-01T10:00:00+00:00,ibtracs_best_track,IBTrACS best track,22.60907283127572,False,hourly mean,3
EP112025,Kiko (2025),without_era5,2025-09-01T11:00:00+00:00,ibtracs_best_track,IBTrACS best track,23.024512824444447,False,hourly mean,3
EP112025,Kiko (2025),without_era5,2025-09-01T12:00:00+00:00,ibtracs_best_track,IBTrACS best track,23.611455321481483,False,hourly mean,3
EP112025,Kiko (2025),without_era5,2025-09-01T13:00:00+00:00,ibtracs_best_track,IBTrACS best track,24.36987915185185,False,hourly mean,3
EP112025,Kiko (2025),without_era5,2025-09-01T14:00:00+00:00,ibtracs_best_track,IBTrACS best track,25.23125529382716,False,hourly mean,3
EP112025,Kiko (2025),without_era5,2025-09-01T15:00:00+00:00,ibtracs_best_track,IBTrACS best track,26.088503181481485,False,hourly mean,3
EP112025,Kiko (2025),without_era5,2025-09-01T16:00:00+00:00,ibtracs_best_track,IBTrACS best track,26.945751069135806,False,hourly mean,3
EP112025,Kiko (2025),without_era5,2025-09-01T17:00:00+00:00,ibtracs_best_track,IBTrACS best track,27.678357432098768,False,hourly mean,3
EP112025,Kiko (2025),without_era5,2025-09-01T18:00:00+00:00,ibtracs_best_track,IBTrACS best track,28.129289827160495,False,hourly mean,3
EP112025,Kiko (2025),without_era5,2025-09-01T19:00:00+00:00,ibtracs_best_track,IBTrACS best track,28.29442,False,hourly mean,3
EP112025,Kiko (2025),without_era5,2025-09-01T20:00:00+00:00,ibtracs_best_track,IBTrACS best track,28.29442,False,hourly mean,3
EP112025,Kiko (2025),without_era5,2025-09-01T21:00:00+00:00,ibtracs_best_track,IBTrACS best track,28.29442,False,hourly mean,3
EP112025,Kiko (2025),without_era5,2025-09-01T22:00:00+00:00,ibtracs_best_track,IBTrACS best track,28.29442,False,hourly mean,3
EP112025,Kiko (2025),without_era5,2025-09-01T23:00:00+00:00,ibtracs_best_track,IBTrACS best track,28.415092049382718,False,hourly mean,3
EP112025,Kiko (2025),without_era5,2025-09-02T00:00:00+00:00,ibtracs_best_track,IBTrACS best track,28.821566320987653,False,hourly mean,3
EP112025,Kiko (2025),without_era5,2025-09-02T01:00:00+00:00,ibtracs_best_track,IBTrACS best track,29.51384281481482,False,hourly mean,3
EP112025,Kiko (2025),without_era5,2025-09-02T02:00:00+00:00,ibtracs_best_track,IBTrACS best track,30.371249481481485,False,hourly mean,3
EP112025,Kiko (2025),without_era5,2025-09-02T03:00:00+00:00,ibtracs_best_track,IBTrACS best track,31.228656148148147,False,hourly mean,3
EP112025,Kiko (2025),without_era5,2025-09-02T04:00:00+00:00,ibtracs_best_track,IBTrACS best track,32.08606281481482,False,hourly mean,3
EP112025,Kiko (2025),without_era5,2025-09-02T05:00:00+00:00,ibtracs_best_track,IBTrACS best track,32.94346948148148,False,hourly mean,3
EP112025,Kiko (2025),without_era5,2025-09-02T06:00:00+00:00,ibtracs_best_track,IBTrACS best track,33.80087614814815,False,hourly mean,3
EP112025,Kiko (2025),without_era5,2025-09-02T07:00:00+00:00,ibtracs_best_track,IBTrACS best track,34.65830927798354,False,hourly mean,3
EP112025,Kiko (2025),without_era5,2025-09-02T08:00:00+00:00,ibtracs_best_track,IBTrACS best track,35.515768870987664,False,hourly mean,3
EP112025,Kiko (2025),without_era5,2025-09-02T09:00:00+00:00,ibtracs_best_track,IBTrACS best track,36.373175537654326,False,hourly mean,3
EP112025,Kiko (2025),without_era5,2025-09-02T10:00:00+00:00,ibtracs_best_track,IBTrACS best track,37.230555741152266,False,hourly mean,3
EP112025,Kiko (2025),without_era5,2025-09-02T11:00:00+00:00,ibtracs_best_track,IBTrACS best track,38.039640661728406,False,hourly mean,3
EP112025,Kiko (2025),without_era5,2025-09-02T12:00:00+00:00,ibtracs_best_track,IBTrACS best track,38.734457619753094,False,hourly mean,3
EP112025,Kiko (2025),without_era5,2025-09-02T13:00:00+00:00,ibtracs_best_track,IBTrACS best track,39.31495368888889,False,hourly mean,3
EP112025,Kiko (2025),without_era5,2025-09-02T14:00:00+00:00,ibtracs_best_track,IBTrACS best track,39.805263279012344,False,hourly mean,3
EP112025,Kiko (2025),without_era5,2025-09-02T15:00:00+00:00,ibtracs_best_track,IBTrACS best track,40.238412424691354,False,hourly mean,3
EP112025,Kiko (2025),without_era5,2025-09-02T16:00:00+00:00,ibtracs_best_track,IBTrACS best track,40.61440112592592,False,hourly mean,3
EP112025,Kiko (2025),without_era5,2025-09-02T17:00:00+00:00,ibtracs_best_track,IBTrACS best track,41.029767022222224,False,hourly mean,3
EP112025,Kiko (2025),without_era5,2025-09-02T18:00:00+00:00,ibtracs_best_track,IBTrACS best track,41.61661425185185,False,hourly mean,3
EP112025,Kiko (2025),without_era5,2025-09-02T19:00:00+00:00,ibtracs_best_track,IBTrACS best track,42.37494281481482,False,hourly mean,3
EP112025,Kiko (2025),without_era5,2025-09-02T20:00:00+00:00,ibtracs_best_track,IBTrACS best track,43.232349481481485,False,hourly mean,3
EP112025,Kiko (2025),without_era5,2025-09-02T21:00:00+00:00,ibtracs_best_track,IBTrACS best track,44.08975614814815,True,hourly mean,3
EP112025,Kiko (2025),without_era5,2025-09-02T22:00:00+00:00,ibtracs_best_track,IBTrACS best track,44.94716281481482,True,hourly mean,3
EP112025,Kiko (2025),without_era5,2025-09-02T23:00:00+00:00,ibtracs_best_track,IBTrACS best track,45.68389743209877,True,hourly mean,3
EP112025,Kiko (2025),without_era5,2025-09-03T00:00:00+00:00,ibtracs_best_track,IBTrACS best track,46.134829827160495,True,hourly mean,3
EP112025,Kiko (2025),without_era5,2025-09-03T01:00:00+00:00,ibtracs_best_track,IBTrACS best track,46.29996,True,hourly mean,3
EP112025,Kiko (2025),without_era5,2025-09-03T02:00:00+00:00,ibtracs_best_track,IBTrACS best track,46.29996,True,hourly mean,3
EP112025,Kiko (2025),without_era5,2025-09-03T03:00:00+00:00,ibtracs_best_track,IBTrACS best track,46.29996,False,hourly mean,3
EP112025,Kiko (2025),without_era5,2025-09-03T04:00:00+00:00,ibtracs_best_track,IBTrACS best track,46.29996,False,hourly mean,3
EP112025,Kiko (2025),without_era5,2025-09-03T05:00:00+00:00,ibtracs_best_track,IBTrACS best track,46.29996,False,hourly mean,3
EP112025,Kiko (2025),without_era5,2025-09-03T06:00:00+00:00,ibtracs_best_track,IBTrACS best track,46.29996,False,hourly mean,3
EP112025,Kiko (2025),without_era5,2025-09-03T07:00:00+00:00,ibtracs_best_track,IBTrACS best track,46.29996,False,hourly mean,3
EP112025,Kiko (2025),without_era5,2025-09-03T08:00:00+00:00,ibtracs_best_track,IBTrACS best track,46.29996,False,hourly mean,3
EP112025,Kiko (2025),without_era5,2025-09-03T09:00:00+00:00,ibtracs_best_track,IBTrACS best track,46.29996,False,hourly mean,3
EP112025,Kiko (2025),without_era5,2025-09-03T10:00:00+00:00,ibtracs_best_track,IBTrACS best track,46.29996,False,hourly mean,3
EP112025,Kiko (2025),without_era5,2025-09-03T11:00:00+00:00,ibtracs_best_track,IBTrACS best track,46.54130409876543,False,hourly mean,3
EP112025,Kiko (2025),without_era5,2025-09-03T12:00:00+00:00,ibtracs_best_track,IBTrACS best track,47.35425264197531,False,hourly mean,3
EP112025,Kiko (2025),without_era5,2025-09-03T13:00:00+00:00,ibtracs_best_track,IBTrACS best track,48.73880562962963,False,hourly mean,3
EP112025,Kiko (2025),without_era5,2025-09-03T14:00:00+00:00,ibtracs_best_track,IBTrACS best track,50.45361896296296,False,hourly mean,3
EP112025,Kiko (2025),without_era5,2025-09-03T15:00:00+00:00,ibtracs_best_track,IBTrACS best track,52.168432296296295,False,hourly mean,3
EP112025,Kiko (2025),without_era5,2025-09-03T16:00:00+00:00,ibtracs_best_track,IBTrACS best track,53.883245629629634,False,hourly mean,3
EP112025,Kiko (2025),without_era5,2025-09-03T17:00:00+00:00,ibtracs_best_track,IBTrACS best track,55.54979014320988,False,hourly mean,3
EP112025,Kiko (2025),without_era5,2025-09-03T18:00:00+00:00,ibtracs_best_track,IBTrACS best track,57.102013767901234,True,hourly mean,3
EP112025,Kiko (2025),without_era5,2025-09-03T19:00:00+00:00,ibtracs_best_track,IBTrACS best track,58.5399165037037,True,hourly mean,3
EP112025,Kiko (2025),without_era5,2025-09-03T20:00:00+00:00,ibtracs_best_track,IBTrACS best track,59.88763276049383,True,hourly mean,3
EP112025,Kiko (2025),without_era5,2025-09-03T21:00:00+00:00,ibtracs_best_track,IBTrACS best track,61.17818857283951,True,hourly mean,3
EP112025,Kiko (2025),without_era5,2025-09-03T22:00:00+00:00,ibtracs_best_track,IBTrACS best track,62.41158394074074,True,hourly mean,3
EP112025,Kiko (2025),without_era5,2025-09-03T23:00:00+00:00,ibtracs_best_track,IBTrACS best track,63.443012404938266,True,hourly mean,3
EP112025,Kiko (2025),without_era5,2025-09-04T00:00:00+00:00,ibtracs_best_track,IBTrACS best track,64.07431775802469,True,hourly mean,3
EP112025,Kiko (2025),without_era5,2025-09-04T01:00:00+00:00,ibtracs_best_track,IBTrACS best track,64.3055,True,hourly mean,3
EP112025,Kiko (2025),without_era5,2025-09-04T02:00:00+00:00,ibtracs_best_track,IBTrACS best track,64.3055,True,hourly mean,3
EP112025,Kiko (2025),without_era5,2025-09-04T03:00:00+00:00,ibtracs_best_track,IBTrACS best track,64.3055,True,hourly mean,3
EP112025,Kiko (2025),without_era5,2025-09-04T04:00:00+00:00,ibtracs_best_track,IBTrACS best track,64.3055,True,hourly mean,3
EP112025,Kiko (2025),without_era5,2025-09-04T05:00:00+00:00,ibtracs_best_track,IBTrACS best track,64.18482795061728,True,hourly mean,3
EP112025,Kiko (2025),without_era5,2025-09-04T06:00:00+00:00,ibtracs_best_track,IBTrACS best track,63.77835367901235,True,hourly mean,3
EP112025,Kiko (2025),without_era5,2025-09-04T07:00:00+00:00,ibtracs_best_track,IBTrACS best track,63.0860374904321,True,hourly mean,3
EP112025,Kiko (2025),without_era5,2025-09-04T08:00:00+00:00,ibtracs_best_track,IBTrACS best track,62.22857789742798,True,hourly mean,3
EP112025,Kiko (2025),without_era5,2025-09-04T09:00:00+00:00,ibtracs_best_track,IBTrACS best track,61.37117123076131,False,hourly mean,3
EP112025,Kiko (2025),without_era5,2025-09-04T10:00:00+00:00,ibtracs_best_track,IBTrACS best track,60.513804258847735,False,hourly mean,3
EP112025,Kiko (2025),without_era5,2025-09-04T11:00:00+00:00,ibtracs_best_track,IBTrACS best track,59.77712256790124,False,hourly mean,3
EP112025,Kiko (2025),without_era5,2025-09-04T12:00:00+00:00,ibtracs_best_track,IBTrACS best track,59.32619017283951,False,hourly mean,3
EP112025,Kiko (2025),without_era5,2025-09-04T13:00:00+00:00,ibtracs_best_track,IBTrACS best track,59.16106,False,hourly mean,3
EP112025,Kiko (2025),without_era5,2025-09-04T14:00:00+00:00,ibtracs_best_track,IBTrACS best track,59.16106,False,hourly mean,3
EP112025,Kiko (2025),without_era5,2025-09-04T15:00:00+00:00,ibtracs_best_track,IBTrACS best track,59.16106,False,hourly mean,3
EP112025,Kiko (2025),without_era5,2025-09-04T16:00:00+00:00,ibtracs_best_track,IBTrACS best track,59.16106,False,hourly mean,3
EP112025,Kiko (2025),without_era5,2025-09-04T17:00:00+00:00,ibtracs_best_track,IBTrACS best track,59.131844661728394,False,hourly mean,3
EP112025,Kiko (2025),without_era5,2025-09-04T18:00:00+00:00,ibtracs_best_track,IBTrACS best track,58.95020147160494,False,hourly mean,3
EP112025,Kiko (2025),without_era5,2025-09-04T19:00:00+00:00,ibtracs_best_track,IBTrACS best track,58.67329087407408,False,hourly mean,3
EP112025,Kiko (2025),without_era5,2025-09-04T20:00:00+00:00,ibtracs_best_track,IBTrACS best track,58.28714031604938,False,hourly mean,3
EP112025,Kiko (2025),without_era5,2025-09-04T21:00:00+00:00,ibtracs_best_track,IBTrACS best track,57.88193627654321,False,hourly mean,3
EP112025,Kiko (2025),without_era5,2025-09-04T22:00:00+00:00,ibtracs_best_track,IBTrACS best track,57.400518311111114,False,hourly mean,3
EP112025,Kiko (2025),without_era5,2025-09-04T23:00:00+00:00,ibtracs_best_track,IBTrACS best track,56.91020872098766,False,hourly mean,3
EP112025,Kiko (2025),without_era5,2025-09-05T00:00:00+00:00,ibtracs_best_track,IBTrACS best track,56.47705957530865,False,hourly mean,3
EP112025,Kiko (2025),without_era5,2025-09-05T01:00:00+00:00,ibtracs_best_track,IBTrACS best track,56.10107087407408,False,hourly mean,3
EP112025,Kiko (2025),without_era5,2025-09-05T02:00:00+00:00,ibtracs_best_track,IBTrACS best track,55.733973797530865,False,hourly mean,3
EP112025,Kiko (2025),without_era5,2025-09-05T03:00:00+00:00,ibtracs_best_track,IBTrACS best track,55.30971627654321,False,hourly mean,3
EP112025,Kiko (2025),without_era5,2025-09-05T04:00:00+00:00,ibtracs_best_track,IBTrACS best track,54.82829831111112,False,hourly mean,3
EP112025,Kiko (2025),without_era5,2025-09-05T05:00:00+00:00,ibtracs_best_track,IBTrACS best track,54.33798872098765,False,hourly mean,3
EP112025,Kiko (2025),without_era5,2025-09-05T06:00:00+00:00,ibtracs_best_track,IBTrACS best track,53.90483957530864,False,hourly mean,3
EP112025,Kiko (2025),without_era5,2025-09-05T07:00:00+00:00,ibtracs_best_track,IBTrACS best track,53.52883499617284,False,hourly mean,3
EP112025,Kiko (2025),without_era5,2025-09-05T08:00:00+00:00,ibtracs_best_track,IBTrACS best track,53.161698224876545,False,hourly mean,3
EP112025,Kiko (2025),without_era5,2025-09-05T09:00:00+00:00,ibtracs_best_track,IBTrACS best track,52.73739307018519,False,hourly mean,3
EP112025,Kiko (2025),without_era5,2025-09-05T10:00:00+00:00,ibtracs_best_track,IBTrACS best track,52.255943348950616,False,hourly mean,3
EP112025,Kiko (2025),without_era5,2025-09-05T11:00:00+00:00,ibtracs_best_track,IBTrACS best track,51.88639313666667,False,hourly mean,3
EP112025,Kiko (2025),without_era5,2025-09-05T12:00:00+00:00,ibtracs_best_track,IBTrACS best track,51.85981353,False,hourly mean,3
EP112025,Kiko (2025),without_era5,2025-09-05T13:00:00+00:00,ibtracs_best_track,IBTrACS best track,52.176196589999996,False,hourly mean,3
EP112025,Kiko (2025),without_era5,2025-09-05T14:00:00+00:00,ibtracs_best_track,IBTrACS best track,52.66649030222222,False,hourly mean,3
EP112025,Kiko (2025),without_era5,2025-09-05T15:00:00+00:00,ibtracs_best_track,IBTrACS best track,53.099623570000006,False,hourly mean,3
EP112025,Kiko (2025),without_era5,2025-09-05T16:00:00+00:00,ibtracs_best_track,IBTrACS best track,53.47559639333334,False,hourly mean,3
EP112025,Kiko (2025),without_era5,2025-09-05T17:00:00+00:00,ibtracs_best_track,IBTrACS best track,53.891009923333336,False,hourly mean,3
EP112025,Kiko (2025),without_era5,2025-09-05T18:00:00+00:00,ibtracs_best_track,IBTrACS best track,54.47790478666667,False,hourly mean,3
EP112025,Kiko (2025),without_era5,2025-09-05T19:00:00+00:00,ibtracs_best_track,IBTrACS best track,55.23628098333333,False,hourly mean,3
EP112025,Kiko (2025),without_era5,2025-09-05T20:00:00+00:00,ibtracs_best_track,IBTrACS best track,56.09362149207819,False,hourly mean,3
EP112025,Kiko (2025),without_era5,2025-09-05T21:00:00+00:00,ibtracs_best_track,IBTrACS best track,56.950948769238686,False,hourly mean,3
EP112025,Kiko (2025),without_era5,2025-09-05T22:00:00+00:00,ibtracs_best_track,IBTrACS best track,57.80827604639918,False,hourly mean,3
EP112025,Kiko (2025),without_era5,2025-09-05T23:00:00+00:00,ibtracs_best_track,IBTrACS best track,58.61740066172839,False,hourly mean,3
EP112025,Kiko (2025),without_era5,2025-09-06T00:00:00+00:00,ibtracs_best_track,IBTrACS best track,59.312217619753085,False,hourly mean,3
EP112025,Kiko (2025),without_era5,2025-09-06T01:00:00+00:00,ibtracs_best_track,IBTrACS best track,59.8927136888889,False,hourly mean,3
EP112025,Kiko (2025),without_era5,2025-09-06T02:00:00+00:00,ibtracs_best_track,IBTrACS best track,60.38302327901235,False,hourly mean,3
EP112025,Kiko (2025),without_era5,2025-09-06T03:00:00+00:00,ibtracs_best_track,IBTrACS best track,60.81617242469136,False,hourly mean,3
EP112025,Kiko (2025),without_era5,2025-09-06T04:00:00+00:00,ibtracs_best_track,IBTrACS best track,61.19216112592593,False,hourly mean,3
EP112025,Kiko (2025),without_era5,2025-09-06T05:00:00+00:00,ibtracs_best_track,IBTrACS best track,61.36618292345679,False,hourly mean,3
EP112025,Kiko (2025),without_era5,2025-09-06T06:00:00+00:00,ibtracs_best_track,IBTrACS best track,61.140081609876546,False,hourly mean,3
EP112025,Kiko (2025),without_era5,2025-09-06T07:00:00+00:00,ibtracs_best_track,IBTrACS best track,60.513817490432096,False,hourly mean,3
EP112025,Kiko (2025),without_era5,2025-09-06T08:00:00+00:00,ibtracs_best_track,IBTrACS best track,59.65634466584362,False,hourly mean,3
EP112025,Kiko (2025),without_era5,2025-09-06T09:00:00+00:00,ibtracs_best_track,IBTrACS best track,58.78456849855968,False,hourly mean,3
EP112025,Kiko (2025),without_era5,2025-09-06T10:00:00+00:00,ibtracs_best_track,IBTrACS best track,57.92712213713992,False,hourly mean,3
EP112025,Kiko (2025),without_era5,2025-09-06T11:00:00+00:00,ibtracs_best_track,IBTrACS best track,57.19045367777778,False,hourly mean,3
EP112025,Kiko (2025),without_era5,2025-09-06T12:00:00+00:00,ibtracs_best_track,IBTrACS best track,56.75389078333333,False,hourly mean,3
EP112025,Kiko (2025),without_era5,2025-09-06T13:00:00+00:00,ibtracs_best_track,IBTrACS best track,56.588840000000005,False,hourly mean,3
EP112025,Kiko (2025),without_era5,2025-09-06T14:00:00+00:00,ibtracs_best_track,IBTrACS best track,56.588840000000005,False,hourly mean,3
EP112025,Kiko (2025),without_era5,2025-09-06T15:00:00+00:00,ibtracs_best_track,IBTrACS best track,56.588840000000005,False,hourly mean,3
EP112025,Kiko (2025),without_era5,2025-09-06T16:00:00+00:00,ibtracs_best_track,IBTrACS best track,56.588840000000005,False,hourly mean,3
EP112025,Kiko (2025),without_era5,2025-09-06T17:00:00+00:00,ibtracs_best_track,IBTrACS best track,56.661290863333335,False,hourly mean,3
EP112025,Kiko (2025),without_era5,2025-09-06T18:00:00+00:00,ibtracs_best_track,IBTrACS best track,56.905223060000004,False,hourly mean,3
EP112025,Kiko (2025),without_era5,2025-09-06T19:00:00+00:00,ibtracs_best_track,IBTrACS best track,57.32063659,False,hourly mean,3
EP112025,Kiko (2025),without_era5,2025-09-06T20:00:00+00:00,ibtracs_best_track,IBTrACS best track,57.810930302222225,False,hourly mean,3
EP112025,Kiko (2025),without_era5,2025-09-06T21:00:00+00:00,ibtracs_best_track,IBTrACS best track,58.24406357,False,hourly mean,3
EP112025,Kiko (2025),without_era5,2025-09-06T22:00:00+00:00,ibtracs_best_track,IBTrACS best track,58.62003639333333,False,hourly mean,3
EP112025,Kiko (2025),without_era5,2025-09-06T23:00:00+00:00,ibtracs_best_track,IBTrACS best track,58.86639790888889,False,hourly mean,3
EP112025,Kiko (2025),without_era5,2025-09-07T00:00:00+00:00,ibtracs_best_track,IBTrACS best track,58.884117646666674,False,hourly mean,3
EP112025,Kiko (2025),without_era5,2025-09-07T01:00:00+00:00,ibtracs_best_track,IBTrACS best track,58.67319560666667,False,hourly mean,3
EP112025,Kiko (2025),without_era5,2025-09-07T02:00:00+00:00,ibtracs_best_track,IBTrACS best track,58.30608265222222,False,hourly mean,3
EP112025,Kiko (2025),without_era5,2025-09-07T03:00:00+00:00,ibtracs_best_track,IBTrACS best track,57.88180925333334,False,hourly mean,3
EP112025,Kiko (2025),without_era5,2025-09-07T04:00:00+00:00,ibtracs_best_track,IBTrACS best track,57.40037541,False,hourly mean,3
EP112025,Kiko (2025),without_era5,2025-09-07T05:00:00+00:00,ibtracs_best_track,IBTrACS best track,56.91008169777778,False,hourly mean,3
EP112025,Kiko (2025),without_era5,2025-09-07T06:00:00+00:00,ibtracs_best_track,IBTrACS best track,56.47694843,False,hourly mean,3
EP112025,Kiko (2025),without_era5,2025-09-07T07:00:00+00:00,ibtracs_best_track,IBTrACS best track,56.10097031403293,False,hourly mean,3
EP112025,Kiko (2025),without_era5,2025-09-07T08:00:00+00:00,ibtracs_best_track,IBTrACS best track,55.73385735958848,False,hourly mean,3
EP112025,Kiko (2025),without_era5,2025-09-07T09:00:00+00:00,ibtracs_best_track,IBTrACS best track,55.30958396069959,False,hourly mean,3
EP112025,Kiko (2025),without_era5,2025-09-07T10:00:00+00:00,ibtracs_best_track,IBTrACS best track,54.828155409999994,False,hourly mean,3
EP112025,Kiko (2025),without_era5,2025-09-07T11:00:00+00:00,ibtracs_best_track,IBTrACS best track,54.265410834444445,False,hourly mean,3
EP112025,Kiko (2025),without_era5,2025-09-07T12:00:00+00:00,ibtracs_best_track,IBTrACS best track,53.588345370000006,False,hourly mean,3
EP112025,Kiko (2025),without_era5,2025-09-07T13:00:00+00:00,ibtracs_best_track,IBTrACS best track,52.79695901666667,False,hourly mean,3
EP112025,Kiko (2025),without_era5,2025-09-07T14:00:00+00:00,ibtracs_best_track,IBTrACS best track,51.93955234999999,False,hourly mean,3
EP112025,Kiko (2025),without_era5,2025-09-07T15:00:00+00:00,ibtracs_best_track,IBTrACS best track,51.08214568333332,False,hourly mean,3
EP112025,Kiko (2025),without_era5,2025-09-07T16:00:00+00:00,ibtracs_best_track,IBTrACS best track,50.22473901666666,False,hourly mean,3
EP112025,Kiko (2025),without_era5,2025-09-07T17:00:00+00:00,ibtracs_best_track,IBTrACS best track,49.48808378888888,False,hourly mean,3
EP112025,Kiko (2025),without_era5,2025-09-07T18:00:00+00:00,ibtracs_best_track,IBTrACS best track,49.037230783333335,False,hourly mean,3
EP112025,Kiko (2025),without_era5,2025-09-07T19:00:00+00:00,ibtracs_best_track,IBTrACS best track,48.87217999999999,False,hourly mean,3
EP112025,Kiko (2025),without_era5,2025-09-07T20:00:00+00:00,ibtracs_best_track,IBTrACS best track,48.87217999999999,False,hourly mean,3
EP112025,Kiko (2025),without_era5,2025-09-07T21:00:00+00:00,ibtracs_best_track,IBTrACS best track,48.87217999999999,False,hourly mean,3
EP112025,Kiko (2025),without_era5,2025-09-07T22:00:00+00:00,ibtracs_best_track,IBTrACS best track,48.87217999999999,False,hourly mean,3
EP112025,Kiko (2025),without_era5,2025-09-07T23:00:00+00:00,ibtracs_best_track,IBTrACS best track,48.82387942444444,False,hourly mean,3
EP112025,Kiko (2025),without_era5,2025-09-08T00:00:00+00:00,ibtracs_best_track,IBTrACS best track,48.66125796,False,hourly mean,3
EP112025,Kiko (2025),without_era5,2025-09-08T01:00:00+00:00,ibtracs_best_track,IBTrACS best track,48.38431560666667,False,hourly mean,3
EP112025,Kiko (2025),without_era5,2025-09-08T02:00:00+00:00,ibtracs_best_track,IBTrACS best track,48.01720265222222,False,hourly mean,3
EP112025,Kiko (2025),without_era5,2025-09-08T03:00:00+00:00,ibtracs_best_track,IBTrACS best track,47.59292925333333,False,hourly mean,3
EP112025,Kiko (2025),without_era5,2025-09-08T04:00:00+00:00,ibtracs_best_track,IBTrACS best track,47.11149541,False,hourly mean,3
EP112025,Kiko (2025),without_era5,2025-09-08T05:00:00+00:00,ibtracs_best_track,IBTrACS best track,46.621201697777785,False,hourly mean,3
EP112025,Kiko (2025),without_era5,2025-09-08T06:00:00+00:00,ibtracs_best_track,IBTrACS best track,46.18806843000001,False,hourly mean,3
EP112025,Kiko (2025),without_era5,2025-09-08T07:00:00+00:00,ibtracs_best_track,IBTrACS best track,45.812095606666674,False,hourly mean,3
EP112025,Kiko (2025),without_era5,2025-09-08T08:00:00+00:00,ibtracs_best_track,IBTrACS best track,45.44498265222222,False,hourly mean,3
EP112025,Kiko (2025),without_era5,2025-09-08T09:00:00+00:00,ibtracs_best_track,IBTrACS best track,45.02070925333334,False,hourly mean,3
EP112025,Kiko (2025),without_era5,2025-09-08T10:00:00+00:00,ibtracs_best_track,IBTrACS best track,44.539275409999995,False,hourly mean,3
EP112025,Kiko (2025),without_era5,2025-09-08T11:00:00+00:00,ibtracs_best_track,IBTrACS best track,44.048981697777776,False,hourly mean,3
EP112025,Kiko (2025),without_era5,2025-09-08T12:00:00+00:00,ibtracs_best_track,IBTrACS best track,43.61584843,False,hourly mean,3
EP112025,Kiko (2025),without_era5,2025-09-08T13:00:00+00:00,ibtracs_best_track,IBTrACS best track,43.239875606666665,False,hourly mean,3
EP112025,Kiko (2025),without_era5,2025-09-08T14:00:00+00:00,ibtracs_best_track,IBTrACS best track,42.87276265222223,False,hourly mean,3
EP112025,Kiko (2025),without_era5,2025-09-08T15:00:00+00:00,ibtracs_best_track,IBTrACS best track,42.448489253333335,False,hourly mean,3
EP112025,Kiko (2025),without_era5,2025-09-08T16:00:00+00:00,ibtracs_best_track,IBTrACS best track,41.96705541,False,hourly mean,3
EP112025,Kiko (2025),without_era5,2025-09-08T17:00:00+00:00,ibtracs_best_track,IBTrACS best track,41.35601025888889,False,hourly mean,3
EP112025,Kiko (2025),without_era5,2025-09-08T18:00:00+00:00,ibtracs_best_track,IBTrACS best track,40.51632333,False,hourly mean,3
EP112025,Kiko (2025),without_era5,2025-09-08T19:00:00+00:00,ibtracs_best_track,IBTrACS best track,39.44799462333333,False,hourly mean,3
EP112025,Kiko (2025),without_era5,2025-09-08T20:00:00+00:00,ibtracs_best_track,IBTrACS best track,38.22347500222222,False,hourly mean,3
EP112025,Kiko (2025),without_era5,2025-09-08T21:00:00+00:00,ibtracs_best_track,IBTrACS best track,36.94179493666667,False,hourly mean,3
EP112025,Kiko (2025),without_era5,2025-09-08T22:00:00+00:00,ibtracs_best_track,IBTrACS best track,35.60295442666667,False,hourly mean,3
EP112025,Kiko (2025),without_era5,2025-09-08T23:00:00+00:00,ibtracs_best_track,IBTrACS best track,34.255254047777775,False,hourly mean,3
EP112025,Kiko (2025),without_era5,2025-09-09T00:00:00+00:00,ibtracs_best_track,IBTrACS best track,32.964714113333336,False,hourly mean,3
EP112025,Kiko (2025),without_era5,2025-09-09T01:00:00+00:00,ibtracs_best_track,IBTrACS best track,31.731334623333336,False,hourly mean,3
EP112025,Kiko (2025),without_era5,2025-09-09T02:00:00+00:00,ibtracs_best_track,IBTrACS best track,30.506815002222226,False,hourly mean,3
EP112025,Kiko (2025),without_era5,2025-09-09T03:00:00+00:00,ibtracs_best_track,IBTrACS best track,29.225134936666667,False,hourly mean,3
EP112025,Kiko (2025),without_era5,2025-09-09T04:00:00+00:00,ibtracs_best_track,IBTrACS best track,27.886294426666666,False,hourly mean,3
EP112025,Kiko (2025),without_era5,2025-09-09T05:00:00+00:00,ibtracs_best_track,IBTrACS best track,26.586894623333333,False,hourly mean,3
EP112025,Kiko (2025),without_era5,2025-09-09T06:00:00+00:00,ibtracs_best_track,IBTrACS best track,25.458976153333335,False,hourly mean,3
EP112025,Kiko (2025),without_era5,2025-09-09T07:00:00+00:00,ibtracs_best_track,IBTrACS best track,24.50253901666667,False,hourly mean,3
EP112025,Kiko (2025),without_era5,2025-09-09T08:00:00+00:00,ibtracs_best_track,IBTrACS best track,23.64513235,False,hourly mean,3
EP112025,Kiko (2025),without_era5,2025-09-09T09:00:00+00:00,ibtracs_best_track,IBTrACS best track,22.787725683333335,False,hourly mean,3
EP112025,Kiko (2025),without_era5,2025-09-09T10:00:00+00:00,ibtracs_best_track,IBTrACS best track,21.93031901666667,False,hourly mean,3
EP112025,Kiko (2025),without_era5,2025-09-09T11:00:00+00:00,ibtracs_best_track,IBTrACS best track,21.19366378888889,False,hourly mean,3
EP112025,Kiko (2025),without_era5,2025-09-09T12:00:00+00:00,ibtracs_best_track,IBTrACS best track,20.742810783333336,False,hourly mean,3
EP112025,Kiko (2025),without_era5,2025-09-09T13:00:00+00:00,ibtracs_best_track,IBTrACS best track,20.57776,False,hourly mean,3
EP112025,Kiko (2025),without_era5,2025-09-09T14:00:00+00:00,ibtracs_best_track,IBTrACS best track,20.57776,False,hourly mean,3
EP112025,Kiko (2025),without_era5,2025-09-09T15:00:00+00:00,ibtracs_best_track,IBTrACS best track,20.57776,False,hourly mean,3
EP112025,Kiko (2025),without_era5,2025-09-09T16:00:00+00:00,ibtracs_best_track,IBTrACS best track,20.57776,False,hourly mean,3
EP112025,Kiko (2025),without_era5,2025-09-09T17:00:00+00:00,ibtracs_best_track,IBTrACS best track,20.529459424444447,False,hourly mean,3
EP112025,Kiko (2025),without_era5,2025-09-09T18:00:00+00:00,ibtracs_best_track,IBTrACS best track,20.36683796,False,hourly mean,3
EP112025,Kiko (2025),without_era5,2025-09-09T19:00:00+00:00,ibtracs_best_track,IBTrACS best track,20.08989560666667,False,hourly mean,3
EP112025,Kiko (2025),without_era5,2025-09-09T20:00:00+00:00,ibtracs_best_track,IBTrACS best track,19.722782652222225,False,hourly mean,3
EP112025,Kiko (2025),without_era5,2025-09-09T21:00:00+00:00,ibtracs_best_track,IBTrACS best track,19.298509253333336,False,hourly mean,3
EP112025,Kiko (2025),without_era5,2025-09-09T22:00:00+00:00,ibtracs_best_track,IBTrACS best track,18.81707541,False,hourly mean,3
EP112025,Kiko (2025),without_era5,2025-09-09T23:00:00+00:00,ibtracs_best_track,IBTrACS best track,18.375082273333334,False,hourly mean,3
EP112025,Kiko (2025),without_era5,2025-09-10T00:00:00+00:00,ibtracs_best_track,IBTrACS best track,18.10457047,False,hourly mean,3
EP112025,Kiko (2025),without_era5,2025-09-10T01:00:00+00:00,ibtracs_best_track,IBTrACS best track,18.00554,False,hourly mean,3
EP112025,Kiko (2025),without_era5,2025-09-10T02:00:00+00:00,ibtracs_best_track,IBTrACS best track,18.00554,False,hourly mean,3
EP112025,Kiko (2025),without_era5,2025-09-10T03:00:00+00:00,ibtracs_best_track,IBTrACS best track,18.00554,False,hourly mean,3
EP112025,Kiko (2025),without_era5,2025-09-10T04:00:00+00:00,ibtracs_best_track,IBTrACS best track,18.00554,False,hourly mean,3
EP112025,Kiko (2025),without_era5,2025-09-10T05:00:00+00:00,ibtracs_best_track,IBTrACS best track,17.957239424444445,False,hourly mean,3
EP112025,Kiko (2025),without_era5,2025-09-10T06:00:00+00:00,ibtracs_best_track,IBTrACS best track,17.79461796,False,hourly mean,3
EP112025,Kiko (2025),without_era5,2025-09-10T07:00:00+00:00,ibtracs_best_track,IBTrACS best track,17.517675606666668,False,hourly mean,3
EP112025,Kiko (2025),without_era5,2025-09-10T08:00:00+00:00,ibtracs_best_track,IBTrACS best track,17.150562652222224,False,hourly mean,3
EP112025,Kiko (2025),without_era5,2025-09-10T09:00:00+00:00,ibtracs_best_track,IBTrACS best track,16.726289253333334,False,hourly mean,3
EP112025,Kiko (2025),without_era5,2025-09-10T10:00:00+00:00,ibtracs_best_track,IBTrACS best track,16.24485541,False,hourly mean,3
EP112025,Kiko (2025),without_era5,2025-09-10T11:00:00+00:00,ibtracs_best_track,IBTrACS best track,15.802862273333332,False,hourly mean,3
EP112025,Kiko (2025),without_era5,2025-09-10T12:00:00+00:00,ibtracs_best_track,IBTrACS best track,15.532350469999999,False,hourly mean,3
EP112025,Kiko (2025),without_era5,2025-09-10T13:00:00+00:00,ibtracs_best_track,IBTrACS best track,15.43332,False,hourly mean,3
EP112025,Kiko (2025),without_era5,2025-09-10T14:00:00+00:00,ibtracs_best_track,IBTrACS best track,15.43332,False,hourly mean,3
EP112025,Kiko (2025),without_era5,2025-09-10T15:00:00+00:00,ibtracs_best_track,IBTrACS best track,15.43332,False,hourly mean,3
EP112025,Kiko (2025),without_era5,2025-09-10T16:00:00+00:00,ibtracs_best_track,IBTrACS best track,15.43332,False,hourly mean,3
EP112025,Kiko (2025),without_era5,2025-09-10T17:00:00+00:00,ibtracs_best_track,IBTrACS best track,15.43332,False,hourly mean,3
EP112025,Kiko (2025),without_era5,2025-09-10T18:00:00+00:00,ibtracs_best_track,IBTrACS best track,15.43332,False,hourly mean,3
EP112025,Kiko (2025),without_era5,2025-09-10T19:00:00+00:00,ibtracs_best_track,IBTrACS best track,15.43332,False,hourly mean,3
EP112025,Kiko (2025),without_era5,2025-09-10T20:00:00+00:00,ibtracs_best_track,IBTrACS best track,15.43332,False,hourly mean,3
EP112025,Kiko (2025),without_era5,2025-09-10T21:00:00+00:00,ibtracs_best_track,IBTrACS best track,15.43332,False,hourly mean,3
EP112025,Kiko (2025),without_era5,2025-09-10T22:00:00+00:00,ibtracs_best_track,IBTrACS best track,15.43332,False,hourly mean,3
EP112025,Kiko (2025),without_era5,2025-09-10T23:00:00+00:00,ibtracs_best_track,IBTrACS best track,15.43332,False,hourly mean,3
EP112025,Kiko (2025),without_era5,2025-08-31T00:00:00+00:00,era5_max_wind,ERA5 10 m maximum,9.294077505286964,False,hourly mean,3
EP112025,Kiko (2025),without_era5,2025-08-31T01:00:00+00:00,era5_max_wind,ERA5 10 m maximum,9.294077505286964,False,hourly mean,3
EP112025,Kiko (2025),without_era5,2025-08-31T02:00:00+00:00,era5_max_wind,ERA5 10 m maximum,9.021471971569431,False,hourly mean,3
EP112025,Kiko (2025),without_era5,2025-08-31T03:00:00+00:00,era5_max_wind,ERA5 10 m maximum,8.748866437851897,False,hourly mean,3
EP112025,Kiko (2025),without_era5,2025-08-31T04:00:00+00:00,era5_max_wind,ERA5 10 m maximum,8.476260904134362,False,hourly mean,3
EP112025,Kiko (2025),without_era5,2025-08-31T05:00:00+00:00,era5_max_wind,ERA5 10 m maximum,8.476260904134362,False,hourly mean,3
EP112025,Kiko (2025),without_era5,2025-08-31T06:00:00+00:00,era5_max_wind,ERA5 10 m maximum,8.476260904134362,False,hourly mean,3
EP112025,Kiko (2025),without_era5,2025-08-31T07:00:00+00:00,era5_max_wind,ERA5 10 m maximum,8.476260904134362,False,hourly mean,3
EP112025,Kiko (2025),without_era5,2025-08-31T08:00:00+00:00,era5_max_wind,ERA5 10 m maximum,9.31034788252799,False,hourly mean,3
EP112025,Kiko (2025),without_era5,2025-08-31T09:00:00+00:00,era5_max_wind,ERA5 10 m maximum,10.144434860921619,False,hourly mean,3
EP112025,Kiko (2025),without_era5,2025-08-31T10:00:00+00:00,era5_max_wind,ERA5 10 m maximum,10.978521839315247,False,hourly mean,3
EP112025,Kiko (2025),without_era5,2025-08-31T11:00:00+00:00,era5_max_wind,ERA5 10 m maximum,10.978521839315247,False,hourly mean,3
EP112025,Kiko (2025),without_era5,2025-08-31T12:00:00+00:00,era5_max_wind,ERA5 10 m maximum,10.978521839315247,False,hourly mean,3
EP112025,Kiko (2025),without_era5,2025-08-31T13:00:00+00:00,era5_max_wind,ERA5 10 m maximum,10.978521839315247,False,hourly mean,3
EP112025,Kiko (2025),without_era5,2025-08-31T14:00:00+00:00,era5_max_wind,ERA5 10 m maximum,11.698939924918477,False,hourly mean,3
EP112025,Kiko (2025),without_era5,2025-08-31T15:00:00+00:00,era5_max_wind,ERA5 10 m maximum,12.419358010521705,False,hourly mean,3
EP112025,Kiko (2025),without_era5,2025-08-31T16:00:00+00:00,era5_max_wind,ERA5 10 m maximum,13.139776096124935,False,hourly mean,3
EP112025,Kiko (2025),without_era5,2025-08-31T17:00:00+00:00,era5_max_wind,ERA5 10 m maximum,13.139776096124935,False,hourly mean,3
EP112025,Kiko (2025),without_era5,2025-08-31T18:00:00+00:00,era5_max_wind,ERA5 10 m maximum,13.139776096124935,False,hourly mean,3
EP112025,Kiko (2025),without_era5,2025-08-31T19:00:00+00:00,era5_max_wind,ERA5 10 m maximum,13.139776096124935,False,hourly mean,3
EP112025,Kiko (2025),without_era5,2025-08-31T20:00:00+00:00,era5_max_wind,ERA5 10 m maximum,13.25956766491848,False,hourly mean,3
EP112025,Kiko (2025),without_era5,2025-08-31T21:00:00+00:00,era5_max_wind,ERA5 10 m maximum,13.379359233712028,False,hourly mean,3
EP112025,Kiko (2025),without_era5,2025-08-31T22:00:00+00:00,era5_max_wind,ERA5 10 m maximum,13.499150802505573,False,hourly mean,3
EP112025,Kiko (2025),without_era5,2025-08-31T23:00:00+00:00,era5_max_wind,ERA5 10 m maximum,13.499150802505573,False,hourly mean,3
EP112025,Kiko (2025),without_era5,2025-09-01T00:00:00+00:00,era5_max_wind,ERA5 10 m maximum,13.499150802505573,False,hourly mean,3
EP112025,Kiko (2025),without_era5,2025-09-01T01:00:00+00:00,era5_max_wind,ERA5 10 m maximum,13.499150802505573,False,hourly mean,3
EP112025,Kiko (2025),without_era5,2025-09-01T02:00:00+00:00,era5_max_wind,ERA5 10 m maximum,13.163947344215876,False,hourly mean,3
EP112025,Kiko (2025),without_era5,2025-09-01T03:00:00+00:00,era5_max_wind,ERA5 10 m maximum,12.828743885926178,False,hourly mean,3
EP112025,Kiko (2025),without_era5,2025-09-01T04:00:00+00:00,era5_max_wind,ERA5 10 m maximum,12.49354042763648,False,hourly mean,3
EP112025,Kiko (2025),without_era5,2025-09-01T05:00:00+00:00,era5_max_wind,ERA5 10 m maximum,12.49354042763648,False,hourly mean,3
EP112025,Kiko (2025),without_era5,2025-09-01T06:00:00+00:00,era5_max_wind,ERA5 10 m maximum,12.49354042763648,False,hourly mean,3
EP112025,Kiko (2025),without_era5,2025-09-01T07:00:00+00:00,era5_max_wind,ERA5 10 m maximum,12.49354042763648,False,hourly mean,3
EP112025,Kiko (2025),without_era5,2025-09-01T08:00:00+00:00,era5_max_wind,ERA5 10 m maximum,12.278632162127442,False,hourly mean,3
EP112025,Kiko (2025),without_era5,2025-09-01T09:00:00+00:00,era5_max_wind,ERA5 10 m maximum,12.063723896618404,False,hourly mean,3
EP112025,Kiko (2025),without_era5,2025-09-01T10:00:00+00:00,era5_max_wind,ERA5 10 m maximum,11.848815631109366,False,hourly mean,3
EP112025,Kiko (2025),without_era5,2025-09-01T11:00:00+00:00,era5_max_wind,ERA5 10 m maximum,11.848815631109366,False,hourly mean,3
EP112025,Kiko (2025),without_era5,2025-09-01T12:00:00+00:00,era5_max_wind,ERA5 10 m maximum,11.848815631109366,False,hourly mean,3
EP112025,Kiko (2025),without_era5,2025-09-01T13:00:00+00:00,era5_max_wind,ERA5 10 m maximum,11.848815631109366,False,hourly mean,3
EP112025,Kiko (2025),without_era5,2025-09-01T14:00:00+00:00,era5_max_wind,ERA5 10 m maximum,12.2868612573454,False,hourly mean,3
EP112025,Kiko (2025),without_era5,2025-09-01T15:00:00+00:00,era5_max_wind,ERA5 10 m maximum,12.724906883581438,False,hourly mean,3
EP112025,Kiko (2025),without_era5,2025-09-01T16:00:00+00:00,era5_max_wind,ERA5 10 m maximum,13.162952509817472,False,hourly mean,3
EP112025,Kiko (2025),without_era5,2025-09-01T17:00:00+00:00,era5_max_wind,ERA5 10 m maximum,13.162952509817472,False,hourly mean,3
EP112025,Kiko (2025),without_era5,2025-09-01T18:00:00+00:00,era5_max_wind,ERA5 10 m maximum,13.162952509817472,False,hourly mean,3
EP112025,Kiko (2025),without_era5,2025-09-01T19:00:00+00:00,era5_max_wind,ERA5 10 m maximum,13.162952509817472,False,hourly mean,3
EP112025,Kiko (2025),without_era5,2025-09-01T20:00:00+00:00,era5_max_wind,ERA5 10 m maximum,13.218217890005151,False,hourly mean,3
EP112025,Kiko (2025),without_era5,2025-09-01T21:00:00+00:00,era5_max_wind,ERA5 10 m maximum,13.273483270192832,False,hourly mean,3
EP112025,Kiko (2025),without_era5,2025-09-01T22:00:00+00:00,era5_max_wind,ERA5 10 m maximum,13.328748650380513,False,hourly mean,3
EP112025,Kiko (2025),without_era5,2025-09-01T23:00:00+00:00,era5_max_wind,ERA5 10 m maximum,13.328748650380513,False,hourly mean,3
EP112025,Kiko (2025),without_era5,2025-09-02T00:00:00+00:00,era5_max_wind,ERA5 10 m maximum,13.328748650380513,False,hourly mean,3
EP112025,Kiko (2025),without_era5,2025-09-02T01:00:00+00:00,era5_max_wind,ERA5 10 m maximum,13.328748650380513,False,hourly mean,3
EP112025,Kiko (2025),without_era5,2025-09-02T02:00:00+00:00,era5_max_wind,ERA5 10 m maximum,13.186601122240845,False,hourly mean,3
EP112025,Kiko (2025),without_era5,2025-09-02T03:00:00+00:00,era5_max_wind,ERA5 10 m maximum,13.044453594101178,False,hourly mean,3
EP112025,Kiko (2025),without_era5,2025-09-02T04:00:00+00:00,era5_max_wind,ERA5 10 m maximum,12.90230606596151,False,hourly mean,3
EP112025,Kiko (2025),without_era5,2025-09-02T05:00:00+00:00,era5_max_wind,ERA5 10 m maximum,12.90230606596151,False,hourly mean,3
EP112025,Kiko (2025),without_era5,2025-09-02T06:00:00+00:00,era5_max_wind,ERA5 10 m maximum,12.90230606596151,False,hourly mean,3
EP112025,Kiko (2025),without_era5,2025-09-02T07:00:00+00:00,era5_max_wind,ERA5 10 m maximum,12.90230606596151,False,hourly mean,3
EP112025,Kiko (2025),without_era5,2025-09-02T08:00:00+00:00,era5_max_wind,ERA5 10 m maximum,12.954231479279846,False,hourly mean,3
EP112025,Kiko (2025),without_era5,2025-09-02T09:00:00+00:00,era5_max_wind,ERA5 10 m maximum,13.00615689259818,False,hourly mean,3
EP112025,Kiko (2025),without_era5,2025-09-02T10:00:00+00:00,era5_max_wind,ERA5 10 m maximum,13.058082305916516,False,hourly mean,3
EP112025,Kiko (2025),without_era5,2025-09-02T11:00:00+00:00,era5_max_wind,ERA5 10 m maximum,13.058082305916516,False,hourly mean,3
EP112025,Kiko (2025),without_era5,2025-09-02T12:00:00+00:00,era5_max_wind,ERA5 10 m maximum,13.058082305916516,False,hourly mean,3
EP112025,Kiko (2025),without_era5,2025-09-02T13:00:00+00:00,era5_max_wind,ERA5 10 m maximum,13.058082305916516,False,hourly mean,3
EP112025,Kiko (2025),without_era5,2025-09-02T14:00:00+00:00,era5_max_wind,ERA5 10 m maximum,13.110392333979155,False,hourly mean,3
EP112025,Kiko (2025),without_era5,2025-09-02T15:00:00+00:00,era5_max_wind,ERA5 10 m maximum,13.16270236204179,False,hourly mean,3
EP112025,Kiko (2025),without_era5,2025-09-02T16:00:00+00:00,era5_max_wind,ERA5 10 m maximum,13.215012390104425,False,hourly mean,3
EP112025,Kiko (2025),without_era5,2025-09-02T17:00:00+00:00,era5_max_wind,ERA5 10 m maximum,13.215012390104425,False,hourly mean,3
EP112025,Kiko (2025),without_era5,2025-09-02T18:00:00+00:00,era5_max_wind,ERA5 10 m maximum,13.215012390104425,False,hourly mean,3
EP112025,Kiko (2025),without_era5,2025-09-02T19:00:00+00:00,era5_max_wind,ERA5 10 m maximum,13.215012390104425,False,hourly mean,3
EP112025,Kiko (2025),without_era5,2025-09-02T20:00:00+00:00,era5_max_wind,ERA5 10 m maximum,13.95248952079937,False,hourly mean,3
EP112025,Kiko (2025),without_era5,2025-09-02T21:00:00+00:00,era5_max_wind,ERA5 10 m maximum,14.689966651494316,True,hourly mean,3
EP112025,Kiko (2025),without_era5,2025-09-02T22:00:00+00:00,era5_max_wind,ERA5 10 m maximum,15.427443782189263,True,hourly mean,3
EP112025,Kiko (2025),without_era5,2025-09-02T23:00:00+00:00,era5_max_wind,ERA5 10 m maximum,15.427443782189263,True,hourly mean,3
EP112025,Kiko (2025),without_era5,2025-09-03T00:00:00+00:00,era5_max_wind,ERA5 10 m maximum,15.427443782189263,True,hourly mean,3
EP112025,Kiko (2025),without_era5,2025-09-03T01:00:00+00:00,era5_max_wind,ERA5 10 m maximum,15.427443782189263,True,hourly mean,3
EP112025,Kiko (2025),without_era5,2025-09-03T02:00:00+00:00,era5_max_wind,ERA5 10 m maximum,15.677023257077051,True,hourly mean,3
EP112025,Kiko (2025),without_era5,2025-09-03T03:00:00+00:00,era5_max_wind,ERA5 10 m maximum,15.92660273196484,False,hourly mean,3
EP112025,Kiko (2025),without_era5,2025-09-03T04:00:00+00:00,era5_max_wind,ERA5 10 m maximum,16.17618220685263,False,hourly mean,3
EP112025,Kiko (2025),without_era5,2025-09-03T05:00:00+00:00,era5_max_wind,ERA5 10 m maximum,16.17618220685263,False,hourly mean,3
EP112025,Kiko (2025),without_era5,2025-09-03T06:00:00+00:00,era5_max_wind,ERA5 10 m maximum,16.17618220685263,False,hourly mean,3
EP112025,Kiko (2025),without_era5,2025-09-03T07:00:00+00:00,era5_max_wind,ERA5 10 m maximum,16.17618220685263,False,hourly mean,3
EP112025,Kiko (2025),without_era5,2025-09-03T08:00:00+00:00,era5_max_wind,ERA5 10 m maximum,16.058039548871953,False,hourly mean,3
EP112025,Kiko (2025),without_era5,2025-09-03T09:00:00+00:00,era5_max_wind,ERA5 10 m maximum,15.939896890891278,False,hourly mean,3
EP112025,Kiko (2025),without_era5,2025-09-03T10:00:00+00:00,era5_max_wind,ERA5 10 m maximum,15.821754232910605,False,hourly mean,3
EP112025,Kiko (2025),without_era5,2025-09-03T11:00:00+00:00,era5_max_wind,ERA5 10 m maximum,15.821754232910605,False,hourly mean,3
EP112025,Kiko (2025),without_era5,2025-09-03T12:00:00+00:00,era5_max_wind,ERA5 10 m maximum,15.821754232910605,False,hourly mean,3
EP112025,Kiko (2025),without_era5,2025-09-03T13:00:00+00:00,era5_max_wind,ERA5 10 m maximum,15.821754232910605,False,hourly mean,3
EP112025,Kiko (2025),without_era5,2025-09-03T14:00:00+00:00,era5_max_wind,ERA5 10 m maximum,16.337442720765594,False,hourly mean,3
EP112025,Kiko (2025),without_era5,2025-09-03T15:00:00+00:00,era5_max_wind,ERA5 10 m maximum,16.853131208620585,False,hourly mean,3
EP112025,Kiko (2025),without_era5,2025-09-03T16:00:00+00:00,era5_max_wind,ERA5 10 m maximum,17.36881969647558,False,hourly mean,3
EP112025,Kiko (2025),without_era5,2025-09-03T17:00:00+00:00,era5_max_wind,ERA5 10 m maximum,17.36881969647558,False,hourly mean,3
EP112025,Kiko (2025),without_era5,2025-09-03T18:00:00+00:00,era5_max_wind,ERA5 10 m maximum,17.36881969647558,True,hourly mean,3
EP112025,Kiko (2025),without_era5,2025-09-03T19:00:00+00:00,era5_max_wind,ERA5 10 m maximum,17.36881969647558,True,hourly mean,3
EP112025,Kiko (2025),without_era5,2025-09-03T20:00:00+00:00,era5_max_wind,ERA5 10 m maximum,16.798853784462473,True,hourly mean,3
EP112025,Kiko (2025),without_era5,2025-09-03T21:00:00+00:00,era5_max_wind,ERA5 10 m maximum,16.22888787244937,True,hourly mean,3
EP112025,Kiko (2025),without_era5,2025-09-03T22:00:00+00:00,era5_max_wind,ERA5 10 m maximum,15.658921960436267,True,hourly mean,3
EP112025,Kiko (2025),without_era5,2025-09-03T23:00:00+00:00,era5_max_wind,ERA5 10 m maximum,15.658921960436267,True,hourly mean,3
EP112025,Kiko (2025),without_era5,2025-09-04T00:00:00+00:00,era5_max_wind,ERA5 10 m maximum,15.658921960436267,True,hourly mean,3
EP112025,Kiko (2025),without_era5,2025-09-04T01:00:00+00:00,era5_max_wind,ERA5 10 m maximum,15.658921960436267,True,hourly mean,3
EP112025,Kiko (2025),without_era5,2025-09-04T02:00:00+00:00,era5_max_wind,ERA5 10 m maximum,15.937214004777466,True,hourly mean,3
EP112025,Kiko (2025),without_era5,2025-09-04T03:00:00+00:00,era5_max_wind,ERA5 10 m maximum,16.21550604911867,True,hourly mean,3
EP112025,Kiko (2025),without_era5,2025-09-04T04:00:00+00:00,era5_max_wind,ERA5 10 m maximum,16.49379809345987,True,hourly mean,3
EP112025,Kiko (2025),without_era5,2025-09-04T05:00:00+00:00,era5_max_wind,ERA5 10 m maximum,16.49379809345987,True,hourly mean,3
EP112025,Kiko (2025),without_era5,2025-09-04T06:00:00+00:00,era5_max_wind,ERA5 10 m maximum,16.49379809345987,True,hourly mean,3
EP112025,Kiko (2025),without_era5,2025-09-04T07:00:00+00:00,era5_max_wind,ERA5 10 m maximum,16.49379809345987,True,hourly mean,3
EP112025,Kiko (2025),without_era5,2025-09-04T08:00:00+00:00,era5_max_wind,ERA5 10 m maximum,16.481189567180966,True,hourly mean,3
EP112025,Kiko (2025),without_era5,2025-09-04T09:00:00+00:00,era5_max_wind,ERA5 10 m maximum,16.468581040902063,False,hourly mean,3
EP112025,Kiko (2025),without_era5,2025-09-04T10:00:00+00:00,era5_max_wind,ERA5 10 m maximum,16.45597251462316,False,hourly mean,3
EP112025,Kiko (2025),without_era5,2025-09-04T11:00:00+00:00,era5_max_wind,ERA5 10 m maximum,16.45597251462316,False,hourly mean,3
EP112025,Kiko (2025),without_era5,2025-09-04T12:00:00+00:00,era5_max_wind,ERA5 10 m maximum,16.45597251462316,False,hourly mean,3
EP112025,Kiko (2025),without_era5,2025-09-04T13:00:00+00:00,era5_max_wind,ERA5 10 m maximum,16.45597251462316,False,hourly mean,3
EP112025,Kiko (2025),without_era5,2025-09-04T14:00:00+00:00,era5_max_wind,ERA5 10 m maximum,16.64234827454353,False,hourly mean,3
EP112025,Kiko (2025),without_era5,2025-09-04T15:00:00+00:00,era5_max_wind,ERA5 10 m maximum,16.8287240344639,False,hourly mean,3
EP112025,Kiko (2025),without_era5,2025-09-04T16:00:00+00:00,era5_max_wind,ERA5 10 m maximum,17.015099794384273,False,hourly mean,3
EP112025,Kiko (2025),without_era5,2025-09-04T17:00:00+00:00,era5_max_wind,ERA5 10 m maximum,17.015099794384273,False,hourly mean,3
EP112025,Kiko (2025),without_era5,2025-09-04T18:00:00+00:00,era5_max_wind,ERA5 10 m maximum,17.015099794384273,False,hourly mean,3
EP112025,Kiko (2025),without_era5,2025-09-04T19:00:00+00:00,era5_max_wind,ERA5 10 m maximum,17.015099794384273,False,hourly mean,3
EP112025,Kiko (2025),without_era5,2025-09-04T20:00:00+00:00,era5_max_wind,ERA5 10 m maximum,16.72878206946128,False,hourly mean,3
EP112025,Kiko (2025),without_era5,2025-09-04T21:00:00+00:00,era5_max_wind,ERA5 10 m maximum,16.44246434453829,False,hourly mean,3
EP112025,Kiko (2025),without_era5,2025-09-04T22:00:00+00:00,era5_max_wind,ERA5 10 m maximum,16.156146619615296,False,hourly mean,3
EP112025,Kiko (2025),without_era5,2025-09-04T23:00:00+00:00,era5_max_wind,ERA5 10 m maximum,16.156146619615296,False,hourly mean,3
EP112025,Kiko (2025),without_era5,2025-09-05T00:00:00+00:00,era5_max_wind,ERA5 10 m maximum,16.156146619615296,False,hourly mean,3
EP112025,Kiko (2025),without_era5,2025-09-05T01:00:00+00:00,era5_max_wind,ERA5 10 m maximum,16.156146619615296,False,hourly mean,3
EP112025,Kiko (2025),without_era5,2025-09-05T02:00:00+00:00,era5_max_wind,ERA5 10 m maximum,15.673199732952307,False,hourly mean,3
EP112025,Kiko (2025),without_era5,2025-09-05T03:00:00+00:00,era5_max_wind,ERA5 10 m maximum,15.190252846289324,False,hourly mean,3
EP112025,Kiko (2025),without_era5,2025-09-05T04:00:00+00:00,era5_max_wind,ERA5 10 m maximum,14.70730595962634,False,hourly mean,3
EP112025,Kiko (2025),without_era5,2025-09-05T05:00:00+00:00,era5_max_wind,ERA5 10 m maximum,14.70730595962634,False,hourly mean,3
EP112025,Kiko (2025),without_era5,2025-09-05T06:00:00+00:00,era5_max_wind,ERA5 10 m maximum,14.70730595962634,False,hourly mean,3
EP112025,Kiko (2025),without_era5,2025-09-05T07:00:00+00:00,era5_max_wind,ERA5 10 m maximum,14.70730595962634,False,hourly mean,3
EP112025,Kiko (2025),without_era5,2025-09-05T08:00:00+00:00,era5_max_wind,ERA5 10 m maximum,14.96783172978578,False,hourly mean,3
EP112025,Kiko (2025),without_era5,2025-09-05T09:00:00+00:00,era5_max_wind,ERA5 10 m maximum,15.228357499945224,False,hourly mean,3
EP112025,Kiko (2025),without_era5,2025-09-05T10:00:00+00:00,era5_max_wind,ERA5 10 m maximum,15.488883270104665,False,hourly mean,3
EP112025,Kiko (2025),without_era5,2025-09-05T11:00:00+00:00,era5_max_wind,ERA5 10 m maximum,15.488883270104665,False,hourly mean,3
EP112025,Kiko (2025),without_era5,2025-09-05T12:00:00+00:00,era5_max_wind,ERA5 10 m maximum,15.488883270104665,False,hourly mean,3
EP112025,Kiko (2025),without_era5,2025-09-05T13:00:00+00:00,era5_max_wind,ERA5 10 m maximum,15.488883270104665,False,hourly mean,3
EP112025,Kiko (2025),without_era5,2025-09-05T14:00:00+00:00,era5_max_wind,ERA5 10 m maximum,15.588128733066824,False,hourly mean,3
EP112025,Kiko (2025),without_era5,2025-09-05T15:00:00+00:00,era5_max_wind,ERA5 10 m maximum,15.687374196028989,False,hourly mean,3
EP112025,Kiko (2025),without_era5,2025-09-05T16:00:00+00:00,era5_max_wind,ERA5 10 m maximum,15.78661965899115,False,hourly mean,3
EP112025,Kiko (2025),without_era5,2025-09-05T17:00:00+00:00,era5_max_wind,ERA5 10 m maximum,15.78661965899115,False,hourly mean,3
EP112025,Kiko (2025),without_era5,2025-09-05T18:00:00+00:00,era5_max_wind,ERA5 10 m maximum,15.78661965899115,False,hourly mean,3
EP112025,Kiko (2025),without_era5,2025-09-05T19:00:00+00:00,era5_max_wind,ERA5 10 m maximum,15.78661965899115,False,hourly mean,3
EP112025,Kiko (2025),without_era5,2025-09-05T20:00:00+00:00,era5_max_wind,ERA5 10 m maximum,15.689868124566479,False,hourly mean,3
EP112025,Kiko (2025),without_era5,2025-09-05T21:00:00+00:00,era5_max_wind,ERA5 10 m maximum,15.593116590141804,False,hourly mean,3
EP112025,Kiko (2025),without_era5,2025-09-05T22:00:00+00:00,era5_max_wind,ERA5 10 m maximum,15.496365055717135,False,hourly mean,3
EP112025,Kiko (2025),without_era5,2025-09-05T23:00:00+00:00,era5_max_wind,ERA5 10 m maximum,15.496365055717135,False,hourly mean,3
EP112025,Kiko (2025),without_era5,2025-09-06T00:00:00+00:00,era5_max_wind,ERA5 10 m maximum,15.496365055717135,False,hourly mean,3
EP112025,Kiko (2025),without_era5,2025-09-06T01:00:00+00:00,era5_max_wind,ERA5 10 m maximum,15.496365055717135,False,hourly mean,3
EP112025,Kiko (2025),without_era5,2025-09-06T02:00:00+00:00,era5_max_wind,ERA5 10 m maximum,15.240499106992496,False,hourly mean,3
EP112025,Kiko (2025),without_era5,2025-09-06T03:00:00+00:00,era5_max_wind,ERA5 10 m maximum,14.98463315826786,False,hourly mean,3
EP112025,Kiko (2025),without_era5,2025-09-06T04:00:00+00:00,era5_max_wind,ERA5 10 m maximum,14.728767209543221,False,hourly mean,3
EP112025,Kiko (2025),without_era5,2025-09-06T05:00:00+00:00,era5_max_wind,ERA5 10 m maximum,14.728767209543221,False,hourly mean,3
EP112025,Kiko (2025),without_era5,2025-09-06T06:00:00+00:00,era5_max_wind,ERA5 10 m maximum,14.728767209543221,False,hourly mean,3
EP112025,Kiko (2025),without_era5,2025-09-06T07:00:00+00:00,era5_max_wind,ERA5 10 m maximum,14.728767209543221,False,hourly mean,3
EP112025,Kiko (2025),without_era5,2025-09-06T08:00:00+00:00,era5_max_wind,ERA5 10 m maximum,15.054282887811043,False,hourly mean,3
EP112025,Kiko (2025),without_era5,2025-09-06T09:00:00+00:00,era5_max_wind,ERA5 10 m maximum,15.379798566078867,False,hourly mean,3
EP112025,Kiko (2025),without_era5,2025-09-06T10:00:00+00:00,era5_max_wind,ERA5 10 m maximum,15.70531424434669,False,hourly mean,3
EP112025,Kiko (2025),without_era5,2025-09-06T11:00:00+00:00,era5_max_wind,ERA5 10 m maximum,15.70531424434669,False,hourly mean,3
EP112025,Kiko (2025),without_era5,2025-09-06T12:00:00+00:00,era5_max_wind,ERA5 10 m maximum,15.70531424434669,False,hourly mean,3
EP112025,Kiko (2025),without_era5,2025-09-06T13:00:00+00:00,era5_max_wind,ERA5 10 m maximum,15.70531424434669,False,hourly mean,3
EP112025,Kiko (2025),without_era5,2025-09-06T14:00:00+00:00,era5_max_wind,ERA5 10 m maximum,15.878238303481544,False,hourly mean,3
EP112025,Kiko (2025),without_era5,2025-09-06T15:00:00+00:00,era5_max_wind,ERA5 10 m maximum,16.0511623626164,False,hourly mean,3
EP112025,Kiko (2025),without_era5,2025-09-06T16:00:00+00:00,era5_max_wind,ERA5 10 m maximum,16.224086421751252,False,hourly mean,3
EP112025,Kiko (2025),without_era5,2025-09-06T17:00:00+00:00,era5_max_wind,ERA5 10 m maximum,16.224086421751252,False,hourly mean,3
EP112025,Kiko (2025),without_era5,2025-09-06T18:00:00+00:00,era5_max_wind,ERA5 10 m maximum,16.224086421751252,False,hourly mean,3
EP112025,Kiko (2025),without_era5,2025-09-06T19:00:00+00:00,era5_max_wind,ERA5 10 m maximum,16.224086421751252,False,hourly mean,3
EP112025,Kiko (2025),without_era5,2025-09-06T20:00:00+00:00,era5_max_wind,ERA5 10 m maximum,16.434399731578036,False,hourly mean,3
EP112025,Kiko (2025),without_era5,2025-09-06T21:00:00+00:00,era5_max_wind,ERA5 10 m maximum,16.64471304140482,False,hourly mean,3
EP112025,Kiko (2025),without_era5,2025-09-06T22:00:00+00:00,era5_max_wind,ERA5 10 m maximum,16.855026351231608,False,hourly mean,3
EP112025,Kiko (2025),without_era5,2025-09-06T23:00:00+00:00,era5_max_wind,ERA5 10 m maximum,16.855026351231608,False,hourly mean,3
EP112025,Kiko (2025),without_era5,2025-09-07T00:00:00+00:00,era5_max_wind,ERA5 10 m maximum,16.855026351231608,False,hourly mean,3
EP112025,Kiko (2025),without_era5,2025-09-07T01:00:00+00:00,era5_max_wind,ERA5 10 m maximum,16.855026351231608,False,hourly mean,3
EP112025,Kiko (2025),without_era5,2025-09-07T02:00:00+00:00,era5_max_wind,ERA5 10 m maximum,16.85019041444384,False,hourly mean,3
EP112025,Kiko (2025),without_era5,2025-09-07T03:00:00+00:00,era5_max_wind,ERA5 10 m maximum,16.84535447765607,False,hourly mean,3
EP112025,Kiko (2025),without_era5,2025-09-07T04:00:00+00:00,era5_max_wind,ERA5 10 m maximum,16.840518540868306,False,hourly mean,3
EP112025,Kiko (2025),without_era5,2025-09-07T05:00:00+00:00,era5_max_wind,ERA5 10 m maximum,16.840518540868306,False,hourly mean,3
EP112025,Kiko (2025),without_era5,2025-09-07T06:00:00+00:00,era5_max_wind,ERA5 10 m maximum,16.840518540868306,False,hourly mean,3
EP112025,Kiko (2025),without_era5,2025-09-07T07:00:00+00:00,era5_max_wind,ERA5 10 m maximum,16.840518540868306,False,hourly mean,3
EP112025,Kiko (2025),without_era5,2025-09-07T08:00:00+00:00,era5_max_wind,ERA5 10 m maximum,17.238440877868122,False,hourly mean,3
EP112025,Kiko (2025),without_era5,2025-09-07T09:00:00+00:00,era5_max_wind,ERA5 10 m maximum,17.63636321486794,False,hourly mean,3
EP112025,Kiko (2025),without_era5,2025-09-07T10:00:00+00:00,era5_max_wind,ERA5 10 m maximum,18.03428555186776,False,hourly mean,3
EP112025,Kiko (2025),without_era5,2025-09-07T11:00:00+00:00,era5_max_wind,ERA5 10 m maximum,18.03428555186776,False,hourly mean,3
EP112025,Kiko (2025),without_era5,2025-09-07T12:00:00+00:00,era5_max_wind,ERA5 10 m maximum,18.03428555186776,False,hourly mean,3
EP112025,Kiko (2025),without_era5,2025-09-07T13:00:00+00:00,era5_max_wind,ERA5 10 m maximum,18.03428555186776,False,hourly mean,3
EP112025,Kiko (2025),without_era5,2025-09-07T14:00:00+00:00,era5_max_wind,ERA5 10 m maximum,18.20084399082301,False,hourly mean,3
EP112025,Kiko (2025),without_era5,2025-09-07T15:00:00+00:00,era5_max_wind,ERA5 10 m maximum,18.36740242977826,False,hourly mean,3
EP112025,Kiko (2025),without_era5,2025-09-07T16:00:00+00:00,era5_max_wind,ERA5 10 m maximum,18.53396086873351,False,hourly mean,3
EP112025,Kiko (2025),without_era5,2025-09-07T17:00:00+00:00,era5_max_wind,ERA5 10 m maximum,18.53396086873351,False,hourly mean,3
EP112025,Kiko (2025),without_era5,2025-09-07T18:00:00+00:00,era5_max_wind,ERA5 10 m maximum,18.53396086873351,False,hourly mean,3
EP112025,Kiko (2025),without_era5,2025-09-07T19:00:00+00:00,era5_max_wind,ERA5 10 m maximum,18.53396086873351,False,hourly mean,3
EP112025,Kiko (2025),without_era5,2025-09-07T20:00:00+00:00,era5_max_wind,ERA5 10 m maximum,18.187168579405185,False,hourly mean,3
EP112025,Kiko (2025),without_era5,2025-09-07T21:00:00+00:00,era5_max_wind,ERA5 10 m maximum,17.840376290076865,False,hourly mean,3
EP112025,Kiko (2025),without_era5,2025-09-07T22:00:00+00:00,era5_max_wind,ERA5 10 m maximum,17.493584000748545,False,hourly mean,3
EP112025,Kiko (2025),without_era5,2025-09-07T23:00:00+00:00,era5_max_wind,ERA5 10 m maximum,17.493584000748545,False,hourly mean,3
EP112025,Kiko (2025),without_era5,2025-09-08T00:00:00+00:00,era5_max_wind,ERA5 10 m maximum,17.493584000748545,False,hourly mean,3
EP112025,Kiko (2025),without_era5,2025-09-08T01:00:00+00:00,era5_max_wind,ERA5 10 m maximum,17.493584000748545,False,hourly mean,3
EP112025,Kiko (2025),without_era5,2025-09-08T02:00:00+00:00,era5_max_wind,ERA5 10 m maximum,18.18845061031807,False,hourly mean,3
EP112025,Kiko (2025),without_era5,2025-09-08T03:00:00+00:00,era5_max_wind,ERA5 10 m maximum,18.883317219887605,False,hourly mean,3
EP112025,Kiko (2025),without_era5,2025-09-08T04:00:00+00:00,era5_max_wind,ERA5 10 m maximum,19.578183829457135,False,hourly mean,3
EP112025,Kiko (2025),without_era5,2025-09-08T05:00:00+00:00,era5_max_wind,ERA5 10 m maximum,19.578183829457135,False,hourly mean,3
EP112025,Kiko (2025),without_era5,2025-09-08T06:00:00+00:00,era5_max_wind,ERA5 10 m maximum,19.578183829457135,False,hourly mean,3
EP112025,Kiko (2025),without_era5,2025-09-08T07:00:00+00:00,era5_max_wind,ERA5 10 m maximum,19.578183829457135,False,hourly mean,3
EP112025,Kiko (2025),without_era5,2025-09-08T08:00:00+00:00,era5_max_wind,ERA5 10 m maximum,20.451479334853754,False,hourly mean,3
EP112025,Kiko (2025),without_era5,2025-09-08T09:00:00+00:00,era5_max_wind,ERA5 10 m maximum,21.324774840250377,False,hourly mean,3
EP112025,Kiko (2025),without_era5,2025-09-08T10:00:00+00:00,era5_max_wind,ERA5 10 m maximum,22.198070345647,False,hourly mean,3
EP112025,Kiko (2025),without_era5,2025-09-08T11:00:00+00:00,era5_max_wind,ERA5 10 m maximum,22.198070345647,False,hourly mean,3
EP112025,Kiko (2025),without_era5,2025-09-08T12:00:00+00:00,era5_max_wind,ERA5 10 m maximum,22.198070345647,False,hourly mean,3
EP112025,Kiko (2025),without_era5,2025-09-08T13:00:00+00:00,era5_max_wind,ERA5 10 m maximum,22.198070345647,False,hourly mean,3
EP112025,Kiko (2025),without_era5,2025-09-08T14:00:00+00:00,era5_max_wind,ERA5 10 m maximum,22.061768838029085,False,hourly mean,3
EP112025,Kiko (2025),without_era5,2025-09-08T15:00:00+00:00,era5_max_wind,ERA5 10 m maximum,21.92546733041117,False,hourly mean,3
EP112025,Kiko (2025),without_era5,2025-09-08T16:00:00+00:00,era5_max_wind,ERA5 10 m maximum,21.789165822793255,False,hourly mean,3
EP112025,Kiko (2025),without_era5,2025-09-08T17:00:00+00:00,era5_max_wind,ERA5 10 m maximum,21.789165822793255,False,hourly mean,3
EP112025,Kiko (2025),without_era5,2025-09-08T18:00:00+00:00,era5_max_wind,ERA5 10 m maximum,21.789165822793255,False,hourly mean,3
EP112025,Kiko (2025),without_era5,2025-09-08T19:00:00+00:00,era5_max_wind,ERA5 10 m maximum,21.789165822793255,False,hourly mean,3
EP112025,Kiko (2025),without_era5,2025-09-08T20:00:00+00:00,era5_max_wind,ERA5 10 m maximum,20.850524664602517,False,hourly mean,3
EP112025,Kiko (2025),without_era5,2025-09-08T21:00:00+00:00,era5_max_wind,ERA5 10 m maximum,19.91188350641178,False,hourly mean,3
EP112025,Kiko (2025),without_era5,2025-09-08T22:00:00+00:00,era5_max_wind,ERA5 10 m maximum,18.973242348221046,False,hourly mean,3
EP112025,Kiko (2025),without_era5,2025-09-08T23:00:00+00:00,era5_max_wind,ERA5 10 m maximum,18.973242348221046,False,hourly mean,3
EP112025,Kiko (2025),without_era5,2025-09-09T00:00:00+00:00,era5_max_wind,ERA5 10 m maximum,18.973242348221046,False,hourly mean,3
EP112025,Kiko (2025),without_era5,2025-09-09T01:00:00+00:00,era5_max_wind,ERA5 10 m maximum,18.973242348221046,False,hourly mean,3
EP112025,Kiko (2025),without_era5,2025-09-09T02:00:00+00:00,era5_max_wind,ERA5 10 m maximum,18.87186289705285,False,hourly mean,3
EP112025,Kiko (2025),without_era5,2025-09-09T03:00:00+00:00,era5_max_wind,ERA5 10 m maximum,18.77048344588466,False,hourly mean,3
EP112025,Kiko (2025),without_era5,2025-09-09T04:00:00+00:00,era5_max_wind,ERA5 10 m maximum,18.66910399471647,False,hourly mean,3
EP112025,Kiko (2025),without_era5,2025-09-09T05:00:00+00:00,era5_max_wind,ERA5 10 m maximum,18.66910399471647,False,hourly mean,3
EP112025,Kiko (2025),without_era5,2025-09-09T06:00:00+00:00,era5_max_wind,ERA5 10 m maximum,18.66910399471647,False,hourly mean,3
EP112025,Kiko (2025),without_era5,2025-09-09T07:00:00+00:00,era5_max_wind,ERA5 10 m maximum,18.66910399471647,False,hourly mean,3
EP112025,Kiko (2025),without_era5,2025-09-09T08:00:00+00:00,era5_max_wind,ERA5 10 m maximum,18.497284395405735,False,hourly mean,3
EP112025,Kiko (2025),without_era5,2025-09-09T09:00:00+00:00,era5_max_wind,ERA5 10 m maximum,18.325464796095005,False,hourly mean,3
EP112025,Kiko (2025),without_era5,2025-09-09T10:00:00+00:00,era5_max_wind,ERA5 10 m maximum,18.153645196784275,False,hourly mean,3
EP112025,Kiko (2025),without_era5,2025-09-09T11:00:00+00:00,era5_max_wind,ERA5 10 m maximum,18.153645196784275,False,hourly mean,3
EP112025,Kiko (2025),without_era5,2025-09-09T12:00:00+00:00,era5_max_wind,ERA5 10 m maximum,18.153645196784275,False,hourly mean,3
EP112025,Kiko (2025),without_era5,2025-09-09T13:00:00+00:00,era5_max_wind,ERA5 10 m maximum,18.153645196784275,False,hourly mean,3
EP112025,Kiko (2025),without_era5,2025-09-09T14:00:00+00:00,era5_max_wind,ERA5 10 m maximum,17.700038563092324,False,hourly mean,3
EP112025,Kiko (2025),without_era5,2025-09-09T15:00:00+00:00,era5_max_wind,ERA5 10 m maximum,17.24643192940037,False,hourly mean,3
EP112025,Kiko (2025),without_era5,2025-09-09T16:00:00+00:00,era5_max_wind,ERA5 10 m maximum,16.79282529570842,False,hourly mean,3
EP112025,Kiko (2025),without_era5,2025-09-09T17:00:00+00:00,era5_max_wind,ERA5 10 m maximum,16.79282529570842,False,hourly mean,3
EP112025,Kiko (2025),without_era5,2025-09-09T18:00:00+00:00,era5_max_wind,ERA5 10 m maximum,16.79282529570842,False,hourly mean,3
EP112025,Kiko (2025),without_era5,2025-09-09T19:00:00+00:00,era5_max_wind,ERA5 10 m maximum,16.79282529570842,False,hourly mean,3
EP112025,Kiko (2025),without_era5,2025-09-09T20:00:00+00:00,era5_max_wind,ERA5 10 m maximum,16.37948263038081,False,hourly mean,3
EP112025,Kiko (2025),without_era5,2025-09-09T21:00:00+00:00,era5_max_wind,ERA5 10 m maximum,15.966139965053202,False,hourly mean,3
EP112025,Kiko (2025),without_era5,2025-09-09T22:00:00+00:00,era5_max_wind,ERA5 10 m maximum,15.552797299725595,False,hourly mean,3
EP112025,Kiko (2025),without_era5,2025-09-09T23:00:00+00:00,era5_max_wind,ERA5 10 m maximum,15.552797299725595,False,hourly mean,3
EP112025,Kiko (2025),without_era5,2025-09-10T00:00:00+00:00,era5_max_wind,ERA5 10 m maximum,15.552797299725595,False,hourly mean,3
EP112025,Kiko (2025),without_era5,2025-09-10T01:00:00+00:00,era5_max_wind,ERA5 10 m maximum,15.552797299725595,False,hourly mean,3
EP112025,Kiko (2025),without_era5,2025-09-10T02:00:00+00:00,era5_max_wind,ERA5 10 m maximum,15.297605716865467,False,hourly mean,3
EP112025,Kiko (2025),without_era5,2025-09-10T03:00:00+00:00,era5_max_wind,ERA5 10 m maximum,15.042414134005336,False,hourly mean,3
EP112025,Kiko (2025),without_era5,2025-09-10T04:00:00+00:00,era5_max_wind,ERA5 10 m maximum,14.787222551145211,False,hourly mean,3
EP112025,Kiko (2025),without_era5,2025-09-10T05:00:00+00:00,era5_max_wind,ERA5 10 m maximum,14.787222551145211,False,hourly mean,3
EP112025,Kiko (2025),without_era5,2025-09-10T06:00:00+00:00,era5_max_wind,ERA5 10 m maximum,14.787222551145211,False,hourly mean,3
EP112025,Kiko (2025),without_era5,2025-09-10T07:00:00+00:00,era5_max_wind,ERA5 10 m maximum,14.787222551145211,False,hourly mean,3
EP112025,Kiko (2025),without_era5,2025-09-10T08:00:00+00:00,era5_max_wind,ERA5 10 m maximum,14.62461160520432,False,hourly mean,3
EP112025,Kiko (2025),without_era5,2025-09-10T09:00:00+00:00,era5_max_wind,ERA5 10 m maximum,14.469408317990002,False,hourly mean,3
EP112025,Kiko (2025),without_era5,2025-09-10T10:00:00+00:00,era5_max_wind,ERA5 10 m maximum,14.314205030775689,False,hourly mean,3
EP112025,Kiko (2025),without_era5,2025-09-10T11:00:00+00:00,era5_max_wind,ERA5 10 m maximum,14.321612689502265,False,hourly mean,3
EP112025,Kiko (2025),without_era5,2025-09-10T12:00:00+00:00,era5_max_wind,ERA5 10 m maximum,14.321612689502265,False,hourly mean,3
EP112025,Kiko (2025),without_era5,2025-09-10T13:00:00+00:00,era5_max_wind,ERA5 10 m maximum,14.321612689502265,False,hourly mean,3
EP112025,Kiko (2025),without_era5,2025-09-10T14:00:00+00:00,era5_max_wind,ERA5 10 m maximum,14.321612689502265,False,hourly mean,3
EP112025,Kiko (2025),without_era5,2025-09-10T15:00:00+00:00,era5_max_wind,ERA5 10 m maximum,14.321612689502265,False,hourly mean,3
EP112025,Kiko (2025),without_era5,2025-09-10T16:00:00+00:00,era5_max_wind,ERA5 10 m maximum,14.321612689502265,False,hourly mean,3
EP112025,Kiko (2025),without_era5,2025-09-10T17:00:00+00:00,era5_max_wind,ERA5 10 m maximum,14.321612689502265,False,hourly mean,3
EP112025,Kiko (2025),without_era5,2025-09-10T18:00:00+00:00,era5_max_wind,ERA5 10 m maximum,14.321612689502265,False,hourly mean,3
EP112025,Kiko (2025),without_era5,2025-09-10T19:00:00+00:00,era5_max_wind,ERA5 10 m maximum,14.321612689502265,False,hourly mean,3
EP112025,Kiko (2025),without_era5,2025-09-10T20:00:00+00:00,era5_max_wind,ERA5 10 m maximum,14.321612689502265,False,hourly mean,3
EP112025,Kiko (2025),without_era5,2025-09-10T21:00:00+00:00,era5_max_wind,ERA5 10 m maximum,14.321612689502265,False,hourly mean,3
EP112025,Kiko (2025),without_era5,2025-09-10T22:00:00+00:00,era5_max_wind,ERA5 10 m maximum,14.321612689502265,False,hourly mean,3
EP112025,Kiko (2025),without_era5,2025-09-10T23:00:00+00:00,era5_max_wind,ERA5 10 m maximum,14.321612689502265,False,hourly mean,3
EP112025,Kiko (2025),without_era5,2025-08-31T00:00:00+00:00,unet_raw,Raw field U-Net,25.167248566945396,False,hourly mean,3
EP112025,Kiko (2025),without_era5,2025-08-31T01:00:00+00:00,unet_raw,Raw field U-Net,25.00656233893501,False,hourly mean,3
EP112025,Kiko (2025),without_era5,2025-08-31T02:00:00+00:00,unet_raw,Raw field U-Net,24.35894415113661,False,hourly mean,3
EP112025,Kiko (2025),without_era5,2025-08-31T03:00:00+00:00,unet_raw,Raw field U-Net,23.599268383449978,False,hourly mean,3
EP112025,Kiko (2025),without_era5,2025-08-31T04:00:00+00:00,unet_raw,Raw field U-Net,23.305901209513348,False,hourly mean,3
EP112025,Kiko (2025),without_era5,2025-08-31T05:00:00+00:00,unet_raw,Raw field U-Net,23.33567227257623,False,hourly mean,3
EP112025,Kiko (2025),without_era5,2025-08-31T06:00:00+00:00,unet_raw,Raw field U-Net,23.083005905151367,False,hourly mean,3
EP112025,Kiko (2025),without_era5,2025-08-31T07:00:00+00:00,unet_raw,Raw field U-Net,22.855081664191356,False,hourly mean,3
EP112025,Kiko (2025),without_era5,2025-08-31T08:00:00+00:00,unet_raw,Raw field U-Net,25.149527973598904,False,hourly mean,3
EP112025,Kiko (2025),without_era5,2025-08-31T09:00:00+00:00,unet_raw,Raw field U-Net,28.25241544511583,False,hourly mean,3
EP112025,Kiko (2025),without_era5,2025-08-31T10:00:00+00:00,unet_raw,Raw field U-Net,31.195439338684082,False,hourly mean,3
EP112025,Kiko (2025),without_era5,2025-08-31T11:00:00+00:00,unet_raw,Raw field U-Net,31.603767183091904,False,hourly mean,3
EP112025,Kiko (2025),without_era5,2025-08-31T12:00:00+00:00,unet_raw,Raw field U-Net,31.10988065931532,False,hourly mean,3
EP112025,Kiko (2025),without_era5,2025-08-31T13:00:00+00:00,unet_raw,Raw field U-Net,28.721381611294216,False,hourly mean,3
EP112025,Kiko (2025),without_era5,2025-08-31T14:00:00+00:00,unet_raw,Raw field U-Net,26.661140018039276,False,hourly mean,3
EP112025,Kiko (2025),without_era5,2025-08-31T15:00:00+00:00,unet_raw,Raw field U-Net,25.553274048699276,False,hourly mean,3
EP112025,Kiko (2025),without_era5,2025-08-31T16:00:00+00:00,unet_raw,Raw field U-Net,25.767001787821453,False,hourly mean,3
EP112025,Kiko (2025),without_era5,2025-08-31T17:00:00+00:00,unet_raw,Raw field U-Net,26.26951429578993,False,hourly mean,3
EP112025,Kiko (2025),without_era5,2025-08-31T18:00:00+00:00,unet_raw,Raw field U-Net,27.128743489583332,False,hourly mean,3
EP112025,Kiko (2025),without_era5,2025-08-31T19:00:00+00:00,unet_raw,Raw field U-Net,28.511204613579647,False,hourly mean,3
EP112025,Kiko (2025),without_era5,2025-08-31T20:00:00+00:00,unet_raw,Raw field U-Net,30.534951210021973,False,hourly mean,3
EP112025,Kiko (2025),without_era5,2025-08-31T21:00:00+00:00,unet_raw,Raw field U-Net,31.532120068868,False,hourly mean,3
EP112025,Kiko (2025),without_era5,2025-08-31T22:00:00+00:00,unet_raw,Raw field U-Net,32.85598670111762,False,hourly mean,3
EP112025,Kiko (2025),without_era5,2025-08-31T23:00:00+00:00,unet_raw,Raw field U-Net,33.90939140319824,False,hourly mean,3
EP112025,Kiko (2025),without_era5,2025-09-01T00:00:00+00:00,unet_raw,Raw field U-Net,36.102684020996094,False,hourly mean,3
EP112025,Kiko (2025),without_era5,2025-09-01T01:00:00+00:00,unet_raw,Raw field U-Net,36.308658811781136,False,hourly mean,3
EP112025,Kiko (2025),without_era5,2025-09-01T02:00:00+00:00,unet_raw,Raw field U-Net,33.94153361850314,False,hourly mean,3
EP112025,Kiko (2025),without_era5,2025-09-01T03:00:00+00:00,unet_raw,Raw field U-Net,29.85393174489339,False,hourly mean,3
EP112025,Kiko (2025),without_era5,2025-09-01T04:00:00+00:00,unet_raw,Raw field U-Net,28.376815372043186,False,hourly mean,3
EP112025,Kiko (2025),without_era5,2025-09-01T05:00:00+00:00,unet_raw,Raw field U-Net,29.61213567521837,False,hourly mean,3
EP112025,Kiko (2025),without_era5,2025-09-01T06:00:00+00:00,unet_raw,Raw field U-Net,31.71947881910536,False,hourly mean,3
EP112025,Kiko (2025),without_era5,2025-09-01T07:00:00+00:00,unet_raw,Raw field U-Net,32.38446172078451,False,hourly mean,3
EP112025,Kiko (2025),without_era5,2025-09-01T08:00:00+00:00,unet_raw,Raw field U-Net,31.98359955681695,False,hourly mean,3
EP112025,Kiko (2025),without_era5,2025-09-01T09:00:00+00:00,unet_raw,Raw field U-Net,31.80238840315077,False,hourly mean,3
EP112025,Kiko (2025),without_era5,2025-09-01T10:00:00+00:00,unet_raw,Raw field U-Net,32.06629519992404,False,hourly mean,3
EP112025,Kiko (2025),without_era5,2025-09-01T11:00:00+00:00,unet_raw,Raw field U-Net,34.96270783742269,False,hourly mean,3
EP112025,Kiko (2025),without_era5,2025-09-01T12:00:00+00:00,unet_raw,Raw field U-Net,37.830877727932396,False,hourly mean,3
EP112025,Kiko (2025),without_era5,2025-09-01T13:00:00+00:00,unet_raw,Raw field U-Net,38.55298656887478,False,hourly mean,3
EP112025,Kiko (2025),without_era5,2025-09-01T14:00:00+00:00,unet_raw,Raw field U-Net,36.25384224785699,False,hourly mean,3
EP112025,Kiko (2025),without_era5,2025-09-01T15:00:00+00:00,unet_raw,Raw field U-Net,34.041871812608505,False,hourly mean,3
EP112025,Kiko (2025),without_era5,2025-09-01T16:00:00+00:00,unet_raw,Raw field U-Net,33.44401952955457,False,hourly mean,3
EP112025,Kiko (2025),without_era5,2025-09-01T17:00:00+00:00,unet_raw,Raw field U-Net,32.650375048319496,False,hourly mean,3
EP112025,Kiko (2025),without_era5,2025-09-01T18:00:00+00:00,unet_raw,Raw field U-Net,31.610748926798504,False,hourly mean,3
EP112025,Kiko (2025),without_era5,2025-09-01T19:00:00+00:00,unet_raw,Raw field U-Net,31.074389033847382,False,hourly mean,3
EP112025,Kiko (2025),without_era5,2025-09-01T20:00:00+00:00,unet_raw,Raw field U-Net,31.293061468336315,False,hourly mean,3
EP112025,Kiko (2025),without_era5,2025-09-01T21:00:00+00:00,unet_raw,Raw field U-Net,32.030974494086365,False,hourly mean,3
EP112025,Kiko (2025),without_era5,2025-09-01T22:00:00+00:00,unet_raw,Raw field U-Net,31.4363842010498,False,hourly mean,3
EP112025,Kiko (2025),without_era5,2025-09-01T23:00:00+00:00,unet_raw,Raw field U-Net,31.441077444288464,False,hourly mean,3
EP112025,Kiko (2025),without_era5,2025-09-02T00:00:00+00:00,unet_raw,Raw field U-Net,32.28595786624484,False,hourly mean,3
EP112025,Kiko (2025),without_era5,2025-09-02T01:00:00+00:00,unet_raw,Raw field U-Net,34.196425120035805,False,hourly mean,3
EP112025,Kiko (2025),without_era5,2025-09-02T02:00:00+00:00,unet_raw,Raw field U-Net,33.716144455803764,False,hourly mean,3
EP112025,Kiko (2025),without_era5,2025-09-02T03:00:00+00:00,unet_raw,Raw field U-Net,32.22413550482855,False,hourly mean,3
EP112025,Kiko (2025),without_era5,2025-09-02T04:00:00+00:00,unet_raw,Raw field U-Net,32.48258399963378,False,hourly mean,3
EP112025,Kiko (2025),without_era5,2025-09-02T05:00:00+00:00,unet_raw,Raw field U-Net,33.96688662634955,False,hourly mean,3
EP112025,Kiko (2025),without_era5,2025-09-02T06:00:00+00:00,unet_raw,Raw field U-Net,34.93137423197428,False,hourly mean,3
EP112025,Kiko (2025),without_era5,2025-09-02T07:00:00+00:00,unet_raw,Raw field U-Net,34.10781627231174,False,hourly mean,3
EP112025,Kiko (2025),without_era5,2025-09-02T08:00:00+00:00,unet_raw,Raw field U-Net,33.869118160671654,False,hourly mean,3
EP112025,Kiko (2025),without_era5,2025-09-02T09:00:00+00:00,unet_raw,Raw field U-Net,33.61796718173556,False,hourly mean,3
EP112025,Kiko (2025),without_era5,2025-09-02T10:00:00+00:00,unet_raw,Raw field U-Net,34.5574345058865,False,hourly mean,3
EP112025,Kiko (2025),without_era5,2025-09-02T11:00:00+00:00,unet_raw,Raw field U-Net,34.136981858147514,False,hourly mean,3
EP112025,Kiko (2025),without_era5,2025-09-02T12:00:00+00:00,unet_raw,Raw field U-Net,33.06396071116129,False,hourly mean,3
EP112025,Kiko (2025),without_era5,2025-09-02T13:00:00+00:00,unet_raw,Raw field U-Net,32.79192723168267,False,hourly mean,3
EP112025,Kiko (2025),without_era5,2025-09-02T14:00:00+00:00,unet_raw,Raw field U-Net,34.10239198472764,False,hourly mean,3
EP112025,Kiko (2025),without_era5,2025-09-02T15:00:00+00:00,unet_raw,Raw field U-Net,35.3137232462565,False,hourly mean,3
EP112025,Kiko (2025),without_era5,2025-09-02T16:00:00+00:00,unet_raw,Raw field U-Net,34.95552041795518,False,hourly mean,3
EP112025,Kiko (2025),without_era5,2025-09-02T17:00:00+00:00,unet_raw,Raw field U-Net,32.752827114529076,False,hourly mean,3
EP112025,Kiko (2025),without_era5,2025-09-02T18:00:00+00:00,unet_raw,Raw field U-Net,32.165160391065804,False,hourly mean,3
EP112025,Kiko (2025),without_era5,2025-09-02T19:00:00+00:00,unet_raw,Raw field U-Net,31.847056282891163,False,hourly mean,3
EP112025,Kiko (2025),without_era5,2025-09-02T20:00:00+00:00,unet_raw,Raw field U-Net,32.87493154737684,False,hourly mean,3
EP112025,Kiko (2025),without_era5,2025-09-02T21:00:00+00:00,unet_raw,Raw field U-Net,33.81171173519558,True,hourly mean,3
EP112025,Kiko (2025),without_era5,2025-09-02T22:00:00+00:00,unet_raw,Raw field U-Net,34.9455846150716,True,hourly mean,3
EP112025,Kiko (2025),without_era5,2025-09-02T23:00:00+00:00,unet_raw,Raw field U-Net,37.818090438842766,True,hourly mean,3
EP112025,Kiko (2025),without_era5,2025-09-03T00:00:00+00:00,unet_raw,Raw field U-Net,40.3145408630371,True,hourly mean,3
EP112025,Kiko (2025),without_era5,2025-09-03T01:00:00+00:00,unet_raw,Raw field U-Net,43.26795874701605,True,hourly mean,3
EP112025,Kiko (2025),without_era5,2025-09-03T02:00:00+00:00,unet_raw,Raw field U-Net,45.14328426784939,True,hourly mean,3
EP112025,Kiko (2025),without_era5,2025-09-03T03:00:00+00:00,unet_raw,Raw field U-Net,46.64290025499131,False,hourly mean,3
EP112025,Kiko (2025),without_era5,2025-09-03T04:00:00+00:00,unet_raw,Raw field U-Net,44.62686793009439,False,hourly mean,3
EP112025,Kiko (2025),without_era5,2025-09-03T05:00:00+00:00,unet_raw,Raw field U-Net,40.39631377326117,False,hourly mean,3
EP112025,Kiko (2025),without_era5,2025-09-03T06:00:00+00:00,unet_raw,Raw field U-Net,36.37855127122666,False,hourly mean,3
EP112025,Kiko (2025),without_era5,2025-09-03T07:00:00+00:00,unet_raw,Raw field U-Net,34.5667061275906,False,hourly mean,3
EP112025,Kiko (2025),without_era5,2025-09-03T08:00:00+00:00,unet_raw,Raw field U-Net,34.13004705641004,False,hourly mean,3
EP112025,Kiko (2025),without_era5,2025-09-03T09:00:00+00:00,unet_raw,Raw field U-Net,34.85241063435871,False,hourly mean,3
EP112025,Kiko (2025),without_era5,2025-09-03T10:00:00+00:00,unet_raw,Raw field U-Net,36.50306955973306,False,hourly mean,3
EP112025,Kiko (2025),without_era5,2025-09-03T11:00:00+00:00,unet_raw,Raw field U-Net,39.48384200202093,False,hourly mean,3
EP112025,Kiko (2025),without_era5,2025-09-03T12:00:00+00:00,unet_raw,Raw field U-Net,42.54127438863117,False,hourly mean,3
EP112025,Kiko (2025),without_era5,2025-09-03T13:00:00+00:00,unet_raw,Raw field U-Net,47.479558520846886,False,hourly mean,3
EP112025,Kiko (2025),without_era5,2025-09-03T14:00:00+00:00,unet_raw,Raw field U-Net,49.74159049987793,False,hourly mean,3
EP112025,Kiko (2025),without_era5,2025-09-03T15:00:00+00:00,unet_raw,Raw field U-Net,49.62778430514865,False,hourly mean,3
EP112025,Kiko (2025),without_era5,2025-09-03T16:00:00+00:00,unet_raw,Raw field U-Net,46.310351689656564,False,hourly mean,3
EP112025,Kiko (2025),without_era5,2025-09-03T17:00:00+00:00,unet_raw,Raw field U-Net,46.380739847819,False,hourly mean,3
EP112025,Kiko (2025),without_era5,2025-09-03T18:00:00+00:00,unet_raw,Raw field U-Net,47.58737182617187,True,hourly mean,3
EP112025,Kiko (2025),without_era5,2025-09-03T19:00:00+00:00,unet_raw,Raw field U-Net,49.0945987701416,True,hourly mean,3
EP112025,Kiko (2025),without_era5,2025-09-03T20:00:00+00:00,unet_raw,Raw field U-Net,49.14256286621094,True,hourly mean,3
EP112025,Kiko (2025),without_era5,2025-09-03T21:00:00+00:00,unet_raw,Raw field U-Net,50.05802451239691,True,hourly mean,3
EP112025,Kiko (2025),without_era5,2025-09-03T22:00:00+00:00,unet_raw,Raw field U-Net,51.529971016777885,True,hourly mean,3
EP112025,Kiko (2025),without_era5,2025-09-03T23:00:00+00:00,unet_raw,Raw field U-Net,53.10148196750217,True,hourly mean,3
EP112025,Kiko (2025),without_era5,2025-09-04T00:00:00+00:00,unet_raw,Raw field U-Net,53.63327068752712,True,hourly mean,3
EP112025,Kiko (2025),without_era5,2025-09-04T01:00:00+00:00,unet_raw,Raw field U-Net,52.92781978183322,True,hourly mean,3
EP112025,Kiko (2025),without_era5,2025-09-04T02:00:00+00:00,unet_raw,Raw field U-Net,51.67950142754449,True,hourly mean,3
EP112025,Kiko (2025),without_era5,2025-09-04T03:00:00+00:00,unet_raw,Raw field U-Net,50.07583342658148,True,hourly mean,3
EP112025,Kiko (2025),without_era5,2025-09-04T04:00:00+00:00,unet_raw,Raw field U-Net,48.377359178331155,True,hourly mean,3
EP112025,Kiko (2025),without_era5,2025-09-04T05:00:00+00:00,unet_raw,Raw field U-Net,45.03615061442056,True,hourly mean,3
EP112025,Kiko (2025),without_era5,2025-09-04T06:00:00+00:00,unet_raw,Raw field U-Net,40.95153723822699,True,hourly mean,3
EP112025,Kiko (2025),without_era5,2025-09-04T07:00:00+00:00,unet_raw,Raw field U-Net,36.86025195651583,True,hourly mean,3
EP112025,Kiko (2025),without_era5,2025-09-04T08:00:00+00:00,unet_raw,Raw field U-Net,34.7742748260498,True,hourly mean,3
EP112025,Kiko (2025),without_era5,2025-09-04T09:00:00+00:00,unet_raw,Raw field U-Net,34.4486346774631,False,hourly mean,3
EP112025,Kiko (2025),without_era5,2025-09-04T10:00:00+00:00,unet_raw,Raw field U-Net,36.795199076334626,False,hourly mean,3
EP112025,Kiko (2025),without_era5,2025-09-04T11:00:00+00:00,unet_raw,Raw field U-Net,43.36875364515515,False,hourly mean,3
EP112025,Kiko (2025),without_era5,2025-09-04T12:00:00+00:00,unet_raw,Raw field U-Net,48.18696361117892,False,hourly mean,3
EP112025,Kiko (2025),without_era5,2025-09-04T13:00:00+00:00,unet_raw,Raw field U-Net,52.641395992702904,False,hourly mean,3
EP112025,Kiko (2025),without_era5,2025-09-04T14:00:00+00:00,unet_raw,Raw field U-Net,53.357117123074,False,hourly mean,3
EP112025,Kiko (2025),without_era5,2025-09-04T15:00:00+00:00,unet_raw,Raw field U-Net,52.99171617296006,False,hourly mean,3
EP112025,Kiko (2025),without_era5,2025-09-04T16:00:00+00:00,unet_raw,Raw field U-Net,51.32609240214029,False,hourly mean,3
EP112025,Kiko (2025),without_era5,2025-09-04T17:00:00+00:00,unet_raw,Raw field U-Net,46.39898755815293,False,hourly mean,3
EP112025,Kiko (2025),without_era5,2025-09-04T18:00:00+00:00,unet_raw,Raw field U-Net,44.40229998694525,False,hourly mean,3
EP112025,Kiko (2025),without_era5,2025-09-04T19:00:00+00:00,unet_raw,Raw field U-Net,43.000191264682336,False,hourly mean,3
EP112025,Kiko (2025),without_era5,2025-09-04T20:00:00+00:00,unet_raw,Raw field U-Net,43.99428410000271,False,hourly mean,3
EP112025,Kiko (2025),without_era5,2025-09-04T21:00:00+00:00,unet_raw,Raw field U-Net,44.4847617679172,False,hourly mean,3
EP112025,Kiko (2025),without_era5,2025-09-04T22:00:00+00:00,unet_raw,Raw field U-Net,44.87745963202582,False,hourly mean,3
EP112025,Kiko (2025),without_era5,2025-09-04T23:00:00+00:00,unet_raw,Raw field U-Net,45.22884474860297,False,hourly mean,3
EP112025,Kiko (2025),without_era5,2025-09-05T00:00:00+00:00,unet_raw,Raw field U-Net,45.08016374376084,False,hourly mean,3
EP112025,Kiko (2025),without_era5,2025-09-05T01:00:00+00:00,unet_raw,Raw field U-Net,44.11192893981933,False,hourly mean,3
EP112025,Kiko (2025),without_era5,2025-09-05T02:00:00+00:00,unet_raw,Raw field U-Net,44.73800150553385,False,hourly mean,3
EP112025,Kiko (2025),without_era5,2025-09-05T03:00:00+00:00,unet_raw,Raw field U-Net,45.39156765407986,False,hourly mean,3
EP112025,Kiko (2025),without_era5,2025-09-05T04:00:00+00:00,unet_raw,Raw field U-Net,46.10429615444607,False,hourly mean,3
EP112025,Kiko (2025),without_era5,2025-09-05T05:00:00+00:00,unet_raw,Raw field U-Net,43.20955234103732,False,hourly mean,3
EP112025,Kiko (2025),without_era5,2025-09-05T06:00:00+00:00,unet_raw,Raw field U-Net,38.11827384101019,False,hourly mean,3
EP112025,Kiko (2025),without_era5,2025-09-05T07:00:00+00:00,unet_raw,Raw field U-Net,33.45731682247585,False,hourly mean,3
EP112025,Kiko (2025),without_era5,2025-09-05T08:00:00+00:00,unet_raw,Raw field U-Net,31.488053427802186,False,hourly mean,3
EP112025,Kiko (2025),without_era5,2025-09-05T09:00:00+00:00,unet_raw,Raw field U-Net,32.247945361667206,False,hourly mean,3
EP112025,Kiko (2025),without_era5,2025-09-05T10:00:00+00:00,unet_raw,Raw field U-Net,33.24834410349528,False,hourly mean,3
EP112025,Kiko (2025),without_era5,2025-09-05T11:00:00+00:00,unet_raw,Raw field U-Net,33.7542184193929,False,hourly mean,3
EP112025,Kiko (2025),without_era5,2025-09-05T12:00:00+00:00,unet_raw,Raw field U-Net,33.494708908928764,False,hourly mean,3
EP112025,Kiko (2025),without_era5,2025-09-05T13:00:00+00:00,unet_raw,Raw field U-Net,37.196626769171814,False,hourly mean,3
EP112025,Kiko (2025),without_era5,2025-09-05T14:00:00+00:00,unet_raw,Raw field U-Net,41.90980286068386,False,hourly mean,3
EP112025,Kiko (2025),without_era5,2025-09-05T15:00:00+00:00,unet_raw,Raw field U-Net,46.88028123643662,False,hourly mean,3
EP112025,Kiko (2025),without_era5,2025-09-05T16:00:00+00:00,unet_raw,Raw field U-Net,46.454293357001404,False,hourly mean,3
EP112025,Kiko (2025),without_era5,2025-09-05T17:00:00+00:00,unet_raw,Raw field U-Net,43.75954543219672,False,hourly mean,3
EP112025,Kiko (2025),without_era5,2025-09-05T18:00:00+00:00,unet_raw,Raw field U-Net,42.366488774617515,False,hourly mean,3
EP112025,Kiko (2025),without_era5,2025-09-05T19:00:00+00:00,unet_raw,Raw field U-Net,43.28092384338379,False,hourly mean,3
EP112025,Kiko (2025),without_era5,2025-09-05T20:00:00+00:00,unet_raw,Raw field U-Net,45.85125647650824,False,hourly mean,3
EP112025,Kiko (2025),without_era5,2025-09-05T21:00:00+00:00,unet_raw,Raw field U-Net,48.46564250522189,False,hourly mean,3
EP112025,Kiko (2025),without_era5,2025-09-05T22:00:00+00:00,unet_raw,Raw field U-Net,50.779818852742515,False,hourly mean,3
EP112025,Kiko (2025),without_era5,2025-09-05T23:00:00+00:00,unet_raw,Raw field U-Net,53.545497258504234,False,hourly mean,3
EP112025,Kiko (2025),without_era5,2025-09-06T00:00:00+00:00,unet_raw,Raw field U-Net,55.23873964945475,False,hourly mean,3
EP112025,Kiko (2025),without_era5,2025-09-06T01:00:00+00:00,unet_raw,Raw field U-Net,56.59084129333496,False,hourly mean,3
EP112025,Kiko (2025),without_era5,2025-09-06T02:00:00+00:00,unet_raw,Raw field U-Net,58.43085882398817,False,hourly mean,3
EP112025,Kiko (2025),without_era5,2025-09-06T03:00:00+00:00,unet_raw,Raw field U-Net,61.30439991421169,False,hourly mean,3
EP112025,Kiko (2025),without_era5,2025-09-06T04:00:00+00:00,unet_raw,Raw field U-Net,63.9341926574707,False,hourly mean,3
EP112025,Kiko (2025),without_era5,2025-09-06T05:00:00+00:00,unet_raw,Raw field U-Net,65.73422792222765,False,hourly mean,3
EP112025,Kiko (2025),without_era5,2025-09-06T06:00:00+00:00,unet_raw,Raw field U-Net,65.47800975375705,False,hourly mean,3
EP112025,Kiko (2025),without_era5,2025-09-06T07:00:00+00:00,unet_raw,Raw field U-Net,64.16595225863986,False,hourly mean,3
EP112025,Kiko (2025),without_era5,2025-09-06T08:00:00+00:00,unet_raw,Raw field U-Net,60.70095804002549,False,hourly mean,3
EP112025,Kiko (2025),without_era5,2025-09-06T09:00:00+00:00,unet_raw,Raw field U-Net,56.70397084554036,False,hourly mean,3
EP112025,Kiko (2025),without_era5,2025-09-06T10:00:00+00:00,unet_raw,Raw field U-Net,51.76227043999565,False,hourly mean,3
EP112025,Kiko (2025),without_era5,2025-09-06T11:00:00+00:00,unet_raw,Raw field U-Net,46.37556504143608,False,hourly mean,3
EP112025,Kiko (2025),without_era5,2025-09-06T12:00:00+00:00,unet_raw,Raw field U-Net,41.82258415222168,False,hourly mean,3
EP112025,Kiko (2025),without_era5,2025-09-06T13:00:00+00:00,unet_raw,Raw field U-Net,40.61378415425618,False,hourly mean,3
EP112025,Kiko (2025),without_era5,2025-09-06T14:00:00+00:00,unet_raw,Raw field U-Net,42.01653925577799,False,hourly mean,3
EP112025,Kiko (2025),without_era5,2025-09-06T15:00:00+00:00,unet_raw,Raw field U-Net,43.13454712761773,False,hourly mean,3
EP112025,Kiko (2025),without_era5,2025-09-06T16:00:00+00:00,unet_raw,Raw field U-Net,41.60979249742295,False,hourly mean,3
EP112025,Kiko (2025),without_era5,2025-09-06T17:00:00+00:00,unet_raw,Raw field U-Net,39.49099816216363,False,hourly mean,3
EP112025,Kiko (2025),without_era5,2025-09-06T18:00:00+00:00,unet_raw,Raw field U-Net,39.53196165296766,False,hourly mean,3
EP112025,Kiko (2025),without_era5,2025-09-06T19:00:00+00:00,unet_raw,Raw field U-Net,41.435860739813904,False,hourly mean,3
EP112025,Kiko (2025),without_era5,2025-09-06T20:00:00+00:00,unet_raw,Raw field U-Net,44.49565400017632,False,hourly mean,3
EP112025,Kiko (2025),without_era5,2025-09-06T21:00:00+00:00,unet_raw,Raw field U-Net,47.422427283393006,False,hourly mean,3
EP112025,Kiko (2025),without_era5,2025-09-06T22:00:00+00:00,unet_raw,Raw field U-Net,51.0285612742106,False,hourly mean,3
EP112025,Kiko (2025),without_era5,2025-09-06T23:00:00+00:00,unet_raw,Raw field U-Net,54.38897789849175,False,hourly mean,3
EP112025,Kiko (2025),without_era5,2025-09-07T00:00:00+00:00,unet_raw,Raw field U-Net,57.11450025770399,False,hourly mean,3
EP112025,Kiko (2025),without_era5,2025-09-07T01:00:00+00:00,unet_raw,Raw field U-Net,58.36923493279351,False,hourly mean,3
EP112025,Kiko (2025),without_era5,2025-09-07T02:00:00+00:00,unet_raw,Raw field U-Net,59.554449505276146,False,hourly mean,3
EP112025,Kiko (2025),without_era5,2025-09-07T03:00:00+00:00,unet_raw,Raw field U-Net,60.83832995096842,False,hourly mean,3
EP112025,Kiko (2025),without_era5,2025-09-07T04:00:00+00:00,unet_raw,Raw field U-Net,62.2301828596327,False,hourly mean,3
EP112025,Kiko (2025),without_era5,2025-09-07T05:00:00+00:00,unet_raw,Raw field U-Net,62.70956569247775,False,hourly mean,3
EP112025,Kiko (2025),without_era5,2025-09-07T06:00:00+00:00,unet_raw,Raw field U-Net,60.46711773342556,False,hourly mean,3
EP112025,Kiko (2025),without_era5,2025-09-07T07:00:00+00:00,unet_raw,Raw field U-Net,55.9385142856174,False,hourly mean,3
EP112025,Kiko (2025),without_era5,2025-09-07T08:00:00+00:00,unet_raw,Raw field U-Net,50.97305064731174,False,hourly mean,3
EP112025,Kiko (2025),without_era5,2025-09-07T09:00:00+00:00,unet_raw,Raw field U-Net,48.53491740756564,False,hourly mean,3
EP112025,Kiko (2025),without_era5,2025-09-07T10:00:00+00:00,unet_raw,Raw field U-Net,47.05430348714193,False,hourly mean,3
EP112025,Kiko (2025),without_era5,2025-09-07T11:00:00+00:00,unet_raw,Raw field U-Net,45.45574845208062,False,hourly mean,3
EP112025,Kiko (2025),without_era5,2025-09-07T12:00:00+00:00,unet_raw,Raw field U-Net,44.81543752882215,False,hourly mean,3
EP112025,Kiko (2025),without_era5,2025-09-07T13:00:00+00:00,unet_raw,Raw field U-Net,45.81460825602213,False,hourly mean,3
EP112025,Kiko (2025),without_era5,2025-09-07T14:00:00+00:00,unet_raw,Raw field U-Net,45.668401506212014,False,hourly mean,3
EP112025,Kiko (2025),without_era5,2025-09-07T15:00:00+00:00,unet_raw,Raw field U-Net,42.07147894965277,False,hourly mean,3
EP112025,Kiko (2025),without_era5,2025-09-07T16:00:00+00:00,unet_raw,Raw field U-Net,36.98946486579047,False,hourly mean,3
EP112025,Kiko (2025),without_era5,2025-09-07T17:00:00+00:00,unet_raw,Raw field U-Net,33.080824746025925,False,hourly mean,3
EP112025,Kiko (2025),without_era5,2025-09-07T18:00:00+00:00,unet_raw,Raw field U-Net,30.781493080986866,False,hourly mean,3
EP112025,Kiko (2025),without_era5,2025-09-07T19:00:00+00:00,unet_raw,Raw field U-Net,29.11390548282199,False,hourly mean,3
EP112025,Kiko (2025),without_era5,2025-09-07T20:00:00+00:00,unet_raw,Raw field U-Net,28.473001480102536,False,hourly mean,3
EP112025,Kiko (2025),without_era5,2025-09-07T21:00:00+00:00,unet_raw,Raw field U-Net,28.62044970194498,False,hourly mean,3
EP112025,Kiko (2025),without_era5,2025-09-07T22:00:00+00:00,unet_raw,Raw field U-Net,29.37091551886664,False,hourly mean,3
EP112025,Kiko (2025),without_era5,2025-09-07T23:00:00+00:00,unet_raw,Raw field U-Net,30.15702152252197,False,hourly mean,3
EP112025,Kiko (2025),without_era5,2025-09-08T00:00:00+00:00,unet_raw,Raw field U-Net,30.365136040581593,False,hourly mean,3
EP112025,Kiko (2025),without_era5,2025-09-08T01:00:00+00:00,unet_raw,Raw field U-Net,30.88212468889024,False,hourly mean,3
EP112025,Kiko (2025),without_era5,2025-09-08T02:00:00+00:00,unet_raw,Raw field U-Net,31.26227760314941,False,hourly mean,3
EP112025,Kiko (2025),without_era5,2025-09-08T03:00:00+00:00,unet_raw,Raw field U-Net,31.80116536882188,False,hourly mean,3
EP112025,Kiko (2025),without_era5,2025-09-08T04:00:00+00:00,unet_raw,Raw field U-Net,31.55249087015787,False,hourly mean,3
EP112025,Kiko (2025),without_era5,2025-09-08T05:00:00+00:00,unet_raw,Raw field U-Net,30.76380284627278,False,hourly mean,3
EP112025,Kiko (2025),without_era5,2025-09-08T06:00:00+00:00,unet_raw,Raw field U-Net,29.651694297790524,False,hourly mean,3
EP112025,Kiko (2025),without_era5,2025-09-08T07:00:00+00:00,unet_raw,Raw field U-Net,29.287467638651524,False,hourly mean,3
EP112025,Kiko (2025),without_era5,2025-09-08T08:00:00+00:00,unet_raw,Raw field U-Net,29.72307989332411,False,hourly mean,3
EP112025,Kiko (2025),without_era5,2025-09-08T09:00:00+00:00,unet_raw,Raw field U-Net,30.76019689771864,False,hourly mean,3
EP112025,Kiko (2025),without_era5,2025-09-08T10:00:00+00:00,unet_raw,Raw field U-Net,31.416811625162754,False,hourly mean,3
EP112025,Kiko (2025),without_era5,2025-09-08T11:00:00+00:00,unet_raw,Raw field U-Net,31.405773374769414,False,hourly mean,3
EP112025,Kiko (2025),without_era5,2025-09-08T12:00:00+00:00,unet_raw,Raw field U-Net,31.2323285208808,False,hourly mean,3
EP112025,Kiko (2025),without_era5,2025-09-08T13:00:00+00:00,unet_raw,Raw field U-Net,30.932230843438038,False,hourly mean,3
EP112025,Kiko (2025),without_era5,2025-09-08T14:00:00+00:00,unet_raw,Raw field U-Net,32.19714122348361,False,hourly mean,3
EP112025,Kiko (2025),without_era5,2025-09-08T15:00:00+00:00,unet_raw,Raw field U-Net,34.30738449096679,False,hourly mean,3
EP112025,Kiko (2025),without_era5,2025-09-08T16:00:00+00:00,unet_raw,Raw field U-Net,35.833576838175446,False,hourly mean,3
EP112025,Kiko (2025),without_era5,2025-09-08T17:00:00+00:00,unet_raw,Raw field U-Net,35.531639946831596,False,hourly mean,3
EP112025,Kiko (2025),without_era5,2025-09-08T18:00:00+00:00,unet_raw,Raw field U-Net,34.03027492099338,False,hourly mean,3
EP112025,Kiko (2025),without_era5,2025-09-08T19:00:00+00:00,unet_raw,Raw field U-Net,32.77508417765299,False,hourly mean,3
EP112025,Kiko (2025),without_era5,2025-09-08T20:00:00+00:00,unet_raw,Raw field U-Net,31.9739842944675,False,hourly mean,3
EP112025,Kiko (2025),without_era5,2025-09-08T21:00:00+00:00,unet_raw,Raw field U-Net,31.821256319681805,False,hourly mean,3
EP112025,Kiko (2025),without_era5,2025-09-08T22:00:00+00:00,unet_raw,Raw field U-Net,32.16553211212158,False,hourly mean,3
EP112025,Kiko (2025),without_era5,2025-09-08T23:00:00+00:00,unet_raw,Raw field U-Net,32.07864549424912,False,hourly mean,3
EP112025,Kiko (2025),without_era5,2025-09-09T00:00:00+00:00,unet_raw,Raw field U-Net,31.14231077829997,False,hourly mean,3
EP112025,Kiko (2025),without_era5,2025-09-09T01:00:00+00:00,unet_raw,Raw field U-Net,29.659165912204315,False,hourly mean,3
EP112025,Kiko (2025),without_era5,2025-09-09T02:00:00+00:00,unet_raw,Raw field U-Net,28.331586519877117,False,hourly mean,3
EP112025,Kiko (2025),without_era5,2025-09-09T03:00:00+00:00,unet_raw,Raw field U-Net,25.820356792873806,False,hourly mean,3
EP112025,Kiko (2025),without_era5,2025-09-09T04:00:00+00:00,unet_raw,Raw field U-Net,22.666660414801697,False,hourly mean,3
EP112025,Kiko (2025),without_era5,2025-09-09T05:00:00+00:00,unet_raw,Raw field U-Net,20.115441640218098,False,hourly mean,3
EP112025,Kiko (2025),without_era5,2025-09-09T06:00:00+00:00,unet_raw,Raw field U-Net,19.443927235073513,False,hourly mean,3
EP112025,Kiko (2025),without_era5,2025-09-09T07:00:00+00:00,unet_raw,Raw field U-Net,20.342985683017304,False,hourly mean,3
EP112025,Kiko (2025),without_era5,2025-09-09T08:00:00+00:00,unet_raw,Raw field U-Net,19.641722785101994,False,hourly mean,3
EP112025,Kiko (2025),without_era5,2025-09-09T09:00:00+00:00,unet_raw,Raw field U-Net,19.085178587171765,False,hourly mean,3
EP112025,Kiko (2025),without_era5,2025-09-09T10:00:00+00:00,unet_raw,Raw field U-Net,18.136592017279728,False,hourly mean,3
EP112025,Kiko (2025),without_era5,2025-09-09T11:00:00+00:00,unet_raw,Raw field U-Net,18.393677711486813,False,hourly mean,3
EP112025,Kiko (2025),without_era5,2025-09-09T12:00:00+00:00,unet_raw,Raw field U-Net,18.570064862569172,False,hourly mean,3
EP112025,Kiko (2025),without_era5,2025-09-09T13:00:00+00:00,unet_raw,Raw field U-Net,18.69128788842095,False,hourly mean,3
EP112025,Kiko (2025),without_era5,2025-09-09T14:00:00+00:00,unet_raw,Raw field U-Net,18.868466801113552,False,hourly mean,3
EP112025,Kiko (2025),without_era5,2025-09-09T15:00:00+00:00,unet_raw,Raw field U-Net,18.402772267659504,False,hourly mean,3
EP112025,Kiko (2025),without_era5,2025-09-09T16:00:00+00:00,unet_raw,Raw field U-Net,17.673877610100636,False,hourly mean,3
EP112025,Kiko (2025),without_era5,2025-09-09T17:00:00+00:00,unet_raw,Raw field U-Net,16.92599731021457,False,hourly mean,3
EP112025,Kiko (2025),without_era5,2025-09-09T18:00:00+00:00,unet_raw,Raw field U-Net,16.60045136345757,False,hourly mean,3
EP112025,Kiko (2025),without_era5,2025-09-09T19:00:00+00:00,unet_raw,Raw field U-Net,16.590625233120388,False,hourly mean,3
EP112025,Kiko (2025),without_era5,2025-09-09T20:00:00+00:00,unet_raw,Raw field U-Net,16.895299699571396,False,hourly mean,3
EP112025,Kiko (2025),without_era5,2025-09-09T21:00:00+00:00,unet_raw,Raw field U-Net,18.00517294141981,False,hourly mean,3
EP112025,Kiko (2025),without_era5,2025-09-09T22:00:00+00:00,unet_raw,Raw field U-Net,19.729258537292477,False,hourly mean,3
EP112025,Kiko (2025),without_era5,2025-09-09T23:00:00+00:00,unet_raw,Raw field U-Net,22.06114896138509,False,hourly mean,3
EP112025,Kiko (2025),without_era5,2025-09-10T00:00:00+00:00,unet_raw,Raw field U-Net,24.536548614501953,False,hourly mean,3
EP112025,Kiko (2025),without_era5,2025-09-10T01:00:00+00:00,unet_raw,Raw field U-Net,26.386136902703175,False,hourly mean,3
EP112025,Kiko (2025),without_era5,2025-09-10T02:00:00+00:00,unet_raw,Raw field U-Net,26.186492178175182,False,hourly mean,3
EP112025,Kiko (2025),without_era5,2025-09-10T03:00:00+00:00,unet_raw,Raw field U-Net,23.817410892910427,False,hourly mean,3
EP112025,Kiko (2025),without_era5,2025-09-10T04:00:00+00:00,unet_raw,Raw field U-Net,20.9317668279012,False,hourly mean,3
EP112025,Kiko (2025),without_era5,2025-09-10T05:00:00+00:00,unet_raw,Raw field U-Net,18.960404184129498,False,hourly mean,3
EP112025,Kiko (2025),without_era5,2025-09-10T06:00:00+00:00,unet_raw,Raw field U-Net,17.474543306562634,False,hourly mean,3
EP112025,Kiko (2025),without_era5,2025-09-10T07:00:00+00:00,unet_raw,Raw field U-Net,16.14382070965237,False,hourly mean,3
EP112025,Kiko (2025),without_era5,2025-09-10T08:00:00+00:00,unet_raw,Raw field U-Net,14.95161167780558,False,hourly mean,3
EP112025,Kiko (2025),without_era5,2025-09-10T09:00:00+00:00,unet_raw,Raw field U-Net,14.74069383409288,False,hourly mean,3
EP112025,Kiko (2025),without_era5,2025-09-10T10:00:00+00:00,unet_raw,Raw field U-Net,15.351421674092608,False,hourly mean,3
EP112025,Kiko (2025),without_era5,2025-09-10T11:00:00+00:00,unet_raw,Raw field U-Net,16.10575675964355,False,hourly mean,3
EP112025,Kiko (2025),without_era5,2025-09-10T12:00:00+00:00,unet_raw,Raw field U-Net,17.018967840406628,False,hourly mean,3
EP112025,Kiko (2025),without_era5,2025-09-10T13:00:00+00:00,unet_raw,Raw field U-Net,16.65422847535875,False,hourly mean,3
EP112025,Kiko (2025),without_era5,2025-09-10T14:00:00+00:00,unet_raw,Raw field U-Net,15.941481272379555,False,hourly mean,3
EP112025,Kiko (2025),without_era5,2025-09-10T15:00:00+00:00,unet_raw,Raw field U-Net,15.860247188144257,False,hourly mean,3
EP112025,Kiko (2025),without_era5,2025-09-10T16:00:00+00:00,unet_raw,Raw field U-Net,16.62789021597968,False,hourly mean,3
EP112025,Kiko (2025),without_era5,2025-09-10T17:00:00+00:00,unet_raw,Raw field U-Net,17.371573978000214,False,hourly mean,3
EP112025,Kiko (2025),without_era5,2025-09-10T18:00:00+00:00,unet_raw,Raw field U-Net,18.275379392835827,False,hourly mean,3
EP112025,Kiko (2025),without_era5,2025-09-10T19:00:00+00:00,unet_raw,Raw field U-Net,19.560709741380478,False,hourly mean,3
EP112025,Kiko (2025),without_era5,2025-09-10T20:00:00+00:00,unet_raw,Raw field U-Net,21.79652616712782,False,hourly mean,3
EP112025,Kiko (2025),without_era5,2025-09-10T21:00:00+00:00,unet_raw,Raw field U-Net,23.4495948155721,False,hourly mean,3
EP112025,Kiko (2025),without_era5,2025-09-10T22:00:00+00:00,unet_raw,Raw field U-Net,24.963142818874775,False,hourly mean,3
EP112025,Kiko (2025),without_era5,2025-09-10T23:00:00+00:00,unet_raw,Raw field U-Net,25.733310699462884,False,hourly mean,3
EP112025,Kiko (2025),without_era5,2025-08-31T00:00:00+00:00,unet_correction,U-Net + standard MLP,22.649500528971352,False,hourly mean,3
EP112025,Kiko (2025),without_era5,2025-08-31T01:00:00+00:00,unet_correction,U-Net + standard MLP,22.73943551381429,False,hourly mean,3
EP112025,Kiko (2025),without_era5,2025-08-31T02:00:00+00:00,unet_correction,U-Net + standard MLP,22.353995853000217,False,hourly mean,3
EP112025,Kiko (2025),without_era5,2025-08-31T03:00:00+00:00,unet_correction,U-Net + standard MLP,21.88969326019287,False,hourly mean,3
EP112025,Kiko (2025),without_era5,2025-08-31T04:00:00+00:00,unet_correction,U-Net + standard MLP,21.618825064765087,False,hourly mean,3
EP112025,Kiko (2025),without_era5,2025-08-31T05:00:00+00:00,unet_correction,U-Net + standard MLP,21.669045660230847,False,hourly mean,3
EP112025,Kiko (2025),without_era5,2025-08-31T06:00:00+00:00,unet_correction,U-Net + standard MLP,21.509689966837566,False,hourly mean,3
EP112025,Kiko (2025),without_era5,2025-08-31T07:00:00+00:00,unet_correction,U-Net + standard MLP,21.33181815677219,False,hourly mean,3
EP112025,Kiko (2025),without_era5,2025-08-31T08:00:00+00:00,unet_correction,U-Net + standard MLP,23.322242101033527,False,hourly mean,3
EP112025,Kiko (2025),without_era5,2025-08-31T09:00:00+00:00,unet_correction,U-Net + standard MLP,26.24449284871419,False,hourly mean,3
EP112025,Kiko (2025),without_era5,2025-08-31T10:00:00+00:00,unet_correction,U-Net + standard MLP,29.12531354692247,False,hourly mean,3
EP112025,Kiko (2025),without_era5,2025-08-31T11:00:00+00:00,unet_correction,U-Net + standard MLP,29.702839851379395,False,hourly mean,3
EP112025,Kiko (2025),without_era5,2025-08-31T12:00:00+00:00,unet_correction,U-Net + standard MLP,29.429495493570965,False,hourly mean,3
EP112025,Kiko (2025),without_era5,2025-08-31T13:00:00+00:00,unet_correction,U-Net + standard MLP,27.1113731596205,False,hourly mean,3
EP112025,Kiko (2025),without_era5,2025-08-31T14:00:00+00:00,unet_correction,U-Net + standard MLP,25.232916090223526,False,hourly mean,3
EP112025,Kiko (2025),without_era5,2025-08-31T15:00:00+00:00,unet_correction,U-Net + standard MLP,24.377549065483944,False,hourly mean,3
EP112025,Kiko (2025),without_era5,2025-08-31T16:00:00+00:00,unet_correction,U-Net + standard MLP,24.88898690541585,False,hourly mean,3
EP112025,Kiko (2025),without_era5,2025-08-31T17:00:00+00:00,unet_correction,U-Net + standard MLP,25.809775988260906,False,hourly mean,3
EP112025,Kiko (2025),without_era5,2025-08-31T18:00:00+00:00,unet_correction,U-Net + standard MLP,27.130064328511555,False,hourly mean,3
EP112025,Kiko (2025),without_era5,2025-08-31T19:00:00+00:00,unet_correction,U-Net + standard MLP,29.11256493462456,False,hourly mean,3
EP112025,Kiko (2025),without_era5,2025-08-31T20:00:00+00:00,unet_correction,U-Net + standard MLP,32.38781441582574,False,hourly mean,3
EP112025,Kiko (2025),without_era5,2025-08-31T21:00:00+00:00,unet_correction,U-Net + standard MLP,34.22947851816813,False,hourly mean,3
EP112025,Kiko (2025),without_era5,2025-08-31T22:00:00+00:00,unet_correction,U-Net + standard MLP,37.82034789191352,False,hourly mean,3
EP112025,Kiko (2025),without_era5,2025-08-31T23:00:00+00:00,unet_correction,U-Net + standard MLP,39.7295505947537,False,hourly mean,3
EP112025,Kiko (2025),without_era5,2025-09-01T00:00:00+00:00,unet_correction,U-Net + standard MLP,41.50668411254883,False,hourly mean,3
EP112025,Kiko (2025),without_era5,2025-09-01T01:00:00+00:00,unet_correction,U-Net + standard MLP,39.4817200978597,False,hourly mean,3
EP112025,Kiko (2025),without_era5,2025-09-01T02:00:00+00:00,unet_correction,U-Net + standard MLP,34.78910615709093,False,hourly mean,3
EP112025,Kiko (2025),without_era5,2025-09-01T03:00:00+00:00,unet_correction,U-Net + standard MLP,29.503878805372448,False,hourly mean,3
EP112025,Kiko (2025),without_era5,2025-09-01T04:00:00+00:00,unet_correction,U-Net + standard MLP,27.039636929829914,False,hourly mean,3
EP112025,Kiko (2025),without_era5,2025-09-01T05:00:00+00:00,unet_correction,U-Net + standard MLP,27.94888072543674,False,hourly mean,3
EP112025,Kiko (2025),without_era5,2025-09-01T06:00:00+00:00,unet_correction,U-Net + standard MLP,30.46644518110487,False,hourly mean,3
EP112025,Kiko (2025),without_era5,2025-09-01T07:00:00+00:00,unet_correction,U-Net + standard MLP,32.52705309126112,False,hourly mean,3
EP112025,Kiko (2025),without_era5,2025-09-01T08:00:00+00:00,unet_correction,U-Net + standard MLP,33.09930186801487,False,hourly mean,3
EP112025,Kiko (2025),without_era5,2025-09-01T09:00:00+00:00,unet_correction,U-Net + standard MLP,33.31800492604574,False,hourly mean,3
EP112025,Kiko (2025),without_era5,2025-09-01T10:00:00+00:00,unet_correction,U-Net + standard MLP,33.412894248962395,False,hourly mean,3
EP112025,Kiko (2025),without_era5,2025-09-01T11:00:00+00:00,unet_correction,U-Net + standard MLP,36.419078509012856,False,hourly mean,3
EP112025,Kiko (2025),without_era5,2025-09-01T12:00:00+00:00,unet_correction,U-Net + standard MLP,39.39432928297254,False,hourly mean,3
EP112025,Kiko (2025),without_era5,2025-09-01T13:00:00+00:00,unet_correction,U-Net + standard MLP,40.388865788777665,False,hourly mean,3
EP112025,Kiko (2025),without_era5,2025-09-01T14:00:00+00:00,unet_correction,U-Net + standard MLP,39.16999859280057,False,hourly mean,3
EP112025,Kiko (2025),without_era5,2025-09-01T15:00:00+00:00,unet_correction,U-Net + standard MLP,36.932068294949,False,hourly mean,3
EP112025,Kiko (2025),without_era5,2025-09-01T16:00:00+00:00,unet_correction,U-Net + standard MLP,36.44047122531467,False,hourly mean,3
EP112025,Kiko (2025),without_era5,2025-09-01T17:00:00+00:00,unet_correction,U-Net + standard MLP,36.489443673027885,False,hourly mean,3
EP112025,Kiko (2025),without_era5,2025-09-01T18:00:00+00:00,unet_correction,U-Net + standard MLP,37.158214992947045,False,hourly mean,3
EP112025,Kiko (2025),without_era5,2025-09-01T19:00:00+00:00,unet_correction,U-Net + standard MLP,37.087440914577904,False,hourly mean,3
EP112025,Kiko (2025),without_era5,2025-09-01T20:00:00+00:00,unet_correction,U-Net + standard MLP,35.90403196546766,False,hourly mean,3
EP112025,Kiko (2025),without_era5,2025-09-01T21:00:00+00:00,unet_correction,U-Net + standard MLP,35.48839145236545,False,hourly mean,3
EP112025,Kiko (2025),without_era5,2025-09-01T22:00:00+00:00,unet_correction,U-Net + standard MLP,34.43984826405843,False,hourly mean,3
EP112025,Kiko (2025),without_era5,2025-09-01T23:00:00+00:00,unet_correction,U-Net + standard MLP,34.161464585198296,False,hourly mean,3
EP112025,Kiko (2025),without_era5,2025-09-02T00:00:00+00:00,unet_correction,U-Net + standard MLP,35.423128234015564,False,hourly mean,3
EP112025,Kiko (2025),without_era5,2025-09-02T01:00:00+00:00,unet_correction,U-Net + standard MLP,37.54094738430447,False,hourly mean,3
EP112025,Kiko (2025),without_era5,2025-09-02T02:00:00+00:00,unet_correction,U-Net + standard MLP,36.7064790725708,False,hourly mean,3
EP112025,Kiko (2025),without_era5,2025-09-02T03:00:00+00:00,unet_correction,U-Net + standard MLP,33.25906467437744,False,hourly mean,3
EP112025,Kiko (2025),without_era5,2025-09-02T04:00:00+00:00,unet_correction,U-Net + standard MLP,32.11286110348171,False,hourly mean,3
EP112025,Kiko (2025),without_era5,2025-09-02T05:00:00+00:00,unet_correction,U-Net + standard MLP,34.08052338494195,False,hourly mean,3
EP112025,Kiko (2025),without_era5,2025-09-02T06:00:00+00:00,unet_correction,U-Net + standard MLP,36.39205763075086,False,hourly mean,3
EP112025,Kiko (2025),without_era5,2025-09-02T07:00:00+00:00,unet_correction,U-Net + standard MLP,35.889867570665146,False,hourly mean,3
EP112025,Kiko (2025),without_era5,2025-09-02T08:00:00+00:00,unet_correction,U-Net + standard MLP,34.72195837232801,False,hourly mean,3
EP112025,Kiko (2025),without_era5,2025-09-02T09:00:00+00:00,unet_correction,U-Net + standard MLP,33.59323416815864,False,hourly mean,3
EP112025,Kiko (2025),without_era5,2025-09-02T10:00:00+00:00,unet_correction,U-Net + standard MLP,34.0788951449924,False,hourly mean,3
EP112025,Kiko (2025),without_era5,2025-09-02T11:00:00+00:00,unet_correction,U-Net + standard MLP,34.06944910685221,False,hourly mean,3
EP112025,Kiko (2025),without_era5,2025-09-02T12:00:00+00:00,unet_correction,U-Net + standard MLP,34.55193773905436,False,hourly mean,3
EP112025,Kiko (2025),without_era5,2025-09-02T13:00:00+00:00,unet_correction,U-Net + standard MLP,36.415322409735786,False,hourly mean,3
EP112025,Kiko (2025),without_era5,2025-09-02T14:00:00+00:00,unet_correction,U-Net + standard MLP,39.34539985656738,False,hourly mean,3
EP112025,Kiko (2025),without_era5,2025-09-02T15:00:00+00:00,unet_correction,U-Net + standard MLP,40.699191623263886,False,hourly mean,3
EP112025,Kiko (2025),without_era5,2025-09-02T16:00:00+00:00,unet_correction,U-Net + standard MLP,40.22069464789496,False,hourly mean,3
EP112025,Kiko (2025),without_era5,2025-09-02T17:00:00+00:00,unet_correction,U-Net + standard MLP,38.423766665988495,False,hourly mean,3
EP112025,Kiko (2025),without_era5,2025-09-02T18:00:00+00:00,unet_correction,U-Net + standard MLP,38.51048617892795,False,hourly mean,3
EP112025,Kiko (2025),without_era5,2025-09-02T19:00:00+00:00,unet_correction,U-Net + standard MLP,39.16777250501844,False,hourly mean,3
EP112025,Kiko (2025),without_era5,2025-09-02T20:00:00+00:00,unet_correction,U-Net + standard MLP,40.930834452311196,False,hourly mean,3
EP112025,Kiko (2025),without_era5,2025-09-02T21:00:00+00:00,unet_correction,U-Net + standard MLP,42.279914220174156,True,hourly mean,3
EP112025,Kiko (2025),without_era5,2025-09-02T22:00:00+00:00,unet_correction,U-Net + standard MLP,43.188068177964944,True,hourly mean,3
EP112025,Kiko (2025),without_era5,2025-09-02T23:00:00+00:00,unet_correction,U-Net + standard MLP,46.15531921386719,True,hourly mean,3
EP112025,Kiko (2025),without_era5,2025-09-03T00:00:00+00:00,unet_correction,U-Net + standard MLP,48.35235489739312,True,hourly mean,3
EP112025,Kiko (2025),without_era5,2025-09-03T01:00:00+00:00,unet_correction,U-Net + standard MLP,50.74061118231879,True,hourly mean,3
EP112025,Kiko (2025),without_era5,2025-09-03T02:00:00+00:00,unet_correction,U-Net + standard MLP,50.8304403093126,True,hourly mean,3
EP112025,Kiko (2025),without_era5,2025-09-03T03:00:00+00:00,unet_correction,U-Net + standard MLP,51.517513487074105,False,hourly mean,3
EP112025,Kiko (2025),without_era5,2025-09-03T04:00:00+00:00,unet_correction,U-Net + standard MLP,48.86812973022461,False,hourly mean,3
EP112025,Kiko (2025),without_era5,2025-09-03T05:00:00+00:00,unet_correction,U-Net + standard MLP,44.43529934353299,False,hourly mean,3
EP112025,Kiko (2025),without_era5,2025-09-03T06:00:00+00:00,unet_correction,U-Net + standard MLP,40.0188168419732,False,hourly mean,3
EP112025,Kiko (2025),without_era5,2025-09-03T07:00:00+00:00,unet_correction,U-Net + standard MLP,38.550413555569115,False,hourly mean,3
EP112025,Kiko (2025),without_era5,2025-09-03T08:00:00+00:00,unet_correction,U-Net + standard MLP,38.38525729709201,False,hourly mean,3
EP112025,Kiko (2025),without_era5,2025-09-03T09:00:00+00:00,unet_correction,U-Net + standard MLP,38.97892994350857,False,hourly mean,3
EP112025,Kiko (2025),without_era5,2025-09-03T10:00:00+00:00,unet_correction,U-Net + standard MLP,40.44977951049805,False,hourly mean,3
EP112025,Kiko (2025),without_era5,2025-09-03T11:00:00+00:00,unet_correction,U-Net + standard MLP,44.07234530978733,False,hourly mean,3
EP112025,Kiko (2025),without_era5,2025-09-03T12:00:00+00:00,unet_correction,U-Net + standard MLP,48.29994328816732,False,hourly mean,3
EP112025,Kiko (2025),without_era5,2025-09-03T13:00:00+00:00,unet_correction,U-Net + standard MLP,53.5643310546875,False,hourly mean,3
EP112025,Kiko (2025),without_era5,2025-09-03T14:00:00+00:00,unet_correction,U-Net + standard MLP,55.75837008158366,False,hourly mean,3
EP112025,Kiko (2025),without_era5,2025-09-03T15:00:00+00:00,unet_correction,U-Net + standard MLP,55.45045428805881,False,hourly mean,3
EP112025,Kiko (2025),without_era5,2025-09-03T16:00:00+00:00,unet_correction,U-Net + standard MLP,52.90776040818955,False,hourly mean,3
EP112025,Kiko (2025),without_era5,2025-09-03T17:00:00+00:00,unet_correction,U-Net + standard MLP,54.080784903632264,False,hourly mean,3
EP112025,Kiko (2025),without_era5,2025-09-03T18:00:00+00:00,unet_correction,U-Net + standard MLP,56.49943648444281,True,hourly mean,3
EP112025,Kiko (2025),without_era5,2025-09-03T19:00:00+00:00,unet_correction,U-Net + standard MLP,58.704742431640625,True,hourly mean,3
EP112025,Kiko (2025),without_era5,2025-09-03T20:00:00+00:00,unet_correction,U-Net + standard MLP,58.902491039699974,True,hourly mean,3
EP112025,Kiko (2025),without_era5,2025-09-03T21:00:00+00:00,unet_correction,U-Net + standard MLP,60.32403649224175,True,hourly mean,3
EP112025,Kiko (2025),without_era5,2025-09-03T22:00:00+00:00,unet_correction,U-Net + standard MLP,62.550156063503685,True,hourly mean,3
EP112025,Kiko (2025),without_era5,2025-09-03T23:00:00+00:00,unet_correction,U-Net + standard MLP,64.64085981580946,True,hourly mean,3
EP112025,Kiko (2025),without_era5,2025-09-04T00:00:00+00:00,unet_correction,U-Net + standard MLP,64.5100663503011,True,hourly mean,3
EP112025,Kiko (2025),without_era5,2025-09-04T01:00:00+00:00,unet_correction,U-Net + standard MLP,62.41841061909992,True,hourly mean,3
EP112025,Kiko (2025),without_era5,2025-09-04T02:00:00+00:00,unet_correction,U-Net + standard MLP,59.68409623040093,True,hourly mean,3
EP112025,Kiko (2025),without_era5,2025-09-04T03:00:00+00:00,unet_correction,U-Net + standard MLP,56.870356453789604,True,hourly mean,3
EP112025,Kiko (2025),without_era5,2025-09-04T04:00:00+00:00,unet_correction,U-Net + standard MLP,53.83853234185113,True,hourly mean,3
EP112025,Kiko (2025),without_era5,2025-09-04T05:00:00+00:00,unet_correction,U-Net + standard MLP,49.40658993191189,True,hourly mean,3
EP112025,Kiko (2025),without_era5,2025-09-04T06:00:00+00:00,unet_correction,U-Net + standard MLP,44.62412537468804,True,hourly mean,3
EP112025,Kiko (2025),without_era5,2025-09-04T07:00:00+00:00,unet_correction,U-Net + standard MLP,40.06300311618381,True,hourly mean,3
EP112025,Kiko (2025),without_era5,2025-09-04T08:00:00+00:00,unet_correction,U-Net + standard MLP,37.34133148193359,True,hourly mean,3
EP112025,Kiko (2025),without_era5,2025-09-04T09:00:00+00:00,unet_correction,U-Net + standard MLP,37.09276135762532,False,hourly mean,3
EP112025,Kiko (2025),without_era5,2025-09-04T10:00:00+00:00,unet_correction,U-Net + standard MLP,40.31139945983887,False,hourly mean,3
EP112025,Kiko (2025),without_era5,2025-09-04T11:00:00+00:00,unet_correction,U-Net + standard MLP,48.306887732611756,False,hourly mean,3
EP112025,Kiko (2025),without_era5,2025-09-04T12:00:00+00:00,unet_correction,U-Net + standard MLP,53.99528503417969,False,hourly mean,3
EP112025,Kiko (2025),without_era5,2025-09-04T13:00:00+00:00,unet_correction,U-Net + standard MLP,58.74013964335123,False,hourly mean,3
EP112025,Kiko (2025),without_era5,2025-09-04T14:00:00+00:00,unet_correction,U-Net + standard MLP,59.07998869154187,False,hourly mean,3
EP112025,Kiko (2025),without_era5,2025-09-04T15:00:00+00:00,unet_correction,U-Net + standard MLP,59.112870322333436,False,hourly mean,3
EP112025,Kiko (2025),without_era5,2025-09-04T16:00:00+00:00,unet_correction,U-Net + standard MLP,59.08036634657117,False,hourly mean,3
EP112025,Kiko (2025),without_era5,2025-09-04T17:00:00+00:00,unet_correction,U-Net + standard MLP,55.445135752360024,False,hourly mean,3
EP112025,Kiko (2025),without_era5,2025-09-04T18:00:00+00:00,unet_correction,U-Net + standard MLP,54.18488460116915,False,hourly mean,3
EP112025,Kiko (2025),without_era5,2025-09-04T19:00:00+00:00,unet_correction,U-Net + standard MLP,51.983951568603516,False,hourly mean,3
EP112025,Kiko (2025),without_era5,2025-09-04T20:00:00+00:00,unet_correction,U-Net + standard MLP,53.54051081339518,False,hourly mean,3
EP112025,Kiko (2025),without_era5,2025-09-04T21:00:00+00:00,unet_correction,U-Net + standard MLP,54.35179498460557,False,hourly mean,3
EP112025,Kiko (2025),without_era5,2025-09-04T22:00:00+00:00,unet_correction,U-Net + standard MLP,55.529991997612846,False,hourly mean,3
EP112025,Kiko (2025),without_era5,2025-09-04T23:00:00+00:00,unet_correction,U-Net + standard MLP,55.74145974053277,False,hourly mean,3
EP112025,Kiko (2025),without_era5,2025-09-05T00:00:00+00:00,unet_correction,U-Net + standard MLP,54.531217575073235,False,hourly mean,3
EP112025,Kiko (2025),without_era5,2025-09-05T01:00:00+00:00,unet_correction,U-Net + standard MLP,51.72617636786566,False,hourly mean,3
EP112025,Kiko (2025),without_era5,2025-09-05T02:00:00+00:00,unet_correction,U-Net + standard MLP,50.4011779361301,False,hourly mean,3
EP112025,Kiko (2025),without_era5,2025-09-05T03:00:00+00:00,unet_correction,U-Net + standard MLP,49.64116287231445,False,hourly mean,3
EP112025,Kiko (2025),without_era5,2025-09-05T04:00:00+00:00,unet_correction,U-Net + standard MLP,49.25986840989854,False,hourly mean,3
EP112025,Kiko (2025),without_era5,2025-09-05T05:00:00+00:00,unet_correction,U-Net + standard MLP,44.62210867140027,False,hourly mean,3
EP112025,Kiko (2025),without_era5,2025-09-05T06:00:00+00:00,unet_correction,U-Net + standard MLP,38.15094004737006,False,hourly mean,3
EP112025,Kiko (2025),without_era5,2025-09-05T07:00:00+00:00,unet_correction,U-Net + standard MLP,32.910509639316125,False,hourly mean,3
EP112025,Kiko (2025),without_era5,2025-09-05T08:00:00+00:00,unet_correction,U-Net + standard MLP,31.193807495964894,False,hourly mean,3
EP112025,Kiko (2025),without_era5,2025-09-05T09:00:00+00:00,unet_correction,U-Net + standard MLP,32.876205868191185,False,hourly mean,3
EP112025,Kiko (2025),without_era5,2025-09-05T10:00:00+00:00,unet_correction,U-Net + standard MLP,35.19914775424533,False,hourly mean,3
EP112025,Kiko (2025),without_era5,2025-09-05T11:00:00+00:00,unet_correction,U-Net + standard MLP,36.953981399536126,False,hourly mean,3
EP112025,Kiko (2025),without_era5,2025-09-05T12:00:00+00:00,unet_correction,U-Net + standard MLP,38.1084304385715,False,hourly mean,3
EP112025,Kiko (2025),without_era5,2025-09-05T13:00:00+00:00,unet_correction,U-Net + standard MLP,42.203062481350365,False,hourly mean,3
EP112025,Kiko (2025),without_era5,2025-09-05T14:00:00+00:00,unet_correction,U-Net + standard MLP,47.838126712375214,False,hourly mean,3
EP112025,Kiko (2025),without_era5,2025-09-05T15:00:00+00:00,unet_correction,U-Net + standard MLP,53.49168078104655,False,hourly mean,3
EP112025,Kiko (2025),without_era5,2025-09-05T16:00:00+00:00,unet_correction,U-Net + standard MLP,54.01660622490777,False,hourly mean,3
EP112025,Kiko (2025),without_era5,2025-09-05T17:00:00+00:00,unet_correction,U-Net + standard MLP,51.617339452107736,False,hourly mean,3
EP112025,Kiko (2025),without_era5,2025-09-05T18:00:00+00:00,unet_correction,U-Net + standard MLP,49.99496290418836,False,hourly mean,3
EP112025,Kiko (2025),without_era5,2025-09-05T19:00:00+00:00,unet_correction,U-Net + standard MLP,50.83874342176649,False,hourly mean,3
EP112025,Kiko (2025),without_era5,2025-09-05T20:00:00+00:00,unet_correction,U-Net + standard MLP,54.123377270168724,False,hourly mean,3
EP112025,Kiko (2025),without_era5,2025-09-05T21:00:00+00:00,unet_correction,U-Net + standard MLP,58.185463375515404,False,hourly mean,3
EP112025,Kiko (2025),without_era5,2025-09-05T22:00:00+00:00,unet_correction,U-Net + standard MLP,61.778167724609375,False,hourly mean,3
EP112025,Kiko (2025),without_era5,2025-09-05T23:00:00+00:00,unet_correction,U-Net + standard MLP,64.74561712476942,False,hourly mean,3
EP112025,Kiko (2025),without_era5,2025-09-06T00:00:00+00:00,unet_correction,U-Net + standard MLP,65.70204332139757,False,hourly mean,3
EP112025,Kiko (2025),without_era5,2025-09-06T01:00:00+00:00,unet_correction,U-Net + standard MLP,65.56605784098306,False,hourly mean,3
EP112025,Kiko (2025),without_era5,2025-09-06T02:00:00+00:00,unet_correction,U-Net + standard MLP,65.6934691535102,False,hourly mean,3
EP112025,Kiko (2025),without_era5,2025-09-06T03:00:00+00:00,unet_correction,U-Net + standard MLP,66.43091286553276,False,hourly mean,3
EP112025,Kiko (2025),without_era5,2025-09-06T04:00:00+00:00,unet_correction,U-Net + standard MLP,67.54161156548393,False,hourly mean,3
EP112025,Kiko (2025),without_era5,2025-09-06T05:00:00+00:00,unet_correction,U-Net + standard MLP,68.33975982666016,False,hourly mean,3
EP112025,Kiko (2025),without_era5,2025-09-06T06:00:00+00:00,unet_correction,U-Net + standard MLP,67.39879353841145,False,hourly mean,3
EP112025,Kiko (2025),without_era5,2025-09-06T07:00:00+00:00,unet_correction,U-Net + standard MLP,65.42298253377278,False,hourly mean,3
EP112025,Kiko (2025),without_era5,2025-09-06T08:00:00+00:00,unet_correction,U-Net + standard MLP,61.97427558898926,False,hourly mean,3
EP112025,Kiko (2025),without_era5,2025-09-06T09:00:00+00:00,unet_correction,U-Net + standard MLP,58.45850868225097,False,hourly mean,3
EP112025,Kiko (2025),without_era5,2025-09-06T10:00:00+00:00,unet_correction,U-Net + standard MLP,54.309429677327465,False,hourly mean,3
EP112025,Kiko (2025),without_era5,2025-09-06T11:00:00+00:00,unet_correction,U-Net + standard MLP,49.33812065124511,False,hourly mean,3
EP112025,Kiko (2025),without_era5,2025-09-06T12:00:00+00:00,unet_correction,U-Net + standard MLP,45.394937091403534,False,hourly mean,3
EP112025,Kiko (2025),without_era5,2025-09-06T13:00:00+00:00,unet_correction,U-Net + standard MLP,44.92520883348252,False,hourly mean,3
EP112025,Kiko (2025),without_era5,2025-09-06T14:00:00+00:00,unet_correction,U-Net + standard MLP,47.0150326622857,False,hourly mean,3
EP112025,Kiko (2025),without_era5,2025-09-06T15:00:00+00:00,unet_correction,U-Net + standard MLP,47.835371017456055,False,hourly mean,3
EP112025,Kiko (2025),without_era5,2025-09-06T16:00:00+00:00,unet_correction,U-Net + standard MLP,45.3032841152615,False,hourly mean,3
EP112025,Kiko (2025),without_era5,2025-09-06T17:00:00+00:00,unet_correction,U-Net + standard MLP,42.19972271389431,False,hourly mean,3
EP112025,Kiko (2025),without_era5,2025-09-06T18:00:00+00:00,unet_correction,U-Net + standard MLP,44.256804572211365,False,hourly mean,3
EP112025,Kiko (2025),without_era5,2025-09-06T19:00:00+00:00,unet_correction,U-Net + standard MLP,48.84031359354654,False,hourly mean,3
EP112025,Kiko (2025),without_era5,2025-09-06T20:00:00+00:00,unet_correction,U-Net + standard MLP,54.5936853620741,False,hourly mean,3
EP112025,Kiko (2025),without_era5,2025-09-06T21:00:00+00:00,unet_correction,U-Net + standard MLP,58.29143948025173,False,hourly mean,3
EP112025,Kiko (2025),without_era5,2025-09-06T22:00:00+00:00,unet_correction,U-Net + standard MLP,62.5526091257731,False,hourly mean,3
EP112025,Kiko (2025),without_era5,2025-09-06T23:00:00+00:00,unet_correction,U-Net + standard MLP,66.58087518480089,False,hourly mean,3
EP112025,Kiko (2025),without_era5,2025-09-07T00:00:00+00:00,unet_correction,U-Net + standard MLP,69.1156383090549,False,hourly mean,3
EP112025,Kiko (2025),without_era5,2025-09-07T01:00:00+00:00,unet_correction,U-Net + standard MLP,69.51671049329968,False,hourly mean,3
EP112025,Kiko (2025),without_era5,2025-09-07T02:00:00+00:00,unet_correction,U-Net + standard MLP,69.52092615763345,False,hourly mean,3
EP112025,Kiko (2025),without_era5,2025-09-07T03:00:00+00:00,unet_correction,U-Net + standard MLP,69.88084284464517,False,hourly mean,3
EP112025,Kiko (2025),without_era5,2025-09-07T04:00:00+00:00,unet_correction,U-Net + standard MLP,70.04445775349934,False,hourly mean,3
EP112025,Kiko (2025),without_era5,2025-09-07T05:00:00+00:00,unet_correction,U-Net + standard MLP,69.14013671874999,False,hourly mean,3
EP112025,Kiko (2025),without_era5,2025-09-07T06:00:00+00:00,unet_correction,U-Net + standard MLP,65.58769946628145,False,hourly mean,3
EP112025,Kiko (2025),without_era5,2025-09-07T07:00:00+00:00,unet_correction,U-Net + standard MLP,60.0003810458713,False,hourly mean,3
EP112025,Kiko (2025),without_era5,2025-09-07T08:00:00+00:00,unet_correction,U-Net + standard MLP,54.27952003479003,False,hourly mean,3
EP112025,Kiko (2025),without_era5,2025-09-07T09:00:00+00:00,unet_correction,U-Net + standard MLP,50.89148373074001,False,hourly mean,3
EP112025,Kiko (2025),without_era5,2025-09-07T10:00:00+00:00,unet_correction,U-Net + standard MLP,48.89880731370713,False,hourly mean,3
EP112025,Kiko (2025),without_era5,2025-09-07T11:00:00+00:00,unet_correction,U-Net + standard MLP,47.519845114813904,False,hourly mean,3
EP112025,Kiko (2025),without_era5,2025-09-07T12:00:00+00:00,unet_correction,U-Net + standard MLP,47.21156205071342,False,hourly mean,3
EP112025,Kiko (2025),without_era5,2025-09-07T13:00:00+00:00,unet_correction,U-Net + standard MLP,48.835705651177285,False,hourly mean,3
EP112025,Kiko (2025),without_era5,2025-09-07T14:00:00+00:00,unet_correction,U-Net + standard MLP,48.946697235107415,False,hourly mean,3
EP112025,Kiko (2025),without_era5,2025-09-07T15:00:00+00:00,unet_correction,U-Net + standard MLP,46.01157146030001,False,hourly mean,3
EP112025,Kiko (2025),without_era5,2025-09-07T16:00:00+00:00,unet_correction,U-Net + standard MLP,40.84380022684732,False,hourly mean,3
EP112025,Kiko (2025),without_era5,2025-09-07T17:00:00+00:00,unet_correction,U-Net + standard MLP,37.85461362202961,False,hourly mean,3
EP112025,Kiko (2025),without_era5,2025-09-07T18:00:00+00:00,unet_correction,U-Net + standard MLP,35.77108722262911,False,hourly mean,3
EP112025,Kiko (2025),without_era5,2025-09-07T19:00:00+00:00,unet_correction,U-Net + standard MLP,33.953419473436135,False,hourly mean,3
EP112025,Kiko (2025),without_era5,2025-09-07T20:00:00+00:00,unet_correction,U-Net + standard MLP,33.03195095062255,False,hourly mean,3
EP112025,Kiko (2025),without_era5,2025-09-07T21:00:00+00:00,unet_correction,U-Net + standard MLP,34.03310553232828,False,hourly mean,3
EP112025,Kiko (2025),without_era5,2025-09-07T22:00:00+00:00,unet_correction,U-Net + standard MLP,37.68925666809081,False,hourly mean,3
EP112025,Kiko (2025),without_era5,2025-09-07T23:00:00+00:00,unet_correction,U-Net + standard MLP,38.58537483215331,False,hourly mean,3
EP112025,Kiko (2025),without_era5,2025-09-08T00:00:00+00:00,unet_correction,U-Net + standard MLP,37.826862970987946,False,hourly mean,3
EP112025,Kiko (2025),without_era5,2025-09-08T01:00:00+00:00,unet_correction,U-Net + standard MLP,37.06352445814343,False,hourly mean,3
EP112025,Kiko (2025),without_era5,2025-09-08T02:00:00+00:00,unet_correction,U-Net + standard MLP,37.26130845811631,False,hourly mean,3
EP112025,Kiko (2025),without_era5,2025-09-08T03:00:00+00:00,unet_correction,U-Net + standard MLP,36.413572735256615,False,hourly mean,3
EP112025,Kiko (2025),without_era5,2025-09-08T04:00:00+00:00,unet_correction,U-Net + standard MLP,34.279012680053704,False,hourly mean,3
EP112025,Kiko (2025),without_era5,2025-09-08T05:00:00+00:00,unet_correction,U-Net + standard MLP,31.561764293246785,False,hourly mean,3
EP112025,Kiko (2025),without_era5,2025-09-08T06:00:00+00:00,unet_correction,U-Net + standard MLP,29.530299186706532,False,hourly mean,3
EP112025,Kiko (2025),without_era5,2025-09-08T07:00:00+00:00,unet_correction,U-Net + standard MLP,28.017088466220425,False,hourly mean,3
EP112025,Kiko (2025),without_era5,2025-09-08T08:00:00+00:00,unet_correction,U-Net + standard MLP,28.502604590521912,False,hourly mean,3
EP112025,Kiko (2025),without_era5,2025-09-08T09:00:00+00:00,unet_correction,U-Net + standard MLP,30.061628023783356,False,hourly mean,3
EP112025,Kiko (2025),without_era5,2025-09-08T10:00:00+00:00,unet_correction,U-Net + standard MLP,31.989429579840756,False,hourly mean,3
EP112025,Kiko (2025),without_era5,2025-09-08T11:00:00+00:00,unet_correction,U-Net + standard MLP,32.91589217715792,False,hourly mean,3
EP112025,Kiko (2025),without_era5,2025-09-08T12:00:00+00:00,unet_correction,U-Net + standard MLP,33.37808121575248,False,hourly mean,3
EP112025,Kiko (2025),without_era5,2025-09-08T13:00:00+00:00,unet_correction,U-Net + standard MLP,32.49515734778509,False,hourly mean,3
EP112025,Kiko (2025),without_era5,2025-09-08T14:00:00+00:00,unet_correction,U-Net + standard MLP,33.28212282392713,False,hourly mean,3
EP112025,Kiko (2025),without_era5,2025-09-08T15:00:00+00:00,unet_correction,U-Net + standard MLP,34.23819743262396,False,hourly mean,3
EP112025,Kiko (2025),without_era5,2025-09-08T16:00:00+00:00,unet_correction,U-Net + standard MLP,35.071145587497284,False,hourly mean,3
EP112025,Kiko (2025),without_era5,2025-09-08T17:00:00+00:00,unet_correction,U-Net + standard MLP,34.02446693844265,False,hourly mean,3
EP112025,Kiko (2025),without_era5,2025-09-08T18:00:00+00:00,unet_correction,U-Net + standard MLP,33.419789844089074,False,hourly mean,3
EP112025,Kiko (2025),without_era5,2025-09-08T19:00:00+00:00,unet_correction,U-Net + standard MLP,33.65083673265244,False,hourly mean,3
EP112025,Kiko (2025),without_era5,2025-09-08T20:00:00+00:00,unet_correction,U-Net + standard MLP,34.55576716528997,False,hourly mean,3
EP112025,Kiko (2025),without_era5,2025-09-08T21:00:00+00:00,unet_correction,U-Net + standard MLP,35.35436397128634,False,hourly mean,3
EP112025,Kiko (2025),without_era5,2025-09-08T22:00:00+00:00,unet_correction,U-Net + standard MLP,35.29137886895073,False,hourly mean,3
EP112025,Kiko (2025),without_era5,2025-09-08T23:00:00+00:00,unet_correction,U-Net + standard MLP,34.94023132324218,False,hourly mean,3
EP112025,Kiko (2025),without_era5,2025-09-09T00:00:00+00:00,unet_correction,U-Net + standard MLP,33.63951301574706,False,hourly mean,3
EP112025,Kiko (2025),without_era5,2025-09-09T01:00:00+00:00,unet_correction,U-Net + standard MLP,32.156107054816346,False,hourly mean,3
EP112025,Kiko (2025),without_era5,2025-09-09T02:00:00+00:00,unet_correction,U-Net + standard MLP,30.119187990824372,False,hourly mean,3
EP112025,Kiko (2025),without_era5,2025-09-09T03:00:00+00:00,unet_correction,U-Net + standard MLP,26.725284576416005,False,hourly mean,3
EP112025,Kiko (2025),without_era5,2025-09-09T04:00:00+00:00,unet_correction,U-Net + standard MLP,22.933424101935483,False,hourly mean,3
EP112025,Kiko (2025),without_era5,2025-09-09T05:00:00+00:00,unet_correction,U-Net + standard MLP,19.929482565985776,False,hourly mean,3
EP112025,Kiko (2025),without_era5,2025-09-09T06:00:00+00:00,unet_correction,U-Net + standard MLP,19.125192218356652,False,hourly mean,3
EP112025,Kiko (2025),without_era5,2025-09-09T07:00:00+00:00,unet_correction,U-Net + standard MLP,20.2056484222412,False,hourly mean,3
EP112025,Kiko (2025),without_era5,2025-09-09T08:00:00+00:00,unet_correction,U-Net + standard MLP,19.487189398871518,False,hourly mean,3
EP112025,Kiko (2025),without_era5,2025-09-09T09:00:00+00:00,unet_correction,U-Net + standard MLP,18.92447609371608,False,hourly mean,3
EP112025,Kiko (2025),without_era5,2025-09-09T10:00:00+00:00,unet_correction,U-Net + standard MLP,17.74439133538139,False,hourly mean,3
EP112025,Kiko (2025),without_era5,2025-09-09T11:00:00+00:00,unet_correction,U-Net + standard MLP,17.991902139451756,False,hourly mean,3
EP112025,Kiko (2025),without_era5,2025-09-09T12:00:00+00:00,unet_correction,U-Net + standard MLP,18.12161519792344,False,hourly mean,3
EP112025,Kiko (2025),without_era5,2025-09-09T13:00:00+00:00,unet_correction,U-Net + standard MLP,18.178862147861043,False,hourly mean,3
EP112025,Kiko (2025),without_era5,2025-09-09T14:00:00+00:00,unet_correction,U-Net + standard MLP,18.25297959645588,False,hourly mean,3
EP112025,Kiko (2025),without_era5,2025-09-09T15:00:00+00:00,unet_correction,U-Net + standard MLP,17.67746173010931,False,hourly mean,3
EP112025,Kiko (2025),without_era5,2025-09-09T16:00:00+00:00,unet_correction,U-Net + standard MLP,16.969299952189118,False,hourly mean,3
EP112025,Kiko (2025),without_era5,2025-09-09T17:00:00+00:00,unet_correction,U-Net + standard MLP,16.509000036451543,False,hourly mean,3
EP112025,Kiko (2025),without_era5,2025-09-09T18:00:00+00:00,unet_correction,U-Net + standard MLP,16.787940237257207,False,hourly mean,3
EP112025,Kiko (2025),without_era5,2025-09-09T19:00:00+00:00,unet_correction,U-Net + standard MLP,17.56781037648518,False,hourly mean,3
EP112025,Kiko (2025),without_era5,2025-09-09T20:00:00+00:00,unet_correction,U-Net + standard MLP,18.699262513054734,False,hourly mean,3
EP112025,Kiko (2025),without_era5,2025-09-09T21:00:00+00:00,unet_correction,U-Net + standard MLP,20.50843154059515,False,hourly mean,3
EP112025,Kiko (2025),without_era5,2025-09-09T22:00:00+00:00,unet_correction,U-Net + standard MLP,22.685757107204854,False,hourly mean,3
EP112025,Kiko (2025),without_era5,2025-09-09T23:00:00+00:00,unet_correction,U-Net + standard MLP,25.189632627699098,False,hourly mean,3
EP112025,Kiko (2025),without_era5,2025-09-10T00:00:00+00:00,unet_correction,U-Net + standard MLP,27.536306169297955,False,hourly mean,3
EP112025,Kiko (2025),without_era5,2025-09-10T01:00:00+00:00,unet_correction,U-Net + standard MLP,28.92492230733235,False,hourly mean,3
EP112025,Kiko (2025),without_era5,2025-09-10T02:00:00+00:00,unet_correction,U-Net + standard MLP,27.951915952894414,False,hourly mean,3
EP112025,Kiko (2025),without_era5,2025-09-10T03:00:00+00:00,unet_correction,U-Net + standard MLP,24.87137720319959,False,hourly mean,3
EP112025,Kiko (2025),without_era5,2025-09-10T04:00:00+00:00,unet_correction,U-Net + standard MLP,21.506687376234257,False,hourly mean,3
EP112025,Kiko (2025),without_era5,2025-09-10T05:00:00+00:00,unet_correction,U-Net + standard MLP,19.297519154018815,False,hourly mean,3
EP112025,Kiko (2025),without_era5,2025-09-10T06:00:00+00:00,unet_correction,U-Net + standard MLP,17.547997951507558,False,hourly mean,3
EP112025,Kiko (2025),without_era5,2025-09-10T07:00:00+00:00,unet_correction,U-Net + standard MLP,15.975266488393139,False,hourly mean,3
EP112025,Kiko (2025),without_era5,2025-09-10T08:00:00+00:00,unet_correction,U-Net + standard MLP,14.620580334133562,False,hourly mean,3
EP112025,Kiko (2025),without_era5,2025-09-10T09:00:00+00:00,unet_correction,U-Net + standard MLP,14.33301452000935,False,hourly mean,3
EP112025,Kiko (2025),without_era5,2025-09-10T10:00:00+00:00,unet_correction,U-Net + standard MLP,14.840467558966731,False,hourly mean,3
EP112025,Kiko (2025),without_era5,2025-09-10T11:00:00+00:00,unet_correction,U-Net + standard MLP,15.478821860419371,False,hourly mean,3
EP112025,Kiko (2025),without_era5,2025-09-10T12:00:00+00:00,unet_correction,U-Net + standard MLP,16.29154374864365,False,hourly mean,3
EP112025,Kiko (2025),without_era5,2025-09-10T13:00:00+00:00,unet_correction,U-Net + standard MLP,15.843644566006121,False,hourly mean,3
EP112025,Kiko (2025),without_era5,2025-09-10T14:00:00+00:00,unet_correction,U-Net + standard MLP,15.047036382887088,False,hourly mean,3
EP112025,Kiko (2025),without_era5,2025-09-10T15:00:00+00:00,unet_correction,U-Net + standard MLP,14.933701197306306,False,hourly mean,3
EP112025,Kiko (2025),without_era5,2025-09-10T16:00:00+00:00,unet_correction,U-Net + standard MLP,15.814861350589318,False,hourly mean,3
EP112025,Kiko (2025),without_era5,2025-09-10T17:00:00+00:00,unet_correction,U-Net + standard MLP,16.829266124301476,False,hourly mean,3
EP112025,Kiko (2025),without_era5,2025-09-10T18:00:00+00:00,unet_correction,U-Net + standard MLP,18.285028139750153,False,hourly mean,3
EP112025,Kiko (2025),without_era5,2025-09-10T19:00:00+00:00,unet_correction,U-Net + standard MLP,20.367162068684888,False,hourly mean,3
EP112025,Kiko (2025),without_era5,2025-09-10T20:00:00+00:00,unet_correction,U-Net + standard MLP,23.15769577026366,False,hourly mean,3
EP112025,Kiko (2025),without_era5,2025-09-10T21:00:00+00:00,unet_correction,U-Net + standard MLP,25.147247420416928,False,hourly mean,3
EP112025,Kiko (2025),without_era5,2025-09-10T22:00:00+00:00,unet_correction,U-Net + standard MLP,26.601931148105184,False,hourly mean,3
EP112025,Kiko (2025),without_era5,2025-09-10T23:00:00+00:00,unet_correction,U-Net + standard MLP,27.44670899709064,False,hourly mean,3
EP112025,Kiko (2025),without_era5,2025-08-31T00:00:00+00:00,joint_unet_mlp,Joint U-Net + latent MLP,25.66592264175415,False,hourly mean,3
EP112025,Kiko (2025),without_era5,2025-08-31T01:00:00+00:00,joint_unet_mlp,Joint U-Net + latent MLP,25.892195383707683,False,hourly mean,3
EP112025,Kiko (2025),without_era5,2025-08-31T02:00:00+00:00,joint_unet_mlp,Joint U-Net + latent MLP,25.39836714002821,False,hourly mean,3
EP112025,Kiko (2025),without_era5,2025-08-31T03:00:00+00:00,joint_unet_mlp,Joint U-Net + latent MLP,24.736743291219074,False,hourly mean,3
EP112025,Kiko (2025),without_era5,2025-08-31T04:00:00+00:00,joint_unet_mlp,Joint U-Net + latent MLP,23.663867844475643,False,hourly mean,3
EP112025,Kiko (2025),without_era5,2025-08-31T05:00:00+00:00,joint_unet_mlp,Joint U-Net + latent MLP,22.854007191128204,False,hourly mean,3
EP112025,Kiko (2025),without_era5,2025-08-31T06:00:00+00:00,joint_unet_mlp,Joint U-Net + latent MLP,22.616028891669384,False,hourly mean,3
EP112025,Kiko (2025),without_era5,2025-08-31T07:00:00+00:00,joint_unet_mlp,Joint U-Net + latent MLP,22.098744180467392,False,hourly mean,3
EP112025,Kiko (2025),without_era5,2025-08-31T08:00:00+00:00,joint_unet_mlp,Joint U-Net + latent MLP,21.81759770711263,False,hourly mean,3
EP112025,Kiko (2025),without_era5,2025-08-31T09:00:00+00:00,joint_unet_mlp,Joint U-Net + latent MLP,21.97725772857666,False,hourly mean,3
EP112025,Kiko (2025),without_era5,2025-08-31T10:00:00+00:00,joint_unet_mlp,Joint U-Net + latent MLP,22.414934264289005,False,hourly mean,3
EP112025,Kiko (2025),without_era5,2025-08-31T11:00:00+00:00,joint_unet_mlp,Joint U-Net + latent MLP,23.34848001268175,False,hourly mean,3
EP112025,Kiko (2025),without_era5,2025-08-31T12:00:00+00:00,joint_unet_mlp,Joint U-Net + latent MLP,24.116671986050076,False,hourly mean,3
EP112025,Kiko (2025),without_era5,2025-08-31T13:00:00+00:00,joint_unet_mlp,Joint U-Net + latent MLP,24.488104078504772,False,hourly mean,3
EP112025,Kiko (2025),without_era5,2025-08-31T14:00:00+00:00,joint_unet_mlp,Joint U-Net + latent MLP,24.43225362565782,False,hourly mean,3
EP112025,Kiko (2025),without_era5,2025-08-31T15:00:00+00:00,joint_unet_mlp,Joint U-Net + latent MLP,24.631568272908527,False,hourly mean,3
EP112025,Kiko (2025),without_era5,2025-08-31T16:00:00+00:00,joint_unet_mlp,Joint U-Net + latent MLP,25.64408704969618,False,hourly mean,3
EP112025,Kiko (2025),without_era5,2025-08-31T17:00:00+00:00,joint_unet_mlp,Joint U-Net + latent MLP,26.38853581746419,False,hourly mean,3
EP112025,Kiko (2025),without_era5,2025-08-31T18:00:00+00:00,joint_unet_mlp,Joint U-Net + latent MLP,26.24250592125787,False,hourly mean,3
EP112025,Kiko (2025),without_era5,2025-08-31T19:00:00+00:00,joint_unet_mlp,Joint U-Net + latent MLP,27.77019702063667,False,hourly mean,3
EP112025,Kiko (2025),without_era5,2025-08-31T20:00:00+00:00,joint_unet_mlp,Joint U-Net + latent MLP,28.389433330959744,False,hourly mean,3
EP112025,Kiko (2025),without_era5,2025-08-31T21:00:00+00:00,joint_unet_mlp,Joint U-Net + latent MLP,33.407693756951225,False,hourly mean,3
EP112025,Kiko (2025),without_era5,2025-08-31T22:00:00+00:00,joint_unet_mlp,Joint U-Net + latent MLP,34.58639939626058,False,hourly mean,3
EP112025,Kiko (2025),without_era5,2025-08-31T23:00:00+00:00,joint_unet_mlp,Joint U-Net + latent MLP,36.06375240749784,False,hourly mean,3
EP112025,Kiko (2025),without_era5,2025-09-01T00:00:00+00:00,joint_unet_mlp,Joint U-Net + latent MLP,32.138485399882,False,hourly mean,3
EP112025,Kiko (2025),without_era5,2025-09-01T01:00:00+00:00,joint_unet_mlp,Joint U-Net + latent MLP,30.02041024102105,False,hourly mean,3
EP112025,Kiko (2025),without_era5,2025-09-01T02:00:00+00:00,joint_unet_mlp,Joint U-Net + latent MLP,29.866414599948456,False,hourly mean,3
EP112025,Kiko (2025),without_era5,2025-09-01T03:00:00+00:00,joint_unet_mlp,Joint U-Net + latent MLP,31.153679529825848,False,hourly mean,3
EP112025,Kiko (2025),without_era5,2025-09-01T04:00:00+00:00,joint_unet_mlp,Joint U-Net + latent MLP,32.42329745822482,False,hourly mean,3
EP112025,Kiko (2025),without_era5,2025-09-01T05:00:00+00:00,joint_unet_mlp,Joint U-Net + latent MLP,35.16221194797092,False,hourly mean,3
EP112025,Kiko (2025),without_era5,2025-09-01T06:00:00+00:00,joint_unet_mlp,Joint U-Net + latent MLP,36.21608532799615,False,hourly mean,3
EP112025,Kiko (2025),without_era5,2025-09-01T07:00:00+00:00,joint_unet_mlp,Joint U-Net + latent MLP,38.837768130832245,False,hourly mean,3
EP112025,Kiko (2025),without_era5,2025-09-01T08:00:00+00:00,joint_unet_mlp,Joint U-Net + latent MLP,35.96701664394802,False,hourly mean,3
EP112025,Kiko (2025),without_era5,2025-09-01T09:00:00+00:00,joint_unet_mlp,Joint U-Net + latent MLP,36.19421047634549,False,hourly mean,3
EP112025,Kiko (2025),without_era5,2025-09-01T10:00:00+00:00,joint_unet_mlp,Joint U-Net + latent MLP,36.028436024983726,False,hourly mean,3
EP112025,Kiko (2025),without_era5,2025-09-01T11:00:00+00:00,joint_unet_mlp,Joint U-Net + latent MLP,36.92596732245551,False,hourly mean,3
EP112025,Kiko (2025),without_era5,2025-09-01T12:00:00+00:00,joint_unet_mlp,Joint U-Net + latent MLP,35.48661104838053,False,hourly mean,3
EP112025,Kiko (2025),without_era5,2025-09-01T13:00:00+00:00,joint_unet_mlp,Joint U-Net + latent MLP,32.170070542229546,False,hourly mean,3
EP112025,Kiko (2025),without_era5,2025-09-01T14:00:00+00:00,joint_unet_mlp,Joint U-Net + latent MLP,32.01718097262912,False,hourly mean,3
EP112025,Kiko (2025),without_era5,2025-09-01T15:00:00+00:00,joint_unet_mlp,Joint U-Net + latent MLP,33.37744288974338,False,hourly mean,3
EP112025,Kiko (2025),without_era5,2025-09-01T16:00:00+00:00,joint_unet_mlp,Joint U-Net + latent MLP,32.620046827528206,False,hourly mean,3
EP112025,Kiko (2025),without_era5,2025-09-01T17:00:00+00:00,joint_unet_mlp,Joint U-Net + latent MLP,30.25449837578667,False,hourly mean,3
EP112025,Kiko (2025),without_era5,2025-09-01T18:00:00+00:00,joint_unet_mlp,Joint U-Net + latent MLP,28.644432915581593,False,hourly mean,3
EP112025,Kiko (2025),without_era5,2025-09-01T19:00:00+00:00,joint_unet_mlp,Joint U-Net + latent MLP,29.024687237209736,False,hourly mean,3
EP112025,Kiko (2025),without_era5,2025-09-01T20:00:00+00:00,joint_unet_mlp,Joint U-Net + latent MLP,28.918427573309998,False,hourly mean,3
EP112025,Kiko (2025),without_era5,2025-09-01T21:00:00+00:00,joint_unet_mlp,Joint U-Net + latent MLP,27.504680209689663,False,hourly mean,3
EP112025,Kiko (2025),without_era5,2025-09-01T22:00:00+00:00,joint_unet_mlp,Joint U-Net + latent MLP,29.170333968268494,False,hourly mean,3
EP112025,Kiko (2025),without_era5,2025-09-01T23:00:00+00:00,joint_unet_mlp,Joint U-Net + latent MLP,33.412844975789376,False,hourly mean,3
EP112025,Kiko (2025),without_era5,2025-09-02T00:00:00+00:00,joint_unet_mlp,Joint U-Net + latent MLP,37.26951175265842,False,hourly mean,3
EP112025,Kiko (2025),without_era5,2025-09-02T01:00:00+00:00,joint_unet_mlp,Joint U-Net + latent MLP,35.1008399327596,False,hourly mean,3
EP112025,Kiko (2025),without_era5,2025-09-02T02:00:00+00:00,joint_unet_mlp,Joint U-Net + latent MLP,31.533894009060322,False,hourly mean,3
EP112025,Kiko (2025),without_era5,2025-09-02T03:00:00+00:00,joint_unet_mlp,Joint U-Net + latent MLP,29.07584953308105,False,hourly mean,3
EP112025,Kiko (2025),without_era5,2025-09-02T04:00:00+00:00,joint_unet_mlp,Joint U-Net + latent MLP,32.823912832472054,False,hourly mean,3
EP112025,Kiko (2025),without_era5,2025-09-02T05:00:00+00:00,joint_unet_mlp,Joint U-Net + latent MLP,36.25287882486979,False,hourly mean,3
EP112025,Kiko (2025),without_era5,2025-09-02T06:00:00+00:00,joint_unet_mlp,Joint U-Net + latent MLP,39.93286916944715,False,hourly mean,3
EP112025,Kiko (2025),without_era5,2025-09-02T07:00:00+00:00,joint_unet_mlp,Joint U-Net + latent MLP,39.9135996500651,False,hourly mean,3
EP112025,Kiko (2025),without_era5,2025-09-02T08:00:00+00:00,joint_unet_mlp,Joint U-Net + latent MLP,39.63794157240125,False,hourly mean,3
EP112025,Kiko (2025),without_era5,2025-09-02T09:00:00+00:00,joint_unet_mlp,Joint U-Net + latent MLP,39.77288436889648,False,hourly mean,3
EP112025,Kiko (2025),without_era5,2025-09-02T10:00:00+00:00,joint_unet_mlp,Joint U-Net + latent MLP,43.698512395222984,False,hourly mean,3
EP112025,Kiko (2025),without_era5,2025-09-02T11:00:00+00:00,joint_unet_mlp,Joint U-Net + latent MLP,45.681493971082894,False,hourly mean,3
EP112025,Kiko (2025),without_era5,2025-09-02T12:00:00+00:00,joint_unet_mlp,Joint U-Net + latent MLP,45.05128309461805,False,hourly mean,3
EP112025,Kiko (2025),without_era5,2025-09-02T13:00:00+00:00,joint_unet_mlp,Joint U-Net + latent MLP,44.51781611972384,False,hourly mean,3
EP112025,Kiko (2025),without_era5,2025-09-02T14:00:00+00:00,joint_unet_mlp,Joint U-Net + latent MLP,44.86672613355848,False,hourly mean,3
EP112025,Kiko (2025),without_era5,2025-09-02T15:00:00+00:00,joint_unet_mlp,Joint U-Net + latent MLP,44.39834679497613,False,hourly mean,3
EP112025,Kiko (2025),without_era5,2025-09-02T16:00:00+00:00,joint_unet_mlp,Joint U-Net + latent MLP,43.517646365695526,False,hourly mean,3
EP112025,Kiko (2025),without_era5,2025-09-02T17:00:00+00:00,joint_unet_mlp,Joint U-Net + latent MLP,42.84234280056423,False,hourly mean,3
EP112025,Kiko (2025),without_era5,2025-09-02T18:00:00+00:00,joint_unet_mlp,Joint U-Net + latent MLP,46.67570474412705,False,hourly mean,3
EP112025,Kiko (2025),without_era5,2025-09-02T19:00:00+00:00,joint_unet_mlp,Joint U-Net + latent MLP,47.603807237413186,False,hourly mean,3
EP112025,Kiko (2025),without_era5,2025-09-02T20:00:00+00:00,joint_unet_mlp,Joint U-Net + latent MLP,47.778126822577576,False,hourly mean,3
EP112025,Kiko (2025),without_era5,2025-09-02T21:00:00+00:00,joint_unet_mlp,Joint U-Net + latent MLP,44.579229778713646,True,hourly mean,3
EP112025,Kiko (2025),without_era5,2025-09-02T22:00:00+00:00,joint_unet_mlp,Joint U-Net + latent MLP,43.373664432101776,True,hourly mean,3
EP112025,Kiko (2025),without_era5,2025-09-02T23:00:00+00:00,joint_unet_mlp,Joint U-Net + latent MLP,44.475642522176095,True,hourly mean,3
EP112025,Kiko (2025),without_era5,2025-09-03T00:00:00+00:00,joint_unet_mlp,Joint U-Net + latent MLP,45.846584108140725,True,hourly mean,3
EP112025,Kiko (2025),without_era5,2025-09-03T01:00:00+00:00,joint_unet_mlp,Joint U-Net + latent MLP,47.77551417880588,True,hourly mean,3
EP112025,Kiko (2025),without_era5,2025-09-03T02:00:00+00:00,joint_unet_mlp,Joint U-Net + latent MLP,48.55225202772352,True,hourly mean,3
EP112025,Kiko (2025),without_era5,2025-09-03T03:00:00+00:00,joint_unet_mlp,Joint U-Net + latent MLP,51.90716722276475,False,hourly mean,3
EP112025,Kiko (2025),without_era5,2025-09-03T04:00:00+00:00,joint_unet_mlp,Joint U-Net + latent MLP,50.76302189297146,False,hourly mean,3
EP112025,Kiko (2025),without_era5,2025-09-03T05:00:00+00:00,joint_unet_mlp,Joint U-Net + latent MLP,49.27228016323513,False,hourly mean,3
EP112025,Kiko (2025),without_era5,2025-09-03T06:00:00+00:00,joint_unet_mlp,Joint U-Net + latent MLP,45.50696902804904,False,hourly mean,3
EP112025,Kiko (2025),without_era5,2025-09-03T07:00:00+00:00,joint_unet_mlp,Joint U-Net + latent MLP,42.21688503689236,False,hourly mean,3
EP112025,Kiko (2025),without_era5,2025-09-03T08:00:00+00:00,joint_unet_mlp,Joint U-Net + latent MLP,45.14837816026475,False,hourly mean,3
EP112025,Kiko (2025),without_era5,2025-09-03T09:00:00+00:00,joint_unet_mlp,Joint U-Net + latent MLP,51.03733931647406,False,hourly mean,3
EP112025,Kiko (2025),without_era5,2025-09-03T10:00:00+00:00,joint_unet_mlp,Joint U-Net + latent MLP,59.19073592291937,False,hourly mean,3
EP112025,Kiko (2025),without_era5,2025-09-03T11:00:00+00:00,joint_unet_mlp,Joint U-Net + latent MLP,62.7689323425293,False,hourly mean,3
EP112025,Kiko (2025),without_era5,2025-09-03T12:00:00+00:00,joint_unet_mlp,Joint U-Net + latent MLP,64.71351475185817,False,hourly mean,3
EP112025,Kiko (2025),without_era5,2025-09-03T13:00:00+00:00,joint_unet_mlp,Joint U-Net + latent MLP,65.7138385772705,False,hourly mean,3
EP112025,Kiko (2025),without_era5,2025-09-03T14:00:00+00:00,joint_unet_mlp,Joint U-Net + latent MLP,64.95697042677136,False,hourly mean,3
EP112025,Kiko (2025),without_era5,2025-09-03T15:00:00+00:00,joint_unet_mlp,Joint U-Net + latent MLP,64.0049059126112,False,hourly mean,3
EP112025,Kiko (2025),without_era5,2025-09-03T16:00:00+00:00,joint_unet_mlp,Joint U-Net + latent MLP,62.22466659545898,False,hourly mean,3
EP112025,Kiko (2025),without_era5,2025-09-03T17:00:00+00:00,joint_unet_mlp,Joint U-Net + latent MLP,61.90064557393391,False,hourly mean,3
EP112025,Kiko (2025),without_era5,2025-09-03T18:00:00+00:00,joint_unet_mlp,Joint U-Net + latent MLP,61.50467194451226,True,hourly mean,3
EP112025,Kiko (2025),without_era5,2025-09-03T19:00:00+00:00,joint_unet_mlp,Joint U-Net + latent MLP,60.69687991672092,True,hourly mean,3
EP112025,Kiko (2025),without_era5,2025-09-03T20:00:00+00:00,joint_unet_mlp,Joint U-Net + latent MLP,59.36733627319336,True,hourly mean,3
EP112025,Kiko (2025),without_era5,2025-09-03T21:00:00+00:00,joint_unet_mlp,Joint U-Net + latent MLP,57.54086875915527,True,hourly mean,3
EP112025,Kiko (2025),without_era5,2025-09-03T22:00:00+00:00,joint_unet_mlp,Joint U-Net + latent MLP,59.47489505343967,True,hourly mean,3
EP112025,Kiko (2025),without_era5,2025-09-03T23:00:00+00:00,joint_unet_mlp,Joint U-Net + latent MLP,60.547127829657654,True,hourly mean,3
EP112025,Kiko (2025),without_era5,2025-09-04T00:00:00+00:00,joint_unet_mlp,Joint U-Net + latent MLP,61.72307692633734,True,hourly mean,3
EP112025,Kiko (2025),without_era5,2025-09-04T01:00:00+00:00,joint_unet_mlp,Joint U-Net + latent MLP,60.0351407792833,True,hourly mean,3
EP112025,Kiko (2025),without_era5,2025-09-04T02:00:00+00:00,joint_unet_mlp,Joint U-Net + latent MLP,59.89073605007595,True,hourly mean,3
EP112025,Kiko (2025),without_era5,2025-09-04T03:00:00+00:00,joint_unet_mlp,Joint U-Net + latent MLP,60.976270039876304,True,hourly mean,3
EP112025,Kiko (2025),without_era5,2025-09-04T04:00:00+00:00,joint_unet_mlp,Joint U-Net + latent MLP,60.93494012620713,True,hourly mean,3
EP112025,Kiko (2025),without_era5,2025-09-04T05:00:00+00:00,joint_unet_mlp,Joint U-Net + latent MLP,59.479800118340385,True,hourly mean,3
EP112025,Kiko (2025),without_era5,2025-09-04T06:00:00+00:00,joint_unet_mlp,Joint U-Net + latent MLP,55.311066733466255,True,hourly mean,3
EP112025,Kiko (2025),without_era5,2025-09-04T07:00:00+00:00,joint_unet_mlp,Joint U-Net + latent MLP,53.43031077914768,True,hourly mean,3
EP112025,Kiko (2025),without_era5,2025-09-04T08:00:00+00:00,joint_unet_mlp,Joint U-Net + latent MLP,52.135884602864586,True,hourly mean,3
EP112025,Kiko (2025),without_era5,2025-09-04T09:00:00+00:00,joint_unet_mlp,Joint U-Net + latent MLP,51.83494991726345,False,hourly mean,3
EP112025,Kiko (2025),without_era5,2025-09-04T10:00:00+00:00,joint_unet_mlp,Joint U-Net + latent MLP,53.06698799133301,False,hourly mean,3
EP112025,Kiko (2025),without_era5,2025-09-04T11:00:00+00:00,joint_unet_mlp,Joint U-Net + latent MLP,56.44957945081922,False,hourly mean,3
EP112025,Kiko (2025),without_era5,2025-09-04T12:00:00+00:00,joint_unet_mlp,Joint U-Net + latent MLP,59.178454928927955,False,hourly mean,3
EP112025,Kiko (2025),without_era5,2025-09-04T13:00:00+00:00,joint_unet_mlp,Joint U-Net + latent MLP,60.089290830824105,False,hourly mean,3
EP112025,Kiko (2025),without_era5,2025-09-04T14:00:00+00:00,joint_unet_mlp,Joint U-Net + latent MLP,60.08932918972439,False,hourly mean,3
EP112025,Kiko (2025),without_era5,2025-09-04T15:00:00+00:00,joint_unet_mlp,Joint U-Net + latent MLP,58.351295471191406,False,hourly mean,3
EP112025,Kiko (2025),without_era5,2025-09-04T16:00:00+00:00,joint_unet_mlp,Joint U-Net + latent MLP,57.19794718424479,False,hourly mean,3
EP112025,Kiko (2025),without_era5,2025-09-04T17:00:00+00:00,joint_unet_mlp,Joint U-Net + latent MLP,55.33407020568848,False,hourly mean,3
EP112025,Kiko (2025),without_era5,2025-09-04T18:00:00+00:00,joint_unet_mlp,Joint U-Net + latent MLP,53.472208658854164,False,hourly mean,3
EP112025,Kiko (2025),without_era5,2025-09-04T19:00:00+00:00,joint_unet_mlp,Joint U-Net + latent MLP,52.79254362318252,False,hourly mean,3
EP112025,Kiko (2025),without_era5,2025-09-04T20:00:00+00:00,joint_unet_mlp,Joint U-Net + latent MLP,52.411661783854164,False,hourly mean,3
EP112025,Kiko (2025),without_era5,2025-09-04T21:00:00+00:00,joint_unet_mlp,Joint U-Net + latent MLP,53.46930503845215,False,hourly mean,3
EP112025,Kiko (2025),without_era5,2025-09-04T22:00:00+00:00,joint_unet_mlp,Joint U-Net + latent MLP,53.54920535617404,False,hourly mean,3
EP112025,Kiko (2025),without_era5,2025-09-04T23:00:00+00:00,joint_unet_mlp,Joint U-Net + latent MLP,52.367079416910805,False,hourly mean,3
EP112025,Kiko (2025),without_era5,2025-09-05T00:00:00+00:00,joint_unet_mlp,Joint U-Net + latent MLP,52.47350417243109,False,hourly mean,3
EP112025,Kiko (2025),without_era5,2025-09-05T01:00:00+00:00,joint_unet_mlp,Joint U-Net + latent MLP,51.68416447109646,False,hourly mean,3
EP112025,Kiko (2025),without_era5,2025-09-05T02:00:00+00:00,joint_unet_mlp,Joint U-Net + latent MLP,50.87855169508192,False,hourly mean,3
EP112025,Kiko (2025),without_era5,2025-09-05T03:00:00+00:00,joint_unet_mlp,Joint U-Net + latent MLP,47.17198944091797,False,hourly mean,3
EP112025,Kiko (2025),without_era5,2025-09-05T04:00:00+00:00,joint_unet_mlp,Joint U-Net + latent MLP,43.80983543395996,False,hourly mean,3
EP112025,Kiko (2025),without_era5,2025-09-05T05:00:00+00:00,joint_unet_mlp,Joint U-Net + latent MLP,42.66893026563857,False,hourly mean,3
EP112025,Kiko (2025),without_era5,2025-09-05T06:00:00+00:00,joint_unet_mlp,Joint U-Net + latent MLP,43.13015598720975,False,hourly mean,3
EP112025,Kiko (2025),without_era5,2025-09-05T07:00:00+00:00,joint_unet_mlp,Joint U-Net + latent MLP,43.417267905341255,False,hourly mean,3
EP112025,Kiko (2025),without_era5,2025-09-05T08:00:00+00:00,joint_unet_mlp,Joint U-Net + latent MLP,40.86936060587565,False,hourly mean,3
EP112025,Kiko (2025),without_era5,2025-09-05T09:00:00+00:00,joint_unet_mlp,Joint U-Net + latent MLP,40.07516627841526,False,hourly mean,3
EP112025,Kiko (2025),without_era5,2025-09-05T10:00:00+00:00,joint_unet_mlp,Joint U-Net + latent MLP,39.64515240987142,False,hourly mean,3
EP112025,Kiko (2025),without_era5,2025-09-05T11:00:00+00:00,joint_unet_mlp,Joint U-Net + latent MLP,38.568773693508575,False,hourly mean,3
EP112025,Kiko (2025),without_era5,2025-09-05T12:00:00+00:00,joint_unet_mlp,Joint U-Net + latent MLP,40.498579025268555,False,hourly mean,3
EP112025,Kiko (2025),without_era5,2025-09-05T13:00:00+00:00,joint_unet_mlp,Joint U-Net + latent MLP,45.157064225938576,False,hourly mean,3
EP112025,Kiko (2025),without_era5,2025-09-05T14:00:00+00:00,joint_unet_mlp,Joint U-Net + latent MLP,50.29481146070693,False,hourly mean,3
EP112025,Kiko (2025),without_era5,2025-09-05T15:00:00+00:00,joint_unet_mlp,Joint U-Net + latent MLP,52.056231392754455,False,hourly mean,3
EP112025,Kiko (2025),without_era5,2025-09-05T16:00:00+00:00,joint_unet_mlp,Joint U-Net + latent MLP,50.07433573404948,False,hourly mean,3
EP112025,Kiko (2025),without_era5,2025-09-05T17:00:00+00:00,joint_unet_mlp,Joint U-Net + latent MLP,50.294934590657554,False,hourly mean,3
EP112025,Kiko (2025),without_era5,2025-09-05T18:00:00+00:00,joint_unet_mlp,Joint U-Net + latent MLP,52.53234672546387,False,hourly mean,3
EP112025,Kiko (2025),without_era5,2025-09-05T19:00:00+00:00,joint_unet_mlp,Joint U-Net + latent MLP,55.8594610426161,False,hourly mean,3
EP112025,Kiko (2025),without_era5,2025-09-05T20:00:00+00:00,joint_unet_mlp,Joint U-Net + latent MLP,58.93710751003689,False,hourly mean,3
EP112025,Kiko (2025),without_era5,2025-09-05T21:00:00+00:00,joint_unet_mlp,Joint U-Net + latent MLP,59.55900319417318,False,hourly mean,3
EP112025,Kiko (2025),without_era5,2025-09-05T22:00:00+00:00,joint_unet_mlp,Joint U-Net + latent MLP,59.786500506930885,False,hourly mean,3
EP112025,Kiko (2025),without_era5,2025-09-05T23:00:00+00:00,joint_unet_mlp,Joint U-Net + latent MLP,60.44889810350207,False,hourly mean,3
EP112025,Kiko (2025),without_era5,2025-09-06T00:00:00+00:00,joint_unet_mlp,Joint U-Net + latent MLP,61.10389433966743,False,hourly mean,3
EP112025,Kiko (2025),without_era5,2025-09-06T01:00:00+00:00,joint_unet_mlp,Joint U-Net + latent MLP,62.155239741007485,False,hourly mean,3
EP112025,Kiko (2025),without_era5,2025-09-06T02:00:00+00:00,joint_unet_mlp,Joint U-Net + latent MLP,62.660800509982636,False,hourly mean,3
EP112025,Kiko (2025),without_era5,2025-09-06T03:00:00+00:00,joint_unet_mlp,Joint U-Net + latent MLP,63.54569943745931,False,hourly mean,3
EP112025,Kiko (2025),without_era5,2025-09-06T04:00:00+00:00,joint_unet_mlp,Joint U-Net + latent MLP,63.622836430867515,False,hourly mean,3
EP112025,Kiko (2025),without_era5,2025-09-06T05:00:00+00:00,joint_unet_mlp,Joint U-Net + latent MLP,62.98110813564725,False,hourly mean,3
EP112025,Kiko (2025),without_era5,2025-09-06T06:00:00+00:00,joint_unet_mlp,Joint U-Net + latent MLP,62.1706780327691,False,hourly mean,3
EP112025,Kiko (2025),without_era5,2025-09-06T07:00:00+00:00,joint_unet_mlp,Joint U-Net + latent MLP,61.48339059617785,False,hourly mean,3
EP112025,Kiko (2025),without_era5,2025-09-06T08:00:00+00:00,joint_unet_mlp,Joint U-Net + latent MLP,61.61947801378037,False,hourly mean,3
EP112025,Kiko (2025),without_era5,2025-09-06T09:00:00+00:00,joint_unet_mlp,Joint U-Net + latent MLP,62.10195096333822,False,hourly mean,3
EP112025,Kiko (2025),without_era5,2025-09-06T10:00:00+00:00,joint_unet_mlp,Joint U-Net + latent MLP,61.30767610338,False,hourly mean,3
EP112025,Kiko (2025),without_era5,2025-09-06T11:00:00+00:00,joint_unet_mlp,Joint U-Net + latent MLP,58.889869689941406,False,hourly mean,3
EP112025,Kiko (2025),without_era5,2025-09-06T12:00:00+00:00,joint_unet_mlp,Joint U-Net + latent MLP,54.12575509813097,False,hourly mean,3
EP112025,Kiko (2025),without_era5,2025-09-06T13:00:00+00:00,joint_unet_mlp,Joint U-Net + latent MLP,50.825555165608726,False,hourly mean,3
EP112025,Kiko (2025),without_era5,2025-09-06T14:00:00+00:00,joint_unet_mlp,Joint U-Net + latent MLP,50.50822109646268,False,hourly mean,3
EP112025,Kiko (2025),without_era5,2025-09-06T15:00:00+00:00,joint_unet_mlp,Joint U-Net + latent MLP,51.4028065999349,False,hourly mean,3
EP112025,Kiko (2025),without_era5,2025-09-06T16:00:00+00:00,joint_unet_mlp,Joint U-Net + latent MLP,52.38468233744303,False,hourly mean,3
EP112025,Kiko (2025),without_era5,2025-09-06T17:00:00+00:00,joint_unet_mlp,Joint U-Net + latent MLP,51.708780076768655,False,hourly mean,3
EP112025,Kiko (2025),without_era5,2025-09-06T18:00:00+00:00,joint_unet_mlp,Joint U-Net + latent MLP,53.10518582661947,False,hourly mean,3
EP112025,Kiko (2025),without_era5,2025-09-06T19:00:00+00:00,joint_unet_mlp,Joint U-Net + latent MLP,55.71948687235514,False,hourly mean,3
EP112025,Kiko (2025),without_era5,2025-09-06T20:00:00+00:00,joint_unet_mlp,Joint U-Net + latent MLP,58.262259377373596,False,hourly mean,3
EP112025,Kiko (2025),without_era5,2025-09-06T21:00:00+00:00,joint_unet_mlp,Joint U-Net + latent MLP,60.5301096174452,False,hourly mean,3
EP112025,Kiko (2025),without_era5,2025-09-06T22:00:00+00:00,joint_unet_mlp,Joint U-Net + latent MLP,62.195142957899314,False,hourly mean,3
EP112025,Kiko (2025),without_era5,2025-09-06T23:00:00+00:00,joint_unet_mlp,Joint U-Net + latent MLP,63.950553046332466,False,hourly mean,3
EP112025,Kiko (2025),without_era5,2025-09-07T00:00:00+00:00,joint_unet_mlp,Joint U-Net + latent MLP,64.9109361436632,False,hourly mean,3
EP112025,Kiko (2025),without_era5,2025-09-07T01:00:00+00:00,joint_unet_mlp,Joint U-Net + latent MLP,65.0231564839681,False,hourly mean,3
EP112025,Kiko (2025),without_era5,2025-09-07T02:00:00+00:00,joint_unet_mlp,Joint U-Net + latent MLP,65.35540093315973,False,hourly mean,3
EP112025,Kiko (2025),without_era5,2025-09-07T03:00:00+00:00,joint_unet_mlp,Joint U-Net + latent MLP,65.32286495632594,False,hourly mean,3
EP112025,Kiko (2025),without_era5,2025-09-07T04:00:00+00:00,joint_unet_mlp,Joint U-Net + latent MLP,65.45692316691081,False,hourly mean,3
EP112025,Kiko (2025),without_era5,2025-09-07T05:00:00+00:00,joint_unet_mlp,Joint U-Net + latent MLP,64.25508965386284,False,hourly mean,3
EP112025,Kiko (2025),without_era5,2025-09-07T06:00:00+00:00,joint_unet_mlp,Joint U-Net + latent MLP,63.0187176598443,False,hourly mean,3
EP112025,Kiko (2025),without_era5,2025-09-07T07:00:00+00:00,joint_unet_mlp,Joint U-Net + latent MLP,62.86178398132324,False,hourly mean,3
EP112025,Kiko (2025),without_era5,2025-09-07T08:00:00+00:00,joint_unet_mlp,Joint U-Net + latent MLP,63.11416668362087,False,hourly mean,3
EP112025,Kiko (2025),without_era5,2025-09-07T09:00:00+00:00,joint_unet_mlp,Joint U-Net + latent MLP,63.656662411159935,False,hourly mean,3
EP112025,Kiko (2025),without_era5,2025-09-07T10:00:00+00:00,joint_unet_mlp,Joint U-Net + latent MLP,62.61570188734266,False,hourly mean,3
EP112025,Kiko (2025),without_era5,2025-09-07T11:00:00+00:00,joint_unet_mlp,Joint U-Net + latent MLP,59.17344347635905,False,hourly mean,3
EP112025,Kiko (2025),without_era5,2025-09-07T12:00:00+00:00,joint_unet_mlp,Joint U-Net + latent MLP,58.203216552734375,False,hourly mean,3
EP112025,Kiko (2025),without_era5,2025-09-07T13:00:00+00:00,joint_unet_mlp,Joint U-Net + latent MLP,58.41874546474881,False,hourly mean,3
EP112025,Kiko (2025),without_era5,2025-09-07T14:00:00+00:00,joint_unet_mlp,Joint U-Net + latent MLP,60.23125288221572,False,hourly mean,3
EP112025,Kiko (2025),without_era5,2025-09-07T15:00:00+00:00,joint_unet_mlp,Joint U-Net + latent MLP,55.180658552381736,False,hourly mean,3
EP112025,Kiko (2025),without_era5,2025-09-07T16:00:00+00:00,joint_unet_mlp,Joint U-Net + latent MLP,49.66535992092557,False,hourly mean,3
EP112025,Kiko (2025),without_era5,2025-09-07T17:00:00+00:00,joint_unet_mlp,Joint U-Net + latent MLP,44.21885448031955,False,hourly mean,3
EP112025,Kiko (2025),without_era5,2025-09-07T18:00:00+00:00,joint_unet_mlp,Joint U-Net + latent MLP,39.15632343292236,False,hourly mean,3
EP112025,Kiko (2025),without_era5,2025-09-07T19:00:00+00:00,joint_unet_mlp,Joint U-Net + latent MLP,38.94291083017985,False,hourly mean,3
EP112025,Kiko (2025),without_era5,2025-09-07T20:00:00+00:00,joint_unet_mlp,Joint U-Net + latent MLP,38.307448387145996,False,hourly mean,3
EP112025,Kiko (2025),without_era5,2025-09-07T21:00:00+00:00,joint_unet_mlp,Joint U-Net + latent MLP,39.03333854675292,False,hourly mean,3
EP112025,Kiko (2025),without_era5,2025-09-07T22:00:00+00:00,joint_unet_mlp,Joint U-Net + latent MLP,33.93291102515327,False,hourly mean,3
EP112025,Kiko (2025),without_era5,2025-09-07T23:00:00+00:00,joint_unet_mlp,Joint U-Net + latent MLP,30.038582801818848,False,hourly mean,3
EP112025,Kiko (2025),without_era5,2025-09-08T00:00:00+00:00,joint_unet_mlp,Joint U-Net + latent MLP,28.985279189215763,False,hourly mean,3
EP112025,Kiko (2025),without_era5,2025-09-08T01:00:00+00:00,joint_unet_mlp,Joint U-Net + latent MLP,32.92802980211046,False,hourly mean,3
EP112025,Kiko (2025),without_era5,2025-09-08T02:00:00+00:00,joint_unet_mlp,Joint U-Net + latent MLP,33.99976083967421,False,hourly mean,3
EP112025,Kiko (2025),without_era5,2025-09-08T03:00:00+00:00,joint_unet_mlp,Joint U-Net + latent MLP,34.65857940249973,False,hourly mean,3
EP112025,Kiko (2025),without_era5,2025-09-08T04:00:00+00:00,joint_unet_mlp,Joint U-Net + latent MLP,30.690260251363117,False,hourly mean,3
EP112025,Kiko (2025),without_era5,2025-09-08T05:00:00+00:00,joint_unet_mlp,Joint U-Net + latent MLP,29.724497583177353,False,hourly mean,3
EP112025,Kiko (2025),without_era5,2025-09-08T06:00:00+00:00,joint_unet_mlp,Joint U-Net + latent MLP,29.147519005669484,False,hourly mean,3
EP112025,Kiko (2025),without_era5,2025-09-08T07:00:00+00:00,joint_unet_mlp,Joint U-Net + latent MLP,27.84884378645155,False,hourly mean,3
EP112025,Kiko (2025),without_era5,2025-09-08T08:00:00+00:00,joint_unet_mlp,Joint U-Net + latent MLP,26.933590677049423,False,hourly mean,3
EP112025,Kiko (2025),without_era5,2025-09-08T09:00:00+00:00,joint_unet_mlp,Joint U-Net + latent MLP,25.70833608839247,False,hourly mean,3
EP112025,Kiko (2025),without_era5,2025-09-08T10:00:00+00:00,joint_unet_mlp,Joint U-Net + latent MLP,26.80359109242757,False,hourly mean,3
EP112025,Kiko (2025),without_era5,2025-09-08T11:00:00+00:00,joint_unet_mlp,Joint U-Net + latent MLP,27.311681535508896,False,hourly mean,3
EP112025,Kiko (2025),without_era5,2025-09-08T12:00:00+00:00,joint_unet_mlp,Joint U-Net + latent MLP,28.87975385453966,False,hourly mean,3
EP112025,Kiko (2025),without_era5,2025-09-08T13:00:00+00:00,joint_unet_mlp,Joint U-Net + latent MLP,29.184784253438313,False,hourly mean,3
EP112025,Kiko (2025),without_era5,2025-09-08T14:00:00+00:00,joint_unet_mlp,Joint U-Net + latent MLP,29.50544336107042,False,hourly mean,3
EP112025,Kiko (2025),without_era5,2025-09-08T15:00:00+00:00,joint_unet_mlp,Joint U-Net + latent MLP,29.859810829162598,False,hourly mean,3
EP112025,Kiko (2025),without_era5,2025-09-08T16:00:00+00:00,joint_unet_mlp,Joint U-Net + latent MLP,28.537410948011612,False,hourly mean,3
EP112025,Kiko (2025),without_era5,2025-09-08T17:00:00+00:00,joint_unet_mlp,Joint U-Net + latent MLP,27.941181182861328,False,hourly mean,3
EP112025,Kiko (2025),without_era5,2025-09-08T18:00:00+00:00,joint_unet_mlp,Joint U-Net + latent MLP,25.727507909138996,False,hourly mean,3
EP112025,Kiko (2025),without_era5,2025-09-08T19:00:00+00:00,joint_unet_mlp,Joint U-Net + latent MLP,25.536348448859325,False,hourly mean,3
EP112025,Kiko (2025),without_era5,2025-09-08T20:00:00+00:00,joint_unet_mlp,Joint U-Net + latent MLP,25.104504797193737,False,hourly mean,3
EP112025,Kiko (2025),without_era5,2025-09-08T21:00:00+00:00,joint_unet_mlp,Joint U-Net + latent MLP,25.656577004326717,False,hourly mean,3
EP112025,Kiko (2025),without_era5,2025-09-08T22:00:00+00:00,joint_unet_mlp,Joint U-Net + latent MLP,25.864656448364258,False,hourly mean,3
EP112025,Kiko (2025),without_era5,2025-09-08T23:00:00+00:00,joint_unet_mlp,Joint U-Net + latent MLP,25.258177757263184,False,hourly mean,3
EP112025,Kiko (2025),without_era5,2025-09-09T00:00:00+00:00,joint_unet_mlp,Joint U-Net + latent MLP,24.23719745212131,False,hourly mean,3
EP112025,Kiko (2025),without_era5,2025-09-09T01:00:00+00:00,joint_unet_mlp,Joint U-Net + latent MLP,23.34391180674235,False,hourly mean,3
EP112025,Kiko (2025),without_era5,2025-09-09T02:00:00+00:00,joint_unet_mlp,Joint U-Net + latent MLP,23.143115997314453,False,hourly mean,3
EP112025,Kiko (2025),without_era5,2025-09-09T03:00:00+00:00,joint_unet_mlp,Joint U-Net + latent MLP,22.904773818122013,False,hourly mean,3
EP112025,Kiko (2025),without_era5,2025-09-09T04:00:00+00:00,joint_unet_mlp,Joint U-Net + latent MLP,22.520771238538952,False,hourly mean,3
EP112025,Kiko (2025),without_era5,2025-09-09T05:00:00+00:00,joint_unet_mlp,Joint U-Net + latent MLP,22.135488933987087,False,hourly mean,3
EP112025,Kiko (2025),without_era5,2025-09-09T06:00:00+00:00,joint_unet_mlp,Joint U-Net + latent MLP,21.722736252678768,False,hourly mean,3
EP112025,Kiko (2025),without_era5,2025-09-09T07:00:00+00:00,joint_unet_mlp,Joint U-Net + latent MLP,22.68208270602756,False,hourly mean,3
EP112025,Kiko (2025),without_era5,2025-09-09T08:00:00+00:00,joint_unet_mlp,Joint U-Net + latent MLP,22.348257700602215,False,hourly mean,3
EP112025,Kiko (2025),without_era5,2025-09-09T09:00:00+00:00,joint_unet_mlp,Joint U-Net + latent MLP,22.328518125745983,False,hourly mean,3
EP112025,Kiko (2025),without_era5,2025-09-09T10:00:00+00:00,joint_unet_mlp,Joint U-Net + latent MLP,21.171300888061523,False,hourly mean,3
EP112025,Kiko (2025),without_era5,2025-09-09T11:00:00+00:00,joint_unet_mlp,Joint U-Net + latent MLP,21.363244374593098,False,hourly mean,3
EP112025,Kiko (2025),without_era5,2025-09-09T12:00:00+00:00,joint_unet_mlp,Joint U-Net + latent MLP,21.365896224975586,False,hourly mean,3
EP112025,Kiko (2025),without_era5,2025-09-09T13:00:00+00:00,joint_unet_mlp,Joint U-Net + latent MLP,21.236454645792644,False,hourly mean,3
EP112025,Kiko (2025),without_era5,2025-09-09T14:00:00+00:00,joint_unet_mlp,Joint U-Net + latent MLP,21.121056874593098,False,hourly mean,3
EP112025,Kiko (2025),without_era5,2025-09-09T15:00:00+00:00,joint_unet_mlp,Joint U-Net + latent MLP,21.103912565443252,False,hourly mean,3
EP112025,Kiko (2025),without_era5,2025-09-09T16:00:00+00:00,joint_unet_mlp,Joint U-Net + latent MLP,21.10350184970432,False,hourly mean,3
EP112025,Kiko (2025),without_era5,2025-09-09T17:00:00+00:00,joint_unet_mlp,Joint U-Net + latent MLP,21.10441493988037,False,hourly mean,3
EP112025,Kiko (2025),without_era5,2025-09-09T18:00:00+00:00,joint_unet_mlp,Joint U-Net + latent MLP,21.076842943827312,False,hourly mean,3
EP112025,Kiko (2025),without_era5,2025-09-09T19:00:00+00:00,joint_unet_mlp,Joint U-Net + latent MLP,21.189122835795086,False,hourly mean,3
EP112025,Kiko (2025),without_era5,2025-09-09T20:00:00+00:00,joint_unet_mlp,Joint U-Net + latent MLP,21.256796942816845,False,hourly mean,3
EP112025,Kiko (2025),without_era5,2025-09-09T21:00:00+00:00,joint_unet_mlp,Joint U-Net + latent MLP,21.151868820190433,False,hourly mean,3
EP112025,Kiko (2025),without_era5,2025-09-09T22:00:00+00:00,joint_unet_mlp,Joint U-Net + latent MLP,21.02345911661784,False,hourly mean,3
EP112025,Kiko (2025),without_era5,2025-09-09T23:00:00+00:00,joint_unet_mlp,Joint U-Net + latent MLP,20.84271240234375,False,hourly mean,3
EP112025,Kiko (2025),without_era5,2025-09-10T00:00:00+00:00,joint_unet_mlp,Joint U-Net + latent MLP,20.854545169406467,False,hourly mean,3
EP112025,Kiko (2025),without_era5,2025-09-10T01:00:00+00:00,joint_unet_mlp,Joint U-Net + latent MLP,20.83288012610541,False,hourly mean,3
EP112025,Kiko (2025),without_era5,2025-09-10T02:00:00+00:00,joint_unet_mlp,Joint U-Net + latent MLP,20.91756969028049,False,hourly mean,3
EP112025,Kiko (2025),without_era5,2025-09-10T03:00:00+00:00,joint_unet_mlp,Joint U-Net + latent MLP,21.18846469455295,False,hourly mean,3
EP112025,Kiko (2025),without_era5,2025-09-10T04:00:00+00:00,joint_unet_mlp,Joint U-Net + latent MLP,21.462217966715496,False,hourly mean,3
EP112025,Kiko (2025),without_era5,2025-09-10T05:00:00+00:00,joint_unet_mlp,Joint U-Net + latent MLP,21.533237139383953,False,hourly mean,3
EP112025,Kiko (2025),without_era5,2025-09-10T06:00:00+00:00,joint_unet_mlp,Joint U-Net + latent MLP,21.227267265319824,False,hourly mean,3
EP112025,Kiko (2025),without_era5,2025-09-10T07:00:00+00:00,joint_unet_mlp,Joint U-Net + latent MLP,20.926348728603788,False,hourly mean,3
EP112025,Kiko (2025),without_era5,2025-09-10T08:00:00+00:00,joint_unet_mlp,Joint U-Net + latent MLP,20.854151980082193,False,hourly mean,3
EP112025,Kiko (2025),without_era5,2025-09-10T09:00:00+00:00,joint_unet_mlp,Joint U-Net + latent MLP,21.018595525953504,False,hourly mean,3
EP112025,Kiko (2025),without_era5,2025-09-10T10:00:00+00:00,joint_unet_mlp,Joint U-Net + latent MLP,21.276082674662273,False,hourly mean,3
EP112025,Kiko (2025),without_era5,2025-09-10T11:00:00+00:00,joint_unet_mlp,Joint U-Net + latent MLP,21.49818706512451,False,hourly mean,3
EP112025,Kiko (2025),without_era5,2025-09-10T12:00:00+00:00,joint_unet_mlp,Joint U-Net + latent MLP,21.557542271084255,False,hourly mean,3
EP112025,Kiko (2025),without_era5,2025-09-10T13:00:00+00:00,joint_unet_mlp,Joint U-Net + latent MLP,21.53558275434706,False,hourly mean,3
EP112025,Kiko (2025),without_era5,2025-09-10T14:00:00+00:00,joint_unet_mlp,Joint U-Net + latent MLP,21.269877433776855,False,hourly mean,3
EP112025,Kiko (2025),without_era5,2025-09-10T15:00:00+00:00,joint_unet_mlp,Joint U-Net + latent MLP,20.59359179602729,False,hourly mean,3
EP112025,Kiko (2025),without_era5,2025-09-10T16:00:00+00:00,joint_unet_mlp,Joint U-Net + latent MLP,20.22457758585612,False,hourly mean,3
EP112025,Kiko (2025),without_era5,2025-09-10T17:00:00+00:00,joint_unet_mlp,Joint U-Net + latent MLP,20.426394674513077,False,hourly mean,3
EP112025,Kiko (2025),without_era5,2025-09-10T18:00:00+00:00,joint_unet_mlp,Joint U-Net + latent MLP,21.186734517415363,False,hourly mean,3
EP112025,Kiko (2025),without_era5,2025-09-10T19:00:00+00:00,joint_unet_mlp,Joint U-Net + latent MLP,21.749791357252334,False,hourly mean,3
EP112025,Kiko (2025),without_era5,2025-09-10T20:00:00+00:00,joint_unet_mlp,Joint U-Net + latent MLP,22.120714399549698,False,hourly mean,3
EP112025,Kiko (2025),without_era5,2025-09-10T21:00:00+00:00,joint_unet_mlp,Joint U-Net + latent MLP,23.20262877146403,False,hourly mean,3
EP112025,Kiko (2025),without_era5,2025-09-10T22:00:00+00:00,joint_unet_mlp,Joint U-Net + latent MLP,24.489232169257267,False,hourly mean,3
EP112025,Kiko (2025),without_era5,2025-09-10T23:00:00+00:00,joint_unet_mlp,Joint U-Net + latent MLP,25.46293147404988,False,hourly mean,3
EP182023,Otis (2023),with_era5,2023-10-21T00:00:00+00:00,ibtracs_best_track,IBTrACS best track,12.8611,False,hourly mean,3
EP182023,Otis (2023),with_era5,2023-10-21T01:00:00+00:00,ibtracs_best_track,IBTrACS best track,12.8611,False,hourly mean,3
EP182023,Otis (2023),with_era5,2023-10-21T02:00:00+00:00,ibtracs_best_track,IBTrACS best track,12.8611,False,hourly mean,3
EP182023,Otis (2023),with_era5,2023-10-21T03:00:00+00:00,ibtracs_best_track,IBTrACS best track,12.8611,False,hourly mean,3
EP182023,Otis (2023),with_era5,2023-10-21T04:00:00+00:00,ibtracs_best_track,IBTrACS best track,12.8611,False,hourly mean,3
EP182023,Otis (2023),with_era5,2023-10-21T05:00:00+00:00,ibtracs_best_track,IBTrACS best track,12.8611,False,hourly mean,3
EP182023,Otis (2023),with_era5,2023-10-21T06:00:00+00:00,ibtracs_best_track,IBTrACS best track,12.8611,False,hourly mean,3
EP182023,Otis (2023),with_era5,2023-10-21T07:00:00+00:00,ibtracs_best_track,IBTrACS best track,12.8611,False,hourly mean,3
EP182023,Otis (2023),with_era5,2023-10-21T08:00:00+00:00,ibtracs_best_track,IBTrACS best track,12.8611,False,hourly mean,3
EP182023,Otis (2023),with_era5,2023-10-21T09:00:00+00:00,ibtracs_best_track,IBTrACS best track,12.8611,False,hourly mean,3
EP182023,Otis (2023),with_era5,2023-10-21T10:00:00+00:00,ibtracs_best_track,IBTrACS best track,12.8611,False,hourly mean,3
EP182023,Otis (2023),with_era5,2023-10-21T11:00:00+00:00,ibtracs_best_track,IBTrACS best track,12.8611,False,hourly mean,3
EP182023,Otis (2023),with_era5,2023-10-21T12:00:00+00:00,ibtracs_best_track,IBTrACS best track,12.8611,False,hourly mean,3
EP182023,Otis (2023),with_era5,2023-10-21T13:00:00+00:00,ibtracs_best_track,IBTrACS best track,12.8611,False,hourly mean,3
EP182023,Otis (2023),with_era5,2023-10-21T14:00:00+00:00,ibtracs_best_track,IBTrACS best track,12.8611,False,hourly mean,3
EP182023,Otis (2023),with_era5,2023-10-21T15:00:00+00:00,ibtracs_best_track,IBTrACS best track,12.8611,False,hourly mean,3
EP182023,Otis (2023),with_era5,2023-10-21T16:00:00+00:00,ibtracs_best_track,IBTrACS best track,12.8611,False,hourly mean,3
EP182023,Otis (2023),with_era5,2023-10-21T17:00:00+00:00,ibtracs_best_track,IBTrACS best track,12.8611,False,hourly mean,3
EP182023,Otis (2023),with_era5,2023-10-21T18:00:00+00:00,ibtracs_best_track,IBTrACS best track,12.8611,False,hourly mean,3
EP182023,Otis (2023),with_era5,2023-10-21T19:00:00+00:00,ibtracs_best_track,IBTrACS best track,12.8611,False,hourly mean,3
EP182023,Otis (2023),with_era5,2023-10-21T20:00:00+00:00,ibtracs_best_track,IBTrACS best track,12.8611,False,hourly mean,3
EP182023,Otis (2023),with_era5,2023-10-21T21:00:00+00:00,ibtracs_best_track,IBTrACS best track,12.8611,False,hourly mean,3
EP182023,Otis (2023),with_era5,2023-10-21T22:00:00+00:00,ibtracs_best_track,IBTrACS best track,12.8611,False,hourly mean,3
EP182023,Otis (2023),with_era5,2023-10-21T23:00:00+00:00,ibtracs_best_track,IBTrACS best track,12.933503229629629,False,hourly mean,3
EP182023,Otis (2023),with_era5,2023-10-22T00:00:00+00:00,ibtracs_best_track,IBTrACS best track,13.177387792592592,False,hourly mean,3
EP182023,Otis (2023),with_era5,2023-10-22T01:00:00+00:00,ibtracs_best_track,IBTrACS best track,13.59275368888889,False,hourly mean,3
EP182023,Otis (2023),with_era5,2023-10-22T02:00:00+00:00,ibtracs_best_track,IBTrACS best track,14.083063279012345,False,hourly mean,3
EP182023,Otis (2023),with_era5,2023-10-22T03:00:00+00:00,ibtracs_best_track,IBTrACS best track,14.516212424691359,False,hourly mean,3
EP182023,Otis (2023),with_era5,2023-10-22T04:00:00+00:00,ibtracs_best_track,IBTrACS best track,14.892201125925927,False,hourly mean,3
EP182023,Otis (2023),with_era5,2023-10-22T05:00:00+00:00,ibtracs_best_track,IBTrACS best track,15.186894972839506,False,hourly mean,3
EP182023,Otis (2023),with_era5,2023-10-22T06:00:00+00:00,ibtracs_best_track,IBTrACS best track,15.367267930864196,False,hourly mean,3
EP182023,Otis (2023),with_era5,2023-10-22T07:00:00+00:00,ibtracs_best_track,IBTrACS best track,15.43332,False,hourly mean,3
EP182023,Otis (2023),with_era5,2023-10-22T08:00:00+00:00,ibtracs_best_track,IBTrACS best track,15.43332,False,hourly mean,3
EP182023,Otis (2023),with_era5,2023-10-22T09:00:00+00:00,ibtracs_best_track,IBTrACS best track,15.43332,False,hourly mean,3
EP182023,Otis (2023),with_era5,2023-10-22T10:00:00+00:00,ibtracs_best_track,IBTrACS best track,15.43332,False,hourly mean,3
EP182023,Otis (2023),with_era5,2023-10-22T11:00:00+00:00,ibtracs_best_track,IBTrACS best track,15.505723229629629,False,hourly mean,3
EP182023,Otis (2023),with_era5,2023-10-22T12:00:00+00:00,ibtracs_best_track,IBTrACS best track,15.749607792592593,False,hourly mean,3
EP182023,Otis (2023),with_era5,2023-10-22T13:00:00+00:00,ibtracs_best_track,IBTrACS best track,16.16497368888889,False,hourly mean,3
EP182023,Otis (2023),with_era5,2023-10-22T14:00:00+00:00,ibtracs_best_track,IBTrACS best track,16.655283279012348,False,hourly mean,3
EP182023,Otis (2023),with_era5,2023-10-22T15:00:00+00:00,ibtracs_best_track,IBTrACS best track,17.08843242469136,False,hourly mean,3
EP182023,Otis (2023),with_era5,2023-10-22T16:00:00+00:00,ibtracs_best_track,IBTrACS best track,17.464421125925924,False,hourly mean,3
EP182023,Otis (2023),with_era5,2023-10-22T17:00:00+00:00,ibtracs_best_track,IBTrACS best track,17.759114972839505,False,hourly mean,3
EP182023,Otis (2023),with_era5,2023-10-22T18:00:00+00:00,ibtracs_best_track,IBTrACS best track,17.9394879308642,False,hourly mean,3
EP182023,Otis (2023),with_era5,2023-10-22T19:00:00+00:00,ibtracs_best_track,IBTrACS best track,18.00554,False,hourly mean,3
EP182023,Otis (2023),with_era5,2023-10-22T20:00:00+00:00,ibtracs_best_track,IBTrACS best track,18.00554,False,hourly mean,3
EP182023,Otis (2023),with_era5,2023-10-22T21:00:00+00:00,ibtracs_best_track,IBTrACS best track,18.00554,False,hourly mean,3
EP182023,Otis (2023),with_era5,2023-10-22T22:00:00+00:00,ibtracs_best_track,IBTrACS best track,18.00554,False,hourly mean,3
EP182023,Otis (2023),with_era5,2023-10-22T23:00:00+00:00,ibtracs_best_track,IBTrACS best track,18.00554,False,hourly mean,3
EP182023,Otis (2023),with_era5,2023-10-23T00:00:00+00:00,ibtracs_best_track,IBTrACS best track,18.00554,False,hourly mean,3
EP182023,Otis (2023),with_era5,2023-10-23T01:00:00+00:00,ibtracs_best_track,IBTrACS best track,18.00554,False,hourly mean,3
EP182023,Otis (2023),with_era5,2023-10-23T02:00:00+00:00,ibtracs_best_track,IBTrACS best track,18.00554,False,hourly mean,3
EP182023,Otis (2023),with_era5,2023-10-23T03:00:00+00:00,ibtracs_best_track,IBTrACS best track,18.00554,False,hourly mean,3
EP182023,Otis (2023),with_era5,2023-10-23T04:00:00+00:00,ibtracs_best_track,IBTrACS best track,18.00554,False,hourly mean,3
EP182023,Otis (2023),with_era5,2023-10-23T05:00:00+00:00,ibtracs_best_track,IBTrACS best track,18.07794322962963,False,hourly mean,3
EP182023,Otis (2023),with_era5,2023-10-23T06:00:00+00:00,ibtracs_best_track,IBTrACS best track,18.321827792592593,False,hourly mean,3
EP182023,Otis (2023),with_era5,2023-10-23T07:00:00+00:00,ibtracs_best_track,IBTrACS best track,18.73719368888889,False,hourly mean,3
EP182023,Otis (2023),with_era5,2023-10-23T08:00:00+00:00,ibtracs_best_track,IBTrACS best track,19.22750327901235,False,hourly mean,3
EP182023,Otis (2023),with_era5,2023-10-23T09:00:00+00:00,ibtracs_best_track,IBTrACS best track,19.66065242469136,False,hourly mean,3
EP182023,Otis (2023),with_era5,2023-10-23T10:00:00+00:00,ibtracs_best_track,IBTrACS best track,20.036641125925925,False,hourly mean,3
EP182023,Otis (2023),with_era5,2023-10-23T11:00:00+00:00,ibtracs_best_track,IBTrACS best track,20.40373820246914,False,hourly mean,3
EP182023,Otis (2023),with_era5,2023-10-23T12:00:00+00:00,ibtracs_best_track,IBTrACS best track,20.82799572345679,False,hourly mean,3
EP182023,Otis (2023),with_era5,2023-10-23T13:00:00+00:00,ibtracs_best_track,IBTrACS best track,21.309413688888892,False,hourly mean,3
EP182023,Otis (2023),with_era5,2023-10-23T14:00:00+00:00,ibtracs_best_track,IBTrACS best track,21.79972327901235,False,hourly mean,3
EP182023,Otis (2023),with_era5,2023-10-23T15:00:00+00:00,ibtracs_best_track,IBTrACS best track,22.23287242469136,False,hourly mean,3
EP182023,Otis (2023),with_era5,2023-10-23T16:00:00+00:00,ibtracs_best_track,IBTrACS best track,22.608861125925927,False,hourly mean,3
EP182023,Otis (2023),with_era5,2023-10-23T17:00:00+00:00,ibtracs_best_track,IBTrACS best track,22.975958202469133,False,hourly mean,3
EP182023,Otis (2023),with_era5,2023-10-23T18:00:00+00:00,ibtracs_best_track,IBTrACS best track,23.400215723456792,False,hourly mean,3
EP182023,Otis (2023),with_era5,2023-10-23T19:00:00+00:00,ibtracs_best_track,IBTrACS best track,23.881633688888893,False,hourly mean,3
EP182023,Otis (2023),with_era5,2023-10-23T20:00:00+00:00,ibtracs_best_track,IBTrACS best track,24.371943279012346,False,hourly mean,3
EP182023,Otis (2023),with_era5,2023-10-23T21:00:00+00:00,ibtracs_best_track,IBTrACS best track,24.805092424691356,False,hourly mean,3
EP182023,Otis (2023),with_era5,2023-10-23T22:00:00+00:00,ibtracs_best_track,IBTrACS best track,25.181081125925928,False,hourly mean,3
EP182023,Otis (2023),with_era5,2023-10-23T23:00:00+00:00,ibtracs_best_track,IBTrACS best track,25.548178202469135,False,hourly mean,3
EP182023,Otis (2023),with_era5,2023-10-24T00:00:00+00:00,ibtracs_best_track,IBTrACS best track,25.972435723456794,False,hourly mean,3
EP182023,Otis (2023),with_era5,2023-10-24T01:00:00+00:00,ibtracs_best_track,IBTrACS best track,26.453853688888888,False,hourly mean,3
EP182023,Otis (2023),with_era5,2023-10-24T02:00:00+00:00,ibtracs_best_track,IBTrACS best track,26.944163279012347,False,hourly mean,3
EP182023,Otis (2023),with_era5,2023-10-24T03:00:00+00:00,ibtracs_best_track,IBTrACS best track,27.377312424691358,False,hourly mean,3
EP182023,Otis (2023),with_era5,2023-10-24T04:00:00+00:00,ibtracs_best_track,IBTrACS best track,27.753301125925926,False,hourly mean,3
EP182023,Otis (2023),with_era5,2023-10-24T05:00:00+00:00,ibtracs_best_track,IBTrACS best track,28.168667022222223,False,hourly mean,3
EP182023,Otis (2023),with_era5,2023-10-24T06:00:00+00:00,ibtracs_best_track,IBTrACS best track,28.755514251851853,False,hourly mean,3
EP182023,Otis (2023),with_era5,2023-10-24T07:00:00+00:00,ibtracs_best_track,IBTrACS best track,29.51384281481482,False,hourly mean,3
EP182023,Otis (2023),with_era5,2023-10-24T08:00:00+00:00,ibtracs_best_track,IBTrACS best track,30.37124948148148,False,hourly mean,3
EP182023,Otis (2023),with_era5,2023-10-24T09:00:00+00:00,ibtracs_best_track,IBTrACS best track,31.228656148148147,False,hourly mean,3
EP182023,Otis (2023),with_era5,2023-10-24T10:00:00+00:00,ibtracs_best_track,IBTrACS best track,32.08606281481482,False,hourly mean,3
EP182023,Otis (2023),with_era5,2023-10-24T11:00:00+00:00,ibtracs_best_track,IBTrACS best track,33.257216809876546,False,hourly mean,3
EP182023,Otis (2023),with_era5,2023-10-24T12:00:00+00:00,ibtracs_best_track,IBTrACS best track,35.17145658271605,False,hourly mean,3
EP182023,Otis (2023),with_era5,2023-10-24T13:00:00+00:00,ibtracs_best_track,IBTrACS best track,37.828782133333334,True,hourly mean,3
EP182023,Otis (2023),with_era5,2023-10-24T14:00:00+00:00,ibtracs_best_track,IBTrACS best track,40.89131172345679,True,hourly mean,3
EP182023,Otis (2023),with_era5,2023-10-24T15:00:00+00:00,ibtracs_best_track,IBTrACS best track,43.8966808691358,True,hourly mean,3
EP182023,Otis (2023),with_era5,2023-10-24T16:00:00+00:00,ibtracs_best_track,IBTrACS best track,46.84488957037038,True,hourly mean,3
EP182023,Otis (2023),with_era5,2023-10-24T17:00:00+00:00,ibtracs_best_track,IBTrACS best track,49.71180341728395,True,hourly mean,3
EP182023,Otis (2023),with_era5,2023-10-24T18:00:00+00:00,ibtracs_best_track,IBTrACS best track,52.46439637530864,True,hourly mean,3
EP182023,Otis (2023),with_era5,2023-10-24T19:00:00+00:00,ibtracs_best_track,IBTrACS best track,55.10266844444445,True,hourly mean,3
EP182023,Otis (2023),with_era5,2023-10-24T20:00:00+00:00,ibtracs_best_track,IBTrACS best track,57.67488844444444,True,hourly mean,3
EP182023,Otis (2023),with_era5,2023-10-24T21:00:00+00:00,ibtracs_best_track,IBTrACS best track,60.24710844444444,True,hourly mean,3
EP182023,Otis (2023),with_era5,2023-10-24T22:00:00+00:00,ibtracs_best_track,IBTrACS best track,62.819328444444444,True,hourly mean,3
EP182023,Otis (2023),with_era5,2023-10-24T23:00:00+00:00,ibtracs_best_track,IBTrACS best track,65.39154844444444,True,hourly mean,3
EP182023,Otis (2023),with_era5,2023-10-25T00:00:00+00:00,ibtracs_best_track,IBTrACS best track,67.96376844444445,True,hourly mean,3
EP182023,Otis (2023),with_era5,2023-10-25T01:00:00+00:00,ibtracs_best_track,IBTrACS best track,70.53598844444446,True,hourly mean,3
EP182023,Otis (2023),with_era5,2023-10-25T02:00:00+00:00,ibtracs_best_track,IBTrACS best track,72.74619229629631,True,hourly mean,3
EP182023,Otis (2023),with_era5,2023-10-25T03:00:00+00:00,ibtracs_best_track,IBTrACS best track,74.0989894814815,True,hourly mean,3
EP182023,Otis (2023),with_era5,2023-10-25T04:00:00+00:00,ibtracs_best_track,IBTrACS best track,74.59438,True,hourly mean,3
EP182023,Otis (2023),with_era5,2023-10-25T05:00:00+00:00,ibtracs_best_track,IBTrACS best track,74.10152994567902,True,hourly mean,3
EP182023,Otis (2023),with_era5,2023-10-25T06:00:00+00:00,ibtracs_best_track,IBTrACS best track,72.0145386074074,True,hourly mean,3
EP182023,Otis (2023),with_era5,2023-10-25T07:00:00+00:00,ibtracs_best_track,IBTrACS best track,68.09841304691359,True,hourly mean,3
EP182023,Otis (2023),with_era5,2023-10-25T08:00:00+00:00,ibtracs_best_track,IBTrACS best track,62.87013772839507,True,hourly mean,3
EP182023,Otis (2023),with_era5,2023-10-25T09:00:00+00:00,ibtracs_best_track,IBTrACS best track,57.464029916049384,True,hourly mean,3
EP182023,Otis (2023),with_era5,2023-10-25T10:00:00+00:00,ibtracs_best_track,IBTrACS best track,52.115082548148145,True,hourly mean,3
EP182023,Otis (2023),with_era5,2023-10-25T11:00:00+00:00,ibtracs_best_track,IBTrACS best track,47.016370903703695,True,hourly mean,3
EP182023,Otis (2023),with_era5,2023-10-25T12:00:00+00:00,ibtracs_best_track,IBTrACS best track,42.43210325925926,False,hourly mean,3
EP182023,Otis (2023),with_era5,2023-10-25T13:00:00+00:00,ibtracs_best_track,IBTrACS best track,38.36227961481482,False,hourly mean,3
EP182023,Otis (2023),with_era5,2023-10-25T14:00:00+00:00,ibtracs_best_track,IBTrACS best track,34.565555871604936,False,hourly mean,3
EP182023,Otis (2023),with_era5,2023-10-25T15:00:00+00:00,ibtracs_best_track,IBTrACS best track,30.711671683950623,False,hourly mean,3
EP182023,Otis (2023),with_era5,2023-10-25T16:00:00+00:00,ibtracs_best_track,IBTrACS best track,26.80062705185185,False,hourly mean,3
EP182023,Otis (2023),with_era5,2023-10-25T17:00:00+00:00,ibtracs_best_track,IBTrACS best track,24.828591718518517,False,hourly mean,3
EP182023,Otis (2023),with_era5,2023-10-21T00:00:00+00:00,era5_max_wind,ERA5 10 m maximum,10.978872157864894,False,hourly mean,3
EP182023,Otis (2023),with_era5,2023-10-21T01:00:00+00:00,era5_max_wind,ERA5 10 m maximum,10.978872157864894,False,hourly mean,3
EP182023,Otis (2023),with_era5,2023-10-21T02:00:00+00:00,era5_max_wind,ERA5 10 m maximum,10.748015224104796,False,hourly mean,3
EP182023,Otis (2023),with_era5,2023-10-21T03:00:00+00:00,era5_max_wind,ERA5 10 m maximum,10.517158290344694,False,hourly mean,3
EP182023,Otis (2023),with_era5,2023-10-21T04:00:00+00:00,era5_max_wind,ERA5 10 m maximum,10.286301356584595,False,hourly mean,3
EP182023,Otis (2023),with_era5,2023-10-21T05:00:00+00:00,era5_max_wind,ERA5 10 m maximum,10.286301356584595,False,hourly mean,3
EP182023,Otis (2023),with_era5,2023-10-21T06:00:00+00:00,era5_max_wind,ERA5 10 m maximum,10.286301356584595,False,hourly mean,3
EP182023,Otis (2023),with_era5,2023-10-21T07:00:00+00:00,era5_max_wind,ERA5 10 m maximum,10.286301356584595,False,hourly mean,3
EP182023,Otis (2023),with_era5,2023-10-21T08:00:00+00:00,era5_max_wind,ERA5 10 m maximum,10.690352171123022,False,hourly mean,3
EP182023,Otis (2023),with_era5,2023-10-21T09:00:00+00:00,era5_max_wind,ERA5 10 m maximum,11.094402985661448,False,hourly mean,3
EP182023,Otis (2023),with_era5,2023-10-21T10:00:00+00:00,era5_max_wind,ERA5 10 m maximum,11.498453800199874,False,hourly mean,3
EP182023,Otis (2023),with_era5,2023-10-21T11:00:00+00:00,era5_max_wind,ERA5 10 m maximum,11.498453800199874,False,hourly mean,3
EP182023,Otis (2023),with_era5,2023-10-21T12:00:00+00:00,era5_max_wind,ERA5 10 m maximum,11.498453800199874,False,hourly mean,3
EP182023,Otis (2023),with_era5,2023-10-21T13:00:00+00:00,era5_max_wind,ERA5 10 m maximum,11.498453800199874,False,hourly mean,3
EP182023,Otis (2023),with_era5,2023-10-21T14:00:00+00:00,era5_max_wind,ERA5 10 m maximum,11.98507511211969,False,hourly mean,3
EP182023,Otis (2023),with_era5,2023-10-21T15:00:00+00:00,era5_max_wind,ERA5 10 m maximum,12.471696424039509,False,hourly mean,3
EP182023,Otis (2023),with_era5,2023-10-21T16:00:00+00:00,era5_max_wind,ERA5 10 m maximum,12.958317735959326,False,hourly mean,3
EP182023,Otis (2023),with_era5,2023-10-21T17:00:00+00:00,era5_max_wind,ERA5 10 m maximum,12.958317735959326,False,hourly mean,3
EP182023,Otis (2023),with_era5,2023-10-21T18:00:00+00:00,era5_max_wind,ERA5 10 m maximum,12.958317735959326,False,hourly mean,3
EP182023,Otis (2023),with_era5,2023-10-21T19:00:00+00:00,era5_max_wind,ERA5 10 m maximum,12.958317735959326,False,hourly mean,3
EP182023,Otis (2023),with_era5,2023-10-21T20:00:00+00:00,era5_max_wind,ERA5 10 m maximum,12.357253662715644,False,hourly mean,3
EP182023,Otis (2023),with_era5,2023-10-21T21:00:00+00:00,era5_max_wind,ERA5 10 m maximum,11.756189589471965,False,hourly mean,3
EP182023,Otis (2023),with_era5,2023-10-21T22:00:00+00:00,era5_max_wind,ERA5 10 m maximum,11.155125516228287,False,hourly mean,3
EP182023,Otis (2023),with_era5,2023-10-21T23:00:00+00:00,era5_max_wind,ERA5 10 m maximum,11.155125516228287,False,hourly mean,3
EP182023,Otis (2023),with_era5,2023-10-22T00:00:00+00:00,era5_max_wind,ERA5 10 m maximum,11.155125516228287,False,hourly mean,3
EP182023,Otis (2023),with_era5,2023-10-22T01:00:00+00:00,era5_max_wind,ERA5 10 m maximum,11.155125516228287,False,hourly mean,3
EP182023,Otis (2023),with_era5,2023-10-22T02:00:00+00:00,era5_max_wind,ERA5 10 m maximum,11.415245247597495,False,hourly mean,3
EP182023,Otis (2023),with_era5,2023-10-22T03:00:00+00:00,era5_max_wind,ERA5 10 m maximum,11.675364978966705,False,hourly mean,3
EP182023,Otis (2023),with_era5,2023-10-22T04:00:00+00:00,era5_max_wind,ERA5 10 m maximum,11.935484710335913,False,hourly mean,3
EP182023,Otis (2023),with_era5,2023-10-22T05:00:00+00:00,era5_max_wind,ERA5 10 m maximum,11.935484710335913,False,hourly mean,3
EP182023,Otis (2023),with_era5,2023-10-22T06:00:00+00:00,era5_max_wind,ERA5 10 m maximum,11.935484710335913,False,hourly mean,3
EP182023,Otis (2023),with_era5,2023-10-22T07:00:00+00:00,era5_max_wind,ERA5 10 m maximum,11.935484710335913,False,hourly mean,3
EP182023,Otis (2023),with_era5,2023-10-22T08:00:00+00:00,era5_max_wind,ERA5 10 m maximum,12.134773849663146,False,hourly mean,3
EP182023,Otis (2023),with_era5,2023-10-22T09:00:00+00:00,era5_max_wind,ERA5 10 m maximum,12.334062988990377,False,hourly mean,3
EP182023,Otis (2023),with_era5,2023-10-22T10:00:00+00:00,era5_max_wind,ERA5 10 m maximum,12.533352128317611,False,hourly mean,3
EP182023,Otis (2023),with_era5,2023-10-22T11:00:00+00:00,era5_max_wind,ERA5 10 m maximum,12.533352128317611,False,hourly mean,3
EP182023,Otis (2023),with_era5,2023-10-22T12:00:00+00:00,era5_max_wind,ERA5 10 m maximum,12.533352128317611,False,hourly mean,3
EP182023,Otis (2023),with_era5,2023-10-22T13:00:00+00:00,era5_max_wind,ERA5 10 m maximum,12.533352128317611,False,hourly mean,3
EP182023,Otis (2023),with_era5,2023-10-22T14:00:00+00:00,era5_max_wind,ERA5 10 m maximum,12.813831563677999,False,hourly mean,3
EP182023,Otis (2023),with_era5,2023-10-22T15:00:00+00:00,era5_max_wind,ERA5 10 m maximum,13.094310999038386,False,hourly mean,3
EP182023,Otis (2023),with_era5,2023-10-22T16:00:00+00:00,era5_max_wind,ERA5 10 m maximum,13.374790434398774,False,hourly mean,3
EP182023,Otis (2023),with_era5,2023-10-22T17:00:00+00:00,era5_max_wind,ERA5 10 m maximum,13.374790434398774,False,hourly mean,3
EP182023,Otis (2023),with_era5,2023-10-22T18:00:00+00:00,era5_max_wind,ERA5 10 m maximum,13.374790434398774,False,hourly mean,3
EP182023,Otis (2023),with_era5,2023-10-22T19:00:00+00:00,era5_max_wind,ERA5 10 m maximum,13.374790434398774,False,hourly mean,3
EP182023,Otis (2023),with_era5,2023-10-22T20:00:00+00:00,era5_max_wind,ERA5 10 m maximum,14.008385900745395,False,hourly mean,3
EP182023,Otis (2023),with_era5,2023-10-22T21:00:00+00:00,era5_max_wind,ERA5 10 m maximum,14.641981367092017,False,hourly mean,3
EP182023,Otis (2023),with_era5,2023-10-22T22:00:00+00:00,era5_max_wind,ERA5 10 m maximum,15.27557683343864,False,hourly mean,3
EP182023,Otis (2023),with_era5,2023-10-22T23:00:00+00:00,era5_max_wind,ERA5 10 m maximum,15.27557683343864,False,hourly mean,3
EP182023,Otis (2023),with_era5,2023-10-23T00:00:00+00:00,era5_max_wind,ERA5 10 m maximum,15.27557683343864,False,hourly mean,3
EP182023,Otis (2023),with_era5,2023-10-23T01:00:00+00:00,era5_max_wind,ERA5 10 m maximum,15.27557683343864,False,hourly mean,3
EP182023,Otis (2023),with_era5,2023-10-23T02:00:00+00:00,era5_max_wind,ERA5 10 m maximum,14.753711114708844,False,hourly mean,3
EP182023,Otis (2023),with_era5,2023-10-23T03:00:00+00:00,era5_max_wind,ERA5 10 m maximum,14.231845395979049,False,hourly mean,3
EP182023,Otis (2023),with_era5,2023-10-23T04:00:00+00:00,era5_max_wind,ERA5 10 m maximum,13.709979677249253,False,hourly mean,3
EP182023,Otis (2023),with_era5,2023-10-23T05:00:00+00:00,era5_max_wind,ERA5 10 m maximum,13.709979677249253,False,hourly mean,3
EP182023,Otis (2023),with_era5,2023-10-23T06:00:00+00:00,era5_max_wind,ERA5 10 m maximum,13.709979677249253,False,hourly mean,3
EP182023,Otis (2023),with_era5,2023-10-23T07:00:00+00:00,era5_max_wind,ERA5 10 m maximum,13.709979677249253,False,hourly mean,3
EP182023,Otis (2023),with_era5,2023-10-23T08:00:00+00:00,era5_max_wind,ERA5 10 m maximum,13.50794654060625,False,hourly mean,3
EP182023,Otis (2023),with_era5,2023-10-23T09:00:00+00:00,era5_max_wind,ERA5 10 m maximum,13.305913403963245,False,hourly mean,3
EP182023,Otis (2023),with_era5,2023-10-23T10:00:00+00:00,era5_max_wind,ERA5 10 m maximum,13.103880267320243,False,hourly mean,3
EP182023,Otis (2023),with_era5,2023-10-23T11:00:00+00:00,era5_max_wind,ERA5 10 m maximum,13.103880267320243,False,hourly mean,3
EP182023,Otis (2023),with_era5,2023-10-23T12:00:00+00:00,era5_max_wind,ERA5 10 m maximum,13.103880267320243,False,hourly mean,3
EP182023,Otis (2023),with_era5,2023-10-23T13:00:00+00:00,era5_max_wind,ERA5 10 m maximum,13.103880267320243,False,hourly mean,3
EP182023,Otis (2023),with_era5,2023-10-23T14:00:00+00:00,era5_max_wind,ERA5 10 m maximum,13.223439968803289,False,hourly mean,3
EP182023,Otis (2023),with_era5,2023-10-23T15:00:00+00:00,era5_max_wind,ERA5 10 m maximum,13.342999670286334,False,hourly mean,3
EP182023,Otis (2023),with_era5,2023-10-23T16:00:00+00:00,era5_max_wind,ERA5 10 m maximum,13.462559371769379,False,hourly mean,3
EP182023,Otis (2023),with_era5,2023-10-23T17:00:00+00:00,era5_max_wind,ERA5 10 m maximum,13.462559371769379,False,hourly mean,3
EP182023,Otis (2023),with_era5,2023-10-23T18:00:00+00:00,era5_max_wind,ERA5 10 m maximum,13.462559371769379,False,hourly mean,3
EP182023,Otis (2023),with_era5,2023-10-23T19:00:00+00:00,era5_max_wind,ERA5 10 m maximum,13.462559371769379,False,hourly mean,3
EP182023,Otis (2023),with_era5,2023-10-23T20:00:00+00:00,era5_max_wind,ERA5 10 m maximum,13.690377403238292,False,hourly mean,3
EP182023,Otis (2023),with_era5,2023-10-23T21:00:00+00:00,era5_max_wind,ERA5 10 m maximum,13.918195434707206,False,hourly mean,3
EP182023,Otis (2023),with_era5,2023-10-23T22:00:00+00:00,era5_max_wind,ERA5 10 m maximum,14.14601346617612,False,hourly mean,3
EP182023,Otis (2023),with_era5,2023-10-23T23:00:00+00:00,era5_max_wind,ERA5 10 m maximum,14.14601346617612,False,hourly mean,3
EP182023,Otis (2023),with_era5,2023-10-24T00:00:00+00:00,era5_max_wind,ERA5 10 m maximum,14.14601346617612,False,hourly mean,3
EP182023,Otis (2023),with_era5,2023-10-24T01:00:00+00:00,era5_max_wind,ERA5 10 m maximum,14.14601346617612,False,hourly mean,3
EP182023,Otis (2023),with_era5,2023-10-24T02:00:00+00:00,era5_max_wind,ERA5 10 m maximum,14.596348585715115,False,hourly mean,3
EP182023,Otis (2023),with_era5,2023-10-24T03:00:00+00:00,era5_max_wind,ERA5 10 m maximum,15.046683705254113,False,hourly mean,3
EP182023,Otis (2023),with_era5,2023-10-24T04:00:00+00:00,era5_max_wind,ERA5 10 m maximum,15.497018824793109,False,hourly mean,3
EP182023,Otis (2023),with_era5,2023-10-24T05:00:00+00:00,era5_max_wind,ERA5 10 m maximum,15.497018824793109,False,hourly mean,3
EP182023,Otis (2023),with_era5,2023-10-24T06:00:00+00:00,era5_max_wind,ERA5 10 m maximum,15.497018824793109,False,hourly mean,3
EP182023,Otis (2023),with_era5,2023-10-24T07:00:00+00:00,era5_max_wind,ERA5 10 m maximum,15.497018824793109,False,hourly mean,3
EP182023,Otis (2023),with_era5,2023-10-24T08:00:00+00:00,era5_max_wind,ERA5 10 m maximum,16.523213262735283,False,hourly mean,3
EP182023,Otis (2023),with_era5,2023-10-24T09:00:00+00:00,era5_max_wind,ERA5 10 m maximum,17.54940770067746,False,hourly mean,3
EP182023,Otis (2023),with_era5,2023-10-24T10:00:00+00:00,era5_max_wind,ERA5 10 m maximum,18.575602138619633,False,hourly mean,3
EP182023,Otis (2023),with_era5,2023-10-24T11:00:00+00:00,era5_max_wind,ERA5 10 m maximum,18.575602138619633,False,hourly mean,3
EP182023,Otis (2023),with_era5,2023-10-24T12:00:00+00:00,era5_max_wind,ERA5 10 m maximum,18.575602138619633,False,hourly mean,3
EP182023,Otis (2023),with_era5,2023-10-24T13:00:00+00:00,era5_max_wind,ERA5 10 m maximum,18.575602138619633,True,hourly mean,3
EP182023,Otis (2023),with_era5,2023-10-24T14:00:00+00:00,era5_max_wind,ERA5 10 m maximum,19.618639523409275,True,hourly mean,3
EP182023,Otis (2023),with_era5,2023-10-24T15:00:00+00:00,era5_max_wind,ERA5 10 m maximum,20.661676908198917,True,hourly mean,3
EP182023,Otis (2023),with_era5,2023-10-24T16:00:00+00:00,era5_max_wind,ERA5 10 m maximum,21.70471429298856,True,hourly mean,3
EP182023,Otis (2023),with_era5,2023-10-24T17:00:00+00:00,era5_max_wind,ERA5 10 m maximum,21.70471429298856,True,hourly mean,3
EP182023,Otis (2023),with_era5,2023-10-24T18:00:00+00:00,era5_max_wind,ERA5 10 m maximum,21.70471429298856,True,hourly mean,3
EP182023,Otis (2023),with_era5,2023-10-24T19:00:00+00:00,era5_max_wind,ERA5 10 m maximum,21.70471429298856,True,hourly mean,3
EP182023,Otis (2023),with_era5,2023-10-24T20:00:00+00:00,era5_max_wind,ERA5 10 m maximum,21.256474932072,True,hourly mean,3
EP182023,Otis (2023),with_era5,2023-10-24T21:00:00+00:00,era5_max_wind,ERA5 10 m maximum,20.80823557115544,True,hourly mean,3
EP182023,Otis (2023),with_era5,2023-10-24T22:00:00+00:00,era5_max_wind,ERA5 10 m maximum,20.35999621023888,True,hourly mean,3
EP182023,Otis (2023),with_era5,2023-10-24T23:00:00+00:00,era5_max_wind,ERA5 10 m maximum,20.35999621023888,True,hourly mean,3
EP182023,Otis (2023),with_era5,2023-10-25T00:00:00+00:00,era5_max_wind,ERA5 10 m maximum,20.35999621023888,True,hourly mean,3
EP182023,Otis (2023),with_era5,2023-10-25T01:00:00+00:00,era5_max_wind,ERA5 10 m maximum,20.35999621023888,True,hourly mean,3
EP182023,Otis (2023),with_era5,2023-10-25T02:00:00+00:00,era5_max_wind,ERA5 10 m maximum,18.81618689997197,True,hourly mean,3
EP182023,Otis (2023),with_era5,2023-10-25T03:00:00+00:00,era5_max_wind,ERA5 10 m maximum,17.272377589705062,True,hourly mean,3
EP182023,Otis (2023),with_era5,2023-10-25T04:00:00+00:00,era5_max_wind,ERA5 10 m maximum,15.728568279438155,True,hourly mean,3
EP182023,Otis (2023),with_era5,2023-10-25T05:00:00+00:00,era5_max_wind,ERA5 10 m maximum,15.728568279438155,True,hourly mean,3
EP182023,Otis (2023),with_era5,2023-10-25T06:00:00+00:00,era5_max_wind,ERA5 10 m maximum,15.728568279438155,True,hourly mean,3
EP182023,Otis (2023),with_era5,2023-10-25T07:00:00+00:00,era5_max_wind,ERA5 10 m maximum,15.728568279438155,True,hourly mean,3
EP182023,Otis (2023),with_era5,2023-10-25T08:00:00+00:00,era5_max_wind,ERA5 10 m maximum,14.374867408530532,True,hourly mean,3
EP182023,Otis (2023),with_era5,2023-10-25T09:00:00+00:00,era5_max_wind,ERA5 10 m maximum,13.021166537622905,True,hourly mean,3
EP182023,Otis (2023),with_era5,2023-10-25T10:00:00+00:00,era5_max_wind,ERA5 10 m maximum,11.667465666715282,True,hourly mean,3
EP182023,Otis (2023),with_era5,2023-10-25T11:00:00+00:00,era5_max_wind,ERA5 10 m maximum,11.667465666715282,True,hourly mean,3
EP182023,Otis (2023),with_era5,2023-10-25T12:00:00+00:00,era5_max_wind,ERA5 10 m maximum,11.667465666715282,False,hourly mean,3
EP182023,Otis (2023),with_era5,2023-10-25T13:00:00+00:00,era5_max_wind,ERA5 10 m maximum,11.667465666715282,False,hourly mean,3
EP182023,Otis (2023),with_era5,2023-10-25T14:00:00+00:00,era5_max_wind,ERA5 10 m maximum,10.473093902456979,False,hourly mean,3
EP182023,Otis (2023),with_era5,2023-10-25T15:00:00+00:00,era5_max_wind,ERA5 10 m maximum,9.278722138198676,False,hourly mean,3
EP182023,Otis (2023),with_era5,2023-10-25T16:00:00+00:00,era5_max_wind,ERA5 10 m maximum,8.163185482969999,False,hourly mean,3
EP182023,Otis (2023),with_era5,2023-10-25T17:00:00+00:00,era5_max_wind,ERA5 10 m maximum,8.202603037484812,False,hourly mean,3
EP182023,Otis (2023),with_era5,2023-10-21T00:00:00+00:00,unet_raw,Raw field U-Net,11.658836762110393,False,hourly mean,3
EP182023,Otis (2023),with_era5,2023-10-21T01:00:00+00:00,unet_raw,Raw field U-Net,11.356751441955566,False,hourly mean,3
EP182023,Otis (2023),with_era5,2023-10-21T02:00:00+00:00,unet_raw,Raw field U-Net,11.872999509175619,False,hourly mean,3
EP182023,Otis (2023),with_era5,2023-10-21T03:00:00+00:00,unet_raw,Raw field U-Net,12.792476812998453,False,hourly mean,3
EP182023,Otis (2023),with_era5,2023-10-21T04:00:00+00:00,unet_raw,Raw field U-Net,15.637458271450468,False,hourly mean,3
EP182023,Otis (2023),with_era5,2023-10-21T05:00:00+00:00,unet_raw,Raw field U-Net,16.94527604844835,False,hourly mean,3
EP182023,Otis (2023),with_era5,2023-10-21T06:00:00+00:00,unet_raw,Raw field U-Net,17.603267457750107,False,hourly mean,3
EP182023,Otis (2023),with_era5,2023-10-21T07:00:00+00:00,unet_raw,Raw field U-Net,15.71500794092814,False,hourly mean,3
EP182023,Otis (2023),with_era5,2023-10-21T08:00:00+00:00,unet_raw,Raw field U-Net,14.52626371383667,False,hourly mean,3
EP182023,Otis (2023),with_era5,2023-10-21T09:00:00+00:00,unet_raw,Raw field U-Net,14.297100438012016,False,hourly mean,3
EP182023,Otis (2023),with_era5,2023-10-21T10:00:00+00:00,unet_raw,Raw field U-Net,14.946808656056723,False,hourly mean,3
EP182023,Otis (2023),with_era5,2023-10-21T11:00:00+00:00,unet_raw,Raw field U-Net,17.11588886049059,False,hourly mean,3
EP182023,Otis (2023),with_era5,2023-10-21T12:00:00+00:00,unet_raw,Raw field U-Net,18.602564546797012,False,hourly mean,3
EP182023,Otis (2023),with_era5,2023-10-21T13:00:00+00:00,unet_raw,Raw field U-Net,19.91491762797038,False,hourly mean,3
EP182023,Otis (2023),with_era5,2023-10-21T14:00:00+00:00,unet_raw,Raw field U-Net,19.439352459377712,False,hourly mean,3
EP182023,Otis (2023),with_era5,2023-10-21T15:00:00+00:00,unet_raw,Raw field U-Net,17.587251663208008,False,hourly mean,3
EP182023,Otis (2023),with_era5,2023-10-21T16:00:00+00:00,unet_raw,Raw field U-Net,16.413593822055393,False,hourly mean,3
EP182023,Otis (2023),with_era5,2023-10-21T17:00:00+00:00,unet_raw,Raw field U-Net,15.284757296244303,False,hourly mean,3
EP182023,Otis (2023),with_era5,2023-10-21T18:00:00+00:00,unet_raw,Raw field U-Net,16.0255159801907,False,hourly mean,3
EP182023,Otis (2023),with_era5,2023-10-21T19:00:00+00:00,unet_raw,Raw field U-Net,17.226640913221573,False,hourly mean,3
EP182023,Otis (2023),with_era5,2023-10-21T20:00:00+00:00,unet_raw,Raw field U-Net,16.958909034729004,False,hourly mean,3
EP182023,Otis (2023),with_era5,2023-10-21T21:00:00+00:00,unet_raw,Raw field U-Net,15.691666232215033,False,hourly mean,3
EP182023,Otis (2023),with_era5,2023-10-21T22:00:00+00:00,unet_raw,Raw field U-Net,13.275899569193522,False,hourly mean,3
EP182023,Otis (2023),with_era5,2023-10-21T23:00:00+00:00,unet_raw,Raw field U-Net,12.680979410807291,False,hourly mean,3
EP182023,Otis (2023),with_era5,2023-10-22T00:00:00+00:00,unet_raw,Raw field U-Net,12.965408325195312,False,hourly mean,3
EP182023,Otis (2023),with_era5,2023-10-22T01:00:00+00:00,unet_raw,Raw field U-Net,13.201192484961616,False,hourly mean,3
EP182023,Otis (2023),with_era5,2023-10-22T02:00:00+00:00,unet_raw,Raw field U-Net,13.379367033640543,False,hourly mean,3
EP182023,Otis (2023),with_era5,2023-10-22T03:00:00+00:00,unet_raw,Raw field U-Net,13.302928871578642,False,hourly mean,3
EP182023,Otis (2023),with_era5,2023-10-22T04:00:00+00:00,unet_raw,Raw field U-Net,13.609412246280245,False,hourly mean,3
EP182023,Otis (2023),with_era5,2023-10-22T05:00:00+00:00,unet_raw,Raw field U-Net,13.614891423119438,False,hourly mean,3
EP182023,Otis (2023),with_era5,2023-10-22T06:00:00+00:00,unet_raw,Raw field U-Net,13.825616783565946,False,hourly mean,3
EP182023,Otis (2023),with_era5,2023-10-22T07:00:00+00:00,unet_raw,Raw field U-Net,15.05116997824775,False,hourly mean,3
EP182023,Otis (2023),with_era5,2023-10-22T08:00:00+00:00,unet_raw,Raw field U-Net,16.875945144229465,False,hourly mean,3
EP182023,Otis (2023),with_era5,2023-10-22T09:00:00+00:00,unet_raw,Raw field U-Net,17.975824356079105,False,hourly mean,3
EP182023,Otis (2023),with_era5,2023-10-22T10:00:00+00:00,unet_raw,Raw field U-Net,17.846098370022244,False,hourly mean,3
EP182023,Otis (2023),with_era5,2023-10-22T11:00:00+00:00,unet_raw,Raw field U-Net,17.41952869627211,False,hourly mean,3
EP182023,Otis (2023),with_era5,2023-10-22T12:00:00+00:00,unet_raw,Raw field U-Net,17.58983839882745,False,hourly mean,3
EP182023,Otis (2023),with_era5,2023-10-22T13:00:00+00:00,unet_raw,Raw field U-Net,17.613448090023464,False,hourly mean,3
EP182023,Otis (2023),with_era5,2023-10-22T14:00:00+00:00,unet_raw,Raw field U-Net,17.50855604807536,False,hourly mean,3
EP182023,Otis (2023),with_era5,2023-10-22T15:00:00+00:00,unet_raw,Raw field U-Net,19.214205423990887,False,hourly mean,3
EP182023,Otis (2023),with_era5,2023-10-22T16:00:00+00:00,unet_raw,Raw field U-Net,19.49471092224121,False,hourly mean,3
EP182023,Otis (2023),with_era5,2023-10-22T17:00:00+00:00,unet_raw,Raw field U-Net,19.012423303392197,False,hourly mean,3
EP182023,Otis (2023),with_era5,2023-10-22T18:00:00+00:00,unet_raw,Raw field U-Net,17.319743156433105,False,hourly mean,3
EP182023,Otis (2023),with_era5,2023-10-22T19:00:00+00:00,unet_raw,Raw field U-Net,17.44629022810194,False,hourly mean,3
EP182023,Otis (2023),with_era5,2023-10-22T20:00:00+00:00,unet_raw,Raw field U-Net,18.743675973680283,False,hourly mean,3
EP182023,Otis (2023),with_era5,2023-10-22T21:00:00+00:00,unet_raw,Raw field U-Net,19.5612637201945,False,hourly mean,3
EP182023,Otis (2023),with_era5,2023-10-22T22:00:00+00:00,unet_raw,Raw field U-Net,20.31327184041341,False,hourly mean,3
EP182023,Otis (2023),with_era5,2023-10-22T23:00:00+00:00,unet_raw,Raw field U-Net,20.919049474928112,False,hourly mean,3
EP182023,Otis (2023),with_era5,2023-10-23T00:00:00+00:00,unet_raw,Raw field U-Net,21.67729451921251,False,hourly mean,3
EP182023,Otis (2023),with_era5,2023-10-23T01:00:00+00:00,unet_raw,Raw field U-Net,22.209888034396702,False,hourly mean,3
EP182023,Otis (2023),with_era5,2023-10-23T02:00:00+00:00,unet_raw,Raw field U-Net,22.28896575503879,False,hourly mean,3
EP182023,Otis (2023),with_era5,2023-10-23T03:00:00+00:00,unet_raw,Raw field U-Net,22.584283722771534,False,hourly mean,3
EP182023,Otis (2023),with_era5,2023-10-23T04:00:00+00:00,unet_raw,Raw field U-Net,23.016062418619793,False,hourly mean,3
EP182023,Otis (2023),with_era5,2023-10-23T05:00:00+00:00,unet_raw,Raw field U-Net,23.686665534973145,False,hourly mean,3
EP182023,Otis (2023),with_era5,2023-10-23T06:00:00+00:00,unet_raw,Raw field U-Net,23.72567335764567,False,hourly mean,3
EP182023,Otis (2023),with_era5,2023-10-23T07:00:00+00:00,unet_raw,Raw field U-Net,23.70550388760037,False,hourly mean,3
EP182023,Otis (2023),with_era5,2023-10-23T08:00:00+00:00,unet_raw,Raw field U-Net,22.94898467593723,False,hourly mean,3
EP182023,Otis (2023),with_era5,2023-10-23T09:00:00+00:00,unet_raw,Raw field U-Net,22.09671751658122,False,hourly mean,3
EP182023,Otis (2023),with_era5,2023-10-23T10:00:00+00:00,unet_raw,Raw field U-Net,21.553178681267635,False,hourly mean,3
EP182023,Otis (2023),with_era5,2023-10-23T11:00:00+00:00,unet_raw,Raw field U-Net,23.82579591539171,False,hourly mean,3
EP182023,Otis (2023),with_era5,2023-10-23T12:00:00+00:00,unet_raw,Raw field U-Net,25.72379059261746,False,hourly mean,3
EP182023,Otis (2023),with_era5,2023-10-23T13:00:00+00:00,unet_raw,Raw field U-Net,25.645832379659016,False,hourly mean,3
EP182023,Otis (2023),with_era5,2023-10-23T14:00:00+00:00,unet_raw,Raw field U-Net,23.137965944078235,False,hourly mean,3
EP182023,Otis (2023),with_era5,2023-10-23T15:00:00+00:00,unet_raw,Raw field U-Net,21.11535029941135,False,hourly mean,3
EP182023,Otis (2023),with_era5,2023-10-23T16:00:00+00:00,unet_raw,Raw field U-Net,20.177728123135036,False,hourly mean,3
EP182023,Otis (2023),with_era5,2023-10-23T17:00:00+00:00,unet_raw,Raw field U-Net,19.983257823520233,False,hourly mean,3
EP182023,Otis (2023),with_era5,2023-10-23T18:00:00+00:00,unet_raw,Raw field U-Net,20.549877590603298,False,hourly mean,3
EP182023,Otis (2023),with_era5,2023-10-23T19:00:00+00:00,unet_raw,Raw field U-Net,20.154345300462513,False,hourly mean,3
EP182023,Otis (2023),with_era5,2023-10-23T20:00:00+00:00,unet_raw,Raw field U-Net,21.31059794955783,False,hourly mean,3
EP182023,Otis (2023),with_era5,2023-10-23T21:00:00+00:00,unet_raw,Raw field U-Net,21.736238055759003,False,hourly mean,3
EP182023,Otis (2023),with_era5,2023-10-23T22:00:00+00:00,unet_raw,Raw field U-Net,24.50652821858724,False,hourly mean,3
EP182023,Otis (2023),with_era5,2023-10-23T23:00:00+00:00,unet_raw,Raw field U-Net,25.645385848151317,False,hourly mean,3
EP182023,Otis (2023),with_era5,2023-10-24T00:00:00+00:00,unet_raw,Raw field U-Net,26.80602688259549,False,hourly mean,3
EP182023,Otis (2023),with_era5,2023-10-24T01:00:00+00:00,unet_raw,Raw field U-Net,27.163230472140842,False,hourly mean,3
EP182023,Otis (2023),with_era5,2023-10-24T02:00:00+00:00,unet_raw,Raw field U-Net,26.916565895080566,False,hourly mean,3
EP182023,Otis (2023),with_era5,2023-10-24T03:00:00+00:00,unet_raw,Raw field U-Net,26.988415188259548,False,hourly mean,3
EP182023,Otis (2023),with_era5,2023-10-24T04:00:00+00:00,unet_raw,Raw field U-Net,26.99083434210883,False,hourly mean,3
EP182023,Otis (2023),with_era5,2023-10-24T05:00:00+00:00,unet_raw,Raw field U-Net,27.417439354790577,False,hourly mean,3
EP182023,Otis (2023),with_era5,2023-10-24T06:00:00+00:00,unet_raw,Raw field U-Net,27.601913452148438,False,hourly mean,3
EP182023,Otis (2023),with_era5,2023-10-24T07:00:00+00:00,unet_raw,Raw field U-Net,28.059407552083332,False,hourly mean,3
EP182023,Otis (2023),with_era5,2023-10-24T08:00:00+00:00,unet_raw,Raw field U-Net,29.892100016276043,False,hourly mean,3
EP182023,Otis (2023),with_era5,2023-10-24T09:00:00+00:00,unet_raw,Raw field U-Net,31.8392120997111,False,hourly mean,3
EP182023,Otis (2023),with_era5,2023-10-24T10:00:00+00:00,unet_raw,Raw field U-Net,33.81896061367459,False,hourly mean,3
EP182023,Otis (2023),with_era5,2023-10-24T11:00:00+00:00,unet_raw,Raw field U-Net,34.14293077256944,False,hourly mean,3
EP182023,Otis (2023),with_era5,2023-10-24T12:00:00+00:00,unet_raw,Raw field U-Net,34.646755642361114,False,hourly mean,3
EP182023,Otis (2023),with_era5,2023-10-24T13:00:00+00:00,unet_raw,Raw field U-Net,35.55589527553982,True,hourly mean,3
EP182023,Otis (2023),with_era5,2023-10-24T14:00:00+00:00,unet_raw,Raw field U-Net,36.81619728936089,True,hourly mean,3
EP182023,Otis (2023),with_era5,2023-10-24T15:00:00+00:00,unet_raw,Raw field U-Net,38.56746652391222,True,hourly mean,3
EP182023,Otis (2023),with_era5,2023-10-24T16:00:00+00:00,unet_raw,Raw field U-Net,38.46642748514811,True,hourly mean,3
EP182023,Otis (2023),with_era5,2023-10-24T17:00:00+00:00,unet_raw,Raw field U-Net,39.596574783325195,True,hourly mean,3
EP182023,Otis (2023),with_era5,2023-10-24T18:00:00+00:00,unet_raw,Raw field U-Net,40.10180113050672,True,hourly mean,3
EP182023,Otis (2023),with_era5,2023-10-24T19:00:00+00:00,unet_raw,Raw field U-Net,41.01119083828396,True,hourly mean,3
EP182023,Otis (2023),with_era5,2023-10-24T20:00:00+00:00,unet_raw,Raw field U-Net,42.52477688259548,True,hourly mean,3
EP182023,Otis (2023),with_era5,2023-10-24T21:00:00+00:00,unet_raw,Raw field U-Net,45.46865293714735,True,hourly mean,3
EP182023,Otis (2023),with_era5,2023-10-24T22:00:00+00:00,unet_raw,Raw field U-Net,51.000630696614586,True,hourly mean,3
EP182023,Otis (2023),with_era5,2023-10-24T23:00:00+00:00,unet_raw,Raw field U-Net,53.91993946499295,True,hourly mean,3
EP182023,Otis (2023),with_era5,2023-10-25T00:00:00+00:00,unet_raw,Raw field U-Net,54.21920416090223,True,hourly mean,3
EP182023,Otis (2023),with_era5,2023-10-25T01:00:00+00:00,unet_raw,Raw field U-Net,51.67684682210287,True,hourly mean,3
EP182023,Otis (2023),with_era5,2023-10-25T02:00:00+00:00,unet_raw,Raw field U-Net,51.428205702039925,True,hourly mean,3
EP182023,Otis (2023),with_era5,2023-10-25T03:00:00+00:00,unet_raw,Raw field U-Net,52.70376608106826,True,hourly mean,3
EP182023,Otis (2023),with_era5,2023-10-25T04:00:00+00:00,unet_raw,Raw field U-Net,52.22363768683539,True,hourly mean,3
EP182023,Otis (2023),with_era5,2023-10-25T05:00:00+00:00,unet_raw,Raw field U-Net,46.418281979031036,True,hourly mean,3
EP182023,Otis (2023),with_era5,2023-10-25T06:00:00+00:00,unet_raw,Raw field U-Net,40.26215256585015,True,hourly mean,3
EP182023,Otis (2023),with_era5,2023-10-25T07:00:00+00:00,unet_raw,Raw field U-Net,35.72249794006348,True,hourly mean,3
EP182023,Otis (2023),with_era5,2023-10-25T08:00:00+00:00,unet_raw,Raw field U-Net,30.88109578026666,True,hourly mean,3
EP182023,Otis (2023),with_era5,2023-10-25T09:00:00+00:00,unet_raw,Raw field U-Net,22.841828134324814,True,hourly mean,3
EP182023,Otis (2023),with_era5,2023-10-25T10:00:00+00:00,unet_raw,Raw field U-Net,15.941083802117241,True,hourly mean,3
EP182023,Otis (2023),with_era5,2023-10-25T11:00:00+00:00,unet_raw,Raw field U-Net,12.82288164562649,True,hourly mean,3
EP182023,Otis (2023),with_era5,2023-10-25T12:00:00+00:00,unet_raw,Raw field U-Net,12.691741943359375,False,hourly mean,3
EP182023,Otis (2023),with_era5,2023-10-25T13:00:00+00:00,unet_raw,Raw field U-Net,12.599208037058512,False,hourly mean,3
EP182023,Otis (2023),with_era5,2023-10-25T14:00:00+00:00,unet_raw,Raw field U-Net,11.286567370096842,False,hourly mean,3
EP182023,Otis (2023),with_era5,2023-10-25T15:00:00+00:00,unet_raw,Raw field U-Net,10.062711821662054,False,hourly mean,3
EP182023,Otis (2023),with_era5,2023-10-25T16:00:00+00:00,unet_raw,Raw field U-Net,8.854077180226644,False,hourly mean,3
EP182023,Otis (2023),with_era5,2023-10-25T17:00:00+00:00,unet_raw,Raw field U-Net,8.902031183242798,False,hourly mean,3
EP182023,Otis (2023),with_era5,2023-10-21T00:00:00+00:00,unet_correction,U-Net + standard MLP,11.478373050689697,False,hourly mean,3
EP182023,Otis (2023),with_era5,2023-10-21T01:00:00+00:00,unet_correction,U-Net + standard MLP,11.109638214111328,False,hourly mean,3
EP182023,Otis (2023),with_era5,2023-10-21T02:00:00+00:00,unet_correction,U-Net + standard MLP,11.450358973609077,False,hourly mean,3
EP182023,Otis (2023),with_era5,2023-10-21T03:00:00+00:00,unet_correction,U-Net + standard MLP,12.179332309299047,False,hourly mean,3
EP182023,Otis (2023),with_era5,2023-10-21T04:00:00+00:00,unet_correction,U-Net + standard MLP,14.856670485602486,False,hourly mean,3
EP182023,Otis (2023),with_era5,2023-10-21T05:00:00+00:00,unet_correction,U-Net + standard MLP,16.066683557298447,False,hourly mean,3
EP182023,Otis (2023),with_era5,2023-10-21T06:00:00+00:00,unet_correction,U-Net + standard MLP,16.663167582617866,False,hourly mean,3
EP182023,Otis (2023),with_era5,2023-10-21T07:00:00+00:00,unet_correction,U-Net + standard MLP,14.730894300672743,False,hourly mean,3
EP182023,Otis (2023),with_era5,2023-10-21T08:00:00+00:00,unet_correction,U-Net + standard MLP,13.486723952823217,False,hourly mean,3
EP182023,Otis (2023),with_era5,2023-10-21T09:00:00+00:00,unet_correction,U-Net + standard MLP,13.230197959476046,False,hourly mean,3
EP182023,Otis (2023),with_era5,2023-10-21T10:00:00+00:00,unet_correction,U-Net + standard MLP,13.889333460066053,False,hourly mean,3
EP182023,Otis (2023),with_era5,2023-10-21T11:00:00+00:00,unet_correction,U-Net + standard MLP,16.138151433732773,False,hourly mean,3
EP182023,Otis (2023),with_era5,2023-10-21T12:00:00+00:00,unet_correction,U-Net + standard MLP,17.75799184375339,False,hourly mean,3
EP182023,Otis (2023),with_era5,2023-10-21T13:00:00+00:00,unet_correction,U-Net + standard MLP,19.232319090101452,False,hourly mean,3
EP182023,Otis (2023),with_era5,2023-10-21T14:00:00+00:00,unet_correction,U-Net + standard MLP,18.85582881503635,False,hourly mean,3
EP182023,Otis (2023),with_era5,2023-10-21T15:00:00+00:00,unet_correction,U-Net + standard MLP,17.063545597924126,False,hourly mean,3
EP182023,Otis (2023),with_era5,2023-10-21T16:00:00+00:00,unet_correction,U-Net + standard MLP,15.898717562357582,False,hourly mean,3
EP182023,Otis (2023),with_era5,2023-10-21T17:00:00+00:00,unet_correction,U-Net + standard MLP,14.805880917443169,False,hourly mean,3
EP182023,Otis (2023),with_era5,2023-10-21T18:00:00+00:00,unet_correction,U-Net + standard MLP,15.562521192762587,False,hourly mean,3
EP182023,Otis (2023),with_era5,2023-10-21T19:00:00+00:00,unet_correction,U-Net + standard MLP,16.7874256239997,False,hourly mean,3
EP182023,Otis (2023),with_era5,2023-10-21T20:00:00+00:00,unet_correction,U-Net + standard MLP,16.676334010230168,False,hourly mean,3
EP182023,Otis (2023),with_era5,2023-10-21T21:00:00+00:00,unet_correction,U-Net + standard MLP,15.597538365258108,False,hourly mean,3
EP182023,Otis (2023),with_era5,2023-10-21T22:00:00+00:00,unet_correction,U-Net + standard MLP,13.354468027750649,False,hourly mean,3
EP182023,Otis (2023),with_era5,2023-10-21T23:00:00+00:00,unet_correction,U-Net + standard MLP,12.771808147430418,False,hourly mean,3
EP182023,Otis (2023),with_era5,2023-10-22T00:00:00+00:00,unet_correction,U-Net + standard MLP,13.019737773471405,False,hourly mean,3
EP182023,Otis (2023),with_era5,2023-10-22T01:00:00+00:00,unet_correction,U-Net + standard MLP,13.157192018296982,False,hourly mean,3
EP182023,Otis (2023),with_era5,2023-10-22T02:00:00+00:00,unet_correction,U-Net + standard MLP,13.111079057057696,False,hourly mean,3
EP182023,Otis (2023),with_era5,2023-10-22T03:00:00+00:00,unet_correction,U-Net + standard MLP,12.765015602111815,False,hourly mean,3
EP182023,Otis (2023),with_era5,2023-10-22T04:00:00+00:00,unet_correction,U-Net + standard MLP,12.825494130452471,False,hourly mean,3
EP182023,Otis (2023),with_era5,2023-10-22T05:00:00+00:00,unet_correction,U-Net + standard MLP,12.70638084411621,False,hourly mean,3
EP182023,Otis (2023),with_era5,2023-10-22T06:00:00+00:00,unet_correction,U-Net + standard MLP,12.818867524464922,False,hourly mean,3
EP182023,Otis (2023),with_era5,2023-10-22T07:00:00+00:00,unet_correction,U-Net + standard MLP,14.071204079522024,False,hourly mean,3
EP182023,Otis (2023),with_era5,2023-10-22T08:00:00+00:00,unet_correction,U-Net + standard MLP,15.967088646358912,False,hourly mean,3
EP182023,Otis (2023),with_era5,2023-10-22T09:00:00+00:00,unet_correction,U-Net + standard MLP,17.076803260379364,False,hourly mean,3
EP182023,Otis (2023),with_era5,2023-10-22T10:00:00+00:00,unet_correction,U-Net + standard MLP,16.8860387802124,False,hourly mean,3
EP182023,Otis (2023),with_era5,2023-10-22T11:00:00+00:00,unet_correction,U-Net + standard MLP,16.430001046922467,False,hourly mean,3
EP182023,Otis (2023),with_era5,2023-10-22T12:00:00+00:00,unet_correction,U-Net + standard MLP,16.7317189640469,False,hourly mean,3
EP182023,Otis (2023),with_era5,2023-10-22T13:00:00+00:00,unet_correction,U-Net + standard MLP,16.925982634226482,False,hourly mean,3
EP182023,Otis (2023),with_era5,2023-10-22T14:00:00+00:00,unet_correction,U-Net + standard MLP,16.917290210723873,False,hourly mean,3
EP182023,Otis (2023),with_era5,2023-10-22T15:00:00+00:00,unet_correction,U-Net + standard MLP,18.631166299184162,False,hourly mean,3
EP182023,Otis (2023),with_era5,2023-10-22T16:00:00+00:00,unet_correction,U-Net + standard MLP,18.88228130340576,False,hourly mean,3
EP182023,Otis (2023),with_era5,2023-10-22T17:00:00+00:00,unet_correction,U-Net + standard MLP,18.421619309319386,False,hourly mean,3
EP182023,Otis (2023),with_era5,2023-10-22T18:00:00+00:00,unet_correction,U-Net + standard MLP,16.775233162773976,False,hourly mean,3
EP182023,Otis (2023),with_era5,2023-10-22T19:00:00+00:00,unet_correction,U-Net + standard MLP,16.93951606750488,False,hourly mean,3
EP182023,Otis (2023),with_era5,2023-10-22T20:00:00+00:00,unet_correction,U-Net + standard MLP,18.368852297465,False,hourly mean,3
EP182023,Otis (2023),with_era5,2023-10-22T21:00:00+00:00,unet_correction,U-Net + standard MLP,19.2747508154975,False,hourly mean,3
EP182023,Otis (2023),with_era5,2023-10-22T22:00:00+00:00,unet_correction,U-Net + standard MLP,20.106733004252117,False,hourly mean,3
EP182023,Otis (2023),with_era5,2023-10-22T23:00:00+00:00,unet_correction,U-Net + standard MLP,20.64296860165066,False,hourly mean,3
EP182023,Otis (2023),with_era5,2023-10-23T00:00:00+00:00,unet_correction,U-Net + standard MLP,21.308933681911892,False,hourly mean,3
EP182023,Otis (2023),with_era5,2023-10-23T01:00:00+00:00,unet_correction,U-Net + standard MLP,21.646027247110997,False,hourly mean,3
EP182023,Otis (2023),with_era5,2023-10-23T02:00:00+00:00,unet_correction,U-Net + standard MLP,21.49528196122911,False,hourly mean,3
EP182023,Otis (2023),with_era5,2023-10-23T03:00:00+00:00,unet_correction,U-Net + standard MLP,21.571086035834416,False,hourly mean,3
EP182023,Otis (2023),with_era5,2023-10-23T04:00:00+00:00,unet_correction,U-Net + standard MLP,21.939804712931316,False,hourly mean,3
EP182023,Otis (2023),with_era5,2023-10-23T05:00:00+00:00,unet_correction,U-Net + standard MLP,22.64470778571234,False,hourly mean,3
EP182023,Otis (2023),with_era5,2023-10-23T06:00:00+00:00,unet_correction,U-Net + standard MLP,22.66877206166585,False,hourly mean,3
EP182023,Otis (2023),with_era5,2023-10-23T07:00:00+00:00,unet_correction,U-Net + standard MLP,22.67294555240207,False,hourly mean,3
EP182023,Otis (2023),with_era5,2023-10-23T08:00:00+00:00,unet_correction,U-Net + standard MLP,21.87642118665907,False,hourly mean,3
EP182023,Otis (2023),with_era5,2023-10-23T09:00:00+00:00,unet_correction,U-Net + standard MLP,21.01801448398166,False,hourly mean,3
EP182023,Otis (2023),with_era5,2023-10-23T10:00:00+00:00,unet_correction,U-Net + standard MLP,20.38062191009521,False,hourly mean,3
EP182023,Otis (2023),with_era5,2023-10-23T11:00:00+00:00,unet_correction,U-Net + standard MLP,22.627358860439717,False,hourly mean,3
EP182023,Otis (2023),with_era5,2023-10-23T12:00:00+00:00,unet_correction,U-Net + standard MLP,24.6092087427775,False,hourly mean,3
EP182023,Otis (2023),with_era5,2023-10-23T13:00:00+00:00,unet_correction,U-Net + standard MLP,24.623571713765458,False,hourly mean,3
EP182023,Otis (2023),with_era5,2023-10-23T14:00:00+00:00,unet_correction,U-Net + standard MLP,22.21502696143256,False,hourly mean,3
EP182023,Otis (2023),with_era5,2023-10-23T15:00:00+00:00,unet_correction,U-Net + standard MLP,20.232598834567597,False,hourly mean,3
EP182023,Otis (2023),with_era5,2023-10-23T16:00:00+00:00,unet_correction,U-Net + standard MLP,19.318776448567704,False,hourly mean,3
EP182023,Otis (2023),with_era5,2023-10-23T17:00:00+00:00,unet_correction,U-Net + standard MLP,19.106656498379177,False,hourly mean,3
EP182023,Otis (2023),with_era5,2023-10-23T18:00:00+00:00,unet_correction,U-Net + standard MLP,19.720017327202687,False,hourly mean,3
EP182023,Otis (2023),with_era5,2023-10-23T19:00:00+00:00,unet_correction,U-Net + standard MLP,19.394325362311466,False,hourly mean,3
EP182023,Otis (2023),with_era5,2023-10-23T20:00:00+00:00,unet_correction,U-Net + standard MLP,20.593241797553166,False,hourly mean,3
EP182023,Otis (2023),with_era5,2023-10-23T21:00:00+00:00,unet_correction,U-Net + standard MLP,21.0179976357354,False,hourly mean,3
EP182023,Otis (2023),with_era5,2023-10-23T22:00:00+00:00,unet_correction,U-Net + standard MLP,23.82583491007487,False,hourly mean,3
EP182023,Otis (2023),with_era5,2023-10-23T23:00:00+00:00,unet_correction,U-Net + standard MLP,25.153059747483994,False,hourly mean,3
EP182023,Otis (2023),with_era5,2023-10-24T00:00:00+00:00,unet_correction,U-Net + standard MLP,26.390000237358937,False,hourly mean,3
EP182023,Otis (2023),with_era5,2023-10-24T01:00:00+00:00,unet_correction,U-Net + standard MLP,26.698629273308644,False,hourly mean,3
EP182023,Otis (2023),with_era5,2023-10-24T02:00:00+00:00,unet_correction,U-Net + standard MLP,26.454798062642414,False,hourly mean,3
EP182023,Otis (2023),with_era5,2023-10-24T03:00:00+00:00,unet_correction,U-Net + standard MLP,26.39688343471951,False,hourly mean,3
EP182023,Otis (2023),with_era5,2023-10-24T04:00:00+00:00,unet_correction,U-Net + standard MLP,26.225654284159344,False,hourly mean,3
EP182023,Otis (2023),with_era5,2023-10-24T05:00:00+00:00,unet_correction,U-Net + standard MLP,26.316595395406083,False,hourly mean,3
EP182023,Otis (2023),with_era5,2023-10-24T06:00:00+00:00,unet_correction,U-Net + standard MLP,26.42735120985243,False,hourly mean,3
EP182023,Otis (2023),with_era5,2023-10-24T07:00:00+00:00,unet_correction,U-Net + standard MLP,26.932464917500813,False,hourly mean,3
EP182023,Otis (2023),with_era5,2023-10-24T08:00:00+00:00,unet_correction,U-Net + standard MLP,29.439474635654022,False,hourly mean,3
EP182023,Otis (2023),with_era5,2023-10-24T09:00:00+00:00,unet_correction,U-Net + standard MLP,33.17998451656765,False,hourly mean,3
EP182023,Otis (2023),with_era5,2023-10-24T10:00:00+00:00,unet_correction,U-Net + standard MLP,37.05559645758735,False,hourly mean,3
EP182023,Otis (2023),with_era5,2023-10-24T11:00:00+00:00,unet_correction,U-Net + standard MLP,39.49198638068305,False,hourly mean,3
EP182023,Otis (2023),with_era5,2023-10-24T12:00:00+00:00,unet_correction,U-Net + standard MLP,40.98632791307237,False,hourly mean,3
EP182023,Otis (2023),with_era5,2023-10-24T13:00:00+00:00,unet_correction,U-Net + standard MLP,42.299630906846794,True,hourly mean,3
EP182023,Otis (2023),with_era5,2023-10-24T14:00:00+00:00,unet_correction,U-Net + standard MLP,43.64192432827419,True,hourly mean,3
EP182023,Otis (2023),with_era5,2023-10-24T15:00:00+00:00,unet_correction,U-Net + standard MLP,45.45249197218154,True,hourly mean,3
EP182023,Otis (2023),with_era5,2023-10-24T16:00:00+00:00,unet_correction,U-Net + standard MLP,45.879358715481224,True,hourly mean,3
EP182023,Otis (2023),with_era5,2023-10-24T17:00:00+00:00,unet_correction,U-Net + standard MLP,46.957140604654946,True,hourly mean,3
EP182023,Otis (2023),with_era5,2023-10-24T18:00:00+00:00,unet_correction,U-Net + standard MLP,46.081188625759545,True,hourly mean,3
EP182023,Otis (2023),with_era5,2023-10-24T19:00:00+00:00,unet_correction,U-Net + standard MLP,44.978203455607094,True,hourly mean,3
EP182023,Otis (2023),with_era5,2023-10-24T20:00:00+00:00,unet_correction,U-Net + standard MLP,45.11329629686143,True,hourly mean,3
EP182023,Otis (2023),with_era5,2023-10-24T21:00:00+00:00,unet_correction,U-Net + standard MLP,47.19051636589898,True,hourly mean,3
EP182023,Otis (2023),with_era5,2023-10-24T22:00:00+00:00,unet_correction,U-Net + standard MLP,52.31490622626411,True,hourly mean,3
EP182023,Otis (2023),with_era5,2023-10-24T23:00:00+00:00,unet_correction,U-Net + standard MLP,54.328077104356545,True,hourly mean,3
EP182023,Otis (2023),with_era5,2023-10-25T00:00:00+00:00,unet_correction,U-Net + standard MLP,54.441091325547966,True,hourly mean,3
EP182023,Otis (2023),with_era5,2023-10-25T01:00:00+00:00,unet_correction,U-Net + standard MLP,51.734868791368264,True,hourly mean,3
EP182023,Otis (2023),with_era5,2023-10-25T02:00:00+00:00,unet_correction,U-Net + standard MLP,51.857286029391815,True,hourly mean,3
EP182023,Otis (2023),with_era5,2023-10-25T03:00:00+00:00,unet_correction,U-Net + standard MLP,52.99489996168348,True,hourly mean,3
EP182023,Otis (2023),with_era5,2023-10-25T04:00:00+00:00,unet_correction,U-Net + standard MLP,52.54029803805881,True,hourly mean,3
EP182023,Otis (2023),with_era5,2023-10-25T05:00:00+00:00,unet_correction,U-Net + standard MLP,46.007774353027344,True,hourly mean,3
EP182023,Otis (2023),with_era5,2023-10-25T06:00:00+00:00,unet_correction,U-Net + standard MLP,39.712266286214195,True,hourly mean,3
EP182023,Otis (2023),with_era5,2023-10-25T07:00:00+00:00,unet_correction,U-Net + standard MLP,35.19779597388373,True,hourly mean,3
EP182023,Otis (2023),with_era5,2023-10-25T08:00:00+00:00,unet_correction,U-Net + standard MLP,30.549538029564747,True,hourly mean,3
EP182023,Otis (2023),with_era5,2023-10-25T09:00:00+00:00,unet_correction,U-Net + standard MLP,22.548995176951085,True,hourly mean,3
EP182023,Otis (2023),with_era5,2023-10-25T10:00:00+00:00,unet_correction,U-Net + standard MLP,15.642045974731444,True,hourly mean,3
EP182023,Otis (2023),with_era5,2023-10-25T11:00:00+00:00,unet_correction,U-Net + standard MLP,12.647794087727862,True,hourly mean,3
EP182023,Otis (2023),with_era5,2023-10-25T12:00:00+00:00,unet_correction,U-Net + standard MLP,12.780566957261826,False,hourly mean,3
EP182023,Otis (2023),with_era5,2023-10-25T13:00:00+00:00,unet_correction,U-Net + standard MLP,12.68883752822876,False,hourly mean,3
EP182023,Otis (2023),with_era5,2023-10-25T14:00:00+00:00,unet_correction,U-Net + standard MLP,11.365277343326142,False,hourly mean,3
EP182023,Otis (2023),with_era5,2023-10-25T15:00:00+00:00,unet_correction,U-Net + standard MLP,10.160686122046574,False,hourly mean,3
EP182023,Otis (2023),with_era5,2023-10-25T16:00:00+00:00,unet_correction,U-Net + standard MLP,9.120455053117539,False,hourly mean,3
EP182023,Otis (2023),with_era5,2023-10-25T17:00:00+00:00,unet_correction,U-Net + standard MLP,9.171373526255287,False,hourly mean,3
EP182023,Otis (2023),with_era5,2023-10-21T00:00:00+00:00,joint_unet_mlp,Joint U-Net + latent MLP,26.81864627202352,False,hourly mean,3
EP182023,Otis (2023),with_era5,2023-10-21T01:00:00+00:00,joint_unet_mlp,Joint U-Net + latent MLP,26.788447909884983,False,hourly mean,3
EP182023,Otis (2023),with_era5,2023-10-21T02:00:00+00:00,joint_unet_mlp,Joint U-Net + latent MLP,27.055333243476017,False,hourly mean,3
EP182023,Otis (2023),with_era5,2023-10-21T03:00:00+00:00,joint_unet_mlp,Joint U-Net + latent MLP,26.887942526075573,False,hourly mean,3
EP182023,Otis (2023),with_era5,2023-10-21T04:00:00+00:00,joint_unet_mlp,Joint U-Net + latent MLP,26.527302636040577,False,hourly mean,3
EP182023,Otis (2023),with_era5,2023-10-21T05:00:00+00:00,joint_unet_mlp,Joint U-Net + latent MLP,26.431551297505695,False,hourly mean,3
EP182023,Otis (2023),with_era5,2023-10-21T06:00:00+00:00,joint_unet_mlp,Joint U-Net + latent MLP,27.09851572248671,False,hourly mean,3
EP182023,Otis (2023),with_era5,2023-10-21T07:00:00+00:00,joint_unet_mlp,Joint U-Net + latent MLP,28.304334110683868,False,hourly mean,3
EP182023,Otis (2023),with_era5,2023-10-21T08:00:00+00:00,joint_unet_mlp,Joint U-Net + latent MLP,28.872922049628368,False,hourly mean,3
EP182023,Otis (2023),with_era5,2023-10-21T09:00:00+00:00,joint_unet_mlp,Joint U-Net + latent MLP,28.942776150173614,False,hourly mean,3
EP182023,Otis (2023),with_era5,2023-10-21T10:00:00+00:00,joint_unet_mlp,Joint U-Net + latent MLP,28.482541296217175,False,hourly mean,3
EP182023,Otis (2023),with_era5,2023-10-21T11:00:00+00:00,joint_unet_mlp,Joint U-Net + latent MLP,27.396233558654785,False,hourly mean,3
EP182023,Otis (2023),with_era5,2023-10-21T12:00:00+00:00,joint_unet_mlp,Joint U-Net + latent MLP,25.106232325236004,False,hourly mean,3
EP182023,Otis (2023),with_era5,2023-10-21T13:00:00+00:00,joint_unet_mlp,Joint U-Net + latent MLP,23.144579887390137,False,hourly mean,3
EP182023,Otis (2023),with_era5,2023-10-21T14:00:00+00:00,joint_unet_mlp,Joint U-Net + latent MLP,22.668887350294327,False,hourly mean,3
EP182023,Otis (2023),with_era5,2023-10-21T15:00:00+00:00,joint_unet_mlp,Joint U-Net + latent MLP,23.630844963921444,False,hourly mean,3
EP182023,Otis (2023),with_era5,2023-10-21T16:00:00+00:00,joint_unet_mlp,Joint U-Net + latent MLP,24.552738295661083,False,hourly mean,3
EP182023,Otis (2023),with_era5,2023-10-21T17:00:00+00:00,joint_unet_mlp,Joint U-Net + latent MLP,24.588107744852703,False,hourly mean,3
EP182023,Otis (2023),with_era5,2023-10-21T18:00:00+00:00,joint_unet_mlp,Joint U-Net + latent MLP,24.887893146938747,False,hourly mean,3
EP182023,Otis (2023),with_era5,2023-10-21T19:00:00+00:00,joint_unet_mlp,Joint U-Net + latent MLP,25.319353527492947,False,hourly mean,3
EP182023,Otis (2023),with_era5,2023-10-21T20:00:00+00:00,joint_unet_mlp,Joint U-Net + latent MLP,24.950888527764217,False,hourly mean,3
EP182023,Otis (2023),with_era5,2023-10-21T21:00:00+00:00,joint_unet_mlp,Joint U-Net + latent MLP,24.73048697577583,False,hourly mean,3
EP182023,Otis (2023),with_era5,2023-10-21T22:00:00+00:00,joint_unet_mlp,Joint U-Net + latent MLP,25.02519279056125,False,hourly mean,3
EP182023,Otis (2023),with_era5,2023-10-21T23:00:00+00:00,joint_unet_mlp,Joint U-Net + latent MLP,26.55294089847141,False,hourly mean,3
EP182023,Otis (2023),with_era5,2023-10-22T00:00:00+00:00,joint_unet_mlp,Joint U-Net + latent MLP,27.33204237620036,False,hourly mean,3
EP182023,Otis (2023),with_era5,2023-10-22T01:00:00+00:00,joint_unet_mlp,Joint U-Net + latent MLP,27.61222775777181,False,hourly mean,3
EP182023,Otis (2023),with_era5,2023-10-22T02:00:00+00:00,joint_unet_mlp,Joint U-Net + latent MLP,27.713845676845974,False,hourly mean,3
EP182023,Otis (2023),with_era5,2023-10-22T03:00:00+00:00,joint_unet_mlp,Joint U-Net + latent MLP,27.505506833394367,False,hourly mean,3
EP182023,Otis (2023),with_era5,2023-10-22T04:00:00+00:00,joint_unet_mlp,Joint U-Net + latent MLP,26.861730363633896,False,hourly mean,3
EP182023,Otis (2023),with_era5,2023-10-22T05:00:00+00:00,joint_unet_mlp,Joint U-Net + latent MLP,26.652766969468857,False,hourly mean,3
EP182023,Otis (2023),with_era5,2023-10-22T06:00:00+00:00,joint_unet_mlp,Joint U-Net + latent MLP,27.174529393513996,False,hourly mean,3
EP182023,Otis (2023),with_era5,2023-10-22T07:00:00+00:00,joint_unet_mlp,Joint U-Net + latent MLP,28.11562400394016,False,hourly mean,3
EP182023,Otis (2023),with_era5,2023-10-22T08:00:00+00:00,joint_unet_mlp,Joint U-Net + latent MLP,28.323563045925567,False,hourly mean,3
EP182023,Otis (2023),with_era5,2023-10-22T09:00:00+00:00,joint_unet_mlp,Joint U-Net + latent MLP,27.861990080939403,False,hourly mean,3
EP182023,Otis (2023),with_era5,2023-10-22T10:00:00+00:00,joint_unet_mlp,Joint U-Net + latent MLP,26.133529663085938,False,hourly mean,3
EP182023,Otis (2023),with_era5,2023-10-22T11:00:00+00:00,joint_unet_mlp,Joint U-Net + latent MLP,24.024340205722382,False,hourly mean,3
EP182023,Otis (2023),with_era5,2023-10-22T12:00:00+00:00,joint_unet_mlp,Joint U-Net + latent MLP,21.732567575242783,False,hourly mean,3
EP182023,Otis (2023),with_era5,2023-10-22T13:00:00+00:00,joint_unet_mlp,Joint U-Net + latent MLP,20.71366712782118,False,hourly mean,3
EP182023,Otis (2023),with_era5,2023-10-22T14:00:00+00:00,joint_unet_mlp,Joint U-Net + latent MLP,21.557704077826603,False,hourly mean,3
EP182023,Otis (2023),with_era5,2023-10-22T15:00:00+00:00,joint_unet_mlp,Joint U-Net + latent MLP,23.2359586291843,False,hourly mean,3
EP182023,Otis (2023),with_era5,2023-10-22T16:00:00+00:00,joint_unet_mlp,Joint U-Net + latent MLP,24.88319121466743,False,hourly mean,3
EP182023,Otis (2023),with_era5,2023-10-22T17:00:00+00:00,joint_unet_mlp,Joint U-Net + latent MLP,25.560445891486278,False,hourly mean,3
EP182023,Otis (2023),with_era5,2023-10-22T18:00:00+00:00,joint_unet_mlp,Joint U-Net + latent MLP,26.07994757758247,False,hourly mean,3
EP182023,Otis (2023),with_era5,2023-10-22T19:00:00+00:00,joint_unet_mlp,Joint U-Net + latent MLP,26.315132670932343,False,hourly mean,3
EP182023,Otis (2023),with_era5,2023-10-22T20:00:00+00:00,joint_unet_mlp,Joint U-Net + latent MLP,29.35172939300537,False,hourly mean,3
EP182023,Otis (2023),with_era5,2023-10-22T21:00:00+00:00,joint_unet_mlp,Joint U-Net + latent MLP,32.07004631890191,False,hourly mean,3
EP182023,Otis (2023),with_era5,2023-10-22T22:00:00+00:00,joint_unet_mlp,Joint U-Net + latent MLP,34.63594033983019,False,hourly mean,3
EP182023,Otis (2023),with_era5,2023-10-22T23:00:00+00:00,joint_unet_mlp,Joint U-Net + latent MLP,32.69076697031657,False,hourly mean,3
EP182023,Otis (2023),with_era5,2023-10-23T00:00:00+00:00,joint_unet_mlp,Joint U-Net + latent MLP,29.954549365573456,False,hourly mean,3
EP182023,Otis (2023),with_era5,2023-10-23T01:00:00+00:00,joint_unet_mlp,Joint U-Net + latent MLP,27.52027130126953,False,hourly mean,3
EP182023,Otis (2023),with_era5,2023-10-23T02:00:00+00:00,joint_unet_mlp,Joint U-Net + latent MLP,25.700288666619198,False,hourly mean,3
EP182023,Otis (2023),with_era5,2023-10-23T03:00:00+00:00,joint_unet_mlp,Joint U-Net + latent MLP,25.362372610304092,False,hourly mean,3
EP182023,Otis (2023),with_era5,2023-10-23T04:00:00+00:00,joint_unet_mlp,Joint U-Net + latent MLP,25.27667162153456,False,hourly mean,3
EP182023,Otis (2023),with_era5,2023-10-23T05:00:00+00:00,joint_unet_mlp,Joint U-Net + latent MLP,26.03808085123698,False,hourly mean,3
EP182023,Otis (2023),with_era5,2023-10-23T06:00:00+00:00,joint_unet_mlp,Joint U-Net + latent MLP,26.436976432800293,False,hourly mean,3
EP182023,Otis (2023),with_era5,2023-10-23T07:00:00+00:00,joint_unet_mlp,Joint U-Net + latent MLP,26.74072530534532,False,hourly mean,3
EP182023,Otis (2023),with_era5,2023-10-23T08:00:00+00:00,joint_unet_mlp,Joint U-Net + latent MLP,25.80491913689507,False,hourly mean,3
EP182023,Otis (2023),with_era5,2023-10-23T09:00:00+00:00,joint_unet_mlp,Joint U-Net + latent MLP,24.55023966895209,False,hourly mean,3
EP182023,Otis (2023),with_era5,2023-10-23T10:00:00+00:00,joint_unet_mlp,Joint U-Net + latent MLP,23.365271886189777,False,hourly mean,3
EP182023,Otis (2023),with_era5,2023-10-23T11:00:00+00:00,joint_unet_mlp,Joint U-Net + latent MLP,23.738785531785755,False,hourly mean,3
EP182023,Otis (2023),with_era5,2023-10-23T12:00:00+00:00,joint_unet_mlp,Joint U-Net + latent MLP,23.76584275563558,False,hourly mean,3
EP182023,Otis (2023),with_era5,2023-10-23T13:00:00+00:00,joint_unet_mlp,Joint U-Net + latent MLP,23.85474416944716,False,hourly mean,3
EP182023,Otis (2023),with_era5,2023-10-23T14:00:00+00:00,joint_unet_mlp,Joint U-Net + latent MLP,23.505658785502117,False,hourly mean,3
EP182023,Otis (2023),with_era5,2023-10-23T15:00:00+00:00,joint_unet_mlp,Joint U-Net + latent MLP,23.65350882212321,False,hourly mean,3
EP182023,Otis (2023),with_era5,2023-10-23T16:00:00+00:00,joint_unet_mlp,Joint U-Net + latent MLP,24.411885049608017,False,hourly mean,3
EP182023,Otis (2023),with_era5,2023-10-23T17:00:00+00:00,joint_unet_mlp,Joint U-Net + latent MLP,25.346553166707356,False,hourly mean,3
EP182023,Otis (2023),with_era5,2023-10-23T18:00:00+00:00,joint_unet_mlp,Joint U-Net + latent MLP,26.267454995049373,False,hourly mean,3
EP182023,Otis (2023),with_era5,2023-10-23T19:00:00+00:00,joint_unet_mlp,Joint U-Net + latent MLP,26.379598723517528,False,hourly mean,3
EP182023,Otis (2023),with_era5,2023-10-23T20:00:00+00:00,joint_unet_mlp,Joint U-Net + latent MLP,27.469629817538788,False,hourly mean,3
EP182023,Otis (2023),with_era5,2023-10-23T21:00:00+00:00,joint_unet_mlp,Joint U-Net + latent MLP,28.254966523912216,False,hourly mean,3
EP182023,Otis (2023),with_era5,2023-10-23T22:00:00+00:00,joint_unet_mlp,Joint U-Net + latent MLP,28.59659947289361,False,hourly mean,3
EP182023,Otis (2023),with_era5,2023-10-23T23:00:00+00:00,joint_unet_mlp,Joint U-Net + latent MLP,28.41427993774414,False,hourly mean,3
EP182023,Otis (2023),with_era5,2023-10-24T00:00:00+00:00,joint_unet_mlp,Joint U-Net + latent MLP,29.148266686333546,False,hourly mean,3
EP182023,Otis (2023),with_era5,2023-10-24T01:00:00+00:00,joint_unet_mlp,Joint U-Net + latent MLP,30.341368357340496,False,hourly mean,3
EP182023,Otis (2023),with_era5,2023-10-24T02:00:00+00:00,joint_unet_mlp,Joint U-Net + latent MLP,30.873306274414062,False,hourly mean,3
EP182023,Otis (2023),with_era5,2023-10-24T03:00:00+00:00,joint_unet_mlp,Joint U-Net + latent MLP,30.625011656019424,False,hourly mean,3
EP182023,Otis (2023),with_era5,2023-10-24T04:00:00+00:00,joint_unet_mlp,Joint U-Net + latent MLP,30.40807130601671,False,hourly mean,3
EP182023,Otis (2023),with_era5,2023-10-24T05:00:00+00:00,joint_unet_mlp,Joint U-Net + latent MLP,29.824469142489964,False,hourly mean,3
EP182023,Otis (2023),with_era5,2023-10-24T06:00:00+00:00,joint_unet_mlp,Joint U-Net + latent MLP,29.09328767988417,False,hourly mean,3
EP182023,Otis (2023),with_era5,2023-10-24T07:00:00+00:00,joint_unet_mlp,Joint U-Net + latent MLP,28.43148930867513,False,hourly mean,3
EP182023,Otis (2023),with_era5,2023-10-24T08:00:00+00:00,joint_unet_mlp,Joint U-Net + latent MLP,30.337236510382755,False,hourly mean,3
EP182023,Otis (2023),with_era5,2023-10-24T09:00:00+00:00,joint_unet_mlp,Joint U-Net + latent MLP,32.66351159413656,False,hourly mean,3
EP182023,Otis (2023),with_era5,2023-10-24T10:00:00+00:00,joint_unet_mlp,Joint U-Net + latent MLP,35.204398261176216,False,hourly mean,3
EP182023,Otis (2023),with_era5,2023-10-24T11:00:00+00:00,joint_unet_mlp,Joint U-Net + latent MLP,36.258076985677086,False,hourly mean,3
EP182023,Otis (2023),with_era5,2023-10-24T12:00:00+00:00,joint_unet_mlp,Joint U-Net + latent MLP,35.51373206244575,False,hourly mean,3
EP182023,Otis (2023),with_era5,2023-10-24T13:00:00+00:00,joint_unet_mlp,Joint U-Net + latent MLP,34.73545498318142,True,hourly mean,3
EP182023,Otis (2023),with_era5,2023-10-24T14:00:00+00:00,joint_unet_mlp,Joint U-Net + latent MLP,35.513710445827904,True,hourly mean,3
EP182023,Otis (2023),with_era5,2023-10-24T15:00:00+00:00,joint_unet_mlp,Joint U-Net + latent MLP,40.17270999484592,True,hourly mean,3
EP182023,Otis (2023),with_era5,2023-10-24T16:00:00+00:00,joint_unet_mlp,Joint U-Net + latent MLP,42.5114926232232,True,hourly mean,3
EP182023,Otis (2023),with_era5,2023-10-24T17:00:00+00:00,joint_unet_mlp,Joint U-Net + latent MLP,46.943364037407775,True,hourly mean,3
EP182023,Otis (2023),with_era5,2023-10-24T18:00:00+00:00,joint_unet_mlp,Joint U-Net + latent MLP,48.44237200419108,True,hourly mean,3
EP182023,Otis (2023),with_era5,2023-10-24T19:00:00+00:00,joint_unet_mlp,Joint U-Net + latent MLP,50.165727615356445,True,hourly mean,3
EP182023,Otis (2023),with_era5,2023-10-24T20:00:00+00:00,joint_unet_mlp,Joint U-Net + latent MLP,51.16002337137858,True,hourly mean,3
EP182023,Otis (2023),with_era5,2023-10-24T21:00:00+00:00,joint_unet_mlp,Joint U-Net + latent MLP,54.96737162272135,True,hourly mean,3
EP182023,Otis (2023),with_era5,2023-10-24T22:00:00+00:00,joint_unet_mlp,Joint U-Net + latent MLP,60.18093681335449,True,hourly mean,3
EP182023,Otis (2023),with_era5,2023-10-24T23:00:00+00:00,joint_unet_mlp,Joint U-Net + latent MLP,63.98311297098795,True,hourly mean,3
EP182023,Otis (2023),with_era5,2023-10-25T00:00:00+00:00,joint_unet_mlp,Joint U-Net + latent MLP,65.84009891086153,True,hourly mean,3
EP182023,Otis (2023),with_era5,2023-10-25T01:00:00+00:00,joint_unet_mlp,Joint U-Net + latent MLP,68.16511366102431,True,hourly mean,3
EP182023,Otis (2023),with_era5,2023-10-25T02:00:00+00:00,joint_unet_mlp,Joint U-Net + latent MLP,66.38173654344347,True,hourly mean,3
EP182023,Otis (2023),with_era5,2023-10-25T03:00:00+00:00,joint_unet_mlp,Joint U-Net + latent MLP,62.51088820563422,True,hourly mean,3
EP182023,Otis (2023),with_era5,2023-10-25T04:00:00+00:00,joint_unet_mlp,Joint U-Net + latent MLP,56.08879364861383,True,hourly mean,3
EP182023,Otis (2023),with_era5,2023-10-25T05:00:00+00:00,joint_unet_mlp,Joint U-Net + latent MLP,48.38472557067871,True,hourly mean,3
EP182023,Otis (2023),with_era5,2023-10-25T06:00:00+00:00,joint_unet_mlp,Joint U-Net + latent MLP,42.76713795132107,True,hourly mean,3
EP182023,Otis (2023),with_era5,2023-10-25T07:00:00+00:00,joint_unet_mlp,Joint U-Net + latent MLP,39.53395462036133,True,hourly mean,3
EP182023,Otis (2023),with_era5,2023-10-25T08:00:00+00:00,joint_unet_mlp,Joint U-Net + latent MLP,35.977927101982964,True,hourly mean,3
EP182023,Otis (2023),with_era5,2023-10-25T09:00:00+00:00,joint_unet_mlp,Joint U-Net + latent MLP,32.28760359022352,True,hourly mean,3
EP182023,Otis (2023),with_era5,2023-10-25T10:00:00+00:00,joint_unet_mlp,Joint U-Net + latent MLP,28.72223409016927,True,hourly mean,3
EP182023,Otis (2023),with_era5,2023-10-25T11:00:00+00:00,joint_unet_mlp,Joint U-Net + latent MLP,29.001326349046497,True,hourly mean,3
EP182023,Otis (2023),with_era5,2023-10-25T12:00:00+00:00,joint_unet_mlp,Joint U-Net + latent MLP,29.46000787946913,False,hourly mean,3
EP182023,Otis (2023),with_era5,2023-10-25T13:00:00+00:00,joint_unet_mlp,Joint U-Net + latent MLP,29.95053980085585,False,hourly mean,3
EP182023,Otis (2023),with_era5,2023-10-25T14:00:00+00:00,joint_unet_mlp,Joint U-Net + latent MLP,29.592323621114094,False,hourly mean,3
EP182023,Otis (2023),with_era5,2023-10-25T15:00:00+00:00,joint_unet_mlp,Joint U-Net + latent MLP,29.86874855889214,False,hourly mean,3
EP182023,Otis (2023),with_era5,2023-10-25T16:00:00+00:00,joint_unet_mlp,Joint U-Net + latent MLP,30.548807356092663,False,hourly mean,3
EP182023,Otis (2023),with_era5,2023-10-25T17:00:00+00:00,joint_unet_mlp,Joint U-Net + latent MLP,31.55164511998494,False,hourly mean,3
EP182023,Otis (2023),without_era5,2023-10-21T00:00:00+00:00,ibtracs_best_track,IBTrACS best track,12.8611,False,hourly mean,3
EP182023,Otis (2023),without_era5,2023-10-21T01:00:00+00:00,ibtracs_best_track,IBTrACS best track,12.8611,False,hourly mean,3
EP182023,Otis (2023),without_era5,2023-10-21T02:00:00+00:00,ibtracs_best_track,IBTrACS best track,12.8611,False,hourly mean,3
EP182023,Otis (2023),without_era5,2023-10-21T03:00:00+00:00,ibtracs_best_track,IBTrACS best track,12.8611,False,hourly mean,3
EP182023,Otis (2023),without_era5,2023-10-21T04:00:00+00:00,ibtracs_best_track,IBTrACS best track,12.8611,False,hourly mean,3
EP182023,Otis (2023),without_era5,2023-10-21T05:00:00+00:00,ibtracs_best_track,IBTrACS best track,12.8611,False,hourly mean,3
EP182023,Otis (2023),without_era5,2023-10-21T06:00:00+00:00,ibtracs_best_track,IBTrACS best track,12.8611,False,hourly mean,3
EP182023,Otis (2023),without_era5,2023-10-21T07:00:00+00:00,ibtracs_best_track,IBTrACS best track,12.8611,False,hourly mean,3
EP182023,Otis (2023),without_era5,2023-10-21T08:00:00+00:00,ibtracs_best_track,IBTrACS best track,12.8611,False,hourly mean,3
EP182023,Otis (2023),without_era5,2023-10-21T09:00:00+00:00,ibtracs_best_track,IBTrACS best track,12.8611,False,hourly mean,3
EP182023,Otis (2023),without_era5,2023-10-21T10:00:00+00:00,ibtracs_best_track,IBTrACS best track,12.8611,False,hourly mean,3
EP182023,Otis (2023),without_era5,2023-10-21T11:00:00+00:00,ibtracs_best_track,IBTrACS best track,12.8611,False,hourly mean,3
EP182023,Otis (2023),without_era5,2023-10-21T12:00:00+00:00,ibtracs_best_track,IBTrACS best track,12.8611,False,hourly mean,3
EP182023,Otis (2023),without_era5,2023-10-21T13:00:00+00:00,ibtracs_best_track,IBTrACS best track,12.8611,False,hourly mean,3
EP182023,Otis (2023),without_era5,2023-10-21T14:00:00+00:00,ibtracs_best_track,IBTrACS best track,12.8611,False,hourly mean,3
EP182023,Otis (2023),without_era5,2023-10-21T15:00:00+00:00,ibtracs_best_track,IBTrACS best track,12.8611,False,hourly mean,3
EP182023,Otis (2023),without_era5,2023-10-21T16:00:00+00:00,ibtracs_best_track,IBTrACS best track,12.8611,False,hourly mean,3
EP182023,Otis (2023),without_era5,2023-10-21T17:00:00+00:00,ibtracs_best_track,IBTrACS best track,12.8611,False,hourly mean,3
EP182023,Otis (2023),without_era5,2023-10-21T18:00:00+00:00,ibtracs_best_track,IBTrACS best track,12.8611,False,hourly mean,3
EP182023,Otis (2023),without_era5,2023-10-21T19:00:00+00:00,ibtracs_best_track,IBTrACS best track,12.8611,False,hourly mean,3
EP182023,Otis (2023),without_era5,2023-10-21T20:00:00+00:00,ibtracs_best_track,IBTrACS best track,12.8611,False,hourly mean,3
EP182023,Otis (2023),without_era5,2023-10-21T21:00:00+00:00,ibtracs_best_track,IBTrACS best track,12.8611,False,hourly mean,3
EP182023,Otis (2023),without_era5,2023-10-21T22:00:00+00:00,ibtracs_best_track,IBTrACS best track,12.8611,False,hourly mean,3
EP182023,Otis (2023),without_era5,2023-10-21T23:00:00+00:00,ibtracs_best_track,IBTrACS best track,12.933503229629629,False,hourly mean,3
EP182023,Otis (2023),without_era5,2023-10-22T00:00:00+00:00,ibtracs_best_track,IBTrACS best track,13.177387792592592,False,hourly mean,3
EP182023,Otis (2023),without_era5,2023-10-22T01:00:00+00:00,ibtracs_best_track,IBTrACS best track,13.59275368888889,False,hourly mean,3
EP182023,Otis (2023),without_era5,2023-10-22T02:00:00+00:00,ibtracs_best_track,IBTrACS best track,14.083063279012345,False,hourly mean,3
EP182023,Otis (2023),without_era5,2023-10-22T03:00:00+00:00,ibtracs_best_track,IBTrACS best track,14.516212424691359,False,hourly mean,3
EP182023,Otis (2023),without_era5,2023-10-22T04:00:00+00:00,ibtracs_best_track,IBTrACS best track,14.892201125925927,False,hourly mean,3
EP182023,Otis (2023),without_era5,2023-10-22T05:00:00+00:00,ibtracs_best_track,IBTrACS best track,15.186894972839506,False,hourly mean,3
EP182023,Otis (2023),without_era5,2023-10-22T06:00:00+00:00,ibtracs_best_track,IBTrACS best track,15.367267930864196,False,hourly mean,3
EP182023,Otis (2023),without_era5,2023-10-22T07:00:00+00:00,ibtracs_best_track,IBTrACS best track,15.43332,False,hourly mean,3
EP182023,Otis (2023),without_era5,2023-10-22T08:00:00+00:00,ibtracs_best_track,IBTrACS best track,15.43332,False,hourly mean,3
EP182023,Otis (2023),without_era5,2023-10-22T09:00:00+00:00,ibtracs_best_track,IBTrACS best track,15.43332,False,hourly mean,3
EP182023,Otis (2023),without_era5,2023-10-22T10:00:00+00:00,ibtracs_best_track,IBTrACS best track,15.43332,False,hourly mean,3
EP182023,Otis (2023),without_era5,2023-10-22T11:00:00+00:00,ibtracs_best_track,IBTrACS best track,15.505723229629629,False,hourly mean,3
EP182023,Otis (2023),without_era5,2023-10-22T12:00:00+00:00,ibtracs_best_track,IBTrACS best track,15.749607792592593,False,hourly mean,3
EP182023,Otis (2023),without_era5,2023-10-22T13:00:00+00:00,ibtracs_best_track,IBTrACS best track,16.16497368888889,False,hourly mean,3
EP182023,Otis (2023),without_era5,2023-10-22T14:00:00+00:00,ibtracs_best_track,IBTrACS best track,16.655283279012348,False,hourly mean,3
EP182023,Otis (2023),without_era5,2023-10-22T15:00:00+00:00,ibtracs_best_track,IBTrACS best track,17.08843242469136,False,hourly mean,3
EP182023,Otis (2023),without_era5,2023-10-22T16:00:00+00:00,ibtracs_best_track,IBTrACS best track,17.464421125925924,False,hourly mean,3
EP182023,Otis (2023),without_era5,2023-10-22T17:00:00+00:00,ibtracs_best_track,IBTrACS best track,17.759114972839505,False,hourly mean,3
EP182023,Otis (2023),without_era5,2023-10-22T18:00:00+00:00,ibtracs_best_track,IBTrACS best track,17.9394879308642,False,hourly mean,3
EP182023,Otis (2023),without_era5,2023-10-22T19:00:00+00:00,ibtracs_best_track,IBTrACS best track,18.00554,False,hourly mean,3
EP182023,Otis (2023),without_era5,2023-10-22T20:00:00+00:00,ibtracs_best_track,IBTrACS best track,18.00554,False,hourly mean,3
EP182023,Otis (2023),without_era5,2023-10-22T21:00:00+00:00,ibtracs_best_track,IBTrACS best track,18.00554,False,hourly mean,3
EP182023,Otis (2023),without_era5,2023-10-22T22:00:00+00:00,ibtracs_best_track,IBTrACS best track,18.00554,False,hourly mean,3
EP182023,Otis (2023),without_era5,2023-10-22T23:00:00+00:00,ibtracs_best_track,IBTrACS best track,18.00554,False,hourly mean,3
EP182023,Otis (2023),without_era5,2023-10-23T00:00:00+00:00,ibtracs_best_track,IBTrACS best track,18.00554,False,hourly mean,3
EP182023,Otis (2023),without_era5,2023-10-23T01:00:00+00:00,ibtracs_best_track,IBTrACS best track,18.00554,False,hourly mean,3
EP182023,Otis (2023),without_era5,2023-10-23T02:00:00+00:00,ibtracs_best_track,IBTrACS best track,18.00554,False,hourly mean,3
EP182023,Otis (2023),without_era5,2023-10-23T03:00:00+00:00,ibtracs_best_track,IBTrACS best track,18.00554,False,hourly mean,3
EP182023,Otis (2023),without_era5,2023-10-23T04:00:00+00:00,ibtracs_best_track,IBTrACS best track,18.00554,False,hourly mean,3
EP182023,Otis (2023),without_era5,2023-10-23T05:00:00+00:00,ibtracs_best_track,IBTrACS best track,18.07794322962963,False,hourly mean,3
EP182023,Otis (2023),without_era5,2023-10-23T06:00:00+00:00,ibtracs_best_track,IBTrACS best track,18.321827792592593,False,hourly mean,3
EP182023,Otis (2023),without_era5,2023-10-23T07:00:00+00:00,ibtracs_best_track,IBTrACS best track,18.73719368888889,False,hourly mean,3
EP182023,Otis (2023),without_era5,2023-10-23T08:00:00+00:00,ibtracs_best_track,IBTrACS best track,19.22750327901235,False,hourly mean,3
EP182023,Otis (2023),without_era5,2023-10-23T09:00:00+00:00,ibtracs_best_track,IBTrACS best track,19.66065242469136,False,hourly mean,3
EP182023,Otis (2023),without_era5,2023-10-23T10:00:00+00:00,ibtracs_best_track,IBTrACS best track,20.036641125925925,False,hourly mean,3
EP182023,Otis (2023),without_era5,2023-10-23T11:00:00+00:00,ibtracs_best_track,IBTrACS best track,20.40373820246914,False,hourly mean,3
EP182023,Otis (2023),without_era5,2023-10-23T12:00:00+00:00,ibtracs_best_track,IBTrACS best track,20.82799572345679,False,hourly mean,3
EP182023,Otis (2023),without_era5,2023-10-23T13:00:00+00:00,ibtracs_best_track,IBTrACS best track,21.309413688888892,False,hourly mean,3
EP182023,Otis (2023),without_era5,2023-10-23T14:00:00+00:00,ibtracs_best_track,IBTrACS best track,21.79972327901235,False,hourly mean,3
EP182023,Otis (2023),without_era5,2023-10-23T15:00:00+00:00,ibtracs_best_track,IBTrACS best track,22.23287242469136,False,hourly mean,3
EP182023,Otis (2023),without_era5,2023-10-23T16:00:00+00:00,ibtracs_best_track,IBTrACS best track,22.608861125925927,False,hourly mean,3
EP182023,Otis (2023),without_era5,2023-10-23T17:00:00+00:00,ibtracs_best_track,IBTrACS best track,22.975958202469133,False,hourly mean,3
EP182023,Otis (2023),without_era5,2023-10-23T18:00:00+00:00,ibtracs_best_track,IBTrACS best track,23.400215723456792,False,hourly mean,3
EP182023,Otis (2023),without_era5,2023-10-23T19:00:00+00:00,ibtracs_best_track,IBTrACS best track,23.881633688888893,False,hourly mean,3
EP182023,Otis (2023),without_era5,2023-10-23T20:00:00+00:00,ibtracs_best_track,IBTrACS best track,24.371943279012346,False,hourly mean,3
EP182023,Otis (2023),without_era5,2023-10-23T21:00:00+00:00,ibtracs_best_track,IBTrACS best track,24.805092424691356,False,hourly mean,3
EP182023,Otis (2023),without_era5,2023-10-23T22:00:00+00:00,ibtracs_best_track,IBTrACS best track,25.181081125925928,False,hourly mean,3
EP182023,Otis (2023),without_era5,2023-10-23T23:00:00+00:00,ibtracs_best_track,IBTrACS best track,25.548178202469135,False,hourly mean,3
EP182023,Otis (2023),without_era5,2023-10-24T00:00:00+00:00,ibtracs_best_track,IBTrACS best track,25.972435723456794,False,hourly mean,3
EP182023,Otis (2023),without_era5,2023-10-24T01:00:00+00:00,ibtracs_best_track,IBTrACS best track,26.453853688888888,False,hourly mean,3
EP182023,Otis (2023),without_era5,2023-10-24T02:00:00+00:00,ibtracs_best_track,IBTrACS best track,26.944163279012347,False,hourly mean,3
EP182023,Otis (2023),without_era5,2023-10-24T03:00:00+00:00,ibtracs_best_track,IBTrACS best track,27.377312424691358,False,hourly mean,3
EP182023,Otis (2023),without_era5,2023-10-24T04:00:00+00:00,ibtracs_best_track,IBTrACS best track,27.753301125925926,False,hourly mean,3
EP182023,Otis (2023),without_era5,2023-10-24T05:00:00+00:00,ibtracs_best_track,IBTrACS best track,28.168667022222223,False,hourly mean,3
EP182023,Otis (2023),without_era5,2023-10-24T06:00:00+00:00,ibtracs_best_track,IBTrACS best track,28.755514251851853,False,hourly mean,3
EP182023,Otis (2023),without_era5,2023-10-24T07:00:00+00:00,ibtracs_best_track,IBTrACS best track,29.51384281481482,False,hourly mean,3
EP182023,Otis (2023),without_era5,2023-10-24T08:00:00+00:00,ibtracs_best_track,IBTrACS best track,30.37124948148148,False,hourly mean,3
EP182023,Otis (2023),without_era5,2023-10-24T09:00:00+00:00,ibtracs_best_track,IBTrACS best track,31.228656148148147,False,hourly mean,3
EP182023,Otis (2023),without_era5,2023-10-24T10:00:00+00:00,ibtracs_best_track,IBTrACS best track,32.08606281481482,False,hourly mean,3
EP182023,Otis (2023),without_era5,2023-10-24T11:00:00+00:00,ibtracs_best_track,IBTrACS best track,33.257216809876546,False,hourly mean,3
EP182023,Otis (2023),without_era5,2023-10-24T12:00:00+00:00,ibtracs_best_track,IBTrACS best track,35.17145658271605,False,hourly mean,3
EP182023,Otis (2023),without_era5,2023-10-24T13:00:00+00:00,ibtracs_best_track,IBTrACS best track,37.828782133333334,True,hourly mean,3
EP182023,Otis (2023),without_era5,2023-10-24T14:00:00+00:00,ibtracs_best_track,IBTrACS best track,40.89131172345679,True,hourly mean,3
EP182023,Otis (2023),without_era5,2023-10-24T15:00:00+00:00,ibtracs_best_track,IBTrACS best track,43.8966808691358,True,hourly mean,3
EP182023,Otis (2023),without_era5,2023-10-24T16:00:00+00:00,ibtracs_best_track,IBTrACS best track,46.84488957037038,True,hourly mean,3
EP182023,Otis (2023),without_era5,2023-10-24T17:00:00+00:00,ibtracs_best_track,IBTrACS best track,49.71180341728395,True,hourly mean,3
EP182023,Otis (2023),without_era5,2023-10-24T18:00:00+00:00,ibtracs_best_track,IBTrACS best track,52.46439637530864,True,hourly mean,3
EP182023,Otis (2023),without_era5,2023-10-24T19:00:00+00:00,ibtracs_best_track,IBTrACS best track,55.10266844444445,True,hourly mean,3
EP182023,Otis (2023),without_era5,2023-10-24T20:00:00+00:00,ibtracs_best_track,IBTrACS best track,57.67488844444444,True,hourly mean,3
EP182023,Otis (2023),without_era5,2023-10-24T21:00:00+00:00,ibtracs_best_track,IBTrACS best track,60.24710844444444,True,hourly mean,3
EP182023,Otis (2023),without_era5,2023-10-24T22:00:00+00:00,ibtracs_best_track,IBTrACS best track,62.819328444444444,True,hourly mean,3
EP182023,Otis (2023),without_era5,2023-10-24T23:00:00+00:00,ibtracs_best_track,IBTrACS best track,65.39154844444444,True,hourly mean,3
EP182023,Otis (2023),without_era5,2023-10-25T00:00:00+00:00,ibtracs_best_track,IBTrACS best track,67.96376844444445,True,hourly mean,3
EP182023,Otis (2023),without_era5,2023-10-25T01:00:00+00:00,ibtracs_best_track,IBTrACS best track,70.53598844444446,True,hourly mean,3
EP182023,Otis (2023),without_era5,2023-10-25T02:00:00+00:00,ibtracs_best_track,IBTrACS best track,72.74619229629631,True,hourly mean,3
EP182023,Otis (2023),without_era5,2023-10-25T03:00:00+00:00,ibtracs_best_track,IBTrACS best track,74.0989894814815,True,hourly mean,3
EP182023,Otis (2023),without_era5,2023-10-25T04:00:00+00:00,ibtracs_best_track,IBTrACS best track,74.59438,True,hourly mean,3
EP182023,Otis (2023),without_era5,2023-10-25T05:00:00+00:00,ibtracs_best_track,IBTrACS best track,74.10152994567902,True,hourly mean,3
EP182023,Otis (2023),without_era5,2023-10-25T06:00:00+00:00,ibtracs_best_track,IBTrACS best track,72.0145386074074,True,hourly mean,3
EP182023,Otis (2023),without_era5,2023-10-25T07:00:00+00:00,ibtracs_best_track,IBTrACS best track,68.09841304691359,True,hourly mean,3
EP182023,Otis (2023),without_era5,2023-10-25T08:00:00+00:00,ibtracs_best_track,IBTrACS best track,62.87013772839507,True,hourly mean,3
EP182023,Otis (2023),without_era5,2023-10-25T09:00:00+00:00,ibtracs_best_track,IBTrACS best track,57.464029916049384,True,hourly mean,3
EP182023,Otis (2023),without_era5,2023-10-25T10:00:00+00:00,ibtracs_best_track,IBTrACS best track,52.115082548148145,True,hourly mean,3
EP182023,Otis (2023),without_era5,2023-10-25T11:00:00+00:00,ibtracs_best_track,IBTrACS best track,47.016370903703695,True,hourly mean,3
EP182023,Otis (2023),without_era5,2023-10-25T12:00:00+00:00,ibtracs_best_track,IBTrACS best track,42.43210325925926,False,hourly mean,3
EP182023,Otis (2023),without_era5,2023-10-25T13:00:00+00:00,ibtracs_best_track,IBTrACS best track,38.36227961481482,False,hourly mean,3
EP182023,Otis (2023),without_era5,2023-10-25T14:00:00+00:00,ibtracs_best_track,IBTrACS best track,34.565555871604936,False,hourly mean,3
EP182023,Otis (2023),without_era5,2023-10-25T15:00:00+00:00,ibtracs_best_track,IBTrACS best track,30.711671683950623,False,hourly mean,3
EP182023,Otis (2023),without_era5,2023-10-25T16:00:00+00:00,ibtracs_best_track,IBTrACS best track,26.80062705185185,False,hourly mean,3
EP182023,Otis (2023),without_era5,2023-10-25T17:00:00+00:00,ibtracs_best_track,IBTrACS best track,24.828591718518517,False,hourly mean,3
EP182023,Otis (2023),without_era5,2023-10-21T00:00:00+00:00,era5_max_wind,ERA5 10 m maximum,10.978872157864894,False,hourly mean,3
EP182023,Otis (2023),without_era5,2023-10-21T01:00:00+00:00,era5_max_wind,ERA5 10 m maximum,10.978872157864894,False,hourly mean,3
EP182023,Otis (2023),without_era5,2023-10-21T02:00:00+00:00,era5_max_wind,ERA5 10 m maximum,10.748015224104796,False,hourly mean,3
EP182023,Otis (2023),without_era5,2023-10-21T03:00:00+00:00,era5_max_wind,ERA5 10 m maximum,10.517158290344694,False,hourly mean,3
EP182023,Otis (2023),without_era5,2023-10-21T04:00:00+00:00,era5_max_wind,ERA5 10 m maximum,10.286301356584595,False,hourly mean,3
EP182023,Otis (2023),without_era5,2023-10-21T05:00:00+00:00,era5_max_wind,ERA5 10 m maximum,10.286301356584595,False,hourly mean,3
EP182023,Otis (2023),without_era5,2023-10-21T06:00:00+00:00,era5_max_wind,ERA5 10 m maximum,10.286301356584595,False,hourly mean,3
EP182023,Otis (2023),without_era5,2023-10-21T07:00:00+00:00,era5_max_wind,ERA5 10 m maximum,10.286301356584595,False,hourly mean,3
EP182023,Otis (2023),without_era5,2023-10-21T08:00:00+00:00,era5_max_wind,ERA5 10 m maximum,10.690352171123022,False,hourly mean,3
EP182023,Otis (2023),without_era5,2023-10-21T09:00:00+00:00,era5_max_wind,ERA5 10 m maximum,11.094402985661448,False,hourly mean,3
EP182023,Otis (2023),without_era5,2023-10-21T10:00:00+00:00,era5_max_wind,ERA5 10 m maximum,11.498453800199874,False,hourly mean,3
EP182023,Otis (2023),without_era5,2023-10-21T11:00:00+00:00,era5_max_wind,ERA5 10 m maximum,11.498453800199874,False,hourly mean,3
EP182023,Otis (2023),without_era5,2023-10-21T12:00:00+00:00,era5_max_wind,ERA5 10 m maximum,11.498453800199874,False,hourly mean,3
EP182023,Otis (2023),without_era5,2023-10-21T13:00:00+00:00,era5_max_wind,ERA5 10 m maximum,11.498453800199874,False,hourly mean,3
EP182023,Otis (2023),without_era5,2023-10-21T14:00:00+00:00,era5_max_wind,ERA5 10 m maximum,11.98507511211969,False,hourly mean,3
EP182023,Otis (2023),without_era5,2023-10-21T15:00:00+00:00,era5_max_wind,ERA5 10 m maximum,12.471696424039509,False,hourly mean,3
EP182023,Otis (2023),without_era5,2023-10-21T16:00:00+00:00,era5_max_wind,ERA5 10 m maximum,12.958317735959326,False,hourly mean,3
EP182023,Otis (2023),without_era5,2023-10-21T17:00:00+00:00,era5_max_wind,ERA5 10 m maximum,12.958317735959326,False,hourly mean,3
EP182023,Otis (2023),without_era5,2023-10-21T18:00:00+00:00,era5_max_wind,ERA5 10 m maximum,12.958317735959326,False,hourly mean,3
EP182023,Otis (2023),without_era5,2023-10-21T19:00:00+00:00,era5_max_wind,ERA5 10 m maximum,12.958317735959326,False,hourly mean,3
EP182023,Otis (2023),without_era5,2023-10-21T20:00:00+00:00,era5_max_wind,ERA5 10 m maximum,12.357253662715644,False,hourly mean,3
EP182023,Otis (2023),without_era5,2023-10-21T21:00:00+00:00,era5_max_wind,ERA5 10 m maximum,11.756189589471965,False,hourly mean,3
EP182023,Otis (2023),without_era5,2023-10-21T22:00:00+00:00,era5_max_wind,ERA5 10 m maximum,11.155125516228287,False,hourly mean,3
EP182023,Otis (2023),without_era5,2023-10-21T23:00:00+00:00,era5_max_wind,ERA5 10 m maximum,11.155125516228287,False,hourly mean,3
EP182023,Otis (2023),without_era5,2023-10-22T00:00:00+00:00,era5_max_wind,ERA5 10 m maximum,11.155125516228287,False,hourly mean,3
EP182023,Otis (2023),without_era5,2023-10-22T01:00:00+00:00,era5_max_wind,ERA5 10 m maximum,11.155125516228287,False,hourly mean,3
EP182023,Otis (2023),without_era5,2023-10-22T02:00:00+00:00,era5_max_wind,ERA5 10 m maximum,11.415245247597495,False,hourly mean,3
EP182023,Otis (2023),without_era5,2023-10-22T03:00:00+00:00,era5_max_wind,ERA5 10 m maximum,11.675364978966705,False,hourly mean,3
EP182023,Otis (2023),without_era5,2023-10-22T04:00:00+00:00,era5_max_wind,ERA5 10 m maximum,11.935484710335913,False,hourly mean,3
EP182023,Otis (2023),without_era5,2023-10-22T05:00:00+00:00,era5_max_wind,ERA5 10 m maximum,11.935484710335913,False,hourly mean,3
EP182023,Otis (2023),without_era5,2023-10-22T06:00:00+00:00,era5_max_wind,ERA5 10 m maximum,11.935484710335913,False,hourly mean,3
EP182023,Otis (2023),without_era5,2023-10-22T07:00:00+00:00,era5_max_wind,ERA5 10 m maximum,11.935484710335913,False,hourly mean,3
EP182023,Otis (2023),without_era5,2023-10-22T08:00:00+00:00,era5_max_wind,ERA5 10 m maximum,12.134773849663146,False,hourly mean,3
EP182023,Otis (2023),without_era5,2023-10-22T09:00:00+00:00,era5_max_wind,ERA5 10 m maximum,12.334062988990377,False,hourly mean,3
EP182023,Otis (2023),without_era5,2023-10-22T10:00:00+00:00,era5_max_wind,ERA5 10 m maximum,12.533352128317611,False,hourly mean,3
EP182023,Otis (2023),without_era5,2023-10-22T11:00:00+00:00,era5_max_wind,ERA5 10 m maximum,12.533352128317611,False,hourly mean,3
EP182023,Otis (2023),without_era5,2023-10-22T12:00:00+00:00,era5_max_wind,ERA5 10 m maximum,12.533352128317611,False,hourly mean,3
EP182023,Otis (2023),without_era5,2023-10-22T13:00:00+00:00,era5_max_wind,ERA5 10 m maximum,12.533352128317611,False,hourly mean,3
EP182023,Otis (2023),without_era5,2023-10-22T14:00:00+00:00,era5_max_wind,ERA5 10 m maximum,12.813831563677999,False,hourly mean,3
EP182023,Otis (2023),without_era5,2023-10-22T15:00:00+00:00,era5_max_wind,ERA5 10 m maximum,13.094310999038386,False,hourly mean,3
EP182023,Otis (2023),without_era5,2023-10-22T16:00:00+00:00,era5_max_wind,ERA5 10 m maximum,13.374790434398774,False,hourly mean,3
EP182023,Otis (2023),without_era5,2023-10-22T17:00:00+00:00,era5_max_wind,ERA5 10 m maximum,13.374790434398774,False,hourly mean,3
EP182023,Otis (2023),without_era5,2023-10-22T18:00:00+00:00,era5_max_wind,ERA5 10 m maximum,13.374790434398774,False,hourly mean,3
EP182023,Otis (2023),without_era5,2023-10-22T19:00:00+00:00,era5_max_wind,ERA5 10 m maximum,13.374790434398774,False,hourly mean,3
EP182023,Otis (2023),without_era5,2023-10-22T20:00:00+00:00,era5_max_wind,ERA5 10 m maximum,14.008385900745395,False,hourly mean,3
EP182023,Otis (2023),without_era5,2023-10-22T21:00:00+00:00,era5_max_wind,ERA5 10 m maximum,14.641981367092017,False,hourly mean,3
EP182023,Otis (2023),without_era5,2023-10-22T22:00:00+00:00,era5_max_wind,ERA5 10 m maximum,15.27557683343864,False,hourly mean,3
EP182023,Otis (2023),without_era5,2023-10-22T23:00:00+00:00,era5_max_wind,ERA5 10 m maximum,15.27557683343864,False,hourly mean,3
EP182023,Otis (2023),without_era5,2023-10-23T00:00:00+00:00,era5_max_wind,ERA5 10 m maximum,15.27557683343864,False,hourly mean,3
EP182023,Otis (2023),without_era5,2023-10-23T01:00:00+00:00,era5_max_wind,ERA5 10 m maximum,15.27557683343864,False,hourly mean,3
EP182023,Otis (2023),without_era5,2023-10-23T02:00:00+00:00,era5_max_wind,ERA5 10 m maximum,14.753711114708844,False,hourly mean,3
EP182023,Otis (2023),without_era5,2023-10-23T03:00:00+00:00,era5_max_wind,ERA5 10 m maximum,14.231845395979049,False,hourly mean,3
EP182023,Otis (2023),without_era5,2023-10-23T04:00:00+00:00,era5_max_wind,ERA5 10 m maximum,13.709979677249253,False,hourly mean,3
EP182023,Otis (2023),without_era5,2023-10-23T05:00:00+00:00,era5_max_wind,ERA5 10 m maximum,13.709979677249253,False,hourly mean,3
EP182023,Otis (2023),without_era5,2023-10-23T06:00:00+00:00,era5_max_wind,ERA5 10 m maximum,13.709979677249253,False,hourly mean,3
EP182023,Otis (2023),without_era5,2023-10-23T07:00:00+00:00,era5_max_wind,ERA5 10 m maximum,13.709979677249253,False,hourly mean,3
EP182023,Otis (2023),without_era5,2023-10-23T08:00:00+00:00,era5_max_wind,ERA5 10 m maximum,13.50794654060625,False,hourly mean,3
EP182023,Otis (2023),without_era5,2023-10-23T09:00:00+00:00,era5_max_wind,ERA5 10 m maximum,13.305913403963245,False,hourly mean,3
EP182023,Otis (2023),without_era5,2023-10-23T10:00:00+00:00,era5_max_wind,ERA5 10 m maximum,13.103880267320243,False,hourly mean,3
EP182023,Otis (2023),without_era5,2023-10-23T11:00:00+00:00,era5_max_wind,ERA5 10 m maximum,13.103880267320243,False,hourly mean,3
EP182023,Otis (2023),without_era5,2023-10-23T12:00:00+00:00,era5_max_wind,ERA5 10 m maximum,13.103880267320243,False,hourly mean,3
EP182023,Otis (2023),without_era5,2023-10-23T13:00:00+00:00,era5_max_wind,ERA5 10 m maximum,13.103880267320243,False,hourly mean,3
EP182023,Otis (2023),without_era5,2023-10-23T14:00:00+00:00,era5_max_wind,ERA5 10 m maximum,13.223439968803289,False,hourly mean,3
EP182023,Otis (2023),without_era5,2023-10-23T15:00:00+00:00,era5_max_wind,ERA5 10 m maximum,13.342999670286334,False,hourly mean,3
EP182023,Otis (2023),without_era5,2023-10-23T16:00:00+00:00,era5_max_wind,ERA5 10 m maximum,13.462559371769379,False,hourly mean,3
EP182023,Otis (2023),without_era5,2023-10-23T17:00:00+00:00,era5_max_wind,ERA5 10 m maximum,13.462559371769379,False,hourly mean,3
EP182023,Otis (2023),without_era5,2023-10-23T18:00:00+00:00,era5_max_wind,ERA5 10 m maximum,13.462559371769379,False,hourly mean,3
EP182023,Otis (2023),without_era5,2023-10-23T19:00:00+00:00,era5_max_wind,ERA5 10 m maximum,13.462559371769379,False,hourly mean,3
EP182023,Otis (2023),without_era5,2023-10-23T20:00:00+00:00,era5_max_wind,ERA5 10 m maximum,13.690377403238292,False,hourly mean,3
EP182023,Otis (2023),without_era5,2023-10-23T21:00:00+00:00,era5_max_wind,ERA5 10 m maximum,13.918195434707206,False,hourly mean,3
EP182023,Otis (2023),without_era5,2023-10-23T22:00:00+00:00,era5_max_wind,ERA5 10 m maximum,14.14601346617612,False,hourly mean,3
EP182023,Otis (2023),without_era5,2023-10-23T23:00:00+00:00,era5_max_wind,ERA5 10 m maximum,14.14601346617612,False,hourly mean,3
EP182023,Otis (2023),without_era5,2023-10-24T00:00:00+00:00,era5_max_wind,ERA5 10 m maximum,14.14601346617612,False,hourly mean,3
EP182023,Otis (2023),without_era5,2023-10-24T01:00:00+00:00,era5_max_wind,ERA5 10 m maximum,14.14601346617612,False,hourly mean,3
EP182023,Otis (2023),without_era5,2023-10-24T02:00:00+00:00,era5_max_wind,ERA5 10 m maximum,14.596348585715115,False,hourly mean,3
EP182023,Otis (2023),without_era5,2023-10-24T03:00:00+00:00,era5_max_wind,ERA5 10 m maximum,15.046683705254113,False,hourly mean,3
EP182023,Otis (2023),without_era5,2023-10-24T04:00:00+00:00,era5_max_wind,ERA5 10 m maximum,15.497018824793109,False,hourly mean,3
EP182023,Otis (2023),without_era5,2023-10-24T05:00:00+00:00,era5_max_wind,ERA5 10 m maximum,15.497018824793109,False,hourly mean,3
EP182023,Otis (2023),without_era5,2023-10-24T06:00:00+00:00,era5_max_wind,ERA5 10 m maximum,15.497018824793109,False,hourly mean,3
EP182023,Otis (2023),without_era5,2023-10-24T07:00:00+00:00,era5_max_wind,ERA5 10 m maximum,15.497018824793109,False,hourly mean,3
EP182023,Otis (2023),without_era5,2023-10-24T08:00:00+00:00,era5_max_wind,ERA5 10 m maximum,16.523213262735283,False,hourly mean,3
EP182023,Otis (2023),without_era5,2023-10-24T09:00:00+00:00,era5_max_wind,ERA5 10 m maximum,17.54940770067746,False,hourly mean,3
EP182023,Otis (2023),without_era5,2023-10-24T10:00:00+00:00,era5_max_wind,ERA5 10 m maximum,18.575602138619633,False,hourly mean,3
EP182023,Otis (2023),without_era5,2023-10-24T11:00:00+00:00,era5_max_wind,ERA5 10 m maximum,18.575602138619633,False,hourly mean,3
EP182023,Otis (2023),without_era5,2023-10-24T12:00:00+00:00,era5_max_wind,ERA5 10 m maximum,18.575602138619633,False,hourly mean,3
EP182023,Otis (2023),without_era5,2023-10-24T13:00:00+00:00,era5_max_wind,ERA5 10 m maximum,18.575602138619633,True,hourly mean,3
EP182023,Otis (2023),without_era5,2023-10-24T14:00:00+00:00,era5_max_wind,ERA5 10 m maximum,19.618639523409275,True,hourly mean,3
EP182023,Otis (2023),without_era5,2023-10-24T15:00:00+00:00,era5_max_wind,ERA5 10 m maximum,20.661676908198917,True,hourly mean,3
EP182023,Otis (2023),without_era5,2023-10-24T16:00:00+00:00,era5_max_wind,ERA5 10 m maximum,21.70471429298856,True,hourly mean,3
EP182023,Otis (2023),without_era5,2023-10-24T17:00:00+00:00,era5_max_wind,ERA5 10 m maximum,21.70471429298856,True,hourly mean,3
EP182023,Otis (2023),without_era5,2023-10-24T18:00:00+00:00,era5_max_wind,ERA5 10 m maximum,21.70471429298856,True,hourly mean,3
EP182023,Otis (2023),without_era5,2023-10-24T19:00:00+00:00,era5_max_wind,ERA5 10 m maximum,21.70471429298856,True,hourly mean,3
EP182023,Otis (2023),without_era5,2023-10-24T20:00:00+00:00,era5_max_wind,ERA5 10 m maximum,21.256474932072,True,hourly mean,3
EP182023,Otis (2023),without_era5,2023-10-24T21:00:00+00:00,era5_max_wind,ERA5 10 m maximum,20.80823557115544,True,hourly mean,3
EP182023,Otis (2023),without_era5,2023-10-24T22:00:00+00:00,era5_max_wind,ERA5 10 m maximum,20.35999621023888,True,hourly mean,3
EP182023,Otis (2023),without_era5,2023-10-24T23:00:00+00:00,era5_max_wind,ERA5 10 m maximum,20.35999621023888,True,hourly mean,3
EP182023,Otis (2023),without_era5,2023-10-25T00:00:00+00:00,era5_max_wind,ERA5 10 m maximum,20.35999621023888,True,hourly mean,3
EP182023,Otis (2023),without_era5,2023-10-25T01:00:00+00:00,era5_max_wind,ERA5 10 m maximum,20.35999621023888,True,hourly mean,3
EP182023,Otis (2023),without_era5,2023-10-25T02:00:00+00:00,era5_max_wind,ERA5 10 m maximum,18.81618689997197,True,hourly mean,3
EP182023,Otis (2023),without_era5,2023-10-25T03:00:00+00:00,era5_max_wind,ERA5 10 m maximum,17.272377589705062,True,hourly mean,3
EP182023,Otis (2023),without_era5,2023-10-25T04:00:00+00:00,era5_max_wind,ERA5 10 m maximum,15.728568279438155,True,hourly mean,3
EP182023,Otis (2023),without_era5,2023-10-25T05:00:00+00:00,era5_max_wind,ERA5 10 m maximum,15.728568279438155,True,hourly mean,3
EP182023,Otis (2023),without_era5,2023-10-25T06:00:00+00:00,era5_max_wind,ERA5 10 m maximum,15.728568279438155,True,hourly mean,3
EP182023,Otis (2023),without_era5,2023-10-25T07:00:00+00:00,era5_max_wind,ERA5 10 m maximum,15.728568279438155,True,hourly mean,3
EP182023,Otis (2023),without_era5,2023-10-25T08:00:00+00:00,era5_max_wind,ERA5 10 m maximum,14.374867408530532,True,hourly mean,3
EP182023,Otis (2023),without_era5,2023-10-25T09:00:00+00:00,era5_max_wind,ERA5 10 m maximum,13.021166537622905,True,hourly mean,3
EP182023,Otis (2023),without_era5,2023-10-25T10:00:00+00:00,era5_max_wind,ERA5 10 m maximum,11.667465666715282,True,hourly mean,3
EP182023,Otis (2023),without_era5,2023-10-25T11:00:00+00:00,era5_max_wind,ERA5 10 m maximum,11.667465666715282,True,hourly mean,3
EP182023,Otis (2023),without_era5,2023-10-25T12:00:00+00:00,era5_max_wind,ERA5 10 m maximum,11.667465666715282,False,hourly mean,3
EP182023,Otis (2023),without_era5,2023-10-25T13:00:00+00:00,era5_max_wind,ERA5 10 m maximum,11.667465666715282,False,hourly mean,3
EP182023,Otis (2023),without_era5,2023-10-25T14:00:00+00:00,era5_max_wind,ERA5 10 m maximum,10.473093902456979,False,hourly mean,3
EP182023,Otis (2023),without_era5,2023-10-25T15:00:00+00:00,era5_max_wind,ERA5 10 m maximum,9.278722138198676,False,hourly mean,3
EP182023,Otis (2023),without_era5,2023-10-25T16:00:00+00:00,era5_max_wind,ERA5 10 m maximum,8.163185482969999,False,hourly mean,3
EP182023,Otis (2023),without_era5,2023-10-25T17:00:00+00:00,era5_max_wind,ERA5 10 m maximum,8.202603037484812,False,hourly mean,3
EP182023,Otis (2023),without_era5,2023-10-21T00:00:00+00:00,unet_raw,Raw field U-Net,14.360025723775227,False,hourly mean,3
EP182023,Otis (2023),without_era5,2023-10-21T01:00:00+00:00,unet_raw,Raw field U-Net,14.39074330859714,False,hourly mean,3
EP182023,Otis (2023),without_era5,2023-10-21T02:00:00+00:00,unet_raw,Raw field U-Net,14.541999763912626,False,hourly mean,3
EP182023,Otis (2023),without_era5,2023-10-21T03:00:00+00:00,unet_raw,Raw field U-Net,14.684591505262588,False,hourly mean,3
EP182023,Otis (2023),without_era5,2023-10-21T04:00:00+00:00,unet_raw,Raw field U-Net,15.41297154956394,False,hourly mean,3
EP182023,Otis (2023),without_era5,2023-10-21T05:00:00+00:00,unet_raw,Raw field U-Net,15.468869951036242,False,hourly mean,3
EP182023,Otis (2023),without_era5,2023-10-21T06:00:00+00:00,unet_raw,Raw field U-Net,15.397624545627169,False,hourly mean,3
EP182023,Otis (2023),without_era5,2023-10-21T07:00:00+00:00,unet_raw,Raw field U-Net,14.932699468400742,False,hourly mean,3
EP182023,Otis (2023),without_era5,2023-10-21T08:00:00+00:00,unet_raw,Raw field U-Net,15.869513299730087,False,hourly mean,3
EP182023,Otis (2023),without_era5,2023-10-21T09:00:00+00:00,unet_raw,Raw field U-Net,16.945309691958958,False,hourly mean,3
EP182023,Otis (2023),without_era5,2023-10-21T10:00:00+00:00,unet_raw,Raw field U-Net,17.94385931226942,False,hourly mean,3
EP182023,Otis (2023),without_era5,2023-10-21T11:00:00+00:00,unet_raw,Raw field U-Net,18.83950710296631,False,hourly mean,3
EP182023,Otis (2023),without_era5,2023-10-21T12:00:00+00:00,unet_raw,Raw field U-Net,19.94027551015218,False,hourly mean,3
EP182023,Otis (2023),without_era5,2023-10-21T13:00:00+00:00,unet_raw,Raw field U-Net,20.100290086534287,False,hourly mean,3
EP182023,Otis (2023),without_era5,2023-10-21T14:00:00+00:00,unet_raw,Raw field U-Net,19.21779685550266,False,hourly mean,3
EP182023,Otis (2023),without_era5,2023-10-21T15:00:00+00:00,unet_raw,Raw field U-Net,18.034749772813587,False,hourly mean,3
EP182023,Otis (2023),without_era5,2023-10-21T16:00:00+00:00,unet_raw,Raw field U-Net,18.17307546403673,False,hourly mean,3
EP182023,Otis (2023),without_era5,2023-10-21T17:00:00+00:00,unet_raw,Raw field U-Net,18.755266401502823,False,hourly mean,3
EP182023,Otis (2023),without_era5,2023-10-21T18:00:00+00:00,unet_raw,Raw field U-Net,18.86919667985704,False,hourly mean,3
EP182023,Otis (2023),without_era5,2023-10-21T19:00:00+00:00,unet_raw,Raw field U-Net,18.940518803066677,False,hourly mean,3
EP182023,Otis (2023),without_era5,2023-10-21T20:00:00+00:00,unet_raw,Raw field U-Net,18.701284938388397,False,hourly mean,3
EP182023,Otis (2023),without_era5,2023-10-21T21:00:00+00:00,unet_raw,Raw field U-Net,18.362277454800076,False,hourly mean,3
EP182023,Otis (2023),without_era5,2023-10-21T22:00:00+00:00,unet_raw,Raw field U-Net,17.453378253512913,False,hourly mean,3
EP182023,Otis (2023),without_era5,2023-10-21T23:00:00+00:00,unet_raw,Raw field U-Net,17.085832701789005,False,hourly mean,3
EP182023,Otis (2023),without_era5,2023-10-22T00:00:00+00:00,unet_raw,Raw field U-Net,17.632774564954968,False,hourly mean,3
EP182023,Otis (2023),without_era5,2023-10-22T01:00:00+00:00,unet_raw,Raw field U-Net,18.172346221076115,False,hourly mean,3
EP182023,Otis (2023),without_era5,2023-10-22T02:00:00+00:00,unet_raw,Raw field U-Net,18.2806633843316,False,hourly mean,3
EP182023,Otis (2023),without_era5,2023-10-22T03:00:00+00:00,unet_raw,Raw field U-Net,18.51845900217692,False,hourly mean,3
EP182023,Otis (2023),without_era5,2023-10-22T04:00:00+00:00,unet_raw,Raw field U-Net,18.963054445054794,False,hourly mean,3
EP182023,Otis (2023),without_era5,2023-10-22T05:00:00+00:00,unet_raw,Raw field U-Net,19.74800851609972,False,hourly mean,3
EP182023,Otis (2023),without_era5,2023-10-22T06:00:00+00:00,unet_raw,Raw field U-Net,21.690963851080998,False,hourly mean,3
EP182023,Otis (2023),without_era5,2023-10-22T07:00:00+00:00,unet_raw,Raw field U-Net,24.9947608311971,False,hourly mean,3
EP182023,Otis (2023),without_era5,2023-10-22T08:00:00+00:00,unet_raw,Raw field U-Net,27.357170634799534,False,hourly mean,3
EP182023,Otis (2023),without_era5,2023-10-22T09:00:00+00:00,unet_raw,Raw field U-Net,27.370570076836476,False,hourly mean,3
EP182023,Otis (2023),without_era5,2023-10-22T10:00:00+00:00,unet_raw,Raw field U-Net,25.099010467529297,False,hourly mean,3
EP182023,Otis (2023),without_era5,2023-10-22T11:00:00+00:00,unet_raw,Raw field U-Net,23.448663393656414,False,hourly mean,3
EP182023,Otis (2023),without_era5,2023-10-22T12:00:00+00:00,unet_raw,Raw field U-Net,22.937931696573894,False,hourly mean,3
EP182023,Otis (2023),without_era5,2023-10-22T13:00:00+00:00,unet_raw,Raw field U-Net,24.164246559143066,False,hourly mean,3
EP182023,Otis (2023),without_era5,2023-10-22T14:00:00+00:00,unet_raw,Raw field U-Net,25.553416570027668,False,hourly mean,3
EP182023,Otis (2023),without_era5,2023-10-22T15:00:00+00:00,unet_raw,Raw field U-Net,26.709535810682507,False,hourly mean,3
EP182023,Otis (2023),without_era5,2023-10-22T16:00:00+00:00,unet_raw,Raw field U-Net,27.619712511698406,False,hourly mean,3
EP182023,Otis (2023),without_era5,2023-10-22T17:00:00+00:00,unet_raw,Raw field U-Net,27.478720135158966,False,hourly mean,3
EP182023,Otis (2023),without_era5,2023-10-22T18:00:00+00:00,unet_raw,Raw field U-Net,26.745951864454483,False,hourly mean,3
EP182023,Otis (2023),without_era5,2023-10-22T19:00:00+00:00,unet_raw,Raw field U-Net,25.965452935960556,False,hourly mean,3
EP182023,Otis (2023),without_era5,2023-10-22T20:00:00+00:00,unet_raw,Raw field U-Net,25.73780918121338,False,hourly mean,3
EP182023,Otis (2023),without_era5,2023-10-22T21:00:00+00:00,unet_raw,Raw field U-Net,25.235405815972218,False,hourly mean,3
EP182023,Otis (2023),without_era5,2023-10-22T22:00:00+00:00,unet_raw,Raw field U-Net,22.452636612786183,False,hourly mean,3
EP182023,Otis (2023),without_era5,2023-10-22T23:00:00+00:00,unet_raw,Raw field U-Net,20.12744691636827,False,hourly mean,3
EP182023,Otis (2023),without_era5,2023-10-23T00:00:00+00:00,unet_raw,Raw field U-Net,18.772198147243923,False,hourly mean,3
EP182023,Otis (2023),without_era5,2023-10-23T01:00:00+00:00,unet_raw,Raw field U-Net,19.04404650794135,False,hourly mean,3
EP182023,Otis (2023),without_era5,2023-10-23T02:00:00+00:00,unet_raw,Raw field U-Net,19.70738559299045,False,hourly mean,3
EP182023,Otis (2023),without_era5,2023-10-23T03:00:00+00:00,unet_raw,Raw field U-Net,20.35050657060411,False,hourly mean,3
EP182023,Otis (2023),without_era5,2023-10-23T04:00:00+00:00,unet_raw,Raw field U-Net,22.412791040208607,False,hourly mean,3
EP182023,Otis (2023),without_era5,2023-10-23T05:00:00+00:00,unet_raw,Raw field U-Net,25.195755004882812,False,hourly mean,3
EP182023,Otis (2023),without_era5,2023-10-23T06:00:00+00:00,unet_raw,Raw field U-Net,28.269290288289387,False,hourly mean,3
EP182023,Otis (2023),without_era5,2023-10-23T07:00:00+00:00,unet_raw,Raw field U-Net,29.644714461432567,False,hourly mean,3
EP182023,Otis (2023),without_era5,2023-10-23T08:00:00+00:00,unet_raw,Raw field U-Net,28.557562722100148,False,hourly mean,3
EP182023,Otis (2023),without_era5,2023-10-23T09:00:00+00:00,unet_raw,Raw field U-Net,25.317793316311306,False,hourly mean,3
EP182023,Otis (2023),without_era5,2023-10-23T10:00:00+00:00,unet_raw,Raw field U-Net,21.92276838090685,False,hourly mean,3
EP182023,Otis (2023),without_era5,2023-10-23T11:00:00+00:00,unet_raw,Raw field U-Net,20.47310988108317,False,hourly mean,3
EP182023,Otis (2023),without_era5,2023-10-23T12:00:00+00:00,unet_raw,Raw field U-Net,20.430213186475964,False,hourly mean,3
EP182023,Otis (2023),without_era5,2023-10-23T13:00:00+00:00,unet_raw,Raw field U-Net,21.192112816704647,False,hourly mean,3
EP182023,Otis (2023),without_era5,2023-10-23T14:00:00+00:00,unet_raw,Raw field U-Net,20.292842653062607,False,hourly mean,3
EP182023,Otis (2023),without_era5,2023-10-23T15:00:00+00:00,unet_raw,Raw field U-Net,19.789373715718586,False,hourly mean,3
EP182023,Otis (2023),without_era5,2023-10-23T16:00:00+00:00,unet_raw,Raw field U-Net,19.36956617567274,False,hourly mean,3
EP182023,Otis (2023),without_era5,2023-10-23T17:00:00+00:00,unet_raw,Raw field U-Net,20.12069829305013,False,hourly mean,3
EP182023,Otis (2023),without_era5,2023-10-23T18:00:00+00:00,unet_raw,Raw field U-Net,20.889106220669216,False,hourly mean,3
EP182023,Otis (2023),without_era5,2023-10-23T19:00:00+00:00,unet_raw,Raw field U-Net,20.63979583316379,False,hourly mean,3
EP182023,Otis (2023),without_era5,2023-10-23T20:00:00+00:00,unet_raw,Raw field U-Net,20.571272214253742,False,hourly mean,3
EP182023,Otis (2023),without_era5,2023-10-23T21:00:00+00:00,unet_raw,Raw field U-Net,20.643399344550243,False,hourly mean,3
EP182023,Otis (2023),without_era5,2023-10-23T22:00:00+00:00,unet_raw,Raw field U-Net,22.095526377360027,False,hourly mean,3
EP182023,Otis (2023),without_era5,2023-10-23T23:00:00+00:00,unet_raw,Raw field U-Net,22.868881649441192,False,hourly mean,3
EP182023,Otis (2023),without_era5,2023-10-24T00:00:00+00:00,unet_raw,Raw field U-Net,24.301829550001354,False,hourly mean,3
EP182023,Otis (2023),without_era5,2023-10-24T01:00:00+00:00,unet_raw,Raw field U-Net,25.642735905117462,False,hourly mean,3
EP182023,Otis (2023),without_era5,2023-10-24T02:00:00+00:00,unet_raw,Raw field U-Net,27.86546039581299,False,hourly mean,3
EP182023,Otis (2023),without_era5,2023-10-24T03:00:00+00:00,unet_raw,Raw field U-Net,29.819602754380966,False,hourly mean,3
EP182023,Otis (2023),without_era5,2023-10-24T04:00:00+00:00,unet_raw,Raw field U-Net,31.03483295440674,False,hourly mean,3
EP182023,Otis (2023),without_era5,2023-10-24T05:00:00+00:00,unet_raw,Raw field U-Net,31.786618020799427,False,hourly mean,3
EP182023,Otis (2023),without_era5,2023-10-24T06:00:00+00:00,unet_raw,Raw field U-Net,32.52064503563775,False,hourly mean,3
EP182023,Otis (2023),without_era5,2023-10-24T07:00:00+00:00,unet_raw,Raw field U-Net,33.66513284047445,False,hourly mean,3
EP182023,Otis (2023),without_era5,2023-10-24T08:00:00+00:00,unet_raw,Raw field U-Net,34.10441218482123,False,hourly mean,3
EP182023,Otis (2023),without_era5,2023-10-24T09:00:00+00:00,unet_raw,Raw field U-Net,33.695469008551704,False,hourly mean,3
EP182023,Otis (2023),without_era5,2023-10-24T10:00:00+00:00,unet_raw,Raw field U-Net,31.854299969143337,False,hourly mean,3
EP182023,Otis (2023),without_era5,2023-10-24T11:00:00+00:00,unet_raw,Raw field U-Net,32.254027578565804,False,hourly mean,3
EP182023,Otis (2023),without_era5,2023-10-24T12:00:00+00:00,unet_raw,Raw field U-Net,34.01339191860623,False,hourly mean,3
EP182023,Otis (2023),without_era5,2023-10-24T13:00:00+00:00,unet_raw,Raw field U-Net,38.3079449335734,True,hourly mean,3
EP182023,Otis (2023),without_era5,2023-10-24T14:00:00+00:00,unet_raw,Raw field U-Net,41.11502689785428,True,hourly mean,3
EP182023,Otis (2023),without_era5,2023-10-24T15:00:00+00:00,unet_raw,Raw field U-Net,42.35886997646756,True,hourly mean,3
EP182023,Otis (2023),without_era5,2023-10-24T16:00:00+00:00,unet_raw,Raw field U-Net,43.8519647386339,True,hourly mean,3
EP182023,Otis (2023),without_era5,2023-10-24T17:00:00+00:00,unet_raw,Raw field U-Net,45.41002676222059,True,hourly mean,3
EP182023,Otis (2023),without_era5,2023-10-24T18:00:00+00:00,unet_raw,Raw field U-Net,46.76947042677137,True,hourly mean,3
EP182023,Otis (2023),without_era5,2023-10-24T19:00:00+00:00,unet_raw,Raw field U-Net,45.71425607469347,True,hourly mean,3
EP182023,Otis (2023),without_era5,2023-10-24T20:00:00+00:00,unet_raw,Raw field U-Net,44.736335118611656,True,hourly mean,3
EP182023,Otis (2023),without_era5,2023-10-24T21:00:00+00:00,unet_raw,Raw field U-Net,45.64370981852213,True,hourly mean,3
EP182023,Otis (2023),without_era5,2023-10-24T22:00:00+00:00,unet_raw,Raw field U-Net,48.799172931247284,True,hourly mean,3
EP182023,Otis (2023),without_era5,2023-10-24T23:00:00+00:00,unet_raw,Raw field U-Net,53.122349421183266,True,hourly mean,3
EP182023,Otis (2023),without_era5,2023-10-25T00:00:00+00:00,unet_raw,Raw field U-Net,57.37425168355306,True,hourly mean,3
EP182023,Otis (2023),without_era5,2023-10-25T01:00:00+00:00,unet_raw,Raw field U-Net,59.78368695576986,True,hourly mean,3
EP182023,Otis (2023),without_era5,2023-10-25T02:00:00+00:00,unet_raw,Raw field U-Net,60.41697459750706,True,hourly mean,3
EP182023,Otis (2023),without_era5,2023-10-25T03:00:00+00:00,unet_raw,Raw field U-Net,59.49642923143174,True,hourly mean,3
EP182023,Otis (2023),without_era5,2023-10-25T04:00:00+00:00,unet_raw,Raw field U-Net,56.15919812520345,True,hourly mean,3
EP182023,Otis (2023),without_era5,2023-10-25T05:00:00+00:00,unet_raw,Raw field U-Net,51.1465401119656,True,hourly mean,3
EP182023,Otis (2023),without_era5,2023-10-25T06:00:00+00:00,unet_raw,Raw field U-Net,44.02963638305664,True,hourly mean,3
EP182023,Otis (2023),without_era5,2023-10-25T07:00:00+00:00,unet_raw,Raw field U-Net,38.5650380452474,True,hourly mean,3
EP182023,Otis (2023),without_era5,2023-10-25T08:00:00+00:00,unet_raw,Raw field U-Net,34.93830002678765,True,hourly mean,3
EP182023,Otis (2023),without_era5,2023-10-25T09:00:00+00:00,unet_raw,Raw field U-Net,33.821472273932564,True,hourly mean,3
EP182023,Otis (2023),without_era5,2023-10-25T10:00:00+00:00,unet_raw,Raw field U-Net,30.241427421569824,True,hourly mean,3
EP182023,Otis (2023),without_era5,2023-10-25T11:00:00+00:00,unet_raw,Raw field U-Net,24.468295733133953,True,hourly mean,3
EP182023,Otis (2023),without_era5,2023-10-25T12:00:00+00:00,unet_raw,Raw field U-Net,19.0441099802653,False,hourly mean,3
EP182023,Otis (2023),without_era5,2023-10-25T13:00:00+00:00,unet_raw,Raw field U-Net,17.41500006781684,False,hourly mean,3
EP182023,Otis (2023),without_era5,2023-10-25T14:00:00+00:00,unet_raw,Raw field U-Net,17.93049420250787,False,hourly mean,3
EP182023,Otis (2023),without_era5,2023-10-25T15:00:00+00:00,unet_raw,Raw field U-Net,18.519865353902183,False,hourly mean,3
EP182023,Otis (2023),without_era5,2023-10-25T16:00:00+00:00,unet_raw,Raw field U-Net,18.946566581726074,False,hourly mean,3
EP182023,Otis (2023),without_era5,2023-10-25T17:00:00+00:00,unet_raw,Raw field U-Net,19.47923723856608,False,hourly mean,3
EP182023,Otis (2023),without_era5,2023-10-21T00:00:00+00:00,unet_correction,U-Net + standard MLP,13.53225866953532,False,hourly mean,3
EP182023,Otis (2023),without_era5,2023-10-21T01:00:00+00:00,unet_correction,U-Net + standard MLP,13.552722507052954,False,hourly mean,3
EP182023,Otis (2023),without_era5,2023-10-21T02:00:00+00:00,unet_correction,U-Net + standard MLP,13.681641843583847,False,hourly mean,3
EP182023,Otis (2023),without_era5,2023-10-21T03:00:00+00:00,unet_correction,U-Net + standard MLP,13.781822045644125,False,hourly mean,3
EP182023,Otis (2023),without_era5,2023-10-21T04:00:00+00:00,unet_correction,U-Net + standard MLP,14.493101861741806,False,hourly mean,3
EP182023,Otis (2023),without_era5,2023-10-21T05:00:00+00:00,unet_correction,U-Net + standard MLP,14.558044539557562,False,hourly mean,3
EP182023,Otis (2023),without_era5,2023-10-21T06:00:00+00:00,unet_correction,U-Net + standard MLP,14.524897734324137,False,hourly mean,3
EP182023,Otis (2023),without_era5,2023-10-21T07:00:00+00:00,unet_correction,U-Net + standard MLP,14.124074406094023,False,hourly mean,3
EP182023,Otis (2023),without_era5,2023-10-21T08:00:00+00:00,unet_correction,U-Net + standard MLP,15.194399886661104,False,hourly mean,3
EP182023,Otis (2023),without_era5,2023-10-21T09:00:00+00:00,unet_correction,U-Net + standard MLP,16.528292444017197,False,hourly mean,3
EP182023,Otis (2023),without_era5,2023-10-21T10:00:00+00:00,unet_correction,U-Net + standard MLP,17.930439207288952,False,hourly mean,3
EP182023,Otis (2023),without_era5,2023-10-21T11:00:00+00:00,unet_correction,U-Net + standard MLP,19.382736947801376,False,hourly mean,3
EP182023,Otis (2023),without_era5,2023-10-21T12:00:00+00:00,unet_correction,U-Net + standard MLP,21.046004825168186,False,hourly mean,3
EP182023,Otis (2023),without_era5,2023-10-21T13:00:00+00:00,unet_correction,U-Net + standard MLP,21.547224892510304,False,hourly mean,3
EP182023,Otis (2023),without_era5,2023-10-21T14:00:00+00:00,unet_correction,U-Net + standard MLP,20.688813633388943,False,hourly mean,3
EP182023,Otis (2023),without_era5,2023-10-21T15:00:00+00:00,unet_correction,U-Net + standard MLP,19.325956132676865,False,hourly mean,3
EP182023,Otis (2023),without_era5,2023-10-21T16:00:00+00:00,unet_correction,U-Net + standard MLP,19.266503016153973,False,hourly mean,3
EP182023,Otis (2023),without_era5,2023-10-21T17:00:00+00:00,unet_correction,U-Net + standard MLP,19.745438787672253,False,hourly mean,3
EP182023,Otis (2023),without_era5,2023-10-21T18:00:00+00:00,unet_correction,U-Net + standard MLP,19.82758151160346,False,hourly mean,3
EP182023,Otis (2023),without_era5,2023-10-21T19:00:00+00:00,unet_correction,U-Net + standard MLP,19.915402306450734,False,hourly mean,3
EP182023,Otis (2023),without_era5,2023-10-21T20:00:00+00:00,unet_correction,U-Net + standard MLP,19.69427892896864,False,hourly mean,3
EP182023,Otis (2023),without_era5,2023-10-21T21:00:00+00:00,unet_correction,U-Net + standard MLP,19.323510699801975,False,hourly mean,3
EP182023,Otis (2023),without_era5,2023-10-21T22:00:00+00:00,unet_correction,U-Net + standard MLP,18.28741508060031,False,hourly mean,3
EP182023,Otis (2023),without_era5,2023-10-21T23:00:00+00:00,unet_correction,U-Net + standard MLP,17.698970794677734,False,hourly mean,3
EP182023,Otis (2023),without_era5,2023-10-22T00:00:00+00:00,unet_correction,U-Net + standard MLP,17.976394123501247,False,hourly mean,3
EP182023,Otis (2023),without_era5,2023-10-22T01:00:00+00:00,unet_correction,U-Net + standard MLP,18.31653054555257,False,hourly mean,3
EP182023,Otis (2023),without_era5,2023-10-22T02:00:00+00:00,unet_correction,U-Net + standard MLP,18.22440899742974,False,hourly mean,3
EP182023,Otis (2023),without_era5,2023-10-22T03:00:00+00:00,unet_correction,U-Net + standard MLP,18.285457399156357,False,hourly mean,3
EP182023,Otis (2023),without_era5,2023-10-22T04:00:00+00:00,unet_correction,U-Net + standard MLP,18.553264511956105,False,hourly mean,3
EP182023,Otis (2023),without_era5,2023-10-22T05:00:00+00:00,unet_correction,U-Net + standard MLP,19.209167798360188,False,hourly mean,3
EP182023,Otis (2023),without_era5,2023-10-22T06:00:00+00:00,unet_correction,U-Net + standard MLP,21.100600666469997,False,hourly mean,3
EP182023,Otis (2023),without_era5,2023-10-22T07:00:00+00:00,unet_correction,U-Net + standard MLP,24.341197437710235,False,hourly mean,3
EP182023,Otis (2023),without_era5,2023-10-22T08:00:00+00:00,unet_correction,U-Net + standard MLP,26.764820310804577,False,hourly mean,3
EP182023,Otis (2023),without_era5,2023-10-22T09:00:00+00:00,unet_correction,U-Net + standard MLP,26.978025012546116,False,hourly mean,3
EP182023,Otis (2023),without_era5,2023-10-22T10:00:00+00:00,unet_correction,U-Net + standard MLP,25.301308314005535,False,hourly mean,3
EP182023,Otis (2023),without_era5,2023-10-22T11:00:00+00:00,unet_correction,U-Net + standard MLP,24.028029653761124,False,hourly mean,3
EP182023,Otis (2023),without_era5,2023-10-22T12:00:00+00:00,unet_correction,U-Net + standard MLP,23.918402141994903,False,hourly mean,3
EP182023,Otis (2023),without_era5,2023-10-22T13:00:00+00:00,unet_correction,U-Net + standard MLP,25.583879576789013,False,hourly mean,3
EP182023,Otis (2023),without_era5,2023-10-22T14:00:00+00:00,unet_correction,U-Net + standard MLP,27.556284692552353,False,hourly mean,3
EP182023,Otis (2023),without_era5,2023-10-22T15:00:00+00:00,unet_correction,U-Net + standard MLP,29.04550891452365,False,hourly mean,3
EP182023,Otis (2023),without_era5,2023-10-22T16:00:00+00:00,unet_correction,U-Net + standard MLP,29.525356504652237,False,hourly mean,3
EP182023,Otis (2023),without_era5,2023-10-22T17:00:00+00:00,unet_correction,U-Net + standard MLP,29.049947314792206,False,hourly mean,3
EP182023,Otis (2023),without_era5,2023-10-22T18:00:00+00:00,unet_correction,U-Net + standard MLP,28.538218286302357,False,hourly mean,3
EP182023,Otis (2023),without_era5,2023-10-22T19:00:00+00:00,unet_correction,U-Net + standard MLP,28.166420088873966,False,hourly mean,3
EP182023,Otis (2023),without_era5,2023-10-22T20:00:00+00:00,unet_correction,U-Net + standard MLP,28.386943075391983,False,hourly mean,3
EP182023,Otis (2023),without_era5,2023-10-22T21:00:00+00:00,unet_correction,U-Net + standard MLP,27.713515917460125,False,hourly mean,3
EP182023,Otis (2023),without_era5,2023-10-22T22:00:00+00:00,unet_correction,U-Net + standard MLP,24.521265665690105,False,hourly mean,3
EP182023,Otis (2023),without_era5,2023-10-22T23:00:00+00:00,unet_correction,U-Net + standard MLP,21.49947283003065,False,hourly mean,3
EP182023,Otis (2023),without_era5,2023-10-23T00:00:00+00:00,unet_correction,U-Net + standard MLP,19.508920351664226,False,hourly mean,3
EP182023,Otis (2023),without_era5,2023-10-23T01:00:00+00:00,unet_correction,U-Net + standard MLP,19.470746570163303,False,hourly mean,3
EP182023,Otis (2023),without_era5,2023-10-23T02:00:00+00:00,unet_correction,U-Net + standard MLP,19.885786374409992,False,hourly mean,3
EP182023,Otis (2023),without_era5,2023-10-23T03:00:00+00:00,unet_correction,U-Net + standard MLP,20.32169861263699,False,hourly mean,3
EP182023,Otis (2023),without_era5,2023-10-23T04:00:00+00:00,unet_correction,U-Net + standard MLP,22.122992197672527,False,hourly mean,3
EP182023,Otis (2023),without_era5,2023-10-23T05:00:00+00:00,unet_correction,U-Net + standard MLP,24.55054770575629,False,hourly mean,3
EP182023,Otis (2023),without_era5,2023-10-23T06:00:00+00:00,unet_correction,U-Net + standard MLP,27.489093780517578,False,hourly mean,3
EP182023,Otis (2023),without_era5,2023-10-23T07:00:00+00:00,unet_correction,U-Net + standard MLP,28.9251070022583,False,hourly mean,3
EP182023,Otis (2023),without_era5,2023-10-23T08:00:00+00:00,unet_correction,U-Net + standard MLP,28.38253911336263,False,hourly mean,3
EP182023,Otis (2023),without_era5,2023-10-23T09:00:00+00:00,unet_correction,U-Net + standard MLP,25.68124336666531,False,hourly mean,3
EP182023,Otis (2023),without_era5,2023-10-23T10:00:00+00:00,unet_correction,U-Net + standard MLP,22.90774154663086,False,hourly mean,3
EP182023,Otis (2023),without_era5,2023-10-23T11:00:00+00:00,unet_correction,U-Net + standard MLP,22.014378017849396,False,hourly mean,3
EP182023,Otis (2023),without_era5,2023-10-23T12:00:00+00:00,unet_correction,U-Net + standard MLP,22.504842546251087,False,hourly mean,3
EP182023,Otis (2023),without_era5,2023-10-23T13:00:00+00:00,unet_correction,U-Net + standard MLP,23.68595960405138,False,hourly mean,3
EP182023,Otis (2023),without_era5,2023-10-23T14:00:00+00:00,unet_correction,U-Net + standard MLP,22.88437271118164,False,hourly mean,3
EP182023,Otis (2023),without_era5,2023-10-23T15:00:00+00:00,unet_correction,U-Net + standard MLP,22.3647469414605,False,hourly mean,3
EP182023,Otis (2023),without_era5,2023-10-23T16:00:00+00:00,unet_correction,U-Net + standard MLP,21.797394540574814,False,hourly mean,3
EP182023,Otis (2023),without_era5,2023-10-23T17:00:00+00:00,unet_correction,U-Net + standard MLP,22.42547819349501,False,hourly mean,3
EP182023,Otis (2023),without_era5,2023-10-23T18:00:00+00:00,unet_correction,U-Net + standard MLP,23.109994040595158,False,hourly mean,3
EP182023,Otis (2023),without_era5,2023-10-23T19:00:00+00:00,unet_correction,U-Net + standard MLP,22.89371172587077,False,hourly mean,3
EP182023,Otis (2023),without_era5,2023-10-23T20:00:00+00:00,unet_correction,U-Net + standard MLP,22.78365251753065,False,hourly mean,3
EP182023,Otis (2023),without_era5,2023-10-23T21:00:00+00:00,unet_correction,U-Net + standard MLP,22.669941796196834,False,hourly mean,3
EP182023,Otis (2023),without_era5,2023-10-23T22:00:00+00:00,unet_correction,U-Net + standard MLP,23.92533842722575,False,hourly mean,3
EP182023,Otis (2023),without_era5,2023-10-23T23:00:00+00:00,unet_correction,U-Net + standard MLP,24.699315071105957,False,hourly mean,3
EP182023,Otis (2023),without_era5,2023-10-24T00:00:00+00:00,unet_correction,U-Net + standard MLP,25.677550315856934,False,hourly mean,3
EP182023,Otis (2023),without_era5,2023-10-24T01:00:00+00:00,unet_correction,U-Net + standard MLP,26.339209238688152,False,hourly mean,3
EP182023,Otis (2023),without_era5,2023-10-24T02:00:00+00:00,unet_correction,U-Net + standard MLP,27.646608034769695,False,hourly mean,3
EP182023,Otis (2023),without_era5,2023-10-24T03:00:00+00:00,unet_correction,U-Net + standard MLP,29.44719484117296,False,hourly mean,3
EP182023,Otis (2023),without_era5,2023-10-24T04:00:00+00:00,unet_correction,U-Net + standard MLP,31.567631721496582,False,hourly mean,3
EP182023,Otis (2023),without_era5,2023-10-24T05:00:00+00:00,unet_correction,U-Net + standard MLP,33.83469019995795,False,hourly mean,3
EP182023,Otis (2023),without_era5,2023-10-24T06:00:00+00:00,unet_correction,U-Net + standard MLP,34.58142111036512,False,hourly mean,3
EP182023,Otis (2023),without_era5,2023-10-24T07:00:00+00:00,unet_correction,U-Net + standard MLP,35.3751646677653,False,hourly mean,3
EP182023,Otis (2023),without_era5,2023-10-24T08:00:00+00:00,unet_correction,U-Net + standard MLP,34.99054675632053,False,hourly mean,3
EP182023,Otis (2023),without_era5,2023-10-24T09:00:00+00:00,unet_correction,U-Net + standard MLP,35.81820000542535,False,hourly mean,3
EP182023,Otis (2023),without_era5,2023-10-24T10:00:00+00:00,unet_correction,U-Net + standard MLP,36.16420661078559,False,hourly mean,3
EP182023,Otis (2023),without_era5,2023-10-24T11:00:00+00:00,unet_correction,U-Net + standard MLP,38.52582147386339,False,hourly mean,3
EP182023,Otis (2023),without_era5,2023-10-24T12:00:00+00:00,unet_correction,U-Net + standard MLP,41.05710962083605,False,hourly mean,3
EP182023,Otis (2023),without_era5,2023-10-24T13:00:00+00:00,unet_correction,U-Net + standard MLP,45.404625998602974,True,hourly mean,3
EP182023,Otis (2023),without_era5,2023-10-24T14:00:00+00:00,unet_correction,U-Net + standard MLP,49.01532533433703,True,hourly mean,3
EP182023,Otis (2023),without_era5,2023-10-24T15:00:00+00:00,unet_correction,U-Net + standard MLP,51.29224840799967,True,hourly mean,3
EP182023,Otis (2023),without_era5,2023-10-24T16:00:00+00:00,unet_correction,U-Net + standard MLP,52.98634889390734,True,hourly mean,3
EP182023,Otis (2023),without_era5,2023-10-24T17:00:00+00:00,unet_correction,U-Net + standard MLP,53.8218519422743,True,hourly mean,3
EP182023,Otis (2023),without_era5,2023-10-24T18:00:00+00:00,unet_correction,U-Net + standard MLP,55.499494340684684,True,hourly mean,3
EP182023,Otis (2023),without_era5,2023-10-24T19:00:00+00:00,unet_correction,U-Net + standard MLP,54.8079227871365,True,hourly mean,3
EP182023,Otis (2023),without_era5,2023-10-24T20:00:00+00:00,unet_correction,U-Net + standard MLP,54.72336154513889,True,hourly mean,3
EP182023,Otis (2023),without_era5,2023-10-24T21:00:00+00:00,unet_correction,U-Net + standard MLP,54.99869961208767,True,hourly mean,3
EP182023,Otis (2023),without_era5,2023-10-24T22:00:00+00:00,unet_correction,U-Net + standard MLP,57.75908766852485,True,hourly mean,3
EP182023,Otis (2023),without_era5,2023-10-24T23:00:00+00:00,unet_correction,U-Net + standard MLP,61.818499671088325,True,hourly mean,3
EP182023,Otis (2023),without_era5,2023-10-25T00:00:00+00:00,unet_correction,U-Net + standard MLP,66.21293555365669,True,hourly mean,3
EP182023,Otis (2023),without_era5,2023-10-25T01:00:00+00:00,unet_correction,U-Net + standard MLP,68.5816896226671,True,hourly mean,3
EP182023,Otis (2023),without_era5,2023-10-25T02:00:00+00:00,unet_correction,U-Net + standard MLP,68.71823204888237,True,hourly mean,3
EP182023,Otis (2023),without_era5,2023-10-25T03:00:00+00:00,unet_correction,U-Net + standard MLP,66.69521289401584,True,hourly mean,3
EP182023,Otis (2023),without_era5,2023-10-25T04:00:00+00:00,unet_correction,U-Net + standard MLP,61.84235276116265,True,hourly mean,3
EP182023,Otis (2023),without_era5,2023-10-25T05:00:00+00:00,unet_correction,U-Net + standard MLP,55.92836740281847,True,hourly mean,3
EP182023,Otis (2023),without_era5,2023-10-25T06:00:00+00:00,unet_correction,U-Net + standard MLP,48.193087895711265,True,hourly mean,3
EP182023,Otis (2023),without_era5,2023-10-25T07:00:00+00:00,unet_correction,U-Net + standard MLP,43.15419345431857,True,hourly mean,3
EP182023,Otis (2023),without_era5,2023-10-25T08:00:00+00:00,unet_correction,U-Net + standard MLP,40.1205899980333,True,hourly mean,3
EP182023,Otis (2023),without_era5,2023-10-25T09:00:00+00:00,unet_correction,U-Net + standard MLP,40.02521853976779,True,hourly mean,3
EP182023,Otis (2023),without_era5,2023-10-25T10:00:00+00:00,unet_correction,U-Net + standard MLP,35.84876039293077,True,hourly mean,3
EP182023,Otis (2023),without_era5,2023-10-25T11:00:00+00:00,unet_correction,U-Net + standard MLP,28.65003818935818,True,hourly mean,3
EP182023,Otis (2023),without_era5,2023-10-25T12:00:00+00:00,unet_correction,U-Net + standard MLP,22.110996988084583,False,hourly mean,3
EP182023,Otis (2023),without_era5,2023-10-25T13:00:00+00:00,unet_correction,U-Net + standard MLP,20.341069221496582,False,hourly mean,3
EP182023,Otis (2023),without_era5,2023-10-25T14:00:00+00:00,unet_correction,U-Net + standard MLP,20.91661951276991,False,hourly mean,3
EP182023,Otis (2023),without_era5,2023-10-25T15:00:00+00:00,unet_correction,U-Net + standard MLP,21.342251459757488,False,hourly mean,3
EP182023,Otis (2023),without_era5,2023-10-25T16:00:00+00:00,unet_correction,U-Net + standard MLP,21.542364756266277,False,hourly mean,3
EP182023,Otis (2023),without_era5,2023-10-25T17:00:00+00:00,unet_correction,U-Net + standard MLP,21.968401273091633,False,hourly mean,3
EP182023,Otis (2023),without_era5,2023-10-21T00:00:00+00:00,joint_unet_mlp,Joint U-Net + latent MLP,19.49442974726359,False,hourly mean,3
EP182023,Otis (2023),without_era5,2023-10-21T01:00:00+00:00,joint_unet_mlp,Joint U-Net + latent MLP,19.230169402228462,False,hourly mean,3
EP182023,Otis (2023),without_era5,2023-10-21T02:00:00+00:00,joint_unet_mlp,Joint U-Net + latent MLP,18.652943293253582,False,hourly mean,3
EP182023,Otis (2023),without_era5,2023-10-21T03:00:00+00:00,joint_unet_mlp,Joint U-Net + latent MLP,18.38999144236247,False,hourly mean,3
EP182023,Otis (2023),without_era5,2023-10-21T04:00:00+00:00,joint_unet_mlp,Joint U-Net + latent MLP,18.473632282680935,False,hourly mean,3
EP182023,Otis (2023),without_era5,2023-10-21T05:00:00+00:00,joint_unet_mlp,Joint U-Net + latent MLP,18.904168340894913,False,hourly mean,3
EP182023,Otis (2023),without_era5,2023-10-21T06:00:00+00:00,joint_unet_mlp,Joint U-Net + latent MLP,19.610489315456814,False,hourly mean,3
EP182023,Otis (2023),without_era5,2023-10-21T07:00:00+00:00,joint_unet_mlp,Joint U-Net + latent MLP,20.4110533396403,False,hourly mean,3
EP182023,Otis (2023),without_era5,2023-10-21T08:00:00+00:00,joint_unet_mlp,Joint U-Net + latent MLP,21.10130564371745,False,hourly mean,3
EP182023,Otis (2023),without_era5,2023-10-21T09:00:00+00:00,joint_unet_mlp,Joint U-Net + latent MLP,21.5817133585612,False,hourly mean,3
EP182023,Otis (2023),without_era5,2023-10-21T10:00:00+00:00,joint_unet_mlp,Joint U-Net + latent MLP,21.785560819837784,False,hourly mean,3
EP182023,Otis (2023),without_era5,2023-10-21T11:00:00+00:00,joint_unet_mlp,Joint U-Net + latent MLP,21.772848553127712,False,hourly mean,3
EP182023,Otis (2023),without_era5,2023-10-21T12:00:00+00:00,joint_unet_mlp,Joint U-Net + latent MLP,21.848665661282013,False,hourly mean,3
EP182023,Otis (2023),without_era5,2023-10-21T13:00:00+00:00,joint_unet_mlp,Joint U-Net + latent MLP,21.946501943800182,False,hourly mean,3
EP182023,Otis (2023),without_era5,2023-10-21T14:00:00+00:00,joint_unet_mlp,Joint U-Net + latent MLP,22.40997017754449,False,hourly mean,3
EP182023,Otis (2023),without_era5,2023-10-21T15:00:00+00:00,joint_unet_mlp,Joint U-Net + latent MLP,22.870533095465763,False,hourly mean,3
EP182023,Otis (2023),without_era5,2023-10-21T16:00:00+00:00,joint_unet_mlp,Joint U-Net + latent MLP,23.370259390936955,False,hourly mean,3
EP182023,Otis (2023),without_era5,2023-10-21T17:00:00+00:00,joint_unet_mlp,Joint U-Net + latent MLP,23.880007849799266,False,hourly mean,3
EP182023,Otis (2023),without_era5,2023-10-21T18:00:00+00:00,joint_unet_mlp,Joint U-Net + latent MLP,23.730168872409397,False,hourly mean,3
EP182023,Otis (2023),without_era5,2023-10-21T19:00:00+00:00,joint_unet_mlp,Joint U-Net + latent MLP,23.440185652838817,False,hourly mean,3
EP182023,Otis (2023),without_era5,2023-10-21T20:00:00+00:00,joint_unet_mlp,Joint U-Net + latent MLP,22.936696264478897,False,hourly mean,3
EP182023,Otis (2023),without_era5,2023-10-21T21:00:00+00:00,joint_unet_mlp,Joint U-Net + latent MLP,22.7064307530721,False,hourly mean,3
EP182023,Otis (2023),without_era5,2023-10-21T22:00:00+00:00,joint_unet_mlp,Joint U-Net + latent MLP,22.410014364454483,False,hourly mean,3
EP182023,Otis (2023),without_era5,2023-10-21T23:00:00+00:00,joint_unet_mlp,Joint U-Net + latent MLP,22.118319299485947,False,hourly mean,3
EP182023,Otis (2023),without_era5,2023-10-22T00:00:00+00:00,joint_unet_mlp,Joint U-Net + latent MLP,21.905647807651093,False,hourly mean,3
EP182023,Otis (2023),without_era5,2023-10-22T01:00:00+00:00,joint_unet_mlp,Joint U-Net + latent MLP,21.859313752916126,False,hourly mean,3
EP182023,Otis (2023),without_era5,2023-10-22T02:00:00+00:00,joint_unet_mlp,Joint U-Net + latent MLP,21.78425131903754,False,hourly mean,3
EP182023,Otis (2023),without_era5,2023-10-22T03:00:00+00:00,joint_unet_mlp,Joint U-Net + latent MLP,21.74741956922743,False,hourly mean,3
EP182023,Otis (2023),without_era5,2023-10-22T04:00:00+00:00,joint_unet_mlp,Joint U-Net + latent MLP,21.610575781928166,False,hourly mean,3
EP182023,Otis (2023),without_era5,2023-10-22T05:00:00+00:00,joint_unet_mlp,Joint U-Net + latent MLP,21.459809727138946,False,hourly mean,3
EP182023,Otis (2023),without_era5,2023-10-22T06:00:00+00:00,joint_unet_mlp,Joint U-Net + latent MLP,21.65901894039578,False,hourly mean,3
EP182023,Otis (2023),without_era5,2023-10-22T07:00:00+00:00,joint_unet_mlp,Joint U-Net + latent MLP,22.04111099243164,False,hourly mean,3
EP182023,Otis (2023),without_era5,2023-10-22T08:00:00+00:00,joint_unet_mlp,Joint U-Net + latent MLP,22.908573468526203,False,hourly mean,3
EP182023,Otis (2023),without_era5,2023-10-22T09:00:00+00:00,joint_unet_mlp,Joint U-Net + latent MLP,23.908233324686687,False,hourly mean,3
EP182023,Otis (2023),without_era5,2023-10-22T10:00:00+00:00,joint_unet_mlp,Joint U-Net + latent MLP,24.714963489108612,False,hourly mean,3
EP182023,Otis (2023),without_era5,2023-10-22T11:00:00+00:00,joint_unet_mlp,Joint U-Net + latent MLP,25.9979296790229,False,hourly mean,3
EP182023,Otis (2023),without_era5,2023-10-22T12:00:00+00:00,joint_unet_mlp,Joint U-Net + latent MLP,28.239922735426163,False,hourly mean,3
EP182023,Otis (2023),without_era5,2023-10-22T13:00:00+00:00,joint_unet_mlp,Joint U-Net + latent MLP,31.86342991722955,False,hourly mean,3
EP182023,Otis (2023),without_era5,2023-10-22T14:00:00+00:00,joint_unet_mlp,Joint U-Net + latent MLP,32.552708095974396,False,hourly mean,3
EP182023,Otis (2023),without_era5,2023-10-22T15:00:00+00:00,joint_unet_mlp,Joint U-Net + latent MLP,31.143998781840008,False,hourly mean,3
EP182023,Otis (2023),without_era5,2023-10-22T16:00:00+00:00,joint_unet_mlp,Joint U-Net + latent MLP,30.223708470662434,False,hourly mean,3
EP182023,Otis (2023),without_era5,2023-10-22T17:00:00+00:00,joint_unet_mlp,Joint U-Net + latent MLP,30.174952507019043,False,hourly mean,3
EP182023,Otis (2023),without_era5,2023-10-22T18:00:00+00:00,joint_unet_mlp,Joint U-Net + latent MLP,29.87556436326769,False,hourly mean,3
EP182023,Otis (2023),without_era5,2023-10-22T19:00:00+00:00,joint_unet_mlp,Joint U-Net + latent MLP,27.598578770955402,False,hourly mean,3
EP182023,Otis (2023),without_era5,2023-10-22T20:00:00+00:00,joint_unet_mlp,Joint U-Net + latent MLP,26.577756457858612,False,hourly mean,3
EP182023,Otis (2023),without_era5,2023-10-22T21:00:00+00:00,joint_unet_mlp,Joint U-Net + latent MLP,27.42328103383382,False,hourly mean,3
EP182023,Otis (2023),without_era5,2023-10-22T22:00:00+00:00,joint_unet_mlp,Joint U-Net + latent MLP,28.232373767428925,False,hourly mean,3
EP182023,Otis (2023),without_era5,2023-10-22T23:00:00+00:00,joint_unet_mlp,Joint U-Net + latent MLP,26.580242262946232,False,hourly mean,3
EP182023,Otis (2023),without_era5,2023-10-23T00:00:00+00:00,joint_unet_mlp,Joint U-Net + latent MLP,23.936408360799152,False,hourly mean,3
EP182023,Otis (2023),without_era5,2023-10-23T01:00:00+00:00,joint_unet_mlp,Joint U-Net + latent MLP,21.742559750874836,False,hourly mean,3
EP182023,Otis (2023),without_era5,2023-10-23T02:00:00+00:00,joint_unet_mlp,Joint U-Net + latent MLP,21.891373210483128,False,hourly mean,3
EP182023,Otis (2023),without_era5,2023-10-23T03:00:00+00:00,joint_unet_mlp,Joint U-Net + latent MLP,22.04617754618327,False,hourly mean,3
EP182023,Otis (2023),without_era5,2023-10-23T04:00:00+00:00,joint_unet_mlp,Joint U-Net + latent MLP,22.12395615047879,False,hourly mean,3
EP182023,Otis (2023),without_era5,2023-10-23T05:00:00+00:00,joint_unet_mlp,Joint U-Net + latent MLP,22.307293785942928,False,hourly mean,3
EP182023,Otis (2023),without_era5,2023-10-23T06:00:00+00:00,joint_unet_mlp,Joint U-Net + latent MLP,22.656629032558868,False,hourly mean,3
EP182023,Otis (2023),without_era5,2023-10-23T07:00:00+00:00,joint_unet_mlp,Joint U-Net + latent MLP,23.353481928507488,False,hourly mean,3
EP182023,Otis (2023),without_era5,2023-10-23T08:00:00+00:00,joint_unet_mlp,Joint U-Net + latent MLP,23.367619620429142,False,hourly mean,3
EP182023,Otis (2023),without_era5,2023-10-23T09:00:00+00:00,joint_unet_mlp,Joint U-Net + latent MLP,23.30898602803548,False,hourly mean,3
EP182023,Otis (2023),without_era5,2023-10-23T10:00:00+00:00,joint_unet_mlp,Joint U-Net + latent MLP,22.70903163486057,False,hourly mean,3
EP182023,Otis (2023),without_era5,2023-10-23T11:00:00+00:00,joint_unet_mlp,Joint U-Net + latent MLP,22.581358061896427,False,hourly mean,3
EP182023,Otis (2023),without_era5,2023-10-23T12:00:00+00:00,joint_unet_mlp,Joint U-Net + latent MLP,22.501837730407715,False,hourly mean,3
EP182023,Otis (2023),without_era5,2023-10-23T13:00:00+00:00,joint_unet_mlp,Joint U-Net + latent MLP,22.318095207214355,False,hourly mean,3
EP182023,Otis (2023),without_era5,2023-10-23T14:00:00+00:00,joint_unet_mlp,Joint U-Net + latent MLP,22.27709621853299,False,hourly mean,3
EP182023,Otis (2023),without_era5,2023-10-23T15:00:00+00:00,joint_unet_mlp,Joint U-Net + latent MLP,22.127553833855526,False,hourly mean,3
EP182023,Otis (2023),without_era5,2023-10-23T16:00:00+00:00,joint_unet_mlp,Joint U-Net + latent MLP,22.243546697828506,False,hourly mean,3
EP182023,Otis (2023),without_era5,2023-10-23T17:00:00+00:00,joint_unet_mlp,Joint U-Net + latent MLP,22.22663688659668,False,hourly mean,3
EP182023,Otis (2023),without_era5,2023-10-23T18:00:00+00:00,joint_unet_mlp,Joint U-Net + latent MLP,22.23321278889974,False,hourly mean,3
EP182023,Otis (2023),without_era5,2023-10-23T19:00:00+00:00,joint_unet_mlp,Joint U-Net + latent MLP,22.19476456112332,False,hourly mean,3
EP182023,Otis (2023),without_era5,2023-10-23T20:00:00+00:00,joint_unet_mlp,Joint U-Net + latent MLP,22.663211080763073,False,hourly mean,3
EP182023,Otis (2023),without_era5,2023-10-23T21:00:00+00:00,joint_unet_mlp,Joint U-Net + latent MLP,23.130938318040638,False,hourly mean,3
EP182023,Otis (2023),without_era5,2023-10-23T22:00:00+00:00,joint_unet_mlp,Joint U-Net + latent MLP,23.501477347479923,False,hourly mean,3
EP182023,Otis (2023),without_era5,2023-10-23T23:00:00+00:00,joint_unet_mlp,Joint U-Net + latent MLP,24.85155497656928,False,hourly mean,3
EP182023,Otis (2023),without_era5,2023-10-24T00:00:00+00:00,joint_unet_mlp,Joint U-Net + latent MLP,26.104570706685383,False,hourly mean,3
EP182023,Otis (2023),without_era5,2023-10-24T01:00:00+00:00,joint_unet_mlp,Joint U-Net + latent MLP,27.514593230353466,False,hourly mean,3
EP182023,Otis (2023),without_era5,2023-10-24T02:00:00+00:00,joint_unet_mlp,Joint U-Net + latent MLP,28.578733338250057,False,hourly mean,3
EP182023,Otis (2023),without_era5,2023-10-24T03:00:00+00:00,joint_unet_mlp,Joint U-Net + latent MLP,27.41971566942003,False,hourly mean,3
EP182023,Otis (2023),without_era5,2023-10-24T04:00:00+00:00,joint_unet_mlp,Joint U-Net + latent MLP,28.569456100463867,False,hourly mean,3
EP182023,Otis (2023),without_era5,2023-10-24T05:00:00+00:00,joint_unet_mlp,Joint U-Net + latent MLP,30.55419275495741,False,hourly mean,3
EP182023,Otis (2023),without_era5,2023-10-24T06:00:00+00:00,joint_unet_mlp,Joint U-Net + latent MLP,34.30950874752469,False,hourly mean,3
EP182023,Otis (2023),without_era5,2023-10-24T07:00:00+00:00,joint_unet_mlp,Joint U-Net + latent MLP,36.01070319281684,False,hourly mean,3
EP182023,Otis (2023),without_era5,2023-10-24T08:00:00+00:00,joint_unet_mlp,Joint U-Net + latent MLP,36.122560077243385,False,hourly mean,3
EP182023,Otis (2023),without_era5,2023-10-24T09:00:00+00:00,joint_unet_mlp,Joint U-Net + latent MLP,34.69880188835992,False,hourly mean,3
EP182023,Otis (2023),without_era5,2023-10-24T10:00:00+00:00,joint_unet_mlp,Joint U-Net + latent MLP,31.787330733405224,False,hourly mean,3
EP182023,Otis (2023),without_era5,2023-10-24T11:00:00+00:00,joint_unet_mlp,Joint U-Net + latent MLP,30.765157911512585,False,hourly mean,3
EP182023,Otis (2023),without_era5,2023-10-24T12:00:00+00:00,joint_unet_mlp,Joint U-Net + latent MLP,31.934525807698567,False,hourly mean,3
EP182023,Otis (2023),without_era5,2023-10-24T13:00:00+00:00,joint_unet_mlp,Joint U-Net + latent MLP,37.84400547875298,True,hourly mean,3
EP182023,Otis (2023),without_era5,2023-10-24T14:00:00+00:00,joint_unet_mlp,Joint U-Net + latent MLP,38.762478510538735,True,hourly mean,3
EP182023,Otis (2023),without_era5,2023-10-24T15:00:00+00:00,joint_unet_mlp,Joint U-Net + latent MLP,39.76375834147135,True,hourly mean,3
EP182023,Otis (2023),without_era5,2023-10-24T16:00:00+00:00,joint_unet_mlp,Joint U-Net + latent MLP,39.19868914286295,True,hourly mean,3
EP182023,Otis (2023),without_era5,2023-10-24T17:00:00+00:00,joint_unet_mlp,Joint U-Net + latent MLP,42.703383975558815,True,hourly mean,3
EP182023,Otis (2023),without_era5,2023-10-24T18:00:00+00:00,joint_unet_mlp,Joint U-Net + latent MLP,46.67698097229004,True,hourly mean,3
EP182023,Otis (2023),without_era5,2023-10-24T19:00:00+00:00,joint_unet_mlp,Joint U-Net + latent MLP,49.2813958062066,True,hourly mean,3
EP182023,Otis (2023),without_era5,2023-10-24T20:00:00+00:00,joint_unet_mlp,Joint U-Net + latent MLP,50.95832612779406,True,hourly mean,3
EP182023,Otis (2023),without_era5,2023-10-24T21:00:00+00:00,joint_unet_mlp,Joint U-Net + latent MLP,53.695102055867515,True,hourly mean,3
EP182023,Otis (2023),without_era5,2023-10-24T22:00:00+00:00,joint_unet_mlp,Joint U-Net + latent MLP,59.027158525255,True,hourly mean,3
EP182023,Otis (2023),without_era5,2023-10-24T23:00:00+00:00,joint_unet_mlp,Joint U-Net + latent MLP,65.01696734958226,True,hourly mean,3
EP182023,Otis (2023),without_era5,2023-10-25T00:00:00+00:00,joint_unet_mlp,Joint U-Net + latent MLP,70.03982395595976,True,hourly mean,3
EP182023,Otis (2023),without_era5,2023-10-25T01:00:00+00:00,joint_unet_mlp,Joint U-Net + latent MLP,71.81689114040799,True,hourly mean,3
EP182023,Otis (2023),without_era5,2023-10-25T02:00:00+00:00,joint_unet_mlp,Joint U-Net + latent MLP,72.7606667412652,True,hourly mean,3
EP182023,Otis (2023),without_era5,2023-10-25T03:00:00+00:00,joint_unet_mlp,Joint U-Net + latent MLP,72.25020429823134,True,hourly mean,3
EP182023,Otis (2023),without_era5,2023-10-25T04:00:00+00:00,joint_unet_mlp,Joint U-Net + latent MLP,71.3990635342068,True,hourly mean,3
EP182023,Otis (2023),without_era5,2023-10-25T05:00:00+00:00,joint_unet_mlp,Joint U-Net + latent MLP,69.00713814629448,True,hourly mean,3
EP182023,Otis (2023),without_era5,2023-10-25T06:00:00+00:00,joint_unet_mlp,Joint U-Net + latent MLP,62.49754121568467,True,hourly mean,3
EP182023,Otis (2023),without_era5,2023-10-25T07:00:00+00:00,joint_unet_mlp,Joint U-Net + latent MLP,52.73410585191514,True,hourly mean,3
EP182023,Otis (2023),without_era5,2023-10-25T08:00:00+00:00,joint_unet_mlp,Joint U-Net + latent MLP,44.35311635335287,True,hourly mean,3
EP182023,Otis (2023),without_era5,2023-10-25T09:00:00+00:00,joint_unet_mlp,Joint U-Net + latent MLP,38.785318798489044,True,hourly mean,3
EP182023,Otis (2023),without_era5,2023-10-25T10:00:00+00:00,joint_unet_mlp,Joint U-Net + latent MLP,34.586196369594994,True,hourly mean,3
EP182023,Otis (2023),without_era5,2023-10-25T11:00:00+00:00,joint_unet_mlp,Joint U-Net + latent MLP,29.12842422061496,True,hourly mean,3
EP182023,Otis (2023),without_era5,2023-10-25T12:00:00+00:00,joint_unet_mlp,Joint U-Net + latent MLP,24.933606889512802,False,hourly mean,3
EP182023,Otis (2023),without_era5,2023-10-25T13:00:00+00:00,joint_unet_mlp,Joint U-Net + latent MLP,22.95535098181831,False,hourly mean,3
EP182023,Otis (2023),without_era5,2023-10-25T14:00:00+00:00,joint_unet_mlp,Joint U-Net + latent MLP,22.031273312038845,False,hourly mean,3
EP182023,Otis (2023),without_era5,2023-10-25T15:00:00+00:00,joint_unet_mlp,Joint U-Net + latent MLP,21.63699256049262,False,hourly mean,3
EP182023,Otis (2023),without_era5,2023-10-25T16:00:00+00:00,joint_unet_mlp,Joint U-Net + latent MLP,21.1383449766371,False,hourly mean,3
EP182023,Otis (2023),without_era5,2023-10-25T17:00:00+00:00,joint_unet_mlp,Joint U-Net + latent MLP,20.891315142313644,False,hourly mean,3
