storm_id,storm,conditioning,observation_timestamp,series_key,series,maximum_wind_ms,is_rapid_intensification,aggregation,smoothing_hours
AL082025,Humberto (2025),with_era5,2025-09-24T12:00:00+00:00,ibtracs_best_track,IBTrACS best track,18.00554,False,hourly mean,3
AL082025,Humberto (2025),with_era5,2025-09-24T13:00:00+00:00,ibtracs_best_track,IBTrACS best track,18.00554,False,hourly mean,3
AL082025,Humberto (2025),with_era5,2025-09-24T14:00:00+00:00,ibtracs_best_track,IBTrACS best track,18.00554,False,hourly mean,3
AL082025,Humberto (2025),with_era5,2025-09-24T15:00:00+00:00,ibtracs_best_track,IBTrACS best track,18.00554,False,hourly mean,3
AL082025,Humberto (2025),with_era5,2025-09-24T16:00:00+00:00,ibtracs_best_track,IBTrACS best track,18.00554,False,hourly mean,3
AL082025,Humberto (2025),with_era5,2025-09-24T17:00:00+00:00,ibtracs_best_track,IBTrACS best track,18.077847962222222,False,hourly mean,3
AL082025,Humberto (2025),with_era5,2025-09-24T18:00:00+00:00,ibtracs_best_track,IBTrACS best track,18.32163725777778,False,hourly mean,3
AL082025,Humberto (2025),with_era5,2025-09-24T19:00:00+00:00,ibtracs_best_track,IBTrACS best track,18.736907886666668,False,hourly mean,3
AL082025,Humberto (2025),with_era5,2025-09-24T20:00:00+00:00,ibtracs_best_track,IBTrACS best track,19.227249232592595,False,hourly mean,3
AL082025,Humberto (2025),with_era5,2025-09-24T21:00:00+00:00,ibtracs_best_track,IBTrACS best track,19.660430134074073,False,hourly mean,3
AL082025,Humberto (2025),with_era5,2025-09-24T22:00:00+00:00,ibtracs_best_track,IBTrACS best track,20.036450591111112,False,hourly mean,3
AL082025,Humberto (2025),with_era5,2025-09-24T23:00:00+00:00,ibtracs_best_track,IBTrACS best track,20.40351591185185,False,hourly mean,3
AL082025,Humberto (2025),with_era5,2025-09-25T00:00:00+00:00,ibtracs_best_track,IBTrACS best track,20.827741677037036,False,hourly mean,3
AL082025,Humberto (2025),with_era5,2025-09-25T01:00:00+00:00,ibtracs_best_track,IBTrACS best track,21.30912788666667,False,hourly mean,3
AL082025,Humberto (2025),with_era5,2025-09-25T02:00:00+00:00,ibtracs_best_track,IBTrACS best track,21.79946923259259,False,hourly mean,3
AL082025,Humberto (2025),with_era5,2025-09-25T03:00:00+00:00,ibtracs_best_track,IBTrACS best track,22.23265542670782,False,hourly mean,3
AL082025,Humberto (2025),with_era5,2025-09-25T04:00:00+00:00,ibtracs_best_track,IBTrACS best track,22.608707639547323,False,hourly mean,3
AL082025,Humberto (2025),with_era5,2025-09-25T05:00:00+00:00,ibtracs_best_track,IBTrACS best track,22.97582059399177,False,hourly mean,3
AL082025,Humberto (2025),with_era5,2025-09-25T06:00:00+00:00,ibtracs_best_track,IBTrACS best track,23.400088700246915,False,hourly mean,3
AL082025,Humberto (2025),with_era5,2025-09-25T07:00:00+00:00,ibtracs_best_track,IBTrACS best track,23.88149078777778,False,hourly mean,3
AL082025,Humberto (2025),with_era5,2025-09-25T08:00:00+00:00,ibtracs_best_track,IBTrACS best track,24.37181625580247,False,hourly mean,3
AL082025,Humberto (2025),with_era5,2025-09-25T09:00:00+00:00,ibtracs_best_track,IBTrACS best track,24.804981279382716,False,hourly mean,3
AL082025,Humberto (2025),with_era5,2025-09-25T10:00:00+00:00,ibtracs_best_track,IBTrACS best track,25.180985858518522,False,hourly mean,3
AL082025,Humberto (2025),with_era5,2025-09-25T11:00:00+00:00,ibtracs_best_track,IBTrACS best track,25.548067057160495,False,hourly mean,3
AL082025,Humberto (2025),with_era5,2025-09-25T12:00:00+00:00,ibtracs_best_track,IBTrACS best track,25.972308700246916,False,hourly mean,3
AL082025,Humberto (2025),with_era5,2025-09-25T13:00:00+00:00,ibtracs_best_track,IBTrACS best track,26.45371078777778,False,hourly mean,3
AL082025,Humberto (2025),with_era5,2025-09-25T14:00:00+00:00,ibtracs_best_track,IBTrACS best track,26.94403625580247,False,hourly mean,3
AL082025,Humberto (2025),with_era5,2025-09-25T15:00:00+00:00,ibtracs_best_track,IBTrACS best track,27.37719598674897,False,hourly mean,3
AL082025,Humberto (2025),with_era5,2025-09-25T16:00:00+00:00,ibtracs_best_track,IBTrACS best track,27.753179395349793,False,hourly mean,3
AL082025,Humberto (2025),with_era5,2025-09-25T17:00:00+00:00,ibtracs_best_track,IBTrACS best track,28.12026059399177,False,hourly mean,3
AL082025,Humberto (2025),with_era5,2025-09-25T18:00:00+00:00,ibtracs_best_track,IBTrACS best track,28.544507529711936,False,hourly mean,3
AL082025,Humberto (2025),with_era5,2025-09-25T19:00:00+00:00,ibtracs_best_track,IBTrACS best track,29.02593078777778,False,hourly mean,3
AL082025,Humberto (2025),with_era5,2025-09-25T20:00:00+00:00,ibtracs_best_track,IBTrACS best track,29.51625625580247,False,hourly mean,3
AL082025,Humberto (2025),with_era5,2025-09-25T21:00:00+00:00,ibtracs_best_track,IBTrACS best track,29.949421279382715,False,hourly mean,3
AL082025,Humberto (2025),with_era5,2025-09-25T22:00:00+00:00,ibtracs_best_track,IBTrACS best track,30.325425858518518,False,hourly mean,3
AL082025,Humberto (2025),with_era5,2025-09-25T23:00:00+00:00,ibtracs_best_track,IBTrACS best track,30.74074412111111,False,hourly mean,3
AL082025,Humberto (2025),with_era5,2025-09-26T00:00:00+00:00,ibtracs_best_track,IBTrACS best track,31.327543717037035,False,hourly mean,3
AL082025,Humberto (2025),with_era5,2025-09-26T01:00:00+00:00,ibtracs_best_track,IBTrACS best track,32.085824646296295,False,hourly mean,3
AL082025,Humberto (2025),with_era5,2025-09-26T02:00:00+00:00,ibtracs_best_track,IBTrACS best track,32.94323131296297,False,hourly mean,3
AL082025,Humberto (2025),with_era5,2025-09-26T03:00:00+00:00,ibtracs_best_track,IBTrACS best track,33.800637979629634,False,hourly mean,3
AL082025,Humberto (2025),with_era5,2025-09-26T04:00:00+00:00,ibtracs_best_track,IBTrACS best track,34.6580446462963,False,hourly mean,3
AL082025,Humberto (2025),with_era5,2025-09-26T05:00:00+00:00,ibtracs_best_track,IBTrACS best track,35.515451312962966,False,hourly mean,3
AL082025,Humberto (2025),with_era5,2025-09-26T06:00:00+00:00,ibtracs_best_track,IBTrACS best track,36.372857979629636,False,hourly mean,3
AL082025,Humberto (2025),with_era5,2025-09-26T07:00:00+00:00,ibtracs_best_track,IBTrACS best track,37.2302646462963,False,hourly mean,3
AL082025,Humberto (2025),with_era5,2025-09-26T08:00:00+00:00,ibtracs_best_track,IBTrACS best track,38.08767131296296,False,hourly mean,3
AL082025,Humberto (2025),with_era5,2025-09-26T09:00:00+00:00,ibtracs_best_track,IBTrACS best track,38.94507797962962,False,hourly mean,3
AL082025,Humberto (2025),with_era5,2025-09-26T10:00:00+00:00,ibtracs_best_track,IBTrACS best track,39.8024846462963,False,hourly mean,3
AL082025,Humberto (2025),with_era5,2025-09-26T11:00:00+00:00,ibtracs_best_track,IBTrACS best track,40.73224690888889,False,hourly mean,3
AL082025,Humberto (2025),with_era5,2025-09-26T12:00:00+00:00,ibtracs_best_track,IBTrACS best track,41.83349050481481,True,hourly mean,3
AL082025,Humberto (2025),with_era5,2025-09-26T13:00:00+00:00,ibtracs_best_track,IBTrACS best track,43.10621543407407,True,hourly mean,3
AL082025,Humberto (2025),with_era5,2025-09-26T14:00:00+00:00,ibtracs_best_track,IBTrACS best track,44.453947568765436,True,hourly mean,3
AL082025,Humberto (2025),with_era5,2025-09-26T15:00:00+00:00,ibtracs_best_track,IBTrACS best track,45.74451925901235,True,hourly mean,3
AL082025,Humberto (2025),with_era5,2025-09-26T16:00:00+00:00,ibtracs_best_track,IBTrACS best track,46.97793050481482,True,hourly mean,3
AL082025,Humberto (2025),with_era5,2025-09-26T17:00:00+00:00,ibtracs_best_track,IBTrACS best track,48.250655434074076,True,hourly mean,3
AL082025,Humberto (2025),with_era5,2025-09-26T18:00:00+00:00,ibtracs_best_track,IBTrACS best track,49.69486169666666,True,hourly mean,3
AL082025,Humberto (2025),with_era5,2025-09-26T19:00:00+00:00,ibtracs_best_track,IBTrACS best track,51.31054929259259,True,hourly mean,3
AL082025,Humberto (2025),with_era5,2025-09-26T20:00:00+00:00,ibtracs_best_track,IBTrACS best track,53.02536262592593,True,hourly mean,3
AL082025,Humberto (2025),with_era5,2025-09-26T21:00:00+00:00,ibtracs_best_track,IBTrACS best track,54.74017595925926,True,hourly mean,3
AL082025,Humberto (2025),with_era5,2025-09-26T22:00:00+00:00,ibtracs_best_track,IBTrACS best track,56.454989292592586,True,hourly mean,3
AL082025,Humberto (2025),with_era5,2025-09-26T23:00:00+00:00,ibtracs_best_track,IBTrACS best track,58.049209966049375,True,hourly mean,3
AL082025,Humberto (2025),with_era5,2025-09-27T00:00:00+00:00,ibtracs_best_track,IBTrACS best track,59.357628417283955,True,hourly mean,3
AL082025,Humberto (2025),with_era5,2025-09-27T01:00:00+00:00,ibtracs_best_track,IBTrACS best track,60.3802446462963,True,hourly mean,3
AL082025,Humberto (2025),with_era5,2025-09-27T02:00:00+00:00,ibtracs_best_track,IBTrACS best track,61.237651312962974,True,hourly mean,3
AL082025,Humberto (2025),with_era5,2025-09-27T03:00:00+00:00,ibtracs_best_track,IBTrACS best track,62.09505797962964,True,hourly mean,3
AL082025,Humberto (2025),with_era5,2025-09-27T04:00:00+00:00,ibtracs_best_track,IBTrACS best track,62.9524646462963,True,hourly mean,3
AL082025,Humberto (2025),with_era5,2025-09-27T05:00:00+00:00,ibtracs_best_track,IBTrACS best track,63.76163424901235,True,hourly mean,3
AL082025,Humberto (2025),with_era5,2025-09-27T06:00:00+00:00,ibtracs_best_track,IBTrACS best track,64.45648296283952,True,hourly mean,3
AL082025,Humberto (2025),with_era5,2025-09-27T07:00:00+00:00,ibtracs_best_track,IBTrACS best track,65.03701078777779,True,hourly mean,3
AL082025,Humberto (2025),with_era5,2025-09-27T08:00:00+00:00,ibtracs_best_track,IBTrACS best track,65.52733625580248,True,hourly mean,3
AL082025,Humberto (2025),with_era5,2025-09-27T09:00:00+00:00,ibtracs_best_track,IBTrACS best track,65.96050127938274,True,hourly mean,3
AL082025,Humberto (2025),with_era5,2025-09-27T10:00:00+00:00,ibtracs_best_track,IBTrACS best track,66.33650585851852,True,hourly mean,3
AL082025,Humberto (2025),with_era5,2025-09-27T11:00:00+00:00,ibtracs_best_track,IBTrACS best track,66.75182412111111,True,hourly mean,3
AL082025,Humberto (2025),with_era5,2025-09-27T12:00:00+00:00,ibtracs_best_track,IBTrACS best track,67.33862371703704,True,hourly mean,3
AL082025,Humberto (2025),with_era5,2025-09-27T13:00:00+00:00,ibtracs_best_track,IBTrACS best track,68.0969046462963,True,hourly mean,3
AL082025,Humberto (2025),with_era5,2025-09-27T14:00:00+00:00,ibtracs_best_track,IBTrACS best track,68.95431131296296,True,hourly mean,3
AL082025,Humberto (2025),with_era5,2025-09-27T15:00:00+00:00,ibtracs_best_track,IBTrACS best track,69.81171797962963,True,hourly mean,3
AL082025,Humberto (2025),with_era5,2025-09-27T16:00:00+00:00,ibtracs_best_track,IBTrACS best track,70.66912464629631,True,hourly mean,3
AL082025,Humberto (2025),with_era5,2025-09-27T17:00:00+00:00,ibtracs_best_track,IBTrACS best track,71.40593865308642,True,hourly mean,3
AL082025,Humberto (2025),with_era5,2025-09-27T18:00:00+00:00,ibtracs_best_track,IBTrACS best track,71.85695043765433,True,hourly mean,3
AL082025,Humberto (2025),with_era5,2025-09-27T19:00:00+00:00,ibtracs_best_track,IBTrACS best track,72.02216,True,hourly mean,3
AL082025,Humberto (2025),with_era5,2025-09-27T20:00:00+00:00,ibtracs_best_track,IBTrACS best track,72.02216,True,hourly mean,3
AL082025,Humberto (2025),with_era5,2025-09-27T21:00:00+00:00,ibtracs_best_track,IBTrACS best track,72.02216,True,hourly mean,3
AL082025,Humberto (2025),with_era5,2025-09-27T22:00:00+00:00,ibtracs_best_track,IBTrACS best track,72.02216,True,hourly mean,3
AL082025,Humberto (2025),with_era5,2025-09-27T23:00:00+00:00,ibtracs_best_track,IBTrACS best track,71.97392293604939,False,hourly mean,3
AL082025,Humberto (2025),with_era5,2025-09-28T00:00:00+00:00,ibtracs_best_track,IBTrACS best track,71.81136498320988,False,hourly mean,3
AL082025,Humberto (2025),with_era5,2025-09-28T01:00:00+00:00,ibtracs_best_track,IBTrACS best track,71.53448614148148,False,hourly mean,3
AL082025,Humberto (2025),with_era5,2025-09-28T02:00:00+00:00,ibtracs_best_track,IBTrACS best track,71.16740494283953,False,hourly mean,3
AL082025,Humberto (2025),with_era5,2025-09-28T03:00:00+00:00,ibtracs_best_track,IBTrACS best track,70.74316329975309,False,hourly mean,3
AL082025,Humberto (2025),with_era5,2025-09-28T04:00:00+00:00,ibtracs_best_track,IBTrACS best track,70.26176121222223,False,hourly mean,3
AL082025,Humberto (2025),with_era5,2025-09-28T05:00:00+00:00,ibtracs_best_track,IBTrACS best track,69.69908014827162,False,hourly mean,3
AL082025,Humberto (2025),with_era5,2025-09-28T06:00:00+00:00,ibtracs_best_track,IBTrACS best track,69.02207819543212,False,hourly mean,3
AL082025,Humberto (2025),with_era5,2025-09-28T07:00:00+00:00,ibtracs_best_track,IBTrACS best track,68.23075535370371,False,hourly mean,3
AL082025,Humberto (2025),with_era5,2025-09-28T08:00:00+00:00,ibtracs_best_track,IBTrACS best track,67.37334868703705,False,hourly mean,3
AL082025,Humberto (2025),with_era5,2025-09-28T09:00:00+00:00,ibtracs_best_track,IBTrACS best track,66.51594202037037,False,hourly mean,3
AL082025,Humberto (2025),with_era5,2025-09-28T10:00:00+00:00,ibtracs_best_track,IBTrACS best track,65.65853535370371,False,hourly mean,3
AL082025,Humberto (2025),with_era5,2025-09-28T11:00:00+00:00,ibtracs_best_track,IBTrACS best track,64.92172134691357,False,hourly mean,3
AL082025,Humberto (2025),with_era5,2025-09-28T12:00:00+00:00,ibtracs_best_track,IBTrACS best track,64.47070956234568,False,hourly mean,3
AL082025,Humberto (2025),with_era5,2025-09-28T13:00:00+00:00,ibtracs_best_track,IBTrACS best track,64.3055,False,hourly mean,3
AL082025,Humberto (2025),with_era5,2025-09-28T14:00:00+00:00,ibtracs_best_track,IBTrACS best track,64.3055,False,hourly mean,3
AL082025,Humberto (2025),with_era5,2025-09-28T15:00:00+00:00,ibtracs_best_track,IBTrACS best track,64.3055,False,hourly mean,3
AL082025,Humberto (2025),with_era5,2025-09-28T16:00:00+00:00,ibtracs_best_track,IBTrACS best track,64.3055,False,hourly mean,3
AL082025,Humberto (2025),with_era5,2025-09-28T17:00:00+00:00,ibtracs_best_track,IBTrACS best track,64.25726293604939,False,hourly mean,3
AL082025,Humberto (2025),with_era5,2025-09-28T18:00:00+00:00,ibtracs_best_track,IBTrACS best track,64.09470498320988,False,hourly mean,3
AL082025,Humberto (2025),with_era5,2025-09-28T19:00:00+00:00,ibtracs_best_track,IBTrACS best track,63.8178261414815,False,hourly mean,3
AL082025,Humberto (2025),with_era5,2025-09-28T20:00:00+00:00,ibtracs_best_track,IBTrACS best track,63.45074494283951,False,hourly mean,3
AL082025,Humberto (2025),with_era5,2025-09-28T21:00:00+00:00,ibtracs_best_track,IBTrACS best track,63.026503299753095,False,hourly mean,3
AL082025,Humberto (2025),with_era5,2025-09-28T22:00:00+00:00,ibtracs_best_track,IBTrACS best track,62.54510121222223,False,hourly mean,3
AL082025,Humberto (2025),with_era5,2025-09-28T23:00:00+00:00,ibtracs_best_track,IBTrACS best track,62.10301280814815,False,hourly mean,3
AL082025,Humberto (2025),with_era5,2025-09-29T00:00:00+00:00,ibtracs_best_track,IBTrACS best track,61.83240573740741,False,hourly mean,3
AL082025,Humberto (2025),with_era5,2025-09-29T01:00:00+00:00,ibtracs_best_track,IBTrACS best track,61.73328,False,hourly mean,3
AL082025,Humberto (2025),with_era5,2025-09-29T02:00:00+00:00,ibtracs_best_track,IBTrACS best track,61.73328,False,hourly mean,3
AL082025,Humberto (2025),with_era5,2025-09-29T03:00:00+00:00,ibtracs_best_track,IBTrACS best track,61.73328,False,hourly mean,3
AL082025,Humberto (2025),with_era5,2025-09-29T04:00:00+00:00,ibtracs_best_track,IBTrACS best track,61.73328,False,hourly mean,3
AL082025,Humberto (2025),with_era5,2025-09-29T05:00:00+00:00,ibtracs_best_track,IBTrACS best track,61.805635595925935,False,hourly mean,3
AL082025,Humberto (2025),with_era5,2025-09-29T06:00:00+00:00,ibtracs_best_track,IBTrACS best track,62.049472525185195,False,hourly mean,3
AL082025,Humberto (2025),with_era5,2025-09-29T07:00:00+00:00,ibtracs_best_track,IBTrACS best track,62.46479078777779,False,hourly mean,3
AL082025,Humberto (2025),with_era5,2025-09-29T08:00:00+00:00,ibtracs_best_track,IBTrACS best track,62.95511625580247,False,hourly mean,3
AL082025,Humberto (2025),with_era5,2025-09-29T09:00:00+00:00,ibtracs_best_track,IBTrACS best track,63.38828127938272,False,hourly mean,3
AL082025,Humberto (2025),with_era5,2025-09-29T10:00:00+00:00,ibtracs_best_track,IBTrACS best track,63.76428585851852,False,hourly mean,3
AL082025,Humberto (2025),with_era5,2025-09-29T11:00:00+00:00,ibtracs_best_track,IBTrACS best track,63.93841880135802,False,hourly mean,3
AL082025,Humberto (2025),with_era5,2025-09-29T12:00:00+00:00,ibtracs_best_track,IBTrACS best track,63.712428633086425,False,hourly mean,3
AL082025,Humberto (2025),with_era5,2025-09-29T13:00:00+00:00,ibtracs_best_track,IBTrACS best track,63.086315353703704,False,hourly mean,3
AL082025,Humberto (2025),with_era5,2025-09-29T14:00:00+00:00,ibtracs_best_track,IBTrACS best track,62.22890868703704,False,hourly mean,3
AL082025,Humberto (2025),with_era5,2025-09-29T15:00:00+00:00,ibtracs_best_track,IBTrACS best track,61.37150202037037,False,hourly mean,3
AL082025,Humberto (2025),with_era5,2025-09-29T16:00:00+00:00,ibtracs_best_track,IBTrACS best track,60.51409535370371,False,hourly mean,3
AL082025,Humberto (2025),with_era5,2025-09-29T17:00:00+00:00,ibtracs_best_track,IBTrACS best track,59.60845162308643,False,hourly mean,3
AL082025,Humberto (2025),with_era5,2025-09-29T18:00:00+00:00,ibtracs_best_track,IBTrACS best track,58.58848700358025,False,hourly mean,3
AL082025,Humberto (2025),with_era5,2025-09-29T19:00:00+00:00,ibtracs_best_track,IBTrACS best track,57.45420149518518,False,hourly mean,3
AL082025,Humberto (2025),with_era5,2025-09-29T20:00:00+00:00,ibtracs_best_track,IBTrACS best track,56.229713629876535,False,hourly mean,3
AL082025,Humberto (2025),with_era5,2025-09-29T21:00:00+00:00,ibtracs_best_track,IBTrACS best track,54.948065320123455,False,hourly mean,3
AL082025,Humberto (2025),with_era5,2025-09-29T22:00:00+00:00,ibtracs_best_track,IBTrACS best track,53.60925656592593,False,hourly mean,3
AL082025,Humberto (2025),with_era5,2025-09-29T23:00:00+00:00,ibtracs_best_track,IBTrACS best track,52.30976149518519,False,hourly mean,3
AL082025,Humberto (2025),with_era5,2025-09-30T00:00:00+00:00,ibtracs_best_track,IBTrACS best track,51.18174775777778,False,hourly mean,3
AL082025,Humberto (2025),with_era5,2025-09-30T01:00:00+00:00,ibtracs_best_track,IBTrACS best track,50.2252153537037,False,hourly mean,3
AL082025,Humberto (2025),with_era5,2025-09-30T02:00:00+00:00,ibtracs_best_track,IBTrACS best track,49.36780868703704,False,hourly mean,3
AL082025,Humberto (2025),with_era5,2025-09-30T03:00:00+00:00,ibtracs_best_track,IBTrACS best track,48.51040202037037,False,hourly mean,3
AL082025,Humberto (2025),with_era5,2025-09-30T04:00:00+00:00,ibtracs_best_track,IBTrACS best track,47.65299535370371,False,hourly mean,3
AL082025,Humberto (2025),with_era5,2025-09-30T05:00:00+00:00,ibtracs_best_track,IBTrACS best track,46.67499602716049,False,hourly mean,3
AL082025,Humberto (2025),with_era5,2025-09-30T06:00:00+00:00,ibtracs_best_track,IBTrACS best track,45.41119447839506,False,hourly mean,3
AL082025,Humberto (2025),with_era5,2025-09-30T07:00:00+00:00,ibtracs_best_track,IBTrACS best track,43.86159070740741,False,hourly mean,3
AL082025,Humberto (2025),with_era5,2025-09-30T08:00:00+00:00,ibtracs_best_track,IBTrACS best track,42.14677737407408,False,hourly mean,3
AL082025,Humberto (2025),with_era5,2025-09-30T09:00:00+00:00,ibtracs_best_track,IBTrACS best track,40.47959774444445,False,hourly mean,3
AL082025,Humberto (2025),with_era5,2025-09-30T10:00:00+00:00,ibtracs_best_track,IBTrACS best track,38.76430807407408,False,hourly mean,3
AL082025,Humberto (2025),with_era5,2025-09-30T11:00:00+00:00,ibtracs_best_track,IBTrACS best track,37.29068006049383,False,hourly mean,3
AL082025,Humberto (2025),with_era5,2025-09-30T12:00:00+00:00,ibtracs_best_track,IBTrACS best track,36.341022787654325,False,hourly mean,3
AL082025,Humberto (2025),with_era5,2025-09-30T13:00:00+00:00,ibtracs_best_track,IBTrACS best track,36.01108,False,hourly mean,3
AL082025,Humberto (2025),with_era5,2025-09-30T14:00:00+00:00,ibtracs_best_track,IBTrACS best track,36.01108,False,hourly mean,3
AL082025,Humberto (2025),with_era5,2025-09-30T15:00:00+00:00,ibtracs_best_track,IBTrACS best track,36.01108,False,hourly mean,3
AL082025,Humberto (2025),with_era5,2025-09-30T16:00:00+00:00,ibtracs_best_track,IBTrACS best track,36.01108,False,hourly mean,3
AL082025,Humberto (2025),with_era5,2025-09-30T17:00:00+00:00,ibtracs_best_track,IBTrACS best track,36.01108,False,hourly mean,3
AL082025,Humberto (2025),with_era5,2025-09-30T18:00:00+00:00,ibtracs_best_track,IBTrACS best track,36.01108,False,hourly mean,3
AL082025,Humberto (2025),with_era5,2025-09-30T19:00:00+00:00,ibtracs_best_track,IBTrACS best track,36.01108,False,hourly mean,3
AL082025,Humberto (2025),with_era5,2025-09-30T20:00:00+00:00,ibtracs_best_track,IBTrACS best track,36.01108,False,hourly mean,3
AL082025,Humberto (2025),with_era5,2025-09-30T21:00:00+00:00,ibtracs_best_track,IBTrACS best track,36.01108,False,hourly mean,3
AL082025,Humberto (2025),with_era5,2025-09-30T22:00:00+00:00,ibtracs_best_track,IBTrACS best track,36.01108,False,hourly mean,3
AL082025,Humberto (2025),with_era5,2025-09-30T23:00:00+00:00,ibtracs_best_track,IBTrACS best track,36.01108,False,hourly mean,3
AL082025,Humberto (2025),with_era5,2025-10-01T00:00:00+00:00,ibtracs_best_track,IBTrACS best track,36.01108,False,hourly mean,3
AL082025,Humberto (2025),with_era5,2025-10-01T01:00:00+00:00,ibtracs_best_track,IBTrACS best track,36.01108,False,hourly mean,3
AL082025,Humberto (2025),with_era5,2025-10-01T02:00:00+00:00,ibtracs_best_track,IBTrACS best track,36.01108,False,hourly mean,3
AL082025,Humberto (2025),with_era5,2025-10-01T03:00:00+00:00,ibtracs_best_track,IBTrACS best track,36.01108,False,hourly mean,3
AL082025,Humberto (2025),with_era5,2025-10-01T04:00:00+00:00,ibtracs_best_track,IBTrACS best track,36.01108,False,hourly mean,3
AL082025,Humberto (2025),with_era5,2025-10-01T05:00:00+00:00,ibtracs_best_track,IBTrACS best track,35.962811180246916,False,hourly mean,3
AL082025,Humberto (2025),with_era5,2025-10-01T06:00:00+00:00,ibtracs_best_track,IBTrACS best track,35.80022147160494,False,hourly mean,3
AL082025,Humberto (2025),with_era5,2025-10-01T07:00:00+00:00,ibtracs_best_track,IBTrACS best track,35.52331087407408,False,hourly mean,3
AL082025,Humberto (2025),with_era5,2025-10-01T08:00:00+00:00,ibtracs_best_track,IBTrACS best track,35.156213797530874,False,hourly mean,3
AL082025,Humberto (2025),with_era5,2025-10-01T09:00:00+00:00,ibtracs_best_track,IBTrACS best track,34.73195627654321,False,hourly mean,3
AL082025,Humberto (2025),with_era5,2025-10-01T10:00:00+00:00,ibtracs_best_track,IBTrACS best track,34.250538311111114,False,hourly mean,3
AL082025,Humberto (2025),with_era5,2025-10-01T11:00:00+00:00,ibtracs_best_track,IBTrACS best track,33.993316311111116,False,hourly mean,3
AL082025,Humberto (2025),with_era5,2025-09-24T12:00:00+00:00,era5_max_wind,ERA5 10 m maximum,14.354845348653454,False,hourly mean,3
AL082025,Humberto (2025),with_era5,2025-09-24T13:00:00+00:00,era5_max_wind,ERA5 10 m maximum,14.354845348653454,False,hourly mean,3
AL082025,Humberto (2025),with_era5,2025-09-24T14:00:00+00:00,era5_max_wind,ERA5 10 m maximum,14.02089676078758,False,hourly mean,3
AL082025,Humberto (2025),with_era5,2025-09-24T15:00:00+00:00,era5_max_wind,ERA5 10 m maximum,13.686948172921708,False,hourly mean,3
AL082025,Humberto (2025),with_era5,2025-09-24T16:00:00+00:00,era5_max_wind,ERA5 10 m maximum,13.352999585055835,False,hourly mean,3
AL082025,Humberto (2025),with_era5,2025-09-24T17:00:00+00:00,era5_max_wind,ERA5 10 m maximum,13.352999585055835,False,hourly mean,3
AL082025,Humberto (2025),with_era5,2025-09-24T18:00:00+00:00,era5_max_wind,ERA5 10 m maximum,13.352999585055835,False,hourly mean,3
AL082025,Humberto (2025),with_era5,2025-09-24T19:00:00+00:00,era5_max_wind,ERA5 10 m maximum,13.352999585055835,False,hourly mean,3
AL082025,Humberto (2025),with_era5,2025-09-24T20:00:00+00:00,era5_max_wind,ERA5 10 m maximum,13.565153895082608,False,hourly mean,3
AL082025,Humberto (2025),with_era5,2025-09-24T21:00:00+00:00,era5_max_wind,ERA5 10 m maximum,13.77730820510938,False,hourly mean,3
AL082025,Humberto (2025),with_era5,2025-09-24T22:00:00+00:00,era5_max_wind,ERA5 10 m maximum,13.989462515136152,False,hourly mean,3
AL082025,Humberto (2025),with_era5,2025-09-24T23:00:00+00:00,era5_max_wind,ERA5 10 m maximum,13.989462515136152,False,hourly mean,3
AL082025,Humberto (2025),with_era5,2025-09-25T00:00:00+00:00,era5_max_wind,ERA5 10 m maximum,13.989462515136152,False,hourly mean,3
AL082025,Humberto (2025),with_era5,2025-09-25T01:00:00+00:00,era5_max_wind,ERA5 10 m maximum,13.989462515136152,False,hourly mean,3
AL082025,Humberto (2025),with_era5,2025-09-25T02:00:00+00:00,era5_max_wind,ERA5 10 m maximum,14.607431577141284,False,hourly mean,3
AL082025,Humberto (2025),with_era5,2025-09-25T03:00:00+00:00,era5_max_wind,ERA5 10 m maximum,15.22540063914642,False,hourly mean,3
AL082025,Humberto (2025),with_era5,2025-09-25T04:00:00+00:00,era5_max_wind,ERA5 10 m maximum,15.843369701151554,False,hourly mean,3
AL082025,Humberto (2025),with_era5,2025-09-25T05:00:00+00:00,era5_max_wind,ERA5 10 m maximum,15.843369701151554,False,hourly mean,3
AL082025,Humberto (2025),with_era5,2025-09-25T06:00:00+00:00,era5_max_wind,ERA5 10 m maximum,15.843369701151554,False,hourly mean,3
AL082025,Humberto (2025),with_era5,2025-09-25T07:00:00+00:00,era5_max_wind,ERA5 10 m maximum,15.843369701151554,False,hourly mean,3
AL082025,Humberto (2025),with_era5,2025-09-25T08:00:00+00:00,era5_max_wind,ERA5 10 m maximum,16.12603412088832,False,hourly mean,3
AL082025,Humberto (2025),with_era5,2025-09-25T09:00:00+00:00,era5_max_wind,ERA5 10 m maximum,16.408698540625085,False,hourly mean,3
AL082025,Humberto (2025),with_era5,2025-09-25T10:00:00+00:00,era5_max_wind,ERA5 10 m maximum,16.691362960361854,False,hourly mean,3
AL082025,Humberto (2025),with_era5,2025-09-25T11:00:00+00:00,era5_max_wind,ERA5 10 m maximum,16.691362960361854,False,hourly mean,3
AL082025,Humberto (2025),with_era5,2025-09-25T12:00:00+00:00,era5_max_wind,ERA5 10 m maximum,16.691362960361854,False,hourly mean,3
AL082025,Humberto (2025),with_era5,2025-09-25T13:00:00+00:00,era5_max_wind,ERA5 10 m maximum,16.691362960361854,False,hourly mean,3
AL082025,Humberto (2025),with_era5,2025-09-25T14:00:00+00:00,era5_max_wind,ERA5 10 m maximum,16.348536775769507,False,hourly mean,3
AL082025,Humberto (2025),with_era5,2025-09-25T15:00:00+00:00,era5_max_wind,ERA5 10 m maximum,16.00571059117716,False,hourly mean,3
AL082025,Humberto (2025),with_era5,2025-09-25T16:00:00+00:00,era5_max_wind,ERA5 10 m maximum,15.662884406584814,False,hourly mean,3
AL082025,Humberto (2025),with_era5,2025-09-25T17:00:00+00:00,era5_max_wind,ERA5 10 m maximum,15.662884406584814,False,hourly mean,3
AL082025,Humberto (2025),with_era5,2025-09-25T18:00:00+00:00,era5_max_wind,ERA5 10 m maximum,15.662884406584814,False,hourly mean,3
AL082025,Humberto (2025),with_era5,2025-09-25T19:00:00+00:00,era5_max_wind,ERA5 10 m maximum,15.662884406584814,False,hourly mean,3
AL082025,Humberto (2025),with_era5,2025-09-25T20:00:00+00:00,era5_max_wind,ERA5 10 m maximum,16.214205367792903,False,hourly mean,3
AL082025,Humberto (2025),with_era5,2025-09-25T21:00:00+00:00,era5_max_wind,ERA5 10 m maximum,16.76552632900099,False,hourly mean,3
AL082025,Humberto (2025),with_era5,2025-09-25T22:00:00+00:00,era5_max_wind,ERA5 10 m maximum,17.31684729020908,False,hourly mean,3
AL082025,Humberto (2025),with_era5,2025-09-25T23:00:00+00:00,era5_max_wind,ERA5 10 m maximum,17.31684729020908,False,hourly mean,3
AL082025,Humberto (2025),with_era5,2025-09-26T00:00:00+00:00,era5_max_wind,ERA5 10 m maximum,17.31684729020908,False,hourly mean,3
AL082025,Humberto (2025),with_era5,2025-09-26T01:00:00+00:00,era5_max_wind,ERA5 10 m maximum,17.31684729020908,False,hourly mean,3
AL082025,Humberto (2025),with_era5,2025-09-26T02:00:00+00:00,era5_max_wind,ERA5 10 m maximum,18.199565511166266,False,hourly mean,3
AL082025,Humberto (2025),with_era5,2025-09-26T03:00:00+00:00,era5_max_wind,ERA5 10 m maximum,19.082283732123454,False,hourly mean,3
AL082025,Humberto (2025),with_era5,2025-09-26T04:00:00+00:00,era5_max_wind,ERA5 10 m maximum,19.965001953080638,False,hourly mean,3
AL082025,Humberto (2025),with_era5,2025-09-26T05:00:00+00:00,era5_max_wind,ERA5 10 m maximum,19.965001953080638,False,hourly mean,3
AL082025,Humberto (2025),with_era5,2025-09-26T06:00:00+00:00,era5_max_wind,ERA5 10 m maximum,19.965001953080638,False,hourly mean,3
AL082025,Humberto (2025),with_era5,2025-09-26T07:00:00+00:00,era5_max_wind,ERA5 10 m maximum,19.965001953080638,False,hourly mean,3
AL082025,Humberto (2025),with_era5,2025-09-26T08:00:00+00:00,era5_max_wind,ERA5 10 m maximum,19.62748686779882,False,hourly mean,3
AL082025,Humberto (2025),with_era5,2025-09-26T09:00:00+00:00,era5_max_wind,ERA5 10 m maximum,19.289971782517,False,hourly mean,3
AL082025,Humberto (2025),with_era5,2025-09-26T10:00:00+00:00,era5_max_wind,ERA5 10 m maximum,18.95245669723518,False,hourly mean,3
AL082025,Humberto (2025),with_era5,2025-09-26T11:00:00+00:00,era5_max_wind,ERA5 10 m maximum,18.95245669723518,False,hourly mean,3
AL082025,Humberto (2025),with_era5,2025-09-26T12:00:00+00:00,era5_max_wind,ERA5 10 m maximum,18.95245669723518,True,hourly mean,3
AL082025,Humberto (2025),with_era5,2025-09-26T13:00:00+00:00,era5_max_wind,ERA5 10 m maximum,18.95245669723518,True,hourly mean,3
AL082025,Humberto (2025),with_era5,2025-09-26T14:00:00+00:00,era5_max_wind,ERA5 10 m maximum,19.542986673008546,True,hourly mean,3
AL082025,Humberto (2025),with_era5,2025-09-26T15:00:00+00:00,era5_max_wind,ERA5 10 m maximum,20.133516648781907,True,hourly mean,3
AL082025,Humberto (2025),with_era5,2025-09-26T16:00:00+00:00,era5_max_wind,ERA5 10 m maximum,20.72404662455527,True,hourly mean,3
AL082025,Humberto (2025),with_era5,2025-09-26T17:00:00+00:00,era5_max_wind,ERA5 10 m maximum,20.72404662455527,True,hourly mean,3
AL082025,Humberto (2025),with_era5,2025-09-26T18:00:00+00:00,era5_max_wind,ERA5 10 m maximum,20.72404662455527,True,hourly mean,3
AL082025,Humberto (2025),with_era5,2025-09-26T19:00:00+00:00,era5_max_wind,ERA5 10 m maximum,20.72404662455527,True,hourly mean,3
AL082025,Humberto (2025),with_era5,2025-09-26T20:00:00+00:00,era5_max_wind,ERA5 10 m maximum,20.64426543206846,True,hourly mean,3
AL082025,Humberto (2025),with_era5,2025-09-26T21:00:00+00:00,era5_max_wind,ERA5 10 m maximum,20.56448423958165,True,hourly mean,3
AL082025,Humberto (2025),with_era5,2025-09-26T22:00:00+00:00,era5_max_wind,ERA5 10 m maximum,20.484703047094836,True,hourly mean,3
AL082025,Humberto (2025),with_era5,2025-09-26T23:00:00+00:00,era5_max_wind,ERA5 10 m maximum,20.484703047094836,True,hourly mean,3
AL082025,Humberto (2025),with_era5,2025-09-27T00:00:00+00:00,era5_max_wind,ERA5 10 m maximum,20.484703047094836,True,hourly mean,3
AL082025,Humberto (2025),with_era5,2025-09-27T01:00:00+00:00,era5_max_wind,ERA5 10 m maximum,20.484703047094836,True,hourly mean,3
AL082025,Humberto (2025),with_era5,2025-09-27T02:00:00+00:00,era5_max_wind,ERA5 10 m maximum,20.383677378612127,True,hourly mean,3
AL082025,Humberto (2025),with_era5,2025-09-27T03:00:00+00:00,era5_max_wind,ERA5 10 m maximum,20.282651710129418,True,hourly mean,3
AL082025,Humberto (2025),with_era5,2025-09-27T04:00:00+00:00,era5_max_wind,ERA5 10 m maximum,20.181626041646712,True,hourly mean,3
AL082025,Humberto (2025),with_era5,2025-09-27T05:00:00+00:00,era5_max_wind,ERA5 10 m maximum,20.181626041646712,True,hourly mean,3
AL082025,Humberto (2025),with_era5,2025-09-27T06:00:00+00:00,era5_max_wind,ERA5 10 m maximum,20.181626041646712,True,hourly mean,3
AL082025,Humberto (2025),with_era5,2025-09-27T07:00:00+00:00,era5_max_wind,ERA5 10 m maximum,20.181626041646712,True,hourly mean,3
AL082025,Humberto (2025),with_era5,2025-09-27T08:00:00+00:00,era5_max_wind,ERA5 10 m maximum,21.01689002336863,True,hourly mean,3
AL082025,Humberto (2025),with_era5,2025-09-27T09:00:00+00:00,era5_max_wind,ERA5 10 m maximum,21.85215400509055,True,hourly mean,3
AL082025,Humberto (2025),with_era5,2025-09-27T10:00:00+00:00,era5_max_wind,ERA5 10 m maximum,22.687417986812466,True,hourly mean,3
AL082025,Humberto (2025),with_era5,2025-09-27T11:00:00+00:00,era5_max_wind,ERA5 10 m maximum,22.687417986812466,True,hourly mean,3
AL082025,Humberto (2025),with_era5,2025-09-27T12:00:00+00:00,era5_max_wind,ERA5 10 m maximum,22.687417986812466,True,hourly mean,3
AL082025,Humberto (2025),with_era5,2025-09-27T13:00:00+00:00,era5_max_wind,ERA5 10 m maximum,22.687417986812466,True,hourly mean,3
AL082025,Humberto (2025),with_era5,2025-09-27T14:00:00+00:00,era5_max_wind,ERA5 10 m maximum,23.189759736290046,True,hourly mean,3
AL082025,Humberto (2025),with_era5,2025-09-27T15:00:00+00:00,era5_max_wind,ERA5 10 m maximum,23.692101485767623,True,hourly mean,3
AL082025,Humberto (2025),with_era5,2025-09-27T16:00:00+00:00,era5_max_wind,ERA5 10 m maximum,24.194443235245203,True,hourly mean,3
AL082025,Humberto (2025),with_era5,2025-09-27T17:00:00+00:00,era5_max_wind,ERA5 10 m maximum,24.194443235245203,True,hourly mean,3
AL082025,Humberto (2025),with_era5,2025-09-27T18:00:00+00:00,era5_max_wind,ERA5 10 m maximum,24.194443235245203,True,hourly mean,3
AL082025,Humberto (2025),with_era5,2025-09-27T19:00:00+00:00,era5_max_wind,ERA5 10 m maximum,24.194443235245203,True,hourly mean,3
AL082025,Humberto (2025),with_era5,2025-09-27T20:00:00+00:00,era5_max_wind,ERA5 10 m maximum,24.46555910977267,True,hourly mean,3
AL082025,Humberto (2025),with_era5,2025-09-27T21:00:00+00:00,era5_max_wind,ERA5 10 m maximum,24.73667498430014,True,hourly mean,3
AL082025,Humberto (2025),with_era5,2025-09-27T22:00:00+00:00,era5_max_wind,ERA5 10 m maximum,25.007790858827608,True,hourly mean,3
AL082025,Humberto (2025),with_era5,2025-09-27T23:00:00+00:00,era5_max_wind,ERA5 10 m maximum,25.007790858827608,False,hourly mean,3
AL082025,Humberto (2025),with_era5,2025-09-28T00:00:00+00:00,era5_max_wind,ERA5 10 m maximum,25.007790858827608,False,hourly mean,3
AL082025,Humberto (2025),with_era5,2025-09-28T01:00:00+00:00,era5_max_wind,ERA5 10 m maximum,25.007790858827608,False,hourly mean,3
AL082025,Humberto (2025),with_era5,2025-09-28T02:00:00+00:00,era5_max_wind,ERA5 10 m maximum,25.23964022980013,False,hourly mean,3
AL082025,Humberto (2025),with_era5,2025-09-28T03:00:00+00:00,era5_max_wind,ERA5 10 m maximum,25.471489600772646,False,hourly mean,3
AL082025,Humberto (2025),with_era5,2025-09-28T04:00:00+00:00,era5_max_wind,ERA5 10 m maximum,25.703338971745165,False,hourly mean,3
AL082025,Humberto (2025),with_era5,2025-09-28T05:00:00+00:00,era5_max_wind,ERA5 10 m maximum,25.703338971745165,False,hourly mean,3
AL082025,Humberto (2025),with_era5,2025-09-28T06:00:00+00:00,era5_max_wind,ERA5 10 m maximum,25.703338971745165,False,hourly mean,3
AL082025,Humberto (2025),with_era5,2025-09-28T07:00:00+00:00,era5_max_wind,ERA5 10 m maximum,25.703338971745165,False,hourly mean,3
AL082025,Humberto (2025),with_era5,2025-09-28T08:00:00+00:00,era5_max_wind,ERA5 10 m maximum,25.85529674056201,False,hourly mean,3
AL082025,Humberto (2025),with_era5,2025-09-28T09:00:00+00:00,era5_max_wind,ERA5 10 m maximum,26.007254509378864,False,hourly mean,3
AL082025,Humberto (2025),with_era5,2025-09-28T10:00:00+00:00,era5_max_wind,ERA5 10 m maximum,26.15921227819571,False,hourly mean,3
AL082025,Humberto (2025),with_era5,2025-09-28T11:00:00+00:00,era5_max_wind,ERA5 10 m maximum,26.15921227819571,False,hourly mean,3
AL082025,Humberto (2025),with_era5,2025-09-28T12:00:00+00:00,era5_max_wind,ERA5 10 m maximum,26.15921227819571,False,hourly mean,3
AL082025,Humberto (2025),with_era5,2025-09-28T13:00:00+00:00,era5_max_wind,ERA5 10 m maximum,26.15921227819571,False,hourly mean,3
AL082025,Humberto (2025),with_era5,2025-09-28T14:00:00+00:00,era5_max_wind,ERA5 10 m maximum,26.703918735109557,False,hourly mean,3
AL082025,Humberto (2025),with_era5,2025-09-28T15:00:00+00:00,era5_max_wind,ERA5 10 m maximum,27.248625192023407,False,hourly mean,3
AL082025,Humberto (2025),with_era5,2025-09-28T16:00:00+00:00,era5_max_wind,ERA5 10 m maximum,27.793331648937254,False,hourly mean,3
AL082025,Humberto (2025),with_era5,2025-09-28T17:00:00+00:00,era5_max_wind,ERA5 10 m maximum,27.793331648937254,False,hourly mean,3
AL082025,Humberto (2025),with_era5,2025-09-28T18:00:00+00:00,era5_max_wind,ERA5 10 m maximum,27.793331648937254,False,hourly mean,3
AL082025,Humberto (2025),with_era5,2025-09-28T19:00:00+00:00,era5_max_wind,ERA5 10 m maximum,27.793331648937254,False,hourly mean,3
AL082025,Humberto (2025),with_era5,2025-09-28T20:00:00+00:00,era5_max_wind,ERA5 10 m maximum,28.337279330802676,False,hourly mean,3
AL082025,Humberto (2025),with_era5,2025-09-28T21:00:00+00:00,era5_max_wind,ERA5 10 m maximum,28.881227012668102,False,hourly mean,3
AL082025,Humberto (2025),with_era5,2025-09-28T22:00:00+00:00,era5_max_wind,ERA5 10 m maximum,29.425174694533524,False,hourly mean,3
AL082025,Humberto (2025),with_era5,2025-09-28T23:00:00+00:00,era5_max_wind,ERA5 10 m maximum,29.425174694533524,False,hourly mean,3
AL082025,Humberto (2025),with_era5,2025-09-29T00:00:00+00:00,era5_max_wind,ERA5 10 m maximum,29.425174694533524,False,hourly mean,3
AL082025,Humberto (2025),with_era5,2025-09-29T01:00:00+00:00,era5_max_wind,ERA5 10 m maximum,29.425174694533524,False,hourly mean,3
AL082025,Humberto (2025),with_era5,2025-09-29T02:00:00+00:00,era5_max_wind,ERA5 10 m maximum,30.22884368155634,False,hourly mean,3
AL082025,Humberto (2025),with_era5,2025-09-29T03:00:00+00:00,era5_max_wind,ERA5 10 m maximum,31.03251266857916,False,hourly mean,3
AL082025,Humberto (2025),with_era5,2025-09-29T04:00:00+00:00,era5_max_wind,ERA5 10 m maximum,31.83618165560198,False,hourly mean,3
AL082025,Humberto (2025),with_era5,2025-09-29T05:00:00+00:00,era5_max_wind,ERA5 10 m maximum,31.83618165560198,False,hourly mean,3
AL082025,Humberto (2025),with_era5,2025-09-29T06:00:00+00:00,era5_max_wind,ERA5 10 m maximum,31.83618165560198,False,hourly mean,3
AL082025,Humberto (2025),with_era5,2025-09-29T07:00:00+00:00,era5_max_wind,ERA5 10 m maximum,31.83618165560198,False,hourly mean,3
AL082025,Humberto (2025),with_era5,2025-09-29T08:00:00+00:00,era5_max_wind,ERA5 10 m maximum,31.250007196863766,False,hourly mean,3
AL082025,Humberto (2025),with_era5,2025-09-29T09:00:00+00:00,era5_max_wind,ERA5 10 m maximum,30.66383273812555,False,hourly mean,3
AL082025,Humberto (2025),with_era5,2025-09-29T10:00:00+00:00,era5_max_wind,ERA5 10 m maximum,30.077658279387336,False,hourly mean,3
AL082025,Humberto (2025),with_era5,2025-09-29T11:00:00+00:00,era5_max_wind,ERA5 10 m maximum,30.077658279387336,False,hourly mean,3
AL082025,Humberto (2025),with_era5,2025-09-29T12:00:00+00:00,era5_max_wind,ERA5 10 m maximum,30.077658279387336,False,hourly mean,3
AL082025,Humberto (2025),with_era5,2025-09-29T13:00:00+00:00,era5_max_wind,ERA5 10 m maximum,30.077658279387336,False,hourly mean,3
AL082025,Humberto (2025),with_era5,2025-09-29T14:00:00+00:00,era5_max_wind,ERA5 10 m maximum,30.4126681770899,False,hourly mean,3
AL082025,Humberto (2025),with_era5,2025-09-29T15:00:00+00:00,era5_max_wind,ERA5 10 m maximum,30.74767807479246,False,hourly mean,3
AL082025,Humberto (2025),with_era5,2025-09-29T16:00:00+00:00,era5_max_wind,ERA5 10 m maximum,31.082687972495023,False,hourly mean,3
AL082025,Humberto (2025),with_era5,2025-09-29T17:00:00+00:00,era5_max_wind,ERA5 10 m maximum,31.082687972495023,False,hourly mean,3
AL082025,Humberto (2025),with_era5,2025-09-29T18:00:00+00:00,era5_max_wind,ERA5 10 m maximum,31.082687972495023,False,hourly mean,3
AL082025,Humberto (2025),with_era5,2025-09-29T19:00:00+00:00,era5_max_wind,ERA5 10 m maximum,31.082687972495023,False,hourly mean,3
AL082025,Humberto (2025),with_era5,2025-09-29T20:00:00+00:00,era5_max_wind,ERA5 10 m maximum,30.28727665261268,False,hourly mean,3
AL082025,Humberto (2025),with_era5,2025-09-29T21:00:00+00:00,era5_max_wind,ERA5 10 m maximum,29.491865332730338,False,hourly mean,3
AL082025,Humberto (2025),with_era5,2025-09-29T22:00:00+00:00,era5_max_wind,ERA5 10 m maximum,28.696454012847994,False,hourly mean,3
AL082025,Humberto (2025),with_era5,2025-09-29T23:00:00+00:00,era5_max_wind,ERA5 10 m maximum,28.696454012847994,False,hourly mean,3
AL082025,Humberto (2025),with_era5,2025-09-30T00:00:00+00:00,era5_max_wind,ERA5 10 m maximum,28.696454012847994,False,hourly mean,3
AL082025,Humberto (2025),with_era5,2025-09-30T01:00:00+00:00,era5_max_wind,ERA5 10 m maximum,28.696454012847994,False,hourly mean,3
AL082025,Humberto (2025),with_era5,2025-09-30T02:00:00+00:00,era5_max_wind,ERA5 10 m maximum,28.00184361711403,False,hourly mean,3
AL082025,Humberto (2025),with_era5,2025-09-30T03:00:00+00:00,era5_max_wind,ERA5 10 m maximum,27.30723322138006,False,hourly mean,3
AL082025,Humberto (2025),with_era5,2025-09-30T04:00:00+00:00,era5_max_wind,ERA5 10 m maximum,26.61262282564609,False,hourly mean,3
AL082025,Humberto (2025),with_era5,2025-09-30T05:00:00+00:00,era5_max_wind,ERA5 10 m maximum,26.61262282564609,False,hourly mean,3
AL082025,Humberto (2025),with_era5,2025-09-30T06:00:00+00:00,era5_max_wind,ERA5 10 m maximum,26.61262282564609,False,hourly mean,3
AL082025,Humberto (2025),with_era5,2025-09-30T07:00:00+00:00,era5_max_wind,ERA5 10 m maximum,26.61262282564609,False,hourly mean,3
AL082025,Humberto (2025),with_era5,2025-09-30T08:00:00+00:00,era5_max_wind,ERA5 10 m maximum,26.499945937621774,False,hourly mean,3
AL082025,Humberto (2025),with_era5,2025-09-30T09:00:00+00:00,era5_max_wind,ERA5 10 m maximum,26.387269049597453,False,hourly mean,3
AL082025,Humberto (2025),with_era5,2025-09-30T10:00:00+00:00,era5_max_wind,ERA5 10 m maximum,26.27459216157314,False,hourly mean,3
AL082025,Humberto (2025),with_era5,2025-09-30T11:00:00+00:00,era5_max_wind,ERA5 10 m maximum,26.27459216157314,False,hourly mean,3
AL082025,Humberto (2025),with_era5,2025-09-30T12:00:00+00:00,era5_max_wind,ERA5 10 m maximum,26.27459216157314,False,hourly mean,3
AL082025,Humberto (2025),with_era5,2025-09-30T13:00:00+00:00,era5_max_wind,ERA5 10 m maximum,26.27459216157314,False,hourly mean,3
AL082025,Humberto (2025),with_era5,2025-09-30T14:00:00+00:00,era5_max_wind,ERA5 10 m maximum,25.349375140733514,False,hourly mean,3
AL082025,Humberto (2025),with_era5,2025-09-30T15:00:00+00:00,era5_max_wind,ERA5 10 m maximum,24.42415811989389,False,hourly mean,3
AL082025,Humberto (2025),with_era5,2025-09-30T16:00:00+00:00,era5_max_wind,ERA5 10 m maximum,23.49894109905426,False,hourly mean,3
AL082025,Humberto (2025),with_era5,2025-09-30T17:00:00+00:00,era5_max_wind,ERA5 10 m maximum,23.49894109905426,False,hourly mean,3
AL082025,Humberto (2025),with_era5,2025-09-30T18:00:00+00:00,era5_max_wind,ERA5 10 m maximum,23.49894109905426,False,hourly mean,3
AL082025,Humberto (2025),with_era5,2025-09-30T19:00:00+00:00,era5_max_wind,ERA5 10 m maximum,23.49894109905426,False,hourly mean,3
AL082025,Humberto (2025),with_era5,2025-09-30T20:00:00+00:00,era5_max_wind,ERA5 10 m maximum,23.132587363797303,False,hourly mean,3
AL082025,Humberto (2025),with_era5,2025-09-30T21:00:00+00:00,era5_max_wind,ERA5 10 m maximum,22.766233628540352,False,hourly mean,3
AL082025,Humberto (2025),with_era5,2025-09-30T22:00:00+00:00,era5_max_wind,ERA5 10 m maximum,22.3998798932834,False,hourly mean,3
AL082025,Humberto (2025),with_era5,2025-09-30T23:00:00+00:00,era5_max_wind,ERA5 10 m maximum,22.3998798932834,False,hourly mean,3
AL082025,Humberto (2025),with_era5,2025-10-01T00:00:00+00:00,era5_max_wind,ERA5 10 m maximum,22.3998798932834,False,hourly mean,3
AL082025,Humberto (2025),with_era5,2025-10-01T01:00:00+00:00,era5_max_wind,ERA5 10 m maximum,22.3998798932834,False,hourly mean,3
AL082025,Humberto (2025),with_era5,2025-10-01T02:00:00+00:00,era5_max_wind,ERA5 10 m maximum,23.72613813748991,False,hourly mean,3
AL082025,Humberto (2025),with_era5,2025-10-01T03:00:00+00:00,era5_max_wind,ERA5 10 m maximum,25.052396381696422,False,hourly mean,3
AL082025,Humberto (2025),with_era5,2025-10-01T04:00:00+00:00,era5_max_wind,ERA5 10 m maximum,26.37865462590293,False,hourly mean,3
AL082025,Humberto (2025),with_era5,2025-10-01T05:00:00+00:00,era5_max_wind,ERA5 10 m maximum,26.37865462590293,False,hourly mean,3
AL082025,Humberto (2025),with_era5,2025-10-01T06:00:00+00:00,era5_max_wind,ERA5 10 m maximum,26.37865462590293,False,hourly mean,3
AL082025,Humberto (2025),with_era5,2025-10-01T07:00:00+00:00,era5_max_wind,ERA5 10 m maximum,26.37865462590293,False,hourly mean,3
AL082025,Humberto (2025),with_era5,2025-10-01T08:00:00+00:00,era5_max_wind,ERA5 10 m maximum,25.91492733703612,False,hourly mean,3
AL082025,Humberto (2025),with_era5,2025-10-01T09:00:00+00:00,era5_max_wind,ERA5 10 m maximum,25.451200048169312,False,hourly mean,3
AL082025,Humberto (2025),with_era5,2025-10-01T10:00:00+00:00,era5_max_wind,ERA5 10 m maximum,24.987472759302502,False,hourly mean,3
AL082025,Humberto (2025),with_era5,2025-10-01T11:00:00+00:00,era5_max_wind,ERA5 10 m maximum,24.987472759302502,False,hourly mean,3
AL082025,Humberto (2025),with_era5,2025-09-24T12:00:00+00:00,latent_sar_max_wind,Latent MLP · SAR · wind only,19.251906871795654,False,hourly mean,3
AL082025,Humberto (2025),with_era5,2025-09-24T13:00:00+00:00,latent_sar_max_wind,Latent MLP · SAR · wind only,19.28131855858697,False,hourly mean,3
AL082025,Humberto (2025),with_era5,2025-09-24T14:00:00+00:00,latent_sar_max_wind,Latent MLP · SAR · wind only,19.431587643093533,False,hourly mean,3
AL082025,Humberto (2025),with_era5,2025-09-24T15:00:00+00:00,latent_sar_max_wind,Latent MLP · SAR · wind only,19.680312156677246,False,hourly mean,3
AL082025,Humberto (2025),with_era5,2025-09-24T16:00:00+00:00,latent_sar_max_wind,Latent MLP · SAR · wind only,19.922367519802517,False,hourly mean,3
AL082025,Humberto (2025),with_era5,2025-09-24T17:00:00+00:00,latent_sar_max_wind,Latent MLP · SAR · wind only,20.10093667772081,False,hourly mean,3
AL082025,Humberto (2025),with_era5,2025-09-24T18:00:00+00:00,latent_sar_max_wind,Latent MLP · SAR · wind only,20.4187626308865,False,hourly mean,3
AL082025,Humberto (2025),with_era5,2025-09-24T19:00:00+00:00,latent_sar_max_wind,Latent MLP · SAR · wind only,20.817866643269856,False,hourly mean,3
AL082025,Humberto (2025),with_era5,2025-09-24T20:00:00+00:00,latent_sar_max_wind,Latent MLP · SAR · wind only,22.08494218190511,False,hourly mean,3
AL082025,Humberto (2025),with_era5,2025-09-24T21:00:00+00:00,latent_sar_max_wind,Latent MLP · SAR · wind only,23.121567408243816,False,hourly mean,3
AL082025,Humberto (2025),with_era5,2025-09-24T22:00:00+00:00,latent_sar_max_wind,Latent MLP · SAR · wind only,23.953726132710774,False,hourly mean,3
AL082025,Humberto (2025),with_era5,2025-09-24T23:00:00+00:00,latent_sar_max_wind,Latent MLP · SAR · wind only,23.761599752638077,False,hourly mean,3
AL082025,Humberto (2025),with_era5,2025-09-25T00:00:00+00:00,latent_sar_max_wind,Latent MLP · SAR · wind only,23.42848078409831,False,hourly mean,3
AL082025,Humberto (2025),with_era5,2025-09-25T01:00:00+00:00,latent_sar_max_wind,Latent MLP · SAR · wind only,23.135770161946613,False,hourly mean,3
AL082025,Humberto (2025),with_era5,2025-09-25T02:00:00+00:00,latent_sar_max_wind,Latent MLP · SAR · wind only,23.12556521097819,False,hourly mean,3
AL082025,Humberto (2025),with_era5,2025-09-25T03:00:00+00:00,latent_sar_max_wind,Latent MLP · SAR · wind only,23.46833896636963,False,hourly mean,3
AL082025,Humberto (2025),with_era5,2025-09-25T04:00:00+00:00,latent_sar_max_wind,Latent MLP · SAR · wind only,23.804508633083767,False,hourly mean,3
AL082025,Humberto (2025),with_era5,2025-09-25T05:00:00+00:00,latent_sar_max_wind,Latent MLP · SAR · wind only,23.755874845716686,False,hourly mean,3
AL082025,Humberto (2025),with_era5,2025-09-25T06:00:00+00:00,latent_sar_max_wind,Latent MLP · SAR · wind only,23.514134195115833,False,hourly mean,3
AL082025,Humberto (2025),with_era5,2025-09-25T07:00:00+00:00,latent_sar_max_wind,Latent MLP · SAR · wind only,23.509140438503692,False,hourly mean,3
AL082025,Humberto (2025),with_era5,2025-09-25T08:00:00+00:00,latent_sar_max_wind,Latent MLP · SAR · wind only,24.518620279100205,False,hourly mean,3
AL082025,Humberto (2025),with_era5,2025-09-25T09:00:00+00:00,latent_sar_max_wind,Latent MLP · SAR · wind only,25.969533284505207,False,hourly mean,3
AL082025,Humberto (2025),with_era5,2025-09-25T10:00:00+00:00,latent_sar_max_wind,Latent MLP · SAR · wind only,27.75936476389567,False,hourly mean,3
AL082025,Humberto (2025),with_era5,2025-09-25T11:00:00+00:00,latent_sar_max_wind,Latent MLP · SAR · wind only,29.224997838338215,False,hourly mean,3
AL082025,Humberto (2025),with_era5,2025-09-25T12:00:00+00:00,latent_sar_max_wind,Latent MLP · SAR · wind only,30.80932913886176,False,hourly mean,3
AL082025,Humberto (2025),with_era5,2025-09-25T13:00:00+00:00,latent_sar_max_wind,Latent MLP · SAR · wind only,31.683014657762314,False,hourly mean,3
AL082025,Humberto (2025),with_era5,2025-09-25T14:00:00+00:00,latent_sar_max_wind,Latent MLP · SAR · wind only,31.805155754089355,False,hourly mean,3
AL082025,Humberto (2025),with_era5,2025-09-25T15:00:00+00:00,latent_sar_max_wind,Latent MLP · SAR · wind only,31.128761291503906,False,hourly mean,3
AL082025,Humberto (2025),with_era5,2025-09-25T16:00:00+00:00,latent_sar_max_wind,Latent MLP · SAR · wind only,30.578957663642033,False,hourly mean,3
AL082025,Humberto (2025),with_era5,2025-09-25T17:00:00+00:00,latent_sar_max_wind,Latent MLP · SAR · wind only,30.76001750098334,False,hourly mean,3
AL082025,Humberto (2025),with_era5,2025-09-25T18:00:00+00:00,latent_sar_max_wind,Latent MLP · SAR · wind only,31.170285754733612,False,hourly mean,3
AL082025,Humberto (2025),with_era5,2025-09-25T19:00:00+00:00,latent_sar_max_wind,Latent MLP · SAR · wind only,31.519309679667156,False,hourly mean,3
AL082025,Humberto (2025),with_era5,2025-09-25T20:00:00+00:00,latent_sar_max_wind,Latent MLP · SAR · wind only,31.938326199849445,False,hourly mean,3
AL082025,Humberto (2025),with_era5,2025-09-25T21:00:00+00:00,latent_sar_max_wind,Latent MLP · SAR · wind only,31.904768731858994,False,hourly mean,3
AL082025,Humberto (2025),with_era5,2025-09-25T22:00:00+00:00,latent_sar_max_wind,Latent MLP · SAR · wind only,32.1601595348782,False,hourly mean,3
AL082025,Humberto (2025),with_era5,2025-09-25T23:00:00+00:00,latent_sar_max_wind,Latent MLP · SAR · wind only,32.163402239481606,False,hourly mean,3
AL082025,Humberto (2025),with_era5,2025-09-26T00:00:00+00:00,latent_sar_max_wind,Latent MLP · SAR · wind only,32.94424004024929,False,hourly mean,3
AL082025,Humberto (2025),with_era5,2025-09-26T01:00:00+00:00,latent_sar_max_wind,Latent MLP · SAR · wind only,33.8105460272895,False,hourly mean,3
AL082025,Humberto (2025),with_era5,2025-09-26T02:00:00+00:00,latent_sar_max_wind,Latent MLP · SAR · wind only,36.25689676072862,False,hourly mean,3
AL082025,Humberto (2025),with_era5,2025-09-26T03:00:00+00:00,latent_sar_max_wind,Latent MLP · SAR · wind only,38.511932373046875,False,hourly mean,3
AL082025,Humberto (2025),with_era5,2025-09-26T04:00:00+00:00,latent_sar_max_wind,Latent MLP · SAR · wind only,41.166208055284294,False,hourly mean,3
AL082025,Humberto (2025),with_era5,2025-09-26T05:00:00+00:00,latent_sar_max_wind,Latent MLP · SAR · wind only,42.75173250834147,False,hourly mean,3
AL082025,Humberto (2025),with_era5,2025-09-26T06:00:00+00:00,latent_sar_max_wind,Latent MLP · SAR · wind only,43.75666109720866,False,hourly mean,3
AL082025,Humberto (2025),with_era5,2025-09-26T07:00:00+00:00,latent_sar_max_wind,Latent MLP · SAR · wind only,42.65542475382487,False,hourly mean,3
AL082025,Humberto (2025),with_era5,2025-09-26T08:00:00+00:00,latent_sar_max_wind,Latent MLP · SAR · wind only,40.60462337070041,False,hourly mean,3
AL082025,Humberto (2025),with_era5,2025-09-26T09:00:00+00:00,latent_sar_max_wind,Latent MLP · SAR · wind only,39.10063001844618,False,hourly mean,3
AL082025,Humberto (2025),with_era5,2025-09-26T10:00:00+00:00,latent_sar_max_wind,Latent MLP · SAR · wind only,39.24884393480088,False,hourly mean,3
AL082025,Humberto (2025),with_era5,2025-09-26T11:00:00+00:00,latent_sar_max_wind,Latent MLP · SAR · wind only,39.994943830702034,False,hourly mean,3
AL082025,Humberto (2025),with_era5,2025-09-26T12:00:00+00:00,latent_sar_max_wind,Latent MLP · SAR · wind only,40.25268321567111,True,hourly mean,3
AL082025,Humberto (2025),with_era5,2025-09-26T13:00:00+00:00,latent_sar_max_wind,Latent MLP · SAR · wind only,41.17304886711968,True,hourly mean,3
AL082025,Humberto (2025),with_era5,2025-09-26T14:00:00+00:00,latent_sar_max_wind,Latent MLP · SAR · wind only,43.78546057807074,True,hourly mean,3
AL082025,Humberto (2025),with_era5,2025-09-26T15:00:00+00:00,latent_sar_max_wind,Latent MLP · SAR · wind only,44.48770862155491,True,hourly mean,3
AL082025,Humberto (2025),with_era5,2025-09-26T16:00:00+00:00,latent_sar_max_wind,Latent MLP · SAR · wind only,44.567863040500214,True,hourly mean,3
AL082025,Humberto (2025),with_era5,2025-09-26T17:00:00+00:00,latent_sar_max_wind,Latent MLP · SAR · wind only,44.68787553575303,True,hourly mean,3
AL082025,Humberto (2025),with_era5,2025-09-26T18:00:00+00:00,latent_sar_max_wind,Latent MLP · SAR · wind only,47.830595864189995,True,hourly mean,3
AL082025,Humberto (2025),with_era5,2025-09-26T19:00:00+00:00,latent_sar_max_wind,Latent MLP · SAR · wind only,52.034157647026916,True,hourly mean,3
AL082025,Humberto (2025),with_era5,2025-09-26T20:00:00+00:00,latent_sar_max_wind,Latent MLP · SAR · wind only,55.639448165893555,True,hourly mean,3
AL082025,Humberto (2025),with_era5,2025-09-26T21:00:00+00:00,latent_sar_max_wind,Latent MLP · SAR · wind only,58.809779908921975,True,hourly mean,3
AL082025,Humberto (2025),with_era5,2025-09-26T22:00:00+00:00,latent_sar_max_wind,Latent MLP · SAR · wind only,61.67886437310113,True,hourly mean,3
AL082025,Humberto (2025),with_era5,2025-09-26T23:00:00+00:00,latent_sar_max_wind,Latent MLP · SAR · wind only,62.944375779893655,True,hourly mean,3
AL082025,Humberto (2025),with_era5,2025-09-27T00:00:00+00:00,latent_sar_max_wind,Latent MLP · SAR · wind only,63.050978342692055,True,hourly mean,3
AL082025,Humberto (2025),with_era5,2025-09-27T01:00:00+00:00,latent_sar_max_wind,Latent MLP · SAR · wind only,62.27874162462023,True,hourly mean,3
AL082025,Humberto (2025),with_era5,2025-09-27T02:00:00+00:00,latent_sar_max_wind,Latent MLP · SAR · wind only,60.04803636338976,True,hourly mean,3
AL082025,Humberto (2025),with_era5,2025-09-27T03:00:00+00:00,latent_sar_max_wind,Latent MLP · SAR · wind only,59.459695604112405,True,hourly mean,3
AL082025,Humberto (2025),with_era5,2025-09-27T04:00:00+00:00,latent_sar_max_wind,Latent MLP · SAR · wind only,58.053157594468864,True,hourly mean,3
AL082025,Humberto (2025),with_era5,2025-09-27T05:00:00+00:00,latent_sar_max_wind,Latent MLP · SAR · wind only,58.36241255866157,True,hourly mean,3
AL082025,Humberto (2025),with_era5,2025-09-27T06:00:00+00:00,latent_sar_max_wind,Latent MLP · SAR · wind only,58.978434032864044,True,hourly mean,3
AL082025,Humberto (2025),with_era5,2025-09-27T07:00:00+00:00,latent_sar_max_wind,Latent MLP · SAR · wind only,59.92039489746094,True,hourly mean,3
AL082025,Humberto (2025),with_era5,2025-09-27T08:00:00+00:00,latent_sar_max_wind,Latent MLP · SAR · wind only,58.44510544670953,True,hourly mean,3
AL082025,Humberto (2025),with_era5,2025-09-27T09:00:00+00:00,latent_sar_max_wind,Latent MLP · SAR · wind only,56.936488469441734,True,hourly mean,3
AL082025,Humberto (2025),with_era5,2025-09-27T10:00:00+00:00,latent_sar_max_wind,Latent MLP · SAR · wind only,56.81150669521755,True,hourly mean,3
AL082025,Humberto (2025),with_era5,2025-09-27T11:00:00+00:00,latent_sar_max_wind,Latent MLP · SAR · wind only,59.45576900906033,True,hourly mean,3
AL082025,Humberto (2025),with_era5,2025-09-27T12:00:00+00:00,latent_sar_max_wind,Latent MLP · SAR · wind only,60.28387747870551,True,hourly mean,3
AL082025,Humberto (2025),with_era5,2025-09-27T13:00:00+00:00,latent_sar_max_wind,Latent MLP · SAR · wind only,60.514113108317055,True,hourly mean,3
AL082025,Humberto (2025),with_era5,2025-09-27T14:00:00+00:00,latent_sar_max_wind,Latent MLP · SAR · wind only,62.14577865600586,True,hourly mean,3
AL082025,Humberto (2025),with_era5,2025-09-27T15:00:00+00:00,latent_sar_max_wind,Latent MLP · SAR · wind only,63.39486567179362,True,hourly mean,3
AL082025,Humberto (2025),with_era5,2025-09-27T16:00:00+00:00,latent_sar_max_wind,Latent MLP · SAR · wind only,64.65113025241428,True,hourly mean,3
AL082025,Humberto (2025),with_era5,2025-09-27T17:00:00+00:00,latent_sar_max_wind,Latent MLP · SAR · wind only,64.13999896579318,True,hourly mean,3
AL082025,Humberto (2025),with_era5,2025-09-27T18:00:00+00:00,latent_sar_max_wind,Latent MLP · SAR · wind only,65.13320414225261,True,hourly mean,3
AL082025,Humberto (2025),with_era5,2025-09-27T19:00:00+00:00,latent_sar_max_wind,Latent MLP · SAR · wind only,65.95457331339519,True,hourly mean,3
AL082025,Humberto (2025),with_era5,2025-09-27T20:00:00+00:00,latent_sar_max_wind,Latent MLP · SAR · wind only,66.9195162455241,True,hourly mean,3
AL082025,Humberto (2025),with_era5,2025-09-27T21:00:00+00:00,latent_sar_max_wind,Latent MLP · SAR · wind only,67.5674802992079,True,hourly mean,3
AL082025,Humberto (2025),with_era5,2025-09-27T22:00:00+00:00,latent_sar_max_wind,Latent MLP · SAR · wind only,67.65251964992946,True,hourly mean,3
AL082025,Humberto (2025),with_era5,2025-09-27T23:00:00+00:00,latent_sar_max_wind,Latent MLP · SAR · wind only,67.35250896877712,False,hourly mean,3
AL082025,Humberto (2025),with_era5,2025-09-28T00:00:00+00:00,latent_sar_max_wind,Latent MLP · SAR · wind only,66.76449330647786,False,hourly mean,3
AL082025,Humberto (2025),with_era5,2025-09-28T01:00:00+00:00,latent_sar_max_wind,Latent MLP · SAR · wind only,65.05718739827473,False,hourly mean,3
AL082025,Humberto (2025),with_era5,2025-09-28T02:00:00+00:00,latent_sar_max_wind,Latent MLP · SAR · wind only,64.83788808186848,False,hourly mean,3
AL082025,Humberto (2025),with_era5,2025-09-28T03:00:00+00:00,latent_sar_max_wind,Latent MLP · SAR · wind only,64.0954492357042,False,hourly mean,3
AL082025,Humberto (2025),with_era5,2025-09-28T04:00:00+00:00,latent_sar_max_wind,Latent MLP · SAR · wind only,64.32892693413628,False,hourly mean,3
AL082025,Humberto (2025),with_era5,2025-09-28T05:00:00+00:00,latent_sar_max_wind,Latent MLP · SAR · wind only,63.60633171929252,False,hourly mean,3
AL082025,Humberto (2025),with_era5,2025-09-28T06:00:00+00:00,latent_sar_max_wind,Latent MLP · SAR · wind only,62.92960145738389,False,hourly mean,3
AL082025,Humberto (2025),with_era5,2025-09-28T07:00:00+00:00,latent_sar_max_wind,Latent MLP · SAR · wind only,62.68240398830837,False,hourly mean,3
AL082025,Humberto (2025),with_era5,2025-09-28T08:00:00+00:00,latent_sar_max_wind,Latent MLP · SAR · wind only,61.36100980970593,False,hourly mean,3
AL082025,Humberto (2025),with_era5,2025-09-28T09:00:00+00:00,latent_sar_max_wind,Latent MLP · SAR · wind only,60.55914264255099,False,hourly mean,3
AL082025,Humberto (2025),with_era5,2025-09-28T10:00:00+00:00,latent_sar_max_wind,Latent MLP · SAR · wind only,59.24019749959309,False,hourly mean,3
AL082025,Humberto (2025),with_era5,2025-09-28T11:00:00+00:00,latent_sar_max_wind,Latent MLP · SAR · wind only,58.47143342759873,False,hourly mean,3
AL082025,Humberto (2025),with_era5,2025-09-28T12:00:00+00:00,latent_sar_max_wind,Latent MLP · SAR · wind only,59.12206734551322,False,hourly mean,3
AL082025,Humberto (2025),with_era5,2025-09-28T13:00:00+00:00,latent_sar_max_wind,Latent MLP · SAR · wind only,60.80759557088215,False,hourly mean,3
AL082025,Humberto (2025),with_era5,2025-09-28T14:00:00+00:00,latent_sar_max_wind,Latent MLP · SAR · wind only,62.06985007392035,False,hourly mean,3
AL082025,Humberto (2025),with_era5,2025-09-28T15:00:00+00:00,latent_sar_max_wind,Latent MLP · SAR · wind only,62.18771913316514,False,hourly mean,3
AL082025,Humberto (2025),with_era5,2025-09-28T16:00:00+00:00,latent_sar_max_wind,Latent MLP · SAR · wind only,61.2800801595052,False,hourly mean,3
AL082025,Humberto (2025),with_era5,2025-09-28T17:00:00+00:00,latent_sar_max_wind,Latent MLP · SAR · wind only,61.82714080810546,False,hourly mean,3
AL082025,Humberto (2025),with_era5,2025-09-28T18:00:00+00:00,latent_sar_max_wind,Latent MLP · SAR · wind only,60.77950456407334,False,hourly mean,3
AL082025,Humberto (2025),with_era5,2025-09-28T19:00:00+00:00,latent_sar_max_wind,Latent MLP · SAR · wind only,59.87843492296006,False,hourly mean,3
AL082025,Humberto (2025),with_era5,2025-09-28T20:00:00+00:00,latent_sar_max_wind,Latent MLP · SAR · wind only,59.033503638373475,False,hourly mean,3
AL082025,Humberto (2025),with_era5,2025-09-28T21:00:00+00:00,latent_sar_max_wind,Latent MLP · SAR · wind only,60.128669738769524,False,hourly mean,3
AL082025,Humberto (2025),with_era5,2025-09-28T22:00:00+00:00,latent_sar_max_wind,Latent MLP · SAR · wind only,61.387747446695954,False,hourly mean,3
AL082025,Humberto (2025),with_era5,2025-09-28T23:00:00+00:00,latent_sar_max_wind,Latent MLP · SAR · wind only,62.272071414523644,False,hourly mean,3
AL082025,Humberto (2025),with_era5,2025-09-29T00:00:00+00:00,latent_sar_max_wind,Latent MLP · SAR · wind only,62.71823162502712,False,hourly mean,3
AL082025,Humberto (2025),with_era5,2025-09-29T01:00:00+00:00,latent_sar_max_wind,Latent MLP · SAR · wind only,62.439993116590706,False,hourly mean,3
AL082025,Humberto (2025),with_era5,2025-09-29T02:00:00+00:00,latent_sar_max_wind,Latent MLP · SAR · wind only,60.78202268812391,False,hourly mean,3
AL082025,Humberto (2025),with_era5,2025-09-29T03:00:00+00:00,latent_sar_max_wind,Latent MLP · SAR · wind only,58.62875790066189,False,hourly mean,3
AL082025,Humberto (2025),with_era5,2025-09-29T04:00:00+00:00,latent_sar_max_wind,Latent MLP · SAR · wind only,57.9841817220052,False,hourly mean,3
AL082025,Humberto (2025),with_era5,2025-09-29T05:00:00+00:00,latent_sar_max_wind,Latent MLP · SAR · wind only,57.15008057488334,False,hourly mean,3
AL082025,Humberto (2025),with_era5,2025-09-29T06:00:00+00:00,latent_sar_max_wind,Latent MLP · SAR · wind only,56.40579605102538,False,hourly mean,3
AL082025,Humberto (2025),with_era5,2025-09-29T07:00:00+00:00,latent_sar_max_wind,Latent MLP · SAR · wind only,54.44721200731065,False,hourly mean,3
AL082025,Humberto (2025),with_era5,2025-09-29T08:00:00+00:00,latent_sar_max_wind,Latent MLP · SAR · wind only,53.099119610256615,False,hourly mean,3
AL082025,Humberto (2025),with_era5,2025-09-29T09:00:00+00:00,latent_sar_max_wind,Latent MLP · SAR · wind only,51.47619989183213,False,hourly mean,3
AL082025,Humberto (2025),with_era5,2025-09-29T10:00:00+00:00,latent_sar_max_wind,Latent MLP · SAR · wind only,50.18489286634656,False,hourly mean,3
AL082025,Humberto (2025),with_era5,2025-09-29T11:00:00+00:00,latent_sar_max_wind,Latent MLP · SAR · wind only,48.77654541863334,False,hourly mean,3
AL082025,Humberto (2025),with_era5,2025-09-29T12:00:00+00:00,latent_sar_max_wind,Latent MLP · SAR · wind only,48.22892973158093,False,hourly mean,3
AL082025,Humberto (2025),with_era5,2025-09-29T13:00:00+00:00,latent_sar_max_wind,Latent MLP · SAR · wind only,48.44960170321993,False,hourly mean,3
AL082025,Humberto (2025),with_era5,2025-09-29T14:00:00+00:00,latent_sar_max_wind,Latent MLP · SAR · wind only,48.03085962931314,False,hourly mean,3
AL082025,Humberto (2025),with_era5,2025-09-29T15:00:00+00:00,latent_sar_max_wind,Latent MLP · SAR · wind only,47.41560088263616,False,hourly mean,3
AL082025,Humberto (2025),with_era5,2025-09-29T16:00:00+00:00,latent_sar_max_wind,Latent MLP · SAR · wind only,46.2898089090983,False,hourly mean,3
AL082025,Humberto (2025),with_era5,2025-09-29T17:00:00+00:00,latent_sar_max_wind,Latent MLP · SAR · wind only,46.21856074863009,False,hourly mean,3
AL082025,Humberto (2025),with_era5,2025-09-29T18:00:00+00:00,latent_sar_max_wind,Latent MLP · SAR · wind only,46.27646425035264,False,hourly mean,3
AL082025,Humberto (2025),with_era5,2025-09-29T19:00:00+00:00,latent_sar_max_wind,Latent MLP · SAR · wind only,46.63313060336642,False,hourly mean,3
AL082025,Humberto (2025),with_era5,2025-09-29T20:00:00+00:00,latent_sar_max_wind,Latent MLP · SAR · wind only,44.86650954352484,False,hourly mean,3
AL082025,Humberto (2025),with_era5,2025-09-29T21:00:00+00:00,latent_sar_max_wind,Latent MLP · SAR · wind only,43.10830561319986,False,hourly mean,3
AL082025,Humberto (2025),with_era5,2025-09-29T22:00:00+00:00,latent_sar_max_wind,Latent MLP · SAR · wind only,41.04032431708441,False,hourly mean,3
AL082025,Humberto (2025),with_era5,2025-09-29T23:00:00+00:00,latent_sar_max_wind,Latent MLP · SAR · wind only,41.047470516628685,False,hourly mean,3
AL082025,Humberto (2025),with_era5,2025-09-30T00:00:00+00:00,latent_sar_max_wind,Latent MLP · SAR · wind only,40.65450392829047,False,hourly mean,3
AL082025,Humberto (2025),with_era5,2025-09-30T01:00:00+00:00,latent_sar_max_wind,Latent MLP · SAR · wind only,40.42108578152126,False,hourly mean,3
AL082025,Humberto (2025),with_era5,2025-09-30T02:00:00+00:00,latent_sar_max_wind,Latent MLP · SAR · wind only,37.03993002573648,False,hourly mean,3
AL082025,Humberto (2025),with_era5,2025-09-30T03:00:00+00:00,latent_sar_max_wind,Latent MLP · SAR · wind only,35.448592397901734,False,hourly mean,3
AL082025,Humberto (2025),with_era5,2025-09-30T04:00:00+00:00,latent_sar_max_wind,Latent MLP · SAR · wind only,34.35448869069416,False,hourly mean,3
AL082025,Humberto (2025),with_era5,2025-09-30T05:00:00+00:00,latent_sar_max_wind,Latent MLP · SAR · wind only,36.38815773857963,False,hourly mean,3
AL082025,Humberto (2025),with_era5,2025-09-30T06:00:00+00:00,latent_sar_max_wind,Latent MLP · SAR · wind only,36.71181551615396,False,hourly mean,3
AL082025,Humberto (2025),with_era5,2025-09-30T07:00:00+00:00,latent_sar_max_wind,Latent MLP · SAR · wind only,36.70151307847763,False,hourly mean,3
AL082025,Humberto (2025),with_era5,2025-09-30T08:00:00+00:00,latent_sar_max_wind,Latent MLP · SAR · wind only,33.347350544399674,False,hourly mean,3
AL082025,Humberto (2025),with_era5,2025-09-30T09:00:00+00:00,latent_sar_max_wind,Latent MLP · SAR · wind only,30.613763025071876,False,hourly mean,3
AL082025,Humberto (2025),with_era5,2025-09-30T10:00:00+00:00,latent_sar_max_wind,Latent MLP · SAR · wind only,27.64653445349798,False,hourly mean,3
AL082025,Humberto (2025),with_era5,2025-09-30T11:00:00+00:00,latent_sar_max_wind,Latent MLP · SAR · wind only,27.804083251953113,False,hourly mean,3
AL082025,Humberto (2025),with_era5,2025-09-30T12:00:00+00:00,latent_sar_max_wind,Latent MLP · SAR · wind only,28.276650428771962,False,hourly mean,3
AL082025,Humberto (2025),with_era5,2025-09-30T13:00:00+00:00,latent_sar_max_wind,Latent MLP · SAR · wind only,29.771720250447583,False,hourly mean,3
AL082025,Humberto (2025),with_era5,2025-09-30T14:00:00+00:00,latent_sar_max_wind,Latent MLP · SAR · wind only,31.25686317019991,False,hourly mean,3
AL082025,Humberto (2025),with_era5,2025-09-30T15:00:00+00:00,latent_sar_max_wind,Latent MLP · SAR · wind only,32.389303419325074,False,hourly mean,3
AL082025,Humberto (2025),with_era5,2025-09-30T16:00:00+00:00,latent_sar_max_wind,Latent MLP · SAR · wind only,32.09628582000732,False,hourly mean,3
AL082025,Humberto (2025),with_era5,2025-09-30T17:00:00+00:00,latent_sar_max_wind,Latent MLP · SAR · wind only,31.481202973259812,False,hourly mean,3
AL082025,Humberto (2025),with_era5,2025-09-30T18:00:00+00:00,latent_sar_max_wind,Latent MLP · SAR · wind only,29.767477459377705,False,hourly mean,3
AL082025,Humberto (2025),with_era5,2025-09-30T19:00:00+00:00,latent_sar_max_wind,Latent MLP · SAR · wind only,28.052190250820576,False,hourly mean,3
AL082025,Humberto (2025),with_era5,2025-09-30T20:00:00+00:00,latent_sar_max_wind,Latent MLP · SAR · wind only,28.963188807169587,False,hourly mean,3
AL082025,Humberto (2025),with_era5,2025-09-30T21:00:00+00:00,latent_sar_max_wind,Latent MLP · SAR · wind only,30.370922194586853,False,hourly mean,3
AL082025,Humberto (2025),with_era5,2025-09-30T22:00:00+00:00,latent_sar_max_wind,Latent MLP · SAR · wind only,32.0680661731296,False,hourly mean,3
AL082025,Humberto (2025),with_era5,2025-09-30T23:00:00+00:00,latent_sar_max_wind,Latent MLP · SAR · wind only,31.828771188524026,False,hourly mean,3
AL082025,Humberto (2025),with_era5,2025-10-01T00:00:00+00:00,latent_sar_max_wind,Latent MLP · SAR · wind only,31.780981402926965,False,hourly mean,3
AL082025,Humberto (2025),with_era5,2025-10-01T01:00:00+00:00,latent_sar_max_wind,Latent MLP · SAR · wind only,31.653433397081155,False,hourly mean,3
AL082025,Humberto (2025),with_era5,2025-10-01T02:00:00+00:00,latent_sar_max_wind,Latent MLP · SAR · wind only,36.339160071478936,False,hourly mean,3
AL082025,Humberto (2025),with_era5,2025-10-01T03:00:00+00:00,latent_sar_max_wind,Latent MLP · SAR · wind only,41.5664038128323,False,hourly mean,3
AL082025,Humberto (2025),with_era5,2025-10-01T04:00:00+00:00,latent_sar_max_wind,Latent MLP · SAR · wind only,46.89136717054578,False,hourly mean,3
AL082025,Humberto (2025),with_era5,2025-10-01T05:00:00+00:00,latent_sar_max_wind,Latent MLP · SAR · wind only,46.473445256551095,False,hourly mean,3
AL082025,Humberto (2025),with_era5,2025-10-01T06:00:00+00:00,latent_sar_max_wind,Latent MLP · SAR · wind only,44.48601129319932,False,hourly mean,3
AL082025,Humberto (2025),with_era5,2025-10-01T07:00:00+00:00,latent_sar_max_wind,Latent MLP · SAR · wind only,41.73062515258788,False,hourly mean,3
AL082025,Humberto (2025),with_era5,2025-10-01T08:00:00+00:00,latent_sar_max_wind,Latent MLP · SAR · wind only,39.11383883158365,False,hourly mean,3
AL082025,Humberto (2025),with_era5,2025-10-01T09:00:00+00:00,latent_sar_max_wind,Latent MLP · SAR · wind only,35.80153783162434,False,hourly mean,3
AL082025,Humberto (2025),with_era5,2025-10-01T10:00:00+00:00,latent_sar_max_wind,Latent MLP · SAR · wind only,33.484006775750046,False,hourly mean,3
AL082025,Humberto (2025),with_era5,2025-10-01T11:00:00+00:00,latent_sar_max_wind,Latent MLP · SAR · wind only,31.757698218027738,False,hourly mean,3
AL082025,Humberto (2025),with_era5,2025-09-24T12:00:00+00:00,latent_sar_max_wind_radii,Latent MLP · SAR · wind + radii,20.347218195597332,False,hourly mean,3
AL082025,Humberto (2025),with_era5,2025-09-24T13:00:00+00:00,latent_sar_max_wind_radii,Latent MLP · SAR · wind + radii,20.526984638637966,False,hourly mean,3
AL082025,Humberto (2025),with_era5,2025-09-24T14:00:00+00:00,latent_sar_max_wind_radii,Latent MLP · SAR · wind + radii,20.664256307813858,False,hourly mean,3
AL082025,Humberto (2025),with_era5,2025-09-24T15:00:00+00:00,latent_sar_max_wind_radii,Latent MLP · SAR · wind + radii,20.898350927564834,False,hourly mean,3
AL082025,Humberto (2025),with_era5,2025-09-24T16:00:00+00:00,latent_sar_max_wind_radii,Latent MLP · SAR · wind + radii,21.099560313754612,False,hourly mean,3
AL082025,Humberto (2025),with_era5,2025-09-24T17:00:00+00:00,latent_sar_max_wind_radii,Latent MLP · SAR · wind + radii,21.373234007093643,False,hourly mean,3
AL082025,Humberto (2025),with_era5,2025-09-24T18:00:00+00:00,latent_sar_max_wind_radii,Latent MLP · SAR · wind + radii,21.386763360765244,False,hourly mean,3
AL082025,Humberto (2025),with_era5,2025-09-24T19:00:00+00:00,latent_sar_max_wind_radii,Latent MLP · SAR · wind + radii,21.13276312086317,False,hourly mean,3
AL082025,Humberto (2025),with_era5,2025-09-24T20:00:00+00:00,latent_sar_max_wind_radii,Latent MLP · SAR · wind + radii,21.572472466362843,False,hourly mean,3
AL082025,Humberto (2025),with_era5,2025-09-24T21:00:00+00:00,latent_sar_max_wind_radii,Latent MLP · SAR · wind + radii,22.087856504652233,False,hourly mean,3
AL082025,Humberto (2025),with_era5,2025-09-24T22:00:00+00:00,latent_sar_max_wind_radii,Latent MLP · SAR · wind + radii,22.538564046223957,False,hourly mean,3
AL082025,Humberto (2025),with_era5,2025-09-24T23:00:00+00:00,latent_sar_max_wind_radii,Latent MLP · SAR · wind + radii,22.15705098046197,False,hourly mean,3
AL082025,Humberto (2025),with_era5,2025-09-25T00:00:00+00:00,latent_sar_max_wind_radii,Latent MLP · SAR · wind + radii,21.729766421847874,False,hourly mean,3
AL082025,Humberto (2025),with_era5,2025-09-25T01:00:00+00:00,latent_sar_max_wind_radii,Latent MLP · SAR · wind + radii,21.574155277676052,False,hourly mean,3
AL082025,Humberto (2025),with_era5,2025-09-25T02:00:00+00:00,latent_sar_max_wind_radii,Latent MLP · SAR · wind + radii,22.427627987331814,False,hourly mean,3
AL082025,Humberto (2025),with_era5,2025-09-25T03:00:00+00:00,latent_sar_max_wind_radii,Latent MLP · SAR · wind + radii,23.671100086636017,False,hourly mean,3
AL082025,Humberto (2025),with_era5,2025-09-25T04:00:00+00:00,latent_sar_max_wind_radii,Latent MLP · SAR · wind + radii,24.908706771002873,False,hourly mean,3
AL082025,Humberto (2025),with_era5,2025-09-25T05:00:00+00:00,latent_sar_max_wind_radii,Latent MLP · SAR · wind + radii,25.131014188130695,False,hourly mean,3
AL082025,Humberto (2025),with_era5,2025-09-25T06:00:00+00:00,latent_sar_max_wind_radii,Latent MLP · SAR · wind + radii,25.04762638939751,False,hourly mean,3
AL082025,Humberto (2025),with_era5,2025-09-25T07:00:00+00:00,latent_sar_max_wind_radii,Latent MLP · SAR · wind + radii,25.06118541293674,False,hourly mean,3
AL082025,Humberto (2025),with_era5,2025-09-25T08:00:00+00:00,latent_sar_max_wind_radii,Latent MLP · SAR · wind + radii,25.530426767137314,False,hourly mean,3
AL082025,Humberto (2025),with_era5,2025-09-25T09:00:00+00:00,latent_sar_max_wind_radii,Latent MLP · SAR · wind + radii,25.415457513597275,False,hourly mean,3
AL082025,Humberto (2025),with_era5,2025-09-25T10:00:00+00:00,latent_sar_max_wind_radii,Latent MLP · SAR · wind + radii,24.888366805182567,False,hourly mean,3
AL082025,Humberto (2025),with_era5,2025-09-25T11:00:00+00:00,latent_sar_max_wind_radii,Latent MLP · SAR · wind + radii,24.117704285515682,False,hourly mean,3
AL082025,Humberto (2025),with_era5,2025-09-25T12:00:00+00:00,latent_sar_max_wind_radii,Latent MLP · SAR · wind + radii,24.182003339131672,False,hourly mean,3
AL082025,Humberto (2025),with_era5,2025-09-25T13:00:00+00:00,latent_sar_max_wind_radii,Latent MLP · SAR · wind + radii,25.096097734239365,False,hourly mean,3
AL082025,Humberto (2025),with_era5,2025-09-25T14:00:00+00:00,latent_sar_max_wind_radii,Latent MLP · SAR · wind + radii,27.068375693427196,False,hourly mean,3
AL082025,Humberto (2025),with_era5,2025-09-25T15:00:00+00:00,latent_sar_max_wind_radii,Latent MLP · SAR · wind + radii,28.921117040846084,False,hourly mean,3
AL082025,Humberto (2025),with_era5,2025-09-25T16:00:00+00:00,latent_sar_max_wind_radii,Latent MLP · SAR · wind + radii,30.16383234659831,False,hourly mean,3
AL082025,Humberto (2025),with_era5,2025-09-25T17:00:00+00:00,latent_sar_max_wind_radii,Latent MLP · SAR · wind + radii,30.24034881591797,False,hourly mean,3
AL082025,Humberto (2025),with_era5,2025-09-25T18:00:00+00:00,latent_sar_max_wind_radii,Latent MLP · SAR · wind + radii,30.452630148993595,False,hourly mean,3
AL082025,Humberto (2025),with_era5,2025-09-25T19:00:00+00:00,latent_sar_max_wind_radii,Latent MLP · SAR · wind + radii,30.781877835591633,False,hourly mean,3
AL082025,Humberto (2025),with_era5,2025-09-25T20:00:00+00:00,latent_sar_max_wind_radii,Latent MLP · SAR · wind + radii,32.16723155975342,False,hourly mean,3
AL082025,Humberto (2025),with_era5,2025-09-25T21:00:00+00:00,latent_sar_max_wind_radii,Latent MLP · SAR · wind + radii,34.33241812388102,False,hourly mean,3
AL082025,Humberto (2025),with_era5,2025-09-25T22:00:00+00:00,latent_sar_max_wind_radii,Latent MLP · SAR · wind + radii,36.73706860012478,False,hourly mean,3
AL082025,Humberto (2025),with_era5,2025-09-25T23:00:00+00:00,latent_sar_max_wind_radii,Latent MLP · SAR · wind + radii,38.163916481865776,False,hourly mean,3
AL082025,Humberto (2025),with_era5,2025-09-26T00:00:00+00:00,latent_sar_max_wind_radii,Latent MLP · SAR · wind + radii,38.65075556437174,False,hourly mean,3
AL082025,Humberto (2025),with_era5,2025-09-26T01:00:00+00:00,latent_sar_max_wind_radii,Latent MLP · SAR · wind + radii,38.8592111799452,False,hourly mean,3
AL082025,Humberto (2025),with_era5,2025-09-26T02:00:00+00:00,latent_sar_max_wind_radii,Latent MLP · SAR · wind + radii,39.97806612650553,False,hourly mean,3
AL082025,Humberto (2025),with_era5,2025-09-26T03:00:00+00:00,latent_sar_max_wind_radii,Latent MLP · SAR · wind + radii,40.81352233886719,False,hourly mean,3
AL082025,Humberto (2025),with_era5,2025-09-26T04:00:00+00:00,latent_sar_max_wind_radii,Latent MLP · SAR · wind + radii,42.60497008429633,False,hourly mean,3
AL082025,Humberto (2025),with_era5,2025-09-26T05:00:00+00:00,latent_sar_max_wind_radii,Latent MLP · SAR · wind + radii,45.78026347690159,False,hourly mean,3
AL082025,Humberto (2025),with_era5,2025-09-26T06:00:00+00:00,latent_sar_max_wind_radii,Latent MLP · SAR · wind + radii,49.16626697116428,False,hourly mean,3
AL082025,Humberto (2025),with_era5,2025-09-26T07:00:00+00:00,latent_sar_max_wind_radii,Latent MLP · SAR · wind + radii,50.16457854376899,False,hourly mean,3
AL082025,Humberto (2025),with_era5,2025-09-26T08:00:00+00:00,latent_sar_max_wind_radii,Latent MLP · SAR · wind + radii,48.5602609846327,False,hourly mean,3
AL082025,Humberto (2025),with_era5,2025-09-26T09:00:00+00:00,latent_sar_max_wind_radii,Latent MLP · SAR · wind + radii,47.79266611735026,False,hourly mean,3
AL082025,Humberto (2025),with_era5,2025-09-26T10:00:00+00:00,latent_sar_max_wind_radii,Latent MLP · SAR · wind + radii,48.88012271457249,False,hourly mean,3
AL082025,Humberto (2025),with_era5,2025-09-26T11:00:00+00:00,latent_sar_max_wind_radii,Latent MLP · SAR · wind + radii,50.86065991719564,False,hourly mean,3
AL082025,Humberto (2025),with_era5,2025-09-26T12:00:00+00:00,latent_sar_max_wind_radii,Latent MLP · SAR · wind + radii,51.15056885613336,True,hourly mean,3
AL082025,Humberto (2025),with_era5,2025-09-26T13:00:00+00:00,latent_sar_max_wind_radii,Latent MLP · SAR · wind + radii,52.462372673882385,True,hourly mean,3
AL082025,Humberto (2025),with_era5,2025-09-26T14:00:00+00:00,latent_sar_max_wind_radii,Latent MLP · SAR · wind + radii,55.15677155388727,True,hourly mean,3
AL082025,Humberto (2025),with_era5,2025-09-26T15:00:00+00:00,latent_sar_max_wind_radii,Latent MLP · SAR · wind + radii,56.275177637736,True,hourly mean,3
AL082025,Humberto (2025),with_era5,2025-09-26T16:00:00+00:00,latent_sar_max_wind_radii,Latent MLP · SAR · wind + radii,56.57029194302029,True,hourly mean,3
AL082025,Humberto (2025),with_era5,2025-09-26T17:00:00+00:00,latent_sar_max_wind_radii,Latent MLP · SAR · wind + radii,56.921447330050995,True,hourly mean,3
AL082025,Humberto (2025),with_era5,2025-09-26T18:00:00+00:00,latent_sar_max_wind_radii,Latent MLP · SAR · wind + radii,59.30099678039551,True,hourly mean,3
AL082025,Humberto (2025),with_era5,2025-09-26T19:00:00+00:00,latent_sar_max_wind_radii,Latent MLP · SAR · wind + radii,61.5555419921875,True,hourly mean,3
AL082025,Humberto (2025),with_era5,2025-09-26T20:00:00+00:00,latent_sar_max_wind_radii,Latent MLP · SAR · wind + radii,62.66224034627279,True,hourly mean,3
AL082025,Humberto (2025),with_era5,2025-09-26T21:00:00+00:00,latent_sar_max_wind_radii,Latent MLP · SAR · wind + radii,64.08930354648166,True,hourly mean,3
AL082025,Humberto (2025),with_era5,2025-09-26T22:00:00+00:00,latent_sar_max_wind_radii,Latent MLP · SAR · wind + radii,64.64787716335721,True,hourly mean,3
AL082025,Humberto (2025),with_era5,2025-09-26T23:00:00+00:00,latent_sar_max_wind_radii,Latent MLP · SAR · wind + radii,64.28475379943848,True,hourly mean,3
AL082025,Humberto (2025),with_era5,2025-09-27T00:00:00+00:00,latent_sar_max_wind_radii,Latent MLP · SAR · wind + radii,63.844250996907554,True,hourly mean,3
AL082025,Humberto (2025),with_era5,2025-09-27T01:00:00+00:00,latent_sar_max_wind_radii,Latent MLP · SAR · wind + radii,63.48052554660373,True,hourly mean,3
AL082025,Humberto (2025),with_era5,2025-09-27T02:00:00+00:00,latent_sar_max_wind_radii,Latent MLP · SAR · wind + radii,62.07376035054525,True,hourly mean,3
AL082025,Humberto (2025),with_era5,2025-09-27T03:00:00+00:00,latent_sar_max_wind_radii,Latent MLP · SAR · wind + radii,60.755046420627174,True,hourly mean,3
AL082025,Humberto (2025),with_era5,2025-09-27T04:00:00+00:00,latent_sar_max_wind_radii,Latent MLP · SAR · wind + radii,59.056986278957794,True,hourly mean,3
AL082025,Humberto (2025),with_era5,2025-09-27T05:00:00+00:00,latent_sar_max_wind_radii,Latent MLP · SAR · wind + radii,58.36836221483018,True,hourly mean,3
AL082025,Humberto (2025),with_era5,2025-09-27T06:00:00+00:00,latent_sar_max_wind_radii,Latent MLP · SAR · wind + radii,58.60048972235786,True,hourly mean,3
AL082025,Humberto (2025),with_era5,2025-09-27T07:00:00+00:00,latent_sar_max_wind_radii,Latent MLP · SAR · wind + radii,59.794349670410156,True,hourly mean,3
AL082025,Humberto (2025),with_era5,2025-09-27T08:00:00+00:00,latent_sar_max_wind_radii,Latent MLP · SAR · wind + radii,59.63049761454264,True,hourly mean,3
AL082025,Humberto (2025),with_era5,2025-09-27T09:00:00+00:00,latent_sar_max_wind_radii,Latent MLP · SAR · wind + radii,59.8326850467258,True,hourly mean,3
AL082025,Humberto (2025),with_era5,2025-09-27T10:00:00+00:00,latent_sar_max_wind_radii,Latent MLP · SAR · wind + radii,61.01545015970866,True,hourly mean,3
AL082025,Humberto (2025),with_era5,2025-09-27T11:00:00+00:00,latent_sar_max_wind_radii,Latent MLP · SAR · wind + radii,64.78838560316298,True,hourly mean,3
AL082025,Humberto (2025),with_era5,2025-09-27T12:00:00+00:00,latent_sar_max_wind_radii,Latent MLP · SAR · wind + radii,67.41490321689183,True,hourly mean,3
AL082025,Humberto (2025),with_era5,2025-09-27T13:00:00+00:00,latent_sar_max_wind_radii,Latent MLP · SAR · wind + radii,68.83814832899306,True,hourly mean,3
AL082025,Humberto (2025),with_era5,2025-09-27T14:00:00+00:00,latent_sar_max_wind_radii,Latent MLP · SAR · wind + radii,70.29131317138672,True,hourly mean,3
AL082025,Humberto (2025),with_era5,2025-09-27T15:00:00+00:00,latent_sar_max_wind_radii,Latent MLP · SAR · wind + radii,70.66935687594945,True,hourly mean,3
AL082025,Humberto (2025),with_era5,2025-09-27T16:00:00+00:00,latent_sar_max_wind_radii,Latent MLP · SAR · wind + radii,70.81106821695964,True,hourly mean,3
AL082025,Humberto (2025),with_era5,2025-09-27T17:00:00+00:00,latent_sar_max_wind_radii,Latent MLP · SAR · wind + radii,69.72390196058485,True,hourly mean,3
AL082025,Humberto (2025),with_era5,2025-09-27T18:00:00+00:00,latent_sar_max_wind_radii,Latent MLP · SAR · wind + radii,69.74023140801324,True,hourly mean,3
AL082025,Humberto (2025),with_era5,2025-09-27T19:00:00+00:00,latent_sar_max_wind_radii,Latent MLP · SAR · wind + radii,69.91472880045573,True,hourly mean,3
AL082025,Humberto (2025),with_era5,2025-09-27T20:00:00+00:00,latent_sar_max_wind_radii,Latent MLP · SAR · wind + radii,71.58357238769531,True,hourly mean,3
AL082025,Humberto (2025),with_era5,2025-09-27T21:00:00+00:00,latent_sar_max_wind_radii,Latent MLP · SAR · wind + radii,72.74861992730035,True,hourly mean,3
AL082025,Humberto (2025),with_era5,2025-09-27T22:00:00+00:00,latent_sar_max_wind_radii,Latent MLP · SAR · wind + radii,73.1077372233073,True,hourly mean,3
AL082025,Humberto (2025),with_era5,2025-09-27T23:00:00+00:00,latent_sar_max_wind_radii,Latent MLP · SAR · wind + radii,71.49638493855794,False,hourly mean,3
AL082025,Humberto (2025),with_era5,2025-09-28T00:00:00+00:00,latent_sar_max_wind_radii,Latent MLP · SAR · wind + radii,69.77424282497832,False,hourly mean,3
AL082025,Humberto (2025),with_era5,2025-09-28T01:00:00+00:00,latent_sar_max_wind_radii,Latent MLP · SAR · wind + radii,67.63888083563911,False,hourly mean,3
AL082025,Humberto (2025),with_era5,2025-09-28T02:00:00+00:00,latent_sar_max_wind_radii,Latent MLP · SAR · wind + radii,68.65175755818687,False,hourly mean,3
AL082025,Humberto (2025),with_era5,2025-09-28T03:00:00+00:00,latent_sar_max_wind_radii,Latent MLP · SAR · wind + radii,70.53607092963325,False,hourly mean,3
AL082025,Humberto (2025),with_era5,2025-09-28T04:00:00+00:00,latent_sar_max_wind_radii,Latent MLP · SAR · wind + radii,72.65702819824219,False,hourly mean,3
AL082025,Humberto (2025),with_era5,2025-09-28T05:00:00+00:00,latent_sar_max_wind_radii,Latent MLP · SAR · wind + radii,72.13576804267036,False,hourly mean,3
AL082025,Humberto (2025),with_era5,2025-09-28T06:00:00+00:00,latent_sar_max_wind_radii,Latent MLP · SAR · wind + radii,70.68167622884114,False,hourly mean,3
AL082025,Humberto (2025),with_era5,2025-09-28T07:00:00+00:00,latent_sar_max_wind_radii,Latent MLP · SAR · wind + radii,69.55118518405492,False,hourly mean,3
AL082025,Humberto (2025),with_era5,2025-09-28T08:00:00+00:00,latent_sar_max_wind_radii,Latent MLP · SAR · wind + radii,69.48281139797636,False,hourly mean,3
AL082025,Humberto (2025),with_era5,2025-09-28T09:00:00+00:00,latent_sar_max_wind_radii,Latent MLP · SAR · wind + radii,70.25397915310332,False,hourly mean,3
AL082025,Humberto (2025),with_era5,2025-09-28T10:00:00+00:00,latent_sar_max_wind_radii,Latent MLP · SAR · wind + radii,71.24411222669814,False,hourly mean,3
AL082025,Humberto (2025),with_era5,2025-09-28T11:00:00+00:00,latent_sar_max_wind_radii,Latent MLP · SAR · wind + radii,70.76545376247829,False,hourly mean,3
AL082025,Humberto (2025),with_era5,2025-09-28T12:00:00+00:00,latent_sar_max_wind_radii,Latent MLP · SAR · wind + radii,70.51933034261067,False,hourly mean,3
AL082025,Humberto (2025),with_era5,2025-09-28T13:00:00+00:00,latent_sar_max_wind_radii,Latent MLP · SAR · wind + radii,71.04992887708876,False,hourly mean,3
AL082025,Humberto (2025),with_era5,2025-09-28T14:00:00+00:00,latent_sar_max_wind_radii,Latent MLP · SAR · wind + radii,71.33224995930989,False,hourly mean,3
AL082025,Humberto (2025),with_era5,2025-09-28T15:00:00+00:00,latent_sar_max_wind_radii,Latent MLP · SAR · wind + radii,72.06254535251195,False,hourly mean,3
AL082025,Humberto (2025),with_era5,2025-09-28T16:00:00+00:00,latent_sar_max_wind_radii,Latent MLP · SAR · wind + radii,72.34662034776477,False,hourly mean,3
AL082025,Humberto (2025),with_era5,2025-09-28T17:00:00+00:00,latent_sar_max_wind_radii,Latent MLP · SAR · wind + radii,73.09162606133356,False,hourly mean,3
AL082025,Humberto (2025),with_era5,2025-09-28T18:00:00+00:00,latent_sar_max_wind_radii,Latent MLP · SAR · wind + radii,71.75667317708333,False,hourly mean,3
AL082025,Humberto (2025),with_era5,2025-09-28T19:00:00+00:00,latent_sar_max_wind_radii,Latent MLP · SAR · wind + radii,69.23301463656955,False,hourly mean,3
AL082025,Humberto (2025),with_era5,2025-09-28T20:00:00+00:00,latent_sar_max_wind_radii,Latent MLP · SAR · wind + radii,68.92763625250923,False,hourly mean,3
AL082025,Humberto (2025),with_era5,2025-09-28T21:00:00+00:00,latent_sar_max_wind_radii,Latent MLP · SAR · wind + radii,70.17737473381891,False,hourly mean,3
AL082025,Humberto (2025),with_era5,2025-09-28T22:00:00+00:00,latent_sar_max_wind_radii,Latent MLP · SAR · wind + radii,71.60590447319879,False,hourly mean,3
AL082025,Humberto (2025),with_era5,2025-09-28T23:00:00+00:00,latent_sar_max_wind_radii,Latent MLP · SAR · wind + radii,71.14266459147136,False,hourly mean,3
AL082025,Humberto (2025),with_era5,2025-09-29T00:00:00+00:00,latent_sar_max_wind_radii,Latent MLP · SAR · wind + radii,69.2632819281684,False,hourly mean,3
AL082025,Humberto (2025),with_era5,2025-09-29T01:00:00+00:00,latent_sar_max_wind_radii,Latent MLP · SAR · wind + radii,66.65393680996365,False,hourly mean,3
AL082025,Humberto (2025),with_era5,2025-09-29T02:00:00+00:00,latent_sar_max_wind_radii,Latent MLP · SAR · wind + radii,64.27568287319608,False,hourly mean,3
AL082025,Humberto (2025),with_era5,2025-09-29T03:00:00+00:00,latent_sar_max_wind_radii,Latent MLP · SAR · wind + radii,62.24900415208605,False,hourly mean,3
AL082025,Humberto (2025),with_era5,2025-09-29T04:00:00+00:00,latent_sar_max_wind_radii,Latent MLP · SAR · wind + radii,62.71241230434842,False,hourly mean,3
AL082025,Humberto (2025),with_era5,2025-09-29T05:00:00+00:00,latent_sar_max_wind_radii,Latent MLP · SAR · wind + radii,62.16499053107368,False,hourly mean,3
AL082025,Humberto (2025),with_era5,2025-09-29T06:00:00+00:00,latent_sar_max_wind_radii,Latent MLP · SAR · wind + radii,61.391605165269645,False,hourly mean,3
AL082025,Humberto (2025),with_era5,2025-09-29T07:00:00+00:00,latent_sar_max_wind_radii,Latent MLP · SAR · wind + radii,58.41003163655599,False,hourly mean,3
AL082025,Humberto (2025),with_era5,2025-09-29T08:00:00+00:00,latent_sar_max_wind_radii,Latent MLP · SAR · wind + radii,58.9702188703749,False,hourly mean,3
AL082025,Humberto (2025),with_era5,2025-09-29T09:00:00+00:00,latent_sar_max_wind_radii,Latent MLP · SAR · wind + radii,59.766280068291564,False,hourly mean,3
AL082025,Humberto (2025),with_era5,2025-09-29T10:00:00+00:00,latent_sar_max_wind_radii,Latent MLP · SAR · wind + radii,60.80244000752767,False,hourly mean,3
AL082025,Humberto (2025),with_era5,2025-09-29T11:00:00+00:00,latent_sar_max_wind_radii,Latent MLP · SAR · wind + radii,59.28858142428928,False,hourly mean,3
AL082025,Humberto (2025),with_era5,2025-09-29T12:00:00+00:00,latent_sar_max_wind_radii,Latent MLP · SAR · wind + radii,58.22686831156414,False,hourly mean,3
AL082025,Humberto (2025),with_era5,2025-09-29T13:00:00+00:00,latent_sar_max_wind_radii,Latent MLP · SAR · wind + radii,59.58238029479981,False,hourly mean,3
AL082025,Humberto (2025),with_era5,2025-09-29T14:00:00+00:00,latent_sar_max_wind_radii,Latent MLP · SAR · wind + radii,57.12278514438206,False,hourly mean,3
AL082025,Humberto (2025),with_era5,2025-09-29T15:00:00+00:00,latent_sar_max_wind_radii,Latent MLP · SAR · wind + radii,55.41052436828613,False,hourly mean,3
AL082025,Humberto (2025),with_era5,2025-09-29T16:00:00+00:00,latent_sar_max_wind_radii,Latent MLP · SAR · wind + radii,53.33603837754992,False,hourly mean,3
AL082025,Humberto (2025),with_era5,2025-09-29T17:00:00+00:00,latent_sar_max_wind_radii,Latent MLP · SAR · wind + radii,53.81019571092394,False,hourly mean,3
AL082025,Humberto (2025),with_era5,2025-09-29T18:00:00+00:00,latent_sar_max_wind_radii,Latent MLP · SAR · wind + radii,53.05293930901422,False,hourly mean,3
AL082025,Humberto (2025),with_era5,2025-09-29T19:00:00+00:00,latent_sar_max_wind_radii,Latent MLP · SAR · wind + radii,50.97459369235569,False,hourly mean,3
AL082025,Humberto (2025),with_era5,2025-09-29T20:00:00+00:00,latent_sar_max_wind_radii,Latent MLP · SAR · wind + radii,47.42668130662707,False,hourly mean,3
AL082025,Humberto (2025),with_era5,2025-09-29T21:00:00+00:00,latent_sar_max_wind_radii,Latent MLP · SAR · wind + radii,44.58313666449653,False,hourly mean,3
AL082025,Humberto (2025),with_era5,2025-09-29T22:00:00+00:00,latent_sar_max_wind_radii,Latent MLP · SAR · wind + radii,42.29636171129015,False,hourly mean,3
AL082025,Humberto (2025),with_era5,2025-09-29T23:00:00+00:00,latent_sar_max_wind_radii,Latent MLP · SAR · wind + radii,42.398786332872184,False,hourly mean,3
AL082025,Humberto (2025),with_era5,2025-09-30T00:00:00+00:00,latent_sar_max_wind_radii,Latent MLP · SAR · wind + radii,42.24311065673829,False,hourly mean,3
AL082025,Humberto (2025),with_era5,2025-09-30T01:00:00+00:00,latent_sar_max_wind_radii,Latent MLP · SAR · wind + radii,41.99748208787707,False,hourly mean,3
AL082025,Humberto (2025),with_era5,2025-09-30T02:00:00+00:00,latent_sar_max_wind_radii,Latent MLP · SAR · wind + radii,40.82287809583877,False,hourly mean,3
AL082025,Humberto (2025),with_era5,2025-09-30T03:00:00+00:00,latent_sar_max_wind_radii,Latent MLP · SAR · wind + radii,40.25200271606446,False,hourly mean,3
AL082025,Humberto (2025),with_era5,2025-09-30T04:00:00+00:00,latent_sar_max_wind_radii,Latent MLP · SAR · wind + radii,39.89317491319445,False,hourly mean,3
AL082025,Humberto (2025),with_era5,2025-09-30T05:00:00+00:00,latent_sar_max_wind_radii,Latent MLP · SAR · wind + radii,40.50740178426107,False,hourly mean,3
AL082025,Humberto (2025),with_era5,2025-09-30T06:00:00+00:00,latent_sar_max_wind_radii,Latent MLP · SAR · wind + radii,40.565752877129455,False,hourly mean,3
AL082025,Humberto (2025),with_era5,2025-09-30T07:00:00+00:00,latent_sar_max_wind_radii,Latent MLP · SAR · wind + radii,40.33071857028538,False,hourly mean,3
AL082025,Humberto (2025),with_era5,2025-09-30T08:00:00+00:00,latent_sar_max_wind_radii,Latent MLP · SAR · wind + radii,38.96751679314508,False,hourly mean,3
AL082025,Humberto (2025),with_era5,2025-09-30T09:00:00+00:00,latent_sar_max_wind_radii,Latent MLP · SAR · wind + radii,37.85387903849284,False,hourly mean,3
AL082025,Humberto (2025),with_era5,2025-09-30T10:00:00+00:00,latent_sar_max_wind_radii,Latent MLP · SAR · wind + radii,36.91100964016385,False,hourly mean,3
AL082025,Humberto (2025),with_era5,2025-09-30T11:00:00+00:00,latent_sar_max_wind_radii,Latent MLP · SAR · wind + radii,36.96323284573025,False,hourly mean,3
AL082025,Humberto (2025),with_era5,2025-09-30T12:00:00+00:00,latent_sar_max_wind_radii,Latent MLP · SAR · wind + radii,37.338499069213874,False,hourly mean,3
AL082025,Humberto (2025),with_era5,2025-09-30T13:00:00+00:00,latent_sar_max_wind_radii,Latent MLP · SAR · wind + radii,37.91122923956977,False,hourly mean,3
AL082025,Humberto (2025),with_era5,2025-09-30T14:00:00+00:00,latent_sar_max_wind_radii,Latent MLP · SAR · wind + radii,38.67670758565268,False,hourly mean,3
AL082025,Humberto (2025),with_era5,2025-09-30T15:00:00+00:00,latent_sar_max_wind_radii,Latent MLP · SAR · wind + radii,39.0719091627333,False,hourly mean,3
AL082025,Humberto (2025),with_era5,2025-09-30T16:00:00+00:00,latent_sar_max_wind_radii,Latent MLP · SAR · wind + radii,39.21024788750543,False,hourly mean,3
AL082025,Humberto (2025),with_era5,2025-09-30T17:00:00+00:00,latent_sar_max_wind_radii,Latent MLP · SAR · wind + radii,39.09924104478625,False,hourly mean,3
AL082025,Humberto (2025),with_era5,2025-09-30T18:00:00+00:00,latent_sar_max_wind_radii,Latent MLP · SAR · wind + radii,38.57254367404514,False,hourly mean,3
AL082025,Humberto (2025),with_era5,2025-09-30T19:00:00+00:00,latent_sar_max_wind_radii,Latent MLP · SAR · wind + radii,37.99142477247451,False,hourly mean,3
AL082025,Humberto (2025),with_era5,2025-09-30T20:00:00+00:00,latent_sar_max_wind_radii,Latent MLP · SAR · wind + radii,37.90707715352377,False,hourly mean,3
AL082025,Humberto (2025),with_era5,2025-09-30T21:00:00+00:00,latent_sar_max_wind_radii,Latent MLP · SAR · wind + radii,38.146495819091804,False,hourly mean,3
AL082025,Humberto (2025),with_era5,2025-09-30T22:00:00+00:00,latent_sar_max_wind_radii,Latent MLP · SAR · wind + radii,38.29815419514974,False,hourly mean,3
AL082025,Humberto (2025),with_era5,2025-09-30T23:00:00+00:00,latent_sar_max_wind_radii,Latent MLP · SAR · wind + radii,38.04609993828668,False,hourly mean,3
AL082025,Humberto (2025),with_era5,2025-10-01T00:00:00+00:00,latent_sar_max_wind_radii,Latent MLP · SAR · wind + radii,37.68517935011122,False,hourly mean,3
AL082025,Humberto (2025),with_era5,2025-10-01T01:00:00+00:00,latent_sar_max_wind_radii,Latent MLP · SAR · wind + radii,37.322847323947485,False,hourly mean,3
AL082025,Humberto (2025),with_era5,2025-10-01T02:00:00+00:00,latent_sar_max_wind_radii,Latent MLP · SAR · wind + radii,41.437661064995666,False,hourly mean,3
AL082025,Humberto (2025),with_era5,2025-10-01T03:00:00+00:00,latent_sar_max_wind_radii,Latent MLP · SAR · wind + radii,46.0733502705892,False,hourly mean,3
AL082025,Humberto (2025),with_era5,2025-10-01T04:00:00+00:00,latent_sar_max_wind_radii,Latent MLP · SAR · wind + radii,51.130305608113616,False,hourly mean,3
AL082025,Humberto (2025),with_era5,2025-10-01T05:00:00+00:00,latent_sar_max_wind_radii,Latent MLP · SAR · wind + radii,51.49510002136231,False,hourly mean,3
AL082025,Humberto (2025),with_era5,2025-10-01T06:00:00+00:00,latent_sar_max_wind_radii,Latent MLP · SAR · wind + radii,50.90981313917373,False,hourly mean,3
AL082025,Humberto (2025),with_era5,2025-10-01T07:00:00+00:00,latent_sar_max_wind_radii,Latent MLP · SAR · wind + radii,49.1817544301351,False,hourly mean,3
AL082025,Humberto (2025),with_era5,2025-10-01T08:00:00+00:00,latent_sar_max_wind_radii,Latent MLP · SAR · wind + radii,46.41400421990289,False,hourly mean,3
AL082025,Humberto (2025),with_era5,2025-10-01T09:00:00+00:00,latent_sar_max_wind_radii,Latent MLP · SAR · wind + radii,43.865356869167755,False,hourly mean,3
AL082025,Humberto (2025),with_era5,2025-10-01T10:00:00+00:00,latent_sar_max_wind_radii,Latent MLP · SAR · wind + radii,42.11965009901259,False,hourly mean,3
AL082025,Humberto (2025),with_era5,2025-10-01T11:00:00+00:00,latent_sar_max_wind_radii,Latent MLP · SAR · wind + radii,41.727136611938484,False,hourly mean,3
AL082025,Humberto (2025),with_era5,2025-09-24T12:00:00+00:00,latent_no_sar_max_wind,Latent MLP · no SAR · wind only,24.86000680923462,False,hourly mean,3
AL082025,Humberto (2025),with_era5,2025-09-24T13:00:00+00:00,latent_no_sar_max_wind,Latent MLP · no SAR · wind only,24.373666021558975,False,hourly mean,3
AL082025,Humberto (2025),with_era5,2025-09-24T14:00:00+00:00,latent_no_sar_max_wind,Latent MLP · no SAR · wind only,24.144871817694774,False,hourly mean,3
AL082025,Humberto (2025),with_era5,2025-09-24T15:00:00+00:00,latent_no_sar_max_wind,Latent MLP · no SAR · wind only,23.734298176235626,False,hourly mean,3
AL082025,Humberto (2025),with_era5,2025-09-24T16:00:00+00:00,latent_no_sar_max_wind,Latent MLP · no SAR · wind only,23.404155095418293,False,hourly mean,3
AL082025,Humberto (2025),with_era5,2025-09-24T17:00:00+00:00,latent_no_sar_max_wind,Latent MLP · no SAR · wind only,22.531284544203015,False,hourly mean,3
AL082025,Humberto (2025),with_era5,2025-09-24T18:00:00+00:00,latent_no_sar_max_wind,Latent MLP · no SAR · wind only,22.331765386793347,False,hourly mean,3
AL082025,Humberto (2025),with_era5,2025-09-24T19:00:00+00:00,latent_no_sar_max_wind,Latent MLP · no SAR · wind only,22.393801159328888,False,hourly mean,3
AL082025,Humberto (2025),with_era5,2025-09-24T20:00:00+00:00,latent_no_sar_max_wind,Latent MLP · no SAR · wind only,22.874964078267414,False,hourly mean,3
AL082025,Humberto (2025),with_era5,2025-09-24T21:00:00+00:00,latent_no_sar_max_wind,Latent MLP · no SAR · wind only,22.94851779937744,False,hourly mean,3
AL082025,Humberto (2025),with_era5,2025-09-24T22:00:00+00:00,latent_no_sar_max_wind,Latent MLP · no SAR · wind only,23.051872465345596,False,hourly mean,3
AL082025,Humberto (2025),with_era5,2025-09-24T23:00:00+00:00,latent_no_sar_max_wind,Latent MLP · no SAR · wind only,23.08383231692844,False,hourly mean,3
AL082025,Humberto (2025),with_era5,2025-09-25T00:00:00+00:00,latent_no_sar_max_wind,Latent MLP · no SAR · wind only,23.012893676757812,False,hourly mean,3
AL082025,Humberto (2025),with_era5,2025-09-25T01:00:00+00:00,latent_no_sar_max_wind,Latent MLP · no SAR · wind only,23.18664190504286,False,hourly mean,3
AL082025,Humberto (2025),with_era5,2025-09-25T02:00:00+00:00,latent_no_sar_max_wind,Latent MLP · no SAR · wind only,23.852786805894638,False,hourly mean,3
AL082025,Humberto (2025),with_era5,2025-09-25T03:00:00+00:00,latent_no_sar_max_wind,Latent MLP · no SAR · wind only,24.13762103186713,False,hourly mean,3
AL082025,Humberto (2025),with_era5,2025-09-25T04:00:00+00:00,latent_no_sar_max_wind,Latent MLP · no SAR · wind only,24.083880106608074,False,hourly mean,3
AL082025,Humberto (2025),with_era5,2025-09-25T05:00:00+00:00,latent_no_sar_max_wind,Latent MLP · no SAR · wind only,23.29872555202908,False,hourly mean,3
AL082025,Humberto (2025),with_era5,2025-09-25T06:00:00+00:00,latent_no_sar_max_wind,Latent MLP · no SAR · wind only,22.964966350131565,False,hourly mean,3
AL082025,Humberto (2025),with_era5,2025-09-25T07:00:00+00:00,latent_no_sar_max_wind,Latent MLP · no SAR · wind only,23.27047824859619,False,hourly mean,3
AL082025,Humberto (2025),with_era5,2025-09-25T08:00:00+00:00,latent_no_sar_max_wind,Latent MLP · no SAR · wind only,24.95118522644043,False,hourly mean,3
AL082025,Humberto (2025),with_era5,2025-09-25T09:00:00+00:00,latent_no_sar_max_wind,Latent MLP · no SAR · wind only,25.98765034145779,False,hourly mean,3
AL082025,Humberto (2025),with_era5,2025-09-25T10:00:00+00:00,latent_no_sar_max_wind,Latent MLP · no SAR · wind only,26.68576865726047,False,hourly mean,3
AL082025,Humberto (2025),with_era5,2025-09-25T11:00:00+00:00,latent_no_sar_max_wind,Latent MLP · no SAR · wind only,26.524603737725155,False,hourly mean,3
AL082025,Humberto (2025),with_era5,2025-09-25T12:00:00+00:00,latent_no_sar_max_wind,Latent MLP · no SAR · wind only,27.671655866834854,False,hourly mean,3
AL082025,Humberto (2025),with_era5,2025-09-25T13:00:00+00:00,latent_no_sar_max_wind,Latent MLP · no SAR · wind only,29.878778139750164,False,hourly mean,3
AL082025,Humberto (2025),with_era5,2025-09-25T14:00:00+00:00,latent_no_sar_max_wind,Latent MLP · no SAR · wind only,30.21293332841661,False,hourly mean,3
AL082025,Humberto (2025),with_era5,2025-09-25T15:00:00+00:00,latent_no_sar_max_wind,Latent MLP · no SAR · wind only,29.005989286634655,False,hourly mean,3
AL082025,Humberto (2025),with_era5,2025-09-25T16:00:00+00:00,latent_no_sar_max_wind,Latent MLP · no SAR · wind only,26.55173513624403,False,hourly mean,3
AL082025,Humberto (2025),with_era5,2025-09-25T17:00:00+00:00,latent_no_sar_max_wind,Latent MLP · no SAR · wind only,26.036991225348583,False,hourly mean,3
AL082025,Humberto (2025),with_era5,2025-09-25T18:00:00+00:00,latent_no_sar_max_wind,Latent MLP · no SAR · wind only,27.06995211707221,False,hourly mean,3
AL082025,Humberto (2025),with_era5,2025-09-25T19:00:00+00:00,latent_no_sar_max_wind,Latent MLP · no SAR · wind only,28.52187230851915,False,hourly mean,3
AL082025,Humberto (2025),with_era5,2025-09-25T20:00:00+00:00,latent_no_sar_max_wind,Latent MLP · no SAR · wind only,30.302559958563908,False,hourly mean,3
AL082025,Humberto (2025),with_era5,2025-09-25T21:00:00+00:00,latent_no_sar_max_wind,Latent MLP · no SAR · wind only,31.905485894944935,False,hourly mean,3
AL082025,Humberto (2025),with_era5,2025-09-25T22:00:00+00:00,latent_no_sar_max_wind,Latent MLP · no SAR · wind only,33.807106547885475,False,hourly mean,3
AL082025,Humberto (2025),with_era5,2025-09-25T23:00:00+00:00,latent_no_sar_max_wind,Latent MLP · no SAR · wind only,35.60281732347277,False,hourly mean,3
AL082025,Humberto (2025),with_era5,2025-09-26T00:00:00+00:00,latent_no_sar_max_wind,Latent MLP · no SAR · wind only,37.732566621568466,False,hourly mean,3
AL082025,Humberto (2025),with_era5,2025-09-26T01:00:00+00:00,latent_no_sar_max_wind,Latent MLP · no SAR · wind only,38.54749319288465,False,hourly mean,3
AL082025,Humberto (2025),with_era5,2025-09-26T02:00:00+00:00,latent_no_sar_max_wind,Latent MLP · no SAR · wind only,40.26727061801487,False,hourly mean,3
AL082025,Humberto (2025),with_era5,2025-09-26T03:00:00+00:00,latent_no_sar_max_wind,Latent MLP · no SAR · wind only,39.669467502170136,False,hourly mean,3
AL082025,Humberto (2025),with_era5,2025-09-26T04:00:00+00:00,latent_no_sar_max_wind,Latent MLP · no SAR · wind only,40.91385078430176,False,hourly mean,3
AL082025,Humberto (2025),with_era5,2025-09-26T05:00:00+00:00,latent_no_sar_max_wind,Latent MLP · no SAR · wind only,41.20112228393555,False,hourly mean,3
AL082025,Humberto (2025),with_era5,2025-09-26T06:00:00+00:00,latent_no_sar_max_wind,Latent MLP · no SAR · wind only,44.09986368815104,False,hourly mean,3
AL082025,Humberto (2025),with_era5,2025-09-26T07:00:00+00:00,latent_no_sar_max_wind,Latent MLP · no SAR · wind only,44.07572407192654,False,hourly mean,3
AL082025,Humberto (2025),with_era5,2025-09-26T08:00:00+00:00,latent_no_sar_max_wind,Latent MLP · no SAR · wind only,42.850578943888344,False,hourly mean,3
AL082025,Humberto (2025),with_era5,2025-09-26T09:00:00+00:00,latent_no_sar_max_wind,Latent MLP · no SAR · wind only,39.97921837700738,False,hourly mean,3
AL082025,Humberto (2025),with_era5,2025-09-26T10:00:00+00:00,latent_no_sar_max_wind,Latent MLP · no SAR · wind only,39.13163503011068,False,hourly mean,3
AL082025,Humberto (2025),with_era5,2025-09-26T11:00:00+00:00,latent_no_sar_max_wind,Latent MLP · no SAR · wind only,40.13270696004232,False,hourly mean,3
AL082025,Humberto (2025),with_era5,2025-09-26T12:00:00+00:00,latent_no_sar_max_wind,Latent MLP · no SAR · wind only,40.01058705647787,True,hourly mean,3
AL082025,Humberto (2025),with_era5,2025-09-26T13:00:00+00:00,latent_no_sar_max_wind,Latent MLP · no SAR · wind only,43.969144397311744,True,hourly mean,3
AL082025,Humberto (2025),with_era5,2025-09-26T14:00:00+00:00,latent_no_sar_max_wind,Latent MLP · no SAR · wind only,47.26420614454481,True,hourly mean,3
AL082025,Humberto (2025),with_era5,2025-09-26T15:00:00+00:00,latent_no_sar_max_wind,Latent MLP · no SAR · wind only,51.452488581339516,True,hourly mean,3
AL082025,Humberto (2025),with_era5,2025-09-26T16:00:00+00:00,latent_no_sar_max_wind,Latent MLP · no SAR · wind only,50.369663662380646,True,hourly mean,3
AL082025,Humberto (2025),with_era5,2025-09-26T17:00:00+00:00,latent_no_sar_max_wind,Latent MLP · no SAR · wind only,50.62214618259006,True,hourly mean,3
AL082025,Humberto (2025),with_era5,2025-09-26T18:00:00+00:00,latent_no_sar_max_wind,Latent MLP · no SAR · wind only,53.03461159600152,True,hourly mean,3
AL082025,Humberto (2025),with_era5,2025-09-26T19:00:00+00:00,latent_no_sar_max_wind,Latent MLP · no SAR · wind only,57.463160408867736,True,hourly mean,3
AL082025,Humberto (2025),with_era5,2025-09-26T20:00:00+00:00,latent_no_sar_max_wind,Latent MLP · no SAR · wind only,60.80939017401801,True,hourly mean,3
AL082025,Humberto (2025),with_era5,2025-09-26T21:00:00+00:00,latent_no_sar_max_wind,Latent MLP · no SAR · wind only,63.460619608561196,True,hourly mean,3
AL082025,Humberto (2025),with_era5,2025-09-26T22:00:00+00:00,latent_no_sar_max_wind,Latent MLP · no SAR · wind only,64.90908347235786,True,hourly mean,3
AL082025,Humberto (2025),with_era5,2025-09-26T23:00:00+00:00,latent_no_sar_max_wind,Latent MLP · no SAR · wind only,66.28345913357204,True,hourly mean,3
AL082025,Humberto (2025),with_era5,2025-09-27T00:00:00+00:00,latent_no_sar_max_wind,Latent MLP · no SAR · wind only,66.28238508436415,True,hourly mean,3
AL082025,Humberto (2025),with_era5,2025-09-27T01:00:00+00:00,latent_no_sar_max_wind,Latent MLP · no SAR · wind only,66.7261454264323,True,hourly mean,3
AL082025,Humberto (2025),with_era5,2025-09-27T02:00:00+00:00,latent_no_sar_max_wind,Latent MLP · no SAR · wind only,63.768298678927955,True,hourly mean,3
AL082025,Humberto (2025),with_era5,2025-09-27T03:00:00+00:00,latent_no_sar_max_wind,Latent MLP · no SAR · wind only,62.30761210123698,True,hourly mean,3
AL082025,Humberto (2025),with_era5,2025-09-27T04:00:00+00:00,latent_no_sar_max_wind,Latent MLP · no SAR · wind only,60.78420088026258,True,hourly mean,3
AL082025,Humberto (2025),with_era5,2025-09-27T05:00:00+00:00,latent_no_sar_max_wind,Latent MLP · no SAR · wind only,62.376633961995445,True,hourly mean,3
AL082025,Humberto (2025),with_era5,2025-09-27T06:00:00+00:00,latent_no_sar_max_wind,Latent MLP · no SAR · wind only,64.49140336778429,True,hourly mean,3
AL082025,Humberto (2025),with_era5,2025-09-27T07:00:00+00:00,latent_no_sar_max_wind,Latent MLP · no SAR · wind only,66.91891691419814,True,hourly mean,3
AL082025,Humberto (2025),with_era5,2025-09-27T08:00:00+00:00,latent_no_sar_max_wind,Latent MLP · no SAR · wind only,67.95190048217773,True,hourly mean,3
AL082025,Humberto (2025),with_era5,2025-09-27T09:00:00+00:00,latent_no_sar_max_wind,Latent MLP · no SAR · wind only,67.837888929579,True,hourly mean,3
AL082025,Humberto (2025),with_era5,2025-09-27T10:00:00+00:00,latent_no_sar_max_wind,Latent MLP · no SAR · wind only,66.49876276652019,True,hourly mean,3
AL082025,Humberto (2025),with_era5,2025-09-27T11:00:00+00:00,latent_no_sar_max_wind,Latent MLP · no SAR · wind only,66.15205807156033,True,hourly mean,3
AL082025,Humberto (2025),with_era5,2025-09-27T12:00:00+00:00,latent_no_sar_max_wind,Latent MLP · no SAR · wind only,65.61516274346246,True,hourly mean,3
AL082025,Humberto (2025),with_era5,2025-09-27T13:00:00+00:00,latent_no_sar_max_wind,Latent MLP · no SAR · wind only,65.79083675808376,True,hourly mean,3
AL082025,Humberto (2025),with_era5,2025-09-27T14:00:00+00:00,latent_no_sar_max_wind,Latent MLP · no SAR · wind only,64.70402230156792,True,hourly mean,3
AL082025,Humberto (2025),with_era5,2025-09-27T15:00:00+00:00,latent_no_sar_max_wind,Latent MLP · no SAR · wind only,62.24023861355251,True,hourly mean,3
AL082025,Humberto (2025),with_era5,2025-09-27T16:00:00+00:00,latent_no_sar_max_wind,Latent MLP · no SAR · wind only,61.09727350870768,True,hourly mean,3
AL082025,Humberto (2025),with_era5,2025-09-27T17:00:00+00:00,latent_no_sar_max_wind,Latent MLP · no SAR · wind only,62.117027282714844,True,hourly mean,3
AL082025,Humberto (2025),with_era5,2025-09-27T18:00:00+00:00,latent_no_sar_max_wind,Latent MLP · no SAR · wind only,65.74169201321071,True,hourly mean,3
AL082025,Humberto (2025),with_era5,2025-09-27T19:00:00+00:00,latent_no_sar_max_wind,Latent MLP · no SAR · wind only,68.98830922444661,True,hourly mean,3
AL082025,Humberto (2025),with_era5,2025-09-27T20:00:00+00:00,latent_no_sar_max_wind,Latent MLP · no SAR · wind only,71.97687954372832,True,hourly mean,3
AL082025,Humberto (2025),with_era5,2025-09-27T21:00:00+00:00,latent_no_sar_max_wind,Latent MLP · no SAR · wind only,73.94535022311742,True,hourly mean,3
AL082025,Humberto (2025),with_era5,2025-09-27T22:00:00+00:00,latent_no_sar_max_wind,Latent MLP · no SAR · wind only,74.58232413397894,True,hourly mean,3
AL082025,Humberto (2025),with_era5,2025-09-27T23:00:00+00:00,latent_no_sar_max_wind,Latent MLP · no SAR · wind only,74.13880030314127,False,hourly mean,3
AL082025,Humberto (2025),with_era5,2025-09-28T00:00:00+00:00,latent_no_sar_max_wind,Latent MLP · no SAR · wind only,73.39945560031467,False,hourly mean,3
AL082025,Humberto (2025),with_era5,2025-09-28T01:00:00+00:00,latent_no_sar_max_wind,Latent MLP · no SAR · wind only,73.11771223280164,False,hourly mean,3
AL082025,Humberto (2025),with_era5,2025-09-28T02:00:00+00:00,latent_no_sar_max_wind,Latent MLP · no SAR · wind only,73.31870693630641,False,hourly mean,3
AL082025,Humberto (2025),with_era5,2025-09-28T03:00:00+00:00,latent_no_sar_max_wind,Latent MLP · no SAR · wind only,73.57383516099718,False,hourly mean,3
AL082025,Humberto (2025),with_era5,2025-09-28T04:00:00+00:00,latent_no_sar_max_wind,Latent MLP · no SAR · wind only,73.35470708211263,False,hourly mean,3
AL082025,Humberto (2025),with_era5,2025-09-28T05:00:00+00:00,latent_no_sar_max_wind,Latent MLP · no SAR · wind only,72.91354412502713,False,hourly mean,3
AL082025,Humberto (2025),with_era5,2025-09-28T06:00:00+00:00,latent_no_sar_max_wind,Latent MLP · no SAR · wind only,71.91487587822807,False,hourly mean,3
AL082025,Humberto (2025),with_era5,2025-09-28T07:00:00+00:00,latent_no_sar_max_wind,Latent MLP · no SAR · wind only,70.70325809054903,False,hourly mean,3
AL082025,Humberto (2025),with_era5,2025-09-28T08:00:00+00:00,latent_no_sar_max_wind,Latent MLP · no SAR · wind only,69.12258402506511,False,hourly mean,3
AL082025,Humberto (2025),with_era5,2025-09-28T09:00:00+00:00,latent_no_sar_max_wind,Latent MLP · no SAR · wind only,66.70068401760525,False,hourly mean,3
AL082025,Humberto (2025),with_era5,2025-09-28T10:00:00+00:00,latent_no_sar_max_wind,Latent MLP · no SAR · wind only,63.925366719563804,False,hourly mean,3
AL082025,Humberto (2025),with_era5,2025-09-28T11:00:00+00:00,latent_no_sar_max_wind,Latent MLP · no SAR · wind only,60.176005045572914,False,hourly mean,3
AL082025,Humberto (2025),with_era5,2025-09-28T12:00:00+00:00,latent_no_sar_max_wind,Latent MLP · no SAR · wind only,57.47768529256185,False,hourly mean,3
AL082025,Humberto (2025),with_era5,2025-09-28T13:00:00+00:00,latent_no_sar_max_wind,Latent MLP · no SAR · wind only,55.9111287858751,False,hourly mean,3
AL082025,Humberto (2025),with_era5,2025-09-28T14:00:00+00:00,latent_no_sar_max_wind,Latent MLP · no SAR · wind only,57.232771767510314,False,hourly mean,3
AL082025,Humberto (2025),with_era5,2025-09-28T15:00:00+00:00,latent_no_sar_max_wind,Latent MLP · no SAR · wind only,58.14589034186469,False,hourly mean,3
AL082025,Humberto (2025),with_era5,2025-09-28T16:00:00+00:00,latent_no_sar_max_wind,Latent MLP · no SAR · wind only,59.694766998291016,False,hourly mean,3
AL082025,Humberto (2025),with_era5,2025-09-28T17:00:00+00:00,latent_no_sar_max_wind,Latent MLP · no SAR · wind only,60.69702911376953,False,hourly mean,3
AL082025,Humberto (2025),with_era5,2025-09-28T18:00:00+00:00,latent_no_sar_max_wind,Latent MLP · no SAR · wind only,62.196501837836365,False,hourly mean,3
AL082025,Humberto (2025),with_era5,2025-09-28T19:00:00+00:00,latent_no_sar_max_wind,Latent MLP · no SAR · wind only,63.859153747558594,False,hourly mean,3
AL082025,Humberto (2025),with_era5,2025-09-28T20:00:00+00:00,latent_no_sar_max_wind,Latent MLP · no SAR · wind only,66.51703601413304,False,hourly mean,3
AL082025,Humberto (2025),with_era5,2025-09-28T21:00:00+00:00,latent_no_sar_max_wind,Latent MLP · no SAR · wind only,69.59355756971571,False,hourly mean,3
AL082025,Humberto (2025),with_era5,2025-09-28T22:00:00+00:00,latent_no_sar_max_wind,Latent MLP · no SAR · wind only,71.51354471842448,False,hourly mean,3
AL082025,Humberto (2025),with_era5,2025-09-28T23:00:00+00:00,latent_no_sar_max_wind,Latent MLP · no SAR · wind only,71.5570937262641,False,hourly mean,3
AL082025,Humberto (2025),with_era5,2025-09-29T00:00:00+00:00,latent_no_sar_max_wind,Latent MLP · no SAR · wind only,69.05349773830838,False,hourly mean,3
AL082025,Humberto (2025),with_era5,2025-09-29T01:00:00+00:00,latent_no_sar_max_wind,Latent MLP · no SAR · wind only,64.30441241794163,False,hourly mean,3
AL082025,Humberto (2025),with_era5,2025-09-29T02:00:00+00:00,latent_no_sar_max_wind,Latent MLP · no SAR · wind only,61.87454054090713,False,hourly mean,3
AL082025,Humberto (2025),with_era5,2025-09-29T03:00:00+00:00,latent_no_sar_max_wind,Latent MLP · no SAR · wind only,61.20662392510308,False,hourly mean,3
AL082025,Humberto (2025),with_era5,2025-09-29T04:00:00+00:00,latent_no_sar_max_wind,Latent MLP · no SAR · wind only,64.73586230807834,False,hourly mean,3
AL082025,Humberto (2025),with_era5,2025-09-29T05:00:00+00:00,latent_no_sar_max_wind,Latent MLP · no SAR · wind only,65.38009982638889,False,hourly mean,3
AL082025,Humberto (2025),with_era5,2025-09-29T06:00:00+00:00,latent_no_sar_max_wind,Latent MLP · no SAR · wind only,64.62170028686523,False,hourly mean,3
AL082025,Humberto (2025),with_era5,2025-09-29T07:00:00+00:00,latent_no_sar_max_wind,Latent MLP · no SAR · wind only,59.95947456359863,False,hourly mean,3
AL082025,Humberto (2025),with_era5,2025-09-29T08:00:00+00:00,latent_no_sar_max_wind,Latent MLP · no SAR · wind only,58.34251425001356,False,hourly mean,3
AL082025,Humberto (2025),with_era5,2025-09-29T09:00:00+00:00,latent_no_sar_max_wind,Latent MLP · no SAR · wind only,55.939037746853295,False,hourly mean,3
AL082025,Humberto (2025),with_era5,2025-09-29T10:00:00+00:00,latent_no_sar_max_wind,Latent MLP · no SAR · wind only,53.87613593207465,False,hourly mean,3
AL082025,Humberto (2025),with_era5,2025-09-29T11:00:00+00:00,latent_no_sar_max_wind,Latent MLP · no SAR · wind only,49.675358666314025,False,hourly mean,3
AL082025,Humberto (2025),with_era5,2025-09-29T12:00:00+00:00,latent_no_sar_max_wind,Latent MLP · no SAR · wind only,48.30253813001844,False,hourly mean,3
AL082025,Humberto (2025),with_era5,2025-09-29T13:00:00+00:00,latent_no_sar_max_wind,Latent MLP · no SAR · wind only,48.313019010755745,False,hourly mean,3
AL082025,Humberto (2025),with_era5,2025-09-29T14:00:00+00:00,latent_no_sar_max_wind,Latent MLP · no SAR · wind only,46.636229832967125,False,hourly mean,3
AL082025,Humberto (2025),with_era5,2025-09-29T15:00:00+00:00,latent_no_sar_max_wind,Latent MLP · no SAR · wind only,44.443420834011505,False,hourly mean,3
AL082025,Humberto (2025),with_era5,2025-09-29T16:00:00+00:00,latent_no_sar_max_wind,Latent MLP · no SAR · wind only,42.76116922166613,False,hourly mean,3
AL082025,Humberto (2025),with_era5,2025-09-29T17:00:00+00:00,latent_no_sar_max_wind,Latent MLP · no SAR · wind only,42.79970571729873,False,hourly mean,3
AL082025,Humberto (2025),with_era5,2025-09-29T18:00:00+00:00,latent_no_sar_max_wind,Latent MLP · no SAR · wind only,43.515154944525825,False,hourly mean,3
AL082025,Humberto (2025),with_era5,2025-09-29T19:00:00+00:00,latent_no_sar_max_wind,Latent MLP · no SAR · wind only,44.48787392510309,False,hourly mean,3
AL082025,Humberto (2025),with_era5,2025-09-29T20:00:00+00:00,latent_no_sar_max_wind,Latent MLP · no SAR · wind only,44.056324852837456,False,hourly mean,3
AL082025,Humberto (2025),with_era5,2025-09-29T21:00:00+00:00,latent_no_sar_max_wind,Latent MLP · no SAR · wind only,44.001174502902565,False,hourly mean,3
AL082025,Humberto (2025),with_era5,2025-09-29T22:00:00+00:00,latent_no_sar_max_wind,Latent MLP · no SAR · wind only,43.5943972269694,False,hourly mean,3
AL082025,Humberto (2025),with_era5,2025-09-29T23:00:00+00:00,latent_no_sar_max_wind,Latent MLP · no SAR · wind only,44.58485836452908,False,hourly mean,3
AL082025,Humberto (2025),with_era5,2025-09-30T00:00:00+00:00,latent_no_sar_max_wind,Latent MLP · no SAR · wind only,45.49798689948187,False,hourly mean,3
AL082025,Humberto (2025),with_era5,2025-09-30T01:00:00+00:00,latent_no_sar_max_wind,Latent MLP · no SAR · wind only,46.75517463684082,False,hourly mean,3
AL082025,Humberto (2025),with_era5,2025-09-30T02:00:00+00:00,latent_no_sar_max_wind,Latent MLP · no SAR · wind only,43.15415075090197,False,hourly mean,3
AL082025,Humberto (2025),with_era5,2025-09-30T03:00:00+00:00,latent_no_sar_max_wind,Latent MLP · no SAR · wind only,41.72020562489828,False,hourly mean,3
AL082025,Humberto (2025),with_era5,2025-09-30T04:00:00+00:00,latent_no_sar_max_wind,Latent MLP · no SAR · wind only,40.69638941023084,False,hourly mean,3
AL082025,Humberto (2025),with_era5,2025-09-30T05:00:00+00:00,latent_no_sar_max_wind,Latent MLP · no SAR · wind only,44.18615531921387,False,hourly mean,3
AL082025,Humberto (2025),with_era5,2025-09-30T06:00:00+00:00,latent_no_sar_max_wind,Latent MLP · no SAR · wind only,44.83837784661187,False,hourly mean,3
AL082025,Humberto (2025),with_era5,2025-09-30T07:00:00+00:00,latent_no_sar_max_wind,Latent MLP · no SAR · wind only,44.50605943467881,False,hourly mean,3
AL082025,Humberto (2025),with_era5,2025-09-30T08:00:00+00:00,latent_no_sar_max_wind,Latent MLP · no SAR · wind only,40.23342259724935,False,hourly mean,3
AL082025,Humberto (2025),with_era5,2025-09-30T09:00:00+00:00,latent_no_sar_max_wind,Latent MLP · no SAR · wind only,36.77414042154948,False,hourly mean,3
AL082025,Humberto (2025),with_era5,2025-09-30T10:00:00+00:00,latent_no_sar_max_wind,Latent MLP · no SAR · wind only,31.667061657375758,False,hourly mean,3
AL082025,Humberto (2025),with_era5,2025-09-30T11:00:00+00:00,latent_no_sar_max_wind,Latent MLP · no SAR · wind only,30.89043602413601,False,hourly mean,3
AL082025,Humberto (2025),with_era5,2025-09-30T12:00:00+00:00,latent_no_sar_max_wind,Latent MLP · no SAR · wind only,30.773836347791885,False,hourly mean,3
AL082025,Humberto (2025),with_era5,2025-09-30T13:00:00+00:00,latent_no_sar_max_wind,Latent MLP · no SAR · wind only,34.24726804097494,False,hourly mean,3
AL082025,Humberto (2025),with_era5,2025-09-30T14:00:00+00:00,latent_no_sar_max_wind,Latent MLP · no SAR · wind only,36.39144526587592,False,hourly mean,3
AL082025,Humberto (2025),with_era5,2025-09-30T15:00:00+00:00,latent_no_sar_max_wind,Latent MLP · no SAR · wind only,36.73119523790148,False,hourly mean,3
AL082025,Humberto (2025),with_era5,2025-09-30T16:00:00+00:00,latent_no_sar_max_wind,Latent MLP · no SAR · wind only,34.02670330471462,False,hourly mean,3
AL082025,Humberto (2025),with_era5,2025-09-30T17:00:00+00:00,latent_no_sar_max_wind,Latent MLP · no SAR · wind only,31.557746251424152,False,hourly mean,3
AL082025,Humberto (2025),with_era5,2025-09-30T18:00:00+00:00,latent_no_sar_max_wind,Latent MLP · no SAR · wind only,28.706827481587727,False,hourly mean,3
AL082025,Humberto (2025),with_era5,2025-09-30T19:00:00+00:00,latent_no_sar_max_wind,Latent MLP · no SAR · wind only,26.97632620069716,False,hourly mean,3
AL082025,Humberto (2025),with_era5,2025-09-30T20:00:00+00:00,latent_no_sar_max_wind,Latent MLP · no SAR · wind only,27.655222680833603,False,hourly mean,3
AL082025,Humberto (2025),with_era5,2025-09-30T21:00:00+00:00,latent_no_sar_max_wind,Latent MLP · no SAR · wind only,29.208580017089844,False,hourly mean,3
AL082025,Humberto (2025),with_era5,2025-09-30T22:00:00+00:00,latent_no_sar_max_wind,Latent MLP · no SAR · wind only,31.288417286343048,False,hourly mean,3
AL082025,Humberto (2025),with_era5,2025-09-30T23:00:00+00:00,latent_no_sar_max_wind,Latent MLP · no SAR · wind only,31.480000856187612,False,hourly mean,3
AL082025,Humberto (2025),with_era5,2025-10-01T00:00:00+00:00,latent_no_sar_max_wind,Latent MLP · no SAR · wind only,32.011434173583986,False,hourly mean,3
AL082025,Humberto (2025),with_era5,2025-10-01T01:00:00+00:00,latent_no_sar_max_wind,Latent MLP · no SAR · wind only,32.672290844387476,False,hourly mean,3
AL082025,Humberto (2025),with_era5,2025-10-01T02:00:00+00:00,latent_no_sar_max_wind,Latent MLP · no SAR · wind only,37.84712346394857,False,hourly mean,3
AL082025,Humberto (2025),with_era5,2025-10-01T03:00:00+00:00,latent_no_sar_max_wind,Latent MLP · no SAR · wind only,44.26445939805772,False,hourly mean,3
AL082025,Humberto (2025),with_era5,2025-10-01T04:00:00+00:00,latent_no_sar_max_wind,Latent MLP · no SAR · wind only,51.24998346964518,False,hourly mean,3
AL082025,Humberto (2025),with_era5,2025-10-01T05:00:00+00:00,latent_no_sar_max_wind,Latent MLP · no SAR · wind only,53.47488106621637,False,hourly mean,3
AL082025,Humberto (2025),with_era5,2025-10-01T06:00:00+00:00,latent_no_sar_max_wind,Latent MLP · no SAR · wind only,51.74543846978082,False,hourly mean,3
AL082025,Humberto (2025),with_era5,2025-10-01T07:00:00+00:00,latent_no_sar_max_wind,Latent MLP · no SAR · wind only,48.68884107801649,False,hourly mean,3
AL082025,Humberto (2025),with_era5,2025-10-01T08:00:00+00:00,latent_no_sar_max_wind,Latent MLP · no SAR · wind only,44.57168960571289,False,hourly mean,3
AL082025,Humberto (2025),with_era5,2025-10-01T09:00:00+00:00,latent_no_sar_max_wind,Latent MLP · no SAR · wind only,41.95201428731283,False,hourly mean,3
AL082025,Humberto (2025),with_era5,2025-10-01T10:00:00+00:00,latent_no_sar_max_wind,Latent MLP · no SAR · wind only,38.50626797146267,False,hourly mean,3
AL082025,Humberto (2025),with_era5,2025-10-01T11:00:00+00:00,latent_no_sar_max_wind,Latent MLP · no SAR · wind only,37.03329213460286,False,hourly mean,3
AL082025,Humberto (2025),with_era5,2025-09-24T12:00:00+00:00,latent_no_sar_max_wind_radii,Latent MLP · no SAR · wind + radii,20.759074687957764,False,hourly mean,3
AL082025,Humberto (2025),with_era5,2025-09-24T13:00:00+00:00,latent_no_sar_max_wind_radii,Latent MLP · no SAR · wind + radii,20.459885491265194,False,hourly mean,3
AL082025,Humberto (2025),with_era5,2025-09-24T14:00:00+00:00,latent_no_sar_max_wind_radii,Latent MLP · no SAR · wind + radii,20.498079405890575,False,hourly mean,3
AL082025,Humberto (2025),with_era5,2025-09-24T15:00:00+00:00,latent_no_sar_max_wind_radii,Latent MLP · no SAR · wind + radii,20.921926498413086,False,hourly mean,3
AL082025,Humberto (2025),with_era5,2025-09-24T16:00:00+00:00,latent_no_sar_max_wind_radii,Latent MLP · no SAR · wind + radii,21.962080637613933,False,hourly mean,3
AL082025,Humberto (2025),with_era5,2025-09-24T17:00:00+00:00,latent_no_sar_max_wind_radii,Latent MLP · no SAR · wind + radii,22.538276460435654,False,hourly mean,3
AL082025,Humberto (2025),with_era5,2025-09-24T18:00:00+00:00,latent_no_sar_max_wind_radii,Latent MLP · no SAR · wind + radii,22.919936392042374,False,hourly mean,3
AL082025,Humberto (2025),with_era5,2025-09-24T19:00:00+00:00,latent_no_sar_max_wind_radii,Latent MLP · no SAR · wind + radii,22.652757432725693,False,hourly mean,3
AL082025,Humberto (2025),with_era5,2025-09-24T20:00:00+00:00,latent_no_sar_max_wind_radii,Latent MLP · no SAR · wind + radii,23.460482597351074,False,hourly mean,3
AL082025,Humberto (2025),with_era5,2025-09-24T21:00:00+00:00,latent_no_sar_max_wind_radii,Latent MLP · no SAR · wind + radii,23.750276883443195,False,hourly mean,3
AL082025,Humberto (2025),with_era5,2025-09-24T22:00:00+00:00,latent_no_sar_max_wind_radii,Latent MLP · no SAR · wind + radii,24.19598060184055,False,hourly mean,3
AL082025,Humberto (2025),with_era5,2025-09-24T23:00:00+00:00,latent_no_sar_max_wind_radii,Latent MLP · no SAR · wind + radii,23.924654006958008,False,hourly mean,3
AL082025,Humberto (2025),with_era5,2025-09-25T00:00:00+00:00,latent_no_sar_max_wind_radii,Latent MLP · no SAR · wind + radii,24.36186451382107,False,hourly mean,3
AL082025,Humberto (2025),with_era5,2025-09-25T01:00:00+00:00,latent_no_sar_max_wind_radii,Latent MLP · no SAR · wind + radii,24.795550028483074,False,hourly mean,3
AL082025,Humberto (2025),with_era5,2025-09-25T02:00:00+00:00,latent_no_sar_max_wind_radii,Latent MLP · no SAR · wind + radii,24.621025191413036,False,hourly mean,3
AL082025,Humberto (2025),with_era5,2025-09-25T03:00:00+00:00,latent_no_sar_max_wind_radii,Latent MLP · no SAR · wind + radii,24.469148953755695,False,hourly mean,3
AL082025,Humberto (2025),with_era5,2025-09-25T04:00:00+00:00,latent_no_sar_max_wind_radii,Latent MLP · no SAR · wind + radii,24.191761228773327,False,hourly mean,3
AL082025,Humberto (2025),with_era5,2025-09-25T05:00:00+00:00,latent_no_sar_max_wind_radii,Latent MLP · no SAR · wind + radii,24.44315030839708,False,hourly mean,3
AL082025,Humberto (2025),with_era5,2025-09-25T06:00:00+00:00,latent_no_sar_max_wind_radii,Latent MLP · no SAR · wind + radii,24.439252747429737,False,hourly mean,3
AL082025,Humberto (2025),with_era5,2025-09-25T07:00:00+00:00,latent_no_sar_max_wind_radii,Latent MLP · no SAR · wind + radii,24.75141493479411,False,hourly mean,3
AL082025,Humberto (2025),with_era5,2025-09-25T08:00:00+00:00,latent_no_sar_max_wind_radii,Latent MLP · no SAR · wind + radii,25.404108895195858,False,hourly mean,3
AL082025,Humberto (2025),with_era5,2025-09-25T09:00:00+00:00,latent_no_sar_max_wind_radii,Latent MLP · no SAR · wind + radii,25.612576802571613,False,hourly mean,3
AL082025,Humberto (2025),with_era5,2025-09-25T10:00:00+00:00,latent_no_sar_max_wind_radii,Latent MLP · no SAR · wind + radii,26.31407727135552,False,hourly mean,3
AL082025,Humberto (2025),with_era5,2025-09-25T11:00:00+00:00,latent_no_sar_max_wind_radii,Latent MLP · no SAR · wind + radii,26.74791261884901,False,hourly mean,3
AL082025,Humberto (2025),with_era5,2025-09-25T12:00:00+00:00,latent_no_sar_max_wind_radii,Latent MLP · no SAR · wind + radii,27.07567818959554,False,hourly mean,3
AL082025,Humberto (2025),with_era5,2025-09-25T13:00:00+00:00,latent_no_sar_max_wind_radii,Latent MLP · no SAR · wind + radii,26.53500525156657,False,hourly mean,3
AL082025,Humberto (2025),with_era5,2025-09-25T14:00:00+00:00,latent_no_sar_max_wind_radii,Latent MLP · no SAR · wind + radii,25.865877469380695,False,hourly mean,3
AL082025,Humberto (2025),with_era5,2025-09-25T15:00:00+00:00,latent_no_sar_max_wind_radii,Latent MLP · no SAR · wind + radii,25.645673539903427,False,hourly mean,3
AL082025,Humberto (2025),with_era5,2025-09-25T16:00:00+00:00,latent_no_sar_max_wind_radii,Latent MLP · no SAR · wind + radii,25.656298001607258,False,hourly mean,3
AL082025,Humberto (2025),with_era5,2025-09-25T17:00:00+00:00,latent_no_sar_max_wind_radii,Latent MLP · no SAR · wind + radii,26.50594096713596,False,hourly mean,3
AL082025,Humberto (2025),with_era5,2025-09-25T18:00:00+00:00,latent_no_sar_max_wind_radii,Latent MLP · no SAR · wind + radii,28.11795912848579,False,hourly mean,3
AL082025,Humberto (2025),with_era5,2025-09-25T19:00:00+00:00,latent_no_sar_max_wind_radii,Latent MLP · no SAR · wind + radii,30.01089011298286,False,hourly mean,3
AL082025,Humberto (2025),with_era5,2025-09-25T20:00:00+00:00,latent_no_sar_max_wind_radii,Latent MLP · no SAR · wind + radii,32.30207951863607,False,hourly mean,3
AL082025,Humberto (2025),with_era5,2025-09-25T21:00:00+00:00,latent_no_sar_max_wind_radii,Latent MLP · no SAR · wind + radii,33.46382957034641,False,hourly mean,3
AL082025,Humberto (2025),with_era5,2025-09-25T22:00:00+00:00,latent_no_sar_max_wind_radii,Latent MLP · no SAR · wind + radii,33.7266665564643,False,hourly mean,3
AL082025,Humberto (2025),with_era5,2025-09-25T23:00:00+00:00,latent_no_sar_max_wind_radii,Latent MLP · no SAR · wind + radii,33.5830078125,False,hourly mean,3
AL082025,Humberto (2025),with_era5,2025-09-26T00:00:00+00:00,latent_no_sar_max_wind_radii,Latent MLP · no SAR · wind + radii,34.671356413099495,False,hourly mean,3
AL082025,Humberto (2025),with_era5,2025-09-26T01:00:00+00:00,latent_no_sar_max_wind_radii,Latent MLP · no SAR · wind + radii,37.08810297648112,False,hourly mean,3
AL082025,Humberto (2025),with_era5,2025-09-26T02:00:00+00:00,latent_no_sar_max_wind_radii,Latent MLP · no SAR · wind + radii,37.92178747389051,False,hourly mean,3
AL082025,Humberto (2025),with_era5,2025-09-26T03:00:00+00:00,latent_no_sar_max_wind_radii,Latent MLP · no SAR · wind + radii,36.59434021843804,False,hourly mean,3
AL082025,Humberto (2025),with_era5,2025-09-26T04:00:00+00:00,latent_no_sar_max_wind_radii,Latent MLP · no SAR · wind + radii,33.672890769110786,False,hourly mean,3
AL082025,Humberto (2025),with_era5,2025-09-26T05:00:00+00:00,latent_no_sar_max_wind_radii,Latent MLP · no SAR · wind + radii,32.89747683207194,False,hourly mean,3
AL082025,Humberto (2025),with_era5,2025-09-26T06:00:00+00:00,latent_no_sar_max_wind_radii,Latent MLP · no SAR · wind + radii,35.26015133327908,False,hourly mean,3
AL082025,Humberto (2025),with_era5,2025-09-26T07:00:00+00:00,latent_no_sar_max_wind_radii,Latent MLP · no SAR · wind + radii,37.22297265794543,False,hourly mean,3
AL082025,Humberto (2025),with_era5,2025-09-26T08:00:00+00:00,latent_no_sar_max_wind_radii,Latent MLP · no SAR · wind + radii,38.5991153717041,False,hourly mean,3
AL082025,Humberto (2025),with_era5,2025-09-26T09:00:00+00:00,latent_no_sar_max_wind_radii,Latent MLP · no SAR · wind + radii,36.51485400729709,False,hourly mean,3
AL082025,Humberto (2025),with_era5,2025-09-26T10:00:00+00:00,latent_no_sar_max_wind_radii,Latent MLP · no SAR · wind + radii,35.69008911980523,False,hourly mean,3
AL082025,Humberto (2025),with_era5,2025-09-26T11:00:00+00:00,latent_no_sar_max_wind_radii,Latent MLP · no SAR · wind + radii,34.61824395921496,False,hourly mean,3
AL082025,Humberto (2025),with_era5,2025-09-26T12:00:00+00:00,latent_no_sar_max_wind_radii,Latent MLP · no SAR · wind + radii,33.690886391533745,True,hourly mean,3
AL082025,Humberto (2025),with_era5,2025-09-26T13:00:00+00:00,latent_no_sar_max_wind_radii,Latent MLP · no SAR · wind + radii,35.63577185736762,True,hourly mean,3
AL082025,Humberto (2025),with_era5,2025-09-26T14:00:00+00:00,latent_no_sar_max_wind_radii,Latent MLP · no SAR · wind + radii,39.72989018758138,True,hourly mean,3
AL082025,Humberto (2025),with_era5,2025-09-26T15:00:00+00:00,latent_no_sar_max_wind_radii,Latent MLP · no SAR · wind + radii,43.95818667941624,True,hourly mean,3
AL082025,Humberto (2025),with_era5,2025-09-26T16:00:00+00:00,latent_no_sar_max_wind_radii,Latent MLP · no SAR · wind + radii,45.774645063612205,True,hourly mean,3
AL082025,Humberto (2025),with_era5,2025-09-26T17:00:00+00:00,latent_no_sar_max_wind_radii,Latent MLP · no SAR · wind + radii,46.33700540330674,True,hourly mean,3
AL082025,Humberto (2025),with_era5,2025-09-26T18:00:00+00:00,latent_no_sar_max_wind_radii,Latent MLP · no SAR · wind + radii,48.306095123291016,True,hourly mean,3
AL082025,Humberto (2025),with_era5,2025-09-26T19:00:00+00:00,latent_no_sar_max_wind_radii,Latent MLP · no SAR · wind + radii,51.704148610432945,True,hourly mean,3
AL082025,Humberto (2025),with_era5,2025-09-26T20:00:00+00:00,latent_no_sar_max_wind_radii,Latent MLP · no SAR · wind + radii,53.88055737813314,True,hourly mean,3
AL082025,Humberto (2025),with_era5,2025-09-26T21:00:00+00:00,latent_no_sar_max_wind_radii,Latent MLP · no SAR · wind + radii,57.305251651340065,True,hourly mean,3
AL082025,Humberto (2025),with_era5,2025-09-26T22:00:00+00:00,latent_no_sar_max_wind_radii,Latent MLP · no SAR · wind + radii,59.28891033596463,True,hourly mean,3
AL082025,Humberto (2025),with_era5,2025-09-26T23:00:00+00:00,latent_no_sar_max_wind_radii,Latent MLP · no SAR · wind + radii,61.978402879503044,True,hourly mean,3
AL082025,Humberto (2025),with_era5,2025-09-27T00:00:00+00:00,latent_no_sar_max_wind_radii,Latent MLP · no SAR · wind + radii,63.41867044236924,True,hourly mean,3
AL082025,Humberto (2025),with_era5,2025-09-27T01:00:00+00:00,latent_no_sar_max_wind_radii,Latent MLP · no SAR · wind + radii,64.81321695115831,True,hourly mean,3
AL082025,Humberto (2025),with_era5,2025-09-27T02:00:00+00:00,latent_no_sar_max_wind_radii,Latent MLP · no SAR · wind + radii,63.298820283677834,True,hourly mean,3
AL082025,Humberto (2025),with_era5,2025-09-27T03:00:00+00:00,latent_no_sar_max_wind_radii,Latent MLP · no SAR · wind + radii,62.44855033026801,True,hourly mean,3
AL082025,Humberto (2025),with_era5,2025-09-27T04:00:00+00:00,latent_no_sar_max_wind_radii,Latent MLP · no SAR · wind + radii,61.04060808817545,True,hourly mean,3
AL082025,Humberto (2025),with_era5,2025-09-27T05:00:00+00:00,latent_no_sar_max_wind_radii,Latent MLP · no SAR · wind + radii,61.351591957939995,True,hourly mean,3
AL082025,Humberto (2025),with_era5,2025-09-27T06:00:00+00:00,latent_no_sar_max_wind_radii,Latent MLP · no SAR · wind + radii,61.639667299058694,True,hourly mean,3
AL082025,Humberto (2025),with_era5,2025-09-27T07:00:00+00:00,latent_no_sar_max_wind_radii,Latent MLP · no SAR · wind + radii,62.53842904832627,True,hourly mean,3
AL082025,Humberto (2025),with_era5,2025-09-27T08:00:00+00:00,latent_no_sar_max_wind_radii,Latent MLP · no SAR · wind + radii,62.91315566168891,True,hourly mean,3
AL082025,Humberto (2025),with_era5,2025-09-27T09:00:00+00:00,latent_no_sar_max_wind_radii,Latent MLP · no SAR · wind + radii,62.543851428561744,True,hourly mean,3
AL082025,Humberto (2025),with_era5,2025-09-27T10:00:00+00:00,latent_no_sar_max_wind_radii,Latent MLP · no SAR · wind + radii,61.80171012878418,True,hourly mean,3
AL082025,Humberto (2025),with_era5,2025-09-27T11:00:00+00:00,latent_no_sar_max_wind_radii,Latent MLP · no SAR · wind + radii,61.07926029629178,True,hourly mean,3
AL082025,Humberto (2025),with_era5,2025-09-27T12:00:00+00:00,latent_no_sar_max_wind_radii,Latent MLP · no SAR · wind + radii,60.51250775655111,True,hourly mean,3
AL082025,Humberto (2025),with_era5,2025-09-27T13:00:00+00:00,latent_no_sar_max_wind_radii,Latent MLP · no SAR · wind + radii,60.75607575310601,True,hourly mean,3
AL082025,Humberto (2025),with_era5,2025-09-27T14:00:00+00:00,latent_no_sar_max_wind_radii,Latent MLP · no SAR · wind + radii,61.745420879787865,True,hourly mean,3
AL082025,Humberto (2025),with_era5,2025-09-27T15:00:00+00:00,latent_no_sar_max_wind_radii,Latent MLP · no SAR · wind + radii,61.58356221516927,True,hourly mean,3
AL082025,Humberto (2025),with_era5,2025-09-27T16:00:00+00:00,latent_no_sar_max_wind_radii,Latent MLP · no SAR · wind + radii,60.350150002373596,True,hourly mean,3
AL082025,Humberto (2025),with_era5,2025-09-27T17:00:00+00:00,latent_no_sar_max_wind_radii,Latent MLP · no SAR · wind + radii,59.841346528795036,True,hourly mean,3
AL082025,Humberto (2025),with_era5,2025-09-27T18:00:00+00:00,latent_no_sar_max_wind_radii,Latent MLP · no SAR · wind + radii,60.96173074510363,True,hourly mean,3
AL082025,Humberto (2025),with_era5,2025-09-27T19:00:00+00:00,latent_no_sar_max_wind_radii,Latent MLP · no SAR · wind + radii,63.06440099080404,True,hourly mean,3
AL082025,Humberto (2025),with_era5,2025-09-27T20:00:00+00:00,latent_no_sar_max_wind_radii,Latent MLP · no SAR · wind + radii,66.77874374389648,True,hourly mean,3
AL082025,Humberto (2025),with_era5,2025-09-27T21:00:00+00:00,latent_no_sar_max_wind_radii,Latent MLP · no SAR · wind + radii,70.04712253146701,True,hourly mean,3
AL082025,Humberto (2025),with_era5,2025-09-27T22:00:00+00:00,latent_no_sar_max_wind_radii,Latent MLP · no SAR · wind + radii,72.03464974297417,True,hourly mean,3
AL082025,Humberto (2025),with_era5,2025-09-27T23:00:00+00:00,latent_no_sar_max_wind_radii,Latent MLP · no SAR · wind + radii,71.80660883585612,False,hourly mean,3
AL082025,Humberto (2025),with_era5,2025-09-28T00:00:00+00:00,latent_no_sar_max_wind_radii,Latent MLP · no SAR · wind + radii,72.05461459689671,False,hourly mean,3
AL082025,Humberto (2025),with_era5,2025-09-28T01:00:00+00:00,latent_no_sar_max_wind_radii,Latent MLP · no SAR · wind + radii,73.23538801405165,False,hourly mean,3
AL082025,Humberto (2025),with_era5,2025-09-28T02:00:00+00:00,latent_no_sar_max_wind_radii,Latent MLP · no SAR · wind + radii,74.90753343370226,False,hourly mean,3
AL082025,Humberto (2025),with_era5,2025-09-28T03:00:00+00:00,latent_no_sar_max_wind_radii,Latent MLP · no SAR · wind + radii,75.96197297837999,False,hourly mean,3
AL082025,Humberto (2025),with_era5,2025-09-28T04:00:00+00:00,latent_no_sar_max_wind_radii,Latent MLP · no SAR · wind + radii,75.3806898328993,False,hourly mean,3
AL082025,Humberto (2025),with_era5,2025-09-28T05:00:00+00:00,latent_no_sar_max_wind_radii,Latent MLP · no SAR · wind + radii,73.80498462253146,False,hourly mean,3
AL082025,Humberto (2025),with_era5,2025-09-28T06:00:00+00:00,latent_no_sar_max_wind_radii,Latent MLP · no SAR · wind + radii,71.75929472181532,False,hourly mean,3
AL082025,Humberto (2025),with_era5,2025-09-28T07:00:00+00:00,latent_no_sar_max_wind_radii,Latent MLP · no SAR · wind + radii,70.50637520684135,False,hourly mean,3
AL082025,Humberto (2025),with_era5,2025-09-28T08:00:00+00:00,latent_no_sar_max_wind_radii,Latent MLP · no SAR · wind + radii,69.2178332010905,False,hourly mean,3
AL082025,Humberto (2025),with_era5,2025-09-28T09:00:00+00:00,latent_no_sar_max_wind_radii,Latent MLP · no SAR · wind + radii,67.23042911953395,False,hourly mean,3
AL082025,Humberto (2025),with_era5,2025-09-28T10:00:00+00:00,latent_no_sar_max_wind_radii,Latent MLP · no SAR · wind + radii,66.08415773179796,False,hourly mean,3
AL082025,Humberto (2025),with_era5,2025-09-28T11:00:00+00:00,latent_no_sar_max_wind_radii,Latent MLP · no SAR · wind + radii,63.98016442192925,False,hourly mean,3
AL082025,Humberto (2025),with_era5,2025-09-28T12:00:00+00:00,latent_no_sar_max_wind_radii,Latent MLP · no SAR · wind + radii,63.26854854159885,False,hourly mean,3
AL082025,Humberto (2025),with_era5,2025-09-28T13:00:00+00:00,latent_no_sar_max_wind_radii,Latent MLP · no SAR · wind + radii,62.915413114759666,False,hourly mean,3
AL082025,Humberto (2025),with_era5,2025-09-28T14:00:00+00:00,latent_no_sar_max_wind_radii,Latent MLP · no SAR · wind + radii,63.87978723314074,False,hourly mean,3
AL082025,Humberto (2025),with_era5,2025-09-28T15:00:00+00:00,latent_no_sar_max_wind_radii,Latent MLP · no SAR · wind + radii,63.710621727837456,False,hourly mean,3
AL082025,Humberto (2025),with_era5,2025-09-28T16:00:00+00:00,latent_no_sar_max_wind_radii,Latent MLP · no SAR · wind + radii,62.24252552456326,False,hourly mean,3
AL082025,Humberto (2025),with_era5,2025-09-28T17:00:00+00:00,latent_no_sar_max_wind_radii,Latent MLP · no SAR · wind + radii,61.82443406846789,False,hourly mean,3
AL082025,Humberto (2025),with_era5,2025-09-28T18:00:00+00:00,latent_no_sar_max_wind_radii,Latent MLP · no SAR · wind + radii,61.63304583231609,False,hourly mean,3
AL082025,Humberto (2025),with_era5,2025-09-28T19:00:00+00:00,latent_no_sar_max_wind_radii,Latent MLP · no SAR · wind + radii,62.54460334777833,False,hourly mean,3
AL082025,Humberto (2025),with_era5,2025-09-28T20:00:00+00:00,latent_no_sar_max_wind_radii,Latent MLP · no SAR · wind + radii,64.47987704806859,False,hourly mean,3
AL082025,Humberto (2025),with_era5,2025-09-28T21:00:00+00:00,latent_no_sar_max_wind_radii,Latent MLP · no SAR · wind + radii,66.83615769280327,False,hourly mean,3
AL082025,Humberto (2025),with_era5,2025-09-28T22:00:00+00:00,latent_no_sar_max_wind_radii,Latent MLP · no SAR · wind + radii,68.1787552303738,False,hourly mean,3
AL082025,Humberto (2025),with_era5,2025-09-28T23:00:00+00:00,latent_no_sar_max_wind_radii,Latent MLP · no SAR · wind + radii,67.62564828660753,False,hourly mean,3
AL082025,Humberto (2025),with_era5,2025-09-29T00:00:00+00:00,latent_no_sar_max_wind_radii,Latent MLP · no SAR · wind + radii,65.97273106045193,False,hourly mean,3
AL082025,Humberto (2025),with_era5,2025-09-29T01:00:00+00:00,latent_no_sar_max_wind_radii,Latent MLP · no SAR · wind + radii,63.47183418273926,False,hourly mean,3
AL082025,Humberto (2025),with_era5,2025-09-29T02:00:00+00:00,latent_no_sar_max_wind_radii,Latent MLP · no SAR · wind + radii,60.514835145738395,False,hourly mean,3
AL082025,Humberto (2025),with_era5,2025-09-29T03:00:00+00:00,latent_no_sar_max_wind_radii,Latent MLP · no SAR · wind + radii,58.224961598714195,False,hourly mean,3
AL082025,Humberto (2025),with_era5,2025-09-29T04:00:00+00:00,latent_no_sar_max_wind_radii,Latent MLP · no SAR · wind + radii,58.325710932413735,False,hourly mean,3
AL082025,Humberto (2025),with_era5,2025-09-29T05:00:00+00:00,latent_no_sar_max_wind_radii,Latent MLP · no SAR · wind + radii,58.34748140970867,False,hourly mean,3
AL082025,Humberto (2025),with_era5,2025-09-29T06:00:00+00:00,latent_no_sar_max_wind_radii,Latent MLP · no SAR · wind + radii,58.264064576890746,False,hourly mean,3
AL082025,Humberto (2025),with_era5,2025-09-29T07:00:00+00:00,latent_no_sar_max_wind_radii,Latent MLP · no SAR · wind + radii,57.31734254625109,False,hourly mean,3
AL082025,Humberto (2025),with_era5,2025-09-29T08:00:00+00:00,latent_no_sar_max_wind_radii,Latent MLP · no SAR · wind + radii,57.189306683010535,False,hourly mean,3
AL082025,Humberto (2025),with_era5,2025-09-29T09:00:00+00:00,latent_no_sar_max_wind_radii,Latent MLP · no SAR · wind + radii,57.99211608039008,False,hourly mean,3
AL082025,Humberto (2025),with_era5,2025-09-29T10:00:00+00:00,latent_no_sar_max_wind_radii,Latent MLP · no SAR · wind + radii,57.35361268785265,False,hourly mean,3
AL082025,Humberto (2025),with_era5,2025-09-29T11:00:00+00:00,latent_no_sar_max_wind_radii,Latent MLP · no SAR · wind + radii,55.8561617533366,False,hourly mean,3
AL082025,Humberto (2025),with_era5,2025-09-29T12:00:00+00:00,latent_no_sar_max_wind_radii,Latent MLP · no SAR · wind + radii,54.552328745524086,False,hourly mean,3
AL082025,Humberto (2025),with_era5,2025-09-29T13:00:00+00:00,latent_no_sar_max_wind_radii,Latent MLP · no SAR · wind + radii,54.95912912156847,False,hourly mean,3
AL082025,Humberto (2025),with_era5,2025-09-29T14:00:00+00:00,latent_no_sar_max_wind_radii,Latent MLP · no SAR · wind + radii,52.25580151875814,False,hourly mean,3
AL082025,Humberto (2025),with_era5,2025-09-29T15:00:00+00:00,latent_no_sar_max_wind_radii,Latent MLP · no SAR · wind + radii,49.078332053290474,False,hourly mean,3
AL082025,Humberto (2025),with_era5,2025-09-29T16:00:00+00:00,latent_no_sar_max_wind_radii,Latent MLP · no SAR · wind + radii,46.157545301649314,False,hourly mean,3
AL082025,Humberto (2025),with_era5,2025-09-29T17:00:00+00:00,latent_no_sar_max_wind_radii,Latent MLP · no SAR · wind + radii,47.057129118177635,False,hourly mean,3
AL082025,Humberto (2025),with_era5,2025-09-29T18:00:00+00:00,latent_no_sar_max_wind_radii,Latent MLP · no SAR · wind + radii,48.86564742194282,False,hourly mean,3
AL082025,Humberto (2025),with_era5,2025-09-29T19:00:00+00:00,latent_no_sar_max_wind_radii,Latent MLP · no SAR · wind + radii,50.46186171637641,False,hourly mean,3
AL082025,Humberto (2025),with_era5,2025-09-29T20:00:00+00:00,latent_no_sar_max_wind_radii,Latent MLP · no SAR · wind + radii,48.82318369547526,False,hourly mean,3
AL082025,Humberto (2025),with_era5,2025-09-29T21:00:00+00:00,latent_no_sar_max_wind_radii,Latent MLP · no SAR · wind + radii,47.10027885437012,False,hourly mean,3
AL082025,Humberto (2025),with_era5,2025-09-29T22:00:00+00:00,latent_no_sar_max_wind_radii,Latent MLP · no SAR · wind + radii,45.07610935635037,False,hourly mean,3
AL082025,Humberto (2025),with_era5,2025-09-29T23:00:00+00:00,latent_no_sar_max_wind_radii,Latent MLP · no SAR · wind + radii,46.38476668463813,False,hourly mean,3
AL082025,Humberto (2025),with_era5,2025-09-30T00:00:00+00:00,latent_no_sar_max_wind_radii,Latent MLP · no SAR · wind + radii,47.67563056945801,False,hourly mean,3
AL082025,Humberto (2025),with_era5,2025-09-30T01:00:00+00:00,latent_no_sar_max_wind_radii,Latent MLP · no SAR · wind + radii,48.420310974121094,False,hourly mean,3
AL082025,Humberto (2025),with_era5,2025-09-30T02:00:00+00:00,latent_no_sar_max_wind_radii,Latent MLP · no SAR · wind + radii,44.41998545328777,False,hourly mean,3
AL082025,Humberto (2025),with_era5,2025-09-30T03:00:00+00:00,latent_no_sar_max_wind_radii,Latent MLP · no SAR · wind + radii,42.59926711188423,False,hourly mean,3
AL082025,Humberto (2025),with_era5,2025-09-30T04:00:00+00:00,latent_no_sar_max_wind_radii,Latent MLP · no SAR · wind + radii,42.93086793687609,False,hourly mean,3
AL082025,Humberto (2025),with_era5,2025-09-30T05:00:00+00:00,latent_no_sar_max_wind_radii,Latent MLP · no SAR · wind + radii,47.623055564032676,False,hourly mean,3
AL082025,Humberto (2025),with_era5,2025-09-30T06:00:00+00:00,latent_no_sar_max_wind_radii,Latent MLP · no SAR · wind + radii,48.60894563463,False,hourly mean,3
AL082025,Humberto (2025),with_era5,2025-09-30T07:00:00+00:00,latent_no_sar_max_wind_radii,Latent MLP · no SAR · wind + radii,47.05073250664606,False,hourly mean,3
AL082025,Humberto (2025),with_era5,2025-09-30T08:00:00+00:00,latent_no_sar_max_wind_radii,Latent MLP · no SAR · wind + radii,39.620054244995124,False,hourly mean,3
AL082025,Humberto (2025),with_era5,2025-09-30T09:00:00+00:00,latent_no_sar_max_wind_radii,Latent MLP · no SAR · wind + radii,33.99589686923557,False,hourly mean,3
AL082025,Humberto (2025),with_era5,2025-09-30T10:00:00+00:00,latent_no_sar_max_wind_radii,Latent MLP · no SAR · wind + radii,28.970235718621154,False,hourly mean,3
AL082025,Humberto (2025),with_era5,2025-09-30T11:00:00+00:00,latent_no_sar_max_wind_radii,Latent MLP · no SAR · wind + radii,30.0962167316013,False,hourly mean,3
AL082025,Humberto (2025),with_era5,2025-09-30T12:00:00+00:00,latent_no_sar_max_wind_radii,Latent MLP · no SAR · wind + radii,33.027654329935714,False,hourly mean,3
AL082025,Humberto (2025),with_era5,2025-09-30T13:00:00+00:00,latent_no_sar_max_wind_radii,Latent MLP · no SAR · wind + radii,36.44379827711318,False,hourly mean,3
AL082025,Humberto (2025),with_era5,2025-09-30T14:00:00+00:00,latent_no_sar_max_wind_radii,Latent MLP · no SAR · wind + radii,39.426518334282775,False,hourly mean,3
AL082025,Humberto (2025),with_era5,2025-09-30T15:00:00+00:00,latent_no_sar_max_wind_radii,Latent MLP · no SAR · wind + radii,38.837180667453346,False,hourly mean,3
AL082025,Humberto (2025),with_era5,2025-09-30T16:00:00+00:00,latent_no_sar_max_wind_radii,Latent MLP · no SAR · wind + radii,37.023512522379555,False,hourly mean,3
AL082025,Humberto (2025),with_era5,2025-09-30T17:00:00+00:00,latent_no_sar_max_wind_radii,Latent MLP · no SAR · wind + radii,33.16379197438558,False,hourly mean,3
AL082025,Humberto (2025),with_era5,2025-09-30T18:00:00+00:00,latent_no_sar_max_wind_radii,Latent MLP · no SAR · wind + radii,29.39073541429308,False,hourly mean,3
AL082025,Humberto (2025),with_era5,2025-09-30T19:00:00+00:00,latent_no_sar_max_wind_radii,Latent MLP · no SAR · wind + radii,27.027736133999298,False,hourly mean,3
AL082025,Humberto (2025),with_era5,2025-09-30T20:00:00+00:00,latent_no_sar_max_wind_radii,Latent MLP · no SAR · wind + radii,30.727126227484813,False,hourly mean,3
AL082025,Humberto (2025),with_era5,2025-09-30T21:00:00+00:00,latent_no_sar_max_wind_radii,Latent MLP · no SAR · wind + radii,33.59377808041043,False,hourly mean,3
AL082025,Humberto (2025),with_era5,2025-09-30T22:00:00+00:00,latent_no_sar_max_wind_radii,Latent MLP · no SAR · wind + radii,34.23693953620064,False,hourly mean,3
AL082025,Humberto (2025),with_era5,2025-09-30T23:00:00+00:00,latent_no_sar_max_wind_radii,Latent MLP · no SAR · wind + radii,31.263291083441846,False,hourly mean,3
AL082025,Humberto (2025),with_era5,2025-10-01T00:00:00+00:00,latent_no_sar_max_wind_radii,Latent MLP · no SAR · wind + radii,29.634876717461484,False,hourly mean,3
AL082025,Humberto (2025),with_era5,2025-10-01T01:00:00+00:00,latent_no_sar_max_wind_radii,Latent MLP · no SAR · wind + radii,29.482375081380212,False,hourly mean,3
AL082025,Humberto (2025),with_era5,2025-10-01T02:00:00+00:00,latent_no_sar_max_wind_radii,Latent MLP · no SAR · wind + radii,36.22216860453288,False,hourly mean,3
AL082025,Humberto (2025),with_era5,2025-10-01T03:00:00+00:00,latent_no_sar_max_wind_radii,Latent MLP · no SAR · wind + radii,43.650672700670036,False,hourly mean,3
AL082025,Humberto (2025),with_era5,2025-10-01T04:00:00+00:00,latent_no_sar_max_wind_radii,Latent MLP · no SAR · wind + radii,52.503635830349396,False,hourly mean,3
AL082025,Humberto (2025),with_era5,2025-10-01T05:00:00+00:00,latent_no_sar_max_wind_radii,Latent MLP · no SAR · wind + radii,53.246721055772575,False,hourly mean,3
AL082025,Humberto (2025),with_era5,2025-10-01T06:00:00+00:00,latent_no_sar_max_wind_radii,Latent MLP · no SAR · wind + radii,51.45024956597223,False,hourly mean,3
AL082025,Humberto (2025),with_era5,2025-10-01T07:00:00+00:00,latent_no_sar_max_wind_radii,Latent MLP · no SAR · wind + radii,48.24621687995063,False,hourly mean,3
AL082025,Humberto (2025),with_era5,2025-10-01T08:00:00+00:00,latent_no_sar_max_wind_radii,Latent MLP · no SAR · wind + radii,45.130502700805664,False,hourly mean,3
AL082025,Humberto (2025),with_era5,2025-10-01T09:00:00+00:00,latent_no_sar_max_wind_radii,Latent MLP · no SAR · wind + radii,42.8975764380561,False,hourly mean,3
AL082025,Humberto (2025),with_era5,2025-10-01T10:00:00+00:00,latent_no_sar_max_wind_radii,Latent MLP · no SAR · wind + radii,39.599339803059905,False,hourly mean,3
AL082025,Humberto (2025),with_era5,2025-10-01T11:00:00+00:00,latent_no_sar_max_wind_radii,Latent MLP · no SAR · wind + radii,37.73605314890545,False,hourly mean,3
AL082025,Humberto (2025),without_era5,2025-09-24T12:00:00+00:00,ibtracs_best_track,IBTrACS best track,18.00554,False,hourly mean,3
AL082025,Humberto (2025),without_era5,2025-09-24T13:00:00+00:00,ibtracs_best_track,IBTrACS best track,18.00554,False,hourly mean,3
AL082025,Humberto (2025),without_era5,2025-09-24T14:00:00+00:00,ibtracs_best_track,IBTrACS best track,18.00554,False,hourly mean,3
AL082025,Humberto (2025),without_era5,2025-09-24T15:00:00+00:00,ibtracs_best_track,IBTrACS best track,18.00554,False,hourly mean,3
AL082025,Humberto (2025),without_era5,2025-09-24T16:00:00+00:00,ibtracs_best_track,IBTrACS best track,18.00554,False,hourly mean,3
AL082025,Humberto (2025),without_era5,2025-09-24T17:00:00+00:00,ibtracs_best_track,IBTrACS best track,18.077847962222222,False,hourly mean,3
AL082025,Humberto (2025),without_era5,2025-09-24T18:00:00+00:00,ibtracs_best_track,IBTrACS best track,18.32163725777778,False,hourly mean,3
AL082025,Humberto (2025),without_era5,2025-09-24T19:00:00+00:00,ibtracs_best_track,IBTrACS best track,18.736907886666668,False,hourly mean,3
AL082025,Humberto (2025),without_era5,2025-09-24T20:00:00+00:00,ibtracs_best_track,IBTrACS best track,19.227249232592595,False,hourly mean,3
AL082025,Humberto (2025),without_era5,2025-09-24T21:00:00+00:00,ibtracs_best_track,IBTrACS best track,19.660430134074073,False,hourly mean,3
AL082025,Humberto (2025),without_era5,2025-09-24T22:00:00+00:00,ibtracs_best_track,IBTrACS best track,20.036450591111112,False,hourly mean,3
AL082025,Humberto (2025),without_era5,2025-09-24T23:00:00+00:00,ibtracs_best_track,IBTrACS best track,20.40351591185185,False,hourly mean,3
AL082025,Humberto (2025),without_era5,2025-09-25T00:00:00+00:00,ibtracs_best_track,IBTrACS best track,20.827741677037036,False,hourly mean,3
AL082025,Humberto (2025),without_era5,2025-09-25T01:00:00+00:00,ibtracs_best_track,IBTrACS best track,21.30912788666667,False,hourly mean,3
AL082025,Humberto (2025),without_era5,2025-09-25T02:00:00+00:00,ibtracs_best_track,IBTrACS best track,21.79946923259259,False,hourly mean,3
AL082025,Humberto (2025),without_era5,2025-09-25T03:00:00+00:00,ibtracs_best_track,IBTrACS best track,22.23265542670782,False,hourly mean,3
AL082025,Humberto (2025),without_era5,2025-09-25T04:00:00+00:00,ibtracs_best_track,IBTrACS best track,22.608707639547323,False,hourly mean,3
AL082025,Humberto (2025),without_era5,2025-09-25T05:00:00+00:00,ibtracs_best_track,IBTrACS best track,22.97582059399177,False,hourly mean,3
AL082025,Humberto (2025),without_era5,2025-09-25T06:00:00+00:00,ibtracs_best_track,IBTrACS best track,23.400088700246915,False,hourly mean,3
AL082025,Humberto (2025),without_era5,2025-09-25T07:00:00+00:00,ibtracs_best_track,IBTrACS best track,23.88149078777778,False,hourly mean,3
AL082025,Humberto (2025),without_era5,2025-09-25T08:00:00+00:00,ibtracs_best_track,IBTrACS best track,24.37181625580247,False,hourly mean,3
AL082025,Humberto (2025),without_era5,2025-09-25T09:00:00+00:00,ibtracs_best_track,IBTrACS best track,24.804981279382716,False,hourly mean,3
AL082025,Humberto (2025),without_era5,2025-09-25T10:00:00+00:00,ibtracs_best_track,IBTrACS best track,25.180985858518522,False,hourly mean,3
AL082025,Humberto (2025),without_era5,2025-09-25T11:00:00+00:00,ibtracs_best_track,IBTrACS best track,25.548067057160495,False,hourly mean,3
AL082025,Humberto (2025),without_era5,2025-09-25T12:00:00+00:00,ibtracs_best_track,IBTrACS best track,25.972308700246916,False,hourly mean,3
AL082025,Humberto (2025),without_era5,2025-09-25T13:00:00+00:00,ibtracs_best_track,IBTrACS best track,26.45371078777778,False,hourly mean,3
AL082025,Humberto (2025),without_era5,2025-09-25T14:00:00+00:00,ibtracs_best_track,IBTrACS best track,26.94403625580247,False,hourly mean,3
AL082025,Humberto (2025),without_era5,2025-09-25T15:00:00+00:00,ibtracs_best_track,IBTrACS best track,27.37719598674897,False,hourly mean,3
AL082025,Humberto (2025),without_era5,2025-09-25T16:00:00+00:00,ibtracs_best_track,IBTrACS best track,27.753179395349793,False,hourly mean,3
AL082025,Humberto (2025),without_era5,2025-09-25T17:00:00+00:00,ibtracs_best_track,IBTrACS best track,28.12026059399177,False,hourly mean,3
AL082025,Humberto (2025),without_era5,2025-09-25T18:00:00+00:00,ibtracs_best_track,IBTrACS best track,28.544507529711936,False,hourly mean,3
AL082025,Humberto (2025),without_era5,2025-09-25T19:00:00+00:00,ibtracs_best_track,IBTrACS best track,29.02593078777778,False,hourly mean,3
AL082025,Humberto (2025),without_era5,2025-09-25T20:00:00+00:00,ibtracs_best_track,IBTrACS best track,29.51625625580247,False,hourly mean,3
AL082025,Humberto (2025),without_era5,2025-09-25T21:00:00+00:00,ibtracs_best_track,IBTrACS best track,29.949421279382715,False,hourly mean,3
AL082025,Humberto (2025),without_era5,2025-09-25T22:00:00+00:00,ibtracs_best_track,IBTrACS best track,30.325425858518518,False,hourly mean,3
AL082025,Humberto (2025),without_era5,2025-09-25T23:00:00+00:00,ibtracs_best_track,IBTrACS best track,30.74074412111111,False,hourly mean,3
AL082025,Humberto (2025),without_era5,2025-09-26T00:00:00+00:00,ibtracs_best_track,IBTrACS best track,31.327543717037035,False,hourly mean,3
AL082025,Humberto (2025),without_era5,2025-09-26T01:00:00+00:00,ibtracs_best_track,IBTrACS best track,32.085824646296295,False,hourly mean,3
AL082025,Humberto (2025),without_era5,2025-09-26T02:00:00+00:00,ibtracs_best_track,IBTrACS best track,32.94323131296297,False,hourly mean,3
AL082025,Humberto (2025),without_era5,2025-09-26T03:00:00+00:00,ibtracs_best_track,IBTrACS best track,33.800637979629634,False,hourly mean,3
AL082025,Humberto (2025),without_era5,2025-09-26T04:00:00+00:00,ibtracs_best_track,IBTrACS best track,34.6580446462963,False,hourly mean,3
AL082025,Humberto (2025),without_era5,2025-09-26T05:00:00+00:00,ibtracs_best_track,IBTrACS best track,35.515451312962966,False,hourly mean,3
AL082025,Humberto (2025),without_era5,2025-09-26T06:00:00+00:00,ibtracs_best_track,IBTrACS best track,36.372857979629636,False,hourly mean,3
AL082025,Humberto (2025),without_era5,2025-09-26T07:00:00+00:00,ibtracs_best_track,IBTrACS best track,37.2302646462963,False,hourly mean,3
AL082025,Humberto (2025),without_era5,2025-09-26T08:00:00+00:00,ibtracs_best_track,IBTrACS best track,38.08767131296296,False,hourly mean,3
AL082025,Humberto (2025),without_era5,2025-09-26T09:00:00+00:00,ibtracs_best_track,IBTrACS best track,38.94507797962962,False,hourly mean,3
AL082025,Humberto (2025),without_era5,2025-09-26T10:00:00+00:00,ibtracs_best_track,IBTrACS best track,39.8024846462963,False,hourly mean,3
AL082025,Humberto (2025),without_era5,2025-09-26T11:00:00+00:00,ibtracs_best_track,IBTrACS best track,40.73224690888889,False,hourly mean,3
AL082025,Humberto (2025),without_era5,2025-09-26T12:00:00+00:00,ibtracs_best_track,IBTrACS best track,41.83349050481481,True,hourly mean,3
AL082025,Humberto (2025),without_era5,2025-09-26T13:00:00+00:00,ibtracs_best_track,IBTrACS best track,43.10621543407407,True,hourly mean,3
AL082025,Humberto (2025),without_era5,2025-09-26T14:00:00+00:00,ibtracs_best_track,IBTrACS best track,44.453947568765436,True,hourly mean,3
AL082025,Humberto (2025),without_era5,2025-09-26T15:00:00+00:00,ibtracs_best_track,IBTrACS best track,45.74451925901235,True,hourly mean,3
AL082025,Humberto (2025),without_era5,2025-09-26T16:00:00+00:00,ibtracs_best_track,IBTrACS best track,46.97793050481482,True,hourly mean,3
AL082025,Humberto (2025),without_era5,2025-09-26T17:00:00+00:00,ibtracs_best_track,IBTrACS best track,48.250655434074076,True,hourly mean,3
AL082025,Humberto (2025),without_era5,2025-09-26T18:00:00+00:00,ibtracs_best_track,IBTrACS best track,49.69486169666666,True,hourly mean,3
AL082025,Humberto (2025),without_era5,2025-09-26T19:00:00+00:00,ibtracs_best_track,IBTrACS best track,51.31054929259259,True,hourly mean,3
AL082025,Humberto (2025),without_era5,2025-09-26T20:00:00+00:00,ibtracs_best_track,IBTrACS best track,53.02536262592593,True,hourly mean,3
AL082025,Humberto (2025),without_era5,2025-09-26T21:00:00+00:00,ibtracs_best_track,IBTrACS best track,54.74017595925926,True,hourly mean,3
AL082025,Humberto (2025),without_era5,2025-09-26T22:00:00+00:00,ibtracs_best_track,IBTrACS best track,56.454989292592586,True,hourly mean,3
AL082025,Humberto (2025),without_era5,2025-09-26T23:00:00+00:00,ibtracs_best_track,IBTrACS best track,58.049209966049375,True,hourly mean,3
AL082025,Humberto (2025),without_era5,2025-09-27T00:00:00+00:00,ibtracs_best_track,IBTrACS best track,59.357628417283955,True,hourly mean,3
AL082025,Humberto (2025),without_era5,2025-09-27T01:00:00+00:00,ibtracs_best_track,IBTrACS best track,60.3802446462963,True,hourly mean,3
AL082025,Humberto (2025),without_era5,2025-09-27T02:00:00+00:00,ibtracs_best_track,IBTrACS best track,61.237651312962974,True,hourly mean,3
AL082025,Humberto (2025),without_era5,2025-09-27T03:00:00+00:00,ibtracs_best_track,IBTrACS best track,62.09505797962964,True,hourly mean,3
AL082025,Humberto (2025),without_era5,2025-09-27T04:00:00+00:00,ibtracs_best_track,IBTrACS best track,62.9524646462963,True,hourly mean,3
AL082025,Humberto (2025),without_era5,2025-09-27T05:00:00+00:00,ibtracs_best_track,IBTrACS best track,63.76163424901235,True,hourly mean,3
AL082025,Humberto (2025),without_era5,2025-09-27T06:00:00+00:00,ibtracs_best_track,IBTrACS best track,64.45648296283952,True,hourly mean,3
AL082025,Humberto (2025),without_era5,2025-09-27T07:00:00+00:00,ibtracs_best_track,IBTrACS best track,65.03701078777779,True,hourly mean,3
AL082025,Humberto (2025),without_era5,2025-09-27T08:00:00+00:00,ibtracs_best_track,IBTrACS best track,65.52733625580248,True,hourly mean,3
AL082025,Humberto (2025),without_era5,2025-09-27T09:00:00+00:00,ibtracs_best_track,IBTrACS best track,65.96050127938274,True,hourly mean,3
AL082025,Humberto (2025),without_era5,2025-09-27T10:00:00+00:00,ibtracs_best_track,IBTrACS best track,66.33650585851852,True,hourly mean,3
AL082025,Humberto (2025),without_era5,2025-09-27T11:00:00+00:00,ibtracs_best_track,IBTrACS best track,66.75182412111111,True,hourly mean,3
AL082025,Humberto (2025),without_era5,2025-09-27T12:00:00+00:00,ibtracs_best_track,IBTrACS best track,67.33862371703704,True,hourly mean,3
AL082025,Humberto (2025),without_era5,2025-09-27T13:00:00+00:00,ibtracs_best_track,IBTrACS best track,68.0969046462963,True,hourly mean,3
AL082025,Humberto (2025),without_era5,2025-09-27T14:00:00+00:00,ibtracs_best_track,IBTrACS best track,68.95431131296296,True,hourly mean,3
AL082025,Humberto (2025),without_era5,2025-09-27T15:00:00+00:00,ibtracs_best_track,IBTrACS best track,69.81171797962963,True,hourly mean,3
AL082025,Humberto (2025),without_era5,2025-09-27T16:00:00+00:00,ibtracs_best_track,IBTrACS best track,70.66912464629631,True,hourly mean,3
AL082025,Humberto (2025),without_era5,2025-09-27T17:00:00+00:00,ibtracs_best_track,IBTrACS best track,71.40593865308642,True,hourly mean,3
AL082025,Humberto (2025),without_era5,2025-09-27T18:00:00+00:00,ibtracs_best_track,IBTrACS best track,71.85695043765433,True,hourly mean,3
AL082025,Humberto (2025),without_era5,2025-09-27T19:00:00+00:00,ibtracs_best_track,IBTrACS best track,72.02216,True,hourly mean,3
AL082025,Humberto (2025),without_era5,2025-09-27T20:00:00+00:00,ibtracs_best_track,IBTrACS best track,72.02216,True,hourly mean,3
AL082025,Humberto (2025),without_era5,2025-09-27T21:00:00+00:00,ibtracs_best_track,IBTrACS best track,72.02216,True,hourly mean,3
AL082025,Humberto (2025),without_era5,2025-09-27T22:00:00+00:00,ibtracs_best_track,IBTrACS best track,72.02216,True,hourly mean,3
AL082025,Humberto (2025),without_era5,2025-09-27T23:00:00+00:00,ibtracs_best_track,IBTrACS best track,71.97392293604939,False,hourly mean,3
AL082025,Humberto (2025),without_era5,2025-09-28T00:00:00+00:00,ibtracs_best_track,IBTrACS best track,71.81136498320988,False,hourly mean,3
AL082025,Humberto (2025),without_era5,2025-09-28T01:00:00+00:00,ibtracs_best_track,IBTrACS best track,71.53448614148148,False,hourly mean,3
AL082025,Humberto (2025),without_era5,2025-09-28T02:00:00+00:00,ibtracs_best_track,IBTrACS best track,71.16740494283953,False,hourly mean,3
AL082025,Humberto (2025),without_era5,2025-09-28T03:00:00+00:00,ibtracs_best_track,IBTrACS best track,70.74316329975309,False,hourly mean,3
AL082025,Humberto (2025),without_era5,2025-09-28T04:00:00+00:00,ibtracs_best_track,IBTrACS best track,70.26176121222223,False,hourly mean,3
AL082025,Humberto (2025),without_era5,2025-09-28T05:00:00+00:00,ibtracs_best_track,IBTrACS best track,69.69908014827162,False,hourly mean,3
AL082025,Humberto (2025),without_era5,2025-09-28T06:00:00+00:00,ibtracs_best_track,IBTrACS best track,69.02207819543212,False,hourly mean,3
AL082025,Humberto (2025),without_era5,2025-09-28T07:00:00+00:00,ibtracs_best_track,IBTrACS best track,68.23075535370371,False,hourly mean,3
AL082025,Humberto (2025),without_era5,2025-09-28T08:00:00+00:00,ibtracs_best_track,IBTrACS best track,67.37334868703705,False,hourly mean,3
AL082025,Humberto (2025),without_era5,2025-09-28T09:00:00+00:00,ibtracs_best_track,IBTrACS best track,66.51594202037037,False,hourly mean,3
AL082025,Humberto (2025),without_era5,2025-09-28T10:00:00+00:00,ibtracs_best_track,IBTrACS best track,65.65853535370371,False,hourly mean,3
AL082025,Humberto (2025),without_era5,2025-09-28T11:00:00+00:00,ibtracs_best_track,IBTrACS best track,64.92172134691357,False,hourly mean,3
AL082025,Humberto (2025),without_era5,2025-09-28T12:00:00+00:00,ibtracs_best_track,IBTrACS best track,64.47070956234568,False,hourly mean,3
AL082025,Humberto (2025),without_era5,2025-09-28T13:00:00+00:00,ibtracs_best_track,IBTrACS best track,64.3055,False,hourly mean,3
AL082025,Humberto (2025),without_era5,2025-09-28T14:00:00+00:00,ibtracs_best_track,IBTrACS best track,64.3055,False,hourly mean,3
AL082025,Humberto (2025),without_era5,2025-09-28T15:00:00+00:00,ibtracs_best_track,IBTrACS best track,64.3055,False,hourly mean,3
AL082025,Humberto (2025),without_era5,2025-09-28T16:00:00+00:00,ibtracs_best_track,IBTrACS best track,64.3055,False,hourly mean,3
AL082025,Humberto (2025),without_era5,2025-09-28T17:00:00+00:00,ibtracs_best_track,IBTrACS best track,64.25726293604939,False,hourly mean,3
AL082025,Humberto (2025),without_era5,2025-09-28T18:00:00+00:00,ibtracs_best_track,IBTrACS best track,64.09470498320988,False,hourly mean,3
AL082025,Humberto (2025),without_era5,2025-09-28T19:00:00+00:00,ibtracs_best_track,IBTrACS best track,63.8178261414815,False,hourly mean,3
AL082025,Humberto (2025),without_era5,2025-09-28T20:00:00+00:00,ibtracs_best_track,IBTrACS best track,63.45074494283951,False,hourly mean,3
AL082025,Humberto (2025),without_era5,2025-09-28T21:00:00+00:00,ibtracs_best_track,IBTrACS best track,63.026503299753095,False,hourly mean,3
AL082025,Humberto (2025),without_era5,2025-09-28T22:00:00+00:00,ibtracs_best_track,IBTrACS best track,62.54510121222223,False,hourly mean,3
AL082025,Humberto (2025),without_era5,2025-09-28T23:00:00+00:00,ibtracs_best_track,IBTrACS best track,62.10301280814815,False,hourly mean,3
AL082025,Humberto (2025),without_era5,2025-09-29T00:00:00+00:00,ibtracs_best_track,IBTrACS best track,61.83240573740741,False,hourly mean,3
AL082025,Humberto (2025),without_era5,2025-09-29T01:00:00+00:00,ibtracs_best_track,IBTrACS best track,61.73328,False,hourly mean,3
AL082025,Humberto (2025),without_era5,2025-09-29T02:00:00+00:00,ibtracs_best_track,IBTrACS best track,61.73328,False,hourly mean,3
AL082025,Humberto (2025),without_era5,2025-09-29T03:00:00+00:00,ibtracs_best_track,IBTrACS best track,61.73328,False,hourly mean,3
AL082025,Humberto (2025),without_era5,2025-09-29T04:00:00+00:00,ibtracs_best_track,IBTrACS best track,61.73328,False,hourly mean,3
AL082025,Humberto (2025),without_era5,2025-09-29T05:00:00+00:00,ibtracs_best_track,IBTrACS best track,61.805635595925935,False,hourly mean,3
AL082025,Humberto (2025),without_era5,2025-09-29T06:00:00+00:00,ibtracs_best_track,IBTrACS best track,62.049472525185195,False,hourly mean,3
AL082025,Humberto (2025),without_era5,2025-09-29T07:00:00+00:00,ibtracs_best_track,IBTrACS best track,62.46479078777779,False,hourly mean,3
AL082025,Humberto (2025),without_era5,2025-09-29T08:00:00+00:00,ibtracs_best_track,IBTrACS best track,62.95511625580247,False,hourly mean,3
AL082025,Humberto (2025),without_era5,2025-09-29T09:00:00+00:00,ibtracs_best_track,IBTrACS best track,63.38828127938272,False,hourly mean,3
AL082025,Humberto (2025),without_era5,2025-09-29T10:00:00+00:00,ibtracs_best_track,IBTrACS best track,63.76428585851852,False,hourly mean,3
AL082025,Humberto (2025),without_era5,2025-09-29T11:00:00+00:00,ibtracs_best_track,IBTrACS best track,63.93841880135802,False,hourly mean,3
AL082025,Humberto (2025),without_era5,2025-09-29T12:00:00+00:00,ibtracs_best_track,IBTrACS best track,63.712428633086425,False,hourly mean,3
AL082025,Humberto (2025),without_era5,2025-09-29T13:00:00+00:00,ibtracs_best_track,IBTrACS best track,63.086315353703704,False,hourly mean,3
AL082025,Humberto (2025),without_era5,2025-09-29T14:00:00+00:00,ibtracs_best_track,IBTrACS best track,62.22890868703704,False,hourly mean,3
AL082025,Humberto (2025),without_era5,2025-09-29T15:00:00+00:00,ibtracs_best_track,IBTrACS best track,61.37150202037037,False,hourly mean,3
AL082025,Humberto (2025),without_era5,2025-09-29T16:00:00+00:00,ibtracs_best_track,IBTrACS best track,60.51409535370371,False,hourly mean,3
AL082025,Humberto (2025),without_era5,2025-09-29T17:00:00+00:00,ibtracs_best_track,IBTrACS best track,59.60845162308643,False,hourly mean,3
AL082025,Humberto (2025),without_era5,2025-09-29T18:00:00+00:00,ibtracs_best_track,IBTrACS best track,58.58848700358025,False,hourly mean,3
AL082025,Humberto (2025),without_era5,2025-09-29T19:00:00+00:00,ibtracs_best_track,IBTrACS best track,57.45420149518518,False,hourly mean,3
AL082025,Humberto (2025),without_era5,2025-09-29T20:00:00+00:00,ibtracs_best_track,IBTrACS best track,56.229713629876535,False,hourly mean,3
AL082025,Humberto (2025),without_era5,2025-09-29T21:00:00+00:00,ibtracs_best_track,IBTrACS best track,54.948065320123455,False,hourly mean,3
AL082025,Humberto (2025),without_era5,2025-09-29T22:00:00+00:00,ibtracs_best_track,IBTrACS best track,53.60925656592593,False,hourly mean,3
AL082025,Humberto (2025),without_era5,2025-09-29T23:00:00+00:00,ibtracs_best_track,IBTrACS best track,52.30976149518519,False,hourly mean,3
AL082025,Humberto (2025),without_era5,2025-09-30T00:00:00+00:00,ibtracs_best_track,IBTrACS best track,51.18174775777778,False,hourly mean,3
AL082025,Humberto (2025),without_era5,2025-09-30T01:00:00+00:00,ibtracs_best_track,IBTrACS best track,50.2252153537037,False,hourly mean,3
AL082025,Humberto (2025),without_era5,2025-09-30T02:00:00+00:00,ibtracs_best_track,IBTrACS best track,49.36780868703704,False,hourly mean,3
AL082025,Humberto (2025),without_era5,2025-09-30T03:00:00+00:00,ibtracs_best_track,IBTrACS best track,48.51040202037037,False,hourly mean,3
AL082025,Humberto (2025),without_era5,2025-09-30T04:00:00+00:00,ibtracs_best_track,IBTrACS best track,47.65299535370371,False,hourly mean,3
AL082025,Humberto (2025),without_era5,2025-09-30T05:00:00+00:00,ibtracs_best_track,IBTrACS best track,46.67499602716049,False,hourly mean,3
AL082025,Humberto (2025),without_era5,2025-09-30T06:00:00+00:00,ibtracs_best_track,IBTrACS best track,45.41119447839506,False,hourly mean,3
AL082025,Humberto (2025),without_era5,2025-09-30T07:00:00+00:00,ibtracs_best_track,IBTrACS best track,43.86159070740741,False,hourly mean,3
AL082025,Humberto (2025),without_era5,2025-09-30T08:00:00+00:00,ibtracs_best_track,IBTrACS best track,42.14677737407408,False,hourly mean,3
AL082025,Humberto (2025),without_era5,2025-09-30T09:00:00+00:00,ibtracs_best_track,IBTrACS best track,40.47959774444445,False,hourly mean,3
AL082025,Humberto (2025),without_era5,2025-09-30T10:00:00+00:00,ibtracs_best_track,IBTrACS best track,38.76430807407408,False,hourly mean,3
AL082025,Humberto (2025),without_era5,2025-09-30T11:00:00+00:00,ibtracs_best_track,IBTrACS best track,37.29068006049383,False,hourly mean,3
AL082025,Humberto (2025),without_era5,2025-09-30T12:00:00+00:00,ibtracs_best_track,IBTrACS best track,36.341022787654325,False,hourly mean,3
AL082025,Humberto (2025),without_era5,2025-09-30T13:00:00+00:00,ibtracs_best_track,IBTrACS best track,36.01108,False,hourly mean,3
AL082025,Humberto (2025),without_era5,2025-09-30T14:00:00+00:00,ibtracs_best_track,IBTrACS best track,36.01108,False,hourly mean,3
AL082025,Humberto (2025),without_era5,2025-09-30T15:00:00+00:00,ibtracs_best_track,IBTrACS best track,36.01108,False,hourly mean,3
AL082025,Humberto (2025),without_era5,2025-09-30T16:00:00+00:00,ibtracs_best_track,IBTrACS best track,36.01108,False,hourly mean,3
AL082025,Humberto (2025),without_era5,2025-09-30T17:00:00+00:00,ibtracs_best_track,IBTrACS best track,36.01108,False,hourly mean,3
AL082025,Humberto (2025),without_era5,2025-09-30T18:00:00+00:00,ibtracs_best_track,IBTrACS best track,36.01108,False,hourly mean,3
AL082025,Humberto (2025),without_era5,2025-09-30T19:00:00+00:00,ibtracs_best_track,IBTrACS best track,36.01108,False,hourly mean,3
AL082025,Humberto (2025),without_era5,2025-09-30T20:00:00+00:00,ibtracs_best_track,IBTrACS best track,36.01108,False,hourly mean,3
AL082025,Humberto (2025),without_era5,2025-09-30T21:00:00+00:00,ibtracs_best_track,IBTrACS best track,36.01108,False,hourly mean,3
AL082025,Humberto (2025),without_era5,2025-09-30T22:00:00+00:00,ibtracs_best_track,IBTrACS best track,36.01108,False,hourly mean,3
AL082025,Humberto (2025),without_era5,2025-09-30T23:00:00+00:00,ibtracs_best_track,IBTrACS best track,36.01108,False,hourly mean,3
AL082025,Humberto (2025),without_era5,2025-10-01T00:00:00+00:00,ibtracs_best_track,IBTrACS best track,36.01108,False,hourly mean,3
AL082025,Humberto (2025),without_era5,2025-10-01T01:00:00+00:00,ibtracs_best_track,IBTrACS best track,36.01108,False,hourly mean,3
AL082025,Humberto (2025),without_era5,2025-10-01T02:00:00+00:00,ibtracs_best_track,IBTrACS best track,36.01108,False,hourly mean,3
AL082025,Humberto (2025),without_era5,2025-10-01T03:00:00+00:00,ibtracs_best_track,IBTrACS best track,36.01108,False,hourly mean,3
AL082025,Humberto (2025),without_era5,2025-10-01T04:00:00+00:00,ibtracs_best_track,IBTrACS best track,36.01108,False,hourly mean,3
AL082025,Humberto (2025),without_era5,2025-10-01T05:00:00+00:00,ibtracs_best_track,IBTrACS best track,35.962811180246916,False,hourly mean,3
AL082025,Humberto (2025),without_era5,2025-10-01T06:00:00+00:00,ibtracs_best_track,IBTrACS best track,35.80022147160494,False,hourly mean,3
AL082025,Humberto (2025),without_era5,2025-10-01T07:00:00+00:00,ibtracs_best_track,IBTrACS best track,35.52331087407408,False,hourly mean,3
AL082025,Humberto (2025),without_era5,2025-10-01T08:00:00+00:00,ibtracs_best_track,IBTrACS best track,35.156213797530874,False,hourly mean,3
AL082025,Humberto (2025),without_era5,2025-10-01T09:00:00+00:00,ibtracs_best_track,IBTrACS best track,34.73195627654321,False,hourly mean,3
AL082025,Humberto (2025),without_era5,2025-10-01T10:00:00+00:00,ibtracs_best_track,IBTrACS best track,34.250538311111114,False,hourly mean,3
AL082025,Humberto (2025),without_era5,2025-10-01T11:00:00+00:00,ibtracs_best_track,IBTrACS best track,33.993316311111116,False,hourly mean,3
AL082025,Humberto (2025),without_era5,2025-09-24T12:00:00+00:00,era5_max_wind,ERA5 10 m maximum,14.354845348653454,False,hourly mean,3
AL082025,Humberto (2025),without_era5,2025-09-24T13:00:00+00:00,era5_max_wind,ERA5 10 m maximum,14.354845348653454,False,hourly mean,3
AL082025,Humberto (2025),without_era5,2025-09-24T14:00:00+00:00,era5_max_wind,ERA5 10 m maximum,14.02089676078758,False,hourly mean,3
AL082025,Humberto (2025),without_era5,2025-09-24T15:00:00+00:00,era5_max_wind,ERA5 10 m maximum,13.686948172921708,False,hourly mean,3
AL082025,Humberto (2025),without_era5,2025-09-24T16:00:00+00:00,era5_max_wind,ERA5 10 m maximum,13.352999585055835,False,hourly mean,3
AL082025,Humberto (2025),without_era5,2025-09-24T17:00:00+00:00,era5_max_wind,ERA5 10 m maximum,13.352999585055835,False,hourly mean,3
AL082025,Humberto (2025),without_era5,2025-09-24T18:00:00+00:00,era5_max_wind,ERA5 10 m maximum,13.352999585055835,False,hourly mean,3
AL082025,Humberto (2025),without_era5,2025-09-24T19:00:00+00:00,era5_max_wind,ERA5 10 m maximum,13.352999585055835,False,hourly mean,3
AL082025,Humberto (2025),without_era5,2025-09-24T20:00:00+00:00,era5_max_wind,ERA5 10 m maximum,13.565153895082608,False,hourly mean,3
AL082025,Humberto (2025),without_era5,2025-09-24T21:00:00+00:00,era5_max_wind,ERA5 10 m maximum,13.77730820510938,False,hourly mean,3
AL082025,Humberto (2025),without_era5,2025-09-24T22:00:00+00:00,era5_max_wind,ERA5 10 m maximum,13.989462515136152,False,hourly mean,3
AL082025,Humberto (2025),without_era5,2025-09-24T23:00:00+00:00,era5_max_wind,ERA5 10 m maximum,13.989462515136152,False,hourly mean,3
AL082025,Humberto (2025),without_era5,2025-09-25T00:00:00+00:00,era5_max_wind,ERA5 10 m maximum,13.989462515136152,False,hourly mean,3
AL082025,Humberto (2025),without_era5,2025-09-25T01:00:00+00:00,era5_max_wind,ERA5 10 m maximum,13.989462515136152,False,hourly mean,3
AL082025,Humberto (2025),without_era5,2025-09-25T02:00:00+00:00,era5_max_wind,ERA5 10 m maximum,14.607431577141284,False,hourly mean,3
AL082025,Humberto (2025),without_era5,2025-09-25T03:00:00+00:00,era5_max_wind,ERA5 10 m maximum,15.22540063914642,False,hourly mean,3
AL082025,Humberto (2025),without_era5,2025-09-25T04:00:00+00:00,era5_max_wind,ERA5 10 m maximum,15.843369701151554,False,hourly mean,3
AL082025,Humberto (2025),without_era5,2025-09-25T05:00:00+00:00,era5_max_wind,ERA5 10 m maximum,15.843369701151554,False,hourly mean,3
AL082025,Humberto (2025),without_era5,2025-09-25T06:00:00+00:00,era5_max_wind,ERA5 10 m maximum,15.843369701151554,False,hourly mean,3
AL082025,Humberto (2025),without_era5,2025-09-25T07:00:00+00:00,era5_max_wind,ERA5 10 m maximum,15.843369701151554,False,hourly mean,3
AL082025,Humberto (2025),without_era5,2025-09-25T08:00:00+00:00,era5_max_wind,ERA5 10 m maximum,16.12603412088832,False,hourly mean,3
AL082025,Humberto (2025),without_era5,2025-09-25T09:00:00+00:00,era5_max_wind,ERA5 10 m maximum,16.408698540625085,False,hourly mean,3
AL082025,Humberto (2025),without_era5,2025-09-25T10:00:00+00:00,era5_max_wind,ERA5 10 m maximum,16.691362960361854,False,hourly mean,3
AL082025,Humberto (2025),without_era5,2025-09-25T11:00:00+00:00,era5_max_wind,ERA5 10 m maximum,16.691362960361854,False,hourly mean,3
AL082025,Humberto (2025),without_era5,2025-09-25T12:00:00+00:00,era5_max_wind,ERA5 10 m maximum,16.691362960361854,False,hourly mean,3
AL082025,Humberto (2025),without_era5,2025-09-25T13:00:00+00:00,era5_max_wind,ERA5 10 m maximum,16.691362960361854,False,hourly mean,3
AL082025,Humberto (2025),without_era5,2025-09-25T14:00:00+00:00,era5_max_wind,ERA5 10 m maximum,16.348536775769507,False,hourly mean,3
AL082025,Humberto (2025),without_era5,2025-09-25T15:00:00+00:00,era5_max_wind,ERA5 10 m maximum,16.00571059117716,False,hourly mean,3
AL082025,Humberto (2025),without_era5,2025-09-25T16:00:00+00:00,era5_max_wind,ERA5 10 m maximum,15.662884406584814,False,hourly mean,3
AL082025,Humberto (2025),without_era5,2025-09-25T17:00:00+00:00,era5_max_wind,ERA5 10 m maximum,15.662884406584814,False,hourly mean,3
AL082025,Humberto (2025),without_era5,2025-09-25T18:00:00+00:00,era5_max_wind,ERA5 10 m maximum,15.662884406584814,False,hourly mean,3
AL082025,Humberto (2025),without_era5,2025-09-25T19:00:00+00:00,era5_max_wind,ERA5 10 m maximum,15.662884406584814,False,hourly mean,3
AL082025,Humberto (2025),without_era5,2025-09-25T20:00:00+00:00,era5_max_wind,ERA5 10 m maximum,16.214205367792903,False,hourly mean,3
AL082025,Humberto (2025),without_era5,2025-09-25T21:00:00+00:00,era5_max_wind,ERA5 10 m maximum,16.76552632900099,False,hourly mean,3
AL082025,Humberto (2025),without_era5,2025-09-25T22:00:00+00:00,era5_max_wind,ERA5 10 m maximum,17.31684729020908,False,hourly mean,3
AL082025,Humberto (2025),without_era5,2025-09-25T23:00:00+00:00,era5_max_wind,ERA5 10 m maximum,17.31684729020908,False,hourly mean,3
AL082025,Humberto (2025),without_era5,2025-09-26T00:00:00+00:00,era5_max_wind,ERA5 10 m maximum,17.31684729020908,False,hourly mean,3
AL082025,Humberto (2025),without_era5,2025-09-26T01:00:00+00:00,era5_max_wind,ERA5 10 m maximum,17.31684729020908,False,hourly mean,3
AL082025,Humberto (2025),without_era5,2025-09-26T02:00:00+00:00,era5_max_wind,ERA5 10 m maximum,18.199565511166266,False,hourly mean,3
AL082025,Humberto (2025),without_era5,2025-09-26T03:00:00+00:00,era5_max_wind,ERA5 10 m maximum,19.082283732123454,False,hourly mean,3
AL082025,Humberto (2025),without_era5,2025-09-26T04:00:00+00:00,era5_max_wind,ERA5 10 m maximum,19.965001953080638,False,hourly mean,3
AL082025,Humberto (2025),without_era5,2025-09-26T05:00:00+00:00,era5_max_wind,ERA5 10 m maximum,19.965001953080638,False,hourly mean,3
AL082025,Humberto (2025),without_era5,2025-09-26T06:00:00+00:00,era5_max_wind,ERA5 10 m maximum,19.965001953080638,False,hourly mean,3
AL082025,Humberto (2025),without_era5,2025-09-26T07:00:00+00:00,era5_max_wind,ERA5 10 m maximum,19.965001953080638,False,hourly mean,3
AL082025,Humberto (2025),without_era5,2025-09-26T08:00:00+00:00,era5_max_wind,ERA5 10 m maximum,19.62748686779882,False,hourly mean,3
AL082025,Humberto (2025),without_era5,2025-09-26T09:00:00+00:00,era5_max_wind,ERA5 10 m maximum,19.289971782517,False,hourly mean,3
AL082025,Humberto (2025),without_era5,2025-09-26T10:00:00+00:00,era5_max_wind,ERA5 10 m maximum,18.95245669723518,False,hourly mean,3
AL082025,Humberto (2025),without_era5,2025-09-26T11:00:00+00:00,era5_max_wind,ERA5 10 m maximum,18.95245669723518,False,hourly mean,3
AL082025,Humberto (2025),without_era5,2025-09-26T12:00:00+00:00,era5_max_wind,ERA5 10 m maximum,18.95245669723518,True,hourly mean,3
AL082025,Humberto (2025),without_era5,2025-09-26T13:00:00+00:00,era5_max_wind,ERA5 10 m maximum,18.95245669723518,True,hourly mean,3
AL082025,Humberto (2025),without_era5,2025-09-26T14:00:00+00:00,era5_max_wind,ERA5 10 m maximum,19.542986673008546,True,hourly mean,3
AL082025,Humberto (2025),without_era5,2025-09-26T15:00:00+00:00,era5_max_wind,ERA5 10 m maximum,20.133516648781907,True,hourly mean,3
AL082025,Humberto (2025),without_era5,2025-09-26T16:00:00+00:00,era5_max_wind,ERA5 10 m maximum,20.72404662455527,True,hourly mean,3
AL082025,Humberto (2025),without_era5,2025-09-26T17:00:00+00:00,era5_max_wind,ERA5 10 m maximum,20.72404662455527,True,hourly mean,3
AL082025,Humberto (2025),without_era5,2025-09-26T18:00:00+00:00,era5_max_wind,ERA5 10 m maximum,20.72404662455527,True,hourly mean,3
AL082025,Humberto (2025),without_era5,2025-09-26T19:00:00+00:00,era5_max_wind,ERA5 10 m maximum,20.72404662455527,True,hourly mean,3
AL082025,Humberto (2025),without_era5,2025-09-26T20:00:00+00:00,era5_max_wind,ERA5 10 m maximum,20.64426543206846,True,hourly mean,3
AL082025,Humberto (2025),without_era5,2025-09-26T21:00:00+00:00,era5_max_wind,ERA5 10 m maximum,20.56448423958165,True,hourly mean,3
AL082025,Humberto (2025),without_era5,2025-09-26T22:00:00+00:00,era5_max_wind,ERA5 10 m maximum,20.484703047094836,True,hourly mean,3
AL082025,Humberto (2025),without_era5,2025-09-26T23:00:00+00:00,era5_max_wind,ERA5 10 m maximum,20.484703047094836,True,hourly mean,3
AL082025,Humberto (2025),without_era5,2025-09-27T00:00:00+00:00,era5_max_wind,ERA5 10 m maximum,20.484703047094836,True,hourly mean,3
AL082025,Humberto (2025),without_era5,2025-09-27T01:00:00+00:00,era5_max_wind,ERA5 10 m maximum,20.484703047094836,True,hourly mean,3
AL082025,Humberto (2025),without_era5,2025-09-27T02:00:00+00:00,era5_max_wind,ERA5 10 m maximum,20.383677378612127,True,hourly mean,3
AL082025,Humberto (2025),without_era5,2025-09-27T03:00:00+00:00,era5_max_wind,ERA5 10 m maximum,20.282651710129418,True,hourly mean,3
AL082025,Humberto (2025),without_era5,2025-09-27T04:00:00+00:00,era5_max_wind,ERA5 10 m maximum,20.181626041646712,True,hourly mean,3
AL082025,Humberto (2025),without_era5,2025-09-27T05:00:00+00:00,era5_max_wind,ERA5 10 m maximum,20.181626041646712,True,hourly mean,3
AL082025,Humberto (2025),without_era5,2025-09-27T06:00:00+00:00,era5_max_wind,ERA5 10 m maximum,20.181626041646712,True,hourly mean,3
AL082025,Humberto (2025),without_era5,2025-09-27T07:00:00+00:00,era5_max_wind,ERA5 10 m maximum,20.181626041646712,True,hourly mean,3
AL082025,Humberto (2025),without_era5,2025-09-27T08:00:00+00:00,era5_max_wind,ERA5 10 m maximum,21.01689002336863,True,hourly mean,3
AL082025,Humberto (2025),without_era5,2025-09-27T09:00:00+00:00,era5_max_wind,ERA5 10 m maximum,21.85215400509055,True,hourly mean,3
AL082025,Humberto (2025),without_era5,2025-09-27T10:00:00+00:00,era5_max_wind,ERA5 10 m maximum,22.687417986812466,True,hourly mean,3
AL082025,Humberto (2025),without_era5,2025-09-27T11:00:00+00:00,era5_max_wind,ERA5 10 m maximum,22.687417986812466,True,hourly mean,3
AL082025,Humberto (2025),without_era5,2025-09-27T12:00:00+00:00,era5_max_wind,ERA5 10 m maximum,22.687417986812466,True,hourly mean,3
AL082025,Humberto (2025),without_era5,2025-09-27T13:00:00+00:00,era5_max_wind,ERA5 10 m maximum,22.687417986812466,True,hourly mean,3
AL082025,Humberto (2025),without_era5,2025-09-27T14:00:00+00:00,era5_max_wind,ERA5 10 m maximum,23.189759736290046,True,hourly mean,3
AL082025,Humberto (2025),without_era5,2025-09-27T15:00:00+00:00,era5_max_wind,ERA5 10 m maximum,23.692101485767623,True,hourly mean,3
AL082025,Humberto (2025),without_era5,2025-09-27T16:00:00+00:00,era5_max_wind,ERA5 10 m maximum,24.194443235245203,True,hourly mean,3
AL082025,Humberto (2025),without_era5,2025-09-27T17:00:00+00:00,era5_max_wind,ERA5 10 m maximum,24.194443235245203,True,hourly mean,3
AL082025,Humberto (2025),without_era5,2025-09-27T18:00:00+00:00,era5_max_wind,ERA5 10 m maximum,24.194443235245203,True,hourly mean,3
AL082025,Humberto (2025),without_era5,2025-09-27T19:00:00+00:00,era5_max_wind,ERA5 10 m maximum,24.194443235245203,True,hourly mean,3
AL082025,Humberto (2025),without_era5,2025-09-27T20:00:00+00:00,era5_max_wind,ERA5 10 m maximum,24.46555910977267,True,hourly mean,3
AL082025,Humberto (2025),without_era5,2025-09-27T21:00:00+00:00,era5_max_wind,ERA5 10 m maximum,24.73667498430014,True,hourly mean,3
AL082025,Humberto (2025),without_era5,2025-09-27T22:00:00+00:00,era5_max_wind,ERA5 10 m maximum,25.007790858827608,True,hourly mean,3
AL082025,Humberto (2025),without_era5,2025-09-27T23:00:00+00:00,era5_max_wind,ERA5 10 m maximum,25.007790858827608,False,hourly mean,3
AL082025,Humberto (2025),without_era5,2025-09-28T00:00:00+00:00,era5_max_wind,ERA5 10 m maximum,25.007790858827608,False,hourly mean,3
AL082025,Humberto (2025),without_era5,2025-09-28T01:00:00+00:00,era5_max_wind,ERA5 10 m maximum,25.007790858827608,False,hourly mean,3
AL082025,Humberto (2025),without_era5,2025-09-28T02:00:00+00:00,era5_max_wind,ERA5 10 m maximum,25.23964022980013,False,hourly mean,3
AL082025,Humberto (2025),without_era5,2025-09-28T03:00:00+00:00,era5_max_wind,ERA5 10 m maximum,25.471489600772646,False,hourly mean,3
AL082025,Humberto (2025),without_era5,2025-09-28T04:00:00+00:00,era5_max_wind,ERA5 10 m maximum,25.703338971745165,False,hourly mean,3
AL082025,Humberto (2025),without_era5,2025-09-28T05:00:00+00:00,era5_max_wind,ERA5 10 m maximum,25.703338971745165,False,hourly mean,3
AL082025,Humberto (2025),without_era5,2025-09-28T06:00:00+00:00,era5_max_wind,ERA5 10 m maximum,25.703338971745165,False,hourly mean,3
AL082025,Humberto (2025),without_era5,2025-09-28T07:00:00+00:00,era5_max_wind,ERA5 10 m maximum,25.703338971745165,False,hourly mean,3
AL082025,Humberto (2025),without_era5,2025-09-28T08:00:00+00:00,era5_max_wind,ERA5 10 m maximum,25.85529674056201,False,hourly mean,3
AL082025,Humberto (2025),without_era5,2025-09-28T09:00:00+00:00,era5_max_wind,ERA5 10 m maximum,26.007254509378864,False,hourly mean,3
AL082025,Humberto (2025),without_era5,2025-09-28T10:00:00+00:00,era5_max_wind,ERA5 10 m maximum,26.15921227819571,False,hourly mean,3
AL082025,Humberto (2025),without_era5,2025-09-28T11:00:00+00:00,era5_max_wind,ERA5 10 m maximum,26.15921227819571,False,hourly mean,3
AL082025,Humberto (2025),without_era5,2025-09-28T12:00:00+00:00,era5_max_wind,ERA5 10 m maximum,26.15921227819571,False,hourly mean,3
AL082025,Humberto (2025),without_era5,2025-09-28T13:00:00+00:00,era5_max_wind,ERA5 10 m maximum,26.15921227819571,False,hourly mean,3
AL082025,Humberto (2025),without_era5,2025-09-28T14:00:00+00:00,era5_max_wind,ERA5 10 m maximum,26.703918735109557,False,hourly mean,3
AL082025,Humberto (2025),without_era5,2025-09-28T15:00:00+00:00,era5_max_wind,ERA5 10 m maximum,27.248625192023407,False,hourly mean,3
AL082025,Humberto (2025),without_era5,2025-09-28T16:00:00+00:00,era5_max_wind,ERA5 10 m maximum,27.793331648937254,False,hourly mean,3
AL082025,Humberto (2025),without_era5,2025-09-28T17:00:00+00:00,era5_max_wind,ERA5 10 m maximum,27.793331648937254,False,hourly mean,3
AL082025,Humberto (2025),without_era5,2025-09-28T18:00:00+00:00,era5_max_wind,ERA5 10 m maximum,27.793331648937254,False,hourly mean,3
AL082025,Humberto (2025),without_era5,2025-09-28T19:00:00+00:00,era5_max_wind,ERA5 10 m maximum,27.793331648937254,False,hourly mean,3
AL082025,Humberto (2025),without_era5,2025-09-28T20:00:00+00:00,era5_max_wind,ERA5 10 m maximum,28.337279330802676,False,hourly mean,3
AL082025,Humberto (2025),without_era5,2025-09-28T21:00:00+00:00,era5_max_wind,ERA5 10 m maximum,28.881227012668102,False,hourly mean,3
AL082025,Humberto (2025),without_era5,2025-09-28T22:00:00+00:00,era5_max_wind,ERA5 10 m maximum,29.425174694533524,False,hourly mean,3
AL082025,Humberto (2025),without_era5,2025-09-28T23:00:00+00:00,era5_max_wind,ERA5 10 m maximum,29.425174694533524,False,hourly mean,3
AL082025,Humberto (2025),without_era5,2025-09-29T00:00:00+00:00,era5_max_wind,ERA5 10 m maximum,29.425174694533524,False,hourly mean,3
AL082025,Humberto (2025),without_era5,2025-09-29T01:00:00+00:00,era5_max_wind,ERA5 10 m maximum,29.425174694533524,False,hourly mean,3
AL082025,Humberto (2025),without_era5,2025-09-29T02:00:00+00:00,era5_max_wind,ERA5 10 m maximum,30.22884368155634,False,hourly mean,3
AL082025,Humberto (2025),without_era5,2025-09-29T03:00:00+00:00,era5_max_wind,ERA5 10 m maximum,31.03251266857916,False,hourly mean,3
AL082025,Humberto (2025),without_era5,2025-09-29T04:00:00+00:00,era5_max_wind,ERA5 10 m maximum,31.83618165560198,False,hourly mean,3
AL082025,Humberto (2025),without_era5,2025-09-29T05:00:00+00:00,era5_max_wind,ERA5 10 m maximum,31.83618165560198,False,hourly mean,3
AL082025,Humberto (2025),without_era5,2025-09-29T06:00:00+00:00,era5_max_wind,ERA5 10 m maximum,31.83618165560198,False,hourly mean,3
AL082025,Humberto (2025),without_era5,2025-09-29T07:00:00+00:00,era5_max_wind,ERA5 10 m maximum,31.83618165560198,False,hourly mean,3
AL082025,Humberto (2025),without_era5,2025-09-29T08:00:00+00:00,era5_max_wind,ERA5 10 m maximum,31.250007196863766,False,hourly mean,3
AL082025,Humberto (2025),without_era5,2025-09-29T09:00:00+00:00,era5_max_wind,ERA5 10 m maximum,30.66383273812555,False,hourly mean,3
AL082025,Humberto (2025),without_era5,2025-09-29T10:00:00+00:00,era5_max_wind,ERA5 10 m maximum,30.077658279387336,False,hourly mean,3
AL082025,Humberto (2025),without_era5,2025-09-29T11:00:00+00:00,era5_max_wind,ERA5 10 m maximum,30.077658279387336,False,hourly mean,3
AL082025,Humberto (2025),without_era5,2025-09-29T12:00:00+00:00,era5_max_wind,ERA5 10 m maximum,30.077658279387336,False,hourly mean,3
AL082025,Humberto (2025),without_era5,2025-09-29T13:00:00+00:00,era5_max_wind,ERA5 10 m maximum,30.077658279387336,False,hourly mean,3
AL082025,Humberto (2025),without_era5,2025-09-29T14:00:00+00:00,era5_max_wind,ERA5 10 m maximum,30.4126681770899,False,hourly mean,3
AL082025,Humberto (2025),without_era5,2025-09-29T15:00:00+00:00,era5_max_wind,ERA5 10 m maximum,30.74767807479246,False,hourly mean,3
AL082025,Humberto (2025),without_era5,2025-09-29T16:00:00+00:00,era5_max_wind,ERA5 10 m maximum,31.082687972495023,False,hourly mean,3
AL082025,Humberto (2025),without_era5,2025-09-29T17:00:00+00:00,era5_max_wind,ERA5 10 m maximum,31.082687972495023,False,hourly mean,3
AL082025,Humberto (2025),without_era5,2025-09-29T18:00:00+00:00,era5_max_wind,ERA5 10 m maximum,31.082687972495023,False,hourly mean,3
AL082025,Humberto (2025),without_era5,2025-09-29T19:00:00+00:00,era5_max_wind,ERA5 10 m maximum,31.082687972495023,False,hourly mean,3
AL082025,Humberto (2025),without_era5,2025-09-29T20:00:00+00:00,era5_max_wind,ERA5 10 m maximum,30.28727665261268,False,hourly mean,3
AL082025,Humberto (2025),without_era5,2025-09-29T21:00:00+00:00,era5_max_wind,ERA5 10 m maximum,29.491865332730338,False,hourly mean,3
AL082025,Humberto (2025),without_era5,2025-09-29T22:00:00+00:00,era5_max_wind,ERA5 10 m maximum,28.696454012847994,False,hourly mean,3
AL082025,Humberto (2025),without_era5,2025-09-29T23:00:00+00:00,era5_max_wind,ERA5 10 m maximum,28.696454012847994,False,hourly mean,3
AL082025,Humberto (2025),without_era5,2025-09-30T00:00:00+00:00,era5_max_wind,ERA5 10 m maximum,28.696454012847994,False,hourly mean,3
AL082025,Humberto (2025),without_era5,2025-09-30T01:00:00+00:00,era5_max_wind,ERA5 10 m maximum,28.696454012847994,False,hourly mean,3
AL082025,Humberto (2025),without_era5,2025-09-30T02:00:00+00:00,era5_max_wind,ERA5 10 m maximum,28.00184361711403,False,hourly mean,3
AL082025,Humberto (2025),without_era5,2025-09-30T03:00:00+00:00,era5_max_wind,ERA5 10 m maximum,27.30723322138006,False,hourly mean,3
AL082025,Humberto (2025),without_era5,2025-09-30T04:00:00+00:00,era5_max_wind,ERA5 10 m maximum,26.61262282564609,False,hourly mean,3
AL082025,Humberto (2025),without_era5,2025-09-30T05:00:00+00:00,era5_max_wind,ERA5 10 m maximum,26.61262282564609,False,hourly mean,3
AL082025,Humberto (2025),without_era5,2025-09-30T06:00:00+00:00,era5_max_wind,ERA5 10 m maximum,26.61262282564609,False,hourly mean,3
AL082025,Humberto (2025),without_era5,2025-09-30T07:00:00+00:00,era5_max_wind,ERA5 10 m maximum,26.61262282564609,False,hourly mean,3
AL082025,Humberto (2025),without_era5,2025-09-30T08:00:00+00:00,era5_max_wind,ERA5 10 m maximum,26.499945937621774,False,hourly mean,3
AL082025,Humberto (2025),without_era5,2025-09-30T09:00:00+00:00,era5_max_wind,ERA5 10 m maximum,26.387269049597453,False,hourly mean,3
AL082025,Humberto (2025),without_era5,2025-09-30T10:00:00+00:00,era5_max_wind,ERA5 10 m maximum,26.27459216157314,False,hourly mean,3
AL082025,Humberto (2025),without_era5,2025-09-30T11:00:00+00:00,era5_max_wind,ERA5 10 m maximum,26.27459216157314,False,hourly mean,3
AL082025,Humberto (2025),without_era5,2025-09-30T12:00:00+00:00,era5_max_wind,ERA5 10 m maximum,26.27459216157314,False,hourly mean,3
AL082025,Humberto (2025),without_era5,2025-09-30T13:00:00+00:00,era5_max_wind,ERA5 10 m maximum,26.27459216157314,False,hourly mean,3
AL082025,Humberto (2025),without_era5,2025-09-30T14:00:00+00:00,era5_max_wind,ERA5 10 m maximum,25.349375140733514,False,hourly mean,3
AL082025,Humberto (2025),without_era5,2025-09-30T15:00:00+00:00,era5_max_wind,ERA5 10 m maximum,24.42415811989389,False,hourly mean,3
AL082025,Humberto (2025),without_era5,2025-09-30T16:00:00+00:00,era5_max_wind,ERA5 10 m maximum,23.49894109905426,False,hourly mean,3
AL082025,Humberto (2025),without_era5,2025-09-30T17:00:00+00:00,era5_max_wind,ERA5 10 m maximum,23.49894109905426,False,hourly mean,3
AL082025,Humberto (2025),without_era5,2025-09-30T18:00:00+00:00,era5_max_wind,ERA5 10 m maximum,23.49894109905426,False,hourly mean,3
AL082025,Humberto (2025),without_era5,2025-09-30T19:00:00+00:00,era5_max_wind,ERA5 10 m maximum,23.49894109905426,False,hourly mean,3
AL082025,Humberto (2025),without_era5,2025-09-30T20:00:00+00:00,era5_max_wind,ERA5 10 m maximum,23.132587363797303,False,hourly mean,3
AL082025,Humberto (2025),without_era5,2025-09-30T21:00:00+00:00,era5_max_wind,ERA5 10 m maximum,22.766233628540352,False,hourly mean,3
AL082025,Humberto (2025),without_era5,2025-09-30T22:00:00+00:00,era5_max_wind,ERA5 10 m maximum,22.3998798932834,False,hourly mean,3
AL082025,Humberto (2025),without_era5,2025-09-30T23:00:00+00:00,era5_max_wind,ERA5 10 m maximum,22.3998798932834,False,hourly mean,3
AL082025,Humberto (2025),without_era5,2025-10-01T00:00:00+00:00,era5_max_wind,ERA5 10 m maximum,22.3998798932834,False,hourly mean,3
AL082025,Humberto (2025),without_era5,2025-10-01T01:00:00+00:00,era5_max_wind,ERA5 10 m maximum,22.3998798932834,False,hourly mean,3
AL082025,Humberto (2025),without_era5,2025-10-01T02:00:00+00:00,era5_max_wind,ERA5 10 m maximum,23.72613813748991,False,hourly mean,3
AL082025,Humberto (2025),without_era5,2025-10-01T03:00:00+00:00,era5_max_wind,ERA5 10 m maximum,25.052396381696422,False,hourly mean,3
AL082025,Humberto (2025),without_era5,2025-10-01T04:00:00+00:00,era5_max_wind,ERA5 10 m maximum,26.37865462590293,False,hourly mean,3
AL082025,Humberto (2025),without_era5,2025-10-01T05:00:00+00:00,era5_max_wind,ERA5 10 m maximum,26.37865462590293,False,hourly mean,3
AL082025,Humberto (2025),without_era5,2025-10-01T06:00:00+00:00,era5_max_wind,ERA5 10 m maximum,26.37865462590293,False,hourly mean,3
AL082025,Humberto (2025),without_era5,2025-10-01T07:00:00+00:00,era5_max_wind,ERA5 10 m maximum,26.37865462590293,False,hourly mean,3
AL082025,Humberto (2025),without_era5,2025-10-01T08:00:00+00:00,era5_max_wind,ERA5 10 m maximum,25.91492733703612,False,hourly mean,3
AL082025,Humberto (2025),without_era5,2025-10-01T09:00:00+00:00,era5_max_wind,ERA5 10 m maximum,25.451200048169312,False,hourly mean,3
AL082025,Humberto (2025),without_era5,2025-10-01T10:00:00+00:00,era5_max_wind,ERA5 10 m maximum,24.987472759302502,False,hourly mean,3
AL082025,Humberto (2025),without_era5,2025-10-01T11:00:00+00:00,era5_max_wind,ERA5 10 m maximum,24.987472759302502,False,hourly mean,3
AL082025,Humberto (2025),without_era5,2025-09-24T12:00:00+00:00,latent_sar_max_wind,Latent MLP · SAR · wind only,25.31389013926188,False,hourly mean,3
AL082025,Humberto (2025),without_era5,2025-09-24T13:00:00+00:00,latent_sar_max_wind,Latent MLP · SAR · wind only,24.687558386060925,False,hourly mean,3
AL082025,Humberto (2025),without_era5,2025-09-24T14:00:00+00:00,latent_sar_max_wind,Latent MLP · SAR · wind only,23.929327328999836,False,hourly mean,3
AL082025,Humberto (2025),without_era5,2025-09-24T15:00:00+00:00,latent_sar_max_wind,Latent MLP · SAR · wind only,23.912729263305664,False,hourly mean,3
AL082025,Humberto (2025),without_era5,2025-09-24T16:00:00+00:00,latent_sar_max_wind,Latent MLP · SAR · wind only,25.77241759830051,False,hourly mean,3
AL082025,Humberto (2025),without_era5,2025-09-24T17:00:00+00:00,latent_sar_max_wind,Latent MLP · SAR · wind only,28.49017662472195,False,hourly mean,3
AL082025,Humberto (2025),without_era5,2025-09-24T18:00:00+00:00,latent_sar_max_wind,Latent MLP · SAR · wind only,28.36351776123047,False,hourly mean,3
AL082025,Humberto (2025),without_era5,2025-09-24T19:00:00+00:00,latent_sar_max_wind,Latent MLP · SAR · wind only,26.65841621822781,False,hourly mean,3
AL082025,Humberto (2025),without_era5,2025-09-24T20:00:00+00:00,latent_sar_max_wind,Latent MLP · SAR · wind only,23.599591785007053,False,hourly mean,3
AL082025,Humberto (2025),without_era5,2025-09-24T21:00:00+00:00,latent_sar_max_wind,Latent MLP · SAR · wind only,22.898110283745655,False,hourly mean,3
AL082025,Humberto (2025),without_era5,2025-09-24T22:00:00+00:00,latent_sar_max_wind,Latent MLP · SAR · wind only,22.25618012746175,False,hourly mean,3
AL082025,Humberto (2025),without_era5,2025-09-24T23:00:00+00:00,latent_sar_max_wind,Latent MLP · SAR · wind only,21.921043078104656,False,hourly mean,3
AL082025,Humberto (2025),without_era5,2025-09-25T00:00:00+00:00,latent_sar_max_wind,Latent MLP · SAR · wind only,21.960054927402073,False,hourly mean,3
AL082025,Humberto (2025),without_era5,2025-09-25T01:00:00+00:00,latent_sar_max_wind,Latent MLP · SAR · wind only,22.04842270745171,False,hourly mean,3
AL082025,Humberto (2025),without_era5,2025-09-25T02:00:00+00:00,latent_sar_max_wind,Latent MLP · SAR · wind only,22.283700307210285,False,hourly mean,3
AL082025,Humberto (2025),without_era5,2025-09-25T03:00:00+00:00,latent_sar_max_wind,Latent MLP · SAR · wind only,22.864566273159454,False,hourly mean,3
AL082025,Humberto (2025),without_era5,2025-09-25T04:00:00+00:00,latent_sar_max_wind,Latent MLP · SAR · wind only,23.403784434000652,False,hourly mean,3
AL082025,Humberto (2025),without_era5,2025-09-25T05:00:00+00:00,latent_sar_max_wind,Latent MLP · SAR · wind only,24.529178513420955,False,hourly mean,3
AL082025,Humberto (2025),without_era5,2025-09-25T06:00:00+00:00,latent_sar_max_wind,Latent MLP · SAR · wind only,24.212029563056095,False,hourly mean,3
AL082025,Humberto (2025),without_era5,2025-09-25T07:00:00+00:00,latent_sar_max_wind,Latent MLP · SAR · wind only,24.36542299058702,False,hourly mean,3
AL082025,Humberto (2025),without_era5,2025-09-25T08:00:00+00:00,latent_sar_max_wind,Latent MLP · SAR · wind only,23.77430650922987,False,hourly mean,3
AL082025,Humberto (2025),without_era5,2025-09-25T09:00:00+00:00,latent_sar_max_wind,Latent MLP · SAR · wind only,26.616627163357204,False,hourly mean,3
AL082025,Humberto (2025),without_era5,2025-09-25T10:00:00+00:00,latent_sar_max_wind,Latent MLP · SAR · wind only,29.340196715460888,False,hourly mean,3
AL082025,Humberto (2025),without_era5,2025-09-25T11:00:00+00:00,latent_sar_max_wind,Latent MLP · SAR · wind only,34.01600541008844,False,hourly mean,3
AL082025,Humberto (2025),without_era5,2025-09-25T12:00:00+00:00,latent_sar_max_wind,Latent MLP · SAR · wind only,38.12119155459934,False,hourly mean,3
AL082025,Humberto (2025),without_era5,2025-09-25T13:00:00+00:00,latent_sar_max_wind,Latent MLP · SAR · wind only,40.20557467142741,False,hourly mean,3
AL082025,Humberto (2025),without_era5,2025-09-25T14:00:00+00:00,latent_sar_max_wind,Latent MLP · SAR · wind only,39.355831358167855,False,hourly mean,3
AL082025,Humberto (2025),without_era5,2025-09-25T15:00:00+00:00,latent_sar_max_wind,Latent MLP · SAR · wind only,36.14411173926459,False,hourly mean,3
AL082025,Humberto (2025),without_era5,2025-09-25T16:00:00+00:00,latent_sar_max_wind,Latent MLP · SAR · wind only,33.55614651574029,False,hourly mean,3
AL082025,Humberto (2025),without_era5,2025-09-25T17:00:00+00:00,latent_sar_max_wind,Latent MLP · SAR · wind only,32.231010331047905,False,hourly mean,3
AL082025,Humberto (2025),without_era5,2025-09-25T18:00:00+00:00,latent_sar_max_wind,Latent MLP · SAR · wind only,30.411311891343857,False,hourly mean,3
AL082025,Humberto (2025),without_era5,2025-09-25T19:00:00+00:00,latent_sar_max_wind,Latent MLP · SAR · wind only,28.390406608581543,False,hourly mean,3
AL082025,Humberto (2025),without_era5,2025-09-25T20:00:00+00:00,latent_sar_max_wind,Latent MLP · SAR · wind only,25.975150532192654,False,hourly mean,3
AL082025,Humberto (2025),without_era5,2025-09-25T21:00:00+00:00,latent_sar_max_wind,Latent MLP · SAR · wind only,26.10349898868137,False,hourly mean,3
AL082025,Humberto (2025),without_era5,2025-09-25T22:00:00+00:00,latent_sar_max_wind,Latent MLP · SAR · wind only,27.77870199415419,False,hourly mean,3
AL082025,Humberto (2025),without_era5,2025-09-25T23:00:00+00:00,latent_sar_max_wind,Latent MLP · SAR · wind only,30.522275076972118,False,hourly mean,3
AL082025,Humberto (2025),without_era5,2025-09-26T00:00:00+00:00,latent_sar_max_wind,Latent MLP · SAR · wind only,35.50848261515299,False,hourly mean,3
AL082025,Humberto (2025),without_era5,2025-09-26T01:00:00+00:00,latent_sar_max_wind,Latent MLP · SAR · wind only,38.11490249633789,False,hourly mean,3
AL082025,Humberto (2025),without_era5,2025-09-26T02:00:00+00:00,latent_sar_max_wind,Latent MLP · SAR · wind only,39.08150990804037,False,hourly mean,3
AL082025,Humberto (2025),without_era5,2025-09-26T03:00:00+00:00,latent_sar_max_wind,Latent MLP · SAR · wind only,36.42135238647461,False,hourly mean,3
AL082025,Humberto (2025),without_era5,2025-09-26T04:00:00+00:00,latent_sar_max_wind,Latent MLP · SAR · wind only,35.32796499464247,False,hourly mean,3
AL082025,Humberto (2025),without_era5,2025-09-26T05:00:00+00:00,latent_sar_max_wind,Latent MLP · SAR · wind only,35.935571882459854,False,hourly mean,3
AL082025,Humberto (2025),without_era5,2025-09-26T06:00:00+00:00,latent_sar_max_wind,Latent MLP · SAR · wind only,42.06063291761611,False,hourly mean,3
AL082025,Humberto (2025),without_era5,2025-09-26T07:00:00+00:00,latent_sar_max_wind,Latent MLP · SAR · wind only,44.64123874240452,False,hourly mean,3
AL082025,Humberto (2025),without_era5,2025-09-26T08:00:00+00:00,latent_sar_max_wind,Latent MLP · SAR · wind only,46.968768225775825,False,hourly mean,3
AL082025,Humberto (2025),without_era5,2025-09-26T09:00:00+00:00,latent_sar_max_wind,Latent MLP · SAR · wind only,43.031639946831596,False,hourly mean,3
AL082025,Humberto (2025),without_era5,2025-09-26T10:00:00+00:00,latent_sar_max_wind,Latent MLP · SAR · wind only,42.86437543233236,False,hourly mean,3
AL082025,Humberto (2025),without_era5,2025-09-26T11:00:00+00:00,latent_sar_max_wind,Latent MLP · SAR · wind only,40.349629720052086,False,hourly mean,3
AL082025,Humberto (2025),without_era5,2025-09-26T12:00:00+00:00,latent_sar_max_wind,Latent MLP · SAR · wind only,37.96461084153917,True,hourly mean,3
AL082025,Humberto (2025),without_era5,2025-09-26T13:00:00+00:00,latent_sar_max_wind,Latent MLP · SAR · wind only,37.37143898010254,True,hourly mean,3
AL082025,Humberto (2025),without_era5,2025-09-26T14:00:00+00:00,latent_sar_max_wind,Latent MLP · SAR · wind only,39.025038401285805,True,hourly mean,3
AL082025,Humberto (2025),without_era5,2025-09-26T15:00:00+00:00,latent_sar_max_wind,Latent MLP · SAR · wind only,41.511528650919594,True,hourly mean,3
AL082025,Humberto (2025),without_era5,2025-09-26T16:00:00+00:00,latent_sar_max_wind,Latent MLP · SAR · wind only,42.957036760118264,True,hourly mean,3
AL082025,Humberto (2025),without_era5,2025-09-26T17:00:00+00:00,latent_sar_max_wind,Latent MLP · SAR · wind only,46.215572357177734,True,hourly mean,3
AL082025,Humberto (2025),without_era5,2025-09-26T18:00:00+00:00,latent_sar_max_wind,Latent MLP · SAR · wind only,47.97556834750705,True,hourly mean,3
AL082025,Humberto (2025),without_era5,2025-09-26T19:00:00+00:00,latent_sar_max_wind,Latent MLP · SAR · wind only,53.2249738905165,True,hourly mean,3
AL082025,Humberto (2025),without_era5,2025-09-26T20:00:00+00:00,latent_sar_max_wind,Latent MLP · SAR · wind only,56.70543924967448,True,hourly mean,3
AL082025,Humberto (2025),without_era5,2025-09-26T21:00:00+00:00,latent_sar_max_wind,Latent MLP · SAR · wind only,62.49530177646213,True,hourly mean,3
AL082025,Humberto (2025),without_era5,2025-09-26T22:00:00+00:00,latent_sar_max_wind,Latent MLP · SAR · wind only,64.01885265774196,True,hourly mean,3
AL082025,Humberto (2025),without_era5,2025-09-26T23:00:00+00:00,latent_sar_max_wind,Latent MLP · SAR · wind only,64.6870568593343,True,hourly mean,3
AL082025,Humberto (2025),without_era5,2025-09-27T00:00:00+00:00,latent_sar_max_wind,Latent MLP · SAR · wind only,64.80859290228949,True,hourly mean,3
AL082025,Humberto (2025),without_era5,2025-09-27T01:00:00+00:00,latent_sar_max_wind,Latent MLP · SAR · wind only,64.52504369947646,True,hourly mean,3
AL082025,Humberto (2025),without_era5,2025-09-27T02:00:00+00:00,latent_sar_max_wind,Latent MLP · SAR · wind only,63.267302407158745,True,hourly mean,3
AL082025,Humberto (2025),without_era5,2025-09-27T03:00:00+00:00,latent_sar_max_wind,Latent MLP · SAR · wind only,62.821169959174256,True,hourly mean,3
AL082025,Humberto (2025),without_era5,2025-09-27T04:00:00+00:00,latent_sar_max_wind,Latent MLP · SAR · wind only,62.32878388298881,True,hourly mean,3
AL082025,Humberto (2025),without_era5,2025-09-27T05:00:00+00:00,latent_sar_max_wind,Latent MLP · SAR · wind only,63.776301701863595,True,hourly mean,3
AL082025,Humberto (2025),without_era5,2025-09-27T06:00:00+00:00,latent_sar_max_wind,Latent MLP · SAR · wind only,63.17592578464083,True,hourly mean,3
AL082025,Humberto (2025),without_era5,2025-09-27T07:00:00+00:00,latent_sar_max_wind,Latent MLP · SAR · wind only,62.203225029839395,True,hourly mean,3
AL082025,Humberto (2025),without_era5,2025-09-27T08:00:00+00:00,latent_sar_max_wind,Latent MLP · SAR · wind only,59.430696063571496,True,hourly mean,3
AL082025,Humberto (2025),without_era5,2025-09-27T09:00:00+00:00,latent_sar_max_wind,Latent MLP · SAR · wind only,57.39809862772623,True,hourly mean,3
AL082025,Humberto (2025),without_era5,2025-09-27T10:00:00+00:00,latent_sar_max_wind,Latent MLP · SAR · wind only,57.29675971137152,True,hourly mean,3
AL082025,Humberto (2025),without_era5,2025-09-27T11:00:00+00:00,latent_sar_max_wind,Latent MLP · SAR · wind only,58.830487357245545,True,hourly mean,3
AL082025,Humberto (2025),without_era5,2025-09-27T12:00:00+00:00,latent_sar_max_wind,Latent MLP · SAR · wind only,60.432568020290795,True,hourly mean,3
AL082025,Humberto (2025),without_era5,2025-09-27T13:00:00+00:00,latent_sar_max_wind,Latent MLP · SAR · wind only,62.98349041408961,True,hourly mean,3
AL082025,Humberto (2025),without_era5,2025-09-27T14:00:00+00:00,latent_sar_max_wind,Latent MLP · SAR · wind only,65.83761723836261,True,hourly mean,3
AL082025,Humberto (2025),without_era5,2025-09-27T15:00:00+00:00,latent_sar_max_wind,Latent MLP · SAR · wind only,67.23130671183266,True,hourly mean,3
AL082025,Humberto (2025),without_era5,2025-09-27T16:00:00+00:00,latent_sar_max_wind,Latent MLP · SAR · wind only,67.23309665256075,True,hourly mean,3
AL082025,Humberto (2025),without_era5,2025-09-27T17:00:00+00:00,latent_sar_max_wind,Latent MLP · SAR · wind only,66.95674175686305,True,hourly mean,3
AL082025,Humberto (2025),without_era5,2025-09-27T18:00:00+00:00,latent_sar_max_wind,Latent MLP · SAR · wind only,67.80930158827039,True,hourly mean,3
AL082025,Humberto (2025),without_era5,2025-09-27T19:00:00+00:00,latent_sar_max_wind,Latent MLP · SAR · wind only,69.1340692308214,True,hourly mean,3
AL082025,Humberto (2025),without_era5,2025-09-27T20:00:00+00:00,latent_sar_max_wind,Latent MLP · SAR · wind only,69.73171615600586,True,hourly mean,3
AL082025,Humberto (2025),without_era5,2025-09-27T21:00:00+00:00,latent_sar_max_wind,Latent MLP · SAR · wind only,70.85778045654295,True,hourly mean,3
AL082025,Humberto (2025),without_era5,2025-09-27T22:00:00+00:00,latent_sar_max_wind,Latent MLP · SAR · wind only,71.44884830050997,True,hourly mean,3
AL082025,Humberto (2025),without_era5,2025-09-27T23:00:00+00:00,latent_sar_max_wind,Latent MLP · SAR · wind only,71.47569274902342,False,hourly mean,3
AL082025,Humberto (2025),without_era5,2025-09-28T00:00:00+00:00,latent_sar_max_wind,Latent MLP · SAR · wind only,71.90963745117186,False,hourly mean,3
AL082025,Humberto (2025),without_era5,2025-09-28T01:00:00+00:00,latent_sar_max_wind,Latent MLP · SAR · wind only,71.27355278862846,False,hourly mean,3
AL082025,Humberto (2025),without_era5,2025-09-28T02:00:00+00:00,latent_sar_max_wind,Latent MLP · SAR · wind only,71.27382998996309,False,hourly mean,3
AL082025,Humberto (2025),without_era5,2025-09-28T03:00:00+00:00,latent_sar_max_wind,Latent MLP · SAR · wind only,70.19383833143445,False,hourly mean,3
AL082025,Humberto (2025),without_era5,2025-09-28T04:00:00+00:00,latent_sar_max_wind,Latent MLP · SAR · wind only,70.41459316677516,False,hourly mean,3
AL082025,Humberto (2025),without_era5,2025-09-28T05:00:00+00:00,latent_sar_max_wind,Latent MLP · SAR · wind only,70.48529434204102,False,hourly mean,3
AL082025,Humberto (2025),without_era5,2025-09-28T06:00:00+00:00,latent_sar_max_wind,Latent MLP · SAR · wind only,70.69338141547308,False,hourly mean,3
AL082025,Humberto (2025),without_era5,2025-09-28T07:00:00+00:00,latent_sar_max_wind,Latent MLP · SAR · wind only,70.1720822652181,False,hourly mean,3
AL082025,Humberto (2025),without_era5,2025-09-28T08:00:00+00:00,latent_sar_max_wind,Latent MLP · SAR · wind only,68.83027670118543,False,hourly mean,3
AL082025,Humberto (2025),without_era5,2025-09-28T09:00:00+00:00,latent_sar_max_wind,Latent MLP · SAR · wind only,65.6707854800754,False,hourly mean,3
AL082025,Humberto (2025),without_era5,2025-09-28T10:00:00+00:00,latent_sar_max_wind,Latent MLP · SAR · wind only,61.3902244567871,False,hourly mean,3
AL082025,Humberto (2025),without_era5,2025-09-28T11:00:00+00:00,latent_sar_max_wind,Latent MLP · SAR · wind only,55.45816718207465,False,hourly mean,3
AL082025,Humberto (2025),without_era5,2025-09-28T12:00:00+00:00,latent_sar_max_wind,Latent MLP · SAR · wind only,53.756011327107736,False,hourly mean,3
AL082025,Humberto (2025),without_era5,2025-09-28T13:00:00+00:00,latent_sar_max_wind,Latent MLP · SAR · wind only,55.45339669121635,False,hourly mean,3
AL082025,Humberto (2025),without_era5,2025-09-28T14:00:00+00:00,latent_sar_max_wind,Latent MLP · SAR · wind only,59.64448589748806,False,hourly mean,3
AL082025,Humberto (2025),without_era5,2025-09-28T15:00:00+00:00,latent_sar_max_wind,Latent MLP · SAR · wind only,62.39847416347927,False,hourly mean,3
AL082025,Humberto (2025),without_era5,2025-09-28T16:00:00+00:00,latent_sar_max_wind,Latent MLP · SAR · wind only,61.12286313374836,False,hourly mean,3
AL082025,Humberto (2025),without_era5,2025-09-28T17:00:00+00:00,latent_sar_max_wind,Latent MLP · SAR · wind only,61.674580679999444,False,hourly mean,3
AL082025,Humberto (2025),without_era5,2025-09-28T18:00:00+00:00,latent_sar_max_wind,Latent MLP · SAR · wind only,60.86029201083712,False,hourly mean,3
AL082025,Humberto (2025),without_era5,2025-09-28T19:00:00+00:00,latent_sar_max_wind,Latent MLP · SAR · wind only,61.31127251519096,False,hourly mean,3
AL082025,Humberto (2025),without_era5,2025-09-28T20:00:00+00:00,latent_sar_max_wind,Latent MLP · SAR · wind only,61.45865080091687,False,hourly mean,3
AL082025,Humberto (2025),without_era5,2025-09-28T21:00:00+00:00,latent_sar_max_wind,Latent MLP · SAR · wind only,61.76903110080294,False,hourly mean,3
AL082025,Humberto (2025),without_era5,2025-09-28T22:00:00+00:00,latent_sar_max_wind,Latent MLP · SAR · wind only,64.41025733947752,False,hourly mean,3
AL082025,Humberto (2025),without_era5,2025-09-28T23:00:00+00:00,latent_sar_max_wind,Latent MLP · SAR · wind only,64.9173109266493,False,hourly mean,3
AL082025,Humberto (2025),without_era5,2025-09-29T00:00:00+00:00,latent_sar_max_wind,Latent MLP · SAR · wind only,64.17769262525769,False,hourly mean,3
AL082025,Humberto (2025),without_era5,2025-09-29T01:00:00+00:00,latent_sar_max_wind,Latent MLP · SAR · wind only,59.83800760904947,False,hourly mean,3
AL082025,Humberto (2025),without_era5,2025-09-29T02:00:00+00:00,latent_sar_max_wind,Latent MLP · SAR · wind only,57.32882669236924,False,hourly mean,3
AL082025,Humberto (2025),without_era5,2025-09-29T03:00:00+00:00,latent_sar_max_wind,Latent MLP · SAR · wind only,53.957613839043496,False,hourly mean,3
AL082025,Humberto (2025),without_era5,2025-09-29T04:00:00+00:00,latent_sar_max_wind,Latent MLP · SAR · wind only,50.051180521647126,False,hourly mean,3
AL082025,Humberto (2025),without_era5,2025-09-29T05:00:00+00:00,latent_sar_max_wind,Latent MLP · SAR · wind only,46.97019174363877,False,hourly mean,3
AL082025,Humberto (2025),without_era5,2025-09-29T06:00:00+00:00,latent_sar_max_wind,Latent MLP · SAR · wind only,46.942324956258126,False,hourly mean,3
AL082025,Humberto (2025),without_era5,2025-09-29T07:00:00+00:00,latent_sar_max_wind,Latent MLP · SAR · wind only,50.39513884650336,False,hourly mean,3
AL082025,Humberto (2025),without_era5,2025-09-29T08:00:00+00:00,latent_sar_max_wind,Latent MLP · SAR · wind only,51.002035140991204,False,hourly mean,3
AL082025,Humberto (2025),without_era5,2025-09-29T09:00:00+00:00,latent_sar_max_wind,Latent MLP · SAR · wind only,47.8861912621392,False,hourly mean,3
AL082025,Humberto (2025),without_era5,2025-09-29T10:00:00+00:00,latent_sar_max_wind,Latent MLP · SAR · wind only,44.97456656561957,False,hourly mean,3
AL082025,Humberto (2025),without_era5,2025-09-29T11:00:00+00:00,latent_sar_max_wind,Latent MLP · SAR · wind only,45.47776052686902,False,hourly mean,3
AL082025,Humberto (2025),without_era5,2025-09-29T12:00:00+00:00,latent_sar_max_wind,Latent MLP · SAR · wind only,48.79579204983181,False,hourly mean,3
AL082025,Humberto (2025),without_era5,2025-09-29T13:00:00+00:00,latent_sar_max_wind,Latent MLP · SAR · wind only,48.55006387498643,False,hourly mean,3
AL082025,Humberto (2025),without_era5,2025-09-29T14:00:00+00:00,latent_sar_max_wind,Latent MLP · SAR · wind only,46.87272834777831,False,hourly mean,3
AL082025,Humberto (2025),without_era5,2025-09-29T15:00:00+00:00,latent_sar_max_wind,Latent MLP · SAR · wind only,46.31760766771103,False,hourly mean,3
AL082025,Humberto (2025),without_era5,2025-09-29T16:00:00+00:00,latent_sar_max_wind,Latent MLP · SAR · wind only,47.32390869988334,False,hourly mean,3
AL082025,Humberto (2025),without_era5,2025-09-29T17:00:00+00:00,latent_sar_max_wind,Latent MLP · SAR · wind only,46.307341893513986,False,hourly mean,3
AL082025,Humberto (2025),without_era5,2025-09-29T18:00:00+00:00,latent_sar_max_wind,Latent MLP · SAR · wind only,44.35173734029133,False,hourly mean,3
AL082025,Humberto (2025),without_era5,2025-09-29T19:00:00+00:00,latent_sar_max_wind,Latent MLP · SAR · wind only,40.42601267496744,False,hourly mean,3
AL082025,Humberto (2025),without_era5,2025-09-29T20:00:00+00:00,latent_sar_max_wind,Latent MLP · SAR · wind only,37.10831387837727,False,hourly mean,3
AL082025,Humberto (2025),without_era5,2025-09-29T21:00:00+00:00,latent_sar_max_wind,Latent MLP · SAR · wind only,31.23518096076117,False,hourly mean,3
AL082025,Humberto (2025),without_era5,2025-09-29T22:00:00+00:00,latent_sar_max_wind,Latent MLP · SAR · wind only,27.786627451578767,False,hourly mean,3
AL082025,Humberto (2025),without_era5,2025-09-29T23:00:00+00:00,latent_sar_max_wind,Latent MLP · SAR · wind only,24.731192164950894,False,hourly mean,3
AL082025,Humberto (2025),without_era5,2025-09-30T00:00:00+00:00,latent_sar_max_wind,Latent MLP · SAR · wind only,24.010122405158143,False,hourly mean,3
AL082025,Humberto (2025),without_era5,2025-09-30T01:00:00+00:00,latent_sar_max_wind,Latent MLP · SAR · wind only,23.470927238464345,False,hourly mean,3
AL082025,Humberto (2025),without_era5,2025-09-30T02:00:00+00:00,latent_sar_max_wind,Latent MLP · SAR · wind only,22.83167446984184,False,hourly mean,3
AL082025,Humberto (2025),without_era5,2025-09-30T03:00:00+00:00,latent_sar_max_wind,Latent MLP · SAR · wind only,23.072376039293065,False,hourly mean,3
AL082025,Humberto (2025),without_era5,2025-09-30T04:00:00+00:00,latent_sar_max_wind,Latent MLP · SAR · wind only,23.00875663757323,False,hourly mean,3
AL082025,Humberto (2025),without_era5,2025-09-30T05:00:00+00:00,latent_sar_max_wind,Latent MLP · SAR · wind only,23.006452242533356,False,hourly mean,3
AL082025,Humberto (2025),without_era5,2025-09-30T06:00:00+00:00,latent_sar_max_wind,Latent MLP · SAR · wind only,22.421897570292145,False,hourly mean,3
AL082025,Humberto (2025),without_era5,2025-09-30T07:00:00+00:00,latent_sar_max_wind,Latent MLP · SAR · wind only,22.378121693929028,False,hourly mean,3
AL082025,Humberto (2025),without_era5,2025-09-30T08:00:00+00:00,latent_sar_max_wind,Latent MLP · SAR · wind only,22.37111028035481,False,hourly mean,3
AL082025,Humberto (2025),without_era5,2025-09-30T09:00:00+00:00,latent_sar_max_wind,Latent MLP · SAR · wind only,22.410552999708376,False,hourly mean,3
AL082025,Humberto (2025),without_era5,2025-09-30T10:00:00+00:00,latent_sar_max_wind,Latent MLP · SAR · wind only,22.50322354634602,False,hourly mean,3
AL082025,Humberto (2025),without_era5,2025-09-30T11:00:00+00:00,latent_sar_max_wind,Latent MLP · SAR · wind only,22.673510784573015,False,hourly mean,3
AL082025,Humberto (2025),without_era5,2025-09-30T12:00:00+00:00,latent_sar_max_wind,Latent MLP · SAR · wind only,23.410433557298436,False,hourly mean,3
AL082025,Humberto (2025),without_era5,2025-09-30T13:00:00+00:00,latent_sar_max_wind,Latent MLP · SAR · wind only,25.4124682744344,False,hourly mean,3
AL082025,Humberto (2025),without_era5,2025-09-30T14:00:00+00:00,latent_sar_max_wind,Latent MLP · SAR · wind only,28.428061061435262,False,hourly mean,3
AL082025,Humberto (2025),without_era5,2025-09-30T15:00:00+00:00,latent_sar_max_wind,Latent MLP · SAR · wind only,30.07512198554144,False,hourly mean,3
AL082025,Humberto (2025),without_era5,2025-09-30T16:00:00+00:00,latent_sar_max_wind,Latent MLP · SAR · wind only,28.396523369683152,False,hourly mean,3
AL082025,Humberto (2025),without_era5,2025-09-30T17:00:00+00:00,latent_sar_max_wind,Latent MLP · SAR · wind only,25.484466446770554,False,hourly mean,3
AL082025,Humberto (2025),without_era5,2025-09-30T18:00:00+00:00,latent_sar_max_wind,Latent MLP · SAR · wind only,23.265735732184506,False,hourly mean,3
AL082025,Humberto (2025),without_era5,2025-09-30T19:00:00+00:00,latent_sar_max_wind,Latent MLP · SAR · wind only,23.06747669643825,False,hourly mean,3
AL082025,Humberto (2025),without_era5,2025-09-30T20:00:00+00:00,latent_sar_max_wind,Latent MLP · SAR · wind only,23.03820281558566,False,hourly mean,3
AL082025,Humberto (2025),without_era5,2025-09-30T21:00:00+00:00,latent_sar_max_wind,Latent MLP · SAR · wind only,23.083122677273213,False,hourly mean,3
AL082025,Humberto (2025),without_era5,2025-09-30T22:00:00+00:00,latent_sar_max_wind,Latent MLP · SAR · wind only,22.935958968268494,False,hourly mean,3
AL082025,Humberto (2025),without_era5,2025-09-30T23:00:00+00:00,latent_sar_max_wind,Latent MLP · SAR · wind only,22.903664037916386,False,hourly mean,3
AL082025,Humberto (2025),without_era5,2025-10-01T00:00:00+00:00,latent_sar_max_wind,Latent MLP · SAR · wind only,22.939348941379112,False,hourly mean,3
AL082025,Humberto (2025),without_era5,2025-10-01T01:00:00+00:00,latent_sar_max_wind,Latent MLP · SAR · wind only,23.26677924262152,False,hourly mean,3
AL082025,Humberto (2025),without_era5,2025-10-01T02:00:00+00:00,latent_sar_max_wind,Latent MLP · SAR · wind only,23.887292755974652,False,hourly mean,3
AL082025,Humberto (2025),without_era5,2025-10-01T03:00:00+00:00,latent_sar_max_wind,Latent MLP · SAR · wind only,26.564937591552724,False,hourly mean,3
AL082025,Humberto (2025),without_era5,2025-10-01T04:00:00+00:00,latent_sar_max_wind,Latent MLP · SAR · wind only,31.929604636298276,False,hourly mean,3
AL082025,Humberto (2025),without_era5,2025-10-01T05:00:00+00:00,latent_sar_max_wind,Latent MLP · SAR · wind only,39.77728663550482,False,hourly mean,3
AL082025,Humberto (2025),without_era5,2025-10-01T06:00:00+00:00,latent_sar_max_wind,Latent MLP · SAR · wind only,44.31969420115152,False,hourly mean,3
AL082025,Humberto (2025),without_era5,2025-10-01T07:00:00+00:00,latent_sar_max_wind,Latent MLP · SAR · wind only,41.44570297665066,False,hourly mean,3
AL082025,Humberto (2025),without_era5,2025-10-01T08:00:00+00:00,latent_sar_max_wind,Latent MLP · SAR · wind only,37.39379172854952,False,hourly mean,3
AL082025,Humberto (2025),without_era5,2025-10-01T09:00:00+00:00,latent_sar_max_wind,Latent MLP · SAR · wind only,33.310684204101555,False,hourly mean,3
AL082025,Humberto (2025),without_era5,2025-10-01T10:00:00+00:00,latent_sar_max_wind,Latent MLP · SAR · wind only,33.591724077860505,False,hourly mean,3
AL082025,Humberto (2025),without_era5,2025-10-01T11:00:00+00:00,latent_sar_max_wind,Latent MLP · SAR · wind only,32.24692932764688,False,hourly mean,3
AL082025,Humberto (2025),without_era5,2025-09-24T12:00:00+00:00,latent_sar_max_wind_radii,Latent MLP · SAR · wind + radii,25.192138512929283,False,hourly mean,3
AL082025,Humberto (2025),without_era5,2025-09-24T13:00:00+00:00,latent_sar_max_wind_radii,Latent MLP · SAR · wind + radii,24.9117914835612,False,hourly mean,3
AL082025,Humberto (2025),without_era5,2025-09-24T14:00:00+00:00,latent_sar_max_wind_radii,Latent MLP · SAR · wind + radii,24.660899056328663,False,hourly mean,3
AL082025,Humberto (2025),without_era5,2025-09-24T15:00:00+00:00,latent_sar_max_wind_radii,Latent MLP · SAR · wind + radii,23.72329881456163,False,hourly mean,3
AL082025,Humberto (2025),without_era5,2025-09-24T16:00:00+00:00,latent_sar_max_wind_radii,Latent MLP · SAR · wind + radii,24.11565833621555,False,hourly mean,3
AL082025,Humberto (2025),without_era5,2025-09-24T17:00:00+00:00,latent_sar_max_wind_radii,Latent MLP · SAR · wind + radii,24.958318922254776,False,hourly mean,3
AL082025,Humberto (2025),without_era5,2025-09-24T18:00:00+00:00,latent_sar_max_wind_radii,Latent MLP · SAR · wind + radii,25.755025227864582,False,hourly mean,3
AL082025,Humberto (2025),without_era5,2025-09-24T19:00:00+00:00,latent_sar_max_wind_radii,Latent MLP · SAR · wind + radii,25.218125873141815,False,hourly mean,3
AL082025,Humberto (2025),without_era5,2025-09-24T20:00:00+00:00,latent_sar_max_wind_radii,Latent MLP · SAR · wind + radii,25.157581011454266,False,hourly mean,3
AL082025,Humberto (2025),without_era5,2025-09-24T21:00:00+00:00,latent_sar_max_wind_radii,Latent MLP · SAR · wind + radii,25.226670900980633,False,hourly mean,3
AL082025,Humberto (2025),without_era5,2025-09-24T22:00:00+00:00,latent_sar_max_wind_radii,Latent MLP · SAR · wind + radii,25.082416428460018,False,hourly mean,3
AL082025,Humberto (2025),without_era5,2025-09-24T23:00:00+00:00,latent_sar_max_wind_radii,Latent MLP · SAR · wind + radii,23.98897425333659,False,hourly mean,3
AL082025,Humberto (2025),without_era5,2025-09-25T00:00:00+00:00,latent_sar_max_wind_radii,Latent MLP · SAR · wind + radii,23.314680841233994,False,hourly mean,3
AL082025,Humberto (2025),without_era5,2025-09-25T01:00:00+00:00,latent_sar_max_wind_radii,Latent MLP · SAR · wind + radii,23.554421001010468,False,hourly mean,3
AL082025,Humberto (2025),without_era5,2025-09-25T02:00:00+00:00,latent_sar_max_wind_radii,Latent MLP · SAR · wind + radii,24.962280167473683,False,hourly mean,3
AL082025,Humberto (2025),without_era5,2025-09-25T03:00:00+00:00,latent_sar_max_wind_radii,Latent MLP · SAR · wind + radii,27.645301077100967,False,hourly mean,3
AL082025,Humberto (2025),without_era5,2025-09-25T04:00:00+00:00,latent_sar_max_wind_radii,Latent MLP · SAR · wind + radii,28.958410157097706,False,hourly mean,3
AL082025,Humberto (2025),without_era5,2025-09-25T05:00:00+00:00,latent_sar_max_wind_radii,Latent MLP · SAR · wind + radii,27.78423362308078,False,hourly mean,3
AL082025,Humberto (2025),without_era5,2025-09-25T06:00:00+00:00,latent_sar_max_wind_radii,Latent MLP · SAR · wind + radii,25.71163495381673,False,hourly mean,3
AL082025,Humberto (2025),without_era5,2025-09-25T07:00:00+00:00,latent_sar_max_wind_radii,Latent MLP · SAR · wind + radii,25.315942340426975,False,hourly mean,3
AL082025,Humberto (2025),without_era5,2025-09-25T08:00:00+00:00,latent_sar_max_wind_radii,Latent MLP · SAR · wind + radii,25.382444593641495,False,hourly mean,3
AL082025,Humberto (2025),without_era5,2025-09-25T09:00:00+00:00,latent_sar_max_wind_radii,Latent MLP · SAR · wind + radii,28.924420568678112,False,hourly mean,3
AL082025,Humberto (2025),without_era5,2025-09-25T10:00:00+00:00,latent_sar_max_wind_radii,Latent MLP · SAR · wind + radii,31.529202249315045,False,hourly mean,3
AL082025,Humberto (2025),without_era5,2025-09-25T11:00:00+00:00,latent_sar_max_wind_radii,Latent MLP · SAR · wind + radii,36.048403633965385,False,hourly mean,3
AL082025,Humberto (2025),without_era5,2025-09-25T12:00:00+00:00,latent_sar_max_wind_radii,Latent MLP · SAR · wind + radii,36.41096475389269,False,hourly mean,3
AL082025,Humberto (2025),without_era5,2025-09-25T13:00:00+00:00,latent_sar_max_wind_radii,Latent MLP · SAR · wind + radii,37.67520713806153,False,hourly mean,3
AL082025,Humberto (2025),without_era5,2025-09-25T14:00:00+00:00,latent_sar_max_wind_radii,Latent MLP · SAR · wind + radii,37.820339626736114,False,hourly mean,3
AL082025,Humberto (2025),without_era5,2025-09-25T15:00:00+00:00,latent_sar_max_wind_radii,Latent MLP · SAR · wind + radii,40.0669436984592,False,hourly mean,3
AL082025,Humberto (2025),without_era5,2025-09-25T16:00:00+00:00,latent_sar_max_wind_radii,Latent MLP · SAR · wind + radii,40.53795093960232,False,hourly mean,3
AL082025,Humberto (2025),without_era5,2025-09-25T17:00:00+00:00,latent_sar_max_wind_radii,Latent MLP · SAR · wind + radii,40.993458853827576,False,hourly mean,3
AL082025,Humberto (2025),without_era5,2025-09-25T18:00:00+00:00,latent_sar_max_wind_radii,Latent MLP · SAR · wind + radii,37.01042101118299,False,hourly mean,3
AL082025,Humberto (2025),without_era5,2025-09-25T19:00:00+00:00,latent_sar_max_wind_radii,Latent MLP · SAR · wind + radii,34.060146967569985,False,hourly mean,3
AL082025,Humberto (2025),without_era5,2025-09-25T20:00:00+00:00,latent_sar_max_wind_radii,Latent MLP · SAR · wind + radii,29.545613606770832,False,hourly mean,3
AL082025,Humberto (2025),without_era5,2025-09-25T21:00:00+00:00,latent_sar_max_wind_radii,Latent MLP · SAR · wind + radii,27.746635754903156,False,hourly mean,3
AL082025,Humberto (2025),without_era5,2025-09-25T22:00:00+00:00,latent_sar_max_wind_radii,Latent MLP · SAR · wind + radii,25.511099497477215,False,hourly mean,3
AL082025,Humberto (2025),without_era5,2025-09-25T23:00:00+00:00,latent_sar_max_wind_radii,Latent MLP · SAR · wind + radii,25.430002848307293,False,hourly mean,3
AL082025,Humberto (2025),without_era5,2025-09-26T00:00:00+00:00,latent_sar_max_wind_radii,Latent MLP · SAR · wind + radii,25.214226404825848,False,hourly mean,3
AL082025,Humberto (2025),without_era5,2025-09-26T01:00:00+00:00,latent_sar_max_wind_radii,Latent MLP · SAR · wind + radii,26.01077641381158,False,hourly mean,3
AL082025,Humberto (2025),without_era5,2025-09-26T02:00:00+00:00,latent_sar_max_wind_radii,Latent MLP · SAR · wind + radii,27.019936561584473,False,hourly mean,3
AL082025,Humberto (2025),without_era5,2025-09-26T03:00:00+00:00,latent_sar_max_wind_radii,Latent MLP · SAR · wind + radii,27.293166478474934,False,hourly mean,3
AL082025,Humberto (2025),without_era5,2025-09-26T04:00:00+00:00,latent_sar_max_wind_radii,Latent MLP · SAR · wind + radii,29.760640144348145,False,hourly mean,3
AL082025,Humberto (2025),without_era5,2025-09-26T05:00:00+00:00,latent_sar_max_wind_radii,Latent MLP · SAR · wind + radii,38.357456313239204,False,hourly mean,3
AL082025,Humberto (2025),without_era5,2025-09-26T06:00:00+00:00,latent_sar_max_wind_radii,Latent MLP · SAR · wind + radii,45.24220191107856,False,hourly mean,3
AL082025,Humberto (2025),without_era5,2025-09-26T07:00:00+00:00,latent_sar_max_wind_radii,Latent MLP · SAR · wind + radii,50.335609436035156,False,hourly mean,3
AL082025,Humberto (2025),without_era5,2025-09-26T08:00:00+00:00,latent_sar_max_wind_radii,Latent MLP · SAR · wind + radii,47.594525231255425,False,hourly mean,3
AL082025,Humberto (2025),without_era5,2025-09-26T09:00:00+00:00,latent_sar_max_wind_radii,Latent MLP · SAR · wind + radii,47.503366682264534,False,hourly mean,3
AL082025,Humberto (2025),without_era5,2025-09-26T10:00:00+00:00,latent_sar_max_wind_radii,Latent MLP · SAR · wind + radii,46.794626235961914,False,hourly mean,3
AL082025,Humberto (2025),without_era5,2025-09-26T11:00:00+00:00,latent_sar_max_wind_radii,Latent MLP · SAR · wind + radii,49.84595489501953,False,hourly mean,3
AL082025,Humberto (2025),without_era5,2025-09-26T12:00:00+00:00,latent_sar_max_wind_radii,Latent MLP · SAR · wind + radii,49.2356997595893,True,hourly mean,3
AL082025,Humberto (2025),without_era5,2025-09-26T13:00:00+00:00,latent_sar_max_wind_radii,Latent MLP · SAR · wind + radii,51.329220665825744,True,hourly mean,3
AL082025,Humberto (2025),without_era5,2025-09-26T14:00:00+00:00,latent_sar_max_wind_radii,Latent MLP · SAR · wind + radii,50.579293992784294,True,hourly mean,3
AL082025,Humberto (2025),without_era5,2025-09-26T15:00:00+00:00,latent_sar_max_wind_radii,Latent MLP · SAR · wind + radii,51.751868142022026,True,hourly mean,3
AL082025,Humberto (2025),without_era5,2025-09-26T16:00:00+00:00,latent_sar_max_wind_radii,Latent MLP · SAR · wind + radii,51.627131356133354,True,hourly mean,3
AL082025,Humberto (2025),without_era5,2025-09-26T17:00:00+00:00,latent_sar_max_wind_radii,Latent MLP · SAR · wind + radii,53.08240403069391,True,hourly mean,3
AL082025,Humberto (2025),without_era5,2025-09-26T18:00:00+00:00,latent_sar_max_wind_radii,Latent MLP · SAR · wind + radii,55.96988042195638,True,hourly mean,3
AL082025,Humberto (2025),without_era5,2025-09-26T19:00:00+00:00,latent_sar_max_wind_radii,Latent MLP · SAR · wind + radii,58.70158259073893,True,hourly mean,3
AL082025,Humberto (2025),without_era5,2025-09-26T20:00:00+00:00,latent_sar_max_wind_radii,Latent MLP · SAR · wind + radii,60.52186139424642,True,hourly mean,3
AL082025,Humberto (2025),without_era5,2025-09-26T21:00:00+00:00,latent_sar_max_wind_radii,Latent MLP · SAR · wind + radii,64.13179016113281,True,hourly mean,3
AL082025,Humberto (2025),without_era5,2025-09-26T22:00:00+00:00,latent_sar_max_wind_radii,Latent MLP · SAR · wind + radii,63.916899787055115,True,hourly mean,3
AL082025,Humberto (2025),without_era5,2025-09-26T23:00:00+00:00,latent_sar_max_wind_radii,Latent MLP · SAR · wind + radii,63.01486502753363,True,hourly mean,3
AL082025,Humberto (2025),without_era5,2025-09-27T00:00:00+00:00,latent_sar_max_wind_radii,Latent MLP · SAR · wind + radii,61.96874131096734,True,hourly mean,3
AL082025,Humberto (2025),without_era5,2025-09-27T01:00:00+00:00,latent_sar_max_wind_radii,Latent MLP · SAR · wind + radii,62.75181664360894,True,hourly mean,3
AL082025,Humberto (2025),without_era5,2025-09-27T02:00:00+00:00,latent_sar_max_wind_radii,Latent MLP · SAR · wind + radii,62.96432579888238,True,hourly mean,3
AL082025,Humberto (2025),without_era5,2025-09-27T03:00:00+00:00,latent_sar_max_wind_radii,Latent MLP · SAR · wind + radii,62.59714847140842,True,hourly mean,3
AL082025,Humberto (2025),without_era5,2025-09-27T04:00:00+00:00,latent_sar_max_wind_radii,Latent MLP · SAR · wind + radii,62.7876705593533,True,hourly mean,3
AL082025,Humberto (2025),without_era5,2025-09-27T05:00:00+00:00,latent_sar_max_wind_radii,Latent MLP · SAR · wind + radii,63.1866438123915,True,hourly mean,3
AL082025,Humberto (2025),without_era5,2025-09-27T06:00:00+00:00,latent_sar_max_wind_radii,Latent MLP · SAR · wind + radii,61.92754109700521,True,hourly mean,3
AL082025,Humberto (2025),without_era5,2025-09-27T07:00:00+00:00,latent_sar_max_wind_radii,Latent MLP · SAR · wind + radii,61.26126141018337,True,hourly mean,3
AL082025,Humberto (2025),without_era5,2025-09-27T08:00:00+00:00,latent_sar_max_wind_radii,Latent MLP · SAR · wind + radii,60.62285380893283,True,hourly mean,3
AL082025,Humberto (2025),without_era5,2025-09-27T09:00:00+00:00,latent_sar_max_wind_radii,Latent MLP · SAR · wind + radii,61.707974116007485,True,hourly mean,3
AL082025,Humberto (2025),without_era5,2025-09-27T10:00:00+00:00,latent_sar_max_wind_radii,Latent MLP · SAR · wind + radii,62.96012073092991,True,hourly mean,3
AL082025,Humberto (2025),without_era5,2025-09-27T11:00:00+00:00,latent_sar_max_wind_radii,Latent MLP · SAR · wind + radii,65.22941907246907,True,hourly mean,3
AL082025,Humberto (2025),without_era5,2025-09-27T12:00:00+00:00,latent_sar_max_wind_radii,Latent MLP · SAR · wind + radii,67.03728315565321,True,hourly mean,3
AL082025,Humberto (2025),without_era5,2025-09-27T13:00:00+00:00,latent_sar_max_wind_radii,Latent MLP · SAR · wind + radii,67.07784016927084,True,hourly mean,3
AL082025,Humberto (2025),without_era5,2025-09-27T14:00:00+00:00,latent_sar_max_wind_radii,Latent MLP · SAR · wind + radii,67.48811213175458,True,hourly mean,3
AL082025,Humberto (2025),without_era5,2025-09-27T15:00:00+00:00,latent_sar_max_wind_radii,Latent MLP · SAR · wind + radii,68.12610159979927,True,hourly mean,3
AL082025,Humberto (2025),without_era5,2025-09-27T16:00:00+00:00,latent_sar_max_wind_radii,Latent MLP · SAR · wind + radii,70.19440121120877,True,hourly mean,3
AL082025,Humberto (2025),without_era5,2025-09-27T17:00:00+00:00,latent_sar_max_wind_radii,Latent MLP · SAR · wind + radii,71.36978954739043,True,hourly mean,3
AL082025,Humberto (2025),without_era5,2025-09-27T18:00:00+00:00,latent_sar_max_wind_radii,Latent MLP · SAR · wind + radii,72.14540481567384,True,hourly mean,3
AL082025,Humberto (2025),without_era5,2025-09-27T19:00:00+00:00,latent_sar_max_wind_radii,Latent MLP · SAR · wind + radii,72.56389194064671,True,hourly mean,3
AL082025,Humberto (2025),without_era5,2025-09-27T20:00:00+00:00,latent_sar_max_wind_radii,Latent MLP · SAR · wind + radii,72.96140204535591,True,hourly mean,3
AL082025,Humberto (2025),without_era5,2025-09-27T21:00:00+00:00,latent_sar_max_wind_radii,Latent MLP · SAR · wind + radii,73.28403176201715,True,hourly mean,3
AL082025,Humberto (2025),without_era5,2025-09-27T22:00:00+00:00,latent_sar_max_wind_radii,Latent MLP · SAR · wind + radii,73.4124510023329,True,hourly mean,3
AL082025,Humberto (2025),without_era5,2025-09-27T23:00:00+00:00,latent_sar_max_wind_radii,Latent MLP · SAR · wind + radii,73.29158486260309,False,hourly mean,3
AL082025,Humberto (2025),without_era5,2025-09-28T00:00:00+00:00,latent_sar_max_wind_radii,Latent MLP · SAR · wind + radii,72.99327892727324,False,hourly mean,3
AL082025,Humberto (2025),without_era5,2025-09-28T01:00:00+00:00,latent_sar_max_wind_radii,Latent MLP · SAR · wind + radii,72.0331899854872,False,hourly mean,3
AL082025,Humberto (2025),without_era5,2025-09-28T02:00:00+00:00,latent_sar_max_wind_radii,Latent MLP · SAR · wind + radii,70.74434661865236,False,hourly mean,3
AL082025,Humberto (2025),without_era5,2025-09-28T03:00:00+00:00,latent_sar_max_wind_radii,Latent MLP · SAR · wind + radii,68.98448265923395,False,hourly mean,3
AL082025,Humberto (2025),without_era5,2025-09-28T04:00:00+00:00,latent_sar_max_wind_radii,Latent MLP · SAR · wind + radii,68.55494096544054,False,hourly mean,3
AL082025,Humberto (2025),without_era5,2025-09-28T05:00:00+00:00,latent_sar_max_wind_radii,Latent MLP · SAR · wind + radii,68.3604367574056,False,hourly mean,3
AL082025,Humberto (2025),without_era5,2025-09-28T06:00:00+00:00,latent_sar_max_wind_radii,Latent MLP · SAR · wind + radii,68.45990456475153,False,hourly mean,3
AL082025,Humberto (2025),without_era5,2025-09-28T07:00:00+00:00,latent_sar_max_wind_radii,Latent MLP · SAR · wind + radii,66.80024740431044,False,hourly mean,3
AL082025,Humberto (2025),without_era5,2025-09-28T08:00:00+00:00,latent_sar_max_wind_radii,Latent MLP · SAR · wind + radii,64.38907284206816,False,hourly mean,3
AL082025,Humberto (2025),without_era5,2025-09-28T09:00:00+00:00,latent_sar_max_wind_radii,Latent MLP · SAR · wind + radii,62.09371778700088,False,hourly mean,3
AL082025,Humberto (2025),without_era5,2025-09-28T10:00:00+00:00,latent_sar_max_wind_radii,Latent MLP · SAR · wind + radii,61.5969058142768,False,hourly mean,3
AL082025,Humberto (2025),without_era5,2025-09-28T11:00:00+00:00,latent_sar_max_wind_radii,Latent MLP · SAR · wind + radii,60.26328786214193,False,hourly mean,3
AL082025,Humberto (2025),without_era5,2025-09-28T12:00:00+00:00,latent_sar_max_wind_radii,Latent MLP · SAR · wind + radii,60.530945460001625,False,hourly mean,3
AL082025,Humberto (2025),without_era5,2025-09-28T13:00:00+00:00,latent_sar_max_wind_radii,Latent MLP · SAR · wind + radii,60.52439181009928,False,hourly mean,3
AL082025,Humberto (2025),without_era5,2025-09-28T14:00:00+00:00,latent_sar_max_wind_radii,Latent MLP · SAR · wind + radii,62.408983654446075,False,hourly mean,3
AL082025,Humberto (2025),without_era5,2025-09-28T15:00:00+00:00,latent_sar_max_wind_radii,Latent MLP · SAR · wind + radii,63.32568211025662,False,hourly mean,3
AL082025,Humberto (2025),without_era5,2025-09-28T16:00:00+00:00,latent_sar_max_wind_radii,Latent MLP · SAR · wind + radii,64.2106490665012,False,hourly mean,3
AL082025,Humberto (2025),without_era5,2025-09-28T17:00:00+00:00,latent_sar_max_wind_radii,Latent MLP · SAR · wind + radii,64.63247765435113,False,hourly mean,3
AL082025,Humberto (2025),without_era5,2025-09-28T18:00:00+00:00,latent_sar_max_wind_radii,Latent MLP · SAR · wind + radii,66.37572034200033,False,hourly mean,3
AL082025,Humberto (2025),without_era5,2025-09-28T19:00:00+00:00,latent_sar_max_wind_radii,Latent MLP · SAR · wind + radii,66.90570471021864,False,hourly mean,3
AL082025,Humberto (2025),without_era5,2025-09-28T20:00:00+00:00,latent_sar_max_wind_radii,Latent MLP · SAR · wind + radii,69.16834598117406,False,hourly mean,3
AL082025,Humberto (2025),without_era5,2025-09-28T21:00:00+00:00,latent_sar_max_wind_radii,Latent MLP · SAR · wind + radii,67.81432999504938,False,hourly mean,3
AL082025,Humberto (2025),without_era5,2025-09-28T22:00:00+00:00,latent_sar_max_wind_radii,Latent MLP · SAR · wind + radii,66.89807022942438,False,hourly mean,3
AL082025,Humberto (2025),without_era5,2025-09-28T23:00:00+00:00,latent_sar_max_wind_radii,Latent MLP · SAR · wind + radii,63.4745322333442,False,hourly mean,3
AL082025,Humberto (2025),without_era5,2025-09-29T00:00:00+00:00,latent_sar_max_wind_radii,Latent MLP · SAR · wind + radii,62.44721624586318,False,hourly mean,3
AL082025,Humberto (2025),without_era5,2025-09-29T01:00:00+00:00,latent_sar_max_wind_radii,Latent MLP · SAR · wind + radii,61.426617092556434,False,hourly mean,3
AL082025,Humberto (2025),without_era5,2025-09-29T02:00:00+00:00,latent_sar_max_wind_radii,Latent MLP · SAR · wind + radii,62.29456732008193,False,hourly mean,3
AL082025,Humberto (2025),without_era5,2025-09-29T03:00:00+00:00,latent_sar_max_wind_radii,Latent MLP · SAR · wind + radii,58.58029556274415,False,hourly mean,3
AL082025,Humberto (2025),without_era5,2025-09-29T04:00:00+00:00,latent_sar_max_wind_radii,Latent MLP · SAR · wind + radii,54.89445728725858,False,hourly mean,3
AL082025,Humberto (2025),without_era5,2025-09-29T05:00:00+00:00,latent_sar_max_wind_radii,Latent MLP · SAR · wind + radii,50.84331364101835,False,hourly mean,3
AL082025,Humberto (2025),without_era5,2025-09-29T06:00:00+00:00,latent_sar_max_wind_radii,Latent MLP · SAR · wind + radii,48.48352029588489,False,hourly mean,3
AL082025,Humberto (2025),without_era5,2025-09-29T07:00:00+00:00,latent_sar_max_wind_radii,Latent MLP · SAR · wind + radii,45.58053546481663,False,hourly mean,3
AL082025,Humberto (2025),without_era5,2025-09-29T08:00:00+00:00,latent_sar_max_wind_radii,Latent MLP · SAR · wind + radii,46.5819755130344,False,hourly mean,3
AL082025,Humberto (2025),without_era5,2025-09-29T09:00:00+00:00,latent_sar_max_wind_radii,Latent MLP · SAR · wind + radii,47.60348065694174,False,hourly mean,3
AL082025,Humberto (2025),without_era5,2025-09-29T10:00:00+00:00,latent_sar_max_wind_radii,Latent MLP · SAR · wind + radii,50.38361358642579,False,hourly mean,3
AL082025,Humberto (2025),without_era5,2025-09-29T11:00:00+00:00,latent_sar_max_wind_radii,Latent MLP · SAR · wind + radii,47.233433829413535,False,hourly mean,3
AL082025,Humberto (2025),without_era5,2025-09-29T12:00:00+00:00,latent_sar_max_wind_radii,Latent MLP · SAR · wind + radii,47.62287203470867,False,hourly mean,3
AL082025,Humberto (2025),without_era5,2025-09-29T13:00:00+00:00,latent_sar_max_wind_radii,Latent MLP · SAR · wind + radii,50.05122248331707,False,hourly mean,3
AL082025,Humberto (2025),without_era5,2025-09-29T14:00:00+00:00,latent_sar_max_wind_radii,Latent MLP · SAR · wind + radii,51.996980667114265,False,hourly mean,3
AL082025,Humberto (2025),without_era5,2025-09-29T15:00:00+00:00,latent_sar_max_wind_radii,Latent MLP · SAR · wind + radii,50.74980672200522,False,hourly mean,3
AL082025,Humberto (2025),without_era5,2025-09-29T16:00:00+00:00,latent_sar_max_wind_radii,Latent MLP · SAR · wind + radii,46.92497613694934,False,hourly mean,3
AL082025,Humberto (2025),without_era5,2025-09-29T17:00:00+00:00,latent_sar_max_wind_radii,Latent MLP · SAR · wind + radii,44.58879809909397,False,hourly mean,3
AL082025,Humberto (2025),without_era5,2025-09-29T18:00:00+00:00,latent_sar_max_wind_radii,Latent MLP · SAR · wind + radii,43.185629950629355,False,hourly mean,3
AL082025,Humberto (2025),without_era5,2025-09-29T19:00:00+00:00,latent_sar_max_wind_radii,Latent MLP · SAR · wind + radii,40.7675755818685,False,hourly mean,3
AL082025,Humberto (2025),without_era5,2025-09-29T20:00:00+00:00,latent_sar_max_wind_radii,Latent MLP · SAR · wind + radii,40.53598658243816,False,hourly mean,3
AL082025,Humberto (2025),without_era5,2025-09-29T21:00:00+00:00,latent_sar_max_wind_radii,Latent MLP · SAR · wind + radii,37.59269120958117,False,hourly mean,3
AL082025,Humberto (2025),without_era5,2025-09-29T22:00:00+00:00,latent_sar_max_wind_radii,Latent MLP · SAR · wind + radii,33.16545550028484,False,hourly mean,3
AL082025,Humberto (2025),without_era5,2025-09-29T23:00:00+00:00,latent_sar_max_wind_radii,Latent MLP · SAR · wind + radii,28.715200424194347,False,hourly mean,3
AL082025,Humberto (2025),without_era5,2025-09-30T00:00:00+00:00,latent_sar_max_wind_radii,Latent MLP · SAR · wind + radii,27.288320753309474,False,hourly mean,3
AL082025,Humberto (2025),without_era5,2025-09-30T01:00:00+00:00,latent_sar_max_wind_radii,Latent MLP · SAR · wind + radii,26.9780059390598,False,hourly mean,3
AL082025,Humberto (2025),without_era5,2025-09-30T02:00:00+00:00,latent_sar_max_wind_radii,Latent MLP · SAR · wind + radii,25.859402868482814,False,hourly mean,3
AL082025,Humberto (2025),without_era5,2025-09-30T03:00:00+00:00,latent_sar_max_wind_radii,Latent MLP · SAR · wind + radii,25.11194843716093,False,hourly mean,3
AL082025,Humberto (2025),without_era5,2025-09-30T04:00:00+00:00,latent_sar_max_wind_radii,Latent MLP · SAR · wind + radii,24.774659156799327,False,hourly mean,3
AL082025,Humberto (2025),without_era5,2025-09-30T05:00:00+00:00,latent_sar_max_wind_radii,Latent MLP · SAR · wind + radii,23.535709804958774,False,hourly mean,3
AL082025,Humberto (2025),without_era5,2025-09-30T06:00:00+00:00,latent_sar_max_wind_radii,Latent MLP · SAR · wind + radii,23.185259924994586,False,hourly mean,3
AL082025,Humberto (2025),without_era5,2025-09-30T07:00:00+00:00,latent_sar_max_wind_radii,Latent MLP · SAR · wind + radii,23.621000501844623,False,hourly mean,3
AL082025,Humberto (2025),without_era5,2025-09-30T08:00:00+00:00,latent_sar_max_wind_radii,Latent MLP · SAR · wind + radii,24.23501798841689,False,hourly mean,3
AL082025,Humberto (2025),without_era5,2025-09-30T09:00:00+00:00,latent_sar_max_wind_radii,Latent MLP · SAR · wind + radii,24.089359092712414,False,hourly mean,3
AL082025,Humberto (2025),without_era5,2025-09-30T10:00:00+00:00,latent_sar_max_wind_radii,Latent MLP · SAR · wind + radii,24.177612855699337,False,hourly mean,3
AL082025,Humberto (2025),without_era5,2025-09-30T11:00:00+00:00,latent_sar_max_wind_radii,Latent MLP · SAR · wind + radii,25.006278906928177,False,hourly mean,3
AL082025,Humberto (2025),without_era5,2025-09-30T12:00:00+00:00,latent_sar_max_wind_radii,Latent MLP · SAR · wind + radii,25.994139989217132,False,hourly mean,3
AL082025,Humberto (2025),without_era5,2025-09-30T13:00:00+00:00,latent_sar_max_wind_radii,Latent MLP · SAR · wind + radii,27.262977600097667,False,hourly mean,3
AL082025,Humberto (2025),without_era5,2025-09-30T14:00:00+00:00,latent_sar_max_wind_radii,Latent MLP · SAR · wind + radii,28.614714410569945,False,hourly mean,3
AL082025,Humberto (2025),without_era5,2025-09-30T15:00:00+00:00,latent_sar_max_wind_radii,Latent MLP · SAR · wind + radii,29.707230356004512,False,hourly mean,3
AL082025,Humberto (2025),without_era5,2025-09-30T16:00:00+00:00,latent_sar_max_wind_radii,Latent MLP · SAR · wind + radii,29.344971444871703,False,hourly mean,3
AL082025,Humberto (2025),without_era5,2025-09-30T17:00:00+00:00,latent_sar_max_wind_radii,Latent MLP · SAR · wind + radii,27.764117346869583,False,hourly mean,3
AL082025,Humberto (2025),without_era5,2025-09-30T18:00:00+00:00,latent_sar_max_wind_radii,Latent MLP · SAR · wind + radii,26.359594768948032,False,hourly mean,3
AL082025,Humberto (2025),without_era5,2025-09-30T19:00:00+00:00,latent_sar_max_wind_radii,Latent MLP · SAR · wind + radii,25.961087650722934,False,hourly mean,3
AL082025,Humberto (2025),without_era5,2025-09-30T20:00:00+00:00,latent_sar_max_wind_radii,Latent MLP · SAR · wind + radii,25.227740817599837,False,hourly mean,3
AL082025,Humberto (2025),without_era5,2025-09-30T21:00:00+00:00,latent_sar_max_wind_radii,Latent MLP · SAR · wind + radii,24.683048248291026,False,hourly mean,3
AL082025,Humberto (2025),without_era5,2025-09-30T22:00:00+00:00,latent_sar_max_wind_radii,Latent MLP · SAR · wind + radii,23.683689011467838,False,hourly mean,3
AL082025,Humberto (2025),without_era5,2025-09-30T23:00:00+00:00,latent_sar_max_wind_radii,Latent MLP · SAR · wind + radii,23.468886693318694,False,hourly mean,3
AL082025,Humberto (2025),without_era5,2025-10-01T00:00:00+00:00,latent_sar_max_wind_radii,Latent MLP · SAR · wind + radii,23.25862693786622,False,hourly mean,3
AL082025,Humberto (2025),without_era5,2025-10-01T01:00:00+00:00,latent_sar_max_wind_radii,Latent MLP · SAR · wind + radii,23.864919132656528,False,hourly mean,3
AL082025,Humberto (2025),without_era5,2025-10-01T02:00:00+00:00,latent_sar_max_wind_radii,Latent MLP · SAR · wind + radii,24.755241817898227,False,hourly mean,3
AL082025,Humberto (2025),without_era5,2025-10-01T03:00:00+00:00,latent_sar_max_wind_radii,Latent MLP · SAR · wind + radii,25.580206976996536,False,hourly mean,3
AL082025,Humberto (2025),without_era5,2025-10-01T04:00:00+00:00,latent_sar_max_wind_radii,Latent MLP · SAR · wind + radii,26.35852485232884,False,hourly mean,3
AL082025,Humberto (2025),without_era5,2025-10-01T05:00:00+00:00,latent_sar_max_wind_radii,Latent MLP · SAR · wind + radii,28.53412151336671,False,hourly mean,3
AL082025,Humberto (2025),without_era5,2025-10-01T06:00:00+00:00,latent_sar_max_wind_radii,Latent MLP · SAR · wind + radii,29.39213996463353,False,hourly mean,3
AL082025,Humberto (2025),without_era5,2025-10-01T07:00:00+00:00,latent_sar_max_wind_radii,Latent MLP · SAR · wind + radii,30.05094485812718,False,hourly mean,3
AL082025,Humberto (2025),without_era5,2025-10-01T08:00:00+00:00,latent_sar_max_wind_radii,Latent MLP · SAR · wind + radii,28.6838107638889,False,hourly mean,3
AL082025,Humberto (2025),without_era5,2025-10-01T09:00:00+00:00,latent_sar_max_wind_radii,Latent MLP · SAR · wind + radii,29.076420360141338,False,hourly mean,3
AL082025,Humberto (2025),without_era5,2025-10-01T10:00:00+00:00,latent_sar_max_wind_radii,Latent MLP · SAR · wind + radii,30.25463242001005,False,hourly mean,3
AL082025,Humberto (2025),without_era5,2025-10-01T11:00:00+00:00,latent_sar_max_wind_radii,Latent MLP · SAR · wind + radii,31.226454734802267,False,hourly mean,3
AL082025,Humberto (2025),without_era5,2025-09-24T12:00:00+00:00,latent_no_sar_max_wind,Latent MLP · no SAR · wind only,26.082924683888752,False,hourly mean,3
AL082025,Humberto (2025),without_era5,2025-09-24T13:00:00+00:00,latent_no_sar_max_wind,Latent MLP · no SAR · wind only,25.348100344340008,False,hourly mean,3
AL082025,Humberto (2025),without_era5,2025-09-24T14:00:00+00:00,latent_no_sar_max_wind,Latent MLP · no SAR · wind only,25.01936976114909,False,hourly mean,3
AL082025,Humberto (2025),without_era5,2025-09-24T15:00:00+00:00,latent_no_sar_max_wind,Latent MLP · no SAR · wind only,25.38299136691623,False,hourly mean,3
AL082025,Humberto (2025),without_era5,2025-09-24T16:00:00+00:00,latent_no_sar_max_wind,Latent MLP · no SAR · wind only,26.82310591803657,False,hourly mean,3
AL082025,Humberto (2025),without_era5,2025-09-24T17:00:00+00:00,latent_no_sar_max_wind,Latent MLP · no SAR · wind only,27.374366654290096,False,hourly mean,3
AL082025,Humberto (2025),without_era5,2025-09-24T18:00:00+00:00,latent_no_sar_max_wind,Latent MLP · no SAR · wind only,27.335658497280548,False,hourly mean,3
AL082025,Humberto (2025),without_era5,2025-09-24T19:00:00+00:00,latent_no_sar_max_wind,Latent MLP · no SAR · wind only,26.538410822550457,False,hourly mean,3
AL082025,Humberto (2025),without_era5,2025-09-24T20:00:00+00:00,latent_no_sar_max_wind,Latent MLP · no SAR · wind only,25.356454955206974,False,hourly mean,3
AL082025,Humberto (2025),without_era5,2025-09-24T21:00:00+00:00,latent_no_sar_max_wind,Latent MLP · no SAR · wind only,24.20727602640788,False,hourly mean,3
AL082025,Humberto (2025),without_era5,2025-09-24T22:00:00+00:00,latent_no_sar_max_wind,Latent MLP · no SAR · wind only,23.394739468892414,False,hourly mean,3
AL082025,Humberto (2025),without_era5,2025-09-24T23:00:00+00:00,latent_no_sar_max_wind,Latent MLP · no SAR · wind only,23.23204570346408,False,hourly mean,3
AL082025,Humberto (2025),without_era5,2025-09-25T00:00:00+00:00,latent_no_sar_max_wind,Latent MLP · no SAR · wind only,23.506046189202205,False,hourly mean,3
AL082025,Humberto (2025),without_era5,2025-09-25T01:00:00+00:00,latent_no_sar_max_wind,Latent MLP · no SAR · wind only,24.027411566840275,False,hourly mean,3
AL082025,Humberto (2025),without_era5,2025-09-25T02:00:00+00:00,latent_no_sar_max_wind,Latent MLP · no SAR · wind only,24.54761144849989,False,hourly mean,3
AL082025,Humberto (2025),without_era5,2025-09-25T03:00:00+00:00,latent_no_sar_max_wind,Latent MLP · no SAR · wind only,24.592247751024036,False,hourly mean,3
AL082025,Humberto (2025),without_era5,2025-09-25T04:00:00+00:00,latent_no_sar_max_wind,Latent MLP · no SAR · wind only,24.089778476291233,False,hourly mean,3
AL082025,Humberto (2025),without_era5,2025-09-25T05:00:00+00:00,latent_no_sar_max_wind,Latent MLP · no SAR · wind only,23.57310199737549,False,hourly mean,3
AL082025,Humberto (2025),without_era5,2025-09-25T06:00:00+00:00,latent_no_sar_max_wind,Latent MLP · no SAR · wind only,23.360259373982746,False,hourly mean,3
AL082025,Humberto (2025),without_era5,2025-09-25T07:00:00+00:00,latent_no_sar_max_wind,Latent MLP · no SAR · wind only,23.702236069573292,False,hourly mean,3
AL082025,Humberto (2025),without_era5,2025-09-25T08:00:00+00:00,latent_no_sar_max_wind,Latent MLP · no SAR · wind only,24.831668853759766,False,hourly mean,3
AL082025,Humberto (2025),without_era5,2025-09-25T09:00:00+00:00,latent_no_sar_max_wind,Latent MLP · no SAR · wind only,25.613343980577255,False,hourly mean,3
AL082025,Humberto (2025),without_era5,2025-09-25T10:00:00+00:00,latent_no_sar_max_wind,Latent MLP · no SAR · wind only,27.00429916381836,False,hourly mean,3
AL082025,Humberto (2025),without_era5,2025-09-25T11:00:00+00:00,latent_no_sar_max_wind,Latent MLP · no SAR · wind only,29.273632049560547,False,hourly mean,3
AL082025,Humberto (2025),without_era5,2025-09-25T12:00:00+00:00,latent_no_sar_max_wind,Latent MLP · no SAR · wind only,33.97337987687853,False,hourly mean,3
AL082025,Humberto (2025),without_era5,2025-09-25T13:00:00+00:00,latent_no_sar_max_wind,Latent MLP · no SAR · wind only,38.055473963419594,False,hourly mean,3
AL082025,Humberto (2025),without_era5,2025-09-25T14:00:00+00:00,latent_no_sar_max_wind,Latent MLP · no SAR · wind only,39.52528974745008,False,hourly mean,3
AL082025,Humberto (2025),without_era5,2025-09-25T15:00:00+00:00,latent_no_sar_max_wind,Latent MLP · no SAR · wind only,36.24930000305176,False,hourly mean,3
AL082025,Humberto (2025),without_era5,2025-09-25T16:00:00+00:00,latent_no_sar_max_wind,Latent MLP · no SAR · wind only,31.679402669270832,False,hourly mean,3
AL082025,Humberto (2025),without_era5,2025-09-25T17:00:00+00:00,latent_no_sar_max_wind,Latent MLP · no SAR · wind only,29.830231560601124,False,hourly mean,3
AL082025,Humberto (2025),without_era5,2025-09-25T18:00:00+00:00,latent_no_sar_max_wind,Latent MLP · no SAR · wind only,31.686877568562824,False,hourly mean,3
AL082025,Humberto (2025),without_era5,2025-09-25T19:00:00+00:00,latent_no_sar_max_wind,Latent MLP · no SAR · wind only,33.90122943454318,False,hourly mean,3
AL082025,Humberto (2025),without_era5,2025-09-25T20:00:00+00:00,latent_no_sar_max_wind,Latent MLP · no SAR · wind only,32.54533693525526,False,hourly mean,3
AL082025,Humberto (2025),without_era5,2025-09-25T21:00:00+00:00,latent_no_sar_max_wind,Latent MLP · no SAR · wind only,30.43624040815565,False,hourly mean,3
AL082025,Humberto (2025),without_era5,2025-09-25T22:00:00+00:00,latent_no_sar_max_wind,Latent MLP · no SAR · wind only,30.169796519809296,False,hourly mean,3
AL082025,Humberto (2025),without_era5,2025-09-25T23:00:00+00:00,latent_no_sar_max_wind,Latent MLP · no SAR · wind only,33.23735682169596,False,hourly mean,3
AL082025,Humberto (2025),without_era5,2025-09-26T00:00:00+00:00,latent_no_sar_max_wind,Latent MLP · no SAR · wind only,35.59023348490397,False,hourly mean,3
AL082025,Humberto (2025),without_era5,2025-09-26T01:00:00+00:00,latent_no_sar_max_wind,Latent MLP · no SAR · wind only,36.63858646816677,False,hourly mean,3
AL082025,Humberto (2025),without_era5,2025-09-26T02:00:00+00:00,latent_no_sar_max_wind,Latent MLP · no SAR · wind only,37.679755740695526,False,hourly mean,3
AL082025,Humberto (2025),without_era5,2025-09-26T03:00:00+00:00,latent_no_sar_max_wind,Latent MLP · no SAR · wind only,39.31155586242675,False,hourly mean,3
AL082025,Humberto (2025),without_era5,2025-09-26T04:00:00+00:00,latent_no_sar_max_wind,Latent MLP · no SAR · wind only,42.059915118747284,False,hourly mean,3
AL082025,Humberto (2025),without_era5,2025-09-26T05:00:00+00:00,latent_no_sar_max_wind,Latent MLP · no SAR · wind only,44.74082586500379,False,hourly mean,3
AL082025,Humberto (2025),without_era5,2025-09-26T06:00:00+00:00,latent_no_sar_max_wind,Latent MLP · no SAR · wind only,48.467525270250114,False,hourly mean,3
AL082025,Humberto (2025),without_era5,2025-09-26T07:00:00+00:00,latent_no_sar_max_wind,Latent MLP · no SAR · wind only,49.51455116271973,False,hourly mean,3
AL082025,Humberto (2025),without_era5,2025-09-26T08:00:00+00:00,latent_no_sar_max_wind,Latent MLP · no SAR · wind only,47.11486286587186,False,hourly mean,3
AL082025,Humberto (2025),without_era5,2025-09-26T09:00:00+00:00,latent_no_sar_max_wind,Latent MLP · no SAR · wind only,42.92494138081869,False,hourly mean,3
AL082025,Humberto (2025),without_era5,2025-09-26T10:00:00+00:00,latent_no_sar_max_wind,Latent MLP · no SAR · wind only,40.13460350036621,False,hourly mean,3
AL082025,Humberto (2025),without_era5,2025-09-26T11:00:00+00:00,latent_no_sar_max_wind,Latent MLP · no SAR · wind only,39.18872600131564,False,hourly mean,3
AL082025,Humberto (2025),without_era5,2025-09-26T12:00:00+00:00,latent_no_sar_max_wind,Latent MLP · no SAR · wind only,37.24610922071668,True,hourly mean,3
AL082025,Humberto (2025),without_era5,2025-09-26T13:00:00+00:00,latent_no_sar_max_wind,Latent MLP · no SAR · wind only,38.21867285834418,True,hourly mean,3
AL082025,Humberto (2025),without_era5,2025-09-26T14:00:00+00:00,latent_no_sar_max_wind,Latent MLP · no SAR · wind only,41.416976081000435,True,hourly mean,3
AL082025,Humberto (2025),without_era5,2025-09-26T15:00:00+00:00,latent_no_sar_max_wind,Latent MLP · no SAR · wind only,44.93098619249131,True,hourly mean,3
AL082025,Humberto (2025),without_era5,2025-09-26T16:00:00+00:00,latent_no_sar_max_wind,Latent MLP · no SAR · wind only,46.9597668117947,True,hourly mean,3
AL082025,Humberto (2025),without_era5,2025-09-26T17:00:00+00:00,latent_no_sar_max_wind,Latent MLP · no SAR · wind only,49.9921211666531,True,hourly mean,3
AL082025,Humberto (2025),without_era5,2025-09-26T18:00:00+00:00,latent_no_sar_max_wind,Latent MLP · no SAR · wind only,54.18687884012858,True,hourly mean,3
AL082025,Humberto (2025),without_era5,2025-09-26T19:00:00+00:00,latent_no_sar_max_wind,Latent MLP · no SAR · wind only,58.45144844055176,True,hourly mean,3
AL082025,Humberto (2025),without_era5,2025-09-26T20:00:00+00:00,latent_no_sar_max_wind,Latent MLP · no SAR · wind only,59.69319301181369,True,hourly mean,3
AL082025,Humberto (2025),without_era5,2025-09-26T21:00:00+00:00,latent_no_sar_max_wind,Latent MLP · no SAR · wind only,61.30633544921875,True,hourly mean,3
AL082025,Humberto (2025),without_era5,2025-09-26T22:00:00+00:00,latent_no_sar_max_wind,Latent MLP · no SAR · wind only,61.758541107177734,True,hourly mean,3
AL082025,Humberto (2025),without_era5,2025-09-26T23:00:00+00:00,latent_no_sar_max_wind,Latent MLP · no SAR · wind only,63.049027336968315,True,hourly mean,3
AL082025,Humberto (2025),without_era5,2025-09-27T00:00:00+00:00,latent_no_sar_max_wind,Latent MLP · no SAR · wind only,63.56141238742404,True,hourly mean,3
AL082025,Humberto (2025),without_era5,2025-09-27T01:00:00+00:00,latent_no_sar_max_wind,Latent MLP · no SAR · wind only,64.50574790106879,True,hourly mean,3
AL082025,Humberto (2025),without_era5,2025-09-27T02:00:00+00:00,latent_no_sar_max_wind,Latent MLP · no SAR · wind only,62.76375537448459,True,hourly mean,3
AL082025,Humberto (2025),without_era5,2025-09-27T03:00:00+00:00,latent_no_sar_max_wind,Latent MLP · no SAR · wind only,61.7826796637641,True,hourly mean,3
AL082025,Humberto (2025),without_era5,2025-09-27T04:00:00+00:00,latent_no_sar_max_wind,Latent MLP · no SAR · wind only,59.67641957600912,True,hourly mean,3
AL082025,Humberto (2025),without_era5,2025-09-27T05:00:00+00:00,latent_no_sar_max_wind,Latent MLP · no SAR · wind only,60.18202590942383,True,hourly mean,3
AL082025,Humberto (2025),without_era5,2025-09-27T06:00:00+00:00,latent_no_sar_max_wind,Latent MLP · no SAR · wind only,61.742336697048614,True,hourly mean,3
AL082025,Humberto (2025),without_era5,2025-09-27T07:00:00+00:00,latent_no_sar_max_wind,Latent MLP · no SAR · wind only,64.10532506306966,True,hourly mean,3
AL082025,Humberto (2025),without_era5,2025-09-27T08:00:00+00:00,latent_no_sar_max_wind,Latent MLP · no SAR · wind only,65.58960723876953,True,hourly mean,3
AL082025,Humberto (2025),without_era5,2025-09-27T09:00:00+00:00,latent_no_sar_max_wind,Latent MLP · no SAR · wind only,65.4394997490777,True,hourly mean,3
AL082025,Humberto (2025),without_era5,2025-09-27T10:00:00+00:00,latent_no_sar_max_wind,Latent MLP · no SAR · wind only,64.93431515163844,True,hourly mean,3
AL082025,Humberto (2025),without_era5,2025-09-27T11:00:00+00:00,latent_no_sar_max_wind,Latent MLP · no SAR · wind only,64.73629803127712,True,hourly mean,3
AL082025,Humberto (2025),without_era5,2025-09-27T12:00:00+00:00,latent_no_sar_max_wind,Latent MLP · no SAR · wind only,65.1440946790907,True,hourly mean,3
AL082025,Humberto (2025),without_era5,2025-09-27T13:00:00+00:00,latent_no_sar_max_wind,Latent MLP · no SAR · wind only,66.21642854478624,True,hourly mean,3
AL082025,Humberto (2025),without_era5,2025-09-27T14:00:00+00:00,latent_no_sar_max_wind,Latent MLP · no SAR · wind only,66.64281124538846,True,hourly mean,3
AL082025,Humberto (2025),without_era5,2025-09-27T15:00:00+00:00,latent_no_sar_max_wind,Latent MLP · no SAR · wind only,65.47564485337999,True,hourly mean,3
AL082025,Humberto (2025),without_era5,2025-09-27T16:00:00+00:00,latent_no_sar_max_wind,Latent MLP · no SAR · wind only,64.25772603352864,True,hourly mean,3
AL082025,Humberto (2025),without_era5,2025-09-27T17:00:00+00:00,latent_no_sar_max_wind,Latent MLP · no SAR · wind only,64.05442979600694,True,hourly mean,3
AL082025,Humberto (2025),without_era5,2025-09-27T18:00:00+00:00,latent_no_sar_max_wind,Latent MLP · no SAR · wind only,65.32018025716145,True,hourly mean,3
AL082025,Humberto (2025),without_era5,2025-09-27T19:00:00+00:00,latent_no_sar_max_wind,Latent MLP · no SAR · wind only,66.7683325873481,True,hourly mean,3
AL082025,Humberto (2025),without_era5,2025-09-27T20:00:00+00:00,latent_no_sar_max_wind,Latent MLP · no SAR · wind only,67.71317672729492,True,hourly mean,3
AL082025,Humberto (2025),without_era5,2025-09-27T21:00:00+00:00,latent_no_sar_max_wind,Latent MLP · no SAR · wind only,68.23769209120007,True,hourly mean,3
AL082025,Humberto (2025),without_era5,2025-09-27T22:00:00+00:00,latent_no_sar_max_wind,Latent MLP · no SAR · wind only,67.71215947469075,True,hourly mean,3
AL082025,Humberto (2025),without_era5,2025-09-27T23:00:00+00:00,latent_no_sar_max_wind,Latent MLP · no SAR · wind only,66.78844367133246,False,hourly mean,3
AL082025,Humberto (2025),without_era5,2025-09-28T00:00:00+00:00,latent_no_sar_max_wind,Latent MLP · no SAR · wind only,66.32158109876845,False,hourly mean,3
AL082025,Humberto (2025),without_era5,2025-09-28T01:00:00+00:00,latent_no_sar_max_wind,Latent MLP · no SAR · wind only,66.03545294867622,False,hourly mean,3
AL082025,Humberto (2025),without_era5,2025-09-28T02:00:00+00:00,latent_no_sar_max_wind,Latent MLP · no SAR · wind only,65.78552288479277,False,hourly mean,3
AL082025,Humberto (2025),without_era5,2025-09-28T03:00:00+00:00,latent_no_sar_max_wind,Latent MLP · no SAR · wind only,65.47801081339519,False,hourly mean,3
AL082025,Humberto (2025),without_era5,2025-09-28T04:00:00+00:00,latent_no_sar_max_wind,Latent MLP · no SAR · wind only,64.05114237467448,False,hourly mean,3
AL082025,Humberto (2025),without_era5,2025-09-28T05:00:00+00:00,latent_no_sar_max_wind,Latent MLP · no SAR · wind only,63.18554517957899,False,hourly mean,3
AL082025,Humberto (2025),without_era5,2025-09-28T06:00:00+00:00,latent_no_sar_max_wind,Latent MLP · no SAR · wind only,62.14143753051758,False,hourly mean,3
AL082025,Humberto (2025),without_era5,2025-09-28T07:00:00+00:00,latent_no_sar_max_wind,Latent MLP · no SAR · wind only,63.13818698459202,False,hourly mean,3
AL082025,Humberto (2025),without_era5,2025-09-28T08:00:00+00:00,latent_no_sar_max_wind,Latent MLP · no SAR · wind only,63.38927332560221,False,hourly mean,3
AL082025,Humberto (2025),without_era5,2025-09-28T09:00:00+00:00,latent_no_sar_max_wind,Latent MLP · no SAR · wind only,63.665171729193794,False,hourly mean,3
AL082025,Humberto (2025),without_era5,2025-09-28T10:00:00+00:00,latent_no_sar_max_wind,Latent MLP · no SAR · wind only,60.962616178724495,False,hourly mean,3
AL082025,Humberto (2025),without_era5,2025-09-28T11:00:00+00:00,latent_no_sar_max_wind,Latent MLP · no SAR · wind only,58.347544564141174,False,hourly mean,3
AL082025,Humberto (2025),without_era5,2025-09-28T12:00:00+00:00,latent_no_sar_max_wind,Latent MLP · no SAR · wind only,56.88776482476129,False,hourly mean,3
AL082025,Humberto (2025),without_era5,2025-09-28T13:00:00+00:00,latent_no_sar_max_wind,Latent MLP · no SAR · wind only,58.617558585272896,False,hourly mean,3
AL082025,Humberto (2025),without_era5,2025-09-28T14:00:00+00:00,latent_no_sar_max_wind,Latent MLP · no SAR · wind only,60.71025106641981,False,hourly mean,3
AL082025,Humberto (2025),without_era5,2025-09-28T15:00:00+00:00,latent_no_sar_max_wind,Latent MLP · no SAR · wind only,60.875481923421226,False,hourly mean,3
AL082025,Humberto (2025),without_era5,2025-09-28T16:00:00+00:00,latent_no_sar_max_wind,Latent MLP · no SAR · wind only,57.57264370388455,False,hourly mean,3
AL082025,Humberto (2025),without_era5,2025-09-28T17:00:00+00:00,latent_no_sar_max_wind,Latent MLP · no SAR · wind only,56.84211179945205,False,hourly mean,3
AL082025,Humberto (2025),without_era5,2025-09-28T18:00:00+00:00,latent_no_sar_max_wind,Latent MLP · no SAR · wind only,56.24164708455404,False,hourly mean,3
AL082025,Humberto (2025),without_era5,2025-09-28T19:00:00+00:00,latent_no_sar_max_wind,Latent MLP · no SAR · wind only,59.848537868923614,False,hourly mean,3
AL082025,Humberto (2025),without_era5,2025-09-28T20:00:00+00:00,latent_no_sar_max_wind,Latent MLP · no SAR · wind only,60.98391893174912,False,hourly mean,3
AL082025,Humberto (2025),without_era5,2025-09-28T21:00:00+00:00,latent_no_sar_max_wind,Latent MLP · no SAR · wind only,63.97594409518772,False,hourly mean,3
AL082025,Humberto (2025),without_era5,2025-09-28T22:00:00+00:00,latent_no_sar_max_wind,Latent MLP · no SAR · wind only,63.768114725748696,False,hourly mean,3
AL082025,Humberto (2025),without_era5,2025-09-28T23:00:00+00:00,latent_no_sar_max_wind,Latent MLP · no SAR · wind only,63.84954071044922,False,hourly mean,3
AL082025,Humberto (2025),without_era5,2025-09-29T00:00:00+00:00,latent_no_sar_max_wind,Latent MLP · no SAR · wind only,62.24863645765516,False,hourly mean,3
AL082025,Humberto (2025),without_era5,2025-09-29T01:00:00+00:00,latent_no_sar_max_wind,Latent MLP · no SAR · wind only,60.90276082356771,False,hourly mean,3
AL082025,Humberto (2025),without_era5,2025-09-29T02:00:00+00:00,latent_no_sar_max_wind,Latent MLP · no SAR · wind only,57.52561844719781,False,hourly mean,3
AL082025,Humberto (2025),without_era5,2025-09-29T03:00:00+00:00,latent_no_sar_max_wind,Latent MLP · no SAR · wind only,53.813253826565216,False,hourly mean,3
AL082025,Humberto (2025),without_era5,2025-09-29T04:00:00+00:00,latent_no_sar_max_wind,Latent MLP · no SAR · wind only,51.37341160244412,False,hourly mean,3
AL082025,Humberto (2025),without_era5,2025-09-29T05:00:00+00:00,latent_no_sar_max_wind,Latent MLP · no SAR · wind only,50.92122734917535,False,hourly mean,3
AL082025,Humberto (2025),without_era5,2025-09-29T06:00:00+00:00,latent_no_sar_max_wind,Latent MLP · no SAR · wind only,50.42596244812012,False,hourly mean,3
AL082025,Humberto (2025),without_era5,2025-09-29T07:00:00+00:00,latent_no_sar_max_wind,Latent MLP · no SAR · wind only,50.72318289015028,False,hourly mean,3
AL082025,Humberto (2025),without_era5,2025-09-29T08:00:00+00:00,latent_no_sar_max_wind,Latent MLP · no SAR · wind only,51.29000939263238,False,hourly mean,3
AL082025,Humberto (2025),without_era5,2025-09-29T09:00:00+00:00,latent_no_sar_max_wind,Latent MLP · no SAR · wind only,49.446091969807945,False,hourly mean,3
AL082025,Humberto (2025),without_era5,2025-09-29T10:00:00+00:00,latent_no_sar_max_wind,Latent MLP · no SAR · wind only,45.414804034762916,False,hourly mean,3
AL082025,Humberto (2025),without_era5,2025-09-29T11:00:00+00:00,latent_no_sar_max_wind,Latent MLP · no SAR · wind only,41.74178568522135,False,hourly mean,3
AL082025,Humberto (2025),without_era5,2025-09-29T12:00:00+00:00,latent_no_sar_max_wind,Latent MLP · no SAR · wind only,41.441157235039604,False,hourly mean,3
AL082025,Humberto (2025),without_era5,2025-09-29T13:00:00+00:00,latent_no_sar_max_wind,Latent MLP · no SAR · wind only,41.894908269246415,False,hourly mean,3
AL082025,Humberto (2025),without_era5,2025-09-29T14:00:00+00:00,latent_no_sar_max_wind,Latent MLP · no SAR · wind only,40.5259812672933,False,hourly mean,3
AL082025,Humberto (2025),without_era5,2025-09-29T15:00:00+00:00,latent_no_sar_max_wind,Latent MLP · no SAR · wind only,38.805552588568794,False,hourly mean,3
AL082025,Humberto (2025),without_era5,2025-09-29T16:00:00+00:00,latent_no_sar_max_wind,Latent MLP · no SAR · wind only,38.26845105489095,False,hourly mean,3
AL082025,Humberto (2025),without_era5,2025-09-29T17:00:00+00:00,latent_no_sar_max_wind,Latent MLP · no SAR · wind only,38.564212587144645,False,hourly mean,3
AL082025,Humberto (2025),without_era5,2025-09-29T18:00:00+00:00,latent_no_sar_max_wind,Latent MLP · no SAR · wind only,38.83654276529948,False,hourly mean,3
AL082025,Humberto (2025),without_era5,2025-09-29T19:00:00+00:00,latent_no_sar_max_wind,Latent MLP · no SAR · wind only,36.62196286519369,False,hourly mean,3
AL082025,Humberto (2025),without_era5,2025-09-29T20:00:00+00:00,latent_no_sar_max_wind,Latent MLP · no SAR · wind only,34.3381027645535,False,hourly mean,3
AL082025,Humberto (2025),without_era5,2025-09-29T21:00:00+00:00,latent_no_sar_max_wind,Latent MLP · no SAR · wind only,31.26415952046713,False,hourly mean,3
AL082025,Humberto (2025),without_era5,2025-09-29T22:00:00+00:00,latent_no_sar_max_wind,Latent MLP · no SAR · wind only,29.420487721761067,False,hourly mean,3
AL082025,Humberto (2025),without_era5,2025-09-29T23:00:00+00:00,latent_no_sar_max_wind,Latent MLP · no SAR · wind only,27.80683485666911,False,hourly mean,3
AL082025,Humberto (2025),without_era5,2025-09-30T00:00:00+00:00,latent_no_sar_max_wind,Latent MLP · no SAR · wind only,26.792784584893123,False,hourly mean,3
AL082025,Humberto (2025),without_era5,2025-09-30T01:00:00+00:00,latent_no_sar_max_wind,Latent MLP · no SAR · wind only,26.208986282348633,False,hourly mean,3
AL082025,Humberto (2025),without_era5,2025-09-30T02:00:00+00:00,latent_no_sar_max_wind,Latent MLP · no SAR · wind only,25.812727080451122,False,hourly mean,3
AL082025,Humberto (2025),without_era5,2025-09-30T03:00:00+00:00,latent_no_sar_max_wind,Latent MLP · no SAR · wind only,25.84345489078098,False,hourly mean,3
AL082025,Humberto (2025),without_era5,2025-09-30T04:00:00+00:00,latent_no_sar_max_wind,Latent MLP · no SAR · wind only,26.567532645331486,False,hourly mean,3
AL082025,Humberto (2025),without_era5,2025-09-30T05:00:00+00:00,latent_no_sar_max_wind,Latent MLP · no SAR · wind only,26.031507809956867,False,hourly mean,3
AL082025,Humberto (2025),without_era5,2025-09-30T06:00:00+00:00,latent_no_sar_max_wind,Latent MLP · no SAR · wind only,25.047505166795517,False,hourly mean,3
AL082025,Humberto (2025),without_era5,2025-09-30T07:00:00+00:00,latent_no_sar_max_wind,Latent MLP · no SAR · wind only,23.617928504943848,False,hourly mean,3
AL082025,Humberto (2025),without_era5,2025-09-30T08:00:00+00:00,latent_no_sar_max_wind,Latent MLP · no SAR · wind only,23.092365264892578,False,hourly mean,3
AL082025,Humberto (2025),without_era5,2025-09-30T09:00:00+00:00,latent_no_sar_max_wind,Latent MLP · no SAR · wind only,22.973595534430604,False,hourly mean,3
AL082025,Humberto (2025),without_era5,2025-09-30T10:00:00+00:00,latent_no_sar_max_wind,Latent MLP · no SAR · wind only,22.913631142510308,False,hourly mean,3
AL082025,Humberto (2025),without_era5,2025-09-30T11:00:00+00:00,latent_no_sar_max_wind,Latent MLP · no SAR · wind only,22.923219172159833,False,hourly mean,3
AL082025,Humberto (2025),without_era5,2025-09-30T12:00:00+00:00,latent_no_sar_max_wind,Latent MLP · no SAR · wind only,23.338374667697483,False,hourly mean,3
AL082025,Humberto (2025),without_era5,2025-09-30T13:00:00+00:00,latent_no_sar_max_wind,Latent MLP · no SAR · wind only,24.356641239590118,False,hourly mean,3
AL082025,Humberto (2025),without_era5,2025-09-30T14:00:00+00:00,latent_no_sar_max_wind,Latent MLP · no SAR · wind only,25.33973990546333,False,hourly mean,3
AL082025,Humberto (2025),without_era5,2025-09-30T15:00:00+00:00,latent_no_sar_max_wind,Latent MLP · no SAR · wind only,25.654719564649792,False,hourly mean,3
AL082025,Humberto (2025),without_era5,2025-09-30T16:00:00+00:00,latent_no_sar_max_wind,Latent MLP · no SAR · wind only,25.069755766126843,False,hourly mean,3
AL082025,Humberto (2025),without_era5,2025-09-30T17:00:00+00:00,latent_no_sar_max_wind,Latent MLP · no SAR · wind only,24.1868068906996,False,hourly mean,3
AL082025,Humberto (2025),without_era5,2025-09-30T18:00:00+00:00,latent_no_sar_max_wind,Latent MLP · no SAR · wind only,23.516773859659832,False,hourly mean,3
AL082025,Humberto (2025),without_era5,2025-09-30T19:00:00+00:00,latent_no_sar_max_wind,Latent MLP · no SAR · wind only,23.22145165337457,False,hourly mean,3
AL082025,Humberto (2025),without_era5,2025-09-30T20:00:00+00:00,latent_no_sar_max_wind,Latent MLP · no SAR · wind only,23.233283784654404,False,hourly mean,3
AL082025,Humberto (2025),without_era5,2025-09-30T21:00:00+00:00,latent_no_sar_max_wind,Latent MLP · no SAR · wind only,23.232006390889484,False,hourly mean,3
AL082025,Humberto (2025),without_era5,2025-09-30T22:00:00+00:00,latent_no_sar_max_wind,Latent MLP · no SAR · wind only,23.298881742689343,False,hourly mean,3
AL082025,Humberto (2025),without_era5,2025-09-30T23:00:00+00:00,latent_no_sar_max_wind,Latent MLP · no SAR · wind only,23.347875001695417,False,hourly mean,3
AL082025,Humberto (2025),without_era5,2025-10-01T00:00:00+00:00,latent_no_sar_max_wind,Latent MLP · no SAR · wind only,23.618584887186685,False,hourly mean,3
AL082025,Humberto (2025),without_era5,2025-10-01T01:00:00+00:00,latent_no_sar_max_wind,Latent MLP · no SAR · wind only,24.11272307501899,False,hourly mean,3
AL082025,Humberto (2025),without_era5,2025-10-01T02:00:00+00:00,latent_no_sar_max_wind,Latent MLP · no SAR · wind only,25.55082066853841,False,hourly mean,3
AL082025,Humberto (2025),without_era5,2025-10-01T03:00:00+00:00,latent_no_sar_max_wind,Latent MLP · no SAR · wind only,27.760792626274952,False,hourly mean,3
AL082025,Humberto (2025),without_era5,2025-10-01T04:00:00+00:00,latent_no_sar_max_wind,Latent MLP · no SAR · wind only,32.192300372653534,False,hourly mean,3
AL082025,Humberto (2025),without_era5,2025-10-01T05:00:00+00:00,latent_no_sar_max_wind,Latent MLP · no SAR · wind only,37.43767886691623,False,hourly mean,3
AL082025,Humberto (2025),without_era5,2025-10-01T06:00:00+00:00,latent_no_sar_max_wind,Latent MLP · no SAR · wind only,37.79189830356174,False,hourly mean,3
AL082025,Humberto (2025),without_era5,2025-10-01T07:00:00+00:00,latent_no_sar_max_wind,Latent MLP · no SAR · wind only,35.93850941128201,False,hourly mean,3
AL082025,Humberto (2025),without_era5,2025-10-01T08:00:00+00:00,latent_no_sar_max_wind,Latent MLP · no SAR · wind only,33.01984786987305,False,hourly mean,3
AL082025,Humberto (2025),without_era5,2025-10-01T09:00:00+00:00,latent_no_sar_max_wind,Latent MLP · no SAR · wind only,32.022437837388786,False,hourly mean,3
AL082025,Humberto (2025),without_era5,2025-10-01T10:00:00+00:00,latent_no_sar_max_wind,Latent MLP · no SAR · wind only,31.073157098558216,False,hourly mean,3
AL082025,Humberto (2025),without_era5,2025-10-01T11:00:00+00:00,latent_no_sar_max_wind,Latent MLP · no SAR · wind only,29.248784542083744,False,hourly mean,3
AL082025,Humberto (2025),without_era5,2025-09-24T12:00:00+00:00,latent_no_sar_max_wind_radii,Latent MLP · no SAR · wind + radii,23.779225826263428,False,hourly mean,3
AL082025,Humberto (2025),without_era5,2025-09-24T13:00:00+00:00,latent_no_sar_max_wind_radii,Latent MLP · no SAR · wind + radii,22.735517607794865,False,hourly mean,3
AL082025,Humberto (2025),without_era5,2025-09-24T14:00:00+00:00,latent_no_sar_max_wind_radii,Latent MLP · no SAR · wind + radii,22.10355144076877,False,hourly mean,3
AL082025,Humberto (2025),without_era5,2025-09-24T15:00:00+00:00,latent_no_sar_max_wind_radii,Latent MLP · no SAR · wind + radii,21.71618111928304,False,hourly mean,3
AL082025,Humberto (2025),without_era5,2025-09-24T16:00:00+00:00,latent_no_sar_max_wind_radii,Latent MLP · no SAR · wind + radii,23.249675432840984,False,hourly mean,3
AL082025,Humberto (2025),without_era5,2025-09-24T17:00:00+00:00,latent_no_sar_max_wind_radii,Latent MLP · no SAR · wind + radii,23.909198549058704,False,hourly mean,3
AL082025,Humberto (2025),without_era5,2025-09-24T18:00:00+00:00,latent_no_sar_max_wind_radii,Latent MLP · no SAR · wind + radii,25.222991625467937,False,hourly mean,3
AL082025,Humberto (2025),without_era5,2025-09-24T19:00:00+00:00,latent_no_sar_max_wind_radii,Latent MLP · no SAR · wind + radii,24.5773040983412,False,hourly mean,3
AL082025,Humberto (2025),without_era5,2025-09-24T20:00:00+00:00,latent_no_sar_max_wind_radii,Latent MLP · no SAR · wind + radii,23.655837694803875,False,hourly mean,3
AL082025,Humberto (2025),without_era5,2025-09-24T21:00:00+00:00,latent_no_sar_max_wind_radii,Latent MLP · no SAR · wind + radii,21.249778111775715,False,hourly mean,3
AL082025,Humberto (2025),without_era5,2025-09-24T22:00:00+00:00,latent_no_sar_max_wind_radii,Latent MLP · no SAR · wind + radii,19.732222345140247,False,hourly mean,3
AL082025,Humberto (2025),without_era5,2025-09-24T23:00:00+00:00,latent_no_sar_max_wind_radii,Latent MLP · no SAR · wind + radii,19.490431149800617,False,hourly mean,3
AL082025,Humberto (2025),without_era5,2025-09-25T00:00:00+00:00,latent_no_sar_max_wind_radii,Latent MLP · no SAR · wind + radii,19.9072167078654,False,hourly mean,3
AL082025,Humberto (2025),without_era5,2025-09-25T01:00:00+00:00,latent_no_sar_max_wind_radii,Latent MLP · no SAR · wind + radii,20.617360432942707,False,hourly mean,3
AL082025,Humberto (2025),without_era5,2025-09-25T02:00:00+00:00,latent_no_sar_max_wind_radii,Latent MLP · no SAR · wind + radii,20.728703286912708,False,hourly mean,3
AL082025,Humberto (2025),without_era5,2025-09-25T03:00:00+00:00,latent_no_sar_max_wind_radii,Latent MLP · no SAR · wind + radii,20.519729508294002,False,hourly mean,3
AL082025,Humberto (2025),without_era5,2025-09-25T04:00:00+00:00,latent_no_sar_max_wind_radii,Latent MLP · no SAR · wind + radii,20.201828532748753,False,hourly mean,3
AL082025,Humberto (2025),without_era5,2025-09-25T05:00:00+00:00,latent_no_sar_max_wind_radii,Latent MLP · no SAR · wind + radii,19.663630803426106,False,hourly mean,3
AL082025,Humberto (2025),without_era5,2025-09-25T06:00:00+00:00,latent_no_sar_max_wind_radii,Latent MLP · no SAR · wind + radii,20.066275172763397,False,hourly mean,3
AL082025,Humberto (2025),without_era5,2025-09-25T07:00:00+00:00,latent_no_sar_max_wind_radii,Latent MLP · no SAR · wind + radii,20.65701855553521,False,hourly mean,3
AL082025,Humberto (2025),without_era5,2025-09-25T08:00:00+00:00,latent_no_sar_max_wind_radii,Latent MLP · no SAR · wind + radii,22.390114148457844,False,hourly mean,3
AL082025,Humberto (2025),without_era5,2025-09-25T09:00:00+00:00,latent_no_sar_max_wind_radii,Latent MLP · no SAR · wind + radii,25.21327665117052,False,hourly mean,3
AL082025,Humberto (2025),without_era5,2025-09-25T10:00:00+00:00,latent_no_sar_max_wind_radii,Latent MLP · no SAR · wind + radii,27.853259086608887,False,hourly mean,3
AL082025,Humberto (2025),without_era5,2025-09-25T11:00:00+00:00,latent_no_sar_max_wind_radii,Latent MLP · no SAR · wind + radii,32.94660970899794,False,hourly mean,3
AL082025,Humberto (2025),without_era5,2025-09-25T12:00:00+00:00,latent_no_sar_max_wind_radii,Latent MLP · no SAR · wind + radii,34.083955658806694,False,hourly mean,3
AL082025,Humberto (2025),without_era5,2025-09-25T13:00:00+00:00,latent_no_sar_max_wind_radii,Latent MLP · no SAR · wind + radii,35.03565491570367,False,hourly mean,3
AL082025,Humberto (2025),without_era5,2025-09-25T14:00:00+00:00,latent_no_sar_max_wind_radii,Latent MLP · no SAR · wind + radii,32.62696976131863,False,hourly mean,3
AL082025,Humberto (2025),without_era5,2025-09-25T15:00:00+00:00,latent_no_sar_max_wind_radii,Latent MLP · no SAR · wind + radii,31.531259536743164,False,hourly mean,3
AL082025,Humberto (2025),without_era5,2025-09-25T16:00:00+00:00,latent_no_sar_max_wind_radii,Latent MLP · no SAR · wind + radii,29.940252621968586,False,hourly mean,3
AL082025,Humberto (2025),without_era5,2025-09-25T17:00:00+00:00,latent_no_sar_max_wind_radii,Latent MLP · no SAR · wind + radii,29.418705304463703,False,hourly mean,3
AL082025,Humberto (2025),without_era5,2025-09-25T18:00:00+00:00,latent_no_sar_max_wind_radii,Latent MLP · no SAR · wind + radii,31.54178269704183,False,hourly mean,3
AL082025,Humberto (2025),without_era5,2025-09-25T19:00:00+00:00,latent_no_sar_max_wind_radii,Latent MLP · no SAR · wind + radii,35.93917285071479,False,hourly mean,3
AL082025,Humberto (2025),without_era5,2025-09-25T20:00:00+00:00,latent_no_sar_max_wind_radii,Latent MLP · no SAR · wind + radii,36.45391453637017,False,hourly mean,3
AL082025,Humberto (2025),without_era5,2025-09-25T21:00:00+00:00,latent_no_sar_max_wind_radii,Latent MLP · no SAR · wind + radii,36.46069176991781,False,hourly mean,3
AL082025,Humberto (2025),without_era5,2025-09-25T22:00:00+00:00,latent_no_sar_max_wind_radii,Latent MLP · no SAR · wind + radii,33.73768594529893,False,hourly mean,3
AL082025,Humberto (2025),without_era5,2025-09-25T23:00:00+00:00,latent_no_sar_max_wind_radii,Latent MLP · no SAR · wind + radii,35.43009789784749,False,hourly mean,3
AL082025,Humberto (2025),without_era5,2025-09-26T00:00:00+00:00,latent_no_sar_max_wind_radii,Latent MLP · no SAR · wind + radii,37.07618999481201,False,hourly mean,3
AL082025,Humberto (2025),without_era5,2025-09-26T01:00:00+00:00,latent_no_sar_max_wind_radii,Latent MLP · no SAR · wind + radii,40.95648977491591,False,hourly mean,3
AL082025,Humberto (2025),without_era5,2025-09-26T02:00:00+00:00,latent_no_sar_max_wind_radii,Latent MLP · no SAR · wind + radii,41.964097552829315,False,hourly mean,3
AL082025,Humberto (2025),without_era5,2025-09-26T03:00:00+00:00,latent_no_sar_max_wind_radii,Latent MLP · no SAR · wind + radii,43.569528155856666,False,hourly mean,3
AL082025,Humberto (2025),without_era5,2025-09-26T04:00:00+00:00,latent_no_sar_max_wind_radii,Latent MLP · no SAR · wind + radii,45.02678553263346,False,hourly mean,3
AL082025,Humberto (2025),without_era5,2025-09-26T05:00:00+00:00,latent_no_sar_max_wind_radii,Latent MLP · no SAR · wind + radii,50.81161880493164,False,hourly mean,3
AL082025,Humberto (2025),without_era5,2025-09-26T06:00:00+00:00,latent_no_sar_max_wind_radii,Latent MLP · no SAR · wind + radii,56.322068956163186,False,hourly mean,3
AL082025,Humberto (2025),without_era5,2025-09-26T07:00:00+00:00,latent_no_sar_max_wind_radii,Latent MLP · no SAR · wind + radii,60.65472645229764,False,hourly mean,3
AL082025,Humberto (2025),without_era5,2025-09-26T08:00:00+00:00,latent_no_sar_max_wind_radii,Latent MLP · no SAR · wind + radii,56.18680890401205,False,hourly mean,3
AL082025,Humberto (2025),without_era5,2025-09-26T09:00:00+00:00,latent_no_sar_max_wind_radii,Latent MLP · no SAR · wind + radii,47.847462018330894,False,hourly mean,3
AL082025,Humberto (2025),without_era5,2025-09-26T10:00:00+00:00,latent_no_sar_max_wind_radii,Latent MLP · no SAR · wind + radii,42.83619001176623,False,hourly mean,3
AL082025,Humberto (2025),without_era5,2025-09-26T11:00:00+00:00,latent_no_sar_max_wind_radii,Latent MLP · no SAR · wind + radii,44.038115077548554,False,hourly mean,3
AL082025,Humberto (2025),without_era5,2025-09-26T12:00:00+00:00,latent_no_sar_max_wind_radii,Latent MLP · no SAR · wind + radii,44.26459799872504,True,hourly mean,3
AL082025,Humberto (2025),without_era5,2025-09-26T13:00:00+00:00,latent_no_sar_max_wind_radii,Latent MLP · no SAR · wind + radii,45.56137932671441,True,hourly mean,3
AL082025,Humberto (2025),without_era5,2025-09-26T14:00:00+00:00,latent_no_sar_max_wind_radii,Latent MLP · no SAR · wind + radii,46.45929781595866,True,hourly mean,3
AL082025,Humberto (2025),without_era5,2025-09-26T15:00:00+00:00,latent_no_sar_max_wind_radii,Latent MLP · no SAR · wind + radii,47.51880200703939,True,hourly mean,3
AL082025,Humberto (2025),without_era5,2025-09-26T16:00:00+00:00,latent_no_sar_max_wind_radii,Latent MLP · no SAR · wind + radii,48.12592358059353,True,hourly mean,3
AL082025,Humberto (2025),without_era5,2025-09-26T17:00:00+00:00,latent_no_sar_max_wind_radii,Latent MLP · no SAR · wind + radii,52.3092295328776,True,hourly mean,3
AL082025,Humberto (2025),without_era5,2025-09-26T18:00:00+00:00,latent_no_sar_max_wind_radii,Latent MLP · no SAR · wind + radii,58.643614239162865,True,hourly mean,3
AL082025,Humberto (2025),without_era5,2025-09-26T19:00:00+00:00,latent_no_sar_max_wind_radii,Latent MLP · no SAR · wind + radii,60.882667329576286,True,hourly mean,3
AL082025,Humberto (2025),without_era5,2025-09-26T20:00:00+00:00,latent_no_sar_max_wind_radii,Latent MLP · no SAR · wind + radii,60.280633290608726,True,hourly mean,3
AL082025,Humberto (2025),without_era5,2025-09-26T21:00:00+00:00,latent_no_sar_max_wind_radii,Latent MLP · no SAR · wind + radii,60.429670545789925,True,hourly mean,3
AL082025,Humberto (2025),without_era5,2025-09-26T22:00:00+00:00,latent_no_sar_max_wind_radii,Latent MLP · no SAR · wind + radii,63.697822994656036,True,hourly mean,3
AL082025,Humberto (2025),without_era5,2025-09-26T23:00:00+00:00,latent_no_sar_max_wind_radii,Latent MLP · no SAR · wind + radii,63.176352183024086,True,hourly mean,3
AL082025,Humberto (2025),without_era5,2025-09-27T00:00:00+00:00,latent_no_sar_max_wind_radii,Latent MLP · no SAR · wind + radii,65.36041174994575,True,hourly mean,3
AL082025,Humberto (2025),without_era5,2025-09-27T01:00:00+00:00,latent_no_sar_max_wind_radii,Latent MLP · no SAR · wind + radii,65.09348678588867,True,hourly mean,3
AL082025,Humberto (2025),without_era5,2025-09-27T02:00:00+00:00,latent_no_sar_max_wind_radii,Latent MLP · no SAR · wind + radii,67.55541144476996,True,hourly mean,3
AL082025,Humberto (2025),without_era5,2025-09-27T03:00:00+00:00,latent_no_sar_max_wind_radii,Latent MLP · no SAR · wind + radii,67.35560692681206,True,hourly mean,3
AL082025,Humberto (2025),without_era5,2025-09-27T04:00:00+00:00,latent_no_sar_max_wind_radii,Latent MLP · no SAR · wind + radii,66.89314821031358,True,hourly mean,3
AL082025,Humberto (2025),without_era5,2025-09-27T05:00:00+00:00,latent_no_sar_max_wind_radii,Latent MLP · no SAR · wind + radii,66.02972073025174,True,hourly mean,3
AL082025,Humberto (2025),without_era5,2025-09-27T06:00:00+00:00,latent_no_sar_max_wind_radii,Latent MLP · no SAR · wind + radii,64.27746793958876,True,hourly mean,3
AL082025,Humberto (2025),without_era5,2025-09-27T07:00:00+00:00,latent_no_sar_max_wind_radii,Latent MLP · no SAR · wind + radii,61.59814198811849,True,hourly mean,3
AL082025,Humberto (2025),without_era5,2025-09-27T08:00:00+00:00,latent_no_sar_max_wind_radii,Latent MLP · no SAR · wind + radii,58.90401713053385,True,hourly mean,3
AL082025,Humberto (2025),without_era5,2025-09-27T09:00:00+00:00,latent_no_sar_max_wind_radii,Latent MLP · no SAR · wind + radii,56.85386043124729,True,hourly mean,3
AL082025,Humberto (2025),without_era5,2025-09-27T10:00:00+00:00,latent_no_sar_max_wind_radii,Latent MLP · no SAR · wind + radii,57.266379038492836,True,hourly mean,3
AL082025,Humberto (2025),without_era5,2025-09-27T11:00:00+00:00,latent_no_sar_max_wind_radii,Latent MLP · no SAR · wind + radii,60.00803735521105,True,hourly mean,3
AL082025,Humberto (2025),without_era5,2025-09-27T12:00:00+00:00,latent_no_sar_max_wind_radii,Latent MLP · no SAR · wind + radii,63.56380038791233,True,hourly mean,3
AL082025,Humberto (2025),without_era5,2025-09-27T13:00:00+00:00,latent_no_sar_max_wind_radii,Latent MLP · no SAR · wind + radii,65.95383559332954,True,hourly mean,3
AL082025,Humberto (2025),without_era5,2025-09-27T14:00:00+00:00,latent_no_sar_max_wind_radii,Latent MLP · no SAR · wind + radii,67.816279941135,True,hourly mean,3
AL082025,Humberto (2025),without_era5,2025-09-27T15:00:00+00:00,latent_no_sar_max_wind_radii,Latent MLP · no SAR · wind + radii,68.91452153523763,True,hourly mean,3
AL082025,Humberto (2025),without_era5,2025-09-27T16:00:00+00:00,latent_no_sar_max_wind_radii,Latent MLP · no SAR · wind + radii,70.55979961819118,True,hourly mean,3
AL082025,Humberto (2025),without_era5,2025-09-27T17:00:00+00:00,latent_no_sar_max_wind_radii,Latent MLP · no SAR · wind + radii,71.3665148417155,True,hourly mean,3
AL082025,Humberto (2025),without_era5,2025-09-27T18:00:00+00:00,latent_no_sar_max_wind_radii,Latent MLP · no SAR · wind + radii,72.20846727159288,True,hourly mean,3
AL082025,Humberto (2025),without_era5,2025-09-27T19:00:00+00:00,latent_no_sar_max_wind_radii,Latent MLP · no SAR · wind + radii,72.47582456800673,True,hourly mean,3
AL082025,Humberto (2025),without_era5,2025-09-27T20:00:00+00:00,latent_no_sar_max_wind_radii,Latent MLP · no SAR · wind + radii,72.50028949313693,True,hourly mean,3
AL082025,Humberto (2025),without_era5,2025-09-27T21:00:00+00:00,latent_no_sar_max_wind_radii,Latent MLP · no SAR · wind + radii,73.14517466227214,True,hourly mean,3
AL082025,Humberto (2025),without_era5,2025-09-27T22:00:00+00:00,latent_no_sar_max_wind_radii,Latent MLP · no SAR · wind + radii,73.6129887898763,True,hourly mean,3
AL082025,Humberto (2025),without_era5,2025-09-27T23:00:00+00:00,latent_no_sar_max_wind_radii,Latent MLP · no SAR · wind + radii,74.42666880289714,False,hourly mean,3
AL082025,Humberto (2025),without_era5,2025-09-28T00:00:00+00:00,latent_no_sar_max_wind_radii,Latent MLP · no SAR · wind + radii,74.86832809448242,False,hourly mean,3
AL082025,Humberto (2025),without_era5,2025-09-28T01:00:00+00:00,latent_no_sar_max_wind_radii,Latent MLP · no SAR · wind + radii,74.55071979098851,False,hourly mean,3
AL082025,Humberto (2025),without_era5,2025-09-28T02:00:00+00:00,latent_no_sar_max_wind_radii,Latent MLP · no SAR · wind + radii,72.65804799397786,False,hourly mean,3
AL082025,Humberto (2025),without_era5,2025-09-28T03:00:00+00:00,latent_no_sar_max_wind_radii,Latent MLP · no SAR · wind + radii,70.29527642991808,False,hourly mean,3
AL082025,Humberto (2025),without_era5,2025-09-28T04:00:00+00:00,latent_no_sar_max_wind_radii,Latent MLP · no SAR · wind + radii,68.01718627081978,False,hourly mean,3
AL082025,Humberto (2025),without_era5,2025-09-28T05:00:00+00:00,latent_no_sar_max_wind_radii,Latent MLP · no SAR · wind + radii,67.50070508321126,False,hourly mean,3
AL082025,Humberto (2025),without_era5,2025-09-28T06:00:00+00:00,latent_no_sar_max_wind_radii,Latent MLP · no SAR · wind + radii,67.2862983279758,False,hourly mean,3
AL082025,Humberto (2025),without_era5,2025-09-28T07:00:00+00:00,latent_no_sar_max_wind_radii,Latent MLP · no SAR · wind + radii,67.61882930331761,False,hourly mean,3
AL082025,Humberto (2025),without_era5,2025-09-28T08:00:00+00:00,latent_no_sar_max_wind_radii,Latent MLP · no SAR · wind + radii,67.81384213765462,False,hourly mean,3
AL082025,Humberto (2025),without_era5,2025-09-28T09:00:00+00:00,latent_no_sar_max_wind_radii,Latent MLP · no SAR · wind + radii,66.14689021640353,False,hourly mean,3
AL082025,Humberto (2025),without_era5,2025-09-28T10:00:00+00:00,latent_no_sar_max_wind_radii,Latent MLP · no SAR · wind + radii,65.47258991665309,False,hourly mean,3
AL082025,Humberto (2025),without_era5,2025-09-28T11:00:00+00:00,latent_no_sar_max_wind_radii,Latent MLP · no SAR · wind + radii,63.795558505588104,False,hourly mean,3
AL082025,Humberto (2025),without_era5,2025-09-28T12:00:00+00:00,latent_no_sar_max_wind_radii,Latent MLP · no SAR · wind + radii,66.54145071241591,False,hourly mean,3
AL082025,Humberto (2025),without_era5,2025-09-28T13:00:00+00:00,latent_no_sar_max_wind_radii,Latent MLP · no SAR · wind + radii,66.5149868859185,False,hourly mean,3
AL082025,Humberto (2025),without_era5,2025-09-28T14:00:00+00:00,latent_no_sar_max_wind_radii,Latent MLP · no SAR · wind + radii,67.26180775960286,False,hourly mean,3
AL082025,Humberto (2025),without_era5,2025-09-28T15:00:00+00:00,latent_no_sar_max_wind_radii,Latent MLP · no SAR · wind + radii,66.18476592169868,False,hourly mean,3
AL082025,Humberto (2025),without_era5,2025-09-28T16:00:00+00:00,latent_no_sar_max_wind_radii,Latent MLP · no SAR · wind + radii,61.66075113084582,False,hourly mean,3
AL082025,Humberto (2025),without_era5,2025-09-28T17:00:00+00:00,latent_no_sar_max_wind_radii,Latent MLP · no SAR · wind + radii,61.90756797790527,False,hourly mean,3
AL082025,Humberto (2025),without_era5,2025-09-28T18:00:00+00:00,latent_no_sar_max_wind_radii,Latent MLP · no SAR · wind + radii,59.531365076700844,False,hourly mean,3
AL082025,Humberto (2025),without_era5,2025-09-28T19:00:00+00:00,latent_no_sar_max_wind_radii,Latent MLP · no SAR · wind + radii,64.43722195095485,False,hourly mean,3
AL082025,Humberto (2025),without_era5,2025-09-28T20:00:00+00:00,latent_no_sar_max_wind_radii,Latent MLP · no SAR · wind + radii,64.73825899759929,False,hourly mean,3
AL082025,Humberto (2025),without_era5,2025-09-28T21:00:00+00:00,latent_no_sar_max_wind_radii,Latent MLP · no SAR · wind + radii,66.96660783555772,False,hourly mean,3
AL082025,Humberto (2025),without_era5,2025-09-28T22:00:00+00:00,latent_no_sar_max_wind_radii,Latent MLP · no SAR · wind + radii,67.32355329725478,False,hourly mean,3
AL082025,Humberto (2025),without_era5,2025-09-28T23:00:00+00:00,latent_no_sar_max_wind_radii,Latent MLP · no SAR · wind + radii,67.38096639845106,False,hourly mean,3
AL082025,Humberto (2025),without_era5,2025-09-29T00:00:00+00:00,latent_no_sar_max_wind_radii,Latent MLP · no SAR · wind + radii,68.08553674485948,False,hourly mean,3
AL082025,Humberto (2025),without_era5,2025-09-29T01:00:00+00:00,latent_no_sar_max_wind_radii,Latent MLP · no SAR · wind + radii,67.96326149834526,False,hourly mean,3
AL082025,Humberto (2025),without_era5,2025-09-29T02:00:00+00:00,latent_no_sar_max_wind_radii,Latent MLP · no SAR · wind + radii,63.85733583238389,False,hourly mean,3
AL082025,Humberto (2025),without_era5,2025-09-29T03:00:00+00:00,latent_no_sar_max_wind_radii,Latent MLP · no SAR · wind + radii,55.79142676459418,False,hourly mean,3
AL082025,Humberto (2025),without_era5,2025-09-29T04:00:00+00:00,latent_no_sar_max_wind_radii,Latent MLP · no SAR · wind + radii,50.35552978515624,False,hourly mean,3
AL082025,Humberto (2025),without_era5,2025-09-29T05:00:00+00:00,latent_no_sar_max_wind_radii,Latent MLP · no SAR · wind + radii,49.54167577955457,False,hourly mean,3
AL082025,Humberto (2025),without_era5,2025-09-29T06:00:00+00:00,latent_no_sar_max_wind_radii,Latent MLP · no SAR · wind + radii,51.95593749152289,False,hourly mean,3
AL082025,Humberto (2025),without_era5,2025-09-29T07:00:00+00:00,latent_no_sar_max_wind_radii,Latent MLP · no SAR · wind + radii,52.03746880425347,False,hourly mean,3
AL082025,Humberto (2025),without_era5,2025-09-29T08:00:00+00:00,latent_no_sar_max_wind_radii,Latent MLP · no SAR · wind + radii,52.148270712958436,False,hourly mean,3
AL082025,Humberto (2025),without_era5,2025-09-29T09:00:00+00:00,latent_no_sar_max_wind_radii,Latent MLP · no SAR · wind + radii,48.35827106899685,False,hourly mean,3
AL082025,Humberto (2025),without_era5,2025-09-29T10:00:00+00:00,latent_no_sar_max_wind_radii,Latent MLP · no SAR · wind + radii,44.73161866929795,False,hourly mean,3
AL082025,Humberto (2025),without_era5,2025-09-29T11:00:00+00:00,latent_no_sar_max_wind_radii,Latent MLP · no SAR · wind + radii,41.62755499945746,False,hourly mean,3
AL082025,Humberto (2025),without_era5,2025-09-29T12:00:00+00:00,latent_no_sar_max_wind_radii,Latent MLP · no SAR · wind + radii,42.30767313639323,False,hourly mean,3
AL082025,Humberto (2025),without_era5,2025-09-29T13:00:00+00:00,latent_no_sar_max_wind_radii,Latent MLP · no SAR · wind + radii,42.877493328518334,False,hourly mean,3
AL082025,Humberto (2025),without_era5,2025-09-29T14:00:00+00:00,latent_no_sar_max_wind_radii,Latent MLP · no SAR · wind + radii,40.28369013468424,False,hourly mean,3
AL082025,Humberto (2025),without_era5,2025-09-29T15:00:00+00:00,latent_no_sar_max_wind_radii,Latent MLP · no SAR · wind + radii,38.09625011020236,False,hourly mean,3
AL082025,Humberto (2025),without_era5,2025-09-29T16:00:00+00:00,latent_no_sar_max_wind_radii,Latent MLP · no SAR · wind + radii,36.39572779337564,False,hourly mean,3
AL082025,Humberto (2025),without_era5,2025-09-29T17:00:00+00:00,latent_no_sar_max_wind_radii,Latent MLP · no SAR · wind + radii,35.87410767873127,False,hourly mean,3
AL082025,Humberto (2025),without_era5,2025-09-29T18:00:00+00:00,latent_no_sar_max_wind_radii,Latent MLP · no SAR · wind + radii,36.23063818613688,False,hourly mean,3
AL082025,Humberto (2025),without_era5,2025-09-29T19:00:00+00:00,latent_no_sar_max_wind_radii,Latent MLP · no SAR · wind + radii,35.930811882019036,False,hourly mean,3
AL082025,Humberto (2025),without_era5,2025-09-29T20:00:00+00:00,latent_no_sar_max_wind_radii,Latent MLP · no SAR · wind + radii,37.505004670884865,False,hourly mean,3
AL082025,Humberto (2025),without_era5,2025-09-29T21:00:00+00:00,latent_no_sar_max_wind_radii,Latent MLP · no SAR · wind + radii,35.41702206929524,False,hourly mean,3
AL082025,Humberto (2025),without_era5,2025-09-29T22:00:00+00:00,latent_no_sar_max_wind_radii,Latent MLP · no SAR · wind + radii,33.30924479166666,False,hourly mean,3
AL082025,Humberto (2025),without_era5,2025-09-29T23:00:00+00:00,latent_no_sar_max_wind_radii,Latent MLP · no SAR · wind + radii,29.442560619778096,False,hourly mean,3
AL082025,Humberto (2025),without_era5,2025-09-30T00:00:00+00:00,latent_no_sar_max_wind_radii,Latent MLP · no SAR · wind + radii,27.030646853976776,False,hourly mean,3
AL082025,Humberto (2025),without_era5,2025-09-30T01:00:00+00:00,latent_no_sar_max_wind_radii,Latent MLP · no SAR · wind + radii,25.908901638454854,False,hourly mean,3
AL082025,Humberto (2025),without_era5,2025-09-30T02:00:00+00:00,latent_no_sar_max_wind_radii,Latent MLP · no SAR · wind + radii,25.732842975192597,False,hourly mean,3
AL082025,Humberto (2025),without_era5,2025-09-30T03:00:00+00:00,latent_no_sar_max_wind_radii,Latent MLP · no SAR · wind + radii,26.598802142673065,False,hourly mean,3
AL082025,Humberto (2025),without_era5,2025-09-30T04:00:00+00:00,latent_no_sar_max_wind_radii,Latent MLP · no SAR · wind + radii,26.641436682807072,False,hourly mean,3
AL082025,Humberto (2025),without_era5,2025-09-30T05:00:00+00:00,latent_no_sar_max_wind_radii,Latent MLP · no SAR · wind + radii,26.698611471388073,False,hourly mean,3
AL082025,Humberto (2025),without_era5,2025-09-30T06:00:00+00:00,latent_no_sar_max_wind_radii,Latent MLP · no SAR · wind + radii,26.131421301099987,False,hourly mean,3
AL082025,Humberto (2025),without_era5,2025-09-30T07:00:00+00:00,latent_no_sar_max_wind_radii,Latent MLP · no SAR · wind + radii,25.565315670437275,False,hourly mean,3
AL082025,Humberto (2025),without_era5,2025-09-30T08:00:00+00:00,latent_no_sar_max_wind_radii,Latent MLP · no SAR · wind + radii,24.29486200544569,False,hourly mean,3
AL082025,Humberto (2025),without_era5,2025-09-30T09:00:00+00:00,latent_no_sar_max_wind_radii,Latent MLP · no SAR · wind + radii,23.809510612487788,False,hourly mean,3
AL082025,Humberto (2025),without_era5,2025-09-30T10:00:00+00:00,latent_no_sar_max_wind_radii,Latent MLP · no SAR · wind + radii,23.471478949652774,False,hourly mean,3
AL082025,Humberto (2025),without_era5,2025-09-30T11:00:00+00:00,latent_no_sar_max_wind_radii,Latent MLP · no SAR · wind + radii,23.71556171841091,False,hourly mean,3
AL082025,Humberto (2025),without_era5,2025-09-30T12:00:00+00:00,latent_no_sar_max_wind_radii,Latent MLP · no SAR · wind + radii,24.226437992519795,False,hourly mean,3
AL082025,Humberto (2025),without_era5,2025-09-30T13:00:00+00:00,latent_no_sar_max_wind_radii,Latent MLP · no SAR · wind + radii,25.31608200073242,False,hourly mean,3
AL082025,Humberto (2025),without_era5,2025-09-30T14:00:00+00:00,latent_no_sar_max_wind_radii,Latent MLP · no SAR · wind + radii,26.534060372246632,False,hourly mean,3
AL082025,Humberto (2025),without_era5,2025-09-30T15:00:00+00:00,latent_no_sar_max_wind_radii,Latent MLP · no SAR · wind + radii,26.38269180721706,False,hourly mean,3
AL082025,Humberto (2025),without_era5,2025-09-30T16:00:00+00:00,latent_no_sar_max_wind_radii,Latent MLP · no SAR · wind + radii,24.925266265869137,False,hourly mean,3
AL082025,Humberto (2025),without_era5,2025-09-30T17:00:00+00:00,latent_no_sar_max_wind_radii,Latent MLP · no SAR · wind + radii,23.68353462219238,False,hourly mean,3
AL082025,Humberto (2025),without_era5,2025-09-30T18:00:00+00:00,latent_no_sar_max_wind_radii,Latent MLP · no SAR · wind + radii,23.777266714307995,False,hourly mean,3
AL082025,Humberto (2025),without_era5,2025-09-30T19:00:00+00:00,latent_no_sar_max_wind_radii,Latent MLP · no SAR · wind + radii,24.36986658308241,False,hourly mean,3
AL082025,Humberto (2025),without_era5,2025-09-30T20:00:00+00:00,latent_no_sar_max_wind_radii,Latent MLP · no SAR · wind + radii,24.348574320475254,False,hourly mean,3
AL082025,Humberto (2025),without_era5,2025-09-30T21:00:00+00:00,latent_no_sar_max_wind_radii,Latent MLP · no SAR · wind + radii,24.010636435614686,False,hourly mean,3
AL082025,Humberto (2025),without_era5,2025-09-30T22:00:00+00:00,latent_no_sar_max_wind_radii,Latent MLP · no SAR · wind + radii,23.995342890421544,False,hourly mean,3
AL082025,Humberto (2025),without_era5,2025-09-30T23:00:00+00:00,latent_no_sar_max_wind_radii,Latent MLP · no SAR · wind + radii,23.914418941073944,False,hourly mean,3
AL082025,Humberto (2025),without_era5,2025-10-01T00:00:00+00:00,latent_no_sar_max_wind_radii,Latent MLP · no SAR · wind + radii,23.821179792616096,False,hourly mean,3
AL082025,Humberto (2025),without_era5,2025-10-01T01:00:00+00:00,latent_no_sar_max_wind_radii,Latent MLP · no SAR · wind + radii,24.544112714131668,False,hourly mean,3
AL082025,Humberto (2025),without_era5,2025-10-01T02:00:00+00:00,latent_no_sar_max_wind_radii,Latent MLP · no SAR · wind + radii,26.758351431952576,False,hourly mean,3
AL082025,Humberto (2025),without_era5,2025-10-01T03:00:00+00:00,latent_no_sar_max_wind_radii,Latent MLP · no SAR · wind + radii,28.76341777377658,False,hourly mean,3
AL082025,Humberto (2025),without_era5,2025-10-01T04:00:00+00:00,latent_no_sar_max_wind_radii,Latent MLP · no SAR · wind + radii,31.62644078996446,False,hourly mean,3
AL082025,Humberto (2025),without_era5,2025-10-01T05:00:00+00:00,latent_no_sar_max_wind_radii,Latent MLP · no SAR · wind + radii,36.43750508626301,False,hourly mean,3
AL082025,Humberto (2025),without_era5,2025-10-01T06:00:00+00:00,latent_no_sar_max_wind_radii,Latent MLP · no SAR · wind + radii,38.39841821458604,False,hourly mean,3
AL082025,Humberto (2025),without_era5,2025-10-01T07:00:00+00:00,latent_no_sar_max_wind_radii,Latent MLP · no SAR · wind + radii,36.58195082346598,False,hourly mean,3
AL082025,Humberto (2025),without_era5,2025-10-01T08:00:00+00:00,latent_no_sar_max_wind_radii,Latent MLP · no SAR · wind + radii,32.71911207834879,False,hourly mean,3
AL082025,Humberto (2025),without_era5,2025-10-01T09:00:00+00:00,latent_no_sar_max_wind_radii,Latent MLP · no SAR · wind + radii,32.836175282796226,False,hourly mean,3
AL082025,Humberto (2025),without_era5,2025-10-01T10:00:00+00:00,latent_no_sar_max_wind_radii,Latent MLP · no SAR · wind + radii,35.0957269668579,False,hourly mean,3
AL082025,Humberto (2025),without_era5,2025-10-01T11:00:00+00:00,latent_no_sar_max_wind_radii,Latent MLP · no SAR · wind + radii,36.13197755813598,False,hourly mean,3
EP112025,Kiko (2025),with_era5,2025-08-31T00:00:00+00:00,ibtracs_best_track,IBTrACS best track,15.43332,False,hourly mean,3
EP112025,Kiko (2025),with_era5,2025-08-31T01:00:00+00:00,ibtracs_best_track,IBTrACS best track,15.43332,False,hourly mean,3
EP112025,Kiko (2025),with_era5,2025-08-31T02:00:00+00:00,ibtracs_best_track,IBTrACS best track,15.43332,False,hourly mean,3
EP112025,Kiko (2025),with_era5,2025-08-31T03:00:00+00:00,ibtracs_best_track,IBTrACS best track,15.43332,False,hourly mean,3
EP112025,Kiko (2025),with_era5,2025-08-31T04:00:00+00:00,ibtracs_best_track,IBTrACS best track,15.43332,False,hourly mean,3
EP112025,Kiko (2025),with_era5,2025-08-31T05:00:00+00:00,ibtracs_best_track,IBTrACS best track,15.505818497037035,False,hourly mean,3
EP112025,Kiko (2025),with_era5,2025-08-31T06:00:00+00:00,ibtracs_best_track,IBTrACS best track,15.749798327407406,False,hourly mean,3
EP112025,Kiko (2025),with_era5,2025-08-31T07:00:00+00:00,ibtracs_best_track,IBTrACS best track,16.165275369012345,False,hourly mean,3
EP112025,Kiko (2025),with_era5,2025-08-31T08:00:00+00:00,ibtracs_best_track,IBTrACS best track,16.655574373868316,False,hourly mean,3
EP112025,Kiko (2025),with_era5,2025-08-31T09:00:00+00:00,ibtracs_best_track,IBTrACS best track,17.088691763744855,False,hourly mean,3
EP112025,Kiko (2025),with_era5,2025-08-31T10:00:00+00:00,ibtracs_best_track,IBTrACS best track,17.464632831275722,False,hourly mean,3
EP112025,Kiko (2025),with_era5,2025-08-31T11:00:00+00:00,ibtracs_best_track,IBTrACS best track,17.759241996049383,False,hourly mean,3
EP112025,Kiko (2025),with_era5,2025-08-31T12:00:00+00:00,ibtracs_best_track,IBTrACS best track,17.939551442469135,False,hourly mean,3
EP112025,Kiko (2025),with_era5,2025-08-31T13:00:00+00:00,ibtracs_best_track,IBTrACS best track,18.00554,False,hourly mean,3
EP112025,Kiko (2025),with_era5,2025-08-31T14:00:00+00:00,ibtracs_best_track,IBTrACS best track,18.00554,False,hourly mean,3
EP112025,Kiko (2025),with_era5,2025-08-31T15:00:00+00:00,ibtracs_best_track,IBTrACS best track,18.00554,False,hourly mean,3
EP112025,Kiko (2025),with_era5,2025-08-31T16:00:00+00:00,ibtracs_best_track,IBTrACS best track,18.00554,False,hourly mean,3
EP112025,Kiko (2025),with_era5,2025-08-31T17:00:00+00:00,ibtracs_best_track,IBTrACS best track,18.07803849703704,False,hourly mean,3
EP112025,Kiko (2025),with_era5,2025-08-31T18:00:00+00:00,ibtracs_best_track,IBTrACS best track,18.32201832740741,False,hourly mean,3
EP112025,Kiko (2025),with_era5,2025-08-31T19:00:00+00:00,ibtracs_best_track,IBTrACS best track,18.737479491111113,False,hourly mean,3
EP112025,Kiko (2025),with_era5,2025-08-31T20:00:00+00:00,ibtracs_best_track,IBTrACS best track,19.227757325432098,False,hourly mean,3
EP112025,Kiko (2025),with_era5,2025-08-31T21:00:00+00:00,ibtracs_best_track,IBTrACS best track,19.66087471530864,False,hourly mean,3
EP112025,Kiko (2025),with_era5,2025-08-31T22:00:00+00:00,ibtracs_best_track,IBTrACS best track,20.03683166074074,False,hourly mean,3
EP112025,Kiko (2025),with_era5,2025-08-31T23:00:00+00:00,ibtracs_best_track,IBTrACS best track,20.331461996049384,False,hourly mean,3
EP112025,Kiko (2025),with_era5,2025-09-01T00:00:00+00:00,ibtracs_best_track,IBTrACS best track,20.511771442469136,False,hourly mean,3
EP112025,Kiko (2025),with_era5,2025-09-01T01:00:00+00:00,ibtracs_best_track,IBTrACS best track,20.57776,False,hourly mean,3
EP112025,Kiko (2025),with_era5,2025-09-01T02:00:00+00:00,ibtracs_best_track,IBTrACS best track,20.57776,False,hourly mean,3
EP112025,Kiko (2025),with_era5,2025-09-01T03:00:00+00:00,ibtracs_best_track,IBTrACS best track,20.57776,False,hourly mean,3
EP112025,Kiko (2025),with_era5,2025-09-01T04:00:00+00:00,ibtracs_best_track,IBTrACS best track,20.57776,False,hourly mean,3
EP112025,Kiko (2025),with_era5,2025-09-01T05:00:00+00:00,ibtracs_best_track,IBTrACS best track,20.65025849703704,False,hourly mean,3
EP112025,Kiko (2025),with_era5,2025-09-01T06:00:00+00:00,ibtracs_best_track,IBTrACS best track,20.894238327407407,False,hourly mean,3
EP112025,Kiko (2025),with_era5,2025-09-01T07:00:00+00:00,ibtracs_best_track,IBTrACS best track,21.30971536901235,False,hourly mean,3
EP112025,Kiko (2025),with_era5,2025-09-01T08:00:00+00:00,ibtracs_best_track,IBTrACS best track,21.80001437386831,False,hourly mean,3
EP112025,Kiko (2025),with_era5,2025-09-01T09:00:00+00:00,ibtracs_best_track,IBTrACS best track,22.233131763744854,False,hourly mean,3
EP112025,Kiko (2025),with_era5,2025-09-01T10:00:00+00:00,ibtracs_best_track,IBTrACS best track,22.60907283127572,False,hourly mean,3
EP112025,Kiko (2025),with_era5,2025-09-01T11:00:00+00:00,ibtracs_best_track,IBTrACS best track,23.024512824444447,False,hourly mean,3
EP112025,Kiko (2025),with_era5,2025-09-01T12:00:00+00:00,ibtracs_best_track,IBTrACS best track,23.611455321481483,False,hourly mean,3
EP112025,Kiko (2025),with_era5,2025-09-01T13:00:00+00:00,ibtracs_best_track,IBTrACS best track,24.36987915185185,False,hourly mean,3
EP112025,Kiko (2025),with_era5,2025-09-01T14:00:00+00:00,ibtracs_best_track,IBTrACS best track,25.23125529382716,False,hourly mean,3
EP112025,Kiko (2025),with_era5,2025-09-01T15:00:00+00:00,ibtracs_best_track,IBTrACS best track,26.088503181481485,False,hourly mean,3
EP112025,Kiko (2025),with_era5,2025-09-01T16:00:00+00:00,ibtracs_best_track,IBTrACS best track,26.945751069135806,False,hourly mean,3
EP112025,Kiko (2025),with_era5,2025-09-01T17:00:00+00:00,ibtracs_best_track,IBTrACS best track,27.678357432098768,False,hourly mean,3
EP112025,Kiko (2025),with_era5,2025-09-01T18:00:00+00:00,ibtracs_best_track,IBTrACS best track,28.129289827160495,False,hourly mean,3
EP112025,Kiko (2025),with_era5,2025-09-01T19:00:00+00:00,ibtracs_best_track,IBTrACS best track,28.29442,False,hourly mean,3
EP112025,Kiko (2025),with_era5,2025-09-01T20:00:00+00:00,ibtracs_best_track,IBTrACS best track,28.29442,False,hourly mean,3
EP112025,Kiko (2025),with_era5,2025-09-01T21:00:00+00:00,ibtracs_best_track,IBTrACS best track,28.29442,False,hourly mean,3
EP112025,Kiko (2025),with_era5,2025-09-01T22:00:00+00:00,ibtracs_best_track,IBTrACS best track,28.29442,False,hourly mean,3
EP112025,Kiko (2025),with_era5,2025-09-01T23:00:00+00:00,ibtracs_best_track,IBTrACS best track,28.415092049382718,False,hourly mean,3
EP112025,Kiko (2025),with_era5,2025-09-02T00:00:00+00:00,ibtracs_best_track,IBTrACS best track,28.821566320987653,False,hourly mean,3
EP112025,Kiko (2025),with_era5,2025-09-02T01:00:00+00:00,ibtracs_best_track,IBTrACS best track,29.51384281481482,False,hourly mean,3
EP112025,Kiko (2025),with_era5,2025-09-02T02:00:00+00:00,ibtracs_best_track,IBTrACS best track,30.371249481481485,False,hourly mean,3
EP112025,Kiko (2025),with_era5,2025-09-02T03:00:00+00:00,ibtracs_best_track,IBTrACS best track,31.228656148148147,False,hourly mean,3
EP112025,Kiko (2025),with_era5,2025-09-02T04:00:00+00:00,ibtracs_best_track,IBTrACS best track,32.08606281481482,False,hourly mean,3
EP112025,Kiko (2025),with_era5,2025-09-02T05:00:00+00:00,ibtracs_best_track,IBTrACS best track,32.94346948148148,False,hourly mean,3
EP112025,Kiko (2025),with_era5,2025-09-02T06:00:00+00:00,ibtracs_best_track,IBTrACS best track,33.80087614814815,False,hourly mean,3
EP112025,Kiko (2025),with_era5,2025-09-02T07:00:00+00:00,ibtracs_best_track,IBTrACS best track,34.65830927798354,False,hourly mean,3
EP112025,Kiko (2025),with_era5,2025-09-02T08:00:00+00:00,ibtracs_best_track,IBTrACS best track,35.515768870987664,False,hourly mean,3
EP112025,Kiko (2025),with_era5,2025-09-02T09:00:00+00:00,ibtracs_best_track,IBTrACS best track,36.373175537654326,False,hourly mean,3
EP112025,Kiko (2025),with_era5,2025-09-02T10:00:00+00:00,ibtracs_best_track,IBTrACS best track,37.230555741152266,False,hourly mean,3
EP112025,Kiko (2025),with_era5,2025-09-02T11:00:00+00:00,ibtracs_best_track,IBTrACS best track,38.039640661728406,False,hourly mean,3
EP112025,Kiko (2025),with_era5,2025-09-02T12:00:00+00:00,ibtracs_best_track,IBTrACS best track,38.734457619753094,False,hourly mean,3
EP112025,Kiko (2025),with_era5,2025-09-02T13:00:00+00:00,ibtracs_best_track,IBTrACS best track,39.31495368888889,False,hourly mean,3
EP112025,Kiko (2025),with_era5,2025-09-02T14:00:00+00:00,ibtracs_best_track,IBTrACS best track,39.805263279012344,False,hourly mean,3
EP112025,Kiko (2025),with_era5,2025-09-02T15:00:00+00:00,ibtracs_best_track,IBTrACS best track,40.238412424691354,False,hourly mean,3
EP112025,Kiko (2025),with_era5,2025-09-02T16:00:00+00:00,ibtracs_best_track,IBTrACS best track,40.61440112592592,False,hourly mean,3
EP112025,Kiko (2025),with_era5,2025-09-02T17:00:00+00:00,ibtracs_best_track,IBTrACS best track,41.029767022222224,False,hourly mean,3
EP112025,Kiko (2025),with_era5,2025-09-02T18:00:00+00:00,ibtracs_best_track,IBTrACS best track,41.61661425185185,False,hourly mean,3
EP112025,Kiko (2025),with_era5,2025-09-02T19:00:00+00:00,ibtracs_best_track,IBTrACS best track,42.37494281481482,False,hourly mean,3
EP112025,Kiko (2025),with_era5,2025-09-02T20:00:00+00:00,ibtracs_best_track,IBTrACS best track,43.232349481481485,False,hourly mean,3
EP112025,Kiko (2025),with_era5,2025-09-02T21:00:00+00:00,ibtracs_best_track,IBTrACS best track,44.08975614814815,True,hourly mean,3
EP112025,Kiko (2025),with_era5,2025-09-02T22:00:00+00:00,ibtracs_best_track,IBTrACS best track,44.94716281481482,True,hourly mean,3
EP112025,Kiko (2025),with_era5,2025-09-02T23:00:00+00:00,ibtracs_best_track,IBTrACS best track,45.68389743209877,True,hourly mean,3
EP112025,Kiko (2025),with_era5,2025-09-03T00:00:00+00:00,ibtracs_best_track,IBTrACS best track,46.134829827160495,True,hourly mean,3
EP112025,Kiko (2025),with_era5,2025-09-03T01:00:00+00:00,ibtracs_best_track,IBTrACS best track,46.29996,True,hourly mean,3
EP112025,Kiko (2025),with_era5,2025-09-03T02:00:00+00:00,ibtracs_best_track,IBTrACS best track,46.29996,True,hourly mean,3
EP112025,Kiko (2025),with_era5,2025-09-03T03:00:00+00:00,ibtracs_best_track,IBTrACS best track,46.29996,False,hourly mean,3
EP112025,Kiko (2025),with_era5,2025-09-03T04:00:00+00:00,ibtracs_best_track,IBTrACS best track,46.29996,False,hourly mean,3
EP112025,Kiko (2025),with_era5,2025-09-03T05:00:00+00:00,ibtracs_best_track,IBTrACS best track,46.29996,False,hourly mean,3
EP112025,Kiko (2025),with_era5,2025-09-03T06:00:00+00:00,ibtracs_best_track,IBTrACS best track,46.29996,False,hourly mean,3
EP112025,Kiko (2025),with_era5,2025-09-03T07:00:00+00:00,ibtracs_best_track,IBTrACS best track,46.29996,False,hourly mean,3
EP112025,Kiko (2025),with_era5,2025-09-03T08:00:00+00:00,ibtracs_best_track,IBTrACS best track,46.29996,False,hourly mean,3
EP112025,Kiko (2025),with_era5,2025-09-03T09:00:00+00:00,ibtracs_best_track,IBTrACS best track,46.29996,False,hourly mean,3
EP112025,Kiko (2025),with_era5,2025-09-03T10:00:00+00:00,ibtracs_best_track,IBTrACS best track,46.29996,False,hourly mean,3
EP112025,Kiko (2025),with_era5,2025-09-03T11:00:00+00:00,ibtracs_best_track,IBTrACS best track,46.54130409876543,False,hourly mean,3
EP112025,Kiko (2025),with_era5,2025-09-03T12:00:00+00:00,ibtracs_best_track,IBTrACS best track,47.35425264197531,False,hourly mean,3
EP112025,Kiko (2025),with_era5,2025-09-03T13:00:00+00:00,ibtracs_best_track,IBTrACS best track,48.73880562962963,False,hourly mean,3
EP112025,Kiko (2025),with_era5,2025-09-03T14:00:00+00:00,ibtracs_best_track,IBTrACS best track,50.45361896296296,False,hourly mean,3
EP112025,Kiko (2025),with_era5,2025-09-03T15:00:00+00:00,ibtracs_best_track,IBTrACS best track,52.168432296296295,False,hourly mean,3
EP112025,Kiko (2025),with_era5,2025-09-03T16:00:00+00:00,ibtracs_best_track,IBTrACS best track,53.883245629629634,False,hourly mean,3
EP112025,Kiko (2025),with_era5,2025-09-03T17:00:00+00:00,ibtracs_best_track,IBTrACS best track,55.54979014320988,False,hourly mean,3
EP112025,Kiko (2025),with_era5,2025-09-03T18:00:00+00:00,ibtracs_best_track,IBTrACS best track,57.102013767901234,True,hourly mean,3
EP112025,Kiko (2025),with_era5,2025-09-03T19:00:00+00:00,ibtracs_best_track,IBTrACS best track,58.5399165037037,True,hourly mean,3
EP112025,Kiko (2025),with_era5,2025-09-03T20:00:00+00:00,ibtracs_best_track,IBTrACS best track,59.88763276049383,True,hourly mean,3
EP112025,Kiko (2025),with_era5,2025-09-03T21:00:00+00:00,ibtracs_best_track,IBTrACS best track,61.17818857283951,True,hourly mean,3
EP112025,Kiko (2025),with_era5,2025-09-03T22:00:00+00:00,ibtracs_best_track,IBTrACS best track,62.41158394074074,True,hourly mean,3
EP112025,Kiko (2025),with_era5,2025-09-03T23:00:00+00:00,ibtracs_best_track,IBTrACS best track,63.443012404938266,True,hourly mean,3
EP112025,Kiko (2025),with_era5,2025-09-04T00:00:00+00:00,ibtracs_best_track,IBTrACS best track,64.07431775802469,True,hourly mean,3
EP112025,Kiko (2025),with_era5,2025-09-04T01:00:00+00:00,ibtracs_best_track,IBTrACS best track,64.3055,True,hourly mean,3
EP112025,Kiko (2025),with_era5,2025-09-04T02:00:00+00:00,ibtracs_best_track,IBTrACS best track,64.3055,True,hourly mean,3
EP112025,Kiko (2025),with_era5,2025-09-04T03:00:00+00:00,ibtracs_best_track,IBTrACS best track,64.3055,True,hourly mean,3
EP112025,Kiko (2025),with_era5,2025-09-04T04:00:00+00:00,ibtracs_best_track,IBTrACS best track,64.3055,True,hourly mean,3
EP112025,Kiko (2025),with_era5,2025-09-04T05:00:00+00:00,ibtracs_best_track,IBTrACS best track,64.18482795061728,True,hourly mean,3
EP112025,Kiko (2025),with_era5,2025-09-04T06:00:00+00:00,ibtracs_best_track,IBTrACS best track,63.77835367901235,True,hourly mean,3
EP112025,Kiko (2025),with_era5,2025-09-04T07:00:00+00:00,ibtracs_best_track,IBTrACS best track,63.0860374904321,True,hourly mean,3
EP112025,Kiko (2025),with_era5,2025-09-04T08:00:00+00:00,ibtracs_best_track,IBTrACS best track,62.22857789742798,True,hourly mean,3
EP112025,Kiko (2025),with_era5,2025-09-04T09:00:00+00:00,ibtracs_best_track,IBTrACS best track,61.37117123076131,False,hourly mean,3
EP112025,Kiko (2025),with_era5,2025-09-04T10:00:00+00:00,ibtracs_best_track,IBTrACS best track,60.513804258847735,False,hourly mean,3
EP112025,Kiko (2025),with_era5,2025-09-04T11:00:00+00:00,ibtracs_best_track,IBTrACS best track,59.77712256790124,False,hourly mean,3
EP112025,Kiko (2025),with_era5,2025-09-04T12:00:00+00:00,ibtracs_best_track,IBTrACS best track,59.32619017283951,False,hourly mean,3
EP112025,Kiko (2025),with_era5,2025-09-04T13:00:00+00:00,ibtracs_best_track,IBTrACS best track,59.16106,False,hourly mean,3
EP112025,Kiko (2025),with_era5,2025-09-04T14:00:00+00:00,ibtracs_best_track,IBTrACS best track,59.16106,False,hourly mean,3
EP112025,Kiko (2025),with_era5,2025-09-04T15:00:00+00:00,ibtracs_best_track,IBTrACS best track,59.16106,False,hourly mean,3
EP112025,Kiko (2025),with_era5,2025-09-04T16:00:00+00:00,ibtracs_best_track,IBTrACS best track,59.16106,False,hourly mean,3
EP112025,Kiko (2025),with_era5,2025-09-04T17:00:00+00:00,ibtracs_best_track,IBTrACS best track,59.131844661728394,False,hourly mean,3
EP112025,Kiko (2025),with_era5,2025-09-04T18:00:00+00:00,ibtracs_best_track,IBTrACS best track,58.95020147160494,False,hourly mean,3
EP112025,Kiko (2025),with_era5,2025-09-04T19:00:00+00:00,ibtracs_best_track,IBTrACS best track,58.67329087407408,False,hourly mean,3
EP112025,Kiko (2025),with_era5,2025-09-04T20:00:00+00:00,ibtracs_best_track,IBTrACS best track,58.28714031604938,False,hourly mean,3
EP112025,Kiko (2025),with_era5,2025-09-04T21:00:00+00:00,ibtracs_best_track,IBTrACS best track,57.88193627654321,False,hourly mean,3
EP112025,Kiko (2025),with_era5,2025-09-04T22:00:00+00:00,ibtracs_best_track,IBTrACS best track,57.400518311111114,False,hourly mean,3
EP112025,Kiko (2025),with_era5,2025-09-04T23:00:00+00:00,ibtracs_best_track,IBTrACS best track,56.91020872098766,False,hourly mean,3
EP112025,Kiko (2025),with_era5,2025-09-05T00:00:00+00:00,ibtracs_best_track,IBTrACS best track,56.47705957530865,False,hourly mean,3
EP112025,Kiko (2025),with_era5,2025-09-05T01:00:00+00:00,ibtracs_best_track,IBTrACS best track,56.10107087407408,False,hourly mean,3
EP112025,Kiko (2025),with_era5,2025-09-05T02:00:00+00:00,ibtracs_best_track,IBTrACS best track,55.733973797530865,False,hourly mean,3
EP112025,Kiko (2025),with_era5,2025-09-05T03:00:00+00:00,ibtracs_best_track,IBTrACS best track,55.30971627654321,False,hourly mean,3
EP112025,Kiko (2025),with_era5,2025-09-05T04:00:00+00:00,ibtracs_best_track,IBTrACS best track,54.82829831111112,False,hourly mean,3
EP112025,Kiko (2025),with_era5,2025-09-05T05:00:00+00:00,ibtracs_best_track,IBTrACS best track,54.33798872098765,False,hourly mean,3
EP112025,Kiko (2025),with_era5,2025-09-05T06:00:00+00:00,ibtracs_best_track,IBTrACS best track,53.90483957530864,False,hourly mean,3
EP112025,Kiko (2025),with_era5,2025-09-05T07:00:00+00:00,ibtracs_best_track,IBTrACS best track,53.52883499617284,False,hourly mean,3
EP112025,Kiko (2025),with_era5,2025-09-05T08:00:00+00:00,ibtracs_best_track,IBTrACS best track,53.161698224876545,False,hourly mean,3
EP112025,Kiko (2025),with_era5,2025-09-05T09:00:00+00:00,ibtracs_best_track,IBTrACS best track,52.73739307018519,False,hourly mean,3
EP112025,Kiko (2025),with_era5,2025-09-05T10:00:00+00:00,ibtracs_best_track,IBTrACS best track,52.255943348950616,False,hourly mean,3
EP112025,Kiko (2025),with_era5,2025-09-05T11:00:00+00:00,ibtracs_best_track,IBTrACS best track,51.88639313666667,False,hourly mean,3
EP112025,Kiko (2025),with_era5,2025-09-05T12:00:00+00:00,ibtracs_best_track,IBTrACS best track,51.85981353,False,hourly mean,3
EP112025,Kiko (2025),with_era5,2025-09-05T13:00:00+00:00,ibtracs_best_track,IBTrACS best track,52.176196589999996,False,hourly mean,3
EP112025,Kiko (2025),with_era5,2025-09-05T14:00:00+00:00,ibtracs_best_track,IBTrACS best track,52.66649030222222,False,hourly mean,3
EP112025,Kiko (2025),with_era5,2025-09-05T15:00:00+00:00,ibtracs_best_track,IBTrACS best track,53.099623570000006,False,hourly mean,3
EP112025,Kiko (2025),with_era5,2025-09-05T16:00:00+00:00,ibtracs_best_track,IBTrACS best track,53.47559639333334,False,hourly mean,3
EP112025,Kiko (2025),with_era5,2025-09-05T17:00:00+00:00,ibtracs_best_track,IBTrACS best track,53.891009923333336,False,hourly mean,3
EP112025,Kiko (2025),with_era5,2025-09-05T18:00:00+00:00,ibtracs_best_track,IBTrACS best track,54.47790478666667,False,hourly mean,3
EP112025,Kiko (2025),with_era5,2025-09-05T19:00:00+00:00,ibtracs_best_track,IBTrACS best track,55.23628098333333,False,hourly mean,3
EP112025,Kiko (2025),with_era5,2025-09-05T20:00:00+00:00,ibtracs_best_track,IBTrACS best track,56.09362149207819,False,hourly mean,3
EP112025,Kiko (2025),with_era5,2025-09-05T21:00:00+00:00,ibtracs_best_track,IBTrACS best track,56.950948769238686,False,hourly mean,3
EP112025,Kiko (2025),with_era5,2025-09-05T22:00:00+00:00,ibtracs_best_track,IBTrACS best track,57.80827604639918,False,hourly mean,3
EP112025,Kiko (2025),with_era5,2025-09-05T23:00:00+00:00,ibtracs_best_track,IBTrACS best track,58.61740066172839,False,hourly mean,3
EP112025,Kiko (2025),with_era5,2025-09-06T00:00:00+00:00,ibtracs_best_track,IBTrACS best track,59.312217619753085,False,hourly mean,3
EP112025,Kiko (2025),with_era5,2025-09-06T01:00:00+00:00,ibtracs_best_track,IBTrACS best track,59.8927136888889,False,hourly mean,3
EP112025,Kiko (2025),with_era5,2025-09-06T02:00:00+00:00,ibtracs_best_track,IBTrACS best track,60.38302327901235,False,hourly mean,3
EP112025,Kiko (2025),with_era5,2025-09-06T03:00:00+00:00,ibtracs_best_track,IBTrACS best track,60.81617242469136,False,hourly mean,3
EP112025,Kiko (2025),with_era5,2025-09-06T04:00:00+00:00,ibtracs_best_track,IBTrACS best track,61.19216112592593,False,hourly mean,3
EP112025,Kiko (2025),with_era5,2025-09-06T05:00:00+00:00,ibtracs_best_track,IBTrACS best track,61.36618292345679,False,hourly mean,3
EP112025,Kiko (2025),with_era5,2025-09-06T06:00:00+00:00,ibtracs_best_track,IBTrACS best track,61.140081609876546,False,hourly mean,3
EP112025,Kiko (2025),with_era5,2025-09-06T07:00:00+00:00,ibtracs_best_track,IBTrACS best track,60.513817490432096,False,hourly mean,3
EP112025,Kiko (2025),with_era5,2025-09-06T08:00:00+00:00,ibtracs_best_track,IBTrACS best track,59.65634466584362,False,hourly mean,3
EP112025,Kiko (2025),with_era5,2025-09-06T09:00:00+00:00,ibtracs_best_track,IBTrACS best track,58.78456849855968,False,hourly mean,3
EP112025,Kiko (2025),with_era5,2025-09-06T10:00:00+00:00,ibtracs_best_track,IBTrACS best track,57.92712213713992,False,hourly mean,3
EP112025,Kiko (2025),with_era5,2025-09-06T11:00:00+00:00,ibtracs_best_track,IBTrACS best track,57.19045367777778,False,hourly mean,3
EP112025,Kiko (2025),with_era5,2025-09-06T12:00:00+00:00,ibtracs_best_track,IBTrACS best track,56.75389078333333,False,hourly mean,3
EP112025,Kiko (2025),with_era5,2025-09-06T13:00:00+00:00,ibtracs_best_track,IBTrACS best track,56.588840000000005,False,hourly mean,3
EP112025,Kiko (2025),with_era5,2025-09-06T14:00:00+00:00,ibtracs_best_track,IBTrACS best track,56.588840000000005,False,hourly mean,3
EP112025,Kiko (2025),with_era5,2025-09-06T15:00:00+00:00,ibtracs_best_track,IBTrACS best track,56.588840000000005,False,hourly mean,3
EP112025,Kiko (2025),with_era5,2025-09-06T16:00:00+00:00,ibtracs_best_track,IBTrACS best track,56.588840000000005,False,hourly mean,3
EP112025,Kiko (2025),with_era5,2025-09-06T17:00:00+00:00,ibtracs_best_track,IBTrACS best track,56.661290863333335,False,hourly mean,3
EP112025,Kiko (2025),with_era5,2025-09-06T18:00:00+00:00,ibtracs_best_track,IBTrACS best track,56.905223060000004,False,hourly mean,3
EP112025,Kiko (2025),with_era5,2025-09-06T19:00:00+00:00,ibtracs_best_track,IBTrACS best track,57.32063659,False,hourly mean,3
EP112025,Kiko (2025),with_era5,2025-09-06T20:00:00+00:00,ibtracs_best_track,IBTrACS best track,57.810930302222225,False,hourly mean,3
EP112025,Kiko (2025),with_era5,2025-09-06T21:00:00+00:00,ibtracs_best_track,IBTrACS best track,58.24406357,False,hourly mean,3
EP112025,Kiko (2025),with_era5,2025-09-06T22:00:00+00:00,ibtracs_best_track,IBTrACS best track,58.62003639333333,False,hourly mean,3
EP112025,Kiko (2025),with_era5,2025-09-06T23:00:00+00:00,ibtracs_best_track,IBTrACS best track,58.86639790888889,False,hourly mean,3
EP112025,Kiko (2025),with_era5,2025-09-07T00:00:00+00:00,ibtracs_best_track,IBTrACS best track,58.884117646666674,False,hourly mean,3
EP112025,Kiko (2025),with_era5,2025-09-07T01:00:00+00:00,ibtracs_best_track,IBTrACS best track,58.67319560666667,False,hourly mean,3
EP112025,Kiko (2025),with_era5,2025-09-07T02:00:00+00:00,ibtracs_best_track,IBTrACS best track,58.30608265222222,False,hourly mean,3
EP112025,Kiko (2025),with_era5,2025-09-07T03:00:00+00:00,ibtracs_best_track,IBTrACS best track,57.88180925333334,False,hourly mean,3
EP112025,Kiko (2025),with_era5,2025-09-07T04:00:00+00:00,ibtracs_best_track,IBTrACS best track,57.40037541,False,hourly mean,3
EP112025,Kiko (2025),with_era5,2025-09-07T05:00:00+00:00,ibtracs_best_track,IBTrACS best track,56.91008169777778,False,hourly mean,3
EP112025,Kiko (2025),with_era5,2025-09-07T06:00:00+00:00,ibtracs_best_track,IBTrACS best track,56.47694843,False,hourly mean,3
EP112025,Kiko (2025),with_era5,2025-09-07T07:00:00+00:00,ibtracs_best_track,IBTrACS best track,56.10097031403293,False,hourly mean,3
EP112025,Kiko (2025),with_era5,2025-09-07T08:00:00+00:00,ibtracs_best_track,IBTrACS best track,55.73385735958848,False,hourly mean,3
EP112025,Kiko (2025),with_era5,2025-09-07T09:00:00+00:00,ibtracs_best_track,IBTrACS best track,55.30958396069959,False,hourly mean,3
EP112025,Kiko (2025),with_era5,2025-09-07T10:00:00+00:00,ibtracs_best_track,IBTrACS best track,54.828155409999994,False,hourly mean,3
EP112025,Kiko (2025),with_era5,2025-09-07T11:00:00+00:00,ibtracs_best_track,IBTrACS best track,54.265410834444445,False,hourly mean,3
EP112025,Kiko (2025),with_era5,2025-09-07T12:00:00+00:00,ibtracs_best_track,IBTrACS best track,53.588345370000006,False,hourly mean,3
EP112025,Kiko (2025),with_era5,2025-09-07T13:00:00+00:00,ibtracs_best_track,IBTrACS best track,52.79695901666667,False,hourly mean,3
EP112025,Kiko (2025),with_era5,2025-09-07T14:00:00+00:00,ibtracs_best_track,IBTrACS best track,51.93955234999999,False,hourly mean,3
EP112025,Kiko (2025),with_era5,2025-09-07T15:00:00+00:00,ibtracs_best_track,IBTrACS best track,51.08214568333332,False,hourly mean,3
EP112025,Kiko (2025),with_era5,2025-09-07T16:00:00+00:00,ibtracs_best_track,IBTrACS best track,50.22473901666666,False,hourly mean,3
EP112025,Kiko (2025),with_era5,2025-09-07T17:00:00+00:00,ibtracs_best_track,IBTrACS best track,49.48808378888888,False,hourly mean,3
EP112025,Kiko (2025),with_era5,2025-09-07T18:00:00+00:00,ibtracs_best_track,IBTrACS best track,49.037230783333335,False,hourly mean,3
EP112025,Kiko (2025),with_era5,2025-09-07T19:00:00+00:00,ibtracs_best_track,IBTrACS best track,48.87217999999999,False,hourly mean,3
EP112025,Kiko (2025),with_era5,2025-09-07T20:00:00+00:00,ibtracs_best_track,IBTrACS best track,48.87217999999999,False,hourly mean,3
EP112025,Kiko (2025),with_era5,2025-09-07T21:00:00+00:00,ibtracs_best_track,IBTrACS best track,48.87217999999999,False,hourly mean,3
EP112025,Kiko (2025),with_era5,2025-09-07T22:00:00+00:00,ibtracs_best_track,IBTrACS best track,48.87217999999999,False,hourly mean,3
EP112025,Kiko (2025),with_era5,2025-09-07T23:00:00+00:00,ibtracs_best_track,IBTrACS best track,48.82387942444444,False,hourly mean,3
EP112025,Kiko (2025),with_era5,2025-09-08T00:00:00+00:00,ibtracs_best_track,IBTrACS best track,48.66125796,False,hourly mean,3
EP112025,Kiko (2025),with_era5,2025-09-08T01:00:00+00:00,ibtracs_best_track,IBTrACS best track,48.38431560666667,False,hourly mean,3
EP112025,Kiko (2025),with_era5,2025-09-08T02:00:00+00:00,ibtracs_best_track,IBTrACS best track,48.01720265222222,False,hourly mean,3
EP112025,Kiko (2025),with_era5,2025-09-08T03:00:00+00:00,ibtracs_best_track,IBTrACS best track,47.59292925333333,False,hourly mean,3
EP112025,Kiko (2025),with_era5,2025-09-08T04:00:00+00:00,ibtracs_best_track,IBTrACS best track,47.11149541,False,hourly mean,3
EP112025,Kiko (2025),with_era5,2025-09-08T05:00:00+00:00,ibtracs_best_track,IBTrACS best track,46.621201697777785,False,hourly mean,3
EP112025,Kiko (2025),with_era5,2025-09-08T06:00:00+00:00,ibtracs_best_track,IBTrACS best track,46.18806843000001,False,hourly mean,3
EP112025,Kiko (2025),with_era5,2025-09-08T07:00:00+00:00,ibtracs_best_track,IBTrACS best track,45.812095606666674,False,hourly mean,3
EP112025,Kiko (2025),with_era5,2025-09-08T08:00:00+00:00,ibtracs_best_track,IBTrACS best track,45.44498265222222,False,hourly mean,3
EP112025,Kiko (2025),with_era5,2025-09-08T09:00:00+00:00,ibtracs_best_track,IBTrACS best track,45.02070925333334,False,hourly mean,3
EP112025,Kiko (2025),with_era5,2025-09-08T10:00:00+00:00,ibtracs_best_track,IBTrACS best track,44.539275409999995,False,hourly mean,3
EP112025,Kiko (2025),with_era5,2025-09-08T11:00:00+00:00,ibtracs_best_track,IBTrACS best track,44.048981697777776,False,hourly mean,3
EP112025,Kiko (2025),with_era5,2025-09-08T12:00:00+00:00,ibtracs_best_track,IBTrACS best track,43.61584843,False,hourly mean,3
EP112025,Kiko (2025),with_era5,2025-09-08T13:00:00+00:00,ibtracs_best_track,IBTrACS best track,43.239875606666665,False,hourly mean,3
EP112025,Kiko (2025),with_era5,2025-09-08T14:00:00+00:00,ibtracs_best_track,IBTrACS best track,42.87276265222223,False,hourly mean,3
EP112025,Kiko (2025),with_era5,2025-09-08T15:00:00+00:00,ibtracs_best_track,IBTrACS best track,42.448489253333335,False,hourly mean,3
EP112025,Kiko (2025),with_era5,2025-09-08T16:00:00+00:00,ibtracs_best_track,IBTrACS best track,41.96705541,False,hourly mean,3
EP112025,Kiko (2025),with_era5,2025-09-08T17:00:00+00:00,ibtracs_best_track,IBTrACS best track,41.35601025888889,False,hourly mean,3
EP112025,Kiko (2025),with_era5,2025-09-08T18:00:00+00:00,ibtracs_best_track,IBTrACS best track,40.51632333,False,hourly mean,3
EP112025,Kiko (2025),with_era5,2025-09-08T19:00:00+00:00,ibtracs_best_track,IBTrACS best track,39.44799462333333,False,hourly mean,3
EP112025,Kiko (2025),with_era5,2025-09-08T20:00:00+00:00,ibtracs_best_track,IBTrACS best track,38.22347500222222,False,hourly mean,3
EP112025,Kiko (2025),with_era5,2025-09-08T21:00:00+00:00,ibtracs_best_track,IBTrACS best track,36.94179493666667,False,hourly mean,3
EP112025,Kiko (2025),with_era5,2025-09-08T22:00:00+00:00,ibtracs_best_track,IBTrACS best track,35.60295442666667,False,hourly mean,3
EP112025,Kiko (2025),with_era5,2025-09-08T23:00:00+00:00,ibtracs_best_track,IBTrACS best track,34.255254047777775,False,hourly mean,3
EP112025,Kiko (2025),with_era5,2025-09-09T00:00:00+00:00,ibtracs_best_track,IBTrACS best track,32.964714113333336,False,hourly mean,3
EP112025,Kiko (2025),with_era5,2025-09-09T01:00:00+00:00,ibtracs_best_track,IBTrACS best track,31.731334623333336,False,hourly mean,3
EP112025,Kiko (2025),with_era5,2025-09-09T02:00:00+00:00,ibtracs_best_track,IBTrACS best track,30.506815002222226,False,hourly mean,3
EP112025,Kiko (2025),with_era5,2025-09-09T03:00:00+00:00,ibtracs_best_track,IBTrACS best track,29.225134936666667,False,hourly mean,3
EP112025,Kiko (2025),with_era5,2025-09-09T04:00:00+00:00,ibtracs_best_track,IBTrACS best track,27.886294426666666,False,hourly mean,3
EP112025,Kiko (2025),with_era5,2025-09-09T05:00:00+00:00,ibtracs_best_track,IBTrACS best track,26.586894623333333,False,hourly mean,3
EP112025,Kiko (2025),with_era5,2025-09-09T06:00:00+00:00,ibtracs_best_track,IBTrACS best track,25.458976153333335,False,hourly mean,3
EP112025,Kiko (2025),with_era5,2025-09-09T07:00:00+00:00,ibtracs_best_track,IBTrACS best track,24.50253901666667,False,hourly mean,3
EP112025,Kiko (2025),with_era5,2025-09-09T08:00:00+00:00,ibtracs_best_track,IBTrACS best track,23.64513235,False,hourly mean,3
EP112025,Kiko (2025),with_era5,2025-09-09T09:00:00+00:00,ibtracs_best_track,IBTrACS best track,22.787725683333335,False,hourly mean,3
EP112025,Kiko (2025),with_era5,2025-09-09T10:00:00+00:00,ibtracs_best_track,IBTrACS best track,21.93031901666667,False,hourly mean,3
EP112025,Kiko (2025),with_era5,2025-09-09T11:00:00+00:00,ibtracs_best_track,IBTrACS best track,21.19366378888889,False,hourly mean,3
EP112025,Kiko (2025),with_era5,2025-09-09T12:00:00+00:00,ibtracs_best_track,IBTrACS best track,20.742810783333336,False,hourly mean,3
EP112025,Kiko (2025),with_era5,2025-09-09T13:00:00+00:00,ibtracs_best_track,IBTrACS best track,20.57776,False,hourly mean,3
EP112025,Kiko (2025),with_era5,2025-09-09T14:00:00+00:00,ibtracs_best_track,IBTrACS best track,20.57776,False,hourly mean,3
EP112025,Kiko (2025),with_era5,2025-09-09T15:00:00+00:00,ibtracs_best_track,IBTrACS best track,20.57776,False,hourly mean,3
EP112025,Kiko (2025),with_era5,2025-09-09T16:00:00+00:00,ibtracs_best_track,IBTrACS best track,20.57776,False,hourly mean,3
EP112025,Kiko (2025),with_era5,2025-09-09T17:00:00+00:00,ibtracs_best_track,IBTrACS best track,20.529459424444447,False,hourly mean,3
EP112025,Kiko (2025),with_era5,2025-09-09T18:00:00+00:00,ibtracs_best_track,IBTrACS best track,20.36683796,False,hourly mean,3
EP112025,Kiko (2025),with_era5,2025-09-09T19:00:00+00:00,ibtracs_best_track,IBTrACS best track,20.08989560666667,False,hourly mean,3
EP112025,Kiko (2025),with_era5,2025-09-09T20:00:00+00:00,ibtracs_best_track,IBTrACS best track,19.722782652222225,False,hourly mean,3
EP112025,Kiko (2025),with_era5,2025-09-09T21:00:00+00:00,ibtracs_best_track,IBTrACS best track,19.298509253333336,False,hourly mean,3
EP112025,Kiko (2025),with_era5,2025-09-09T22:00:00+00:00,ibtracs_best_track,IBTrACS best track,18.81707541,False,hourly mean,3
EP112025,Kiko (2025),with_era5,2025-09-09T23:00:00+00:00,ibtracs_best_track,IBTrACS best track,18.375082273333334,False,hourly mean,3
EP112025,Kiko (2025),with_era5,2025-09-10T00:00:00+00:00,ibtracs_best_track,IBTrACS best track,18.10457047,False,hourly mean,3
EP112025,Kiko (2025),with_era5,2025-09-10T01:00:00+00:00,ibtracs_best_track,IBTrACS best track,18.00554,False,hourly mean,3
EP112025,Kiko (2025),with_era5,2025-09-10T02:00:00+00:00,ibtracs_best_track,IBTrACS best track,18.00554,False,hourly mean,3
EP112025,Kiko (2025),with_era5,2025-09-10T03:00:00+00:00,ibtracs_best_track,IBTrACS best track,18.00554,False,hourly mean,3
EP112025,Kiko (2025),with_era5,2025-09-10T04:00:00+00:00,ibtracs_best_track,IBTrACS best track,18.00554,False,hourly mean,3
EP112025,Kiko (2025),with_era5,2025-09-10T05:00:00+00:00,ibtracs_best_track,IBTrACS best track,17.957239424444445,False,hourly mean,3
EP112025,Kiko (2025),with_era5,2025-09-10T06:00:00+00:00,ibtracs_best_track,IBTrACS best track,17.79461796,False,hourly mean,3
EP112025,Kiko (2025),with_era5,2025-09-10T07:00:00+00:00,ibtracs_best_track,IBTrACS best track,17.517675606666668,False,hourly mean,3
EP112025,Kiko (2025),with_era5,2025-09-10T08:00:00+00:00,ibtracs_best_track,IBTrACS best track,17.150562652222224,False,hourly mean,3
EP112025,Kiko (2025),with_era5,2025-09-10T09:00:00+00:00,ibtracs_best_track,IBTrACS best track,16.726289253333334,False,hourly mean,3
EP112025,Kiko (2025),with_era5,2025-09-10T10:00:00+00:00,ibtracs_best_track,IBTrACS best track,16.24485541,False,hourly mean,3
EP112025,Kiko (2025),with_era5,2025-09-10T11:00:00+00:00,ibtracs_best_track,IBTrACS best track,15.802862273333332,False,hourly mean,3
EP112025,Kiko (2025),with_era5,2025-09-10T12:00:00+00:00,ibtracs_best_track,IBTrACS best track,15.532350469999999,False,hourly mean,3
EP112025,Kiko (2025),with_era5,2025-09-10T13:00:00+00:00,ibtracs_best_track,IBTrACS best track,15.43332,False,hourly mean,3
EP112025,Kiko (2025),with_era5,2025-09-10T14:00:00+00:00,ibtracs_best_track,IBTrACS best track,15.43332,False,hourly mean,3
EP112025,Kiko (2025),with_era5,2025-09-10T15:00:00+00:00,ibtracs_best_track,IBTrACS best track,15.43332,False,hourly mean,3
EP112025,Kiko (2025),with_era5,2025-09-10T16:00:00+00:00,ibtracs_best_track,IBTrACS best track,15.43332,False,hourly mean,3
EP112025,Kiko (2025),with_era5,2025-09-10T17:00:00+00:00,ibtracs_best_track,IBTrACS best track,15.43332,False,hourly mean,3
EP112025,Kiko (2025),with_era5,2025-09-10T18:00:00+00:00,ibtracs_best_track,IBTrACS best track,15.43332,False,hourly mean,3
EP112025,Kiko (2025),with_era5,2025-09-10T19:00:00+00:00,ibtracs_best_track,IBTrACS best track,15.43332,False,hourly mean,3
EP112025,Kiko (2025),with_era5,2025-09-10T20:00:00+00:00,ibtracs_best_track,IBTrACS best track,15.43332,False,hourly mean,3
EP112025,Kiko (2025),with_era5,2025-09-10T21:00:00+00:00,ibtracs_best_track,IBTrACS best track,15.43332,False,hourly mean,3
EP112025,Kiko (2025),with_era5,2025-09-10T22:00:00+00:00,ibtracs_best_track,IBTrACS best track,15.43332,False,hourly mean,3
EP112025,Kiko (2025),with_era5,2025-09-10T23:00:00+00:00,ibtracs_best_track,IBTrACS best track,15.43332,False,hourly mean,3
EP112025,Kiko (2025),with_era5,2025-08-31T00:00:00+00:00,era5_max_wind,ERA5 10 m maximum,9.294077505286964,False,hourly mean,3
EP112025,Kiko (2025),with_era5,2025-08-31T01:00:00+00:00,era5_max_wind,ERA5 10 m maximum,9.294077505286964,False,hourly mean,3
EP112025,Kiko (2025),with_era5,2025-08-31T02:00:00+00:00,era5_max_wind,ERA5 10 m maximum,9.021471971569431,False,hourly mean,3
EP112025,Kiko (2025),with_era5,2025-08-31T03:00:00+00:00,era5_max_wind,ERA5 10 m maximum,8.748866437851897,False,hourly mean,3
EP112025,Kiko (2025),with_era5,2025-08-31T04:00:00+00:00,era5_max_wind,ERA5 10 m maximum,8.476260904134362,False,hourly mean,3
EP112025,Kiko (2025),with_era5,2025-08-31T05:00:00+00:00,era5_max_wind,ERA5 10 m maximum,8.476260904134362,False,hourly mean,3
EP112025,Kiko (2025),with_era5,2025-08-31T06:00:00+00:00,era5_max_wind,ERA5 10 m maximum,8.476260904134362,False,hourly mean,3
EP112025,Kiko (2025),with_era5,2025-08-31T07:00:00+00:00,era5_max_wind,ERA5 10 m maximum,8.476260904134362,False,hourly mean,3
EP112025,Kiko (2025),with_era5,2025-08-31T08:00:00+00:00,era5_max_wind,ERA5 10 m maximum,9.31034788252799,False,hourly mean,3
EP112025,Kiko (2025),with_era5,2025-08-31T09:00:00+00:00,era5_max_wind,ERA5 10 m maximum,10.144434860921619,False,hourly mean,3
EP112025,Kiko (2025),with_era5,2025-08-31T10:00:00+00:00,era5_max_wind,ERA5 10 m maximum,10.978521839315247,False,hourly mean,3
EP112025,Kiko (2025),with_era5,2025-08-31T11:00:00+00:00,era5_max_wind,ERA5 10 m maximum,10.978521839315247,False,hourly mean,3
EP112025,Kiko (2025),with_era5,2025-08-31T12:00:00+00:00,era5_max_wind,ERA5 10 m maximum,10.978521839315247,False,hourly mean,3
EP112025,Kiko (2025),with_era5,2025-08-31T13:00:00+00:00,era5_max_wind,ERA5 10 m maximum,10.978521839315247,False,hourly mean,3
EP112025,Kiko (2025),with_era5,2025-08-31T14:00:00+00:00,era5_max_wind,ERA5 10 m maximum,11.698939924918477,False,hourly mean,3
EP112025,Kiko (2025),with_era5,2025-08-31T15:00:00+00:00,era5_max_wind,ERA5 10 m maximum,12.419358010521705,False,hourly mean,3
EP112025,Kiko (2025),with_era5,2025-08-31T16:00:00+00:00,era5_max_wind,ERA5 10 m maximum,13.139776096124935,False,hourly mean,3
EP112025,Kiko (2025),with_era5,2025-08-31T17:00:00+00:00,era5_max_wind,ERA5 10 m maximum,13.139776096124935,False,hourly mean,3
EP112025,Kiko (2025),with_era5,2025-08-31T18:00:00+00:00,era5_max_wind,ERA5 10 m maximum,13.139776096124935,False,hourly mean,3
EP112025,Kiko (2025),with_era5,2025-08-31T19:00:00+00:00,era5_max_wind,ERA5 10 m maximum,13.139776096124935,False,hourly mean,3
EP112025,Kiko (2025),with_era5,2025-08-31T20:00:00+00:00,era5_max_wind,ERA5 10 m maximum,13.25956766491848,False,hourly mean,3
EP112025,Kiko (2025),with_era5,2025-08-31T21:00:00+00:00,era5_max_wind,ERA5 10 m maximum,13.379359233712028,False,hourly mean,3
EP112025,Kiko (2025),with_era5,2025-08-31T22:00:00+00:00,era5_max_wind,ERA5 10 m maximum,13.499150802505573,False,hourly mean,3
EP112025,Kiko (2025),with_era5,2025-08-31T23:00:00+00:00,era5_max_wind,ERA5 10 m maximum,13.499150802505573,False,hourly mean,3
EP112025,Kiko (2025),with_era5,2025-09-01T00:00:00+00:00,era5_max_wind,ERA5 10 m maximum,13.499150802505573,False,hourly mean,3
EP112025,Kiko (2025),with_era5,2025-09-01T01:00:00+00:00,era5_max_wind,ERA5 10 m maximum,13.499150802505573,False,hourly mean,3
EP112025,Kiko (2025),with_era5,2025-09-01T02:00:00+00:00,era5_max_wind,ERA5 10 m maximum,13.163947344215876,False,hourly mean,3
EP112025,Kiko (2025),with_era5,2025-09-01T03:00:00+00:00,era5_max_wind,ERA5 10 m maximum,12.828743885926178,False,hourly mean,3
EP112025,Kiko (2025),with_era5,2025-09-01T04:00:00+00:00,era5_max_wind,ERA5 10 m maximum,12.49354042763648,False,hourly mean,3
EP112025,Kiko (2025),with_era5,2025-09-01T05:00:00+00:00,era5_max_wind,ERA5 10 m maximum,12.49354042763648,False,hourly mean,3
EP112025,Kiko (2025),with_era5,2025-09-01T06:00:00+00:00,era5_max_wind,ERA5 10 m maximum,12.49354042763648,False,hourly mean,3
EP112025,Kiko (2025),with_era5,2025-09-01T07:00:00+00:00,era5_max_wind,ERA5 10 m maximum,12.49354042763648,False,hourly mean,3
EP112025,Kiko (2025),with_era5,2025-09-01T08:00:00+00:00,era5_max_wind,ERA5 10 m maximum,12.278632162127442,False,hourly mean,3
EP112025,Kiko (2025),with_era5,2025-09-01T09:00:00+00:00,era5_max_wind,ERA5 10 m maximum,12.063723896618404,False,hourly mean,3
EP112025,Kiko (2025),with_era5,2025-09-01T10:00:00+00:00,era5_max_wind,ERA5 10 m maximum,11.848815631109366,False,hourly mean,3
EP112025,Kiko (2025),with_era5,2025-09-01T11:00:00+00:00,era5_max_wind,ERA5 10 m maximum,11.848815631109366,False,hourly mean,3
EP112025,Kiko (2025),with_era5,2025-09-01T12:00:00+00:00,era5_max_wind,ERA5 10 m maximum,11.848815631109366,False,hourly mean,3
EP112025,Kiko (2025),with_era5,2025-09-01T13:00:00+00:00,era5_max_wind,ERA5 10 m maximum,11.848815631109366,False,hourly mean,3
EP112025,Kiko (2025),with_era5,2025-09-01T14:00:00+00:00,era5_max_wind,ERA5 10 m maximum,12.2868612573454,False,hourly mean,3
EP112025,Kiko (2025),with_era5,2025-09-01T15:00:00+00:00,era5_max_wind,ERA5 10 m maximum,12.724906883581438,False,hourly mean,3
EP112025,Kiko (2025),with_era5,2025-09-01T16:00:00+00:00,era5_max_wind,ERA5 10 m maximum,13.162952509817472,False,hourly mean,3
EP112025,Kiko (2025),with_era5,2025-09-01T17:00:00+00:00,era5_max_wind,ERA5 10 m maximum,13.162952509817472,False,hourly mean,3
EP112025,Kiko (2025),with_era5,2025-09-01T18:00:00+00:00,era5_max_wind,ERA5 10 m maximum,13.162952509817472,False,hourly mean,3
EP112025,Kiko (2025),with_era5,2025-09-01T19:00:00+00:00,era5_max_wind,ERA5 10 m maximum,13.162952509817472,False,hourly mean,3
EP112025,Kiko (2025),with_era5,2025-09-01T20:00:00+00:00,era5_max_wind,ERA5 10 m maximum,13.218217890005151,False,hourly mean,3
EP112025,Kiko (2025),with_era5,2025-09-01T21:00:00+00:00,era5_max_wind,ERA5 10 m maximum,13.273483270192832,False,hourly mean,3
EP112025,Kiko (2025),with_era5,2025-09-01T22:00:00+00:00,era5_max_wind,ERA5 10 m maximum,13.328748650380513,False,hourly mean,3
EP112025,Kiko (2025),with_era5,2025-09-01T23:00:00+00:00,era5_max_wind,ERA5 10 m maximum,13.328748650380513,False,hourly mean,3
EP112025,Kiko (2025),with_era5,2025-09-02T00:00:00+00:00,era5_max_wind,ERA5 10 m maximum,13.328748650380513,False,hourly mean,3
EP112025,Kiko (2025),with_era5,2025-09-02T01:00:00+00:00,era5_max_wind,ERA5 10 m maximum,13.328748650380513,False,hourly mean,3
EP112025,Kiko (2025),with_era5,2025-09-02T02:00:00+00:00,era5_max_wind,ERA5 10 m maximum,13.186601122240845,False,hourly mean,3
EP112025,Kiko (2025),with_era5,2025-09-02T03:00:00+00:00,era5_max_wind,ERA5 10 m maximum,13.044453594101178,False,hourly mean,3
EP112025,Kiko (2025),with_era5,2025-09-02T04:00:00+00:00,era5_max_wind,ERA5 10 m maximum,12.90230606596151,False,hourly mean,3
EP112025,Kiko (2025),with_era5,2025-09-02T05:00:00+00:00,era5_max_wind,ERA5 10 m maximum,12.90230606596151,False,hourly mean,3
EP112025,Kiko (2025),with_era5,2025-09-02T06:00:00+00:00,era5_max_wind,ERA5 10 m maximum,12.90230606596151,False,hourly mean,3
EP112025,Kiko (2025),with_era5,2025-09-02T07:00:00+00:00,era5_max_wind,ERA5 10 m maximum,12.90230606596151,False,hourly mean,3
EP112025,Kiko (2025),with_era5,2025-09-02T08:00:00+00:00,era5_max_wind,ERA5 10 m maximum,12.954231479279846,False,hourly mean,3
EP112025,Kiko (2025),with_era5,2025-09-02T09:00:00+00:00,era5_max_wind,ERA5 10 m maximum,13.00615689259818,False,hourly mean,3
EP112025,Kiko (2025),with_era5,2025-09-02T10:00:00+00:00,era5_max_wind,ERA5 10 m maximum,13.058082305916516,False,hourly mean,3
EP112025,Kiko (2025),with_era5,2025-09-02T11:00:00+00:00,era5_max_wind,ERA5 10 m maximum,13.058082305916516,False,hourly mean,3
EP112025,Kiko (2025),with_era5,2025-09-02T12:00:00+00:00,era5_max_wind,ERA5 10 m maximum,13.058082305916516,False,hourly mean,3
EP112025,Kiko (2025),with_era5,2025-09-02T13:00:00+00:00,era5_max_wind,ERA5 10 m maximum,13.058082305916516,False,hourly mean,3
EP112025,Kiko (2025),with_era5,2025-09-02T14:00:00+00:00,era5_max_wind,ERA5 10 m maximum,13.110392333979155,False,hourly mean,3
EP112025,Kiko (2025),with_era5,2025-09-02T15:00:00+00:00,era5_max_wind,ERA5 10 m maximum,13.16270236204179,False,hourly mean,3
EP112025,Kiko (2025),with_era5,2025-09-02T16:00:00+00:00,era5_max_wind,ERA5 10 m maximum,13.215012390104425,False,hourly mean,3
EP112025,Kiko (2025),with_era5,2025-09-02T17:00:00+00:00,era5_max_wind,ERA5 10 m maximum,13.215012390104425,False,hourly mean,3
EP112025,Kiko (2025),with_era5,2025-09-02T18:00:00+00:00,era5_max_wind,ERA5 10 m maximum,13.215012390104425,False,hourly mean,3
EP112025,Kiko (2025),with_era5,2025-09-02T19:00:00+00:00,era5_max_wind,ERA5 10 m maximum,13.215012390104425,False,hourly mean,3
EP112025,Kiko (2025),with_era5,2025-09-02T20:00:00+00:00,era5_max_wind,ERA5 10 m maximum,13.95248952079937,False,hourly mean,3
EP112025,Kiko (2025),with_era5,2025-09-02T21:00:00+00:00,era5_max_wind,ERA5 10 m maximum,14.689966651494316,True,hourly mean,3
EP112025,Kiko (2025),with_era5,2025-09-02T22:00:00+00:00,era5_max_wind,ERA5 10 m maximum,15.427443782189263,True,hourly mean,3
EP112025,Kiko (2025),with_era5,2025-09-02T23:00:00+00:00,era5_max_wind,ERA5 10 m maximum,15.427443782189263,True,hourly mean,3
EP112025,Kiko (2025),with_era5,2025-09-03T00:00:00+00:00,era5_max_wind,ERA5 10 m maximum,15.427443782189263,True,hourly mean,3
EP112025,Kiko (2025),with_era5,2025-09-03T01:00:00+00:00,era5_max_wind,ERA5 10 m maximum,15.427443782189263,True,hourly mean,3
EP112025,Kiko (2025),with_era5,2025-09-03T02:00:00+00:00,era5_max_wind,ERA5 10 m maximum,15.677023257077051,True,hourly mean,3
EP112025,Kiko (2025),with_era5,2025-09-03T03:00:00+00:00,era5_max_wind,ERA5 10 m maximum,15.92660273196484,False,hourly mean,3
EP112025,Kiko (2025),with_era5,2025-09-03T04:00:00+00:00,era5_max_wind,ERA5 10 m maximum,16.17618220685263,False,hourly mean,3
EP112025,Kiko (2025),with_era5,2025-09-03T05:00:00+00:00,era5_max_wind,ERA5 10 m maximum,16.17618220685263,False,hourly mean,3
EP112025,Kiko (2025),with_era5,2025-09-03T06:00:00+00:00,era5_max_wind,ERA5 10 m maximum,16.17618220685263,False,hourly mean,3
EP112025,Kiko (2025),with_era5,2025-09-03T07:00:00+00:00,era5_max_wind,ERA5 10 m maximum,16.17618220685263,False,hourly mean,3
EP112025,Kiko (2025),with_era5,2025-09-03T08:00:00+00:00,era5_max_wind,ERA5 10 m maximum,16.058039548871953,False,hourly mean,3
EP112025,Kiko (2025),with_era5,2025-09-03T09:00:00+00:00,era5_max_wind,ERA5 10 m maximum,15.939896890891278,False,hourly mean,3
EP112025,Kiko (2025),with_era5,2025-09-03T10:00:00+00:00,era5_max_wind,ERA5 10 m maximum,15.821754232910605,False,hourly mean,3
EP112025,Kiko (2025),with_era5,2025-09-03T11:00:00+00:00,era5_max_wind,ERA5 10 m maximum,15.821754232910605,False,hourly mean,3
EP112025,Kiko (2025),with_era5,2025-09-03T12:00:00+00:00,era5_max_wind,ERA5 10 m maximum,15.821754232910605,False,hourly mean,3
EP112025,Kiko (2025),with_era5,2025-09-03T13:00:00+00:00,era5_max_wind,ERA5 10 m maximum,15.821754232910605,False,hourly mean,3
EP112025,Kiko (2025),with_era5,2025-09-03T14:00:00+00:00,era5_max_wind,ERA5 10 m maximum,16.337442720765594,False,hourly mean,3
EP112025,Kiko (2025),with_era5,2025-09-03T15:00:00+00:00,era5_max_wind,ERA5 10 m maximum,16.853131208620585,False,hourly mean,3
EP112025,Kiko (2025),with_era5,2025-09-03T16:00:00+00:00,era5_max_wind,ERA5 10 m maximum,17.36881969647558,False,hourly mean,3
EP112025,Kiko (2025),with_era5,2025-09-03T17:00:00+00:00,era5_max_wind,ERA5 10 m maximum,17.36881969647558,False,hourly mean,3
EP112025,Kiko (2025),with_era5,2025-09-03T18:00:00+00:00,era5_max_wind,ERA5 10 m maximum,17.36881969647558,True,hourly mean,3
EP112025,Kiko (2025),with_era5,2025-09-03T19:00:00+00:00,era5_max_wind,ERA5 10 m maximum,17.36881969647558,True,hourly mean,3
EP112025,Kiko (2025),with_era5,2025-09-03T20:00:00+00:00,era5_max_wind,ERA5 10 m maximum,16.798853784462473,True,hourly mean,3
EP112025,Kiko (2025),with_era5,2025-09-03T21:00:00+00:00,era5_max_wind,ERA5 10 m maximum,16.22888787244937,True,hourly mean,3
EP112025,Kiko (2025),with_era5,2025-09-03T22:00:00+00:00,era5_max_wind,ERA5 10 m maximum,15.658921960436267,True,hourly mean,3
EP112025,Kiko (2025),with_era5,2025-09-03T23:00:00+00:00,era5_max_wind,ERA5 10 m maximum,15.658921960436267,True,hourly mean,3
EP112025,Kiko (2025),with_era5,2025-09-04T00:00:00+00:00,era5_max_wind,ERA5 10 m maximum,15.658921960436267,True,hourly mean,3
EP112025,Kiko (2025),with_era5,2025-09-04T01:00:00+00:00,era5_max_wind,ERA5 10 m maximum,15.658921960436267,True,hourly mean,3
EP112025,Kiko (2025),with_era5,2025-09-04T02:00:00+00:00,era5_max_wind,ERA5 10 m maximum,15.937214004777466,True,hourly mean,3
EP112025,Kiko (2025),with_era5,2025-09-04T03:00:00+00:00,era5_max_wind,ERA5 10 m maximum,16.21550604911867,True,hourly mean,3
EP112025,Kiko (2025),with_era5,2025-09-04T04:00:00+00:00,era5_max_wind,ERA5 10 m maximum,16.49379809345987,True,hourly mean,3
EP112025,Kiko (2025),with_era5,2025-09-04T05:00:00+00:00,era5_max_wind,ERA5 10 m maximum,16.49379809345987,True,hourly mean,3
EP112025,Kiko (2025),with_era5,2025-09-04T06:00:00+00:00,era5_max_wind,ERA5 10 m maximum,16.49379809345987,True,hourly mean,3
EP112025,Kiko (2025),with_era5,2025-09-04T07:00:00+00:00,era5_max_wind,ERA5 10 m maximum,16.49379809345987,True,hourly mean,3
EP112025,Kiko (2025),with_era5,2025-09-04T08:00:00+00:00,era5_max_wind,ERA5 10 m maximum,16.481189567180966,True,hourly mean,3
EP112025,Kiko (2025),with_era5,2025-09-04T09:00:00+00:00,era5_max_wind,ERA5 10 m maximum,16.468581040902063,False,hourly mean,3
EP112025,Kiko (2025),with_era5,2025-09-04T10:00:00+00:00,era5_max_wind,ERA5 10 m maximum,16.45597251462316,False,hourly mean,3
EP112025,Kiko (2025),with_era5,2025-09-04T11:00:00+00:00,era5_max_wind,ERA5 10 m maximum,16.45597251462316,False,hourly mean,3
EP112025,Kiko (2025),with_era5,2025-09-04T12:00:00+00:00,era5_max_wind,ERA5 10 m maximum,16.45597251462316,False,hourly mean,3
EP112025,Kiko (2025),with_era5,2025-09-04T13:00:00+00:00,era5_max_wind,ERA5 10 m maximum,16.45597251462316,False,hourly mean,3
EP112025,Kiko (2025),with_era5,2025-09-04T14:00:00+00:00,era5_max_wind,ERA5 10 m maximum,16.64234827454353,False,hourly mean,3
EP112025,Kiko (2025),with_era5,2025-09-04T15:00:00+00:00,era5_max_wind,ERA5 10 m maximum,16.8287240344639,False,hourly mean,3
EP112025,Kiko (2025),with_era5,2025-09-04T16:00:00+00:00,era5_max_wind,ERA5 10 m maximum,17.015099794384273,False,hourly mean,3
EP112025,Kiko (2025),with_era5,2025-09-04T17:00:00+00:00,era5_max_wind,ERA5 10 m maximum,17.015099794384273,False,hourly mean,3
EP112025,Kiko (2025),with_era5,2025-09-04T18:00:00+00:00,era5_max_wind,ERA5 10 m maximum,17.015099794384273,False,hourly mean,3
EP112025,Kiko (2025),with_era5,2025-09-04T19:00:00+00:00,era5_max_wind,ERA5 10 m maximum,17.015099794384273,False,hourly mean,3
EP112025,Kiko (2025),with_era5,2025-09-04T20:00:00+00:00,era5_max_wind,ERA5 10 m maximum,16.72878206946128,False,hourly mean,3
EP112025,Kiko (2025),with_era5,2025-09-04T21:00:00+00:00,era5_max_wind,ERA5 10 m maximum,16.44246434453829,False,hourly mean,3
EP112025,Kiko (2025),with_era5,2025-09-04T22:00:00+00:00,era5_max_wind,ERA5 10 m maximum,16.156146619615296,False,hourly mean,3
EP112025,Kiko (2025),with_era5,2025-09-04T23:00:00+00:00,era5_max_wind,ERA5 10 m maximum,16.156146619615296,False,hourly mean,3
EP112025,Kiko (2025),with_era5,2025-09-05T00:00:00+00:00,era5_max_wind,ERA5 10 m maximum,16.156146619615296,False,hourly mean,3
EP112025,Kiko (2025),with_era5,2025-09-05T01:00:00+00:00,era5_max_wind,ERA5 10 m maximum,16.156146619615296,False,hourly mean,3
EP112025,Kiko (2025),with_era5,2025-09-05T02:00:00+00:00,era5_max_wind,ERA5 10 m maximum,15.673199732952307,False,hourly mean,3
EP112025,Kiko (2025),with_era5,2025-09-05T03:00:00+00:00,era5_max_wind,ERA5 10 m maximum,15.190252846289324,False,hourly mean,3
EP112025,Kiko (2025),with_era5,2025-09-05T04:00:00+00:00,era5_max_wind,ERA5 10 m maximum,14.70730595962634,False,hourly mean,3
EP112025,Kiko (2025),with_era5,2025-09-05T05:00:00+00:00,era5_max_wind,ERA5 10 m maximum,14.70730595962634,False,hourly mean,3
EP112025,Kiko (2025),with_era5,2025-09-05T06:00:00+00:00,era5_max_wind,ERA5 10 m maximum,14.70730595962634,False,hourly mean,3
EP112025,Kiko (2025),with_era5,2025-09-05T07:00:00+00:00,era5_max_wind,ERA5 10 m maximum,14.70730595962634,False,hourly mean,3
EP112025,Kiko (2025),with_era5,2025-09-05T08:00:00+00:00,era5_max_wind,ERA5 10 m maximum,14.96783172978578,False,hourly mean,3
EP112025,Kiko (2025),with_era5,2025-09-05T09:00:00+00:00,era5_max_wind,ERA5 10 m maximum,15.228357499945224,False,hourly mean,3
EP112025,Kiko (2025),with_era5,2025-09-05T10:00:00+00:00,era5_max_wind,ERA5 10 m maximum,15.488883270104665,False,hourly mean,3
EP112025,Kiko (2025),with_era5,2025-09-05T11:00:00+00:00,era5_max_wind,ERA5 10 m maximum,15.488883270104665,False,hourly mean,3
EP112025,Kiko (2025),with_era5,2025-09-05T12:00:00+00:00,era5_max_wind,ERA5 10 m maximum,15.488883270104665,False,hourly mean,3
EP112025,Kiko (2025),with_era5,2025-09-05T13:00:00+00:00,era5_max_wind,ERA5 10 m maximum,15.488883270104665,False,hourly mean,3
EP112025,Kiko (2025),with_era5,2025-09-05T14:00:00+00:00,era5_max_wind,ERA5 10 m maximum,15.588128733066824,False,hourly mean,3
EP112025,Kiko (2025),with_era5,2025-09-05T15:00:00+00:00,era5_max_wind,ERA5 10 m maximum,15.687374196028989,False,hourly mean,3
EP112025,Kiko (2025),with_era5,2025-09-05T16:00:00+00:00,era5_max_wind,ERA5 10 m maximum,15.78661965899115,False,hourly mean,3
EP112025,Kiko (2025),with_era5,2025-09-05T17:00:00+00:00,era5_max_wind,ERA5 10 m maximum,15.78661965899115,False,hourly mean,3
EP112025,Kiko (2025),with_era5,2025-09-05T18:00:00+00:00,era5_max_wind,ERA5 10 m maximum,15.78661965899115,False,hourly mean,3
EP112025,Kiko (2025),with_era5,2025-09-05T19:00:00+00:00,era5_max_wind,ERA5 10 m maximum,15.78661965899115,False,hourly mean,3
EP112025,Kiko (2025),with_era5,2025-09-05T20:00:00+00:00,era5_max_wind,ERA5 10 m maximum,15.689868124566479,False,hourly mean,3
EP112025,Kiko (2025),with_era5,2025-09-05T21:00:00+00:00,era5_max_wind,ERA5 10 m maximum,15.593116590141804,False,hourly mean,3
EP112025,Kiko (2025),with_era5,2025-09-05T22:00:00+00:00,era5_max_wind,ERA5 10 m maximum,15.496365055717135,False,hourly mean,3
EP112025,Kiko (2025),with_era5,2025-09-05T23:00:00+00:00,era5_max_wind,ERA5 10 m maximum,15.496365055717135,False,hourly mean,3
EP112025,Kiko (2025),with_era5,2025-09-06T00:00:00+00:00,era5_max_wind,ERA5 10 m maximum,15.496365055717135,False,hourly mean,3
EP112025,Kiko (2025),with_era5,2025-09-06T01:00:00+00:00,era5_max_wind,ERA5 10 m maximum,15.496365055717135,False,hourly mean,3
EP112025,Kiko (2025),with_era5,2025-09-06T02:00:00+00:00,era5_max_wind,ERA5 10 m maximum,15.240499106992496,False,hourly mean,3
EP112025,Kiko (2025),with_era5,2025-09-06T03:00:00+00:00,era5_max_wind,ERA5 10 m maximum,14.98463315826786,False,hourly mean,3
EP112025,Kiko (2025),with_era5,2025-09-06T04:00:00+00:00,era5_max_wind,ERA5 10 m maximum,14.728767209543221,False,hourly mean,3
EP112025,Kiko (2025),with_era5,2025-09-06T05:00:00+00:00,era5_max_wind,ERA5 10 m maximum,14.728767209543221,False,hourly mean,3
EP112025,Kiko (2025),with_era5,2025-09-06T06:00:00+00:00,era5_max_wind,ERA5 10 m maximum,14.728767209543221,False,hourly mean,3
EP112025,Kiko (2025),with_era5,2025-09-06T07:00:00+00:00,era5_max_wind,ERA5 10 m maximum,14.728767209543221,False,hourly mean,3
EP112025,Kiko (2025),with_era5,2025-09-06T08:00:00+00:00,era5_max_wind,ERA5 10 m maximum,15.054282887811043,False,hourly mean,3
EP112025,Kiko (2025),with_era5,2025-09-06T09:00:00+00:00,era5_max_wind,ERA5 10 m maximum,15.379798566078867,False,hourly mean,3
EP112025,Kiko (2025),with_era5,2025-09-06T10:00:00+00:00,era5_max_wind,ERA5 10 m maximum,15.70531424434669,False,hourly mean,3
EP112025,Kiko (2025),with_era5,2025-09-06T11:00:00+00:00,era5_max_wind,ERA5 10 m maximum,15.70531424434669,False,hourly mean,3
EP112025,Kiko (2025),with_era5,2025-09-06T12:00:00+00:00,era5_max_wind,ERA5 10 m maximum,15.70531424434669,False,hourly mean,3
EP112025,Kiko (2025),with_era5,2025-09-06T13:00:00+00:00,era5_max_wind,ERA5 10 m maximum,15.70531424434669,False,hourly mean,3
EP112025,Kiko (2025),with_era5,2025-09-06T14:00:00+00:00,era5_max_wind,ERA5 10 m maximum,15.878238303481544,False,hourly mean,3
EP112025,Kiko (2025),with_era5,2025-09-06T15:00:00+00:00,era5_max_wind,ERA5 10 m maximum,16.0511623626164,False,hourly mean,3
EP112025,Kiko (2025),with_era5,2025-09-06T16:00:00+00:00,era5_max_wind,ERA5 10 m maximum,16.224086421751252,False,hourly mean,3
EP112025,Kiko (2025),with_era5,2025-09-06T17:00:00+00:00,era5_max_wind,ERA5 10 m maximum,16.224086421751252,False,hourly mean,3
EP112025,Kiko (2025),with_era5,2025-09-06T18:00:00+00:00,era5_max_wind,ERA5 10 m maximum,16.224086421751252,False,hourly mean,3
EP112025,Kiko (2025),with_era5,2025-09-06T19:00:00+00:00,era5_max_wind,ERA5 10 m maximum,16.224086421751252,False,hourly mean,3
EP112025,Kiko (2025),with_era5,2025-09-06T20:00:00+00:00,era5_max_wind,ERA5 10 m maximum,16.434399731578036,False,hourly mean,3
EP112025,Kiko (2025),with_era5,2025-09-06T21:00:00+00:00,era5_max_wind,ERA5 10 m maximum,16.64471304140482,False,hourly mean,3
EP112025,Kiko (2025),with_era5,2025-09-06T22:00:00+00:00,era5_max_wind,ERA5 10 m maximum,16.855026351231608,False,hourly mean,3
EP112025,Kiko (2025),with_era5,2025-09-06T23:00:00+00:00,era5_max_wind,ERA5 10 m maximum,16.855026351231608,False,hourly mean,3
EP112025,Kiko (2025),with_era5,2025-09-07T00:00:00+00:00,era5_max_wind,ERA5 10 m maximum,16.855026351231608,False,hourly mean,3
EP112025,Kiko (2025),with_era5,2025-09-07T01:00:00+00:00,era5_max_wind,ERA5 10 m maximum,16.855026351231608,False,hourly mean,3
EP112025,Kiko (2025),with_era5,2025-09-07T02:00:00+00:00,era5_max_wind,ERA5 10 m maximum,16.85019041444384,False,hourly mean,3
EP112025,Kiko (2025),with_era5,2025-09-07T03:00:00+00:00,era5_max_wind,ERA5 10 m maximum,16.84535447765607,False,hourly mean,3
EP112025,Kiko (2025),with_era5,2025-09-07T04:00:00+00:00,era5_max_wind,ERA5 10 m maximum,16.840518540868306,False,hourly mean,3
EP112025,Kiko (2025),with_era5,2025-09-07T05:00:00+00:00,era5_max_wind,ERA5 10 m maximum,16.840518540868306,False,hourly mean,3
EP112025,Kiko (2025),with_era5,2025-09-07T06:00:00+00:00,era5_max_wind,ERA5 10 m maximum,16.840518540868306,False,hourly mean,3
EP112025,Kiko (2025),with_era5,2025-09-07T07:00:00+00:00,era5_max_wind,ERA5 10 m maximum,16.840518540868306,False,hourly mean,3
EP112025,Kiko (2025),with_era5,2025-09-07T08:00:00+00:00,era5_max_wind,ERA5 10 m maximum,17.238440877868122,False,hourly mean,3
EP112025,Kiko (2025),with_era5,2025-09-07T09:00:00+00:00,era5_max_wind,ERA5 10 m maximum,17.63636321486794,False,hourly mean,3
EP112025,Kiko (2025),with_era5,2025-09-07T10:00:00+00:00,era5_max_wind,ERA5 10 m maximum,18.03428555186776,False,hourly mean,3
EP112025,Kiko (2025),with_era5,2025-09-07T11:00:00+00:00,era5_max_wind,ERA5 10 m maximum,18.03428555186776,False,hourly mean,3
EP112025,Kiko (2025),with_era5,2025-09-07T12:00:00+00:00,era5_max_wind,ERA5 10 m maximum,18.03428555186776,False,hourly mean,3
EP112025,Kiko (2025),with_era5,2025-09-07T13:00:00+00:00,era5_max_wind,ERA5 10 m maximum,18.03428555186776,False,hourly mean,3
EP112025,Kiko (2025),with_era5,2025-09-07T14:00:00+00:00,era5_max_wind,ERA5 10 m maximum,18.20084399082301,False,hourly mean,3
EP112025,Kiko (2025),with_era5,2025-09-07T15:00:00+00:00,era5_max_wind,ERA5 10 m maximum,18.36740242977826,False,hourly mean,3
EP112025,Kiko (2025),with_era5,2025-09-07T16:00:00+00:00,era5_max_wind,ERA5 10 m maximum,18.53396086873351,False,hourly mean,3
EP112025,Kiko (2025),with_era5,2025-09-07T17:00:00+00:00,era5_max_wind,ERA5 10 m maximum,18.53396086873351,False,hourly mean,3
EP112025,Kiko (2025),with_era5,2025-09-07T18:00:00+00:00,era5_max_wind,ERA5 10 m maximum,18.53396086873351,False,hourly mean,3
EP112025,Kiko (2025),with_era5,2025-09-07T19:00:00+00:00,era5_max_wind,ERA5 10 m maximum,18.53396086873351,False,hourly mean,3
EP112025,Kiko (2025),with_era5,2025-09-07T20:00:00+00:00,era5_max_wind,ERA5 10 m maximum,18.187168579405185,False,hourly mean,3
EP112025,Kiko (2025),with_era5,2025-09-07T21:00:00+00:00,era5_max_wind,ERA5 10 m maximum,17.840376290076865,False,hourly mean,3
EP112025,Kiko (2025),with_era5,2025-09-07T22:00:00+00:00,era5_max_wind,ERA5 10 m maximum,17.493584000748545,False,hourly mean,3
EP112025,Kiko (2025),with_era5,2025-09-07T23:00:00+00:00,era5_max_wind,ERA5 10 m maximum,17.493584000748545,False,hourly mean,3
EP112025,Kiko (2025),with_era5,2025-09-08T00:00:00+00:00,era5_max_wind,ERA5 10 m maximum,17.493584000748545,False,hourly mean,3
EP112025,Kiko (2025),with_era5,2025-09-08T01:00:00+00:00,era5_max_wind,ERA5 10 m maximum,17.493584000748545,False,hourly mean,3
EP112025,Kiko (2025),with_era5,2025-09-08T02:00:00+00:00,era5_max_wind,ERA5 10 m maximum,18.18845061031807,False,hourly mean,3
EP112025,Kiko (2025),with_era5,2025-09-08T03:00:00+00:00,era5_max_wind,ERA5 10 m maximum,18.883317219887605,False,hourly mean,3
EP112025,Kiko (2025),with_era5,2025-09-08T04:00:00+00:00,era5_max_wind,ERA5 10 m maximum,19.578183829457135,False,hourly mean,3
EP112025,Kiko (2025),with_era5,2025-09-08T05:00:00+00:00,era5_max_wind,ERA5 10 m maximum,19.578183829457135,False,hourly mean,3
EP112025,Kiko (2025),with_era5,2025-09-08T06:00:00+00:00,era5_max_wind,ERA5 10 m maximum,19.578183829457135,False,hourly mean,3
EP112025,Kiko (2025),with_era5,2025-09-08T07:00:00+00:00,era5_max_wind,ERA5 10 m maximum,19.578183829457135,False,hourly mean,3
EP112025,Kiko (2025),with_era5,2025-09-08T08:00:00+00:00,era5_max_wind,ERA5 10 m maximum,20.451479334853754,False,hourly mean,3
EP112025,Kiko (2025),with_era5,2025-09-08T09:00:00+00:00,era5_max_wind,ERA5 10 m maximum,21.324774840250377,False,hourly mean,3
EP112025,Kiko (2025),with_era5,2025-09-08T10:00:00+00:00,era5_max_wind,ERA5 10 m maximum,22.198070345647,False,hourly mean,3
EP112025,Kiko (2025),with_era5,2025-09-08T11:00:00+00:00,era5_max_wind,ERA5 10 m maximum,22.198070345647,False,hourly mean,3
EP112025,Kiko (2025),with_era5,2025-09-08T12:00:00+00:00,era5_max_wind,ERA5 10 m maximum,22.198070345647,False,hourly mean,3
EP112025,Kiko (2025),with_era5,2025-09-08T13:00:00+00:00,era5_max_wind,ERA5 10 m maximum,22.198070345647,False,hourly mean,3
EP112025,Kiko (2025),with_era5,2025-09-08T14:00:00+00:00,era5_max_wind,ERA5 10 m maximum,22.061768838029085,False,hourly mean,3
EP112025,Kiko (2025),with_era5,2025-09-08T15:00:00+00:00,era5_max_wind,ERA5 10 m maximum,21.92546733041117,False,hourly mean,3
EP112025,Kiko (2025),with_era5,2025-09-08T16:00:00+00:00,era5_max_wind,ERA5 10 m maximum,21.789165822793255,False,hourly mean,3
EP112025,Kiko (2025),with_era5,2025-09-08T17:00:00+00:00,era5_max_wind,ERA5 10 m maximum,21.789165822793255,False,hourly mean,3
EP112025,Kiko (2025),with_era5,2025-09-08T18:00:00+00:00,era5_max_wind,ERA5 10 m maximum,21.789165822793255,False,hourly mean,3
EP112025,Kiko (2025),with_era5,2025-09-08T19:00:00+00:00,era5_max_wind,ERA5 10 m maximum,21.789165822793255,False,hourly mean,3
EP112025,Kiko (2025),with_era5,2025-09-08T20:00:00+00:00,era5_max_wind,ERA5 10 m maximum,20.850524664602517,False,hourly mean,3
EP112025,Kiko (2025),with_era5,2025-09-08T21:00:00+00:00,era5_max_wind,ERA5 10 m maximum,19.91188350641178,False,hourly mean,3
EP112025,Kiko (2025),with_era5,2025-09-08T22:00:00+00:00,era5_max_wind,ERA5 10 m maximum,18.973242348221046,False,hourly mean,3
EP112025,Kiko (2025),with_era5,2025-09-08T23:00:00+00:00,era5_max_wind,ERA5 10 m maximum,18.973242348221046,False,hourly mean,3
EP112025,Kiko (2025),with_era5,2025-09-09T00:00:00+00:00,era5_max_wind,ERA5 10 m maximum,18.973242348221046,False,hourly mean,3
EP112025,Kiko (2025),with_era5,2025-09-09T01:00:00+00:00,era5_max_wind,ERA5 10 m maximum,18.973242348221046,False,hourly mean,3
EP112025,Kiko (2025),with_era5,2025-09-09T02:00:00+00:00,era5_max_wind,ERA5 10 m maximum,18.87186289705285,False,hourly mean,3
EP112025,Kiko (2025),with_era5,2025-09-09T03:00:00+00:00,era5_max_wind,ERA5 10 m maximum,18.77048344588466,False,hourly mean,3
EP112025,Kiko (2025),with_era5,2025-09-09T04:00:00+00:00,era5_max_wind,ERA5 10 m maximum,18.66910399471647,False,hourly mean,3
EP112025,Kiko (2025),with_era5,2025-09-09T05:00:00+00:00,era5_max_wind,ERA5 10 m maximum,18.66910399471647,False,hourly mean,3
EP112025,Kiko (2025),with_era5,2025-09-09T06:00:00+00:00,era5_max_wind,ERA5 10 m maximum,18.66910399471647,False,hourly mean,3
EP112025,Kiko (2025),with_era5,2025-09-09T07:00:00+00:00,era5_max_wind,ERA5 10 m maximum,18.66910399471647,False,hourly mean,3
EP112025,Kiko (2025),with_era5,2025-09-09T08:00:00+00:00,era5_max_wind,ERA5 10 m maximum,18.497284395405735,False,hourly mean,3
EP112025,Kiko (2025),with_era5,2025-09-09T09:00:00+00:00,era5_max_wind,ERA5 10 m maximum,18.325464796095005,False,hourly mean,3
EP112025,Kiko (2025),with_era5,2025-09-09T10:00:00+00:00,era5_max_wind,ERA5 10 m maximum,18.153645196784275,False,hourly mean,3
EP112025,Kiko (2025),with_era5,2025-09-09T11:00:00+00:00,era5_max_wind,ERA5 10 m maximum,18.153645196784275,False,hourly mean,3
EP112025,Kiko (2025),with_era5,2025-09-09T12:00:00+00:00,era5_max_wind,ERA5 10 m maximum,18.153645196784275,False,hourly mean,3
EP112025,Kiko (2025),with_era5,2025-09-09T13:00:00+00:00,era5_max_wind,ERA5 10 m maximum,18.153645196784275,False,hourly mean,3
EP112025,Kiko (2025),with_era5,2025-09-09T14:00:00+00:00,era5_max_wind,ERA5 10 m maximum,17.700038563092324,False,hourly mean,3
EP112025,Kiko (2025),with_era5,2025-09-09T15:00:00+00:00,era5_max_wind,ERA5 10 m maximum,17.24643192940037,False,hourly mean,3
EP112025,Kiko (2025),with_era5,2025-09-09T16:00:00+00:00,era5_max_wind,ERA5 10 m maximum,16.79282529570842,False,hourly mean,3
EP112025,Kiko (2025),with_era5,2025-09-09T17:00:00+00:00,era5_max_wind,ERA5 10 m maximum,16.79282529570842,False,hourly mean,3
EP112025,Kiko (2025),with_era5,2025-09-09T18:00:00+00:00,era5_max_wind,ERA5 10 m maximum,16.79282529570842,False,hourly mean,3
EP112025,Kiko (2025),with_era5,2025-09-09T19:00:00+00:00,era5_max_wind,ERA5 10 m maximum,16.79282529570842,False,hourly mean,3
EP112025,Kiko (2025),with_era5,2025-09-09T20:00:00+00:00,era5_max_wind,ERA5 10 m maximum,16.37948263038081,False,hourly mean,3
EP112025,Kiko (2025),with_era5,2025-09-09T21:00:00+00:00,era5_max_wind,ERA5 10 m maximum,15.966139965053202,False,hourly mean,3
EP112025,Kiko (2025),with_era5,2025-09-09T22:00:00+00:00,era5_max_wind,ERA5 10 m maximum,15.552797299725595,False,hourly mean,3
EP112025,Kiko (2025),with_era5,2025-09-09T23:00:00+00:00,era5_max_wind,ERA5 10 m maximum,15.552797299725595,False,hourly mean,3
EP112025,Kiko (2025),with_era5,2025-09-10T00:00:00+00:00,era5_max_wind,ERA5 10 m maximum,15.552797299725595,False,hourly mean,3
EP112025,Kiko (2025),with_era5,2025-09-10T01:00:00+00:00,era5_max_wind,ERA5 10 m maximum,15.552797299725595,False,hourly mean,3
EP112025,Kiko (2025),with_era5,2025-09-10T02:00:00+00:00,era5_max_wind,ERA5 10 m maximum,15.297605716865467,False,hourly mean,3
EP112025,Kiko (2025),with_era5,2025-09-10T03:00:00+00:00,era5_max_wind,ERA5 10 m maximum,15.042414134005336,False,hourly mean,3
EP112025,Kiko (2025),with_era5,2025-09-10T04:00:00+00:00,era5_max_wind,ERA5 10 m maximum,14.787222551145211,False,hourly mean,3
EP112025,Kiko (2025),with_era5,2025-09-10T05:00:00+00:00,era5_max_wind,ERA5 10 m maximum,14.787222551145211,False,hourly mean,3
EP112025,Kiko (2025),with_era5,2025-09-10T06:00:00+00:00,era5_max_wind,ERA5 10 m maximum,14.787222551145211,False,hourly mean,3
EP112025,Kiko (2025),with_era5,2025-09-10T07:00:00+00:00,era5_max_wind,ERA5 10 m maximum,14.787222551145211,False,hourly mean,3
EP112025,Kiko (2025),with_era5,2025-09-10T08:00:00+00:00,era5_max_wind,ERA5 10 m maximum,14.62461160520432,False,hourly mean,3
EP112025,Kiko (2025),with_era5,2025-09-10T09:00:00+00:00,era5_max_wind,ERA5 10 m maximum,14.469408317990002,False,hourly mean,3
EP112025,Kiko (2025),with_era5,2025-09-10T10:00:00+00:00,era5_max_wind,ERA5 10 m maximum,14.314205030775689,False,hourly mean,3
EP112025,Kiko (2025),with_era5,2025-09-10T11:00:00+00:00,era5_max_wind,ERA5 10 m maximum,14.321612689502265,False,hourly mean,3
EP112025,Kiko (2025),with_era5,2025-09-10T12:00:00+00:00,era5_max_wind,ERA5 10 m maximum,14.321612689502265,False,hourly mean,3
EP112025,Kiko (2025),with_era5,2025-09-10T13:00:00+00:00,era5_max_wind,ERA5 10 m maximum,14.321612689502265,False,hourly mean,3
EP112025,Kiko (2025),with_era5,2025-09-10T14:00:00+00:00,era5_max_wind,ERA5 10 m maximum,14.321612689502265,False,hourly mean,3
EP112025,Kiko (2025),with_era5,2025-09-10T15:00:00+00:00,era5_max_wind,ERA5 10 m maximum,14.321612689502265,False,hourly mean,3
EP112025,Kiko (2025),with_era5,2025-09-10T16:00:00+00:00,era5_max_wind,ERA5 10 m maximum,14.321612689502265,False,hourly mean,3
EP112025,Kiko (2025),with_era5,2025-09-10T17:00:00+00:00,era5_max_wind,ERA5 10 m maximum,14.321612689502265,False,hourly mean,3
EP112025,Kiko (2025),with_era5,2025-09-10T18:00:00+00:00,era5_max_wind,ERA5 10 m maximum,14.321612689502265,False,hourly mean,3
EP112025,Kiko (2025),with_era5,2025-09-10T19:00:00+00:00,era5_max_wind,ERA5 10 m maximum,14.321612689502265,False,hourly mean,3
EP112025,Kiko (2025),with_era5,2025-09-10T20:00:00+00:00,era5_max_wind,ERA5 10 m maximum,14.321612689502265,False,hourly mean,3
EP112025,Kiko (2025),with_era5,2025-09-10T21:00:00+00:00,era5_max_wind,ERA5 10 m maximum,14.321612689502265,False,hourly mean,3
EP112025,Kiko (2025),with_era5,2025-09-10T22:00:00+00:00,era5_max_wind,ERA5 10 m maximum,14.321612689502265,False,hourly mean,3
EP112025,Kiko (2025),with_era5,2025-09-10T23:00:00+00:00,era5_max_wind,ERA5 10 m maximum,14.321612689502265,False,hourly mean,3
EP112025,Kiko (2025),with_era5,2025-08-31T00:00:00+00:00,latent_sar_max_wind,Latent MLP · SAR · wind only,19.597300052642822,False,hourly mean,3
EP112025,Kiko (2025),with_era5,2025-08-31T01:00:00+00:00,latent_sar_max_wind,Latent MLP · SAR · wind only,19.724459012349445,False,hourly mean,3
EP112025,Kiko (2025),with_era5,2025-08-31T02:00:00+00:00,latent_sar_max_wind,Latent MLP · SAR · wind only,19.554568078782825,False,hourly mean,3
EP112025,Kiko (2025),with_era5,2025-08-31T03:00:00+00:00,latent_sar_max_wind,Latent MLP · SAR · wind only,19.27575747172038,False,hourly mean,3
EP112025,Kiko (2025),with_era5,2025-08-31T04:00:00+00:00,latent_sar_max_wind,Latent MLP · SAR · wind only,18.95351865556505,False,hourly mean,3
EP112025,Kiko (2025),with_era5,2025-08-31T05:00:00+00:00,latent_sar_max_wind,Latent MLP · SAR · wind only,19.022672547234425,False,hourly mean,3
EP112025,Kiko (2025),with_era5,2025-08-31T06:00:00+00:00,latent_sar_max_wind,Latent MLP · SAR · wind only,19.086825582716198,False,hourly mean,3
EP112025,Kiko (2025),with_era5,2025-08-31T07:00:00+00:00,latent_sar_max_wind,Latent MLP · SAR · wind only,19.045499271816677,False,hourly mean,3
EP112025,Kiko (2025),with_era5,2025-08-31T08:00:00+00:00,latent_sar_max_wind,Latent MLP · SAR · wind only,19.41501235961914,False,hourly mean,3
EP112025,Kiko (2025),with_era5,2025-08-31T09:00:00+00:00,latent_sar_max_wind,Latent MLP · SAR · wind only,19.729073630438915,False,hourly mean,3
EP112025,Kiko (2025),with_era5,2025-08-31T10:00:00+00:00,latent_sar_max_wind,Latent MLP · SAR · wind only,20.01890701717801,False,hourly mean,3
EP112025,Kiko (2025),with_era5,2025-08-31T11:00:00+00:00,latent_sar_max_wind,Latent MLP · SAR · wind only,19.9660300148858,False,hourly mean,3
EP112025,Kiko (2025),with_era5,2025-08-31T12:00:00+00:00,latent_sar_max_wind,Latent MLP · SAR · wind only,20.269573423597546,False,hourly mean,3
EP112025,Kiko (2025),with_era5,2025-08-31T13:00:00+00:00,latent_sar_max_wind,Latent MLP · SAR · wind only,20.8442005581326,False,hourly mean,3
EP112025,Kiko (2025),with_era5,2025-08-31T14:00:00+00:00,latent_sar_max_wind,Latent MLP · SAR · wind only,22.073998981051975,False,hourly mean,3
EP112025,Kiko (2025),with_era5,2025-08-31T15:00:00+00:00,latent_sar_max_wind,Latent MLP · SAR · wind only,23.03111457824707,False,hourly mean,3
EP112025,Kiko (2025),with_era5,2025-08-31T16:00:00+00:00,latent_sar_max_wind,Latent MLP · SAR · wind only,23.797657436794704,False,hourly mean,3
EP112025,Kiko (2025),with_era5,2025-08-31T17:00:00+00:00,latent_sar_max_wind,Latent MLP · SAR · wind only,23.72726673550076,False,hourly mean,3
EP112025,Kiko (2025),with_era5,2025-08-31T18:00:00+00:00,latent_sar_max_wind,Latent MLP · SAR · wind only,23.641063054402668,False,hourly mean,3
EP112025,Kiko (2025),with_era5,2025-08-31T19:00:00+00:00,latent_sar_max_wind,Latent MLP · SAR · wind only,23.734459347195095,False,hourly mean,3
EP112025,Kiko (2025),with_era5,2025-08-31T20:00:00+00:00,latent_sar_max_wind,Latent MLP · SAR · wind only,23.915411525302464,False,hourly mean,3
EP112025,Kiko (2025),with_era5,2025-08-31T21:00:00+00:00,latent_sar_max_wind,Latent MLP · SAR · wind only,24.270955085754395,False,hourly mean,3
EP112025,Kiko (2025),with_era5,2025-08-31T22:00:00+00:00,latent_sar_max_wind,Latent MLP · SAR · wind only,24.63939295874702,False,hourly mean,3
EP112025,Kiko (2025),with_era5,2025-08-31T23:00:00+00:00,latent_sar_max_wind,Latent MLP · SAR · wind only,25.154303571912976,False,hourly mean,3
EP112025,Kiko (2025),with_era5,2025-09-01T00:00:00+00:00,latent_sar_max_wind,Latent MLP · SAR · wind only,26.332141473558213,False,hourly mean,3
EP112025,Kiko (2025),with_era5,2025-09-01T01:00:00+00:00,latent_sar_max_wind,Latent MLP · SAR · wind only,28.629126993815106,False,hourly mean,3
EP112025,Kiko (2025),with_era5,2025-09-01T02:00:00+00:00,latent_sar_max_wind,Latent MLP · SAR · wind only,29.704733424716526,False,hourly mean,3
EP112025,Kiko (2025),with_era5,2025-09-01T03:00:00+00:00,latent_sar_max_wind,Latent MLP · SAR · wind only,28.859925905863445,False,hourly mean,3
EP112025,Kiko (2025),with_era5,2025-09-01T04:00:00+00:00,latent_sar_max_wind,Latent MLP · SAR · wind only,26.49394628736708,False,hourly mean,3
EP112025,Kiko (2025),with_era5,2025-09-01T05:00:00+00:00,latent_sar_max_wind,Latent MLP · SAR · wind only,25.14959229363335,False,hourly mean,3
EP112025,Kiko (2025),with_era5,2025-09-01T06:00:00+00:00,latent_sar_max_wind,Latent MLP · SAR · wind only,24.834352281358505,False,hourly mean,3
EP112025,Kiko (2025),with_era5,2025-09-01T07:00:00+00:00,latent_sar_max_wind,Latent MLP · SAR · wind only,24.688067860073513,False,hourly mean,3
EP112025,Kiko (2025),with_era5,2025-09-01T08:00:00+00:00,latent_sar_max_wind,Latent MLP · SAR · wind only,24.56944179534912,False,hourly mean,3
EP112025,Kiko (2025),with_era5,2025-09-01T09:00:00+00:00,latent_sar_max_wind,Latent MLP · SAR · wind only,24.62384584214952,False,hourly mean,3
EP112025,Kiko (2025),with_era5,2025-09-01T10:00:00+00:00,latent_sar_max_wind,Latent MLP · SAR · wind only,24.86858855353461,False,hourly mean,3
EP112025,Kiko (2025),with_era5,2025-09-01T11:00:00+00:00,latent_sar_max_wind,Latent MLP · SAR · wind only,25.262093014187283,False,hourly mean,3
EP112025,Kiko (2025),with_era5,2025-09-01T12:00:00+00:00,latent_sar_max_wind,Latent MLP · SAR · wind only,25.6178716023763,False,hourly mean,3
EP112025,Kiko (2025),with_era5,2025-09-01T13:00:00+00:00,latent_sar_max_wind,Latent MLP · SAR · wind only,25.824128680759006,False,hourly mean,3
EP112025,Kiko (2025),with_era5,2025-09-01T14:00:00+00:00,latent_sar_max_wind,Latent MLP · SAR · wind only,25.403957790798614,False,hourly mean,3
EP112025,Kiko (2025),with_era5,2025-09-01T15:00:00+00:00,latent_sar_max_wind,Latent MLP · SAR · wind only,24.636148876614044,False,hourly mean,3
EP112025,Kiko (2025),with_era5,2025-09-01T16:00:00+00:00,latent_sar_max_wind,Latent MLP · SAR · wind only,23.574045923021103,False,hourly mean,3
EP112025,Kiko (2025),with_era5,2025-09-01T17:00:00+00:00,latent_sar_max_wind,Latent MLP · SAR · wind only,22.755236731635197,False,hourly mean,3
EP112025,Kiko (2025),with_era5,2025-09-01T18:00:00+00:00,latent_sar_max_wind,Latent MLP · SAR · wind only,22.02567948235406,False,hourly mean,3
EP112025,Kiko (2025),with_era5,2025-09-01T19:00:00+00:00,latent_sar_max_wind,Latent MLP · SAR · wind only,21.567163573371037,False,hourly mean,3
EP112025,Kiko (2025),with_era5,2025-09-01T20:00:00+00:00,latent_sar_max_wind,Latent MLP · SAR · wind only,22.340488115946453,False,hourly mean,3
EP112025,Kiko (2025),with_era5,2025-09-01T21:00:00+00:00,latent_sar_max_wind,Latent MLP · SAR · wind only,23.416512595282658,False,hourly mean,3
EP112025,Kiko (2025),with_era5,2025-09-01T22:00:00+00:00,latent_sar_max_wind,Latent MLP · SAR · wind only,24.633185068766277,False,hourly mean,3
EP112025,Kiko (2025),with_era5,2025-09-01T23:00:00+00:00,latent_sar_max_wind,Latent MLP · SAR · wind only,25.177659882439503,False,hourly mean,3
EP112025,Kiko (2025),with_era5,2025-09-02T00:00:00+00:00,latent_sar_max_wind,Latent MLP · SAR · wind only,26.25471846262614,False,hourly mean,3
EP112025,Kiko (2025),with_era5,2025-09-02T01:00:00+00:00,latent_sar_max_wind,Latent MLP · SAR · wind only,27.98655679490831,False,hourly mean,3
EP112025,Kiko (2025),with_era5,2025-09-02T02:00:00+00:00,latent_sar_max_wind,Latent MLP · SAR · wind only,27.361270374721954,False,hourly mean,3
EP112025,Kiko (2025),with_era5,2025-09-02T03:00:00+00:00,latent_sar_max_wind,Latent MLP · SAR · wind only,25.9540433883667,False,hourly mean,3
EP112025,Kiko (2025),with_era5,2025-09-02T04:00:00+00:00,latent_sar_max_wind,Latent MLP · SAR · wind only,23.800118976169163,False,hourly mean,3
EP112025,Kiko (2025),with_era5,2025-09-02T05:00:00+00:00,latent_sar_max_wind,Latent MLP · SAR · wind only,23.65687370300293,False,hourly mean,3
EP112025,Kiko (2025),with_era5,2025-09-02T06:00:00+00:00,latent_sar_max_wind,Latent MLP · SAR · wind only,23.809527185228138,False,hourly mean,3
EP112025,Kiko (2025),with_era5,2025-09-02T07:00:00+00:00,latent_sar_max_wind,Latent MLP · SAR · wind only,24.129442532857258,False,hourly mean,3
EP112025,Kiko (2025),with_era5,2025-09-02T08:00:00+00:00,latent_sar_max_wind,Latent MLP · SAR · wind only,27.036790529886883,False,hourly mean,3
EP112025,Kiko (2025),with_era5,2025-09-02T09:00:00+00:00,latent_sar_max_wind,Latent MLP · SAR · wind only,30.77380657196045,False,hourly mean,3
EP112025,Kiko (2025),with_era5,2025-09-02T10:00:00+00:00,latent_sar_max_wind,Latent MLP · SAR · wind only,35.08350287543403,False,hourly mean,3
EP112025,Kiko (2025),with_era5,2025-09-02T11:00:00+00:00,latent_sar_max_wind,Latent MLP · SAR · wind only,36.53230963812934,False,hourly mean,3
EP112025,Kiko (2025),with_era5,2025-09-02T12:00:00+00:00,latent_sar_max_wind,Latent MLP · SAR · wind only,36.27750629848904,False,hourly mean,3
EP112025,Kiko (2025),with_era5,2025-09-02T13:00:00+00:00,latent_sar_max_wind,Latent MLP · SAR · wind only,34.564762327406136,False,hourly mean,3
EP112025,Kiko (2025),with_era5,2025-09-02T14:00:00+00:00,latent_sar_max_wind,Latent MLP · SAR · wind only,30.593048201666935,False,hourly mean,3
EP112025,Kiko (2025),with_era5,2025-09-02T15:00:00+00:00,latent_sar_max_wind,Latent MLP · SAR · wind only,27.43350516425239,False,hourly mean,3
EP112025,Kiko (2025),with_era5,2025-09-02T16:00:00+00:00,latent_sar_max_wind,Latent MLP · SAR · wind only,24.82049009535048,False,hourly mean,3
EP112025,Kiko (2025),with_era5,2025-09-02T17:00:00+00:00,latent_sar_max_wind,Latent MLP · SAR · wind only,24.710879113939075,False,hourly mean,3
EP112025,Kiko (2025),with_era5,2025-09-02T18:00:00+00:00,latent_sar_max_wind,Latent MLP · SAR · wind only,24.597526020473907,False,hourly mean,3
EP112025,Kiko (2025),with_era5,2025-09-02T19:00:00+00:00,latent_sar_max_wind,Latent MLP · SAR · wind only,24.76434177822537,False,hourly mean,3
EP112025,Kiko (2025),with_era5,2025-09-02T20:00:00+00:00,latent_sar_max_wind,Latent MLP · SAR · wind only,26.195306354098847,False,hourly mean,3
EP112025,Kiko (2025),with_era5,2025-09-02T21:00:00+00:00,latent_sar_max_wind,Latent MLP · SAR · wind only,28.97083706325955,True,hourly mean,3
EP112025,Kiko (2025),with_era5,2025-09-02T22:00:00+00:00,latent_sar_max_wind,Latent MLP · SAR · wind only,31.821402973598904,True,hourly mean,3
EP112025,Kiko (2025),with_era5,2025-09-02T23:00:00+00:00,latent_sar_max_wind,Latent MLP · SAR · wind only,33.457801500956215,True,hourly mean,3
EP112025,Kiko (2025),with_era5,2025-09-03T00:00:00+00:00,latent_sar_max_wind,Latent MLP · SAR · wind only,33.65535778469509,True,hourly mean,3
EP112025,Kiko (2025),with_era5,2025-09-03T01:00:00+00:00,latent_sar_max_wind,Latent MLP · SAR · wind only,33.428152508205834,True,hourly mean,3
EP112025,Kiko (2025),with_era5,2025-09-03T02:00:00+00:00,latent_sar_max_wind,Latent MLP · SAR · wind only,33.90737300448947,True,hourly mean,3
EP112025,Kiko (2025),with_era5,2025-09-03T03:00:00+00:00,latent_sar_max_wind,Latent MLP · SAR · wind only,34.39337476094564,False,hourly mean,3
EP112025,Kiko (2025),with_era5,2025-09-03T04:00:00+00:00,latent_sar_max_wind,Latent MLP · SAR · wind only,34.378335316975914,False,hourly mean,3
EP112025,Kiko (2025),with_era5,2025-09-03T05:00:00+00:00,latent_sar_max_wind,Latent MLP · SAR · wind only,33.241028149922684,False,hourly mean,3
EP112025,Kiko (2025),with_era5,2025-09-03T06:00:00+00:00,latent_sar_max_wind,Latent MLP · SAR · wind only,31.86454274919298,False,hourly mean,3
EP112025,Kiko (2025),with_era5,2025-09-03T07:00:00+00:00,latent_sar_max_wind,Latent MLP · SAR · wind only,30.700900713602703,False,hourly mean,3
EP112025,Kiko (2025),with_era5,2025-09-03T08:00:00+00:00,latent_sar_max_wind,Latent MLP · SAR · wind only,33.93889511956109,False,hourly mean,3
EP112025,Kiko (2025),with_era5,2025-09-03T09:00:00+00:00,latent_sar_max_wind,Latent MLP · SAR · wind only,40.08014149136014,False,hourly mean,3
EP112025,Kiko (2025),with_era5,2025-09-03T10:00:00+00:00,latent_sar_max_wind,Latent MLP · SAR · wind only,48.04333792792426,False,hourly mean,3
EP112025,Kiko (2025),with_era5,2025-09-03T11:00:00+00:00,latent_sar_max_wind,Latent MLP · SAR · wind only,52.79437806871203,False,hourly mean,3
EP112025,Kiko (2025),with_era5,2025-09-03T12:00:00+00:00,latent_sar_max_wind,Latent MLP · SAR · wind only,54.962860107421875,False,hourly mean,3
EP112025,Kiko (2025),with_era5,2025-09-03T13:00:00+00:00,latent_sar_max_wind,Latent MLP · SAR · wind only,56.77369986640082,False,hourly mean,3
EP112025,Kiko (2025),with_era5,2025-09-03T14:00:00+00:00,latent_sar_max_wind,Latent MLP · SAR · wind only,55.915941874186196,False,hourly mean,3
EP112025,Kiko (2025),with_era5,2025-09-03T15:00:00+00:00,latent_sar_max_wind,Latent MLP · SAR · wind only,54.65290069580078,False,hourly mean,3
EP112025,Kiko (2025),with_era5,2025-09-03T16:00:00+00:00,latent_sar_max_wind,Latent MLP · SAR · wind only,52.49668757120768,False,hourly mean,3
EP112025,Kiko (2025),with_era5,2025-09-03T17:00:00+00:00,latent_sar_max_wind,Latent MLP · SAR · wind only,53.13073221842448,False,hourly mean,3
EP112025,Kiko (2025),with_era5,2025-09-03T18:00:00+00:00,latent_sar_max_wind,Latent MLP · SAR · wind only,51.71022923787435,True,hourly mean,3
EP112025,Kiko (2025),with_era5,2025-09-03T19:00:00+00:00,latent_sar_max_wind,Latent MLP · SAR · wind only,45.25934833950466,True,hourly mean,3
EP112025,Kiko (2025),with_era5,2025-09-03T20:00:00+00:00,latent_sar_max_wind,Latent MLP · SAR · wind only,39.56971867879232,True,hourly mean,3
EP112025,Kiko (2025),with_era5,2025-09-03T21:00:00+00:00,latent_sar_max_wind,Latent MLP · SAR · wind only,39.42444568210178,True,hourly mean,3
EP112025,Kiko (2025),with_era5,2025-09-03T22:00:00+00:00,latent_sar_max_wind,Latent MLP · SAR · wind only,45.723854064941406,True,hourly mean,3
EP112025,Kiko (2025),with_era5,2025-09-03T23:00:00+00:00,latent_sar_max_wind,Latent MLP · SAR · wind only,50.75084156460232,True,hourly mean,3
EP112025,Kiko (2025),with_era5,2025-09-04T00:00:00+00:00,latent_sar_max_wind,Latent MLP · SAR · wind only,51.14693980746799,True,hourly mean,3
EP112025,Kiko (2025),with_era5,2025-09-04T01:00:00+00:00,latent_sar_max_wind,Latent MLP · SAR · wind only,46.92993058098687,True,hourly mean,3
EP112025,Kiko (2025),with_era5,2025-09-04T02:00:00+00:00,latent_sar_max_wind,Latent MLP · SAR · wind only,43.94612609015571,True,hourly mean,3
EP112025,Kiko (2025),with_era5,2025-09-04T03:00:00+00:00,latent_sar_max_wind,Latent MLP · SAR · wind only,42.62368223402236,True,hourly mean,3
EP112025,Kiko (2025),with_era5,2025-09-04T04:00:00+00:00,latent_sar_max_wind,Latent MLP · SAR · wind only,44.5325813293457,True,hourly mean,3
EP112025,Kiko (2025),with_era5,2025-09-04T05:00:00+00:00,latent_sar_max_wind,Latent MLP · SAR · wind only,44.138532638549805,True,hourly mean,3
EP112025,Kiko (2025),with_era5,2025-09-04T06:00:00+00:00,latent_sar_max_wind,Latent MLP · SAR · wind only,43.30370203653971,True,hourly mean,3
EP112025,Kiko (2025),with_era5,2025-09-04T07:00:00+00:00,latent_sar_max_wind,Latent MLP · SAR · wind only,42.524876064724396,True,hourly mean,3
EP112025,Kiko (2025),with_era5,2025-09-04T08:00:00+00:00,latent_sar_max_wind,Latent MLP · SAR · wind only,44.1323930952284,True,hourly mean,3
EP112025,Kiko (2025),with_era5,2025-09-04T09:00:00+00:00,latent_sar_max_wind,Latent MLP · SAR · wind only,46.65470441182455,False,hourly mean,3
EP112025,Kiko (2025),with_era5,2025-09-04T10:00:00+00:00,latent_sar_max_wind,Latent MLP · SAR · wind only,50.02383592393662,False,hourly mean,3
EP112025,Kiko (2025),with_era5,2025-09-04T11:00:00+00:00,latent_sar_max_wind,Latent MLP · SAR · wind only,52.56242836846246,False,hourly mean,3
EP112025,Kiko (2025),with_era5,2025-09-04T12:00:00+00:00,latent_sar_max_wind,Latent MLP · SAR · wind only,54.28676138983832,False,hourly mean,3
EP112025,Kiko (2025),with_era5,2025-09-04T13:00:00+00:00,latent_sar_max_wind,Latent MLP · SAR · wind only,55.06604533725314,False,hourly mean,3
EP112025,Kiko (2025),with_era5,2025-09-04T14:00:00+00:00,latent_sar_max_wind,Latent MLP · SAR · wind only,53.79836760626898,False,hourly mean,3
EP112025,Kiko (2025),with_era5,2025-09-04T15:00:00+00:00,latent_sar_max_wind,Latent MLP · SAR · wind only,54.71444320678711,False,hourly mean,3
EP112025,Kiko (2025),with_era5,2025-09-04T16:00:00+00:00,latent_sar_max_wind,Latent MLP · SAR · wind only,56.62744246588813,False,hourly mean,3
EP112025,Kiko (2025),with_era5,2025-09-04T17:00:00+00:00,latent_sar_max_wind,Latent MLP · SAR · wind only,57.736425929599335,False,hourly mean,3
EP112025,Kiko (2025),with_era5,2025-09-04T18:00:00+00:00,latent_sar_max_wind,Latent MLP · SAR · wind only,55.94716824425592,False,hourly mean,3
EP112025,Kiko (2025),with_era5,2025-09-04T19:00:00+00:00,latent_sar_max_wind,Latent MLP · SAR · wind only,51.92489465077718,False,hourly mean,3
EP112025,Kiko (2025),with_era5,2025-09-04T20:00:00+00:00,latent_sar_max_wind,Latent MLP · SAR · wind only,48.448464287651916,False,hourly mean,3
EP112025,Kiko (2025),with_era5,2025-09-04T21:00:00+00:00,latent_sar_max_wind,Latent MLP · SAR · wind only,43.588260862562386,False,hourly mean,3
EP112025,Kiko (2025),with_era5,2025-09-04T22:00:00+00:00,latent_sar_max_wind,Latent MLP · SAR · wind only,39.91441472371419,False,hourly mean,3
EP112025,Kiko (2025),with_era5,2025-09-04T23:00:00+00:00,latent_sar_max_wind,Latent MLP · SAR · wind only,37.794500774807396,False,hourly mean,3
EP112025,Kiko (2025),with_era5,2025-09-05T00:00:00+00:00,latent_sar_max_wind,Latent MLP · SAR · wind only,37.06367789374457,False,hourly mean,3
EP112025,Kiko (2025),with_era5,2025-09-05T01:00:00+00:00,latent_sar_max_wind,Latent MLP · SAR · wind only,35.92605251736111,False,hourly mean,3
EP112025,Kiko (2025),with_era5,2025-09-05T02:00:00+00:00,latent_sar_max_wind,Latent MLP · SAR · wind only,35.66818491617838,False,hourly mean,3
EP112025,Kiko (2025),with_era5,2025-09-05T03:00:00+00:00,latent_sar_max_wind,Latent MLP · SAR · wind only,35.32581075032552,False,hourly mean,3
EP112025,Kiko (2025),with_era5,2025-09-05T04:00:00+00:00,latent_sar_max_wind,Latent MLP · SAR · wind only,34.79111131032308,False,hourly mean,3
EP112025,Kiko (2025),with_era5,2025-09-05T05:00:00+00:00,latent_sar_max_wind,Latent MLP · SAR · wind only,32.08426549699572,False,hourly mean,3
EP112025,Kiko (2025),with_era5,2025-09-05T06:00:00+00:00,latent_sar_max_wind,Latent MLP · SAR · wind only,29.641812430487736,False,hourly mean,3
EP112025,Kiko (2025),with_era5,2025-09-05T07:00:00+00:00,latent_sar_max_wind,Latent MLP · SAR · wind only,27.99381987253825,False,hourly mean,3
EP112025,Kiko (2025),with_era5,2025-09-05T08:00:00+00:00,latent_sar_max_wind,Latent MLP · SAR · wind only,28.631022135416668,False,hourly mean,3
EP112025,Kiko (2025),with_era5,2025-09-05T09:00:00+00:00,latent_sar_max_wind,Latent MLP · SAR · wind only,31.047545221116806,False,hourly mean,3
EP112025,Kiko (2025),with_era5,2025-09-05T10:00:00+00:00,latent_sar_max_wind,Latent MLP · SAR · wind only,34.611500316196015,False,hourly mean,3
EP112025,Kiko (2025),with_era5,2025-09-05T11:00:00+00:00,latent_sar_max_wind,Latent MLP · SAR · wind only,37.4788761138916,False,hourly mean,3
EP112025,Kiko (2025),with_era5,2025-09-05T12:00:00+00:00,latent_sar_max_wind,Latent MLP · SAR · wind only,39.51490381028918,False,hourly mean,3
EP112025,Kiko (2025),with_era5,2025-09-05T13:00:00+00:00,latent_sar_max_wind,Latent MLP · SAR · wind only,40.88485463460287,False,hourly mean,3
EP112025,Kiko (2025),with_era5,2025-09-05T14:00:00+00:00,latent_sar_max_wind,Latent MLP · SAR · wind only,38.62564945220947,False,hourly mean,3
EP112025,Kiko (2025),with_era5,2025-09-05T15:00:00+00:00,latent_sar_max_wind,Latent MLP · SAR · wind only,36.78333314259847,False,hourly mean,3
EP112025,Kiko (2025),with_era5,2025-09-05T16:00:00+00:00,latent_sar_max_wind,Latent MLP · SAR · wind only,33.40060234069824,False,hourly mean,3
EP112025,Kiko (2025),with_era5,2025-09-05T17:00:00+00:00,latent_sar_max_wind,Latent MLP · SAR · wind only,34.6009128358629,False,hourly mean,3
EP112025,Kiko (2025),with_era5,2025-09-05T18:00:00+00:00,latent_sar_max_wind,Latent MLP · SAR · wind only,37.11548307206896,False,hourly mean,3
EP112025,Kiko (2025),with_era5,2025-09-05T19:00:00+00:00,latent_sar_max_wind,Latent MLP · SAR · wind only,41.42525969611274,False,hourly mean,3
EP112025,Kiko (2025),with_era5,2025-09-05T20:00:00+00:00,latent_sar_max_wind,Latent MLP · SAR · wind only,39.02546554141575,False,hourly mean,3
EP112025,Kiko (2025),with_era5,2025-09-05T21:00:00+00:00,latent_sar_max_wind,Latent MLP · SAR · wind only,35.36043273078071,False,hourly mean,3
EP112025,Kiko (2025),with_era5,2025-09-05T22:00:00+00:00,latent_sar_max_wind,Latent MLP · SAR · wind only,31.169491449991863,False,hourly mean,3
EP112025,Kiko (2025),with_era5,2025-09-05T23:00:00+00:00,latent_sar_max_wind,Latent MLP · SAR · wind only,36.54800192515055,False,hourly mean,3
EP112025,Kiko (2025),with_era5,2025-09-06T00:00:00+00:00,latent_sar_max_wind,Latent MLP · SAR · wind only,43.2560600704617,False,hourly mean,3
EP112025,Kiko (2025),with_era5,2025-09-06T01:00:00+00:00,latent_sar_max_wind,Latent MLP · SAR · wind only,49.020375993516716,False,hourly mean,3
EP112025,Kiko (2025),with_era5,2025-09-06T02:00:00+00:00,latent_sar_max_wind,Latent MLP · SAR · wind only,52.24544588724772,False,hourly mean,3
EP112025,Kiko (2025),with_era5,2025-09-06T03:00:00+00:00,latent_sar_max_wind,Latent MLP · SAR · wind only,52.86728731791178,False,hourly mean,3
EP112025,Kiko (2025),with_era5,2025-09-06T04:00:00+00:00,latent_sar_max_wind,Latent MLP · SAR · wind only,53.78056229485406,False,hourly mean,3
EP112025,Kiko (2025),with_era5,2025-09-06T05:00:00+00:00,latent_sar_max_wind,Latent MLP · SAR · wind only,53.99730428059896,False,hourly mean,3
EP112025,Kiko (2025),with_era5,2025-09-06T06:00:00+00:00,latent_sar_max_wind,Latent MLP · SAR · wind only,53.38525284661187,False,hourly mean,3
EP112025,Kiko (2025),with_era5,2025-09-06T07:00:00+00:00,latent_sar_max_wind,Latent MLP · SAR · wind only,50.40889316134982,False,hourly mean,3
EP112025,Kiko (2025),with_era5,2025-09-06T08:00:00+00:00,latent_sar_max_wind,Latent MLP · SAR · wind only,48.01050292121039,False,hourly mean,3
EP112025,Kiko (2025),with_era5,2025-09-06T09:00:00+00:00,latent_sar_max_wind,Latent MLP · SAR · wind only,42.38343802558051,False,hourly mean,3
EP112025,Kiko (2025),with_era5,2025-09-06T10:00:00+00:00,latent_sar_max_wind,Latent MLP · SAR · wind only,38.32645683288575,False,hourly mean,3
EP112025,Kiko (2025),with_era5,2025-09-06T11:00:00+00:00,latent_sar_max_wind,Latent MLP · SAR · wind only,33.304495408799916,False,hourly mean,3
EP112025,Kiko (2025),with_era5,2025-09-06T12:00:00+00:00,latent_sar_max_wind,Latent MLP · SAR · wind only,35.21327548556858,False,hourly mean,3
EP112025,Kiko (2025),with_era5,2025-09-06T13:00:00+00:00,latent_sar_max_wind,Latent MLP · SAR · wind only,40.09247334798177,False,hourly mean,3
EP112025,Kiko (2025),with_era5,2025-09-06T14:00:00+00:00,latent_sar_max_wind,Latent MLP · SAR · wind only,42.499564276801216,False,hourly mean,3
EP112025,Kiko (2025),with_era5,2025-09-06T15:00:00+00:00,latent_sar_max_wind,Latent MLP · SAR · wind only,43.67502678765191,False,hourly mean,3
EP112025,Kiko (2025),with_era5,2025-09-06T16:00:00+00:00,latent_sar_max_wind,Latent MLP · SAR · wind only,42.80641555786133,False,hourly mean,3
EP112025,Kiko (2025),with_era5,2025-09-06T17:00:00+00:00,latent_sar_max_wind,Latent MLP · SAR · wind only,43.179767396714944,False,hourly mean,3
EP112025,Kiko (2025),with_era5,2025-09-06T18:00:00+00:00,latent_sar_max_wind,Latent MLP · SAR · wind only,44.15823639763726,False,hourly mean,3
EP112025,Kiko (2025),with_era5,2025-09-06T19:00:00+00:00,latent_sar_max_wind,Latent MLP · SAR · wind only,45.09180492824978,False,hourly mean,3
EP112025,Kiko (2025),with_era5,2025-09-06T20:00:00+00:00,latent_sar_max_wind,Latent MLP · SAR · wind only,47.410849041408966,False,hourly mean,3
EP112025,Kiko (2025),with_era5,2025-09-06T21:00:00+00:00,latent_sar_max_wind,Latent MLP · SAR · wind only,48.83538818359375,False,hourly mean,3
EP112025,Kiko (2025),with_era5,2025-09-06T22:00:00+00:00,latent_sar_max_wind,Latent MLP · SAR · wind only,52.32268990410699,False,hourly mean,3
EP112025,Kiko (2025),with_era5,2025-09-06T23:00:00+00:00,latent_sar_max_wind,Latent MLP · SAR · wind only,56.99246448940701,False,hourly mean,3
EP112025,Kiko (2025),with_era5,2025-09-07T00:00:00+00:00,latent_sar_max_wind,Latent MLP · SAR · wind only,60.971352895100914,False,hourly mean,3
EP112025,Kiko (2025),with_era5,2025-09-07T01:00:00+00:00,latent_sar_max_wind,Latent MLP · SAR · wind only,62.57447052001953,False,hourly mean,3
EP112025,Kiko (2025),with_era5,2025-09-07T02:00:00+00:00,latent_sar_max_wind,Latent MLP · SAR · wind only,61.192116631401916,False,hourly mean,3
EP112025,Kiko (2025),with_era5,2025-09-07T03:00:00+00:00,latent_sar_max_wind,Latent MLP · SAR · wind only,59.455877092149514,False,hourly mean,3
EP112025,Kiko (2025),with_era5,2025-09-07T04:00:00+00:00,latent_sar_max_wind,Latent MLP · SAR · wind only,57.67478942871094,False,hourly mean,3
EP112025,Kiko (2025),with_era5,2025-09-07T05:00:00+00:00,latent_sar_max_wind,Latent MLP · SAR · wind only,56.170304192437065,False,hourly mean,3
EP112025,Kiko (2025),with_era5,2025-09-07T06:00:00+00:00,latent_sar_max_wind,Latent MLP · SAR · wind only,54.40858586629232,False,hourly mean,3
EP112025,Kiko (2025),with_era5,2025-09-07T07:00:00+00:00,latent_sar_max_wind,Latent MLP · SAR · wind only,53.1632571750217,False,hourly mean,3
EP112025,Kiko (2025),with_era5,2025-09-07T08:00:00+00:00,latent_sar_max_wind,Latent MLP · SAR · wind only,53.767697440253365,False,hourly mean,3
EP112025,Kiko (2025),with_era5,2025-09-07T09:00:00+00:00,latent_sar_max_wind,Latent MLP · SAR · wind only,53.91334597269694,False,hourly mean,3
EP112025,Kiko (2025),with_era5,2025-09-07T10:00:00+00:00,latent_sar_max_wind,Latent MLP · SAR · wind only,52.360556072658966,False,hourly mean,3
EP112025,Kiko (2025),with_era5,2025-09-07T11:00:00+00:00,latent_sar_max_wind,Latent MLP · SAR · wind only,50.22624270121256,False,hourly mean,3
EP112025,Kiko (2025),with_era5,2025-09-07T12:00:00+00:00,latent_sar_max_wind,Latent MLP · SAR · wind only,49.318829430474175,False,hourly mean,3
EP112025,Kiko (2025),with_era5,2025-09-07T13:00:00+00:00,latent_sar_max_wind,Latent MLP · SAR · wind only,51.669581731160484,False,hourly mean,3
EP112025,Kiko (2025),with_era5,2025-09-07T14:00:00+00:00,latent_sar_max_wind,Latent MLP · SAR · wind only,49.775886959499786,False,hourly mean,3
EP112025,Kiko (2025),with_era5,2025-09-07T15:00:00+00:00,latent_sar_max_wind,Latent MLP · SAR · wind only,46.51543744405111,False,hourly mean,3
EP112025,Kiko (2025),with_era5,2025-09-07T16:00:00+00:00,latent_sar_max_wind,Latent MLP · SAR · wind only,42.85513602362739,False,hourly mean,3
EP112025,Kiko (2025),with_era5,2025-09-07T17:00:00+00:00,latent_sar_max_wind,Latent MLP · SAR · wind only,41.87841542561849,False,hourly mean,3
EP112025,Kiko (2025),with_era5,2025-09-07T18:00:00+00:00,latent_sar_max_wind,Latent MLP · SAR · wind only,39.025214513142906,False,hourly mean,3
EP112025,Kiko (2025),with_era5,2025-09-07T19:00:00+00:00,latent_sar_max_wind,Latent MLP · SAR · wind only,34.87626192304823,False,hourly mean,3
EP112025,Kiko (2025),with_era5,2025-09-07T20:00:00+00:00,latent_sar_max_wind,Latent MLP · SAR · wind only,31.018258942498104,False,hourly mean,3
EP112025,Kiko (2025),with_era5,2025-09-07T21:00:00+00:00,latent_sar_max_wind,Latent MLP · SAR · wind only,30.285237206353077,False,hourly mean,3
EP112025,Kiko (2025),with_era5,2025-09-07T22:00:00+00:00,latent_sar_max_wind,Latent MLP · SAR · wind only,29.88279904259576,False,hourly mean,3
EP112025,Kiko (2025),with_era5,2025-09-07T23:00:00+00:00,latent_sar_max_wind,Latent MLP · SAR · wind only,30.962881724039715,False,hourly mean,3
EP112025,Kiko (2025),with_era5,2025-09-08T00:00:00+00:00,latent_sar_max_wind,Latent MLP · SAR · wind only,31.307330343458386,False,hourly mean,3
EP112025,Kiko (2025),with_era5,2025-09-08T01:00:00+00:00,latent_sar_max_wind,Latent MLP · SAR · wind only,31.400038083394367,False,hourly mean,3
EP112025,Kiko (2025),with_era5,2025-09-08T02:00:00+00:00,latent_sar_max_wind,Latent MLP · SAR · wind only,33.84082179599338,False,hourly mean,3
EP112025,Kiko (2025),with_era5,2025-09-08T03:00:00+00:00,latent_sar_max_wind,Latent MLP · SAR · wind only,37.753054512871635,False,hourly mean,3
EP112025,Kiko (2025),with_era5,2025-09-08T04:00:00+00:00,latent_sar_max_wind,Latent MLP · SAR · wind only,40.38964674207899,False,hourly mean,3
EP112025,Kiko (2025),with_era5,2025-09-08T05:00:00+00:00,latent_sar_max_wind,Latent MLP · SAR · wind only,40.04218949211968,False,hourly mean,3
EP112025,Kiko (2025),with_era5,2025-09-08T06:00:00+00:00,latent_sar_max_wind,Latent MLP · SAR · wind only,38.76940494113498,False,hourly mean,3
EP112025,Kiko (2025),with_era5,2025-09-08T07:00:00+00:00,latent_sar_max_wind,Latent MLP · SAR · wind only,38.481540044148765,False,hourly mean,3
EP112025,Kiko (2025),with_era5,2025-09-08T08:00:00+00:00,latent_sar_max_wind,Latent MLP · SAR · wind only,38.81938658820258,False,hourly mean,3
EP112025,Kiko (2025),with_era5,2025-09-08T09:00:00+00:00,latent_sar_max_wind,Latent MLP · SAR · wind only,39.630973603990334,False,hourly mean,3
EP112025,Kiko (2025),with_era5,2025-09-08T10:00:00+00:00,latent_sar_max_wind,Latent MLP · SAR · wind only,40.74223581949869,False,hourly mean,3
EP112025,Kiko (2025),with_era5,2025-09-08T11:00:00+00:00,latent_sar_max_wind,Latent MLP · SAR · wind only,41.25714111328124,False,hourly mean,3
EP112025,Kiko (2025),with_era5,2025-09-08T12:00:00+00:00,latent_sar_max_wind,Latent MLP · SAR · wind only,41.09125667148166,False,hourly mean,3
EP112025,Kiko (2025),with_era5,2025-09-08T13:00:00+00:00,latent_sar_max_wind,Latent MLP · SAR · wind only,40.64744144015842,False,hourly mean,3
EP112025,Kiko (2025),with_era5,2025-09-08T14:00:00+00:00,latent_sar_max_wind,Latent MLP · SAR · wind only,38.288274553087014,False,hourly mean,3
EP112025,Kiko (2025),with_era5,2025-09-08T15:00:00+00:00,latent_sar_max_wind,Latent MLP · SAR · wind only,36.21861182318793,False,hourly mean,3
EP112025,Kiko (2025),with_era5,2025-09-08T16:00:00+00:00,latent_sar_max_wind,Latent MLP · SAR · wind only,34.26289600796169,False,hourly mean,3
EP112025,Kiko (2025),with_era5,2025-09-08T17:00:00+00:00,latent_sar_max_wind,Latent MLP · SAR · wind only,34.2807585398356,False,hourly mean,3
EP112025,Kiko (2025),with_era5,2025-09-08T18:00:00+00:00,latent_sar_max_wind,Latent MLP · SAR · wind only,33.998075485229485,False,hourly mean,3
EP112025,Kiko (2025),with_era5,2025-09-08T19:00:00+00:00,latent_sar_max_wind,Latent MLP · SAR · wind only,33.85707728068033,False,hourly mean,3
EP112025,Kiko (2025),with_era5,2025-09-08T20:00:00+00:00,latent_sar_max_wind,Latent MLP · SAR · wind only,30.509606573316784,False,hourly mean,3
EP112025,Kiko (2025),with_era5,2025-09-08T21:00:00+00:00,latent_sar_max_wind,Latent MLP · SAR · wind only,27.365648375617127,False,hourly mean,3
EP112025,Kiko (2025),with_era5,2025-09-08T22:00:00+00:00,latent_sar_max_wind,Latent MLP · SAR · wind only,24.318511750962994,False,hourly mean,3
EP112025,Kiko (2025),with_era5,2025-09-08T23:00:00+00:00,latent_sar_max_wind,Latent MLP · SAR · wind only,24.277508841620545,False,hourly mean,3
EP112025,Kiko (2025),with_era5,2025-09-09T00:00:00+00:00,latent_sar_max_wind,Latent MLP · SAR · wind only,24.183080885145397,False,hourly mean,3
EP112025,Kiko (2025),with_era5,2025-09-09T01:00:00+00:00,latent_sar_max_wind,Latent MLP · SAR · wind only,24.032261848449703,False,hourly mean,3
EP112025,Kiko (2025),with_era5,2025-09-09T02:00:00+00:00,latent_sar_max_wind,Latent MLP · SAR · wind only,23.60525841183132,False,hourly mean,3
EP112025,Kiko (2025),with_era5,2025-09-09T03:00:00+00:00,latent_sar_max_wind,Latent MLP · SAR · wind only,23.32185914781358,False,hourly mean,3
EP112025,Kiko (2025),with_era5,2025-09-09T04:00:00+00:00,latent_sar_max_wind,Latent MLP · SAR · wind only,22.9652542538113,False,hourly mean,3
EP112025,Kiko (2025),with_era5,2025-09-09T05:00:00+00:00,latent_sar_max_wind,Latent MLP · SAR · wind only,22.868012852138936,False,hourly mean,3
EP112025,Kiko (2025),with_era5,2025-09-09T06:00:00+00:00,latent_sar_max_wind,Latent MLP · SAR · wind only,22.733612590365937,False,hourly mean,3
EP112025,Kiko (2025),with_era5,2025-09-09T07:00:00+00:00,latent_sar_max_wind,Latent MLP · SAR · wind only,22.620308028327088,False,hourly mean,3
EP112025,Kiko (2025),with_era5,2025-09-09T08:00:00+00:00,latent_sar_max_wind,Latent MLP · SAR · wind only,22.47258037990993,False,hourly mean,3
EP112025,Kiko (2025),with_era5,2025-09-09T09:00:00+00:00,latent_sar_max_wind,Latent MLP · SAR · wind only,22.459266132778584,False,hourly mean,3
EP112025,Kiko (2025),with_era5,2025-09-09T10:00:00+00:00,latent_sar_max_wind,Latent MLP · SAR · wind only,22.769445207383892,False,hourly mean,3
EP112025,Kiko (2025),with_era5,2025-09-09T11:00:00+00:00,latent_sar_max_wind,Latent MLP · SAR · wind only,23.3461505042182,False,hourly mean,3
EP112025,Kiko (2025),with_era5,2025-09-09T12:00:00+00:00,latent_sar_max_wind,Latent MLP · SAR · wind only,23.903623686896424,False,hourly mean,3
EP112025,Kiko (2025),with_era5,2025-09-09T13:00:00+00:00,latent_sar_max_wind,Latent MLP · SAR · wind only,24.3484263949924,False,hourly mean,3
EP112025,Kiko (2025),with_era5,2025-09-09T14:00:00+00:00,latent_sar_max_wind,Latent MLP · SAR · wind only,23.46573744879828,False,hourly mean,3
EP112025,Kiko (2025),with_era5,2025-09-09T15:00:00+00:00,latent_sar_max_wind,Latent MLP · SAR · wind only,22.39210743374294,False,hourly mean,3
EP112025,Kiko (2025),with_era5,2025-09-09T16:00:00+00:00,latent_sar_max_wind,Latent MLP · SAR · wind only,21.163211186726883,False,hourly mean,3
EP112025,Kiko (2025),with_era5,2025-09-09T17:00:00+00:00,latent_sar_max_wind,Latent MLP · SAR · wind only,21.23411252763536,False,hourly mean,3
EP112025,Kiko (2025),with_era5,2025-09-09T18:00:00+00:00,latent_sar_max_wind,Latent MLP · SAR · wind only,21.62234157986111,False,hourly mean,3
EP112025,Kiko (2025),with_era5,2025-09-09T19:00:00+00:00,latent_sar_max_wind,Latent MLP · SAR · wind only,22.304080221388073,False,hourly mean,3
EP112025,Kiko (2025),with_era5,2025-09-09T20:00:00+00:00,latent_sar_max_wind,Latent MLP · SAR · wind only,21.480079650878903,False,hourly mean,3
EP112025,Kiko (2025),with_era5,2025-09-09T21:00:00+00:00,latent_sar_max_wind,Latent MLP · SAR · wind only,20.37407747904459,False,hourly mean,3
EP112025,Kiko (2025),with_era5,2025-09-09T22:00:00+00:00,latent_sar_max_wind,Latent MLP · SAR · wind only,19.064806408352315,False,hourly mean,3
EP112025,Kiko (2025),with_era5,2025-09-09T23:00:00+00:00,latent_sar_max_wind,Latent MLP · SAR · wind only,19.128978411356602,False,hourly mean,3
EP112025,Kiko (2025),with_era5,2025-09-10T00:00:00+00:00,latent_sar_max_wind,Latent MLP · SAR · wind only,19.206009652879498,False,hourly mean,3
EP112025,Kiko (2025),with_era5,2025-09-10T01:00:00+00:00,latent_sar_max_wind,Latent MLP · SAR · wind only,19.21248234642876,False,hourly mean,3
EP112025,Kiko (2025),with_era5,2025-09-10T02:00:00+00:00,latent_sar_max_wind,Latent MLP · SAR · wind only,19.15506299336751,False,hourly mean,3
EP112025,Kiko (2025),with_era5,2025-09-10T03:00:00+00:00,latent_sar_max_wind,Latent MLP · SAR · wind only,19.068479114108612,False,hourly mean,3
EP112025,Kiko (2025),with_era5,2025-09-10T04:00:00+00:00,latent_sar_max_wind,Latent MLP · SAR · wind only,19.012628237406407,False,hourly mean,3
EP112025,Kiko (2025),with_era5,2025-09-10T05:00:00+00:00,latent_sar_max_wind,Latent MLP · SAR · wind only,18.967125256856278,False,hourly mean,3
EP112025,Kiko (2025),with_era5,2025-09-10T06:00:00+00:00,latent_sar_max_wind,Latent MLP · SAR · wind only,18.95161014133029,False,hourly mean,3
EP112025,Kiko (2025),with_era5,2025-09-10T07:00:00+00:00,latent_sar_max_wind,Latent MLP · SAR · wind only,18.975300810072152,False,hourly mean,3
EP112025,Kiko (2025),with_era5,2025-09-10T08:00:00+00:00,latent_sar_max_wind,Latent MLP · SAR · wind only,19.082419734530973,False,hourly mean,3
EP112025,Kiko (2025),with_era5,2025-09-10T09:00:00+00:00,latent_sar_max_wind,Latent MLP · SAR · wind only,19.23634298112657,False,hourly mean,3
EP112025,Kiko (2025),with_era5,2025-09-10T10:00:00+00:00,latent_sar_max_wind,Latent MLP · SAR · wind only,19.426635000440804,False,hourly mean,3
EP112025,Kiko (2025),with_era5,2025-09-10T11:00:00+00:00,latent_sar_max_wind,Latent MLP · SAR · wind only,19.622907108730733,False,hourly mean,3
EP112025,Kiko (2025),with_era5,2025-09-10T12:00:00+00:00,latent_sar_max_wind,Latent MLP · SAR · wind only,19.69309775034586,False,hourly mean,3
EP112025,Kiko (2025),with_era5,2025-09-10T13:00:00+00:00,latent_sar_max_wind,Latent MLP · SAR · wind only,19.627512507968476,False,hourly mean,3
EP112025,Kiko (2025),with_era5,2025-09-10T14:00:00+00:00,latent_sar_max_wind,Latent MLP · SAR · wind only,19.47570175594753,False,hourly mean,3
EP112025,Kiko (2025),with_era5,2025-09-10T15:00:00+00:00,latent_sar_max_wind,Latent MLP · SAR · wind only,19.359192848205563,False,hourly mean,3
EP112025,Kiko (2025),with_era5,2025-09-10T16:00:00+00:00,latent_sar_max_wind,Latent MLP · SAR · wind only,19.278658337063252,False,hourly mean,3
EP112025,Kiko (2025),with_era5,2025-09-10T17:00:00+00:00,latent_sar_max_wind,Latent MLP · SAR · wind only,19.14707152048746,False,hourly mean,3
EP112025,Kiko (2025),with_era5,2025-09-10T18:00:00+00:00,latent_sar_max_wind,Latent MLP · SAR · wind only,19.064870622422955,False,hourly mean,3
EP112025,Kiko (2025),with_era5,2025-09-10T19:00:00+00:00,latent_sar_max_wind,Latent MLP · SAR · wind only,19.14259232415093,False,hourly mean,3
EP112025,Kiko (2025),with_era5,2025-09-10T20:00:00+00:00,latent_sar_max_wind,Latent MLP · SAR · wind only,19.28175173865424,False,hourly mean,3
EP112025,Kiko (2025),with_era5,2025-09-10T21:00:00+00:00,latent_sar_max_wind,Latent MLP · SAR · wind only,19.403641912672253,False,hourly mean,3
EP112025,Kiko (2025),with_era5,2025-09-10T22:00:00+00:00,latent_sar_max_wind,Latent MLP · SAR · wind only,19.421785672505692,False,hourly mean,3
EP112025,Kiko (2025),with_era5,2025-09-10T23:00:00+00:00,latent_sar_max_wind,Latent MLP · SAR · wind only,19.451943556467683,False,hourly mean,3
EP112025,Kiko (2025),with_era5,2025-08-31T00:00:00+00:00,latent_sar_max_wind_radii,Latent MLP · SAR · wind + radii,19.81300147374471,False,hourly mean,3
EP112025,Kiko (2025),with_era5,2025-08-31T01:00:00+00:00,latent_sar_max_wind_radii,Latent MLP · SAR · wind + radii,19.692064815097385,False,hourly mean,3
EP112025,Kiko (2025),with_era5,2025-08-31T02:00:00+00:00,latent_sar_max_wind_radii,Latent MLP · SAR · wind + radii,19.693135155571827,False,hourly mean,3
EP112025,Kiko (2025),with_era5,2025-08-31T03:00:00+00:00,latent_sar_max_wind_radii,Latent MLP · SAR · wind + radii,19.79184850056966,False,hourly mean,3
EP112025,Kiko (2025),with_era5,2025-08-31T04:00:00+00:00,latent_sar_max_wind_radii,Latent MLP · SAR · wind + radii,19.97643216451009,False,hourly mean,3
EP112025,Kiko (2025),with_era5,2025-08-31T05:00:00+00:00,latent_sar_max_wind_radii,Latent MLP · SAR · wind + radii,19.970715098910862,False,hourly mean,3
EP112025,Kiko (2025),with_era5,2025-08-31T06:00:00+00:00,latent_sar_max_wind_radii,Latent MLP · SAR · wind + radii,19.884565247429745,False,hourly mean,3
EP112025,Kiko (2025),with_era5,2025-08-31T07:00:00+00:00,latent_sar_max_wind_radii,Latent MLP · SAR · wind + radii,19.78741624620226,False,hourly mean,3
EP112025,Kiko (2025),with_era5,2025-08-31T08:00:00+00:00,latent_sar_max_wind_radii,Latent MLP · SAR · wind + radii,19.94273387061225,False,hourly mean,3
EP112025,Kiko (2025),with_era5,2025-08-31T09:00:00+00:00,latent_sar_max_wind_radii,Latent MLP · SAR · wind + radii,20.114117410447864,False,hourly mean,3
EP112025,Kiko (2025),with_era5,2025-08-31T10:00:00+00:00,latent_sar_max_wind_radii,Latent MLP · SAR · wind + radii,20.240974214341907,False,hourly mean,3
EP112025,Kiko (2025),with_era5,2025-08-31T11:00:00+00:00,latent_sar_max_wind_radii,Latent MLP · SAR · wind + radii,20.165236367119686,False,hourly mean,3
EP112025,Kiko (2025),with_era5,2025-08-31T12:00:00+00:00,latent_sar_max_wind_radii,Latent MLP · SAR · wind + radii,20.177098804050022,False,hourly mean,3
EP112025,Kiko (2025),with_era5,2025-08-31T13:00:00+00:00,latent_sar_max_wind_radii,Latent MLP · SAR · wind + radii,20.318903393215603,False,hourly mean,3
EP112025,Kiko (2025),with_era5,2025-08-31T14:00:00+00:00,latent_sar_max_wind_radii,Latent MLP · SAR · wind + radii,20.78038501739502,False,hourly mean,3
EP112025,Kiko (2025),with_era5,2025-08-31T15:00:00+00:00,latent_sar_max_wind_radii,Latent MLP · SAR · wind + radii,21.711011462741425,False,hourly mean,3
EP112025,Kiko (2025),with_era5,2025-08-31T16:00:00+00:00,latent_sar_max_wind_radii,Latent MLP · SAR · wind + radii,23.72738265991211,False,hourly mean,3
EP112025,Kiko (2025),with_era5,2025-08-31T17:00:00+00:00,latent_sar_max_wind_radii,Latent MLP · SAR · wind + radii,25.762930552164715,False,hourly mean,3
EP112025,Kiko (2025),with_era5,2025-08-31T18:00:00+00:00,latent_sar_max_wind_radii,Latent MLP · SAR · wind + radii,27.05796676211887,False,hourly mean,3
EP112025,Kiko (2025),with_era5,2025-08-31T19:00:00+00:00,latent_sar_max_wind_radii,Latent MLP · SAR · wind + radii,26.646744304233124,False,hourly mean,3
EP112025,Kiko (2025),with_era5,2025-08-31T20:00:00+00:00,latent_sar_max_wind_radii,Latent MLP · SAR · wind + radii,26.925196117824978,False,hourly mean,3
EP112025,Kiko (2025),with_era5,2025-08-31T21:00:00+00:00,latent_sar_max_wind_radii,Latent MLP · SAR · wind + radii,28.017658445570202,False,hourly mean,3
EP112025,Kiko (2025),with_era5,2025-08-31T22:00:00+00:00,latent_sar_max_wind_radii,Latent MLP · SAR · wind + radii,29.684595319959854,False,hourly mean,3
EP112025,Kiko (2025),with_era5,2025-08-31T23:00:00+00:00,latent_sar_max_wind_radii,Latent MLP · SAR · wind + radii,30.01075655619303,False,hourly mean,3
EP112025,Kiko (2025),with_era5,2025-09-01T00:00:00+00:00,latent_sar_max_wind_radii,Latent MLP · SAR · wind + radii,29.556010203891333,False,hourly mean,3
EP112025,Kiko (2025),with_era5,2025-09-01T01:00:00+00:00,latent_sar_max_wind_radii,Latent MLP · SAR · wind + radii,29.467579587300616,False,hourly mean,3
EP112025,Kiko (2025),with_era5,2025-09-01T02:00:00+00:00,latent_sar_max_wind_radii,Latent MLP · SAR · wind + radii,27.904898325602215,False,hourly mean,3
EP112025,Kiko (2025),with_era5,2025-09-01T03:00:00+00:00,latent_sar_max_wind_radii,Latent MLP · SAR · wind + radii,26.245482444763184,False,hourly mean,3
EP112025,Kiko (2025),with_era5,2025-09-01T04:00:00+00:00,latent_sar_max_wind_radii,Latent MLP · SAR · wind + radii,23.902379353841145,False,hourly mean,3
EP112025,Kiko (2025),with_era5,2025-09-01T05:00:00+00:00,latent_sar_max_wind_radii,Latent MLP · SAR · wind + radii,23.311086230807835,False,hourly mean,3
EP112025,Kiko (2025),with_era5,2025-09-01T06:00:00+00:00,latent_sar_max_wind_radii,Latent MLP · SAR · wind + radii,23.095860057406956,False,hourly mean,3
EP112025,Kiko (2025),with_era5,2025-09-01T07:00:00+00:00,latent_sar_max_wind_radii,Latent MLP · SAR · wind + radii,23.21049690246582,False,hourly mean,3
EP112025,Kiko (2025),with_era5,2025-09-01T08:00:00+00:00,latent_sar_max_wind_radii,Latent MLP · SAR · wind + radii,23.195288552178273,False,hourly mean,3
EP112025,Kiko (2025),with_era5,2025-09-01T09:00:00+00:00,latent_sar_max_wind_radii,Latent MLP · SAR · wind + radii,23.126307593451603,False,hourly mean,3
EP112025,Kiko (2025),with_era5,2025-09-01T10:00:00+00:00,latent_sar_max_wind_radii,Latent MLP · SAR · wind + radii,23.16053083207872,False,hourly mean,3
EP112025,Kiko (2025),with_era5,2025-09-01T11:00:00+00:00,latent_sar_max_wind_radii,Latent MLP · SAR · wind + radii,23.629443380567764,False,hourly mean,3
EP112025,Kiko (2025),with_era5,2025-09-01T12:00:00+00:00,latent_sar_max_wind_radii,Latent MLP · SAR · wind + radii,24.52476618025038,False,hourly mean,3
EP112025,Kiko (2025),with_era5,2025-09-01T13:00:00+00:00,latent_sar_max_wind_radii,Latent MLP · SAR · wind + radii,25.167446454366047,False,hourly mean,3
EP112025,Kiko (2025),with_era5,2025-09-01T14:00:00+00:00,latent_sar_max_wind_radii,Latent MLP · SAR · wind + radii,25.66552172766792,False,hourly mean,3
EP112025,Kiko (2025),with_era5,2025-09-01T15:00:00+00:00,latent_sar_max_wind_radii,Latent MLP · SAR · wind + radii,25.9850525326199,False,hourly mean,3
EP112025,Kiko (2025),with_era5,2025-09-01T16:00:00+00:00,latent_sar_max_wind_radii,Latent MLP · SAR · wind + radii,26.66764174567329,False,hourly mean,3
EP112025,Kiko (2025),with_era5,2025-09-01T17:00:00+00:00,latent_sar_max_wind_radii,Latent MLP · SAR · wind + radii,26.956669065687393,False,hourly mean,3
EP112025,Kiko (2025),with_era5,2025-09-01T18:00:00+00:00,latent_sar_max_wind_radii,Latent MLP · SAR · wind + radii,26.221513112386067,False,hourly mean,3
EP112025,Kiko (2025),with_era5,2025-09-01T19:00:00+00:00,latent_sar_max_wind_radii,Latent MLP · SAR · wind + radii,24.76966667175293,False,hourly mean,3
EP112025,Kiko (2025),with_era5,2025-09-01T20:00:00+00:00,latent_sar_max_wind_radii,Latent MLP · SAR · wind + radii,24.70230208502876,False,hourly mean,3
EP112025,Kiko (2025),with_era5,2025-09-01T21:00:00+00:00,latent_sar_max_wind_radii,Latent MLP · SAR · wind + radii,25.599552260504833,False,hourly mean,3
EP112025,Kiko (2025),with_era5,2025-09-01T22:00:00+00:00,latent_sar_max_wind_radii,Latent MLP · SAR · wind + radii,26.9490106370714,False,hourly mean,3
EP112025,Kiko (2025),with_era5,2025-09-01T23:00:00+00:00,latent_sar_max_wind_radii,Latent MLP · SAR · wind + radii,27.083346048990887,False,hourly mean,3
EP112025,Kiko (2025),with_era5,2025-09-02T00:00:00+00:00,latent_sar_max_wind_radii,Latent MLP · SAR · wind + radii,27.02999761369493,False,hourly mean,3
EP112025,Kiko (2025),with_era5,2025-09-02T01:00:00+00:00,latent_sar_max_wind_radii,Latent MLP · SAR · wind + radii,27.49294016096327,False,hourly mean,3
EP112025,Kiko (2025),with_era5,2025-09-02T02:00:00+00:00,latent_sar_max_wind_radii,Latent MLP · SAR · wind + radii,26.33916102515327,False,hourly mean,3
EP112025,Kiko (2025),with_era5,2025-09-02T03:00:00+00:00,latent_sar_max_wind_radii,Latent MLP · SAR · wind + radii,24.86780293782552,False,hourly mean,3
EP112025,Kiko (2025),with_era5,2025-09-02T04:00:00+00:00,latent_sar_max_wind_radii,Latent MLP · SAR · wind + radii,22.69269360436334,False,hourly mean,3
EP112025,Kiko (2025),with_era5,2025-09-02T05:00:00+00:00,latent_sar_max_wind_radii,Latent MLP · SAR · wind + radii,22.811038547092014,False,hourly mean,3
EP112025,Kiko (2025),with_era5,2025-09-02T06:00:00+00:00,latent_sar_max_wind_radii,Latent MLP · SAR · wind + radii,23.624662399291992,False,hourly mean,3
EP112025,Kiko (2025),with_era5,2025-09-02T07:00:00+00:00,latent_sar_max_wind_radii,Latent MLP · SAR · wind + radii,24.57231691148546,False,hourly mean,3
EP112025,Kiko (2025),with_era5,2025-09-02T08:00:00+00:00,latent_sar_max_wind_radii,Latent MLP · SAR · wind + radii,29.432156668768986,False,hourly mean,3
EP112025,Kiko (2025),with_era5,2025-09-02T09:00:00+00:00,latent_sar_max_wind_radii,Latent MLP · SAR · wind + radii,34.369079483879936,False,hourly mean,3
EP112025,Kiko (2025),with_era5,2025-09-02T10:00:00+00:00,latent_sar_max_wind_radii,Latent MLP · SAR · wind + radii,39.591584311591255,False,hourly mean,3
EP112025,Kiko (2025),with_era5,2025-09-02T11:00:00+00:00,latent_sar_max_wind_radii,Latent MLP · SAR · wind + radii,40.28303231133355,False,hourly mean,3
EP112025,Kiko (2025),with_era5,2025-09-02T12:00:00+00:00,latent_sar_max_wind_radii,Latent MLP · SAR · wind + radii,40.34671613905165,False,hourly mean,3
EP112025,Kiko (2025),with_era5,2025-09-02T13:00:00+00:00,latent_sar_max_wind_radii,Latent MLP · SAR · wind + radii,38.750386767917206,False,hourly mean,3
EP112025,Kiko (2025),with_era5,2025-09-02T14:00:00+00:00,latent_sar_max_wind_radii,Latent MLP · SAR · wind + radii,33.841848797268334,False,hourly mean,3
EP112025,Kiko (2025),with_era5,2025-09-02T15:00:00+00:00,latent_sar_max_wind_radii,Latent MLP · SAR · wind + radii,28.057361602783203,False,hourly mean,3
EP112025,Kiko (2025),with_era5,2025-09-02T16:00:00+00:00,latent_sar_max_wind_radii,Latent MLP · SAR · wind + radii,23.593921873304577,False,hourly mean,3
EP112025,Kiko (2025),with_era5,2025-09-02T17:00:00+00:00,latent_sar_max_wind_radii,Latent MLP · SAR · wind + radii,22.578985532124836,False,hourly mean,3
EP112025,Kiko (2025),with_era5,2025-09-02T18:00:00+00:00,latent_sar_max_wind_radii,Latent MLP · SAR · wind + radii,26.94692177242703,False,hourly mean,3
EP112025,Kiko (2025),with_era5,2025-09-02T19:00:00+00:00,latent_sar_max_wind_radii,Latent MLP · SAR · wind + radii,35.37572087181939,False,hourly mean,3
EP112025,Kiko (2025),with_era5,2025-09-02T20:00:00+00:00,latent_sar_max_wind_radii,Latent MLP · SAR · wind + radii,35.182969411214195,False,hourly mean,3
EP112025,Kiko (2025),with_era5,2025-09-02T21:00:00+00:00,latent_sar_max_wind_radii,Latent MLP · SAR · wind + radii,30.758863661024304,True,hourly mean,3
EP112025,Kiko (2025),with_era5,2025-09-02T22:00:00+00:00,latent_sar_max_wind_radii,Latent MLP · SAR · wind + radii,23.36080318027072,True,hourly mean,3
EP112025,Kiko (2025),with_era5,2025-09-02T23:00:00+00:00,latent_sar_max_wind_radii,Latent MLP · SAR · wind + radii,25.03136327531602,True,hourly mean,3
EP112025,Kiko (2025),with_era5,2025-09-03T00:00:00+00:00,latent_sar_max_wind_radii,Latent MLP · SAR · wind + radii,26.16584152645535,True,hourly mean,3
EP112025,Kiko (2025),with_era5,2025-09-03T01:00:00+00:00,latent_sar_max_wind_radii,Latent MLP · SAR · wind + radii,26.411205291748043,True,hourly mean,3
EP112025,Kiko (2025),with_era5,2025-09-03T02:00:00+00:00,latent_sar_max_wind_radii,Latent MLP · SAR · wind + radii,29.864762941996258,True,hourly mean,3
EP112025,Kiko (2025),with_era5,2025-09-03T03:00:00+00:00,latent_sar_max_wind_radii,Latent MLP · SAR · wind + radii,34.70649009280734,False,hourly mean,3
EP112025,Kiko (2025),with_era5,2025-09-03T04:00:00+00:00,latent_sar_max_wind_radii,Latent MLP · SAR · wind + radii,39.915532853868264,False,hourly mean,3
EP112025,Kiko (2025),with_era5,2025-09-03T05:00:00+00:00,latent_sar_max_wind_radii,Latent MLP · SAR · wind + radii,41.634557512071396,False,hourly mean,3
EP112025,Kiko (2025),with_era5,2025-09-03T06:00:00+00:00,latent_sar_max_wind_radii,Latent MLP · SAR · wind + radii,43.51203388637966,False,hourly mean,3
EP112025,Kiko (2025),with_era5,2025-09-03T07:00:00+00:00,latent_sar_max_wind_radii,Latent MLP · SAR · wind + radii,43.47887102762858,False,hourly mean,3
EP112025,Kiko (2025),with_era5,2025-09-03T08:00:00+00:00,latent_sar_max_wind_radii,Latent MLP · SAR · wind + radii,45.67799949645996,False,hourly mean,3
EP112025,Kiko (2025),with_era5,2025-09-03T09:00:00+00:00,latent_sar_max_wind_radii,Latent MLP · SAR · wind + radii,48.58564143710666,False,hourly mean,3
EP112025,Kiko (2025),with_era5,2025-09-03T10:00:00+00:00,latent_sar_max_wind_radii,Latent MLP · SAR · wind + radii,53.17180273267957,False,hourly mean,3
EP112025,Kiko (2025),with_era5,2025-09-03T11:00:00+00:00,latent_sar_max_wind_radii,Latent MLP · SAR · wind + radii,55.6340611775716,False,hourly mean,3
EP112025,Kiko (2025),with_era5,2025-09-03T12:00:00+00:00,latent_sar_max_wind_radii,Latent MLP · SAR · wind + radii,56.449774424235024,False,hourly mean,3
EP112025,Kiko (2025),with_era5,2025-09-03T13:00:00+00:00,latent_sar_max_wind_radii,Latent MLP · SAR · wind + radii,58.05861515469021,False,hourly mean,3
EP112025,Kiko (2025),with_era5,2025-09-03T14:00:00+00:00,latent_sar_max_wind_radii,Latent MLP · SAR · wind + radii,58.50533866882324,False,hourly mean,3
EP112025,Kiko (2025),with_era5,2025-09-03T15:00:00+00:00,latent_sar_max_wind_radii,Latent MLP · SAR · wind + radii,59.51889589097765,False,hourly mean,3
EP112025,Kiko (2025),with_era5,2025-09-03T16:00:00+00:00,latent_sar_max_wind_radii,Latent MLP · SAR · wind + radii,60.12318314446344,False,hourly mean,3
EP112025,Kiko (2025),with_era5,2025-09-03T17:00:00+00:00,latent_sar_max_wind_radii,Latent MLP · SAR · wind + radii,62.55818769666883,False,hourly mean,3
EP112025,Kiko (2025),with_era5,2025-09-03T18:00:00+00:00,latent_sar_max_wind_radii,Latent MLP · SAR · wind + radii,64.02582253350151,True,hourly mean,3
EP112025,Kiko (2025),with_era5,2025-09-03T19:00:00+00:00,latent_sar_max_wind_radii,Latent MLP · SAR · wind + radii,63.96078872680663,True,hourly mean,3
EP112025,Kiko (2025),with_era5,2025-09-03T20:00:00+00:00,latent_sar_max_wind_radii,Latent MLP · SAR · wind + radii,62.7493224673801,True,hourly mean,3
EP112025,Kiko (2025),with_era5,2025-09-03T21:00:00+00:00,latent_sar_max_wind_radii,Latent MLP · SAR · wind + radii,61.83697213066949,True,hourly mean,3
EP112025,Kiko (2025),with_era5,2025-09-03T22:00:00+00:00,latent_sar_max_wind_radii,Latent MLP · SAR · wind + radii,61.827157974243164,True,hourly mean,3
EP112025,Kiko (2025),with_era5,2025-09-03T23:00:00+00:00,latent_sar_max_wind_radii,Latent MLP · SAR · wind + radii,61.41772418551975,True,hourly mean,3
EP112025,Kiko (2025),with_era5,2025-09-04T00:00:00+00:00,latent_sar_max_wind_radii,Latent MLP · SAR · wind + radii,59.84876314798991,True,hourly mean,3
EP112025,Kiko (2025),with_era5,2025-09-04T01:00:00+00:00,latent_sar_max_wind_radii,Latent MLP · SAR · wind + radii,56.15213521321615,True,hourly mean,3
EP112025,Kiko (2025),with_era5,2025-09-04T02:00:00+00:00,latent_sar_max_wind_radii,Latent MLP · SAR · wind + radii,53.27736367119684,True,hourly mean,3
EP112025,Kiko (2025),with_era5,2025-09-04T03:00:00+00:00,latent_sar_max_wind_radii,Latent MLP · SAR · wind + radii,51.78690105014377,True,hourly mean,3
EP112025,Kiko (2025),with_era5,2025-09-04T04:00:00+00:00,latent_sar_max_wind_radii,Latent MLP · SAR · wind + radii,52.0327517191569,True,hourly mean,3
EP112025,Kiko (2025),with_era5,2025-09-04T05:00:00+00:00,latent_sar_max_wind_radii,Latent MLP · SAR · wind + radii,51.05612140231663,True,hourly mean,3
EP112025,Kiko (2025),with_era5,2025-09-04T06:00:00+00:00,latent_sar_max_wind_radii,Latent MLP · SAR · wind + radii,49.37592209710015,True,hourly mean,3
EP112025,Kiko (2025),with_era5,2025-09-04T07:00:00+00:00,latent_sar_max_wind_radii,Latent MLP · SAR · wind + radii,47.7594583299425,True,hourly mean,3
EP112025,Kiko (2025),with_era5,2025-09-04T08:00:00+00:00,latent_sar_max_wind_radii,Latent MLP · SAR · wind + radii,50.201123555501304,True,hourly mean,3
EP112025,Kiko (2025),with_era5,2025-09-04T09:00:00+00:00,latent_sar_max_wind_radii,Latent MLP · SAR · wind + radii,53.059851540459526,False,hourly mean,3
EP112025,Kiko (2025),with_era5,2025-09-04T10:00:00+00:00,latent_sar_max_wind_radii,Latent MLP · SAR · wind + radii,56.857605616251625,False,hourly mean,3
EP112025,Kiko (2025),with_era5,2025-09-04T11:00:00+00:00,latent_sar_max_wind_radii,Latent MLP · SAR · wind + radii,58.08427132500543,False,hourly mean,3
EP112025,Kiko (2025),with_era5,2025-09-04T12:00:00+00:00,latent_sar_max_wind_radii,Latent MLP · SAR · wind + radii,58.77180565728082,False,hourly mean,3
EP112025,Kiko (2025),with_era5,2025-09-04T13:00:00+00:00,latent_sar_max_wind_radii,Latent MLP · SAR · wind + radii,59.36425887213812,False,hourly mean,3
EP112025,Kiko (2025),with_era5,2025-09-04T14:00:00+00:00,latent_sar_max_wind_radii,Latent MLP · SAR · wind + radii,58.91815609402127,False,hourly mean,3
EP112025,Kiko (2025),with_era5,2025-09-04T15:00:00+00:00,latent_sar_max_wind_radii,Latent MLP · SAR · wind + radii,59.39970016479492,False,hourly mean,3
EP112025,Kiko (2025),with_era5,2025-09-04T16:00:00+00:00,latent_sar_max_wind_radii,Latent MLP · SAR · wind + radii,59.942077000935875,False,hourly mean,3
EP112025,Kiko (2025),with_era5,2025-09-04T17:00:00+00:00,latent_sar_max_wind_radii,Latent MLP · SAR · wind + radii,58.61739910973443,False,hourly mean,3
EP112025,Kiko (2025),with_era5,2025-09-04T18:00:00+00:00,latent_sar_max_wind_radii,Latent MLP · SAR · wind + radii,59.49710326724582,False,hourly mean,3
EP112025,Kiko (2025),with_era5,2025-09-04T19:00:00+00:00,latent_sar_max_wind_radii,Latent MLP · SAR · wind + radii,60.059217347039116,False,hourly mean,3
EP112025,Kiko (2025),with_era5,2025-09-04T20:00:00+00:00,latent_sar_max_wind_radii,Latent MLP · SAR · wind + radii,62.04075283474392,False,hourly mean,3
EP112025,Kiko (2025),with_era5,2025-09-04T21:00:00+00:00,latent_sar_max_wind_radii,Latent MLP · SAR · wind + radii,59.58762253655328,False,hourly mean,3
EP112025,Kiko (2025),with_era5,2025-09-04T22:00:00+00:00,latent_sar_max_wind_radii,Latent MLP · SAR · wind + radii,53.99415800306533,False,hourly mean,3
EP112025,Kiko (2025),with_era5,2025-09-04T23:00:00+00:00,latent_sar_max_wind_radii,Latent MLP · SAR · wind + radii,46.23473125033908,False,hourly mean,3
EP112025,Kiko (2025),with_era5,2025-09-05T00:00:00+00:00,latent_sar_max_wind_radii,Latent MLP · SAR · wind + radii,39.8122673034668,False,hourly mean,3
EP112025,Kiko (2025),with_era5,2025-09-05T01:00:00+00:00,latent_sar_max_wind_radii,Latent MLP · SAR · wind + radii,36.53317515055338,False,hourly mean,3
EP112025,Kiko (2025),with_era5,2025-09-05T02:00:00+00:00,latent_sar_max_wind_radii,Latent MLP · SAR · wind + radii,37.40077145894369,False,hourly mean,3
EP112025,Kiko (2025),with_era5,2025-09-05T03:00:00+00:00,latent_sar_max_wind_radii,Latent MLP · SAR · wind + radii,38.560899098714195,False,hourly mean,3
EP112025,Kiko (2025),with_era5,2025-09-05T04:00:00+00:00,latent_sar_max_wind_radii,Latent MLP · SAR · wind + radii,37.854405085245766,False,hourly mean,3
EP112025,Kiko (2025),with_era5,2025-09-05T05:00:00+00:00,latent_sar_max_wind_radii,Latent MLP · SAR · wind + radii,34.661339865790474,False,hourly mean,3
EP112025,Kiko (2025),with_era5,2025-09-05T06:00:00+00:00,latent_sar_max_wind_radii,Latent MLP · SAR · wind + radii,31.73146926032172,False,hourly mean,3
EP112025,Kiko (2025),with_era5,2025-09-05T07:00:00+00:00,latent_sar_max_wind_radii,Latent MLP · SAR · wind + radii,30.973538398742676,False,hourly mean,3
EP112025,Kiko (2025),with_era5,2025-09-05T08:00:00+00:00,latent_sar_max_wind_radii,Latent MLP · SAR · wind + radii,33.70631122589111,False,hourly mean,3
EP112025,Kiko (2025),with_era5,2025-09-05T09:00:00+00:00,latent_sar_max_wind_radii,Latent MLP · SAR · wind + radii,36.63809299468994,False,hourly mean,3
EP112025,Kiko (2025),with_era5,2025-09-05T10:00:00+00:00,latent_sar_max_wind_radii,Latent MLP · SAR · wind + radii,39.36770015292698,False,hourly mean,3
EP112025,Kiko (2025),with_era5,2025-09-05T11:00:00+00:00,latent_sar_max_wind_radii,Latent MLP · SAR · wind + radii,40.64541922675239,False,hourly mean,3
EP112025,Kiko (2025),with_era5,2025-09-05T12:00:00+00:00,latent_sar_max_wind_radii,Latent MLP · SAR · wind + radii,42.43028895060221,False,hourly mean,3
EP112025,Kiko (2025),with_era5,2025-09-05T13:00:00+00:00,latent_sar_max_wind_radii,Latent MLP · SAR · wind + radii,46.166511111789276,False,hourly mean,3
EP112025,Kiko (2025),with_era5,2025-09-05T14:00:00+00:00,latent_sar_max_wind_radii,Latent MLP · SAR · wind + radii,46.690743976169166,False,hourly mean,3
EP112025,Kiko (2025),with_era5,2025-09-05T15:00:00+00:00,latent_sar_max_wind_radii,Latent MLP · SAR · wind + radii,49.711096869574654,False,hourly mean,3
EP112025,Kiko (2025),with_era5,2025-09-05T16:00:00+00:00,latent_sar_max_wind_radii,Latent MLP · SAR · wind + radii,51.15933248731826,False,hourly mean,3
EP112025,Kiko (2025),with_era5,2025-09-05T17:00:00+00:00,latent_sar_max_wind_radii,Latent MLP · SAR · wind + radii,56.06062359280057,False,hourly mean,3
EP112025,Kiko (2025),with_era5,2025-09-05T18:00:00+00:00,latent_sar_max_wind_radii,Latent MLP · SAR · wind + radii,58.95741187201606,False,hourly mean,3
EP112025,Kiko (2025),with_era5,2025-09-05T19:00:00+00:00,latent_sar_max_wind_radii,Latent MLP · SAR · wind + radii,61.99038865831162,False,hourly mean,3
EP112025,Kiko (2025),with_era5,2025-09-05T20:00:00+00:00,latent_sar_max_wind_radii,Latent MLP · SAR · wind + radii,63.99413511488172,False,hourly mean,3
EP112025,Kiko (2025),with_era5,2025-09-05T21:00:00+00:00,latent_sar_max_wind_radii,Latent MLP · SAR · wind + radii,64.33530892266167,False,hourly mean,3
EP112025,Kiko (2025),with_era5,2025-09-05T22:00:00+00:00,latent_sar_max_wind_radii,Latent MLP · SAR · wind + radii,63.48992835150824,False,hourly mean,3
EP112025,Kiko (2025),with_era5,2025-09-05T23:00:00+00:00,latent_sar_max_wind_radii,Latent MLP · SAR · wind + radii,62.637555228339295,False,hourly mean,3
EP112025,Kiko (2025),with_era5,2025-09-06T00:00:00+00:00,latent_sar_max_wind_radii,Latent MLP · SAR · wind + radii,61.979913075764976,False,hourly mean,3
EP112025,Kiko (2025),with_era5,2025-09-06T01:00:00+00:00,latent_sar_max_wind_radii,Latent MLP · SAR · wind + radii,61.43370819091797,False,hourly mean,3
EP112025,Kiko (2025),with_era5,2025-09-06T02:00:00+00:00,latent_sar_max_wind_radii,Latent MLP · SAR · wind + radii,60.86454433865018,False,hourly mean,3
EP112025,Kiko (2025),with_era5,2025-09-06T03:00:00+00:00,latent_sar_max_wind_radii,Latent MLP · SAR · wind + radii,60.20516035291883,False,hourly mean,3
EP112025,Kiko (2025),with_era5,2025-09-06T04:00:00+00:00,latent_sar_max_wind_radii,Latent MLP · SAR · wind + radii,59.6058529747857,False,hourly mean,3
EP112025,Kiko (2025),with_era5,2025-09-06T05:00:00+00:00,latent_sar_max_wind_radii,Latent MLP · SAR · wind + radii,59.568649715847435,False,hourly mean,3
EP112025,Kiko (2025),with_era5,2025-09-06T06:00:00+00:00,latent_sar_max_wind_radii,Latent MLP · SAR · wind + radii,59.59118122524685,False,hourly mean,3
EP112025,Kiko (2025),with_era5,2025-09-06T07:00:00+00:00,latent_sar_max_wind_radii,Latent MLP · SAR · wind + radii,58.88478003607855,False,hourly mean,3
EP112025,Kiko (2025),with_era5,2025-09-06T08:00:00+00:00,latent_sar_max_wind_radii,Latent MLP · SAR · wind + radii,55.05713314480252,False,hourly mean,3
EP112025,Kiko (2025),with_era5,2025-09-06T09:00:00+00:00,latent_sar_max_wind_radii,Latent MLP · SAR · wind + radii,48.71822899712456,False,hourly mean,3
EP112025,Kiko (2025),with_era5,2025-09-06T10:00:00+00:00,latent_sar_max_wind_radii,Latent MLP · SAR · wind + radii,42.81582124498155,False,hourly mean,3
EP112025,Kiko (2025),with_era5,2025-09-06T11:00:00+00:00,latent_sar_max_wind_radii,Latent MLP · SAR · wind + radii,39.84671393500434,False,hourly mean,3
EP112025,Kiko (2025),with_era5,2025-09-06T12:00:00+00:00,latent_sar_max_wind_radii,Latent MLP · SAR · wind + radii,39.68972947862413,False,hourly mean,3
EP112025,Kiko (2025),with_era5,2025-09-06T13:00:00+00:00,latent_sar_max_wind_radii,Latent MLP · SAR · wind + radii,40.88229793972439,False,hourly mean,3
EP112025,Kiko (2025),with_era5,2025-09-06T14:00:00+00:00,latent_sar_max_wind_radii,Latent MLP · SAR · wind + radii,39.717670864529076,False,hourly mean,3
EP112025,Kiko (2025),with_era5,2025-09-06T15:00:00+00:00,latent_sar_max_wind_radii,Latent MLP · SAR · wind + radii,38.897268719143334,False,hourly mean,3
EP112025,Kiko (2025),with_era5,2025-09-06T16:00:00+00:00,latent_sar_max_wind_radii,Latent MLP · SAR · wind + radii,38.397325091891815,False,hourly mean,3
EP112025,Kiko (2025),with_era5,2025-09-06T17:00:00+00:00,latent_sar_max_wind_radii,Latent MLP · SAR · wind + radii,42.26462597317166,False,hourly mean,3
EP112025,Kiko (2025),with_era5,2025-09-06T18:00:00+00:00,latent_sar_max_wind_radii,Latent MLP · SAR · wind + radii,48.8410447438558,False,hourly mean,3
EP112025,Kiko (2025),with_era5,2025-09-06T19:00:00+00:00,latent_sar_max_wind_radii,Latent MLP · SAR · wind + radii,56.36421902974447,False,hourly mean,3
EP112025,Kiko (2025),with_era5,2025-09-06T20:00:00+00:00,latent_sar_max_wind_radii,Latent MLP · SAR · wind + radii,61.04514969719781,False,hourly mean,3
EP112025,Kiko (2025),with_era5,2025-09-06T21:00:00+00:00,latent_sar_max_wind_radii,Latent MLP · SAR · wind + radii,63.0202751159668,False,hourly mean,3
EP112025,Kiko (2025),with_era5,2025-09-06T22:00:00+00:00,latent_sar_max_wind_radii,Latent MLP · SAR · wind + radii,63.244006686740455,False,hourly mean,3
EP112025,Kiko (2025),with_era5,2025-09-06T23:00:00+00:00,latent_sar_max_wind_radii,Latent MLP · SAR · wind + radii,64.06803915235731,False,hourly mean,3
EP112025,Kiko (2025),with_era5,2025-09-07T00:00:00+00:00,latent_sar_max_wind_radii,Latent MLP · SAR · wind + radii,64.23775990804036,False,hourly mean,3
EP112025,Kiko (2025),with_era5,2025-09-07T01:00:00+00:00,latent_sar_max_wind_radii,Latent MLP · SAR · wind + radii,64.04506407843695,False,hourly mean,3
EP112025,Kiko (2025),with_era5,2025-09-07T02:00:00+00:00,latent_sar_max_wind_radii,Latent MLP · SAR · wind + radii,62.99195522732205,False,hourly mean,3
EP112025,Kiko (2025),with_era5,2025-09-07T03:00:00+00:00,latent_sar_max_wind_radii,Latent MLP · SAR · wind + radii,61.334069146050346,False,hourly mean,3
EP112025,Kiko (2025),with_era5,2025-09-07T04:00:00+00:00,latent_sar_max_wind_radii,Latent MLP · SAR · wind + radii,58.73075167338053,False,hourly mean,3
EP112025,Kiko (2025),with_era5,2025-09-07T05:00:00+00:00,latent_sar_max_wind_radii,Latent MLP · SAR · wind + radii,56.280970043606224,False,hourly mean,3
EP112025,Kiko (2025),with_era5,2025-09-07T06:00:00+00:00,latent_sar_max_wind_radii,Latent MLP · SAR · wind + radii,54.42746543884277,False,hourly mean,3
EP112025,Kiko (2025),with_era5,2025-09-07T07:00:00+00:00,latent_sar_max_wind_radii,Latent MLP · SAR · wind + radii,53.098095364040795,False,hourly mean,3
EP112025,Kiko (2025),with_era5,2025-09-07T08:00:00+00:00,latent_sar_max_wind_radii,Latent MLP · SAR · wind + radii,51.54857614305285,False,hourly mean,3
EP112025,Kiko (2025),with_era5,2025-09-07T09:00:00+00:00,latent_sar_max_wind_radii,Latent MLP · SAR · wind + radii,50.06999312506781,False,hourly mean,3
EP112025,Kiko (2025),with_era5,2025-09-07T10:00:00+00:00,latent_sar_max_wind_radii,Latent MLP · SAR · wind + radii,48.38802422417535,False,hourly mean,3
EP112025,Kiko (2025),with_era5,2025-09-07T11:00:00+00:00,latent_sar_max_wind_radii,Latent MLP · SAR · wind + radii,48.59827105204264,False,hourly mean,3
EP112025,Kiko (2025),with_era5,2025-09-07T12:00:00+00:00,latent_sar_max_wind_radii,Latent MLP · SAR · wind + radii,50.739645851982964,False,hourly mean,3
EP112025,Kiko (2025),with_era5,2025-09-07T13:00:00+00:00,latent_sar_max_wind_radii,Latent MLP · SAR · wind + radii,53.54083273145887,False,hourly mean,3
EP112025,Kiko (2025),with_era5,2025-09-07T14:00:00+00:00,latent_sar_max_wind_radii,Latent MLP · SAR · wind + radii,50.3896107143826,False,hourly mean,3
EP112025,Kiko (2025),with_era5,2025-09-07T15:00:00+00:00,latent_sar_max_wind_radii,Latent MLP · SAR · wind + radii,45.77432441711426,False,hourly mean,3
EP112025,Kiko (2025),with_era5,2025-09-07T16:00:00+00:00,latent_sar_max_wind_radii,Latent MLP · SAR · wind + radii,42.51948759290907,False,hourly mean,3
EP112025,Kiko (2025),with_era5,2025-09-07T17:00:00+00:00,latent_sar_max_wind_radii,Latent MLP · SAR · wind + radii,44.307725270589195,False,hourly mean,3
EP112025,Kiko (2025),with_era5,2025-09-07T18:00:00+00:00,latent_sar_max_wind_radii,Latent MLP · SAR · wind + radii,43.7682039472792,False,hourly mean,3
EP112025,Kiko (2025),with_era5,2025-09-07T19:00:00+00:00,latent_sar_max_wind_radii,Latent MLP · SAR · wind + radii,40.46759139166938,False,hourly mean,3
EP112025,Kiko (2025),with_era5,2025-09-07T20:00:00+00:00,latent_sar_max_wind_radii,Latent MLP · SAR · wind + radii,36.15235116746691,False,hourly mean,3
EP112025,Kiko (2025),with_era5,2025-09-07T21:00:00+00:00,latent_sar_max_wind_radii,Latent MLP · SAR · wind + radii,33.74632114834256,False,hourly mean,3
EP112025,Kiko (2025),with_era5,2025-09-07T22:00:00+00:00,latent_sar_max_wind_radii,Latent MLP · SAR · wind + radii,32.919276767306854,False,hourly mean,3
EP112025,Kiko (2025),with_era5,2025-09-07T23:00:00+00:00,latent_sar_max_wind_radii,Latent MLP · SAR · wind + radii,33.54977289835612,False,hourly mean,3
EP112025,Kiko (2025),with_era5,2025-09-08T00:00:00+00:00,latent_sar_max_wind_radii,Latent MLP · SAR · wind + radii,34.14990721808539,False,hourly mean,3
EP112025,Kiko (2025),with_era5,2025-09-08T01:00:00+00:00,latent_sar_max_wind_radii,Latent MLP · SAR · wind + radii,34.13644621107313,False,hourly mean,3
EP112025,Kiko (2025),with_era5,2025-09-08T02:00:00+00:00,latent_sar_max_wind_radii,Latent MLP · SAR · wind + radii,35.85192680358887,False,hourly mean,3
EP112025,Kiko (2025),with_era5,2025-09-08T03:00:00+00:00,latent_sar_max_wind_radii,Latent MLP · SAR · wind + radii,37.80700217352973,False,hourly mean,3
EP112025,Kiko (2025),with_era5,2025-09-08T04:00:00+00:00,latent_sar_max_wind_radii,Latent MLP · SAR · wind + radii,40.1152458190918,False,hourly mean,3
EP112025,Kiko (2025),with_era5,2025-09-08T05:00:00+00:00,latent_sar_max_wind_radii,Latent MLP · SAR · wind + radii,40.27481778462728,False,hourly mean,3
EP112025,Kiko (2025),with_era5,2025-09-08T06:00:00+00:00,latent_sar_max_wind_radii,Latent MLP · SAR · wind + radii,39.692221323649086,False,hourly mean,3
EP112025,Kiko (2025),with_era5,2025-09-08T07:00:00+00:00,latent_sar_max_wind_radii,Latent MLP · SAR · wind + radii,37.76212120056152,False,hourly mean,3
EP112025,Kiko (2025),with_era5,2025-09-08T08:00:00+00:00,latent_sar_max_wind_radii,Latent MLP · SAR · wind + radii,38.26983218722873,False,hourly mean,3
EP112025,Kiko (2025),with_era5,2025-09-08T09:00:00+00:00,latent_sar_max_wind_radii,Latent MLP · SAR · wind + radii,39.413567225138344,False,hourly mean,3
EP112025,Kiko (2025),with_era5,2025-09-08T10:00:00+00:00,latent_sar_max_wind_radii,Latent MLP · SAR · wind + radii,41.93137974209256,False,hourly mean,3
EP112025,Kiko (2025),with_era5,2025-09-08T11:00:00+00:00,latent_sar_max_wind_radii,Latent MLP · SAR · wind + radii,41.9141288333469,False,hourly mean,3
EP112025,Kiko (2025),with_era5,2025-09-08T12:00:00+00:00,latent_sar_max_wind_radii,Latent MLP · SAR · wind + radii,41.787441677517364,False,hourly mean,3
EP112025,Kiko (2025),with_era5,2025-09-08T13:00:00+00:00,latent_sar_max_wind_radii,Latent MLP · SAR · wind + radii,41.484282387627495,False,hourly mean,3
EP112025,Kiko (2025),with_era5,2025-09-08T14:00:00+00:00,latent_sar_max_wind_radii,Latent MLP · SAR · wind + radii,40.771697998046875,False,hourly mean,3
EP112025,Kiko (2025),with_era5,2025-09-08T15:00:00+00:00,latent_sar_max_wind_radii,Latent MLP · SAR · wind + radii,40.12658818562826,False,hourly mean,3
EP112025,Kiko (2025),with_era5,2025-09-08T16:00:00+00:00,latent_sar_max_wind_radii,Latent MLP · SAR · wind + radii,39.537082036336265,False,hourly mean,3
EP112025,Kiko (2025),with_era5,2025-09-08T17:00:00+00:00,latent_sar_max_wind_radii,Latent MLP · SAR · wind + radii,39.29422357347277,False,hourly mean,3
EP112025,Kiko (2025),with_era5,2025-09-08T18:00:00+00:00,latent_sar_max_wind_radii,Latent MLP · SAR · wind + radii,39.09614986843533,False,hourly mean,3
EP112025,Kiko (2025),with_era5,2025-09-08T19:00:00+00:00,latent_sar_max_wind_radii,Latent MLP · SAR · wind + radii,39.047332975599495,False,hourly mean,3
EP112025,Kiko (2025),with_era5,2025-09-08T20:00:00+00:00,latent_sar_max_wind_radii,Latent MLP · SAR · wind + radii,34.59205065833198,False,hourly mean,3
EP112025,Kiko (2025),with_era5,2025-09-08T21:00:00+00:00,latent_sar_max_wind_radii,Latent MLP · SAR · wind + radii,30.277273601955837,False,hourly mean,3
EP112025,Kiko (2025),with_era5,2025-09-08T22:00:00+00:00,latent_sar_max_wind_radii,Latent MLP · SAR · wind + radii,26.248535580105255,False,hourly mean,3
EP112025,Kiko (2025),with_era5,2025-09-08T23:00:00+00:00,latent_sar_max_wind_radii,Latent MLP · SAR · wind + radii,26.743294715881348,False,hourly mean,3
EP112025,Kiko (2025),with_era5,2025-09-09T00:00:00+00:00,latent_sar_max_wind_radii,Latent MLP · SAR · wind + radii,26.96857568952772,False,hourly mean,3
EP112025,Kiko (2025),with_era5,2025-09-09T01:00:00+00:00,latent_sar_max_wind_radii,Latent MLP · SAR · wind + radii,26.549229092068142,False,hourly mean,3
EP112025,Kiko (2025),with_era5,2025-09-09T02:00:00+00:00,latent_sar_max_wind_radii,Latent MLP · SAR · wind + radii,25.801620801289875,False,hourly mean,3
EP112025,Kiko (2025),with_era5,2025-09-09T03:00:00+00:00,latent_sar_max_wind_radii,Latent MLP · SAR · wind + radii,25.142863909403484,False,hourly mean,3
EP112025,Kiko (2025),with_era5,2025-09-09T04:00:00+00:00,latent_sar_max_wind_radii,Latent MLP · SAR · wind + radii,24.69194719526503,False,hourly mean,3
EP112025,Kiko (2025),with_era5,2025-09-09T05:00:00+00:00,latent_sar_max_wind_radii,Latent MLP · SAR · wind + radii,24.48169909583198,False,hourly mean,3
EP112025,Kiko (2025),with_era5,2025-09-09T06:00:00+00:00,latent_sar_max_wind_radii,Latent MLP · SAR · wind + radii,24.18294503953722,False,hourly mean,3
EP112025,Kiko (2025),with_era5,2025-09-09T07:00:00+00:00,latent_sar_max_wind_radii,Latent MLP · SAR · wind + radii,23.976529121398926,False,hourly mean,3
EP112025,Kiko (2025),with_era5,2025-09-09T08:00:00+00:00,latent_sar_max_wind_radii,Latent MLP · SAR · wind + radii,23.596487787034775,False,hourly mean,3
EP112025,Kiko (2025),with_era5,2025-09-09T09:00:00+00:00,latent_sar_max_wind_radii,Latent MLP · SAR · wind + radii,23.651389757792156,False,hourly mean,3
EP112025,Kiko (2025),with_era5,2025-09-09T10:00:00+00:00,latent_sar_max_wind_radii,Latent MLP · SAR · wind + radii,24.2433778974745,False,hourly mean,3
EP112025,Kiko (2025),with_era5,2025-09-09T11:00:00+00:00,latent_sar_max_wind_radii,Latent MLP · SAR · wind + radii,25.365825335184734,False,hourly mean,3
EP112025,Kiko (2025),with_era5,2025-09-09T12:00:00+00:00,latent_sar_max_wind_radii,Latent MLP · SAR · wind + radii,26.50139342414008,False,hourly mean,3
EP112025,Kiko (2025),with_era5,2025-09-09T13:00:00+00:00,latent_sar_max_wind_radii,Latent MLP · SAR · wind + radii,27.39677831861708,False,hourly mean,3
EP112025,Kiko (2025),with_era5,2025-09-09T14:00:00+00:00,latent_sar_max_wind_radii,Latent MLP · SAR · wind + radii,26.69721433851454,False,hourly mean,3
EP112025,Kiko (2025),with_era5,2025-09-09T15:00:00+00:00,latent_sar_max_wind_radii,Latent MLP · SAR · wind + radii,26.066505538092716,False,hourly mean,3
EP112025,Kiko (2025),with_era5,2025-09-09T16:00:00+00:00,latent_sar_max_wind_radii,Latent MLP · SAR · wind + radii,25.57251273261176,False,hourly mean,3
EP112025,Kiko (2025),with_era5,2025-09-09T17:00:00+00:00,latent_sar_max_wind_radii,Latent MLP · SAR · wind + radii,26.737790955437557,False,hourly mean,3
EP112025,Kiko (2025),with_era5,2025-09-09T18:00:00+00:00,latent_sar_max_wind_radii,Latent MLP · SAR · wind + radii,27.736629698011612,False,hourly mean,3
EP112025,Kiko (2025),with_era5,2025-09-09T19:00:00+00:00,latent_sar_max_wind_radii,Latent MLP · SAR · wind + radii,28.32434696621365,False,hourly mean,3
EP112025,Kiko (2025),with_era5,2025-09-09T20:00:00+00:00,latent_sar_max_wind_radii,Latent MLP · SAR · wind + radii,26.451171769036183,False,hourly mean,3
EP112025,Kiko (2025),with_era5,2025-09-09T21:00:00+00:00,latent_sar_max_wind_radii,Latent MLP · SAR · wind + radii,24.193771786159942,False,hourly mean,3
EP112025,Kiko (2025),with_era5,2025-09-09T22:00:00+00:00,latent_sar_max_wind_radii,Latent MLP · SAR · wind + radii,21.79220814175076,False,hourly mean,3
EP112025,Kiko (2025),with_era5,2025-09-09T23:00:00+00:00,latent_sar_max_wind_radii,Latent MLP · SAR · wind + radii,21.356658299763996,False,hourly mean,3
EP112025,Kiko (2025),with_era5,2025-09-10T00:00:00+00:00,latent_sar_max_wind_radii,Latent MLP · SAR · wind + radii,20.941374990675186,False,hourly mean,3
EP112025,Kiko (2025),with_era5,2025-09-10T01:00:00+00:00,latent_sar_max_wind_radii,Latent MLP · SAR · wind + radii,20.669408374362522,False,hourly mean,3
EP112025,Kiko (2025),with_era5,2025-09-10T02:00:00+00:00,latent_sar_max_wind_radii,Latent MLP · SAR · wind + radii,20.604698181152344,False,hourly mean,3
EP112025,Kiko (2025),with_era5,2025-09-10T03:00:00+00:00,latent_sar_max_wind_radii,Latent MLP · SAR · wind + radii,20.54179403516981,False,hourly mean,3
EP112025,Kiko (2025),with_era5,2025-09-10T04:00:00+00:00,latent_sar_max_wind_radii,Latent MLP · SAR · wind + radii,20.366263389587402,False,hourly mean,3
EP112025,Kiko (2025),with_era5,2025-09-10T05:00:00+00:00,latent_sar_max_wind_radii,Latent MLP · SAR · wind + radii,20.092121971978084,False,hourly mean,3
EP112025,Kiko (2025),with_era5,2025-09-10T06:00:00+00:00,latent_sar_max_wind_radii,Latent MLP · SAR · wind + radii,19.901124106513134,False,hourly mean,3
EP112025,Kiko (2025),with_era5,2025-09-10T07:00:00+00:00,latent_sar_max_wind_radii,Latent MLP · SAR · wind + radii,19.786102634006074,False,hourly mean,3
EP112025,Kiko (2025),with_era5,2025-09-10T08:00:00+00:00,latent_sar_max_wind_radii,Latent MLP · SAR · wind + radii,19.844731987847222,False,hourly mean,3
EP112025,Kiko (2025),with_era5,2025-09-10T09:00:00+00:00,latent_sar_max_wind_radii,Latent MLP · SAR · wind + radii,19.951131100124783,False,hourly mean,3
EP112025,Kiko (2025),with_era5,2025-09-10T10:00:00+00:00,latent_sar_max_wind_radii,Latent MLP · SAR · wind + radii,20.080180803934734,False,hourly mean,3
EP112025,Kiko (2025),with_era5,2025-09-10T11:00:00+00:00,latent_sar_max_wind_radii,Latent MLP · SAR · wind + radii,20.0828308529324,False,hourly mean,3
EP112025,Kiko (2025),with_era5,2025-09-10T12:00:00+00:00,latent_sar_max_wind_radii,Latent MLP · SAR · wind + radii,20.07247903611925,False,hourly mean,3
EP112025,Kiko (2025),with_era5,2025-09-10T13:00:00+00:00,latent_sar_max_wind_radii,Latent MLP · SAR · wind + radii,20.071567641364204,False,hourly mean,3
EP112025,Kiko (2025),with_era5,2025-09-10T14:00:00+00:00,latent_sar_max_wind_radii,Latent MLP · SAR · wind + radii,20.16603183746338,False,hourly mean,3
EP112025,Kiko (2025),with_era5,2025-09-10T15:00:00+00:00,latent_sar_max_wind_radii,Latent MLP · SAR · wind + radii,20.40237299601237,False,hourly mean,3
EP112025,Kiko (2025),with_era5,2025-09-10T16:00:00+00:00,latent_sar_max_wind_radii,Latent MLP · SAR · wind + radii,20.803408198886448,False,hourly mean,3
EP112025,Kiko (2025),with_era5,2025-09-10T17:00:00+00:00,latent_sar_max_wind_radii,Latent MLP · SAR · wind + radii,21.239434878031414,False,hourly mean,3
EP112025,Kiko (2025),with_era5,2025-09-10T18:00:00+00:00,latent_sar_max_wind_radii,Latent MLP · SAR · wind + radii,21.56070052252875,False,hourly mean,3
EP112025,Kiko (2025),with_era5,2025-09-10T19:00:00+00:00,latent_sar_max_wind_radii,Latent MLP · SAR · wind + radii,21.58807044559055,False,hourly mean,3
EP112025,Kiko (2025),with_era5,2025-09-10T20:00:00+00:00,latent_sar_max_wind_radii,Latent MLP · SAR · wind + radii,21.528425852457683,False,hourly mean,3
EP112025,Kiko (2025),with_era5,2025-09-10T21:00:00+00:00,latent_sar_max_wind_radii,Latent MLP · SAR · wind + radii,21.661928918626575,False,hourly mean,3
EP112025,Kiko (2025),with_era5,2025-09-10T22:00:00+00:00,latent_sar_max_wind_radii,Latent MLP · SAR · wind + radii,22.290831353929306,False,hourly mean,3
EP112025,Kiko (2025),with_era5,2025-09-10T23:00:00+00:00,latent_sar_max_wind_radii,Latent MLP · SAR · wind + radii,22.694551467895508,False,hourly mean,3
EP112025,Kiko (2025),with_era5,2025-08-31T00:00:00+00:00,latent_no_sar_max_wind,Latent MLP · no SAR · wind only,19.8549214998881,False,hourly mean,3
EP112025,Kiko (2025),with_era5,2025-08-31T01:00:00+00:00,latent_no_sar_max_wind,Latent MLP · no SAR · wind only,20.26642110612657,False,hourly mean,3
EP112025,Kiko (2025),with_era5,2025-08-31T02:00:00+00:00,latent_no_sar_max_wind,Latent MLP · no SAR · wind only,20.950437121921116,False,hourly mean,3
EP112025,Kiko (2025),with_era5,2025-08-31T03:00:00+00:00,latent_no_sar_max_wind,Latent MLP · no SAR · wind only,21.537224663628468,False,hourly mean,3
EP112025,Kiko (2025),with_era5,2025-08-31T04:00:00+00:00,latent_no_sar_max_wind,Latent MLP · no SAR · wind only,22.161685201856823,False,hourly mean,3
EP112025,Kiko (2025),with_era5,2025-08-31T05:00:00+00:00,latent_no_sar_max_wind,Latent MLP · no SAR · wind only,22.65543100568983,False,hourly mean,3
EP112025,Kiko (2025),with_era5,2025-08-31T06:00:00+00:00,latent_no_sar_max_wind,Latent MLP · no SAR · wind only,22.765572653876415,False,hourly mean,3
EP112025,Kiko (2025),with_era5,2025-08-31T07:00:00+00:00,latent_no_sar_max_wind,Latent MLP · no SAR · wind only,22.73323853810628,False,hourly mean,3
EP112025,Kiko (2025),with_era5,2025-08-31T08:00:00+00:00,latent_no_sar_max_wind,Latent MLP · no SAR · wind only,22.72623496585422,False,hourly mean,3
EP112025,Kiko (2025),with_era5,2025-08-31T09:00:00+00:00,latent_no_sar_max_wind,Latent MLP · no SAR · wind only,22.879488839043514,False,hourly mean,3
EP112025,Kiko (2025),with_era5,2025-08-31T10:00:00+00:00,latent_no_sar_max_wind,Latent MLP · no SAR · wind only,22.795372433132595,False,hourly mean,3
EP112025,Kiko (2025),with_era5,2025-08-31T11:00:00+00:00,latent_no_sar_max_wind,Latent MLP · no SAR · wind only,22.87511698404948,False,hourly mean,3
EP112025,Kiko (2025),with_era5,2025-08-31T12:00:00+00:00,latent_no_sar_max_wind,Latent MLP · no SAR · wind only,23.13773314158122,False,hourly mean,3
EP112025,Kiko (2025),with_era5,2025-08-31T13:00:00+00:00,latent_no_sar_max_wind,Latent MLP · no SAR · wind only,23.261836687723797,False,hourly mean,3
EP112025,Kiko (2025),with_era5,2025-08-31T14:00:00+00:00,latent_no_sar_max_wind,Latent MLP · no SAR · wind only,23.24408467610677,False,hourly mean,3
EP112025,Kiko (2025),with_era5,2025-08-31T15:00:00+00:00,latent_no_sar_max_wind,Latent MLP · no SAR · wind only,23.984692573547363,False,hourly mean,3
EP112025,Kiko (2025),with_era5,2025-08-31T16:00:00+00:00,latent_no_sar_max_wind,Latent MLP · no SAR · wind only,26.0860497156779,False,hourly mean,3
EP112025,Kiko (2025),with_era5,2025-08-31T17:00:00+00:00,latent_no_sar_max_wind,Latent MLP · no SAR · wind only,27.869741757710774,False,hourly mean,3
EP112025,Kiko (2025),with_era5,2025-08-31T18:00:00+00:00,latent_no_sar_max_wind,Latent MLP · no SAR · wind only,28.710785124037,False,hourly mean,3
EP112025,Kiko (2025),with_era5,2025-08-31T19:00:00+00:00,latent_no_sar_max_wind,Latent MLP · no SAR · wind only,28.087219344245067,False,hourly mean,3
EP112025,Kiko (2025),with_era5,2025-08-31T20:00:00+00:00,latent_no_sar_max_wind,Latent MLP · no SAR · wind only,26.965543640984425,False,hourly mean,3
EP112025,Kiko (2025),with_era5,2025-08-31T21:00:00+00:00,latent_no_sar_max_wind,Latent MLP · no SAR · wind only,25.41316646999783,False,hourly mean,3
EP112025,Kiko (2025),with_era5,2025-08-31T22:00:00+00:00,latent_no_sar_max_wind,Latent MLP · no SAR · wind only,24.187852435641815,False,hourly mean,3
EP112025,Kiko (2025),with_era5,2025-08-31T23:00:00+00:00,latent_no_sar_max_wind,Latent MLP · no SAR · wind only,24.09420346154107,False,hourly mean,3
EP112025,Kiko (2025),with_era5,2025-09-01T00:00:00+00:00,latent_no_sar_max_wind,Latent MLP · no SAR · wind only,24.344598282708063,False,hourly mean,3
EP112025,Kiko (2025),with_era5,2025-09-01T01:00:00+00:00,latent_no_sar_max_wind,Latent MLP · no SAR · wind only,26.095019594828287,False,hourly mean,3
EP112025,Kiko (2025),with_era5,2025-09-01T02:00:00+00:00,latent_no_sar_max_wind,Latent MLP · no SAR · wind only,27.811733669704864,False,hourly mean,3
EP112025,Kiko (2025),with_era5,2025-09-01T03:00:00+00:00,latent_no_sar_max_wind,Latent MLP · no SAR · wind only,29.100018713209366,False,hourly mean,3
EP112025,Kiko (2025),with_era5,2025-09-01T04:00:00+00:00,latent_no_sar_max_wind,Latent MLP · no SAR · wind only,29.36504957411024,False,hourly mean,3
EP112025,Kiko (2025),with_era5,2025-09-01T05:00:00+00:00,latent_no_sar_max_wind,Latent MLP · no SAR · wind only,30.19382084740533,False,hourly mean,3
EP112025,Kiko (2025),with_era5,2025-09-01T06:00:00+00:00,latent_no_sar_max_wind,Latent MLP · no SAR · wind only,31.28054926130507,False,hourly mean,3
EP112025,Kiko (2025),with_era5,2025-09-01T07:00:00+00:00,latent_no_sar_max_wind,Latent MLP · no SAR · wind only,30.80231613583035,False,hourly mean,3
EP112025,Kiko (2025),with_era5,2025-09-01T08:00:00+00:00,latent_no_sar_max_wind,Latent MLP · no SAR · wind only,30.475997394985622,False,hourly mean,3
EP112025,Kiko (2025),with_era5,2025-09-01T09:00:00+00:00,latent_no_sar_max_wind,Latent MLP · no SAR · wind only,31.437517166137695,False,hourly mean,3
EP112025,Kiko (2025),with_era5,2025-09-01T10:00:00+00:00,latent_no_sar_max_wind,Latent MLP · no SAR · wind only,33.063903172810875,False,hourly mean,3
EP112025,Kiko (2025),with_era5,2025-09-01T11:00:00+00:00,latent_no_sar_max_wind,Latent MLP · no SAR · wind only,32.618494563632545,False,hourly mean,3
EP112025,Kiko (2025),with_era5,2025-09-01T12:00:00+00:00,latent_no_sar_max_wind,Latent MLP · no SAR · wind only,30.802509307861328,False,hourly mean,3
EP112025,Kiko (2025),with_era5,2025-09-01T13:00:00+00:00,latent_no_sar_max_wind,Latent MLP · no SAR · wind only,29.3920889960395,False,hourly mean,3
EP112025,Kiko (2025),with_era5,2025-09-01T14:00:00+00:00,latent_no_sar_max_wind,Latent MLP · no SAR · wind only,28.973479482862686,False,hourly mean,3
EP112025,Kiko (2025),with_era5,2025-09-01T15:00:00+00:00,latent_no_sar_max_wind,Latent MLP · no SAR · wind only,28.256278461880154,False,hourly mean,3
EP112025,Kiko (2025),with_era5,2025-09-01T16:00:00+00:00,latent_no_sar_max_wind,Latent MLP · no SAR · wind only,26.511930359734425,False,hourly mean,3
EP112025,Kiko (2025),with_era5,2025-09-01T17:00:00+00:00,latent_no_sar_max_wind,Latent MLP · no SAR · wind only,24.957716517978245,False,hourly mean,3
EP112025,Kiko (2025),with_era5,2025-09-01T18:00:00+00:00,latent_no_sar_max_wind,Latent MLP · no SAR · wind only,22.81251398722331,False,hourly mean,3
EP112025,Kiko (2025),with_era5,2025-09-01T19:00:00+00:00,latent_no_sar_max_wind,Latent MLP · no SAR · wind only,21.541471375359432,False,hourly mean,3
EP112025,Kiko (2025),with_era5,2025-09-01T20:00:00+00:00,latent_no_sar_max_wind,Latent MLP · no SAR · wind only,20.57059012518989,False,hourly mean,3
EP112025,Kiko (2025),with_era5,2025-09-01T21:00:00+00:00,latent_no_sar_max_wind,Latent MLP · no SAR · wind only,21.38145383199056,False,hourly mean,3
EP112025,Kiko (2025),with_era5,2025-09-01T22:00:00+00:00,latent_no_sar_max_wind,Latent MLP · no SAR · wind only,22.462474081251354,False,hourly mean,3
EP112025,Kiko (2025),with_era5,2025-09-01T23:00:00+00:00,latent_no_sar_max_wind,Latent MLP · no SAR · wind only,23.212876425849064,False,hourly mean,3
EP112025,Kiko (2025),with_era5,2025-09-02T00:00:00+00:00,latent_no_sar_max_wind,Latent MLP · no SAR · wind only,25.23006206088596,False,hourly mean,3
EP112025,Kiko (2025),with_era5,2025-09-02T01:00:00+00:00,latent_no_sar_max_wind,Latent MLP · no SAR · wind only,27.720796797010635,False,hourly mean,3
EP112025,Kiko (2025),with_era5,2025-09-02T02:00:00+00:00,latent_no_sar_max_wind,Latent MLP · no SAR · wind only,29.493183877733017,False,hourly mean,3
EP112025,Kiko (2025),with_era5,2025-09-02T03:00:00+00:00,latent_no_sar_max_wind,Latent MLP · no SAR · wind only,30.863100157843693,False,hourly mean,3
EP112025,Kiko (2025),with_era5,2025-09-02T04:00:00+00:00,latent_no_sar_max_wind,Latent MLP · no SAR · wind only,33.08992841508654,False,hourly mean,3
EP112025,Kiko (2025),with_era5,2025-09-02T05:00:00+00:00,latent_no_sar_max_wind,Latent MLP · no SAR · wind only,37.06487803988987,False,hourly mean,3
EP112025,Kiko (2025),with_era5,2025-09-02T06:00:00+00:00,latent_no_sar_max_wind,Latent MLP · no SAR · wind only,39.399222479926216,False,hourly mean,3
EP112025,Kiko (2025),with_era5,2025-09-02T07:00:00+00:00,latent_no_sar_max_wind,Latent MLP · no SAR · wind only,39.15329954359266,False,hourly mean,3
EP112025,Kiko (2025),with_era5,2025-09-02T08:00:00+00:00,latent_no_sar_max_wind,Latent MLP · no SAR · wind only,37.099896325005425,False,hourly mean,3
EP112025,Kiko (2025),with_era5,2025-09-02T09:00:00+00:00,latent_no_sar_max_wind,Latent MLP · no SAR · wind only,37.042610168457024,False,hourly mean,3
EP112025,Kiko (2025),with_era5,2025-09-02T10:00:00+00:00,latent_no_sar_max_wind,Latent MLP · no SAR · wind only,38.88217247856988,False,hourly mean,3
EP112025,Kiko (2025),with_era5,2025-09-02T11:00:00+00:00,latent_no_sar_max_wind,Latent MLP · no SAR · wind only,38.54907523261176,False,hourly mean,3
EP112025,Kiko (2025),with_era5,2025-09-02T12:00:00+00:00,latent_no_sar_max_wind,Latent MLP · no SAR · wind only,34.39623430040148,False,hourly mean,3
EP112025,Kiko (2025),with_era5,2025-09-02T13:00:00+00:00,latent_no_sar_max_wind,Latent MLP · no SAR · wind only,29.214632458157013,False,hourly mean,3
EP112025,Kiko (2025),with_era5,2025-09-02T14:00:00+00:00,latent_no_sar_max_wind,Latent MLP · no SAR · wind only,27.72038894229465,False,hourly mean,3
EP112025,Kiko (2025),with_era5,2025-09-02T15:00:00+00:00,latent_no_sar_max_wind,Latent MLP · no SAR · wind only,28.03080442216661,False,hourly mean,3
EP112025,Kiko (2025),with_era5,2025-09-02T16:00:00+00:00,latent_no_sar_max_wind,Latent MLP · no SAR · wind only,28.83828396267361,False,hourly mean,3
EP112025,Kiko (2025),with_era5,2025-09-02T17:00:00+00:00,latent_no_sar_max_wind,Latent MLP · no SAR · wind only,29.899569617377384,False,hourly mean,3
EP112025,Kiko (2025),with_era5,2025-09-02T18:00:00+00:00,latent_no_sar_max_wind,Latent MLP · no SAR · wind only,29.589934560987686,False,hourly mean,3
EP112025,Kiko (2025),with_era5,2025-09-02T19:00:00+00:00,latent_no_sar_max_wind,Latent MLP · no SAR · wind only,29.511669688754612,False,hourly mean,3
EP112025,Kiko (2025),with_era5,2025-09-02T20:00:00+00:00,latent_no_sar_max_wind,Latent MLP · no SAR · wind only,26.379064983791775,False,hourly mean,3
EP112025,Kiko (2025),with_era5,2025-09-02T21:00:00+00:00,latent_no_sar_max_wind,Latent MLP · no SAR · wind only,25.200554635789658,True,hourly mean,3
EP112025,Kiko (2025),with_era5,2025-09-02T22:00:00+00:00,latent_no_sar_max_wind,Latent MLP · no SAR · wind only,24.68098809983995,True,hourly mean,3
EP112025,Kiko (2025),with_era5,2025-09-02T23:00:00+00:00,latent_no_sar_max_wind,Latent MLP · no SAR · wind only,28.37577735053169,True,hourly mean,3
EP112025,Kiko (2025),with_era5,2025-09-03T00:00:00+00:00,latent_no_sar_max_wind,Latent MLP · no SAR · wind only,34.46662033928765,True,hourly mean,3
EP112025,Kiko (2025),with_era5,2025-09-03T01:00:00+00:00,latent_no_sar_max_wind,Latent MLP · no SAR · wind only,38.745239681667755,True,hourly mean,3
EP112025,Kiko (2025),with_era5,2025-09-03T02:00:00+00:00,latent_no_sar_max_wind,Latent MLP · no SAR · wind only,41.71168920728895,True,hourly mean,3
EP112025,Kiko (2025),with_era5,2025-09-03T03:00:00+00:00,latent_no_sar_max_wind,Latent MLP · no SAR · wind only,42.47479163275825,False,hourly mean,3
EP112025,Kiko (2025),with_era5,2025-09-03T04:00:00+00:00,latent_no_sar_max_wind,Latent MLP · no SAR · wind only,43.35807461208767,False,hourly mean,3
EP112025,Kiko (2025),with_era5,2025-09-03T05:00:00+00:00,latent_no_sar_max_wind,Latent MLP · no SAR · wind only,42.01241789923774,False,hourly mean,3
EP112025,Kiko (2025),with_era5,2025-09-03T06:00:00+00:00,latent_no_sar_max_wind,Latent MLP · no SAR · wind only,40.080315272013344,False,hourly mean,3
EP112025,Kiko (2025),with_era5,2025-09-03T07:00:00+00:00,latent_no_sar_max_wind,Latent MLP · no SAR · wind only,37.194668240017364,False,hourly mean,3
EP112025,Kiko (2025),with_era5,2025-09-03T08:00:00+00:00,latent_no_sar_max_wind,Latent MLP · no SAR · wind only,40.2729975382487,False,hourly mean,3
EP112025,Kiko (2025),with_era5,2025-09-03T09:00:00+00:00,latent_no_sar_max_wind,Latent MLP · no SAR · wind only,41.36689122517904,False,hourly mean,3
EP112025,Kiko (2025),with_era5,2025-09-03T10:00:00+00:00,latent_no_sar_max_wind,Latent MLP · no SAR · wind only,43.10830052693685,False,hourly mean,3
EP112025,Kiko (2025),with_era5,2025-09-03T11:00:00+00:00,latent_no_sar_max_wind,Latent MLP · no SAR · wind only,41.02638350592719,False,hourly mean,3
EP112025,Kiko (2025),with_era5,2025-09-03T12:00:00+00:00,latent_no_sar_max_wind,Latent MLP · no SAR · wind only,41.68620681762695,False,hourly mean,3
EP112025,Kiko (2025),with_era5,2025-09-03T13:00:00+00:00,latent_no_sar_max_wind,Latent MLP · no SAR · wind only,44.85459793938531,False,hourly mean,3
EP112025,Kiko (2025),with_era5,2025-09-03T14:00:00+00:00,latent_no_sar_max_wind,Latent MLP · no SAR · wind only,47.60987154642741,False,hourly mean,3
EP112025,Kiko (2025),with_era5,2025-09-03T15:00:00+00:00,latent_no_sar_max_wind,Latent MLP · no SAR · wind only,47.82437960306803,False,hourly mean,3
EP112025,Kiko (2025),with_era5,2025-09-03T16:00:00+00:00,latent_no_sar_max_wind,Latent MLP · no SAR · wind only,45.562635633680564,False,hourly mean,3
EP112025,Kiko (2025),with_era5,2025-09-03T17:00:00+00:00,latent_no_sar_max_wind,Latent MLP · no SAR · wind only,43.586753845214844,False,hourly mean,3
EP112025,Kiko (2025),with_era5,2025-09-03T18:00:00+00:00,latent_no_sar_max_wind,Latent MLP · no SAR · wind only,42.786813312106666,True,hourly mean,3
EP112025,Kiko (2025),with_era5,2025-09-03T19:00:00+00:00,latent_no_sar_max_wind,Latent MLP · no SAR · wind only,38.88810910118951,True,hourly mean,3
EP112025,Kiko (2025),with_era5,2025-09-03T20:00:00+00:00,latent_no_sar_max_wind,Latent MLP · no SAR · wind only,33.405093828837074,True,hourly mean,3
EP112025,Kiko (2025),with_era5,2025-09-03T21:00:00+00:00,latent_no_sar_max_wind,Latent MLP · no SAR · wind only,31.01467482248942,True,hourly mean,3
EP112025,Kiko (2025),with_era5,2025-09-03T22:00:00+00:00,latent_no_sar_max_wind,Latent MLP · no SAR · wind only,35.209812800089516,True,hourly mean,3
EP112025,Kiko (2025),with_era5,2025-09-03T23:00:00+00:00,latent_no_sar_max_wind,Latent MLP · no SAR · wind only,42.128584967719185,True,hourly mean,3
EP112025,Kiko (2025),with_era5,2025-09-04T00:00:00+00:00,latent_no_sar_max_wind,Latent MLP · no SAR · wind only,47.94815593295627,True,hourly mean,3
EP112025,Kiko (2025),with_era5,2025-09-04T01:00:00+00:00,latent_no_sar_max_wind,Latent MLP · no SAR · wind only,52.05884997049967,True,hourly mean,3
EP112025,Kiko (2025),with_era5,2025-09-04T02:00:00+00:00,latent_no_sar_max_wind,Latent MLP · no SAR · wind only,53.38383589850532,True,hourly mean,3
EP112025,Kiko (2025),with_era5,2025-09-04T03:00:00+00:00,latent_no_sar_max_wind,Latent MLP · no SAR · wind only,53.0146950615777,True,hourly mean,3
EP112025,Kiko (2025),with_era5,2025-09-04T04:00:00+00:00,latent_no_sar_max_wind,Latent MLP · no SAR · wind only,50.24214426676432,True,hourly mean,3
EP112025,Kiko (2025),with_era5,2025-09-04T05:00:00+00:00,latent_no_sar_max_wind,Latent MLP · no SAR · wind only,46.556986067030174,True,hourly mean,3
EP112025,Kiko (2025),with_era5,2025-09-04T06:00:00+00:00,latent_no_sar_max_wind,Latent MLP · no SAR · wind only,42.99944326612684,True,hourly mean,3
EP112025,Kiko (2025),with_era5,2025-09-04T07:00:00+00:00,latent_no_sar_max_wind,Latent MLP · no SAR · wind only,40.16708162095812,True,hourly mean,3
EP112025,Kiko (2025),with_era5,2025-09-04T08:00:00+00:00,latent_no_sar_max_wind,Latent MLP · no SAR · wind only,39.216068267822266,True,hourly mean,3
EP112025,Kiko (2025),with_era5,2025-09-04T09:00:00+00:00,latent_no_sar_max_wind,Latent MLP · no SAR · wind only,38.75383377075195,False,hourly mean,3
EP112025,Kiko (2025),with_era5,2025-09-04T10:00:00+00:00,latent_no_sar_max_wind,Latent MLP · no SAR · wind only,40.68795288933648,False,hourly mean,3
EP112025,Kiko (2025),with_era5,2025-09-04T11:00:00+00:00,latent_no_sar_max_wind,Latent MLP · no SAR · wind only,43.74745602077908,False,hourly mean,3
EP112025,Kiko (2025),with_era5,2025-09-04T12:00:00+00:00,latent_no_sar_max_wind,Latent MLP · no SAR · wind only,45.644716474745,False,hourly mean,3
EP112025,Kiko (2025),with_era5,2025-09-04T13:00:00+00:00,latent_no_sar_max_wind,Latent MLP · no SAR · wind only,49.099883821275505,False,hourly mean,3
EP112025,Kiko (2025),with_era5,2025-09-04T14:00:00+00:00,latent_no_sar_max_wind,Latent MLP · no SAR · wind only,52.22286160786947,False,hourly mean,3
EP112025,Kiko (2025),with_era5,2025-09-04T15:00:00+00:00,latent_no_sar_max_wind,Latent MLP · no SAR · wind only,55.72637367248535,False,hourly mean,3
EP112025,Kiko (2025),with_era5,2025-09-04T16:00:00+00:00,latent_no_sar_max_wind,Latent MLP · no SAR · wind only,55.157320446438256,False,hourly mean,3
EP112025,Kiko (2025),with_era5,2025-09-04T17:00:00+00:00,latent_no_sar_max_wind,Latent MLP · no SAR · wind only,51.3467091984219,False,hourly mean,3
EP112025,Kiko (2025),with_era5,2025-09-04T18:00:00+00:00,latent_no_sar_max_wind,Latent MLP · no SAR · wind only,46.68062490887112,False,hourly mean,3
EP112025,Kiko (2025),with_era5,2025-09-04T19:00:00+00:00,latent_no_sar_max_wind,Latent MLP · no SAR · wind only,40.888509591420494,False,hourly mean,3
EP112025,Kiko (2025),with_era5,2025-09-04T20:00:00+00:00,latent_no_sar_max_wind,Latent MLP · no SAR · wind only,37.63457669152154,False,hourly mean,3
EP112025,Kiko (2025),with_era5,2025-09-04T21:00:00+00:00,latent_no_sar_max_wind,Latent MLP · no SAR · wind only,36.45067564646403,False,hourly mean,3
EP112025,Kiko (2025),with_era5,2025-09-04T22:00:00+00:00,latent_no_sar_max_wind,Latent MLP · no SAR · wind only,37.29427666134304,False,hourly mean,3
EP112025,Kiko (2025),with_era5,2025-09-04T23:00:00+00:00,latent_no_sar_max_wind,Latent MLP · no SAR · wind only,38.5033925374349,False,hourly mean,3
EP112025,Kiko (2025),with_era5,2025-09-05T00:00:00+00:00,latent_no_sar_max_wind,Latent MLP · no SAR · wind only,39.3176629808214,False,hourly mean,3
EP112025,Kiko (2025),with_era5,2025-09-05T01:00:00+00:00,latent_no_sar_max_wind,Latent MLP · no SAR · wind only,40.40802892049154,False,hourly mean,3
EP112025,Kiko (2025),with_era5,2025-09-05T02:00:00+00:00,latent_no_sar_max_wind,Latent MLP · no SAR · wind only,40.90343475341797,False,hourly mean,3
EP112025,Kiko (2025),with_era5,2025-09-05T03:00:00+00:00,latent_no_sar_max_wind,Latent MLP · no SAR · wind only,40.37721379597982,False,hourly mean,3
EP112025,Kiko (2025),with_era5,2025-09-05T04:00:00+00:00,latent_no_sar_max_wind,Latent MLP · no SAR · wind only,38.64970482720269,False,hourly mean,3
EP112025,Kiko (2025),with_era5,2025-09-05T05:00:00+00:00,latent_no_sar_max_wind,Latent MLP · no SAR · wind only,34.96283043755425,False,hourly mean,3
EP112025,Kiko (2025),with_era5,2025-09-05T06:00:00+00:00,latent_no_sar_max_wind,Latent MLP · no SAR · wind only,31.519367853800457,False,hourly mean,3
EP112025,Kiko (2025),with_era5,2025-09-05T07:00:00+00:00,latent_no_sar_max_wind,Latent MLP · no SAR · wind only,30.399589326646595,False,hourly mean,3
EP112025,Kiko (2025),with_era5,2025-09-05T08:00:00+00:00,latent_no_sar_max_wind,Latent MLP · no SAR · wind only,31.466348436143665,False,hourly mean,3
EP112025,Kiko (2025),with_era5,2025-09-05T09:00:00+00:00,latent_no_sar_max_wind,Latent MLP · no SAR · wind only,34.36583964029948,False,hourly mean,3
EP112025,Kiko (2025),with_era5,2025-09-05T10:00:00+00:00,latent_no_sar_max_wind,Latent MLP · no SAR · wind only,35.95530213250054,False,hourly mean,3
EP112025,Kiko (2025),with_era5,2025-09-05T11:00:00+00:00,latent_no_sar_max_wind,Latent MLP · no SAR · wind only,36.804391860961914,False,hourly mean,3
EP112025,Kiko (2025),with_era5,2025-09-05T12:00:00+00:00,latent_no_sar_max_wind,Latent MLP · no SAR · wind only,38.05224015977647,False,hourly mean,3
EP112025,Kiko (2025),with_era5,2025-09-05T13:00:00+00:00,latent_no_sar_max_wind,Latent MLP · no SAR · wind only,40.67367829216851,False,hourly mean,3
EP112025,Kiko (2025),with_era5,2025-09-05T14:00:00+00:00,latent_no_sar_max_wind,Latent MLP · no SAR · wind only,39.28270202212864,False,hourly mean,3
EP112025,Kiko (2025),with_era5,2025-09-05T15:00:00+00:00,latent_no_sar_max_wind,Latent MLP · no SAR · wind only,36.52500216166178,False,hourly mean,3
EP112025,Kiko (2025),with_era5,2025-09-05T16:00:00+00:00,latent_no_sar_max_wind,Latent MLP · no SAR · wind only,31.883800612555614,False,hourly mean,3
EP112025,Kiko (2025),with_era5,2025-09-05T17:00:00+00:00,latent_no_sar_max_wind,Latent MLP · no SAR · wind only,30.985512415568035,False,hourly mean,3
EP112025,Kiko (2025),with_era5,2025-09-05T18:00:00+00:00,latent_no_sar_max_wind,Latent MLP · no SAR · wind only,29.935510211520725,False,hourly mean,3
EP112025,Kiko (2025),with_era5,2025-09-05T19:00:00+00:00,latent_no_sar_max_wind,Latent MLP · no SAR · wind only,27.172114372253418,False,hourly mean,3
EP112025,Kiko (2025),with_era5,2025-09-05T20:00:00+00:00,latent_no_sar_max_wind,Latent MLP · no SAR · wind only,24.1655183368259,False,hourly mean,3
EP112025,Kiko (2025),with_era5,2025-09-05T21:00:00+00:00,latent_no_sar_max_wind,Latent MLP · no SAR · wind only,21.40093633863661,False,hourly mean,3
EP112025,Kiko (2025),with_era5,2025-09-05T22:00:00+00:00,latent_no_sar_max_wind,Latent MLP · no SAR · wind only,21.54385556115044,False,hourly mean,3
EP112025,Kiko (2025),with_era5,2025-09-05T23:00:00+00:00,latent_no_sar_max_wind,Latent MLP · no SAR · wind only,23.502239651150173,False,hourly mean,3
EP112025,Kiko (2025),with_era5,2025-09-06T00:00:00+00:00,latent_no_sar_max_wind,Latent MLP · no SAR · wind only,27.632439295450848,False,hourly mean,3
EP112025,Kiko (2025),with_era5,2025-09-06T01:00:00+00:00,latent_no_sar_max_wind,Latent MLP · no SAR · wind only,33.94180096520318,False,hourly mean,3
EP112025,Kiko (2025),with_era5,2025-09-06T02:00:00+00:00,latent_no_sar_max_wind,Latent MLP · no SAR · wind only,43.57277827792697,False,hourly mean,3
EP112025,Kiko (2025),with_era5,2025-09-06T03:00:00+00:00,latent_no_sar_max_wind,Latent MLP · no SAR · wind only,50.15985319349502,False,hourly mean,3
EP112025,Kiko (2025),with_era5,2025-09-06T04:00:00+00:00,latent_no_sar_max_wind,Latent MLP · no SAR · wind only,54.05879232618545,False,hourly mean,3
EP112025,Kiko (2025),with_era5,2025-09-06T05:00:00+00:00,latent_no_sar_max_wind,Latent MLP · no SAR · wind only,55.56342442830404,False,hourly mean,3
EP112025,Kiko (2025),with_era5,2025-09-06T06:00:00+00:00,latent_no_sar_max_wind,Latent MLP · no SAR · wind only,58.39042557610406,False,hourly mean,3
EP112025,Kiko (2025),with_era5,2025-09-06T07:00:00+00:00,latent_no_sar_max_wind,Latent MLP · no SAR · wind only,60.88687176174588,False,hourly mean,3
EP112025,Kiko (2025),with_era5,2025-09-06T08:00:00+00:00,latent_no_sar_max_wind,Latent MLP · no SAR · wind only,60.847304026285805,False,hourly mean,3
EP112025,Kiko (2025),with_era5,2025-09-06T09:00:00+00:00,latent_no_sar_max_wind,Latent MLP · no SAR · wind only,59.74407933553061,False,hourly mean,3
EP112025,Kiko (2025),with_era5,2025-09-06T10:00:00+00:00,latent_no_sar_max_wind,Latent MLP · no SAR · wind only,57.15473933749729,False,hourly mean,3
EP112025,Kiko (2025),with_era5,2025-09-06T11:00:00+00:00,latent_no_sar_max_wind,Latent MLP · no SAR · wind only,52.453523593478735,False,hourly mean,3
EP112025,Kiko (2025),with_era5,2025-09-06T12:00:00+00:00,latent_no_sar_max_wind,Latent MLP · no SAR · wind only,48.8887685139974,False,hourly mean,3
EP112025,Kiko (2025),with_era5,2025-09-06T13:00:00+00:00,latent_no_sar_max_wind,Latent MLP · no SAR · wind only,47.99945280287002,False,hourly mean,3
EP112025,Kiko (2025),with_era5,2025-09-06T14:00:00+00:00,latent_no_sar_max_wind,Latent MLP · no SAR · wind only,51.22339608934191,False,hourly mean,3
EP112025,Kiko (2025),with_era5,2025-09-06T15:00:00+00:00,latent_no_sar_max_wind,Latent MLP · no SAR · wind only,53.730442470974396,False,hourly mean,3
EP112025,Kiko (2025),with_era5,2025-09-06T16:00:00+00:00,latent_no_sar_max_wind,Latent MLP · no SAR · wind only,53.60606151156956,False,hourly mean,3
EP112025,Kiko (2025),with_era5,2025-09-06T17:00:00+00:00,latent_no_sar_max_wind,Latent MLP · no SAR · wind only,51.77117432488336,False,hourly mean,3
EP112025,Kiko (2025),with_era5,2025-09-06T18:00:00+00:00,latent_no_sar_max_wind,Latent MLP · no SAR · wind only,47.34652773539225,False,hourly mean,3
EP112025,Kiko (2025),with_era5,2025-09-06T19:00:00+00:00,latent_no_sar_max_wind,Latent MLP · no SAR · wind only,41.50029468536377,False,hourly mean,3
EP112025,Kiko (2025),with_era5,2025-09-06T20:00:00+00:00,latent_no_sar_max_wind,Latent MLP · no SAR · wind only,36.44442399342855,False,hourly mean,3
EP112025,Kiko (2025),with_era5,2025-09-06T21:00:00+00:00,latent_no_sar_max_wind,Latent MLP · no SAR · wind only,34.18428368038602,False,hourly mean,3
EP112025,Kiko (2025),with_era5,2025-09-06T22:00:00+00:00,latent_no_sar_max_wind,Latent MLP · no SAR · wind only,36.123530069986984,False,hourly mean,3
EP112025,Kiko (2025),with_era5,2025-09-06T23:00:00+00:00,latent_no_sar_max_wind,Latent MLP · no SAR · wind only,39.93522177802192,False,hourly mean,3
EP112025,Kiko (2025),with_era5,2025-09-07T00:00:00+00:00,latent_no_sar_max_wind,Latent MLP · no SAR · wind only,46.23057301839193,False,hourly mean,3
EP112025,Kiko (2025),with_era5,2025-09-07T01:00:00+00:00,latent_no_sar_max_wind,Latent MLP · no SAR · wind only,53.22450807359484,False,hourly mean,3
EP112025,Kiko (2025),with_era5,2025-09-07T02:00:00+00:00,latent_no_sar_max_wind,Latent MLP · no SAR · wind only,57.27520879109701,False,hourly mean,3
EP112025,Kiko (2025),with_era5,2025-09-07T03:00:00+00:00,latent_no_sar_max_wind,Latent MLP · no SAR · wind only,58.762904485066734,False,hourly mean,3
EP112025,Kiko (2025),with_era5,2025-09-07T04:00:00+00:00,latent_no_sar_max_wind,Latent MLP · no SAR · wind only,57.686116536458336,False,hourly mean,3
EP112025,Kiko (2025),with_era5,2025-09-07T05:00:00+00:00,latent_no_sar_max_wind,Latent MLP · no SAR · wind only,56.33445845709907,False,hourly mean,3
EP112025,Kiko (2025),with_era5,2025-09-07T06:00:00+00:00,latent_no_sar_max_wind,Latent MLP · no SAR · wind only,56.39502567715115,False,hourly mean,3
EP112025,Kiko (2025),with_era5,2025-09-07T07:00:00+00:00,latent_no_sar_max_wind,Latent MLP · no SAR · wind only,59.33203421698676,False,hourly mean,3
EP112025,Kiko (2025),with_era5,2025-09-07T08:00:00+00:00,latent_no_sar_max_wind,Latent MLP · no SAR · wind only,62.417023552788635,False,hourly mean,3
EP112025,Kiko (2025),with_era5,2025-09-07T09:00:00+00:00,latent_no_sar_max_wind,Latent MLP · no SAR · wind only,64.34795252482097,False,hourly mean,3
EP112025,Kiko (2025),with_era5,2025-09-07T10:00:00+00:00,latent_no_sar_max_wind,Latent MLP · no SAR · wind only,61.34506522284614,False,hourly mean,3
EP112025,Kiko (2025),with_era5,2025-09-07T11:00:00+00:00,latent_no_sar_max_wind,Latent MLP · no SAR · wind only,57.10307312011719,False,hourly mean,3
EP112025,Kiko (2025),with_era5,2025-09-07T12:00:00+00:00,latent_no_sar_max_wind,Latent MLP · no SAR · wind only,54.31560134887695,False,hourly mean,3
EP112025,Kiko (2025),with_era5,2025-09-07T13:00:00+00:00,latent_no_sar_max_wind,Latent MLP · no SAR · wind only,58.12388610839844,False,hourly mean,3
EP112025,Kiko (2025),with_era5,2025-09-07T14:00:00+00:00,latent_no_sar_max_wind,Latent MLP · no SAR · wind only,58.540440029568146,False,hourly mean,3
EP112025,Kiko (2025),with_era5,2025-09-07T15:00:00+00:00,latent_no_sar_max_wind,Latent MLP · no SAR · wind only,52.96441459655762,False,hourly mean,3
EP112025,Kiko (2025),with_era5,2025-09-07T16:00:00+00:00,latent_no_sar_max_wind,Latent MLP · no SAR · wind only,42.211239920722115,False,hourly mean,3
EP112025,Kiko (2025),with_era5,2025-09-07T17:00:00+00:00,latent_no_sar_max_wind,Latent MLP · no SAR · wind only,36.08114666408963,False,hourly mean,3
EP112025,Kiko (2025),with_era5,2025-09-07T18:00:00+00:00,latent_no_sar_max_wind,Latent MLP · no SAR · wind only,34.79753536648221,False,hourly mean,3
EP112025,Kiko (2025),with_era5,2025-09-07T19:00:00+00:00,latent_no_sar_max_wind,Latent MLP · no SAR · wind only,34.46591726938884,False,hourly mean,3
EP112025,Kiko (2025),with_era5,2025-09-07T20:00:00+00:00,latent_no_sar_max_wind,Latent MLP · no SAR · wind only,31.817969004313156,False,hourly mean,3
EP112025,Kiko (2025),with_era5,2025-09-07T21:00:00+00:00,latent_no_sar_max_wind,Latent MLP · no SAR · wind only,28.968905448913578,False,hourly mean,3
EP112025,Kiko (2025),with_era5,2025-09-07T22:00:00+00:00,latent_no_sar_max_wind,Latent MLP · no SAR · wind only,28.608434889051654,False,hourly mean,3
EP112025,Kiko (2025),with_era5,2025-09-07T23:00:00+00:00,latent_no_sar_max_wind,Latent MLP · no SAR · wind only,32.74896144866944,False,hourly mean,3
EP112025,Kiko (2025),with_era5,2025-09-08T00:00:00+00:00,latent_no_sar_max_wind,Latent MLP · no SAR · wind only,38.07339689466689,False,hourly mean,3
EP112025,Kiko (2025),with_era5,2025-09-08T01:00:00+00:00,latent_no_sar_max_wind,Latent MLP · no SAR · wind only,40.287512461344406,False,hourly mean,3
EP112025,Kiko (2025),with_era5,2025-09-08T02:00:00+00:00,latent_no_sar_max_wind,Latent MLP · no SAR · wind only,40.59778107537164,False,hourly mean,3
EP112025,Kiko (2025),with_era5,2025-09-08T03:00:00+00:00,latent_no_sar_max_wind,Latent MLP · no SAR · wind only,41.10288068983291,False,hourly mean,3
EP112025,Kiko (2025),with_era5,2025-09-08T04:00:00+00:00,latent_no_sar_max_wind,Latent MLP · no SAR · wind only,41.23967170715332,False,hourly mean,3
EP112025,Kiko (2025),with_era5,2025-09-08T05:00:00+00:00,latent_no_sar_max_wind,Latent MLP · no SAR · wind only,41.86162334018283,False,hourly mean,3
EP112025,Kiko (2025),with_era5,2025-09-08T06:00:00+00:00,latent_no_sar_max_wind,Latent MLP · no SAR · wind only,40.47219318813748,False,hourly mean,3
EP112025,Kiko (2025),with_era5,2025-09-08T07:00:00+00:00,latent_no_sar_max_wind,Latent MLP · no SAR · wind only,40.07706451416016,False,hourly mean,3
EP112025,Kiko (2025),with_era5,2025-09-08T08:00:00+00:00,latent_no_sar_max_wind,Latent MLP · no SAR · wind only,41.796512603759766,False,hourly mean,3
EP112025,Kiko (2025),with_era5,2025-09-08T09:00:00+00:00,latent_no_sar_max_wind,Latent MLP · no SAR · wind only,43.68917020161947,False,hourly mean,3
EP112025,Kiko (2025),with_era5,2025-09-08T10:00:00+00:00,latent_no_sar_max_wind,Latent MLP · no SAR · wind only,46.62195989820692,False,hourly mean,3
EP112025,Kiko (2025),with_era5,2025-09-08T11:00:00+00:00,latent_no_sar_max_wind,Latent MLP · no SAR · wind only,48.51094436645508,False,hourly mean,3
EP112025,Kiko (2025),with_era5,2025-09-08T12:00:00+00:00,latent_no_sar_max_wind,Latent MLP · no SAR · wind only,49.094695832994255,False,hourly mean,3
EP112025,Kiko (2025),with_era5,2025-09-08T13:00:00+00:00,latent_no_sar_max_wind,Latent MLP · no SAR · wind only,48.24453544616699,False,hourly mean,3
EP112025,Kiko (2025),with_era5,2025-09-08T14:00:00+00:00,latent_no_sar_max_wind,Latent MLP · no SAR · wind only,44.364397896660705,False,hourly mean,3
EP112025,Kiko (2025),with_era5,2025-09-08T15:00:00+00:00,latent_no_sar_max_wind,Latent MLP · no SAR · wind only,40.61309030320909,False,hourly mean,3
EP112025,Kiko (2025),with_era5,2025-09-08T16:00:00+00:00,latent_no_sar_max_wind,Latent MLP · no SAR · wind only,36.60775544908312,False,hourly mean,3
EP112025,Kiko (2025),with_era5,2025-09-08T17:00:00+00:00,latent_no_sar_max_wind,Latent MLP · no SAR · wind only,34.478980170355904,False,hourly mean,3
EP112025,Kiko (2025),with_era5,2025-09-08T18:00:00+00:00,latent_no_sar_max_wind,Latent MLP · no SAR · wind only,33.235390981038414,False,hourly mean,3
EP112025,Kiko (2025),with_era5,2025-09-08T19:00:00+00:00,latent_no_sar_max_wind,Latent MLP · no SAR · wind only,33.51339997185601,False,hourly mean,3
EP112025,Kiko (2025),with_era5,2025-09-08T20:00:00+00:00,latent_no_sar_max_wind,Latent MLP · no SAR · wind only,30.506587558322483,False,hourly mean,3
EP112025,Kiko (2025),with_era5,2025-09-08T21:00:00+00:00,latent_no_sar_max_wind,Latent MLP · no SAR · wind only,27.963768747117786,False,hourly mean,3
EP112025,Kiko (2025),with_era5,2025-09-08T22:00:00+00:00,latent_no_sar_max_wind,Latent MLP · no SAR · wind only,24.4662201139662,False,hourly mean,3
EP112025,Kiko (2025),with_era5,2025-09-08T23:00:00+00:00,latent_no_sar_max_wind,Latent MLP · no SAR · wind only,24.317622820536297,False,hourly mean,3
EP112025,Kiko (2025),with_era5,2025-09-09T00:00:00+00:00,latent_no_sar_max_wind,Latent MLP · no SAR · wind only,23.61742104424371,False,hourly mean,3
EP112025,Kiko (2025),with_era5,2025-09-09T01:00:00+00:00,latent_no_sar_max_wind,Latent MLP · no SAR · wind only,23.003819783528645,False,hourly mean,3
EP112025,Kiko (2025),with_era5,2025-09-09T02:00:00+00:00,latent_no_sar_max_wind,Latent MLP · no SAR · wind only,22.31502585940891,False,hourly mean,3
EP112025,Kiko (2025),with_era5,2025-09-09T03:00:00+00:00,latent_no_sar_max_wind,Latent MLP · no SAR · wind only,21.769620153639053,False,hourly mean,3
EP112025,Kiko (2025),with_era5,2025-09-09T04:00:00+00:00,latent_no_sar_max_wind,Latent MLP · no SAR · wind only,21.334101888868545,False,hourly mean,3
EP112025,Kiko (2025),with_era5,2025-09-09T05:00:00+00:00,latent_no_sar_max_wind,Latent MLP · no SAR · wind only,21.347146564059788,False,hourly mean,3
EP112025,Kiko (2025),with_era5,2025-09-09T06:00:00+00:00,latent_no_sar_max_wind,Latent MLP · no SAR · wind only,21.586511188083225,False,hourly mean,3
EP112025,Kiko (2025),with_era5,2025-09-09T07:00:00+00:00,latent_no_sar_max_wind,Latent MLP · no SAR · wind only,22.144736184014217,False,hourly mean,3
EP112025,Kiko (2025),with_era5,2025-09-09T08:00:00+00:00,latent_no_sar_max_wind,Latent MLP · no SAR · wind only,22.14667712317573,False,hourly mean,3
EP112025,Kiko (2025),with_era5,2025-09-09T09:00:00+00:00,latent_no_sar_max_wind,Latent MLP · no SAR · wind only,21.855278438991974,False,hourly mean,3
EP112025,Kiko (2025),with_era5,2025-09-09T10:00:00+00:00,latent_no_sar_max_wind,Latent MLP · no SAR · wind only,21.328572909037273,False,hourly mean,3
EP112025,Kiko (2025),with_era5,2025-09-09T11:00:00+00:00,latent_no_sar_max_wind,Latent MLP · no SAR · wind only,21.14188936021593,False,hourly mean,3
EP112025,Kiko (2025),with_era5,2025-09-09T12:00:00+00:00,latent_no_sar_max_wind,Latent MLP · no SAR · wind only,21.12410481770834,False,hourly mean,3
EP112025,Kiko (2025),with_era5,2025-09-09T13:00:00+00:00,latent_no_sar_max_wind,Latent MLP · no SAR · wind only,21.18436251746284,False,hourly mean,3
EP112025,Kiko (2025),with_era5,2025-09-09T14:00:00+00:00,latent_no_sar_max_wind,Latent MLP · no SAR · wind only,21.16575368245443,False,hourly mean,3
EP112025,Kiko (2025),with_era5,2025-09-09T15:00:00+00:00,latent_no_sar_max_wind,Latent MLP · no SAR · wind only,21.838106685214573,False,hourly mean,3
EP112025,Kiko (2025),with_era5,2025-09-09T16:00:00+00:00,latent_no_sar_max_wind,Latent MLP · no SAR · wind only,22.621148215399852,False,hourly mean,3
EP112025,Kiko (2025),with_era5,2025-09-09T17:00:00+00:00,latent_no_sar_max_wind,Latent MLP · no SAR · wind only,23.361111323038738,False,hourly mean,3
EP112025,Kiko (2025),with_era5,2025-09-09T18:00:00+00:00,latent_no_sar_max_wind,Latent MLP · no SAR · wind only,23.298951996697326,False,hourly mean,3
EP112025,Kiko (2025),with_era5,2025-09-09T19:00:00+00:00,latent_no_sar_max_wind,Latent MLP · no SAR · wind only,22.82420063018799,False,hourly mean,3
EP112025,Kiko (2025),with_era5,2025-09-09T20:00:00+00:00,latent_no_sar_max_wind,Latent MLP · no SAR · wind only,22.009439574347606,False,hourly mean,3
EP112025,Kiko (2025),with_era5,2025-09-09T21:00:00+00:00,latent_no_sar_max_wind,Latent MLP · no SAR · wind only,21.298856735229496,False,hourly mean,3
EP112025,Kiko (2025),with_era5,2025-09-09T22:00:00+00:00,latent_no_sar_max_wind,Latent MLP · no SAR · wind only,20.85585943857829,False,hourly mean,3
EP112025,Kiko (2025),with_era5,2025-09-09T23:00:00+00:00,latent_no_sar_max_wind,Latent MLP · no SAR · wind only,20.96682283613417,False,hourly mean,3
EP112025,Kiko (2025),with_era5,2025-09-10T00:00:00+00:00,latent_no_sar_max_wind,Latent MLP · no SAR · wind only,20.97213533189562,False,hourly mean,3
EP112025,Kiko (2025),with_era5,2025-09-10T01:00:00+00:00,latent_no_sar_max_wind,Latent MLP · no SAR · wind only,20.691950162251793,False,hourly mean,3
EP112025,Kiko (2025),with_era5,2025-09-10T02:00:00+00:00,latent_no_sar_max_wind,Latent MLP · no SAR · wind only,20.26230801476373,False,hourly mean,3
EP112025,Kiko (2025),with_era5,2025-09-10T03:00:00+00:00,latent_no_sar_max_wind,Latent MLP · no SAR · wind only,19.843665864732532,False,hourly mean,3
EP112025,Kiko (2025),with_era5,2025-09-10T04:00:00+00:00,latent_no_sar_max_wind,Latent MLP · no SAR · wind only,19.58871353997125,False,hourly mean,3
EP112025,Kiko (2025),with_era5,2025-09-10T05:00:00+00:00,latent_no_sar_max_wind,Latent MLP · no SAR · wind only,19.35686927371555,False,hourly mean,3
EP112025,Kiko (2025),with_era5,2025-09-10T06:00:00+00:00,latent_no_sar_max_wind,Latent MLP · no SAR · wind only,19.21394877963596,False,hourly mean,3
EP112025,Kiko (2025),with_era5,2025-09-10T07:00:00+00:00,latent_no_sar_max_wind,Latent MLP · no SAR · wind only,19.205881267123754,False,hourly mean,3
EP112025,Kiko (2025),with_era5,2025-09-10T08:00:00+00:00,latent_no_sar_max_wind,Latent MLP · no SAR · wind only,19.29500584072537,False,hourly mean,3
EP112025,Kiko (2025),with_era5,2025-09-10T09:00:00+00:00,latent_no_sar_max_wind,Latent MLP · no SAR · wind only,19.394490496317548,False,hourly mean,3
EP112025,Kiko (2025),with_era5,2025-09-10T10:00:00+00:00,latent_no_sar_max_wind,Latent MLP · no SAR · wind only,19.526304456922748,False,hourly mean,3
EP112025,Kiko (2025),with_era5,2025-09-10T11:00:00+00:00,latent_no_sar_max_wind,Latent MLP · no SAR · wind only,19.871057298448353,False,hourly mean,3
EP112025,Kiko (2025),with_era5,2025-09-10T12:00:00+00:00,latent_no_sar_max_wind,Latent MLP · no SAR · wind only,20.077269236246746,False,hourly mean,3
EP112025,Kiko (2025),with_era5,2025-09-10T13:00:00+00:00,latent_no_sar_max_wind,Latent MLP · no SAR · wind only,20.34588061438667,False,hourly mean,3
EP112025,Kiko (2025),with_era5,2025-09-10T14:00:00+00:00,latent_no_sar_max_wind,Latent MLP · no SAR · wind only,21.081272866990833,False,hourly mean,3
EP112025,Kiko (2025),with_era5,2025-09-10T15:00:00+00:00,latent_no_sar_max_wind,Latent MLP · no SAR · wind only,22.2091301812066,False,hourly mean,3
EP112025,Kiko (2025),with_era5,2025-09-10T16:00:00+00:00,latent_no_sar_max_wind,Latent MLP · no SAR · wind only,23.09530756208632,False,hourly mean,3
EP112025,Kiko (2025),with_era5,2025-09-10T17:00:00+00:00,latent_no_sar_max_wind,Latent MLP · no SAR · wind only,23.192997932434082,False,hourly mean,3
EP112025,Kiko (2025),with_era5,2025-09-10T18:00:00+00:00,latent_no_sar_max_wind,Latent MLP · no SAR · wind only,23.022273275587295,False,hourly mean,3
EP112025,Kiko (2025),with_era5,2025-09-10T19:00:00+00:00,latent_no_sar_max_wind,Latent MLP · no SAR · wind only,22.619922002156574,False,hourly mean,3
EP112025,Kiko (2025),with_era5,2025-09-10T20:00:00+00:00,latent_no_sar_max_wind,Latent MLP · no SAR · wind only,22.238877190483944,False,hourly mean,3
EP112025,Kiko (2025),with_era5,2025-09-10T21:00:00+00:00,latent_no_sar_max_wind,Latent MLP · no SAR · wind only,21.678545210096573,False,hourly mean,3
EP112025,Kiko (2025),with_era5,2025-09-10T22:00:00+00:00,latent_no_sar_max_wind,Latent MLP · no SAR · wind only,21.462587356567383,False,hourly mean,3
EP112025,Kiko (2025),with_era5,2025-09-10T23:00:00+00:00,latent_no_sar_max_wind,Latent MLP · no SAR · wind only,21.32160520553589,False,hourly mean,3
EP112025,Kiko (2025),with_era5,2025-08-31T00:00:00+00:00,latent_no_sar_max_wind_radii,Latent MLP · no SAR · wind + radii,18.996311505635582,False,hourly mean,3
EP112025,Kiko (2025),with_era5,2025-08-31T01:00:00+00:00,latent_no_sar_max_wind_radii,Latent MLP · no SAR · wind + radii,19.18971570332845,False,hourly mean,3
EP112025,Kiko (2025),with_era5,2025-08-31T02:00:00+00:00,latent_no_sar_max_wind_radii,Latent MLP · no SAR · wind + radii,19.118599891662598,False,hourly mean,3
EP112025,Kiko (2025),with_era5,2025-08-31T03:00:00+00:00,latent_no_sar_max_wind_radii,Latent MLP · no SAR · wind + radii,19.042347590128582,False,hourly mean,3
EP112025,Kiko (2025),with_era5,2025-08-31T04:00:00+00:00,latent_no_sar_max_wind_radii,Latent MLP · no SAR · wind + radii,19.268513785468212,False,hourly mean,3
EP112025,Kiko (2025),with_era5,2025-08-31T05:00:00+00:00,latent_no_sar_max_wind_radii,Latent MLP · no SAR · wind + radii,20.45396645863851,False,hourly mean,3
EP112025,Kiko (2025),with_era5,2025-08-31T06:00:00+00:00,latent_no_sar_max_wind_radii,Latent MLP · no SAR · wind + radii,21.603004561530224,False,hourly mean,3
EP112025,Kiko (2025),with_era5,2025-08-31T07:00:00+00:00,latent_no_sar_max_wind_radii,Latent MLP · no SAR · wind + radii,22.03322558932834,False,hourly mean,3
EP112025,Kiko (2025),with_era5,2025-08-31T08:00:00+00:00,latent_no_sar_max_wind_radii,Latent MLP · no SAR · wind + radii,22.460522121853298,False,hourly mean,3
EP112025,Kiko (2025),with_era5,2025-08-31T09:00:00+00:00,latent_no_sar_max_wind_radii,Latent MLP · no SAR · wind + radii,24.201540417141384,False,hourly mean,3
EP112025,Kiko (2025),with_era5,2025-08-31T10:00:00+00:00,latent_no_sar_max_wind_radii,Latent MLP · no SAR · wind + radii,25.14650599161784,False,hourly mean,3
EP112025,Kiko (2025),with_era5,2025-08-31T11:00:00+00:00,latent_no_sar_max_wind_radii,Latent MLP · no SAR · wind + radii,25.585514810350208,False,hourly mean,3
EP112025,Kiko (2025),with_era5,2025-08-31T12:00:00+00:00,latent_no_sar_max_wind_radii,Latent MLP · no SAR · wind + radii,24.802543746100536,False,hourly mean,3
EP112025,Kiko (2025),with_era5,2025-08-31T13:00:00+00:00,latent_no_sar_max_wind_radii,Latent MLP · no SAR · wind + radii,24.758604367574055,False,hourly mean,3
EP112025,Kiko (2025),with_era5,2025-08-31T14:00:00+00:00,latent_no_sar_max_wind_radii,Latent MLP · no SAR · wind + radii,24.03985034094916,False,hourly mean,3
EP112025,Kiko (2025),with_era5,2025-08-31T15:00:00+00:00,latent_no_sar_max_wind_radii,Latent MLP · no SAR · wind + radii,23.736953205532497,False,hourly mean,3
EP112025,Kiko (2025),with_era5,2025-08-31T16:00:00+00:00,latent_no_sar_max_wind_radii,Latent MLP · no SAR · wind + radii,23.30491500430637,False,hourly mean,3
EP112025,Kiko (2025),with_era5,2025-08-31T17:00:00+00:00,latent_no_sar_max_wind_radii,Latent MLP · no SAR · wind + radii,23.86760965983073,False,hourly mean,3
EP112025,Kiko (2025),with_era5,2025-08-31T18:00:00+00:00,latent_no_sar_max_wind_radii,Latent MLP · no SAR · wind + radii,24.10533618927002,False,hourly mean,3
EP112025,Kiko (2025),with_era5,2025-08-31T19:00:00+00:00,latent_no_sar_max_wind_radii,Latent MLP · no SAR · wind + radii,24.60397434234619,False,hourly mean,3
EP112025,Kiko (2025),with_era5,2025-08-31T20:00:00+00:00,latent_no_sar_max_wind_radii,Latent MLP · no SAR · wind + radii,24.459278530544708,False,hourly mean,3
EP112025,Kiko (2025),with_era5,2025-08-31T21:00:00+00:00,latent_no_sar_max_wind_radii,Latent MLP · no SAR · wind + radii,24.675378587510853,False,hourly mean,3
EP112025,Kiko (2025),with_era5,2025-08-31T22:00:00+00:00,latent_no_sar_max_wind_radii,Latent MLP · no SAR · wind + radii,25.16362476348877,False,hourly mean,3
EP112025,Kiko (2025),with_era5,2025-08-31T23:00:00+00:00,latent_no_sar_max_wind_radii,Latent MLP · no SAR · wind + radii,25.57636850145128,False,hourly mean,3
EP112025,Kiko (2025),with_era5,2025-09-01T00:00:00+00:00,latent_no_sar_max_wind_radii,Latent MLP · no SAR · wind + radii,24.46632222069634,False,hourly mean,3
EP112025,Kiko (2025),with_era5,2025-09-01T01:00:00+00:00,latent_no_sar_max_wind_radii,Latent MLP · no SAR · wind + radii,23.541138818528918,False,hourly mean,3
EP112025,Kiko (2025),with_era5,2025-09-01T02:00:00+00:00,latent_no_sar_max_wind_radii,Latent MLP · no SAR · wind + radii,23.845794571770558,False,hourly mean,3
EP112025,Kiko (2025),with_era5,2025-09-01T03:00:00+00:00,latent_no_sar_max_wind_radii,Latent MLP · no SAR · wind + radii,25.28559324476454,False,hourly mean,3
EP112025,Kiko (2025),with_era5,2025-09-01T04:00:00+00:00,latent_no_sar_max_wind_radii,Latent MLP · no SAR · wind + radii,26.728603574964737,False,hourly mean,3
EP112025,Kiko (2025),with_era5,2025-09-01T05:00:00+00:00,latent_no_sar_max_wind_radii,Latent MLP · no SAR · wind + radii,26.87944009568956,False,hourly mean,3
EP112025,Kiko (2025),with_era5,2025-09-01T06:00:00+00:00,latent_no_sar_max_wind_radii,Latent MLP · no SAR · wind + radii,25.905666669209797,False,hourly mean,3
EP112025,Kiko (2025),with_era5,2025-09-01T07:00:00+00:00,latent_no_sar_max_wind_radii,Latent MLP · no SAR · wind + radii,24.732014762030712,False,hourly mean,3
EP112025,Kiko (2025),with_era5,2025-09-01T08:00:00+00:00,latent_no_sar_max_wind_radii,Latent MLP · no SAR · wind + radii,24.5149376127455,False,hourly mean,3
EP112025,Kiko (2025),with_era5,2025-09-01T09:00:00+00:00,latent_no_sar_max_wind_radii,Latent MLP · no SAR · wind + radii,24.880815400017635,False,hourly mean,3
EP112025,Kiko (2025),with_era5,2025-09-01T10:00:00+00:00,latent_no_sar_max_wind_radii,Latent MLP · no SAR · wind + radii,25.13295904795329,False,hourly mean,3
EP112025,Kiko (2025),with_era5,2025-09-01T11:00:00+00:00,latent_no_sar_max_wind_radii,Latent MLP · no SAR · wind + radii,24.064578692118328,False,hourly mean,3
EP112025,Kiko (2025),with_era5,2025-09-01T12:00:00+00:00,latent_no_sar_max_wind_radii,Latent MLP · no SAR · wind + radii,24.39369985792372,False,hourly mean,3
EP112025,Kiko (2025),with_era5,2025-09-01T13:00:00+00:00,latent_no_sar_max_wind_radii,Latent MLP · no SAR · wind + radii,24.60233434041341,False,hourly mean,3
EP112025,Kiko (2025),with_era5,2025-09-01T14:00:00+00:00,latent_no_sar_max_wind_radii,Latent MLP · no SAR · wind + radii,25.556366178724502,False,hourly mean,3
EP112025,Kiko (2025),with_era5,2025-09-01T15:00:00+00:00,latent_no_sar_max_wind_radii,Latent MLP · no SAR · wind + radii,25.08000670539008,False,hourly mean,3
EP112025,Kiko (2025),with_era5,2025-09-01T16:00:00+00:00,latent_no_sar_max_wind_radii,Latent MLP · no SAR · wind + radii,24.19662390814887,False,hourly mean,3
EP112025,Kiko (2025),with_era5,2025-09-01T17:00:00+00:00,latent_no_sar_max_wind_radii,Latent MLP · no SAR · wind + radii,23.432698037889267,False,hourly mean,3
EP112025,Kiko (2025),with_era5,2025-09-01T18:00:00+00:00,latent_no_sar_max_wind_radii,Latent MLP · no SAR · wind + radii,23.195385932922363,False,hourly mean,3
EP112025,Kiko (2025),with_era5,2025-09-01T19:00:00+00:00,latent_no_sar_max_wind_radii,Latent MLP · no SAR · wind + radii,23.553067843119305,False,hourly mean,3
EP112025,Kiko (2025),with_era5,2025-09-01T20:00:00+00:00,latent_no_sar_max_wind_radii,Latent MLP · no SAR · wind + radii,22.63421122233073,False,hourly mean,3
EP112025,Kiko (2025),with_era5,2025-09-01T21:00:00+00:00,latent_no_sar_max_wind_radii,Latent MLP · no SAR · wind + radii,21.865619977315266,False,hourly mean,3
EP112025,Kiko (2025),with_era5,2025-09-01T22:00:00+00:00,latent_no_sar_max_wind_radii,Latent MLP · no SAR · wind + radii,21.41550636291504,False,hourly mean,3
EP112025,Kiko (2025),with_era5,2025-09-01T23:00:00+00:00,latent_no_sar_max_wind_radii,Latent MLP · no SAR · wind + radii,22.79450511932373,False,hourly mean,3
EP112025,Kiko (2025),with_era5,2025-09-02T00:00:00+00:00,latent_no_sar_max_wind_radii,Latent MLP · no SAR · wind + radii,24.136808395385742,False,hourly mean,3
EP112025,Kiko (2025),with_era5,2025-09-02T01:00:00+00:00,latent_no_sar_max_wind_radii,Latent MLP · no SAR · wind + radii,24.46047729916043,False,hourly mean,3
EP112025,Kiko (2025),with_era5,2025-09-02T02:00:00+00:00,latent_no_sar_max_wind_radii,Latent MLP · no SAR · wind + radii,23.193113115098743,False,hourly mean,3
EP112025,Kiko (2025),with_era5,2025-09-02T03:00:00+00:00,latent_no_sar_max_wind_radii,Latent MLP · no SAR · wind + radii,22.43039099375407,False,hourly mean,3
EP112025,Kiko (2025),with_era5,2025-09-02T04:00:00+00:00,latent_no_sar_max_wind_radii,Latent MLP · no SAR · wind + radii,22.701819949679905,False,hourly mean,3
EP112025,Kiko (2025),with_era5,2025-09-02T05:00:00+00:00,latent_no_sar_max_wind_radii,Latent MLP · no SAR · wind + radii,25.137586805555557,False,hourly mean,3
EP112025,Kiko (2025),with_era5,2025-09-02T06:00:00+00:00,latent_no_sar_max_wind_radii,Latent MLP · no SAR · wind + radii,26.63815201653374,False,hourly mean,3
EP112025,Kiko (2025),with_era5,2025-09-02T07:00:00+00:00,latent_no_sar_max_wind_radii,Latent MLP · no SAR · wind + radii,26.233001391092937,False,hourly mean,3
EP112025,Kiko (2025),with_era5,2025-09-02T08:00:00+00:00,latent_no_sar_max_wind_radii,Latent MLP · no SAR · wind + radii,26.565379566616482,False,hourly mean,3
EP112025,Kiko (2025),with_era5,2025-09-02T09:00:00+00:00,latent_no_sar_max_wind_radii,Latent MLP · no SAR · wind + radii,29.837856504652233,False,hourly mean,3
EP112025,Kiko (2025),with_era5,2025-09-02T10:00:00+00:00,latent_no_sar_max_wind_radii,Latent MLP · no SAR · wind + radii,34.723515086703834,False,hourly mean,3
EP112025,Kiko (2025),with_era5,2025-09-02T11:00:00+00:00,latent_no_sar_max_wind_radii,Latent MLP · no SAR · wind + radii,35.62139712439643,False,hourly mean,3
EP112025,Kiko (2025),with_era5,2025-09-02T12:00:00+00:00,latent_no_sar_max_wind_radii,Latent MLP · no SAR · wind + radii,31.651420063442657,False,hourly mean,3
EP112025,Kiko (2025),with_era5,2025-09-02T13:00:00+00:00,latent_no_sar_max_wind_radii,Latent MLP · no SAR · wind + radii,30.451778093973797,False,hourly mean,3
EP112025,Kiko (2025),with_era5,2025-09-02T14:00:00+00:00,latent_no_sar_max_wind_radii,Latent MLP · no SAR · wind + radii,28.721932623121475,False,hourly mean,3
EP112025,Kiko (2025),with_era5,2025-09-02T15:00:00+00:00,latent_no_sar_max_wind_radii,Latent MLP · no SAR · wind + radii,30.378866725497776,False,hourly mean,3
EP112025,Kiko (2025),with_era5,2025-09-02T16:00:00+00:00,latent_no_sar_max_wind_radii,Latent MLP · no SAR · wind + radii,26.702970928615997,False,hourly mean,3
EP112025,Kiko (2025),with_era5,2025-09-02T17:00:00+00:00,latent_no_sar_max_wind_radii,Latent MLP · no SAR · wind + radii,26.12360170152452,False,hourly mean,3
EP112025,Kiko (2025),with_era5,2025-09-02T18:00:00+00:00,latent_no_sar_max_wind_radii,Latent MLP · no SAR · wind + radii,24.192013528611923,False,hourly mean,3
EP112025,Kiko (2025),with_era5,2025-09-02T19:00:00+00:00,latent_no_sar_max_wind_radii,Latent MLP · no SAR · wind + radii,25.331384234958225,False,hourly mean,3
EP112025,Kiko (2025),with_era5,2025-09-02T20:00:00+00:00,latent_no_sar_max_wind_radii,Latent MLP · no SAR · wind + radii,25.758746359083386,False,hourly mean,3
EP112025,Kiko (2025),with_era5,2025-09-02T21:00:00+00:00,latent_no_sar_max_wind_radii,Latent MLP · no SAR · wind + radii,27.14808792538113,True,hourly mean,3
EP112025,Kiko (2025),with_era5,2025-09-02T22:00:00+00:00,latent_no_sar_max_wind_radii,Latent MLP · no SAR · wind + radii,28.052362865871853,True,hourly mean,3
EP112025,Kiko (2025),with_era5,2025-09-02T23:00:00+00:00,latent_no_sar_max_wind_radii,Latent MLP · no SAR · wind + radii,28.811713536580402,True,hourly mean,3
EP112025,Kiko (2025),with_era5,2025-09-03T00:00:00+00:00,latent_no_sar_max_wind_radii,Latent MLP · no SAR · wind + radii,28.71937635209825,True,hourly mean,3
EP112025,Kiko (2025),with_era5,2025-09-03T01:00:00+00:00,latent_no_sar_max_wind_radii,Latent MLP · no SAR · wind + radii,28.95174005296495,True,hourly mean,3
EP112025,Kiko (2025),with_era5,2025-09-03T02:00:00+00:00,latent_no_sar_max_wind_radii,Latent MLP · no SAR · wind + radii,29.25962755415175,True,hourly mean,3
EP112025,Kiko (2025),with_era5,2025-09-03T03:00:00+00:00,latent_no_sar_max_wind_radii,Latent MLP · no SAR · wind + radii,30.052137480841747,False,hourly mean,3
EP112025,Kiko (2025),with_era5,2025-09-03T04:00:00+00:00,latent_no_sar_max_wind_radii,Latent MLP · no SAR · wind + radii,29.625215106540256,False,hourly mean,3
EP112025,Kiko (2025),with_era5,2025-09-03T05:00:00+00:00,latent_no_sar_max_wind_radii,Latent MLP · no SAR · wind + radii,28.420935100979275,False,hourly mean,3
EP112025,Kiko (2025),with_era5,2025-09-03T06:00:00+00:00,latent_no_sar_max_wind_radii,Latent MLP · no SAR · wind + radii,27.347171041700573,False,hourly mean,3
EP112025,Kiko (2025),with_era5,2025-09-03T07:00:00+00:00,latent_no_sar_max_wind_radii,Latent MLP · no SAR · wind + radii,27.130356046888565,False,hourly mean,3
EP112025,Kiko (2025),with_era5,2025-09-03T08:00:00+00:00,latent_no_sar_max_wind_radii,Latent MLP · no SAR · wind + radii,34.40038903554281,False,hourly mean,3
EP112025,Kiko (2025),with_era5,2025-09-03T09:00:00+00:00,latent_no_sar_max_wind_radii,Latent MLP · no SAR · wind + radii,41.51419851515028,False,hourly mean,3
EP112025,Kiko (2025),with_era5,2025-09-03T10:00:00+00:00,latent_no_sar_max_wind_radii,Latent MLP · no SAR · wind + radii,47.396806928846566,False,hourly mean,3
EP112025,Kiko (2025),with_era5,2025-09-03T11:00:00+00:00,latent_no_sar_max_wind_radii,Latent MLP · no SAR · wind + radii,47.42717997233073,False,hourly mean,3
EP112025,Kiko (2025),with_era5,2025-09-03T12:00:00+00:00,latent_no_sar_max_wind_radii,Latent MLP · no SAR · wind + radii,46.837558110555015,False,hourly mean,3
EP112025,Kiko (2025),with_era5,2025-09-03T13:00:00+00:00,latent_no_sar_max_wind_radii,Latent MLP · no SAR · wind + radii,48.41491572062174,False,hourly mean,3
EP112025,Kiko (2025),with_era5,2025-09-03T14:00:00+00:00,latent_no_sar_max_wind_radii,Latent MLP · no SAR · wind + radii,48.65061802334255,False,hourly mean,3
EP112025,Kiko (2025),with_era5,2025-09-03T15:00:00+00:00,latent_no_sar_max_wind_radii,Latent MLP · no SAR · wind + radii,48.64186223347982,False,hourly mean,3
EP112025,Kiko (2025),with_era5,2025-09-03T16:00:00+00:00,latent_no_sar_max_wind_radii,Latent MLP · no SAR · wind + radii,47.21442646450466,False,hourly mean,3
EP112025,Kiko (2025),with_era5,2025-09-03T17:00:00+00:00,latent_no_sar_max_wind_radii,Latent MLP · no SAR · wind + radii,46.00894292195638,False,hourly mean,3
EP112025,Kiko (2025),with_era5,2025-09-03T18:00:00+00:00,latent_no_sar_max_wind_radii,Latent MLP · no SAR · wind + radii,43.139908896552186,True,hourly mean,3
EP112025,Kiko (2025),with_era5,2025-09-03T19:00:00+00:00,latent_no_sar_max_wind_radii,Latent MLP · no SAR · wind + radii,38.030411614312065,True,hourly mean,3
EP112025,Kiko (2025),with_era5,2025-09-03T20:00:00+00:00,latent_no_sar_max_wind_radii,Latent MLP · no SAR · wind + radii,33.939345041910805,True,hourly mean,3
EP112025,Kiko (2025),with_era5,2025-09-03T21:00:00+00:00,latent_no_sar_max_wind_radii,Latent MLP · no SAR · wind + radii,33.573744455973305,True,hourly mean,3
EP112025,Kiko (2025),with_era5,2025-09-03T22:00:00+00:00,latent_no_sar_max_wind_radii,Latent MLP · no SAR · wind + radii,37.18145540025499,True,hourly mean,3
EP112025,Kiko (2025),with_era5,2025-09-03T23:00:00+00:00,latent_no_sar_max_wind_radii,Latent MLP · no SAR · wind + radii,40.56687609354655,True,hourly mean,3
EP112025,Kiko (2025),with_era5,2025-09-04T00:00:00+00:00,latent_no_sar_max_wind_radii,Latent MLP · no SAR · wind + radii,42.380770153469506,True,hourly mean,3
EP112025,Kiko (2025),with_era5,2025-09-04T01:00:00+00:00,latent_no_sar_max_wind_radii,Latent MLP · no SAR · wind + radii,41.932058122422966,True,hourly mean,3
EP112025,Kiko (2025),with_era5,2025-09-04T02:00:00+00:00,latent_no_sar_max_wind_radii,Latent MLP · no SAR · wind + radii,43.49586635165745,True,hourly mean,3
EP112025,Kiko (2025),with_era5,2025-09-04T03:00:00+00:00,latent_no_sar_max_wind_radii,Latent MLP · no SAR · wind + radii,45.08373536003961,True,hourly mean,3
EP112025,Kiko (2025),with_era5,2025-09-04T04:00:00+00:00,latent_no_sar_max_wind_radii,Latent MLP · no SAR · wind + radii,44.96215841505262,True,hourly mean,3
EP112025,Kiko (2025),with_era5,2025-09-04T05:00:00+00:00,latent_no_sar_max_wind_radii,Latent MLP · no SAR · wind + radii,40.73054144117567,True,hourly mean,3
EP112025,Kiko (2025),with_era5,2025-09-04T06:00:00+00:00,latent_no_sar_max_wind_radii,Latent MLP · no SAR · wind + radii,36.14842563205295,True,hourly mean,3
EP112025,Kiko (2025),with_era5,2025-09-04T07:00:00+00:00,latent_no_sar_max_wind_radii,Latent MLP · no SAR · wind + radii,33.434925397237144,True,hourly mean,3
EP112025,Kiko (2025),with_era5,2025-09-04T08:00:00+00:00,latent_no_sar_max_wind_radii,Latent MLP · no SAR · wind + radii,39.15621217091878,True,hourly mean,3
EP112025,Kiko (2025),with_era5,2025-09-04T09:00:00+00:00,latent_no_sar_max_wind_radii,Latent MLP · no SAR · wind + radii,44.74957900577121,False,hourly mean,3
EP112025,Kiko (2025),with_era5,2025-09-04T10:00:00+00:00,latent_no_sar_max_wind_radii,Latent MLP · no SAR · wind + radii,52.52106624179416,False,hourly mean,3
EP112025,Kiko (2025),with_era5,2025-09-04T11:00:00+00:00,latent_no_sar_max_wind_radii,Latent MLP · no SAR · wind + radii,53.94493548075357,False,hourly mean,3
EP112025,Kiko (2025),with_era5,2025-09-04T12:00:00+00:00,latent_no_sar_max_wind_radii,Latent MLP · no SAR · wind + radii,56.070430967542855,False,hourly mean,3
EP112025,Kiko (2025),with_era5,2025-09-04T13:00:00+00:00,latent_no_sar_max_wind_radii,Latent MLP · no SAR · wind + radii,58.274003982543945,False,hourly mean,3
EP112025,Kiko (2025),with_era5,2025-09-04T14:00:00+00:00,latent_no_sar_max_wind_radii,Latent MLP · no SAR · wind + radii,58.31390168931748,False,hourly mean,3
EP112025,Kiko (2025),with_era5,2025-09-04T15:00:00+00:00,latent_no_sar_max_wind_radii,Latent MLP · no SAR · wind + radii,57.28340954250759,False,hourly mean,3
EP112025,Kiko (2025),with_era5,2025-09-04T16:00:00+00:00,latent_no_sar_max_wind_radii,Latent MLP · no SAR · wind + radii,54.713595708211265,False,hourly mean,3
EP112025,Kiko (2025),with_era5,2025-09-04T17:00:00+00:00,latent_no_sar_max_wind_radii,Latent MLP · no SAR · wind + radii,52.368269284566246,False,hourly mean,3
EP112025,Kiko (2025),with_era5,2025-09-04T18:00:00+00:00,latent_no_sar_max_wind_radii,Latent MLP · no SAR · wind + radii,51.50453768836127,False,hourly mean,3
EP112025,Kiko (2025),with_era5,2025-09-04T19:00:00+00:00,latent_no_sar_max_wind_radii,Latent MLP · no SAR · wind + radii,50.00292258792453,False,hourly mean,3
EP112025,Kiko (2025),with_era5,2025-09-04T20:00:00+00:00,latent_no_sar_max_wind_radii,Latent MLP · no SAR · wind + radii,47.299363666110565,False,hourly mean,3
EP112025,Kiko (2025),with_era5,2025-09-04T21:00:00+00:00,latent_no_sar_max_wind_radii,Latent MLP · no SAR · wind + radii,41.86350186665853,False,hourly mean,3
EP112025,Kiko (2025),with_era5,2025-09-04T22:00:00+00:00,latent_no_sar_max_wind_radii,Latent MLP · no SAR · wind + radii,35.86679278479682,False,hourly mean,3
EP112025,Kiko (2025),with_era5,2025-09-04T23:00:00+00:00,latent_no_sar_max_wind_radii,Latent MLP · no SAR · wind + radii,32.674067073398156,False,hourly mean,3
EP112025,Kiko (2025),with_era5,2025-09-05T00:00:00+00:00,latent_no_sar_max_wind_radii,Latent MLP · no SAR · wind + radii,31.881648275587292,False,hourly mean,3
EP112025,Kiko (2025),with_era5,2025-09-05T01:00:00+00:00,latent_no_sar_max_wind_radii,Latent MLP · no SAR · wind + radii,31.732851982116696,False,hourly mean,3
EP112025,Kiko (2025),with_era5,2025-09-05T02:00:00+00:00,latent_no_sar_max_wind_radii,Latent MLP · no SAR · wind + radii,32.29488934410943,False,hourly mean,3
EP112025,Kiko (2025),with_era5,2025-09-05T03:00:00+00:00,latent_no_sar_max_wind_radii,Latent MLP · no SAR · wind + radii,31.354368315802674,False,hourly mean,3
EP112025,Kiko (2025),with_era5,2025-09-05T04:00:00+00:00,latent_no_sar_max_wind_radii,Latent MLP · no SAR · wind + radii,30.235619015163838,False,hourly mean,3
EP112025,Kiko (2025),with_era5,2025-09-05T05:00:00+00:00,latent_no_sar_max_wind_radii,Latent MLP · no SAR · wind + radii,28.485997941758892,False,hourly mean,3
EP112025,Kiko (2025),with_era5,2025-09-05T06:00:00+00:00,latent_no_sar_max_wind_radii,Latent MLP · no SAR · wind + radii,28.580039766099713,False,hourly mean,3
EP112025,Kiko (2025),with_era5,2025-09-05T07:00:00+00:00,latent_no_sar_max_wind_radii,Latent MLP · no SAR · wind + radii,29.360908084445523,False,hourly mean,3
EP112025,Kiko (2025),with_era5,2025-09-05T08:00:00+00:00,latent_no_sar_max_wind_radii,Latent MLP · no SAR · wind + radii,29.201040267944325,False,hourly mean,3
EP112025,Kiko (2025),with_era5,2025-09-05T09:00:00+00:00,latent_no_sar_max_wind_radii,Latent MLP · no SAR · wind + radii,31.076184590657544,False,hourly mean,3
EP112025,Kiko (2025),with_era5,2025-09-05T10:00:00+00:00,latent_no_sar_max_wind_radii,Latent MLP · no SAR · wind + radii,33.09019766913519,False,hourly mean,3
EP112025,Kiko (2025),with_era5,2025-09-05T11:00:00+00:00,latent_no_sar_max_wind_radii,Latent MLP · no SAR · wind + radii,35.04083029429117,False,hourly mean,3
EP112025,Kiko (2025),with_era5,2025-09-05T12:00:00+00:00,latent_no_sar_max_wind_radii,Latent MLP · no SAR · wind + radii,35.95270082685682,False,hourly mean,3
EP112025,Kiko (2025),with_era5,2025-09-05T13:00:00+00:00,latent_no_sar_max_wind_radii,Latent MLP · no SAR · wind + radii,39.94773154788547,False,hourly mean,3
EP112025,Kiko (2025),with_era5,2025-09-05T14:00:00+00:00,latent_no_sar_max_wind_radii,Latent MLP · no SAR · wind + radii,41.38057242499457,False,hourly mean,3
EP112025,Kiko (2025),with_era5,2025-09-05T15:00:00+00:00,latent_no_sar_max_wind_radii,Latent MLP · no SAR · wind + radii,41.698531680636926,False,hourly mean,3
EP112025,Kiko (2025),with_era5,2025-09-05T16:00:00+00:00,latent_no_sar_max_wind_radii,Latent MLP · no SAR · wind + radii,37.62199698554144,False,hourly mean,3
EP112025,Kiko (2025),with_era5,2025-09-05T17:00:00+00:00,latent_no_sar_max_wind_radii,Latent MLP · no SAR · wind + radii,37.19932153489854,False,hourly mean,3
EP112025,Kiko (2025),with_era5,2025-09-05T18:00:00+00:00,latent_no_sar_max_wind_radii,Latent MLP · no SAR · wind + radii,37.049128638373475,False,hourly mean,3
EP112025,Kiko (2025),with_era5,2025-09-05T19:00:00+00:00,latent_no_sar_max_wind_radii,Latent MLP · no SAR · wind + radii,39.14617432488335,False,hourly mean,3
EP112025,Kiko (2025),with_era5,2025-09-05T20:00:00+00:00,latent_no_sar_max_wind_radii,Latent MLP · no SAR · wind + radii,39.759240680270715,False,hourly mean,3
EP112025,Kiko (2025),with_era5,2025-09-05T21:00:00+00:00,latent_no_sar_max_wind_radii,Latent MLP · no SAR · wind + radii,37.23645379808213,False,hourly mean,3
EP112025,Kiko (2025),with_era5,2025-09-05T22:00:00+00:00,latent_no_sar_max_wind_radii,Latent MLP · no SAR · wind + radii,32.442569096883126,False,hourly mean,3
EP112025,Kiko (2025),with_era5,2025-09-05T23:00:00+00:00,latent_no_sar_max_wind_radii,Latent MLP · no SAR · wind + radii,30.727577527364087,False,hourly mean,3
EP112025,Kiko (2025),with_era5,2025-09-06T00:00:00+00:00,latent_no_sar_max_wind_radii,Latent MLP · no SAR · wind + radii,34.12246545155842,False,hourly mean,3
EP112025,Kiko (2025),with_era5,2025-09-06T01:00:00+00:00,latent_no_sar_max_wind_radii,Latent MLP · no SAR · wind + radii,40.22962983449299,False,hourly mean,3
EP112025,Kiko (2025),with_era5,2025-09-06T02:00:00+00:00,latent_no_sar_max_wind_radii,Latent MLP · no SAR · wind + radii,46.11488511827256,False,hourly mean,3
EP112025,Kiko (2025),with_era5,2025-09-06T03:00:00+00:00,latent_no_sar_max_wind_radii,Latent MLP · no SAR · wind + radii,50.034426795111756,False,hourly mean,3
EP112025,Kiko (2025),with_era5,2025-09-06T04:00:00+00:00,latent_no_sar_max_wind_radii,Latent MLP · no SAR · wind + radii,53.237635294596345,False,hourly mean,3
EP112025,Kiko (2025),with_era5,2025-09-06T05:00:00+00:00,latent_no_sar_max_wind_radii,Latent MLP · no SAR · wind + radii,55.26822535196939,False,hourly mean,3
EP112025,Kiko (2025),with_era5,2025-09-06T06:00:00+00:00,latent_no_sar_max_wind_radii,Latent MLP · no SAR · wind + radii,56.87439939710828,False,hourly mean,3
EP112025,Kiko (2025),with_era5,2025-09-06T07:00:00+00:00,latent_no_sar_max_wind_radii,Latent MLP · no SAR · wind + radii,57.49956660800509,False,hourly mean,3
EP112025,Kiko (2025),with_era5,2025-09-06T08:00:00+00:00,latent_no_sar_max_wind_radii,Latent MLP · no SAR · wind + radii,56.81884087456596,False,hourly mean,3
EP112025,Kiko (2025),with_era5,2025-09-06T09:00:00+00:00,latent_no_sar_max_wind_radii,Latent MLP · no SAR · wind + radii,54.66077062818738,False,hourly mean,3
EP112025,Kiko (2025),with_era5,2025-09-06T10:00:00+00:00,latent_no_sar_max_wind_radii,Latent MLP · no SAR · wind + radii,51.536213344997826,False,hourly mean,3
EP112025,Kiko (2025),with_era5,2025-09-06T11:00:00+00:00,latent_no_sar_max_wind_radii,Latent MLP · no SAR · wind + radii,48.98275057474771,False,hourly mean,3
EP112025,Kiko (2025),with_era5,2025-09-06T12:00:00+00:00,latent_no_sar_max_wind_radii,Latent MLP · no SAR · wind + radii,47.57091437445746,False,hourly mean,3
EP112025,Kiko (2025),with_era5,2025-09-06T13:00:00+00:00,latent_no_sar_max_wind_radii,Latent MLP · no SAR · wind + radii,47.52448251512315,False,hourly mean,3
EP112025,Kiko (2025),with_era5,2025-09-06T14:00:00+00:00,latent_no_sar_max_wind_radii,Latent MLP · no SAR · wind + radii,47.54977289835611,False,hourly mean,3
EP112025,Kiko (2025),with_era5,2025-09-06T15:00:00+00:00,latent_no_sar_max_wind_radii,Latent MLP · no SAR · wind + radii,47.141569349500855,False,hourly mean,3
EP112025,Kiko (2025),with_era5,2025-09-06T16:00:00+00:00,latent_no_sar_max_wind_radii,Latent MLP · no SAR · wind + radii,46.102737638685426,False,hourly mean,3
EP112025,Kiko (2025),with_era5,2025-09-06T17:00:00+00:00,latent_no_sar_max_wind_radii,Latent MLP · no SAR · wind + radii,46.11373647054035,False,hourly mean,3
EP112025,Kiko (2025),with_era5,2025-09-06T18:00:00+00:00,latent_no_sar_max_wind_radii,Latent MLP · no SAR · wind + radii,48.058723449707024,False,hourly mean,3
EP112025,Kiko (2025),with_era5,2025-09-06T19:00:00+00:00,latent_no_sar_max_wind_radii,Latent MLP · no SAR · wind + radii,51.498001098632805,False,hourly mean,3
EP112025,Kiko (2025),with_era5,2025-09-06T20:00:00+00:00,latent_no_sar_max_wind_radii,Latent MLP · no SAR · wind + radii,53.029431025187165,False,hourly mean,3
EP112025,Kiko (2025),with_era5,2025-09-06T21:00:00+00:00,latent_no_sar_max_wind_radii,Latent MLP · no SAR · wind + radii,53.28682475619845,False,hourly mean,3
EP112025,Kiko (2025),with_era5,2025-09-06T22:00:00+00:00,latent_no_sar_max_wind_radii,Latent MLP · no SAR · wind + radii,53.84025870429144,False,hourly mean,3
EP112025,Kiko (2025),with_era5,2025-09-06T23:00:00+00:00,latent_no_sar_max_wind_radii,Latent MLP · no SAR · wind + radii,56.50524520874023,False,hourly mean,3
EP112025,Kiko (2025),with_era5,2025-09-07T00:00:00+00:00,latent_no_sar_max_wind_radii,Latent MLP · no SAR · wind + radii,59.32595443725585,False,hourly mean,3
EP112025,Kiko (2025),with_era5,2025-09-07T01:00:00+00:00,latent_no_sar_max_wind_radii,Latent MLP · no SAR · wind + radii,60.862255520290795,False,hourly mean,3
EP112025,Kiko (2025),with_era5,2025-09-07T02:00:00+00:00,latent_no_sar_max_wind_radii,Latent MLP · no SAR · wind + radii,60.256077024671754,False,hourly mean,3
EP112025,Kiko (2025),with_era5,2025-09-07T03:00:00+00:00,latent_no_sar_max_wind_radii,Latent MLP · no SAR · wind + radii,59.67671351962618,False,hourly mean,3
EP112025,Kiko (2025),with_era5,2025-09-07T04:00:00+00:00,latent_no_sar_max_wind_radii,Latent MLP · no SAR · wind + radii,58.77755546569822,False,hourly mean,3
EP112025,Kiko (2025),with_era5,2025-09-07T05:00:00+00:00,latent_no_sar_max_wind_radii,Latent MLP · no SAR · wind + radii,58.48429573906791,False,hourly mean,3
EP112025,Kiko (2025),with_era5,2025-09-07T06:00:00+00:00,latent_no_sar_max_wind_radii,Latent MLP · no SAR · wind + radii,57.972980923122826,False,hourly mean,3
EP112025,Kiko (2025),with_era5,2025-09-07T07:00:00+00:00,latent_no_sar_max_wind_radii,Latent MLP · no SAR · wind + radii,58.48852009243435,False,hourly mean,3
EP112025,Kiko (2025),with_era5,2025-09-07T08:00:00+00:00,latent_no_sar_max_wind_radii,Latent MLP · no SAR · wind + radii,58.926721149020715,False,hourly mean,3
EP112025,Kiko (2025),with_era5,2025-09-07T09:00:00+00:00,latent_no_sar_max_wind_radii,Latent MLP · no SAR · wind + radii,59.898111131456155,False,hourly mean,3
EP112025,Kiko (2025),with_era5,2025-09-07T10:00:00+00:00,latent_no_sar_max_wind_radii,Latent MLP · no SAR · wind + radii,58.79902246263291,False,hourly mean,3
EP112025,Kiko (2025),with_era5,2025-09-07T11:00:00+00:00,latent_no_sar_max_wind_radii,Latent MLP · no SAR · wind + radii,56.250843048095696,False,hourly mean,3
EP112025,Kiko (2025),with_era5,2025-09-07T12:00:00+00:00,latent_no_sar_max_wind_radii,Latent MLP · no SAR · wind + radii,54.85854954189724,False,hourly mean,3
EP112025,Kiko (2025),with_era5,2025-09-07T13:00:00+00:00,latent_no_sar_max_wind_radii,Latent MLP · no SAR · wind + radii,55.33017836676703,False,hourly mean,3
EP112025,Kiko (2025),with_era5,2025-09-07T14:00:00+00:00,latent_no_sar_max_wind_radii,Latent MLP · no SAR · wind + radii,54.76393169826931,False,hourly mean,3
EP112025,Kiko (2025),with_era5,2025-09-07T15:00:00+00:00,latent_no_sar_max_wind_radii,Latent MLP · no SAR · wind + radii,52.03643396165635,False,hourly mean,3
EP112025,Kiko (2025),with_era5,2025-09-07T16:00:00+00:00,latent_no_sar_max_wind_radii,Latent MLP · no SAR · wind + radii,49.15773497687445,False,hourly mean,3
EP112025,Kiko (2025),with_era5,2025-09-07T17:00:00+00:00,latent_no_sar_max_wind_radii,Latent MLP · no SAR · wind + radii,48.035480923122826,False,hourly mean,3
EP112025,Kiko (2025),with_era5,2025-09-07T18:00:00+00:00,latent_no_sar_max_wind_radii,Latent MLP · no SAR · wind + radii,45.04587131076388,False,hourly mean,3
EP112025,Kiko (2025),with_era5,2025-09-07T19:00:00+00:00,latent_no_sar_max_wind_radii,Latent MLP · no SAR · wind + radii,42.57197125752766,False,hourly mean,3
EP112025,Kiko (2025),with_era5,2025-09-07T20:00:00+00:00,latent_no_sar_max_wind_radii,Latent MLP · no SAR · wind + radii,42.27611562940808,False,hourly mean,3
EP112025,Kiko (2025),with_era5,2025-09-07T21:00:00+00:00,latent_no_sar_max_wind_radii,Latent MLP · no SAR · wind + radii,44.21014531453449,False,hourly mean,3
EP112025,Kiko (2025),with_era5,2025-09-07T22:00:00+00:00,latent_no_sar_max_wind_radii,Latent MLP · no SAR · wind + radii,44.650162802802186,False,hourly mean,3
EP112025,Kiko (2025),with_era5,2025-09-07T23:00:00+00:00,latent_no_sar_max_wind_radii,Latent MLP · no SAR · wind + radii,42.75408257378472,False,hourly mean,3
EP112025,Kiko (2025),with_era5,2025-09-08T00:00:00+00:00,latent_no_sar_max_wind_radii,Latent MLP · no SAR · wind + radii,40.55351257324218,False,hourly mean,3
EP112025,Kiko (2025),with_era5,2025-09-08T01:00:00+00:00,latent_no_sar_max_wind_radii,Latent MLP · no SAR · wind + radii,39.06251292758517,False,hourly mean,3
EP112025,Kiko (2025),with_era5,2025-09-08T02:00:00+00:00,latent_no_sar_max_wind_radii,Latent MLP · no SAR · wind + radii,39.915025499131936,False,hourly mean,3
EP112025,Kiko (2025),with_era5,2025-09-08T03:00:00+00:00,latent_no_sar_max_wind_radii,Latent MLP · no SAR · wind + radii,40.276128345065636,False,hourly mean,3
EP112025,Kiko (2025),with_era5,2025-09-08T04:00:00+00:00,latent_no_sar_max_wind_radii,Latent MLP · no SAR · wind + radii,38.545174916585275,False,hourly mean,3
EP112025,Kiko (2025),with_era5,2025-09-08T05:00:00+00:00,latent_no_sar_max_wind_radii,Latent MLP · no SAR · wind + radii,35.61325380537244,False,hourly mean,3
EP112025,Kiko (2025),with_era5,2025-09-08T06:00:00+00:00,latent_no_sar_max_wind_radii,Latent MLP · no SAR · wind + radii,31.78883308834499,False,hourly mean,3
EP112025,Kiko (2025),with_era5,2025-09-08T07:00:00+00:00,latent_no_sar_max_wind_radii,Latent MLP · no SAR · wind + radii,29.665103594462067,False,hourly mean,3
EP112025,Kiko (2025),with_era5,2025-09-08T08:00:00+00:00,latent_no_sar_max_wind_radii,Latent MLP · no SAR · wind + radii,31.275586658053914,False,hourly mean,3
EP112025,Kiko (2025),with_era5,2025-09-08T09:00:00+00:00,latent_no_sar_max_wind_radii,Latent MLP · no SAR · wind + radii,34.85661549038357,False,hourly mean,3
EP112025,Kiko (2025),with_era5,2025-09-08T10:00:00+00:00,latent_no_sar_max_wind_radii,Latent MLP · no SAR · wind + radii,40.612800598144524,False,hourly mean,3
EP112025,Kiko (2025),with_era5,2025-09-08T11:00:00+00:00,latent_no_sar_max_wind_radii,Latent MLP · no SAR · wind + radii,42.026003095838746,False,hourly mean,3
EP112025,Kiko (2025),with_era5,2025-09-08T12:00:00+00:00,latent_no_sar_max_wind_radii,Latent MLP · no SAR · wind + radii,42.247708426581475,False,hourly mean,3
EP112025,Kiko (2025),with_era5,2025-09-08T13:00:00+00:00,latent_no_sar_max_wind_radii,Latent MLP · no SAR · wind + radii,39.38304371303981,False,hourly mean,3
EP112025,Kiko (2025),with_era5,2025-09-08T14:00:00+00:00,latent_no_sar_max_wind_radii,Latent MLP · no SAR · wind + radii,36.96235105726453,False,hourly mean,3
EP112025,Kiko (2025),with_era5,2025-09-08T15:00:00+00:00,latent_no_sar_max_wind_radii,Latent MLP · no SAR · wind + radii,34.25928635067409,False,hourly mean,3
EP112025,Kiko (2025),with_era5,2025-09-08T16:00:00+00:00,latent_no_sar_max_wind_radii,Latent MLP · no SAR · wind + radii,31.897145589192693,False,hourly mean,3
EP112025,Kiko (2025),with_era5,2025-09-08T17:00:00+00:00,latent_no_sar_max_wind_radii,Latent MLP · no SAR · wind + radii,31.774799982706696,False,hourly mean,3
EP112025,Kiko (2025),with_era5,2025-09-08T18:00:00+00:00,latent_no_sar_max_wind_radii,Latent MLP · no SAR · wind + radii,33.95616266462537,False,hourly mean,3
EP112025,Kiko (2025),with_era5,2025-09-08T19:00:00+00:00,latent_no_sar_max_wind_radii,Latent MLP · no SAR · wind + radii,37.06051169501409,False,hourly mean,3
EP112025,Kiko (2025),with_era5,2025-09-08T20:00:00+00:00,latent_no_sar_max_wind_radii,Latent MLP · no SAR · wind + radii,34.30816788143581,False,hourly mean,3
EP112025,Kiko (2025),with_era5,2025-09-08T21:00:00+00:00,latent_no_sar_max_wind_radii,Latent MLP · no SAR · wind + radii,29.895069652133504,False,hourly mean,3
EP112025,Kiko (2025),with_era5,2025-09-08T22:00:00+00:00,latent_no_sar_max_wind_radii,Latent MLP · no SAR · wind + radii,25.28728866577147,False,hourly mean,3
EP112025,Kiko (2025),with_era5,2025-09-08T23:00:00+00:00,latent_no_sar_max_wind_radii,Latent MLP · no SAR · wind + radii,24.82096290588378,False,hourly mean,3
EP112025,Kiko (2025),with_era5,2025-09-09T00:00:00+00:00,latent_no_sar_max_wind_radii,Latent MLP · no SAR · wind + radii,24.576887554592545,False,hourly mean,3
EP112025,Kiko (2025),with_era5,2025-09-09T01:00:00+00:00,latent_no_sar_max_wind_radii,Latent MLP · no SAR · wind + radii,23.853626675075944,False,hourly mean,3
EP112025,Kiko (2025),with_era5,2025-09-09T02:00:00+00:00,latent_no_sar_max_wind_radii,Latent MLP · no SAR · wind + radii,23.685330179002538,False,hourly mean,3
EP112025,Kiko (2025),with_era5,2025-09-09T03:00:00+00:00,latent_no_sar_max_wind_radii,Latent MLP · no SAR · wind + radii,24.093258115980348,False,hourly mean,3
EP112025,Kiko (2025),with_era5,2025-09-09T04:00:00+00:00,latent_no_sar_max_wind_radii,Latent MLP · no SAR · wind + radii,24.312804963853612,False,hourly mean,3
EP112025,Kiko (2025),with_era5,2025-09-09T05:00:00+00:00,latent_no_sar_max_wind_radii,Latent MLP · no SAR · wind + radii,23.132750829060864,False,hourly mean,3
EP112025,Kiko (2025),with_era5,2025-09-09T06:00:00+00:00,latent_no_sar_max_wind_radii,Latent MLP · no SAR · wind + radii,21.26570765177408,False,hourly mean,3
EP112025,Kiko (2025),with_era5,2025-09-09T07:00:00+00:00,latent_no_sar_max_wind_radii,Latent MLP · no SAR · wind + radii,20.53453583187526,False,hourly mean,3
EP112025,Kiko (2025),with_era5,2025-09-09T08:00:00+00:00,latent_no_sar_max_wind_radii,Latent MLP · no SAR · wind + radii,20.6709861755371,False,hourly mean,3
EP112025,Kiko (2025),with_era5,2025-09-09T09:00:00+00:00,latent_no_sar_max_wind_radii,Latent MLP · no SAR · wind + radii,21.20891369713676,False,hourly mean,3
EP112025,Kiko (2025),with_era5,2025-09-09T10:00:00+00:00,latent_no_sar_max_wind_radii,Latent MLP · no SAR · wind + radii,21.483862982855893,False,hourly mean,3
EP112025,Kiko (2025),with_era5,2025-09-09T11:00:00+00:00,latent_no_sar_max_wind_radii,Latent MLP · no SAR · wind + radii,21.463871743943944,False,hourly mean,3
EP112025,Kiko (2025),with_era5,2025-09-09T12:00:00+00:00,latent_no_sar_max_wind_radii,Latent MLP · no SAR · wind + radii,21.27060106065537,False,hourly mean,3
EP112025,Kiko (2025),with_era5,2025-09-09T13:00:00+00:00,latent_no_sar_max_wind_radii,Latent MLP · no SAR · wind + radii,21.213858710394955,False,hourly mean,3
EP112025,Kiko (2025),with_era5,2025-09-09T14:00:00+00:00,latent_no_sar_max_wind_radii,Latent MLP · no SAR · wind + radii,20.640102068583158,False,hourly mean,3
EP112025,Kiko (2025),with_era5,2025-09-09T15:00:00+00:00,latent_no_sar_max_wind_radii,Latent MLP · no SAR · wind + radii,20.288305494520387,False,hourly mean,3
EP112025,Kiko (2025),with_era5,2025-09-09T16:00:00+00:00,latent_no_sar_max_wind_radii,Latent MLP · no SAR · wind + radii,19.934960259331586,False,hourly mean,3
EP112025,Kiko (2025),with_era5,2025-09-09T17:00:00+00:00,latent_no_sar_max_wind_radii,Latent MLP · no SAR · wind + radii,20.735826386345746,False,hourly mean,3
EP112025,Kiko (2025),with_era5,2025-09-09T18:00:00+00:00,latent_no_sar_max_wind_radii,Latent MLP · no SAR · wind + radii,21.83366160922579,False,hourly mean,3
EP112025,Kiko (2025),with_era5,2025-09-09T19:00:00+00:00,latent_no_sar_max_wind_radii,Latent MLP · no SAR · wind + radii,22.554620848761655,False,hourly mean,3
EP112025,Kiko (2025),with_era5,2025-09-09T20:00:00+00:00,latent_no_sar_max_wind_radii,Latent MLP · no SAR · wind + radii,22.57974667019313,False,hourly mean,3
EP112025,Kiko (2025),with_era5,2025-09-09T21:00:00+00:00,latent_no_sar_max_wind_radii,Latent MLP · no SAR · wind + radii,22.336726188659657,False,hourly mean,3
EP112025,Kiko (2025),with_era5,2025-09-09T22:00:00+00:00,latent_no_sar_max_wind_radii,Latent MLP · no SAR · wind + radii,21.969249089558904,False,hourly mean,3
EP112025,Kiko (2025),with_era5,2025-09-09T23:00:00+00:00,latent_no_sar_max_wind_radii,Latent MLP · no SAR · wind + radii,21.669199731614842,False,hourly mean,3
EP112025,Kiko (2025),with_era5,2025-09-10T00:00:00+00:00,latent_no_sar_max_wind_radii,Latent MLP · no SAR · wind + radii,22.07252862718369,False,hourly mean,3
EP112025,Kiko (2025),with_era5,2025-09-10T01:00:00+00:00,latent_no_sar_max_wind_radii,Latent MLP · no SAR · wind + radii,22.013479656643327,False,hourly mean,3
EP112025,Kiko (2025),with_era5,2025-09-10T02:00:00+00:00,latent_no_sar_max_wind_radii,Latent MLP · no SAR · wind + radii,22.200431187947583,False,hourly mean,3
EP112025,Kiko (2025),with_era5,2025-09-10T03:00:00+00:00,latent_no_sar_max_wind_radii,Latent MLP · no SAR · wind + radii,21.259243329366036,False,hourly mean,3
EP112025,Kiko (2025),with_era5,2025-09-10T04:00:00+00:00,latent_no_sar_max_wind_radii,Latent MLP · no SAR · wind + radii,20.70128112369112,False,hourly mean,3
EP112025,Kiko (2025),with_era5,2025-09-10T05:00:00+00:00,latent_no_sar_max_wind_radii,Latent MLP · no SAR · wind + radii,19.719283315870484,False,hourly mean,3
EP112025,Kiko (2025),with_era5,2025-09-10T06:00:00+00:00,latent_no_sar_max_wind_radii,Latent MLP · no SAR · wind + radii,19.366938167148152,False,hourly mean,3
EP112025,Kiko (2025),with_era5,2025-09-10T07:00:00+00:00,latent_no_sar_max_wind_radii,Latent MLP · no SAR · wind + radii,19.872517183091894,False,hourly mean,3
EP112025,Kiko (2025),with_era5,2025-09-10T08:00:00+00:00,latent_no_sar_max_wind_radii,Latent MLP · no SAR · wind + radii,21.1627996444702,False,hourly mean,3
EP112025,Kiko (2025),with_era5,2025-09-10T09:00:00+00:00,latent_no_sar_max_wind_radii,Latent MLP · no SAR · wind + radii,21.958049477471235,False,hourly mean,3
EP112025,Kiko (2025),with_era5,2025-09-10T10:00:00+00:00,latent_no_sar_max_wind_radii,Latent MLP · no SAR · wind + radii,22.376500447591138,False,hourly mean,3
EP112025,Kiko (2025),with_era5,2025-09-10T11:00:00+00:00,latent_no_sar_max_wind_radii,Latent MLP · no SAR · wind + radii,21.747549057006825,False,hourly mean,3
EP112025,Kiko (2025),with_era5,2025-09-10T12:00:00+00:00,latent_no_sar_max_wind_radii,Latent MLP · no SAR · wind + radii,21.42760573493108,False,hourly mean,3
EP112025,Kiko (2025),with_era5,2025-09-10T13:00:00+00:00,latent_no_sar_max_wind_radii,Latent MLP · no SAR · wind + radii,20.79276794857448,False,hourly mean,3
EP112025,Kiko (2025),with_era5,2025-09-10T14:00:00+00:00,latent_no_sar_max_wind_radii,Latent MLP · no SAR · wind + radii,20.281445715162477,False,hourly mean,3
EP112025,Kiko (2025),with_era5,2025-09-10T15:00:00+00:00,latent_no_sar_max_wind_radii,Latent MLP · no SAR · wind + radii,19.684152815077027,False,hourly mean,3
EP112025,Kiko (2025),with_era5,2025-09-10T16:00:00+00:00,latent_no_sar_max_wind_radii,Latent MLP · no SAR · wind + radii,19.666396670871297,False,hourly mean,3
EP112025,Kiko (2025),with_era5,2025-09-10T17:00:00+00:00,latent_no_sar_max_wind_radii,Latent MLP · no SAR · wind + radii,19.69538847605386,False,hourly mean,3
EP112025,Kiko (2025),with_era5,2025-09-10T18:00:00+00:00,latent_no_sar_max_wind_radii,Latent MLP · no SAR · wind + radii,20.49163892534043,False,hourly mean,3
EP112025,Kiko (2025),with_era5,2025-09-10T19:00:00+00:00,latent_no_sar_max_wind_radii,Latent MLP · no SAR · wind + radii,21.542553265889477,False,hourly mean,3
EP112025,Kiko (2025),with_era5,2025-09-10T20:00:00+00:00,latent_no_sar_max_wind_radii,Latent MLP · no SAR · wind + radii,23.477492968241364,False,hourly mean,3
EP112025,Kiko (2025),with_era5,2025-09-10T21:00:00+00:00,latent_no_sar_max_wind_radii,Latent MLP · no SAR · wind + radii,24.670655250549306,False,hourly mean,3
EP112025,Kiko (2025),with_era5,2025-09-10T22:00:00+00:00,latent_no_sar_max_wind_radii,Latent MLP · no SAR · wind + radii,24.732418272230348,False,hourly mean,3
EP112025,Kiko (2025),with_era5,2025-09-10T23:00:00+00:00,latent_no_sar_max_wind_radii,Latent MLP · no SAR · wind + radii,24.522294044494608,False,hourly mean,3
EP112025,Kiko (2025),without_era5,2025-08-31T00:00:00+00:00,ibtracs_best_track,IBTrACS best track,15.43332,False,hourly mean,3
EP112025,Kiko (2025),without_era5,2025-08-31T01:00:00+00:00,ibtracs_best_track,IBTrACS best track,15.43332,False,hourly mean,3
EP112025,Kiko (2025),without_era5,2025-08-31T02:00:00+00:00,ibtracs_best_track,IBTrACS best track,15.43332,False,hourly mean,3
EP112025,Kiko (2025),without_era5,2025-08-31T03:00:00+00:00,ibtracs_best_track,IBTrACS best track,15.43332,False,hourly mean,3
EP112025,Kiko (2025),without_era5,2025-08-31T04:00:00+00:00,ibtracs_best_track,IBTrACS best track,15.43332,False,hourly mean,3
EP112025,Kiko (2025),without_era5,2025-08-31T05:00:00+00:00,ibtracs_best_track,IBTrACS best track,15.505818497037035,False,hourly mean,3
EP112025,Kiko (2025),without_era5,2025-08-31T06:00:00+00:00,ibtracs_best_track,IBTrACS best track,15.749798327407406,False,hourly mean,3
EP112025,Kiko (2025),without_era5,2025-08-31T07:00:00+00:00,ibtracs_best_track,IBTrACS best track,16.165275369012345,False,hourly mean,3
EP112025,Kiko (2025),without_era5,2025-08-31T08:00:00+00:00,ibtracs_best_track,IBTrACS best track,16.655574373868316,False,hourly mean,3
EP112025,Kiko (2025),without_era5,2025-08-31T09:00:00+00:00,ibtracs_best_track,IBTrACS best track,17.088691763744855,False,hourly mean,3
EP112025,Kiko (2025),without_era5,2025-08-31T10:00:00+00:00,ibtracs_best_track,IBTrACS best track,17.464632831275722,False,hourly mean,3
EP112025,Kiko (2025),without_era5,2025-08-31T11:00:00+00:00,ibtracs_best_track,IBTrACS best track,17.759241996049383,False,hourly mean,3
EP112025,Kiko (2025),without_era5,2025-08-31T12:00:00+00:00,ibtracs_best_track,IBTrACS best track,17.939551442469135,False,hourly mean,3
EP112025,Kiko (2025),without_era5,2025-08-31T13:00:00+00:00,ibtracs_best_track,IBTrACS best track,18.00554,False,hourly mean,3
EP112025,Kiko (2025),without_era5,2025-08-31T14:00:00+00:00,ibtracs_best_track,IBTrACS best track,18.00554,False,hourly mean,3
EP112025,Kiko (2025),without_era5,2025-08-31T15:00:00+00:00,ibtracs_best_track,IBTrACS best track,18.00554,False,hourly mean,3
EP112025,Kiko (2025),without_era5,2025-08-31T16:00:00+00:00,ibtracs_best_track,IBTrACS best track,18.00554,False,hourly mean,3
EP112025,Kiko (2025),without_era5,2025-08-31T17:00:00+00:00,ibtracs_best_track,IBTrACS best track,18.07803849703704,False,hourly mean,3
EP112025,Kiko (2025),without_era5,2025-08-31T18:00:00+00:00,ibtracs_best_track,IBTrACS best track,18.32201832740741,False,hourly mean,3
EP112025,Kiko (2025),without_era5,2025-08-31T19:00:00+00:00,ibtracs_best_track,IBTrACS best track,18.737479491111113,False,hourly mean,3
EP112025,Kiko (2025),without_era5,2025-08-31T20:00:00+00:00,ibtracs_best_track,IBTrACS best track,19.227757325432098,False,hourly mean,3
EP112025,Kiko (2025),without_era5,2025-08-31T21:00:00+00:00,ibtracs_best_track,IBTrACS best track,19.66087471530864,False,hourly mean,3
EP112025,Kiko (2025),without_era5,2025-08-31T22:00:00+00:00,ibtracs_best_track,IBTrACS best track,20.03683166074074,False,hourly mean,3
EP112025,Kiko (2025),without_era5,2025-08-31T23:00:00+00:00,ibtracs_best_track,IBTrACS best track,20.331461996049384,False,hourly mean,3
EP112025,Kiko (2025),without_era5,2025-09-01T00:00:00+00:00,ibtracs_best_track,IBTrACS best track,20.511771442469136,False,hourly mean,3
EP112025,Kiko (2025),without_era5,2025-09-01T01:00:00+00:00,ibtracs_best_track,IBTrACS best track,20.57776,False,hourly mean,3
EP112025,Kiko (2025),without_era5,2025-09-01T02:00:00+00:00,ibtracs_best_track,IBTrACS best track,20.57776,False,hourly mean,3
EP112025,Kiko (2025),without_era5,2025-09-01T03:00:00+00:00,ibtracs_best_track,IBTrACS best track,20.57776,False,hourly mean,3
EP112025,Kiko (2025),without_era5,2025-09-01T04:00:00+00:00,ibtracs_best_track,IBTrACS best track,20.57776,False,hourly mean,3
EP112025,Kiko (2025),without_era5,2025-09-01T05:00:00+00:00,ibtracs_best_track,IBTrACS best track,20.65025849703704,False,hourly mean,3
EP112025,Kiko (2025),without_era5,2025-09-01T06:00:00+00:00,ibtracs_best_track,IBTrACS best track,20.894238327407407,False,hourly mean,3
EP112025,Kiko (2025),without_era5,2025-09-01T07:00:00+00:00,ibtracs_best_track,IBTrACS best track,21.30971536901235,False,hourly mean,3
EP112025,Kiko (2025),without_era5,2025-09-01T08:00:00+00:00,ibtracs_best_track,IBTrACS best track,21.80001437386831,False,hourly mean,3
EP112025,Kiko (2025),without_era5,2025-09-01T09:00:00+00:00,ibtracs_best_track,IBTrACS best track,22.233131763744854,False,hourly mean,3
EP112025,Kiko (2025),without_era5,2025-09-01T10:00:00+00:00,ibtracs_best_track,IBTrACS best track,22.60907283127572,False,hourly mean,3
EP112025,Kiko (2025),without_era5,2025-09-01T11:00:00+00:00,ibtracs_best_track,IBTrACS best track,23.024512824444447,False,hourly mean,3
EP112025,Kiko (2025),without_era5,2025-09-01T12:00:00+00:00,ibtracs_best_track,IBTrACS best track,23.611455321481483,False,hourly mean,3
EP112025,Kiko (2025),without_era5,2025-09-01T13:00:00+00:00,ibtracs_best_track,IBTrACS best track,24.36987915185185,False,hourly mean,3
EP112025,Kiko (2025),without_era5,2025-09-01T14:00:00+00:00,ibtracs_best_track,IBTrACS best track,25.23125529382716,False,hourly mean,3
EP112025,Kiko (2025),without_era5,2025-09-01T15:00:00+00:00,ibtracs_best_track,IBTrACS best track,26.088503181481485,False,hourly mean,3
EP112025,Kiko (2025),without_era5,2025-09-01T16:00:00+00:00,ibtracs_best_track,IBTrACS best track,26.945751069135806,False,hourly mean,3
EP112025,Kiko (2025),without_era5,2025-09-01T17:00:00+00:00,ibtracs_best_track,IBTrACS best track,27.678357432098768,False,hourly mean,3
EP112025,Kiko (2025),without_era5,2025-09-01T18:00:00+00:00,ibtracs_best_track,IBTrACS best track,28.129289827160495,False,hourly mean,3
EP112025,Kiko (2025),without_era5,2025-09-01T19:00:00+00:00,ibtracs_best_track,IBTrACS best track,28.29442,False,hourly mean,3
EP112025,Kiko (2025),without_era5,2025-09-01T20:00:00+00:00,ibtracs_best_track,IBTrACS best track,28.29442,False,hourly mean,3
EP112025,Kiko (2025),without_era5,2025-09-01T21:00:00+00:00,ibtracs_best_track,IBTrACS best track,28.29442,False,hourly mean,3
EP112025,Kiko (2025),without_era5,2025-09-01T22:00:00+00:00,ibtracs_best_track,IBTrACS best track,28.29442,False,hourly mean,3
EP112025,Kiko (2025),without_era5,2025-09-01T23:00:00+00:00,ibtracs_best_track,IBTrACS best track,28.415092049382718,False,hourly mean,3
EP112025,Kiko (2025),without_era5,2025-09-02T00:00:00+00:00,ibtracs_best_track,IBTrACS best track,28.821566320987653,False,hourly mean,3
EP112025,Kiko (2025),without_era5,2025-09-02T01:00:00+00:00,ibtracs_best_track,IBTrACS best track,29.51384281481482,False,hourly mean,3
EP112025,Kiko (2025),without_era5,2025-09-02T02:00:00+00:00,ibtracs_best_track,IBTrACS best track,30.371249481481485,False,hourly mean,3
EP112025,Kiko (2025),without_era5,2025-09-02T03:00:00+00:00,ibtracs_best_track,IBTrACS best track,31.228656148148147,False,hourly mean,3
EP112025,Kiko (2025),without_era5,2025-09-02T04:00:00+00:00,ibtracs_best_track,IBTrACS best track,32.08606281481482,False,hourly mean,3
EP112025,Kiko (2025),without_era5,2025-09-02T05:00:00+00:00,ibtracs_best_track,IBTrACS best track,32.94346948148148,False,hourly mean,3
EP112025,Kiko (2025),without_era5,2025-09-02T06:00:00+00:00,ibtracs_best_track,IBTrACS best track,33.80087614814815,False,hourly mean,3
EP112025,Kiko (2025),without_era5,2025-09-02T07:00:00+00:00,ibtracs_best_track,IBTrACS best track,34.65830927798354,False,hourly mean,3
EP112025,Kiko (2025),without_era5,2025-09-02T08:00:00+00:00,ibtracs_best_track,IBTrACS best track,35.515768870987664,False,hourly mean,3
EP112025,Kiko (2025),without_era5,2025-09-02T09:00:00+00:00,ibtracs_best_track,IBTrACS best track,36.373175537654326,False,hourly mean,3
EP112025,Kiko (2025),without_era5,2025-09-02T10:00:00+00:00,ibtracs_best_track,IBTrACS best track,37.230555741152266,False,hourly mean,3
EP112025,Kiko (2025),without_era5,2025-09-02T11:00:00+00:00,ibtracs_best_track,IBTrACS best track,38.039640661728406,False,hourly mean,3
EP112025,Kiko (2025),without_era5,2025-09-02T12:00:00+00:00,ibtracs_best_track,IBTrACS best track,38.734457619753094,False,hourly mean,3
EP112025,Kiko (2025),without_era5,2025-09-02T13:00:00+00:00,ibtracs_best_track,IBTrACS best track,39.31495368888889,False,hourly mean,3
EP112025,Kiko (2025),without_era5,2025-09-02T14:00:00+00:00,ibtracs_best_track,IBTrACS best track,39.805263279012344,False,hourly mean,3
EP112025,Kiko (2025),without_era5,2025-09-02T15:00:00+00:00,ibtracs_best_track,IBTrACS best track,40.238412424691354,False,hourly mean,3
EP112025,Kiko (2025),without_era5,2025-09-02T16:00:00+00:00,ibtracs_best_track,IBTrACS best track,40.61440112592592,False,hourly mean,3
EP112025,Kiko (2025),without_era5,2025-09-02T17:00:00+00:00,ibtracs_best_track,IBTrACS best track,41.029767022222224,False,hourly mean,3
EP112025,Kiko (2025),without_era5,2025-09-02T18:00:00+00:00,ibtracs_best_track,IBTrACS best track,41.61661425185185,False,hourly mean,3
EP112025,Kiko (2025),without_era5,2025-09-02T19:00:00+00:00,ibtracs_best_track,IBTrACS best track,42.37494281481482,False,hourly mean,3
EP112025,Kiko (2025),without_era5,2025-09-02T20:00:00+00:00,ibtracs_best_track,IBTrACS best track,43.232349481481485,False,hourly mean,3
EP112025,Kiko (2025),without_era5,2025-09-02T21:00:00+00:00,ibtracs_best_track,IBTrACS best track,44.08975614814815,True,hourly mean,3
EP112025,Kiko (2025),without_era5,2025-09-02T22:00:00+00:00,ibtracs_best_track,IBTrACS best track,44.94716281481482,True,hourly mean,3
EP112025,Kiko (2025),without_era5,2025-09-02T23:00:00+00:00,ibtracs_best_track,IBTrACS best track,45.68389743209877,True,hourly mean,3
EP112025,Kiko (2025),without_era5,2025-09-03T00:00:00+00:00,ibtracs_best_track,IBTrACS best track,46.134829827160495,True,hourly mean,3
EP112025,Kiko (2025),without_era5,2025-09-03T01:00:00+00:00,ibtracs_best_track,IBTrACS best track,46.29996,True,hourly mean,3
EP112025,Kiko (2025),without_era5,2025-09-03T02:00:00+00:00,ibtracs_best_track,IBTrACS best track,46.29996,True,hourly mean,3
EP112025,Kiko (2025),without_era5,2025-09-03T03:00:00+00:00,ibtracs_best_track,IBTrACS best track,46.29996,False,hourly mean,3
EP112025,Kiko (2025),without_era5,2025-09-03T04:00:00+00:00,ibtracs_best_track,IBTrACS best track,46.29996,False,hourly mean,3
EP112025,Kiko (2025),without_era5,2025-09-03T05:00:00+00:00,ibtracs_best_track,IBTrACS best track,46.29996,False,hourly mean,3
EP112025,Kiko (2025),without_era5,2025-09-03T06:00:00+00:00,ibtracs_best_track,IBTrACS best track,46.29996,False,hourly mean,3
EP112025,Kiko (2025),without_era5,2025-09-03T07:00:00+00:00,ibtracs_best_track,IBTrACS best track,46.29996,False,hourly mean,3
EP112025,Kiko (2025),without_era5,2025-09-03T08:00:00+00:00,ibtracs_best_track,IBTrACS best track,46.29996,False,hourly mean,3
EP112025,Kiko (2025),without_era5,2025-09-03T09:00:00+00:00,ibtracs_best_track,IBTrACS best track,46.29996,False,hourly mean,3
EP112025,Kiko (2025),without_era5,2025-09-03T10:00:00+00:00,ibtracs_best_track,IBTrACS best track,46.29996,False,hourly mean,3
EP112025,Kiko (2025),without_era5,2025-09-03T11:00:00+00:00,ibtracs_best_track,IBTrACS best track,46.54130409876543,False,hourly mean,3
EP112025,Kiko (2025),without_era5,2025-09-03T12:00:00+00:00,ibtracs_best_track,IBTrACS best track,47.35425264197531,False,hourly mean,3
EP112025,Kiko (2025),without_era5,2025-09-03T13:00:00+00:00,ibtracs_best_track,IBTrACS best track,48.73880562962963,False,hourly mean,3
EP112025,Kiko (2025),without_era5,2025-09-03T14:00:00+00:00,ibtracs_best_track,IBTrACS best track,50.45361896296296,False,hourly mean,3
EP112025,Kiko (2025),without_era5,2025-09-03T15:00:00+00:00,ibtracs_best_track,IBTrACS best track,52.168432296296295,False,hourly mean,3
EP112025,Kiko (2025),without_era5,2025-09-03T16:00:00+00:00,ibtracs_best_track,IBTrACS best track,53.883245629629634,False,hourly mean,3
EP112025,Kiko (2025),without_era5,2025-09-03T17:00:00+00:00,ibtracs_best_track,IBTrACS best track,55.54979014320988,False,hourly mean,3
EP112025,Kiko (2025),without_era5,2025-09-03T18:00:00+00:00,ibtracs_best_track,IBTrACS best track,57.102013767901234,True,hourly mean,3
EP112025,Kiko (2025),without_era5,2025-09-03T19:00:00+00:00,ibtracs_best_track,IBTrACS best track,58.5399165037037,True,hourly mean,3
EP112025,Kiko (2025),without_era5,2025-09-03T20:00:00+00:00,ibtracs_best_track,IBTrACS best track,59.88763276049383,True,hourly mean,3
EP112025,Kiko (2025),without_era5,2025-09-03T21:00:00+00:00,ibtracs_best_track,IBTrACS best track,61.17818857283951,True,hourly mean,3
EP112025,Kiko (2025),without_era5,2025-09-03T22:00:00+00:00,ibtracs_best_track,IBTrACS best track,62.41158394074074,True,hourly mean,3
EP112025,Kiko (2025),without_era5,2025-09-03T23:00:00+00:00,ibtracs_best_track,IBTrACS best track,63.443012404938266,True,hourly mean,3
EP112025,Kiko (2025),without_era5,2025-09-04T00:00:00+00:00,ibtracs_best_track,IBTrACS best track,64.07431775802469,True,hourly mean,3
EP112025,Kiko (2025),without_era5,2025-09-04T01:00:00+00:00,ibtracs_best_track,IBTrACS best track,64.3055,True,hourly mean,3
EP112025,Kiko (2025),without_era5,2025-09-04T02:00:00+00:00,ibtracs_best_track,IBTrACS best track,64.3055,True,hourly mean,3
EP112025,Kiko (2025),without_era5,2025-09-04T03:00:00+00:00,ibtracs_best_track,IBTrACS best track,64.3055,True,hourly mean,3
EP112025,Kiko (2025),without_era5,2025-09-04T04:00:00+00:00,ibtracs_best_track,IBTrACS best track,64.3055,True,hourly mean,3
EP112025,Kiko (2025),without_era5,2025-09-04T05:00:00+00:00,ibtracs_best_track,IBTrACS best track,64.18482795061728,True,hourly mean,3
EP112025,Kiko (2025),without_era5,2025-09-04T06:00:00+00:00,ibtracs_best_track,IBTrACS best track,63.77835367901235,True,hourly mean,3
EP112025,Kiko (2025),without_era5,2025-09-04T07:00:00+00:00,ibtracs_best_track,IBTrACS best track,63.0860374904321,True,hourly mean,3
EP112025,Kiko (2025),without_era5,2025-09-04T08:00:00+00:00,ibtracs_best_track,IBTrACS best track,62.22857789742798,True,hourly mean,3
EP112025,Kiko (2025),without_era5,2025-09-04T09:00:00+00:00,ibtracs_best_track,IBTrACS best track,61.37117123076131,False,hourly mean,3
EP112025,Kiko (2025),without_era5,2025-09-04T10:00:00+00:00,ibtracs_best_track,IBTrACS best track,60.513804258847735,False,hourly mean,3
EP112025,Kiko (2025),without_era5,2025-09-04T11:00:00+00:00,ibtracs_best_track,IBTrACS best track,59.77712256790124,False,hourly mean,3
EP112025,Kiko (2025),without_era5,2025-09-04T12:00:00+00:00,ibtracs_best_track,IBTrACS best track,59.32619017283951,False,hourly mean,3
EP112025,Kiko (2025),without_era5,2025-09-04T13:00:00+00:00,ibtracs_best_track,IBTrACS best track,59.16106,False,hourly mean,3
EP112025,Kiko (2025),without_era5,2025-09-04T14:00:00+00:00,ibtracs_best_track,IBTrACS best track,59.16106,False,hourly mean,3
EP112025,Kiko (2025),without_era5,2025-09-04T15:00:00+00:00,ibtracs_best_track,IBTrACS best track,59.16106,False,hourly mean,3
EP112025,Kiko (2025),without_era5,2025-09-04T16:00:00+00:00,ibtracs_best_track,IBTrACS best track,59.16106,False,hourly mean,3
EP112025,Kiko (2025),without_era5,2025-09-04T17:00:00+00:00,ibtracs_best_track,IBTrACS best track,59.131844661728394,False,hourly mean,3
EP112025,Kiko (2025),without_era5,2025-09-04T18:00:00+00:00,ibtracs_best_track,IBTrACS best track,58.95020147160494,False,hourly mean,3
EP112025,Kiko (2025),without_era5,2025-09-04T19:00:00+00:00,ibtracs_best_track,IBTrACS best track,58.67329087407408,False,hourly mean,3
EP112025,Kiko (2025),without_era5,2025-09-04T20:00:00+00:00,ibtracs_best_track,IBTrACS best track,58.28714031604938,False,hourly mean,3
EP112025,Kiko (2025),without_era5,2025-09-04T21:00:00+00:00,ibtracs_best_track,IBTrACS best track,57.88193627654321,False,hourly mean,3
EP112025,Kiko (2025),without_era5,2025-09-04T22:00:00+00:00,ibtracs_best_track,IBTrACS best track,57.400518311111114,False,hourly mean,3
EP112025,Kiko (2025),without_era5,2025-09-04T23:00:00+00:00,ibtracs_best_track,IBTrACS best track,56.91020872098766,False,hourly mean,3
EP112025,Kiko (2025),without_era5,2025-09-05T00:00:00+00:00,ibtracs_best_track,IBTrACS best track,56.47705957530865,False,hourly mean,3
EP112025,Kiko (2025),without_era5,2025-09-05T01:00:00+00:00,ibtracs_best_track,IBTrACS best track,56.10107087407408,False,hourly mean,3
EP112025,Kiko (2025),without_era5,2025-09-05T02:00:00+00:00,ibtracs_best_track,IBTrACS best track,55.733973797530865,False,hourly mean,3
EP112025,Kiko (2025),without_era5,2025-09-05T03:00:00+00:00,ibtracs_best_track,IBTrACS best track,55.30971627654321,False,hourly mean,3
EP112025,Kiko (2025),without_era5,2025-09-05T04:00:00+00:00,ibtracs_best_track,IBTrACS best track,54.82829831111112,False,hourly mean,3
EP112025,Kiko (2025),without_era5,2025-09-05T05:00:00+00:00,ibtracs_best_track,IBTrACS best track,54.33798872098765,False,hourly mean,3
EP112025,Kiko (2025),without_era5,2025-09-05T06:00:00+00:00,ibtracs_best_track,IBTrACS best track,53.90483957530864,False,hourly mean,3
EP112025,Kiko (2025),without_era5,2025-09-05T07:00:00+00:00,ibtracs_best_track,IBTrACS best track,53.52883499617284,False,hourly mean,3
EP112025,Kiko (2025),without_era5,2025-09-05T08:00:00+00:00,ibtracs_best_track,IBTrACS best track,53.161698224876545,False,hourly mean,3
EP112025,Kiko (2025),without_era5,2025-09-05T09:00:00+00:00,ibtracs_best_track,IBTrACS best track,52.73739307018519,False,hourly mean,3
EP112025,Kiko (2025),without_era5,2025-09-05T10:00:00+00:00,ibtracs_best_track,IBTrACS best track,52.255943348950616,False,hourly mean,3
EP112025,Kiko (2025),without_era5,2025-09-05T11:00:00+00:00,ibtracs_best_track,IBTrACS best track,51.88639313666667,False,hourly mean,3
EP112025,Kiko (2025),without_era5,2025-09-05T12:00:00+00:00,ibtracs_best_track,IBTrACS best track,51.85981353,False,hourly mean,3
EP112025,Kiko (2025),without_era5,2025-09-05T13:00:00+00:00,ibtracs_best_track,IBTrACS best track,52.176196589999996,False,hourly mean,3
EP112025,Kiko (2025),without_era5,2025-09-05T14:00:00+00:00,ibtracs_best_track,IBTrACS best track,52.66649030222222,False,hourly mean,3
EP112025,Kiko (2025),without_era5,2025-09-05T15:00:00+00:00,ibtracs_best_track,IBTrACS best track,53.099623570000006,False,hourly mean,3
EP112025,Kiko (2025),without_era5,2025-09-05T16:00:00+00:00,ibtracs_best_track,IBTrACS best track,53.47559639333334,False,hourly mean,3
EP112025,Kiko (2025),without_era5,2025-09-05T17:00:00+00:00,ibtracs_best_track,IBTrACS best track,53.891009923333336,False,hourly mean,3
EP112025,Kiko (2025),without_era5,2025-09-05T18:00:00+00:00,ibtracs_best_track,IBTrACS best track,54.47790478666667,False,hourly mean,3
EP112025,Kiko (2025),without_era5,2025-09-05T19:00:00+00:00,ibtracs_best_track,IBTrACS best track,55.23628098333333,False,hourly mean,3
EP112025,Kiko (2025),without_era5,2025-09-05T20:00:00+00:00,ibtracs_best_track,IBTrACS best track,56.09362149207819,False,hourly mean,3
EP112025,Kiko (2025),without_era5,2025-09-05T21:00:00+00:00,ibtracs_best_track,IBTrACS best track,56.950948769238686,False,hourly mean,3
EP112025,Kiko (2025),without_era5,2025-09-05T22:00:00+00:00,ibtracs_best_track,IBTrACS best track,57.80827604639918,False,hourly mean,3
EP112025,Kiko (2025),without_era5,2025-09-05T23:00:00+00:00,ibtracs_best_track,IBTrACS best track,58.61740066172839,False,hourly mean,3
EP112025,Kiko (2025),without_era5,2025-09-06T00:00:00+00:00,ibtracs_best_track,IBTrACS best track,59.312217619753085,False,hourly mean,3
EP112025,Kiko (2025),without_era5,2025-09-06T01:00:00+00:00,ibtracs_best_track,IBTrACS best track,59.8927136888889,False,hourly mean,3
EP112025,Kiko (2025),without_era5,2025-09-06T02:00:00+00:00,ibtracs_best_track,IBTrACS best track,60.38302327901235,False,hourly mean,3
EP112025,Kiko (2025),without_era5,2025-09-06T03:00:00+00:00,ibtracs_best_track,IBTrACS best track,60.81617242469136,False,hourly mean,3
EP112025,Kiko (2025),without_era5,2025-09-06T04:00:00+00:00,ibtracs_best_track,IBTrACS best track,61.19216112592593,False,hourly mean,3
EP112025,Kiko (2025),without_era5,2025-09-06T05:00:00+00:00,ibtracs_best_track,IBTrACS best track,61.36618292345679,False,hourly mean,3
EP112025,Kiko (2025),without_era5,2025-09-06T06:00:00+00:00,ibtracs_best_track,IBTrACS best track,61.140081609876546,False,hourly mean,3
EP112025,Kiko (2025),without_era5,2025-09-06T07:00:00+00:00,ibtracs_best_track,IBTrACS best track,60.513817490432096,False,hourly mean,3
EP112025,Kiko (2025),without_era5,2025-09-06T08:00:00+00:00,ibtracs_best_track,IBTrACS best track,59.65634466584362,False,hourly mean,3
EP112025,Kiko (2025),without_era5,2025-09-06T09:00:00+00:00,ibtracs_best_track,IBTrACS best track,58.78456849855968,False,hourly mean,3
EP112025,Kiko (2025),without_era5,2025-09-06T10:00:00+00:00,ibtracs_best_track,IBTrACS best track,57.92712213713992,False,hourly mean,3
EP112025,Kiko (2025),without_era5,2025-09-06T11:00:00+00:00,ibtracs_best_track,IBTrACS best track,57.19045367777778,False,hourly mean,3
EP112025,Kiko (2025),without_era5,2025-09-06T12:00:00+00:00,ibtracs_best_track,IBTrACS best track,56.75389078333333,False,hourly mean,3
EP112025,Kiko (2025),without_era5,2025-09-06T13:00:00+00:00,ibtracs_best_track,IBTrACS best track,56.588840000000005,False,hourly mean,3
EP112025,Kiko (2025),without_era5,2025-09-06T14:00:00+00:00,ibtracs_best_track,IBTrACS best track,56.588840000000005,False,hourly mean,3
EP112025,Kiko (2025),without_era5,2025-09-06T15:00:00+00:00,ibtracs_best_track,IBTrACS best track,56.588840000000005,False,hourly mean,3
EP112025,Kiko (2025),without_era5,2025-09-06T16:00:00+00:00,ibtracs_best_track,IBTrACS best track,56.588840000000005,False,hourly mean,3
EP112025,Kiko (2025),without_era5,2025-09-06T17:00:00+00:00,ibtracs_best_track,IBTrACS best track,56.661290863333335,False,hourly mean,3
EP112025,Kiko (2025),without_era5,2025-09-06T18:00:00+00:00,ibtracs_best_track,IBTrACS best track,56.905223060000004,False,hourly mean,3
EP112025,Kiko (2025),without_era5,2025-09-06T19:00:00+00:00,ibtracs_best_track,IBTrACS best track,57.32063659,False,hourly mean,3
EP112025,Kiko (2025),without_era5,2025-09-06T20:00:00+00:00,ibtracs_best_track,IBTrACS best track,57.810930302222225,False,hourly mean,3
EP112025,Kiko (2025),without_era5,2025-09-06T21:00:00+00:00,ibtracs_best_track,IBTrACS best track,58.24406357,False,hourly mean,3
EP112025,Kiko (2025),without_era5,2025-09-06T22:00:00+00:00,ibtracs_best_track,IBTrACS best track,58.62003639333333,False,hourly mean,3
EP112025,Kiko (2025),without_era5,2025-09-06T23:00:00+00:00,ibtracs_best_track,IBTrACS best track,58.86639790888889,False,hourly mean,3
EP112025,Kiko (2025),without_era5,2025-09-07T00:00:00+00:00,ibtracs_best_track,IBTrACS best track,58.884117646666674,False,hourly mean,3
EP112025,Kiko (2025),without_era5,2025-09-07T01:00:00+00:00,ibtracs_best_track,IBTrACS best track,58.67319560666667,False,hourly mean,3
EP112025,Kiko (2025),without_era5,2025-09-07T02:00:00+00:00,ibtracs_best_track,IBTrACS best track,58.30608265222222,False,hourly mean,3
EP112025,Kiko (2025),without_era5,2025-09-07T03:00:00+00:00,ibtracs_best_track,IBTrACS best track,57.88180925333334,False,hourly mean,3
EP112025,Kiko (2025),without_era5,2025-09-07T04:00:00+00:00,ibtracs_best_track,IBTrACS best track,57.40037541,False,hourly mean,3
EP112025,Kiko (2025),without_era5,2025-09-07T05:00:00+00:00,ibtracs_best_track,IBTrACS best track,56.91008169777778,False,hourly mean,3
EP112025,Kiko (2025),without_era5,2025-09-07T06:00:00+00:00,ibtracs_best_track,IBTrACS best track,56.47694843,False,hourly mean,3
EP112025,Kiko (2025),without_era5,2025-09-07T07:00:00+00:00,ibtracs_best_track,IBTrACS best track,56.10097031403293,False,hourly mean,3
EP112025,Kiko (2025),without_era5,2025-09-07T08:00:00+00:00,ibtracs_best_track,IBTrACS best track,55.73385735958848,False,hourly mean,3
EP112025,Kiko (2025),without_era5,2025-09-07T09:00:00+00:00,ibtracs_best_track,IBTrACS best track,55.30958396069959,False,hourly mean,3
EP112025,Kiko (2025),without_era5,2025-09-07T10:00:00+00:00,ibtracs_best_track,IBTrACS best track,54.828155409999994,False,hourly mean,3
EP112025,Kiko (2025),without_era5,2025-09-07T11:00:00+00:00,ibtracs_best_track,IBTrACS best track,54.265410834444445,False,hourly mean,3
EP112025,Kiko (2025),without_era5,2025-09-07T12:00:00+00:00,ibtracs_best_track,IBTrACS best track,53.588345370000006,False,hourly mean,3
EP112025,Kiko (2025),without_era5,2025-09-07T13:00:00+00:00,ibtracs_best_track,IBTrACS best track,52.79695901666667,False,hourly mean,3
EP112025,Kiko (2025),without_era5,2025-09-07T14:00:00+00:00,ibtracs_best_track,IBTrACS best track,51.93955234999999,False,hourly mean,3
EP112025,Kiko (2025),without_era5,2025-09-07T15:00:00+00:00,ibtracs_best_track,IBTrACS best track,51.08214568333332,False,hourly mean,3
EP112025,Kiko (2025),without_era5,2025-09-07T16:00:00+00:00,ibtracs_best_track,IBTrACS best track,50.22473901666666,False,hourly mean,3
EP112025,Kiko (2025),without_era5,2025-09-07T17:00:00+00:00,ibtracs_best_track,IBTrACS best track,49.48808378888888,False,hourly mean,3
EP112025,Kiko (2025),without_era5,2025-09-07T18:00:00+00:00,ibtracs_best_track,IBTrACS best track,49.037230783333335,False,hourly mean,3
EP112025,Kiko (2025),without_era5,2025-09-07T19:00:00+00:00,ibtracs_best_track,IBTrACS best track,48.87217999999999,False,hourly mean,3
EP112025,Kiko (2025),without_era5,2025-09-07T20:00:00+00:00,ibtracs_best_track,IBTrACS best track,48.87217999999999,False,hourly mean,3
EP112025,Kiko (2025),without_era5,2025-09-07T21:00:00+00:00,ibtracs_best_track,IBTrACS best track,48.87217999999999,False,hourly mean,3
EP112025,Kiko (2025),without_era5,2025-09-07T22:00:00+00:00,ibtracs_best_track,IBTrACS best track,48.87217999999999,False,hourly mean,3
EP112025,Kiko (2025),without_era5,2025-09-07T23:00:00+00:00,ibtracs_best_track,IBTrACS best track,48.82387942444444,False,hourly mean,3
EP112025,Kiko (2025),without_era5,2025-09-08T00:00:00+00:00,ibtracs_best_track,IBTrACS best track,48.66125796,False,hourly mean,3
EP112025,Kiko (2025),without_era5,2025-09-08T01:00:00+00:00,ibtracs_best_track,IBTrACS best track,48.38431560666667,False,hourly mean,3
EP112025,Kiko (2025),without_era5,2025-09-08T02:00:00+00:00,ibtracs_best_track,IBTrACS best track,48.01720265222222,False,hourly mean,3
EP112025,Kiko (2025),without_era5,2025-09-08T03:00:00+00:00,ibtracs_best_track,IBTrACS best track,47.59292925333333,False,hourly mean,3
EP112025,Kiko (2025),without_era5,2025-09-08T04:00:00+00:00,ibtracs_best_track,IBTrACS best track,47.11149541,False,hourly mean,3
EP112025,Kiko (2025),without_era5,2025-09-08T05:00:00+00:00,ibtracs_best_track,IBTrACS best track,46.621201697777785,False,hourly mean,3
EP112025,Kiko (2025),without_era5,2025-09-08T06:00:00+00:00,ibtracs_best_track,IBTrACS best track,46.18806843000001,False,hourly mean,3
EP112025,Kiko (2025),without_era5,2025-09-08T07:00:00+00:00,ibtracs_best_track,IBTrACS best track,45.812095606666674,False,hourly mean,3
EP112025,Kiko (2025),without_era5,2025-09-08T08:00:00+00:00,ibtracs_best_track,IBTrACS best track,45.44498265222222,False,hourly mean,3
EP112025,Kiko (2025),without_era5,2025-09-08T09:00:00+00:00,ibtracs_best_track,IBTrACS best track,45.02070925333334,False,hourly mean,3
EP112025,Kiko (2025),without_era5,2025-09-08T10:00:00+00:00,ibtracs_best_track,IBTrACS best track,44.539275409999995,False,hourly mean,3
EP112025,Kiko (2025),without_era5,2025-09-08T11:00:00+00:00,ibtracs_best_track,IBTrACS best track,44.048981697777776,False,hourly mean,3
EP112025,Kiko (2025),without_era5,2025-09-08T12:00:00+00:00,ibtracs_best_track,IBTrACS best track,43.61584843,False,hourly mean,3
EP112025,Kiko (2025),without_era5,2025-09-08T13:00:00+00:00,ibtracs_best_track,IBTrACS best track,43.239875606666665,False,hourly mean,3
EP112025,Kiko (2025),without_era5,2025-09-08T14:00:00+00:00,ibtracs_best_track,IBTrACS best track,42.87276265222223,False,hourly mean,3
EP112025,Kiko (2025),without_era5,2025-09-08T15:00:00+00:00,ibtracs_best_track,IBTrACS best track,42.448489253333335,False,hourly mean,3
EP112025,Kiko (2025),without_era5,2025-09-08T16:00:00+00:00,ibtracs_best_track,IBTrACS best track,41.96705541,False,hourly mean,3
EP112025,Kiko (2025),without_era5,2025-09-08T17:00:00+00:00,ibtracs_best_track,IBTrACS best track,41.35601025888889,False,hourly mean,3
EP112025,Kiko (2025),without_era5,2025-09-08T18:00:00+00:00,ibtracs_best_track,IBTrACS best track,40.51632333,False,hourly mean,3
EP112025,Kiko (2025),without_era5,2025-09-08T19:00:00+00:00,ibtracs_best_track,IBTrACS best track,39.44799462333333,False,hourly mean,3
EP112025,Kiko (2025),without_era5,2025-09-08T20:00:00+00:00,ibtracs_best_track,IBTrACS best track,38.22347500222222,False,hourly mean,3
EP112025,Kiko (2025),without_era5,2025-09-08T21:00:00+00:00,ibtracs_best_track,IBTrACS best track,36.94179493666667,False,hourly mean,3
EP112025,Kiko (2025),without_era5,2025-09-08T22:00:00+00:00,ibtracs_best_track,IBTrACS best track,35.60295442666667,False,hourly mean,3
EP112025,Kiko (2025),without_era5,2025-09-08T23:00:00+00:00,ibtracs_best_track,IBTrACS best track,34.255254047777775,False,hourly mean,3
EP112025,Kiko (2025),without_era5,2025-09-09T00:00:00+00:00,ibtracs_best_track,IBTrACS best track,32.964714113333336,False,hourly mean,3
EP112025,Kiko (2025),without_era5,2025-09-09T01:00:00+00:00,ibtracs_best_track,IBTrACS best track,31.731334623333336,False,hourly mean,3
EP112025,Kiko (2025),without_era5,2025-09-09T02:00:00+00:00,ibtracs_best_track,IBTrACS best track,30.506815002222226,False,hourly mean,3
EP112025,Kiko (2025),without_era5,2025-09-09T03:00:00+00:00,ibtracs_best_track,IBTrACS best track,29.225134936666667,False,hourly mean,3
EP112025,Kiko (2025),without_era5,2025-09-09T04:00:00+00:00,ibtracs_best_track,IBTrACS best track,27.886294426666666,False,hourly mean,3
EP112025,Kiko (2025),without_era5,2025-09-09T05:00:00+00:00,ibtracs_best_track,IBTrACS best track,26.586894623333333,False,hourly mean,3
EP112025,Kiko (2025),without_era5,2025-09-09T06:00:00+00:00,ibtracs_best_track,IBTrACS best track,25.458976153333335,False,hourly mean,3
EP112025,Kiko (2025),without_era5,2025-09-09T07:00:00+00:00,ibtracs_best_track,IBTrACS best track,24.50253901666667,False,hourly mean,3
EP112025,Kiko (2025),without_era5,2025-09-09T08:00:00+00:00,ibtracs_best_track,IBTrACS best track,23.64513235,False,hourly mean,3
EP112025,Kiko (2025),without_era5,2025-09-09T09:00:00+00:00,ibtracs_best_track,IBTrACS best track,22.787725683333335,False,hourly mean,3
EP112025,Kiko (2025),without_era5,2025-09-09T10:00:00+00:00,ibtracs_best_track,IBTrACS best track,21.93031901666667,False,hourly mean,3
EP112025,Kiko (2025),without_era5,2025-09-09T11:00:00+00:00,ibtracs_best_track,IBTrACS best track,21.19366378888889,False,hourly mean,3
EP112025,Kiko (2025),without_era5,2025-09-09T12:00:00+00:00,ibtracs_best_track,IBTrACS best track,20.742810783333336,False,hourly mean,3
EP112025,Kiko (2025),without_era5,2025-09-09T13:00:00+00:00,ibtracs_best_track,IBTrACS best track,20.57776,False,hourly mean,3
EP112025,Kiko (2025),without_era5,2025-09-09T14:00:00+00:00,ibtracs_best_track,IBTrACS best track,20.57776,False,hourly mean,3
EP112025,Kiko (2025),without_era5,2025-09-09T15:00:00+00:00,ibtracs_best_track,IBTrACS best track,20.57776,False,hourly mean,3
EP112025,Kiko (2025),without_era5,2025-09-09T16:00:00+00:00,ibtracs_best_track,IBTrACS best track,20.57776,False,hourly mean,3
EP112025,Kiko (2025),without_era5,2025-09-09T17:00:00+00:00,ibtracs_best_track,IBTrACS best track,20.529459424444447,False,hourly mean,3
EP112025,Kiko (2025),without_era5,2025-09-09T18:00:00+00:00,ibtracs_best_track,IBTrACS best track,20.36683796,False,hourly mean,3
EP112025,Kiko (2025),without_era5,2025-09-09T19:00:00+00:00,ibtracs_best_track,IBTrACS best track,20.08989560666667,False,hourly mean,3
EP112025,Kiko (2025),without_era5,2025-09-09T20:00:00+00:00,ibtracs_best_track,IBTrACS best track,19.722782652222225,False,hourly mean,3
EP112025,Kiko (2025),without_era5,2025-09-09T21:00:00+00:00,ibtracs_best_track,IBTrACS best track,19.298509253333336,False,hourly mean,3
EP112025,Kiko (2025),without_era5,2025-09-09T22:00:00+00:00,ibtracs_best_track,IBTrACS best track,18.81707541,False,hourly mean,3
EP112025,Kiko (2025),without_era5,2025-09-09T23:00:00+00:00,ibtracs_best_track,IBTrACS best track,18.375082273333334,False,hourly mean,3
EP112025,Kiko (2025),without_era5,2025-09-10T00:00:00+00:00,ibtracs_best_track,IBTrACS best track,18.10457047,False,hourly mean,3
EP112025,Kiko (2025),without_era5,2025-09-10T01:00:00+00:00,ibtracs_best_track,IBTrACS best track,18.00554,False,hourly mean,3
EP112025,Kiko (2025),without_era5,2025-09-10T02:00:00+00:00,ibtracs_best_track,IBTrACS best track,18.00554,False,hourly mean,3
EP112025,Kiko (2025),without_era5,2025-09-10T03:00:00+00:00,ibtracs_best_track,IBTrACS best track,18.00554,False,hourly mean,3
EP112025,Kiko (2025),without_era5,2025-09-10T04:00:00+00:00,ibtracs_best_track,IBTrACS best track,18.00554,False,hourly mean,3
EP112025,Kiko (2025),without_era5,2025-09-10T05:00:00+00:00,ibtracs_best_track,IBTrACS best track,17.957239424444445,False,hourly mean,3
EP112025,Kiko (2025),without_era5,2025-09-10T06:00:00+00:00,ibtracs_best_track,IBTrACS best track,17.79461796,False,hourly mean,3
EP112025,Kiko (2025),without_era5,2025-09-10T07:00:00+00:00,ibtracs_best_track,IBTrACS best track,17.517675606666668,False,hourly mean,3
EP112025,Kiko (2025),without_era5,2025-09-10T08:00:00+00:00,ibtracs_best_track,IBTrACS best track,17.150562652222224,False,hourly mean,3
EP112025,Kiko (2025),without_era5,2025-09-10T09:00:00+00:00,ibtracs_best_track,IBTrACS best track,16.726289253333334,False,hourly mean,3
EP112025,Kiko (2025),without_era5,2025-09-10T10:00:00+00:00,ibtracs_best_track,IBTrACS best track,16.24485541,False,hourly mean,3
EP112025,Kiko (2025),without_era5,2025-09-10T11:00:00+00:00,ibtracs_best_track,IBTrACS best track,15.802862273333332,False,hourly mean,3
EP112025,Kiko (2025),without_era5,2025-09-10T12:00:00+00:00,ibtracs_best_track,IBTrACS best track,15.532350469999999,False,hourly mean,3
EP112025,Kiko (2025),without_era5,2025-09-10T13:00:00+00:00,ibtracs_best_track,IBTrACS best track,15.43332,False,hourly mean,3
EP112025,Kiko (2025),without_era5,2025-09-10T14:00:00+00:00,ibtracs_best_track,IBTrACS best track,15.43332,False,hourly mean,3
EP112025,Kiko (2025),without_era5,2025-09-10T15:00:00+00:00,ibtracs_best_track,IBTrACS best track,15.43332,False,hourly mean,3
EP112025,Kiko (2025),without_era5,2025-09-10T16:00:00+00:00,ibtracs_best_track,IBTrACS best track,15.43332,False,hourly mean,3
EP112025,Kiko (2025),without_era5,2025-09-10T17:00:00+00:00,ibtracs_best_track,IBTrACS best track,15.43332,False,hourly mean,3
EP112025,Kiko (2025),without_era5,2025-09-10T18:00:00+00:00,ibtracs_best_track,IBTrACS best track,15.43332,False,hourly mean,3
EP112025,Kiko (2025),without_era5,2025-09-10T19:00:00+00:00,ibtracs_best_track,IBTrACS best track,15.43332,False,hourly mean,3
EP112025,Kiko (2025),without_era5,2025-09-10T20:00:00+00:00,ibtracs_best_track,IBTrACS best track,15.43332,False,hourly mean,3
EP112025,Kiko (2025),without_era5,2025-09-10T21:00:00+00:00,ibtracs_best_track,IBTrACS best track,15.43332,False,hourly mean,3
EP112025,Kiko (2025),without_era5,2025-09-10T22:00:00+00:00,ibtracs_best_track,IBTrACS best track,15.43332,False,hourly mean,3
EP112025,Kiko (2025),without_era5,2025-09-10T23:00:00+00:00,ibtracs_best_track,IBTrACS best track,15.43332,False,hourly mean,3
EP112025,Kiko (2025),without_era5,2025-08-31T00:00:00+00:00,era5_max_wind,ERA5 10 m maximum,9.294077505286964,False,hourly mean,3
EP112025,Kiko (2025),without_era5,2025-08-31T01:00:00+00:00,era5_max_wind,ERA5 10 m maximum,9.294077505286964,False,hourly mean,3
EP112025,Kiko (2025),without_era5,2025-08-31T02:00:00+00:00,era5_max_wind,ERA5 10 m maximum,9.021471971569431,False,hourly mean,3
EP112025,Kiko (2025),without_era5,2025-08-31T03:00:00+00:00,era5_max_wind,ERA5 10 m maximum,8.748866437851897,False,hourly mean,3
EP112025,Kiko (2025),without_era5,2025-08-31T04:00:00+00:00,era5_max_wind,ERA5 10 m maximum,8.476260904134362,False,hourly mean,3
EP112025,Kiko (2025),without_era5,2025-08-31T05:00:00+00:00,era5_max_wind,ERA5 10 m maximum,8.476260904134362,False,hourly mean,3
EP112025,Kiko (2025),without_era5,2025-08-31T06:00:00+00:00,era5_max_wind,ERA5 10 m maximum,8.476260904134362,False,hourly mean,3
EP112025,Kiko (2025),without_era5,2025-08-31T07:00:00+00:00,era5_max_wind,ERA5 10 m maximum,8.476260904134362,False,hourly mean,3
EP112025,Kiko (2025),without_era5,2025-08-31T08:00:00+00:00,era5_max_wind,ERA5 10 m maximum,9.31034788252799,False,hourly mean,3
EP112025,Kiko (2025),without_era5,2025-08-31T09:00:00+00:00,era5_max_wind,ERA5 10 m maximum,10.144434860921619,False,hourly mean,3
EP112025,Kiko (2025),without_era5,2025-08-31T10:00:00+00:00,era5_max_wind,ERA5 10 m maximum,10.978521839315247,False,hourly mean,3
EP112025,Kiko (2025),without_era5,2025-08-31T11:00:00+00:00,era5_max_wind,ERA5 10 m maximum,10.978521839315247,False,hourly mean,3
EP112025,Kiko (2025),without_era5,2025-08-31T12:00:00+00:00,era5_max_wind,ERA5 10 m maximum,10.978521839315247,False,hourly mean,3
EP112025,Kiko (2025),without_era5,2025-08-31T13:00:00+00:00,era5_max_wind,ERA5 10 m maximum,10.978521839315247,False,hourly mean,3
EP112025,Kiko (2025),without_era5,2025-08-31T14:00:00+00:00,era5_max_wind,ERA5 10 m maximum,11.698939924918477,False,hourly mean,3
EP112025,Kiko (2025),without_era5,2025-08-31T15:00:00+00:00,era5_max_wind,ERA5 10 m maximum,12.419358010521705,False,hourly mean,3
EP112025,Kiko (2025),without_era5,2025-08-31T16:00:00+00:00,era5_max_wind,ERA5 10 m maximum,13.139776096124935,False,hourly mean,3
EP112025,Kiko (2025),without_era5,2025-08-31T17:00:00+00:00,era5_max_wind,ERA5 10 m maximum,13.139776096124935,False,hourly mean,3
EP112025,Kiko (2025),without_era5,2025-08-31T18:00:00+00:00,era5_max_wind,ERA5 10 m maximum,13.139776096124935,False,hourly mean,3
EP112025,Kiko (2025),without_era5,2025-08-31T19:00:00+00:00,era5_max_wind,ERA5 10 m maximum,13.139776096124935,False,hourly mean,3
EP112025,Kiko (2025),without_era5,2025-08-31T20:00:00+00:00,era5_max_wind,ERA5 10 m maximum,13.25956766491848,False,hourly mean,3
EP112025,Kiko (2025),without_era5,2025-08-31T21:00:00+00:00,era5_max_wind,ERA5 10 m maximum,13.379359233712028,False,hourly mean,3
EP112025,Kiko (2025),without_era5,2025-08-31T22:00:00+00:00,era5_max_wind,ERA5 10 m maximum,13.499150802505573,False,hourly mean,3
EP112025,Kiko (2025),without_era5,2025-08-31T23:00:00+00:00,era5_max_wind,ERA5 10 m maximum,13.499150802505573,False,hourly mean,3
EP112025,Kiko (2025),without_era5,2025-09-01T00:00:00+00:00,era5_max_wind,ERA5 10 m maximum,13.499150802505573,False,hourly mean,3
EP112025,Kiko (2025),without_era5,2025-09-01T01:00:00+00:00,era5_max_wind,ERA5 10 m maximum,13.499150802505573,False,hourly mean,3
EP112025,Kiko (2025),without_era5,2025-09-01T02:00:00+00:00,era5_max_wind,ERA5 10 m maximum,13.163947344215876,False,hourly mean,3
EP112025,Kiko (2025),without_era5,2025-09-01T03:00:00+00:00,era5_max_wind,ERA5 10 m maximum,12.828743885926178,False,hourly mean,3
EP112025,Kiko (2025),without_era5,2025-09-01T04:00:00+00:00,era5_max_wind,ERA5 10 m maximum,12.49354042763648,False,hourly mean,3
EP112025,Kiko (2025),without_era5,2025-09-01T05:00:00+00:00,era5_max_wind,ERA5 10 m maximum,12.49354042763648,False,hourly mean,3
EP112025,Kiko (2025),without_era5,2025-09-01T06:00:00+00:00,era5_max_wind,ERA5 10 m maximum,12.49354042763648,False,hourly mean,3
EP112025,Kiko (2025),without_era5,2025-09-01T07:00:00+00:00,era5_max_wind,ERA5 10 m maximum,12.49354042763648,False,hourly mean,3
EP112025,Kiko (2025),without_era5,2025-09-01T08:00:00+00:00,era5_max_wind,ERA5 10 m maximum,12.278632162127442,False,hourly mean,3
EP112025,Kiko (2025),without_era5,2025-09-01T09:00:00+00:00,era5_max_wind,ERA5 10 m maximum,12.063723896618404,False,hourly mean,3
EP112025,Kiko (2025),without_era5,2025-09-01T10:00:00+00:00,era5_max_wind,ERA5 10 m maximum,11.848815631109366,False,hourly mean,3
EP112025,Kiko (2025),without_era5,2025-09-01T11:00:00+00:00,era5_max_wind,ERA5 10 m maximum,11.848815631109366,False,hourly mean,3
EP112025,Kiko (2025),without_era5,2025-09-01T12:00:00+00:00,era5_max_wind,ERA5 10 m maximum,11.848815631109366,False,hourly mean,3
EP112025,Kiko (2025),without_era5,2025-09-01T13:00:00+00:00,era5_max_wind,ERA5 10 m maximum,11.848815631109366,False,hourly mean,3
EP112025,Kiko (2025),without_era5,2025-09-01T14:00:00+00:00,era5_max_wind,ERA5 10 m maximum,12.2868612573454,False,hourly mean,3
EP112025,Kiko (2025),without_era5,2025-09-01T15:00:00+00:00,era5_max_wind,ERA5 10 m maximum,12.724906883581438,False,hourly mean,3
EP112025,Kiko (2025),without_era5,2025-09-01T16:00:00+00:00,era5_max_wind,ERA5 10 m maximum,13.162952509817472,False,hourly mean,3
EP112025,Kiko (2025),without_era5,2025-09-01T17:00:00+00:00,era5_max_wind,ERA5 10 m maximum,13.162952509817472,False,hourly mean,3
EP112025,Kiko (2025),without_era5,2025-09-01T18:00:00+00:00,era5_max_wind,ERA5 10 m maximum,13.162952509817472,False,hourly mean,3
EP112025,Kiko (2025),without_era5,2025-09-01T19:00:00+00:00,era5_max_wind,ERA5 10 m maximum,13.162952509817472,False,hourly mean,3
EP112025,Kiko (2025),without_era5,2025-09-01T20:00:00+00:00,era5_max_wind,ERA5 10 m maximum,13.218217890005151,False,hourly mean,3
EP112025,Kiko (2025),without_era5,2025-09-01T21:00:00+00:00,era5_max_wind,ERA5 10 m maximum,13.273483270192832,False,hourly mean,3
EP112025,Kiko (2025),without_era5,2025-09-01T22:00:00+00:00,era5_max_wind,ERA5 10 m maximum,13.328748650380513,False,hourly mean,3
EP112025,Kiko (2025),without_era5,2025-09-01T23:00:00+00:00,era5_max_wind,ERA5 10 m maximum,13.328748650380513,False,hourly mean,3
EP112025,Kiko (2025),without_era5,2025-09-02T00:00:00+00:00,era5_max_wind,ERA5 10 m maximum,13.328748650380513,False,hourly mean,3
EP112025,Kiko (2025),without_era5,2025-09-02T01:00:00+00:00,era5_max_wind,ERA5 10 m maximum,13.328748650380513,False,hourly mean,3
EP112025,Kiko (2025),without_era5,2025-09-02T02:00:00+00:00,era5_max_wind,ERA5 10 m maximum,13.186601122240845,False,hourly mean,3
EP112025,Kiko (2025),without_era5,2025-09-02T03:00:00+00:00,era5_max_wind,ERA5 10 m maximum,13.044453594101178,False,hourly mean,3
EP112025,Kiko (2025),without_era5,2025-09-02T04:00:00+00:00,era5_max_wind,ERA5 10 m maximum,12.90230606596151,False,hourly mean,3
EP112025,Kiko (2025),without_era5,2025-09-02T05:00:00+00:00,era5_max_wind,ERA5 10 m maximum,12.90230606596151,False,hourly mean,3
EP112025,Kiko (2025),without_era5,2025-09-02T06:00:00+00:00,era5_max_wind,ERA5 10 m maximum,12.90230606596151,False,hourly mean,3
EP112025,Kiko (2025),without_era5,2025-09-02T07:00:00+00:00,era5_max_wind,ERA5 10 m maximum,12.90230606596151,False,hourly mean,3
EP112025,Kiko (2025),without_era5,2025-09-02T08:00:00+00:00,era5_max_wind,ERA5 10 m maximum,12.954231479279846,False,hourly mean,3
EP112025,Kiko (2025),without_era5,2025-09-02T09:00:00+00:00,era5_max_wind,ERA5 10 m maximum,13.00615689259818,False,hourly mean,3
EP112025,Kiko (2025),without_era5,2025-09-02T10:00:00+00:00,era5_max_wind,ERA5 10 m maximum,13.058082305916516,False,hourly mean,3
EP112025,Kiko (2025),without_era5,2025-09-02T11:00:00+00:00,era5_max_wind,ERA5 10 m maximum,13.058082305916516,False,hourly mean,3
EP112025,Kiko (2025),without_era5,2025-09-02T12:00:00+00:00,era5_max_wind,ERA5 10 m maximum,13.058082305916516,False,hourly mean,3
EP112025,Kiko (2025),without_era5,2025-09-02T13:00:00+00:00,era5_max_wind,ERA5 10 m maximum,13.058082305916516,False,hourly mean,3
EP112025,Kiko (2025),without_era5,2025-09-02T14:00:00+00:00,era5_max_wind,ERA5 10 m maximum,13.110392333979155,False,hourly mean,3
EP112025,Kiko (2025),without_era5,2025-09-02T15:00:00+00:00,era5_max_wind,ERA5 10 m maximum,13.16270236204179,False,hourly mean,3
EP112025,Kiko (2025),without_era5,2025-09-02T16:00:00+00:00,era5_max_wind,ERA5 10 m maximum,13.215012390104425,False,hourly mean,3
EP112025,Kiko (2025),without_era5,2025-09-02T17:00:00+00:00,era5_max_wind,ERA5 10 m maximum,13.215012390104425,False,hourly mean,3
EP112025,Kiko (2025),without_era5,2025-09-02T18:00:00+00:00,era5_max_wind,ERA5 10 m maximum,13.215012390104425,False,hourly mean,3
EP112025,Kiko (2025),without_era5,2025-09-02T19:00:00+00:00,era5_max_wind,ERA5 10 m maximum,13.215012390104425,False,hourly mean,3
EP112025,Kiko (2025),without_era5,2025-09-02T20:00:00+00:00,era5_max_wind,ERA5 10 m maximum,13.95248952079937,False,hourly mean,3
EP112025,Kiko (2025),without_era5,2025-09-02T21:00:00+00:00,era5_max_wind,ERA5 10 m maximum,14.689966651494316,True,hourly mean,3
EP112025,Kiko (2025),without_era5,2025-09-02T22:00:00+00:00,era5_max_wind,ERA5 10 m maximum,15.427443782189263,True,hourly mean,3
EP112025,Kiko (2025),without_era5,2025-09-02T23:00:00+00:00,era5_max_wind,ERA5 10 m maximum,15.427443782189263,True,hourly mean,3
EP112025,Kiko (2025),without_era5,2025-09-03T00:00:00+00:00,era5_max_wind,ERA5 10 m maximum,15.427443782189263,True,hourly mean,3
EP112025,Kiko (2025),without_era5,2025-09-03T01:00:00+00:00,era5_max_wind,ERA5 10 m maximum,15.427443782189263,True,hourly mean,3
EP112025,Kiko (2025),without_era5,2025-09-03T02:00:00+00:00,era5_max_wind,ERA5 10 m maximum,15.677023257077051,True,hourly mean,3
EP112025,Kiko (2025),without_era5,2025-09-03T03:00:00+00:00,era5_max_wind,ERA5 10 m maximum,15.92660273196484,False,hourly mean,3
EP112025,Kiko (2025),without_era5,2025-09-03T04:00:00+00:00,era5_max_wind,ERA5 10 m maximum,16.17618220685263,False,hourly mean,3
EP112025,Kiko (2025),without_era5,2025-09-03T05:00:00+00:00,era5_max_wind,ERA5 10 m maximum,16.17618220685263,False,hourly mean,3
EP112025,Kiko (2025),without_era5,2025-09-03T06:00:00+00:00,era5_max_wind,ERA5 10 m maximum,16.17618220685263,False,hourly mean,3
EP112025,Kiko (2025),without_era5,2025-09-03T07:00:00+00:00,era5_max_wind,ERA5 10 m maximum,16.17618220685263,False,hourly mean,3
EP112025,Kiko (2025),without_era5,2025-09-03T08:00:00+00:00,era5_max_wind,ERA5 10 m maximum,16.058039548871953,False,hourly mean,3
EP112025,Kiko (2025),without_era5,2025-09-03T09:00:00+00:00,era5_max_wind,ERA5 10 m maximum,15.939896890891278,False,hourly mean,3
EP112025,Kiko (2025),without_era5,2025-09-03T10:00:00+00:00,era5_max_wind,ERA5 10 m maximum,15.821754232910605,False,hourly mean,3
EP112025,Kiko (2025),without_era5,2025-09-03T11:00:00+00:00,era5_max_wind,ERA5 10 m maximum,15.821754232910605,False,hourly mean,3
EP112025,Kiko (2025),without_era5,2025-09-03T12:00:00+00:00,era5_max_wind,ERA5 10 m maximum,15.821754232910605,False,hourly mean,3
EP112025,Kiko (2025),without_era5,2025-09-03T13:00:00+00:00,era5_max_wind,ERA5 10 m maximum,15.821754232910605,False,hourly mean,3
EP112025,Kiko (2025),without_era5,2025-09-03T14:00:00+00:00,era5_max_wind,ERA5 10 m maximum,16.337442720765594,False,hourly mean,3
EP112025,Kiko (2025),without_era5,2025-09-03T15:00:00+00:00,era5_max_wind,ERA5 10 m maximum,16.853131208620585,False,hourly mean,3
EP112025,Kiko (2025),without_era5,2025-09-03T16:00:00+00:00,era5_max_wind,ERA5 10 m maximum,17.36881969647558,False,hourly mean,3
EP112025,Kiko (2025),without_era5,2025-09-03T17:00:00+00:00,era5_max_wind,ERA5 10 m maximum,17.36881969647558,False,hourly mean,3
EP112025,Kiko (2025),without_era5,2025-09-03T18:00:00+00:00,era5_max_wind,ERA5 10 m maximum,17.36881969647558,True,hourly mean,3
EP112025,Kiko (2025),without_era5,2025-09-03T19:00:00+00:00,era5_max_wind,ERA5 10 m maximum,17.36881969647558,True,hourly mean,3
EP112025,Kiko (2025),without_era5,2025-09-03T20:00:00+00:00,era5_max_wind,ERA5 10 m maximum,16.798853784462473,True,hourly mean,3
EP112025,Kiko (2025),without_era5,2025-09-03T21:00:00+00:00,era5_max_wind,ERA5 10 m maximum,16.22888787244937,True,hourly mean,3
EP112025,Kiko (2025),without_era5,2025-09-03T22:00:00+00:00,era5_max_wind,ERA5 10 m maximum,15.658921960436267,True,hourly mean,3
EP112025,Kiko (2025),without_era5,2025-09-03T23:00:00+00:00,era5_max_wind,ERA5 10 m maximum,15.658921960436267,True,hourly mean,3
EP112025,Kiko (2025),without_era5,2025-09-04T00:00:00+00:00,era5_max_wind,ERA5 10 m maximum,15.658921960436267,True,hourly mean,3
EP112025,Kiko (2025),without_era5,2025-09-04T01:00:00+00:00,era5_max_wind,ERA5 10 m maximum,15.658921960436267,True,hourly mean,3
EP112025,Kiko (2025),without_era5,2025-09-04T02:00:00+00:00,era5_max_wind,ERA5 10 m maximum,15.937214004777466,True,hourly mean,3
EP112025,Kiko (2025),without_era5,2025-09-04T03:00:00+00:00,era5_max_wind,ERA5 10 m maximum,16.21550604911867,True,hourly mean,3
EP112025,Kiko (2025),without_era5,2025-09-04T04:00:00+00:00,era5_max_wind,ERA5 10 m maximum,16.49379809345987,True,hourly mean,3
EP112025,Kiko (2025),without_era5,2025-09-04T05:00:00+00:00,era5_max_wind,ERA5 10 m maximum,16.49379809345987,True,hourly mean,3
EP112025,Kiko (2025),without_era5,2025-09-04T06:00:00+00:00,era5_max_wind,ERA5 10 m maximum,16.49379809345987,True,hourly mean,3
EP112025,Kiko (2025),without_era5,2025-09-04T07:00:00+00:00,era5_max_wind,ERA5 10 m maximum,16.49379809345987,True,hourly mean,3
EP112025,Kiko (2025),without_era5,2025-09-04T08:00:00+00:00,era5_max_wind,ERA5 10 m maximum,16.481189567180966,True,hourly mean,3
EP112025,Kiko (2025),without_era5,2025-09-04T09:00:00+00:00,era5_max_wind,ERA5 10 m maximum,16.468581040902063,False,hourly mean,3
EP112025,Kiko (2025),without_era5,2025-09-04T10:00:00+00:00,era5_max_wind,ERA5 10 m maximum,16.45597251462316,False,hourly mean,3
EP112025,Kiko (2025),without_era5,2025-09-04T11:00:00+00:00,era5_max_wind,ERA5 10 m maximum,16.45597251462316,False,hourly mean,3
EP112025,Kiko (2025),without_era5,2025-09-04T12:00:00+00:00,era5_max_wind,ERA5 10 m maximum,16.45597251462316,False,hourly mean,3
EP112025,Kiko (2025),without_era5,2025-09-04T13:00:00+00:00,era5_max_wind,ERA5 10 m maximum,16.45597251462316,False,hourly mean,3
EP112025,Kiko (2025),without_era5,2025-09-04T14:00:00+00:00,era5_max_wind,ERA5 10 m maximum,16.64234827454353,False,hourly mean,3
EP112025,Kiko (2025),without_era5,2025-09-04T15:00:00+00:00,era5_max_wind,ERA5 10 m maximum,16.8287240344639,False,hourly mean,3
EP112025,Kiko (2025),without_era5,2025-09-04T16:00:00+00:00,era5_max_wind,ERA5 10 m maximum,17.015099794384273,False,hourly mean,3
EP112025,Kiko (2025),without_era5,2025-09-04T17:00:00+00:00,era5_max_wind,ERA5 10 m maximum,17.015099794384273,False,hourly mean,3
EP112025,Kiko (2025),without_era5,2025-09-04T18:00:00+00:00,era5_max_wind,ERA5 10 m maximum,17.015099794384273,False,hourly mean,3
EP112025,Kiko (2025),without_era5,2025-09-04T19:00:00+00:00,era5_max_wind,ERA5 10 m maximum,17.015099794384273,False,hourly mean,3
EP112025,Kiko (2025),without_era5,2025-09-04T20:00:00+00:00,era5_max_wind,ERA5 10 m maximum,16.72878206946128,False,hourly mean,3
EP112025,Kiko (2025),without_era5,2025-09-04T21:00:00+00:00,era5_max_wind,ERA5 10 m maximum,16.44246434453829,False,hourly mean,3
EP112025,Kiko (2025),without_era5,2025-09-04T22:00:00+00:00,era5_max_wind,ERA5 10 m maximum,16.156146619615296,False,hourly mean,3
EP112025,Kiko (2025),without_era5,2025-09-04T23:00:00+00:00,era5_max_wind,ERA5 10 m maximum,16.156146619615296,False,hourly mean,3
EP112025,Kiko (2025),without_era5,2025-09-05T00:00:00+00:00,era5_max_wind,ERA5 10 m maximum,16.156146619615296,False,hourly mean,3
EP112025,Kiko (2025),without_era5,2025-09-05T01:00:00+00:00,era5_max_wind,ERA5 10 m maximum,16.156146619615296,False,hourly mean,3
EP112025,Kiko (2025),without_era5,2025-09-05T02:00:00+00:00,era5_max_wind,ERA5 10 m maximum,15.673199732952307,False,hourly mean,3
EP112025,Kiko (2025),without_era5,2025-09-05T03:00:00+00:00,era5_max_wind,ERA5 10 m maximum,15.190252846289324,False,hourly mean,3
EP112025,Kiko (2025),without_era5,2025-09-05T04:00:00+00:00,era5_max_wind,ERA5 10 m maximum,14.70730595962634,False,hourly mean,3
EP112025,Kiko (2025),without_era5,2025-09-05T05:00:00+00:00,era5_max_wind,ERA5 10 m maximum,14.70730595962634,False,hourly mean,3
EP112025,Kiko (2025),without_era5,2025-09-05T06:00:00+00:00,era5_max_wind,ERA5 10 m maximum,14.70730595962634,False,hourly mean,3
EP112025,Kiko (2025),without_era5,2025-09-05T07:00:00+00:00,era5_max_wind,ERA5 10 m maximum,14.70730595962634,False,hourly mean,3
EP112025,Kiko (2025),without_era5,2025-09-05T08:00:00+00:00,era5_max_wind,ERA5 10 m maximum,14.96783172978578,False,hourly mean,3
EP112025,Kiko (2025),without_era5,2025-09-05T09:00:00+00:00,era5_max_wind,ERA5 10 m maximum,15.228357499945224,False,hourly mean,3
EP112025,Kiko (2025),without_era5,2025-09-05T10:00:00+00:00,era5_max_wind,ERA5 10 m maximum,15.488883270104665,False,hourly mean,3
EP112025,Kiko (2025),without_era5,2025-09-05T11:00:00+00:00,era5_max_wind,ERA5 10 m maximum,15.488883270104665,False,hourly mean,3
EP112025,Kiko (2025),without_era5,2025-09-05T12:00:00+00:00,era5_max_wind,ERA5 10 m maximum,15.488883270104665,False,hourly mean,3
EP112025,Kiko (2025),without_era5,2025-09-05T13:00:00+00:00,era5_max_wind,ERA5 10 m maximum,15.488883270104665,False,hourly mean,3
EP112025,Kiko (2025),without_era5,2025-09-05T14:00:00+00:00,era5_max_wind,ERA5 10 m maximum,15.588128733066824,False,hourly mean,3
EP112025,Kiko (2025),without_era5,2025-09-05T15:00:00+00:00,era5_max_wind,ERA5 10 m maximum,15.687374196028989,False,hourly mean,3
EP112025,Kiko (2025),without_era5,2025-09-05T16:00:00+00:00,era5_max_wind,ERA5 10 m maximum,15.78661965899115,False,hourly mean,3
EP112025,Kiko (2025),without_era5,2025-09-05T17:00:00+00:00,era5_max_wind,ERA5 10 m maximum,15.78661965899115,False,hourly mean,3
EP112025,Kiko (2025),without_era5,2025-09-05T18:00:00+00:00,era5_max_wind,ERA5 10 m maximum,15.78661965899115,False,hourly mean,3
EP112025,Kiko (2025),without_era5,2025-09-05T19:00:00+00:00,era5_max_wind,ERA5 10 m maximum,15.78661965899115,False,hourly mean,3
EP112025,Kiko (2025),without_era5,2025-09-05T20:00:00+00:00,era5_max_wind,ERA5 10 m maximum,15.689868124566479,False,hourly mean,3
EP112025,Kiko (2025),without_era5,2025-09-05T21:00:00+00:00,era5_max_wind,ERA5 10 m maximum,15.593116590141804,False,hourly mean,3
EP112025,Kiko (2025),without_era5,2025-09-05T22:00:00+00:00,era5_max_wind,ERA5 10 m maximum,15.496365055717135,False,hourly mean,3
EP112025,Kiko (2025),without_era5,2025-09-05T23:00:00+00:00,era5_max_wind,ERA5 10 m maximum,15.496365055717135,False,hourly mean,3
EP112025,Kiko (2025),without_era5,2025-09-06T00:00:00+00:00,era5_max_wind,ERA5 10 m maximum,15.496365055717135,False,hourly mean,3
EP112025,Kiko (2025),without_era5,2025-09-06T01:00:00+00:00,era5_max_wind,ERA5 10 m maximum,15.496365055717135,False,hourly mean,3
EP112025,Kiko (2025),without_era5,2025-09-06T02:00:00+00:00,era5_max_wind,ERA5 10 m maximum,15.240499106992496,False,hourly mean,3
EP112025,Kiko (2025),without_era5,2025-09-06T03:00:00+00:00,era5_max_wind,ERA5 10 m maximum,14.98463315826786,False,hourly mean,3
EP112025,Kiko (2025),without_era5,2025-09-06T04:00:00+00:00,era5_max_wind,ERA5 10 m maximum,14.728767209543221,False,hourly mean,3
EP112025,Kiko (2025),without_era5,2025-09-06T05:00:00+00:00,era5_max_wind,ERA5 10 m maximum,14.728767209543221,False,hourly mean,3
EP112025,Kiko (2025),without_era5,2025-09-06T06:00:00+00:00,era5_max_wind,ERA5 10 m maximum,14.728767209543221,False,hourly mean,3
EP112025,Kiko (2025),without_era5,2025-09-06T07:00:00+00:00,era5_max_wind,ERA5 10 m maximum,14.728767209543221,False,hourly mean,3
EP112025,Kiko (2025),without_era5,2025-09-06T08:00:00+00:00,era5_max_wind,ERA5 10 m maximum,15.054282887811043,False,hourly mean,3
EP112025,Kiko (2025),without_era5,2025-09-06T09:00:00+00:00,era5_max_wind,ERA5 10 m maximum,15.379798566078867,False,hourly mean,3
EP112025,Kiko (2025),without_era5,2025-09-06T10:00:00+00:00,era5_max_wind,ERA5 10 m maximum,15.70531424434669,False,hourly mean,3
EP112025,Kiko (2025),without_era5,2025-09-06T11:00:00+00:00,era5_max_wind,ERA5 10 m maximum,15.70531424434669,False,hourly mean,3
EP112025,Kiko (2025),without_era5,2025-09-06T12:00:00+00:00,era5_max_wind,ERA5 10 m maximum,15.70531424434669,False,hourly mean,3
EP112025,Kiko (2025),without_era5,2025-09-06T13:00:00+00:00,era5_max_wind,ERA5 10 m maximum,15.70531424434669,False,hourly mean,3
EP112025,Kiko (2025),without_era5,2025-09-06T14:00:00+00:00,era5_max_wind,ERA5 10 m maximum,15.878238303481544,False,hourly mean,3
EP112025,Kiko (2025),without_era5,2025-09-06T15:00:00+00:00,era5_max_wind,ERA5 10 m maximum,16.0511623626164,False,hourly mean,3
EP112025,Kiko (2025),without_era5,2025-09-06T16:00:00+00:00,era5_max_wind,ERA5 10 m maximum,16.224086421751252,False,hourly mean,3
EP112025,Kiko (2025),without_era5,2025-09-06T17:00:00+00:00,era5_max_wind,ERA5 10 m maximum,16.224086421751252,False,hourly mean,3
EP112025,Kiko (2025),without_era5,2025-09-06T18:00:00+00:00,era5_max_wind,ERA5 10 m maximum,16.224086421751252,False,hourly mean,3
EP112025,Kiko (2025),without_era5,2025-09-06T19:00:00+00:00,era5_max_wind,ERA5 10 m maximum,16.224086421751252,False,hourly mean,3
EP112025,Kiko (2025),without_era5,2025-09-06T20:00:00+00:00,era5_max_wind,ERA5 10 m maximum,16.434399731578036,False,hourly mean,3
EP112025,Kiko (2025),without_era5,2025-09-06T21:00:00+00:00,era5_max_wind,ERA5 10 m maximum,16.64471304140482,False,hourly mean,3
EP112025,Kiko (2025),without_era5,2025-09-06T22:00:00+00:00,era5_max_wind,ERA5 10 m maximum,16.855026351231608,False,hourly mean,3
EP112025,Kiko (2025),without_era5,2025-09-06T23:00:00+00:00,era5_max_wind,ERA5 10 m maximum,16.855026351231608,False,hourly mean,3
EP112025,Kiko (2025),without_era5,2025-09-07T00:00:00+00:00,era5_max_wind,ERA5 10 m maximum,16.855026351231608,False,hourly mean,3
EP112025,Kiko (2025),without_era5,2025-09-07T01:00:00+00:00,era5_max_wind,ERA5 10 m maximum,16.855026351231608,False,hourly mean,3
EP112025,Kiko (2025),without_era5,2025-09-07T02:00:00+00:00,era5_max_wind,ERA5 10 m maximum,16.85019041444384,False,hourly mean,3
EP112025,Kiko (2025),without_era5,2025-09-07T03:00:00+00:00,era5_max_wind,ERA5 10 m maximum,16.84535447765607,False,hourly mean,3
EP112025,Kiko (2025),without_era5,2025-09-07T04:00:00+00:00,era5_max_wind,ERA5 10 m maximum,16.840518540868306,False,hourly mean,3
EP112025,Kiko (2025),without_era5,2025-09-07T05:00:00+00:00,era5_max_wind,ERA5 10 m maximum,16.840518540868306,False,hourly mean,3
EP112025,Kiko (2025),without_era5,2025-09-07T06:00:00+00:00,era5_max_wind,ERA5 10 m maximum,16.840518540868306,False,hourly mean,3
EP112025,Kiko (2025),without_era5,2025-09-07T07:00:00+00:00,era5_max_wind,ERA5 10 m maximum,16.840518540868306,False,hourly mean,3
EP112025,Kiko (2025),without_era5,2025-09-07T08:00:00+00:00,era5_max_wind,ERA5 10 m maximum,17.238440877868122,False,hourly mean,3
EP112025,Kiko (2025),without_era5,2025-09-07T09:00:00+00:00,era5_max_wind,ERA5 10 m maximum,17.63636321486794,False,hourly mean,3
EP112025,Kiko (2025),without_era5,2025-09-07T10:00:00+00:00,era5_max_wind,ERA5 10 m maximum,18.03428555186776,False,hourly mean,3
EP112025,Kiko (2025),without_era5,2025-09-07T11:00:00+00:00,era5_max_wind,ERA5 10 m maximum,18.03428555186776,False,hourly mean,3
EP112025,Kiko (2025),without_era5,2025-09-07T12:00:00+00:00,era5_max_wind,ERA5 10 m maximum,18.03428555186776,False,hourly mean,3
EP112025,Kiko (2025),without_era5,2025-09-07T13:00:00+00:00,era5_max_wind,ERA5 10 m maximum,18.03428555186776,False,hourly mean,3
EP112025,Kiko (2025),without_era5,2025-09-07T14:00:00+00:00,era5_max_wind,ERA5 10 m maximum,18.20084399082301,False,hourly mean,3
EP112025,Kiko (2025),without_era5,2025-09-07T15:00:00+00:00,era5_max_wind,ERA5 10 m maximum,18.36740242977826,False,hourly mean,3
EP112025,Kiko (2025),without_era5,2025-09-07T16:00:00+00:00,era5_max_wind,ERA5 10 m maximum,18.53396086873351,False,hourly mean,3
EP112025,Kiko (2025),without_era5,2025-09-07T17:00:00+00:00,era5_max_wind,ERA5 10 m maximum,18.53396086873351,False,hourly mean,3
EP112025,Kiko (2025),without_era5,2025-09-07T18:00:00+00:00,era5_max_wind,ERA5 10 m maximum,18.53396086873351,False,hourly mean,3
EP112025,Kiko (2025),without_era5,2025-09-07T19:00:00+00:00,era5_max_wind,ERA5 10 m maximum,18.53396086873351,False,hourly mean,3
EP112025,Kiko (2025),without_era5,2025-09-07T20:00:00+00:00,era5_max_wind,ERA5 10 m maximum,18.187168579405185,False,hourly mean,3
EP112025,Kiko (2025),without_era5,2025-09-07T21:00:00+00:00,era5_max_wind,ERA5 10 m maximum,17.840376290076865,False,hourly mean,3
EP112025,Kiko (2025),without_era5,2025-09-07T22:00:00+00:00,era5_max_wind,ERA5 10 m maximum,17.493584000748545,False,hourly mean,3
EP112025,Kiko (2025),without_era5,2025-09-07T23:00:00+00:00,era5_max_wind,ERA5 10 m maximum,17.493584000748545,False,hourly mean,3
EP112025,Kiko (2025),without_era5,2025-09-08T00:00:00+00:00,era5_max_wind,ERA5 10 m maximum,17.493584000748545,False,hourly mean,3
EP112025,Kiko (2025),without_era5,2025-09-08T01:00:00+00:00,era5_max_wind,ERA5 10 m maximum,17.493584000748545,False,hourly mean,3
EP112025,Kiko (2025),without_era5,2025-09-08T02:00:00+00:00,era5_max_wind,ERA5 10 m maximum,18.18845061031807,False,hourly mean,3
EP112025,Kiko (2025),without_era5,2025-09-08T03:00:00+00:00,era5_max_wind,ERA5 10 m maximum,18.883317219887605,False,hourly mean,3
EP112025,Kiko (2025),without_era5,2025-09-08T04:00:00+00:00,era5_max_wind,ERA5 10 m maximum,19.578183829457135,False,hourly mean,3
EP112025,Kiko (2025),without_era5,2025-09-08T05:00:00+00:00,era5_max_wind,ERA5 10 m maximum,19.578183829457135,False,hourly mean,3
EP112025,Kiko (2025),without_era5,2025-09-08T06:00:00+00:00,era5_max_wind,ERA5 10 m maximum,19.578183829457135,False,hourly mean,3
EP112025,Kiko (2025),without_era5,2025-09-08T07:00:00+00:00,era5_max_wind,ERA5 10 m maximum,19.578183829457135,False,hourly mean,3
EP112025,Kiko (2025),without_era5,2025-09-08T08:00:00+00:00,era5_max_wind,ERA5 10 m maximum,20.451479334853754,False,hourly mean,3
EP112025,Kiko (2025),without_era5,2025-09-08T09:00:00+00:00,era5_max_wind,ERA5 10 m maximum,21.324774840250377,False,hourly mean,3
EP112025,Kiko (2025),without_era5,2025-09-08T10:00:00+00:00,era5_max_wind,ERA5 10 m maximum,22.198070345647,False,hourly mean,3
EP112025,Kiko (2025),without_era5,2025-09-08T11:00:00+00:00,era5_max_wind,ERA5 10 m maximum,22.198070345647,False,hourly mean,3
EP112025,Kiko (2025),without_era5,2025-09-08T12:00:00+00:00,era5_max_wind,ERA5 10 m maximum,22.198070345647,False,hourly mean,3
EP112025,Kiko (2025),without_era5,2025-09-08T13:00:00+00:00,era5_max_wind,ERA5 10 m maximum,22.198070345647,False,hourly mean,3
EP112025,Kiko (2025),without_era5,2025-09-08T14:00:00+00:00,era5_max_wind,ERA5 10 m maximum,22.061768838029085,False,hourly mean,3
EP112025,Kiko (2025),without_era5,2025-09-08T15:00:00+00:00,era5_max_wind,ERA5 10 m maximum,21.92546733041117,False,hourly mean,3
EP112025,Kiko (2025),without_era5,2025-09-08T16:00:00+00:00,era5_max_wind,ERA5 10 m maximum,21.789165822793255,False,hourly mean,3
EP112025,Kiko (2025),without_era5,2025-09-08T17:00:00+00:00,era5_max_wind,ERA5 10 m maximum,21.789165822793255,False,hourly mean,3
EP112025,Kiko (2025),without_era5,2025-09-08T18:00:00+00:00,era5_max_wind,ERA5 10 m maximum,21.789165822793255,False,hourly mean,3
EP112025,Kiko (2025),without_era5,2025-09-08T19:00:00+00:00,era5_max_wind,ERA5 10 m maximum,21.789165822793255,False,hourly mean,3
EP112025,Kiko (2025),without_era5,2025-09-08T20:00:00+00:00,era5_max_wind,ERA5 10 m maximum,20.850524664602517,False,hourly mean,3
EP112025,Kiko (2025),without_era5,2025-09-08T21:00:00+00:00,era5_max_wind,ERA5 10 m maximum,19.91188350641178,False,hourly mean,3
EP112025,Kiko (2025),without_era5,2025-09-08T22:00:00+00:00,era5_max_wind,ERA5 10 m maximum,18.973242348221046,False,hourly mean,3
EP112025,Kiko (2025),without_era5,2025-09-08T23:00:00+00:00,era5_max_wind,ERA5 10 m maximum,18.973242348221046,False,hourly mean,3
EP112025,Kiko (2025),without_era5,2025-09-09T00:00:00+00:00,era5_max_wind,ERA5 10 m maximum,18.973242348221046,False,hourly mean,3
EP112025,Kiko (2025),without_era5,2025-09-09T01:00:00+00:00,era5_max_wind,ERA5 10 m maximum,18.973242348221046,False,hourly mean,3
EP112025,Kiko (2025),without_era5,2025-09-09T02:00:00+00:00,era5_max_wind,ERA5 10 m maximum,18.87186289705285,False,hourly mean,3
EP112025,Kiko (2025),without_era5,2025-09-09T03:00:00+00:00,era5_max_wind,ERA5 10 m maximum,18.77048344588466,False,hourly mean,3
EP112025,Kiko (2025),without_era5,2025-09-09T04:00:00+00:00,era5_max_wind,ERA5 10 m maximum,18.66910399471647,False,hourly mean,3
EP112025,Kiko (2025),without_era5,2025-09-09T05:00:00+00:00,era5_max_wind,ERA5 10 m maximum,18.66910399471647,False,hourly mean,3
EP112025,Kiko (2025),without_era5,2025-09-09T06:00:00+00:00,era5_max_wind,ERA5 10 m maximum,18.66910399471647,False,hourly mean,3
EP112025,Kiko (2025),without_era5,2025-09-09T07:00:00+00:00,era5_max_wind,ERA5 10 m maximum,18.66910399471647,False,hourly mean,3
EP112025,Kiko (2025),without_era5,2025-09-09T08:00:00+00:00,era5_max_wind,ERA5 10 m maximum,18.497284395405735,False,hourly mean,3
EP112025,Kiko (2025),without_era5,2025-09-09T09:00:00+00:00,era5_max_wind,ERA5 10 m maximum,18.325464796095005,False,hourly mean,3
EP112025,Kiko (2025),without_era5,2025-09-09T10:00:00+00:00,era5_max_wind,ERA5 10 m maximum,18.153645196784275,False,hourly mean,3
EP112025,Kiko (2025),without_era5,2025-09-09T11:00:00+00:00,era5_max_wind,ERA5 10 m maximum,18.153645196784275,False,hourly mean,3
EP112025,Kiko (2025),without_era5,2025-09-09T12:00:00+00:00,era5_max_wind,ERA5 10 m maximum,18.153645196784275,False,hourly mean,3
EP112025,Kiko (2025),without_era5,2025-09-09T13:00:00+00:00,era5_max_wind,ERA5 10 m maximum,18.153645196784275,False,hourly mean,3
EP112025,Kiko (2025),without_era5,2025-09-09T14:00:00+00:00,era5_max_wind,ERA5 10 m maximum,17.700038563092324,False,hourly mean,3
EP112025,Kiko (2025),without_era5,2025-09-09T15:00:00+00:00,era5_max_wind,ERA5 10 m maximum,17.24643192940037,False,hourly mean,3
EP112025,Kiko (2025),without_era5,2025-09-09T16:00:00+00:00,era5_max_wind,ERA5 10 m maximum,16.79282529570842,False,hourly mean,3
EP112025,Kiko (2025),without_era5,2025-09-09T17:00:00+00:00,era5_max_wind,ERA5 10 m maximum,16.79282529570842,False,hourly mean,3
EP112025,Kiko (2025),without_era5,2025-09-09T18:00:00+00:00,era5_max_wind,ERA5 10 m maximum,16.79282529570842,False,hourly mean,3
EP112025,Kiko (2025),without_era5,2025-09-09T19:00:00+00:00,era5_max_wind,ERA5 10 m maximum,16.79282529570842,False,hourly mean,3
EP112025,Kiko (2025),without_era5,2025-09-09T20:00:00+00:00,era5_max_wind,ERA5 10 m maximum,16.37948263038081,False,hourly mean,3
EP112025,Kiko (2025),without_era5,2025-09-09T21:00:00+00:00,era5_max_wind,ERA5 10 m maximum,15.966139965053202,False,hourly mean,3
EP112025,Kiko (2025),without_era5,2025-09-09T22:00:00+00:00,era5_max_wind,ERA5 10 m maximum,15.552797299725595,False,hourly mean,3
EP112025,Kiko (2025),without_era5,2025-09-09T23:00:00+00:00,era5_max_wind,ERA5 10 m maximum,15.552797299725595,False,hourly mean,3
EP112025,Kiko (2025),without_era5,2025-09-10T00:00:00+00:00,era5_max_wind,ERA5 10 m maximum,15.552797299725595,False,hourly mean,3
EP112025,Kiko (2025),without_era5,2025-09-10T01:00:00+00:00,era5_max_wind,ERA5 10 m maximum,15.552797299725595,False,hourly mean,3
EP112025,Kiko (2025),without_era5,2025-09-10T02:00:00+00:00,era5_max_wind,ERA5 10 m maximum,15.297605716865467,False,hourly mean,3
EP112025,Kiko (2025),without_era5,2025-09-10T03:00:00+00:00,era5_max_wind,ERA5 10 m maximum,15.042414134005336,False,hourly mean,3
EP112025,Kiko (2025),without_era5,2025-09-10T04:00:00+00:00,era5_max_wind,ERA5 10 m maximum,14.787222551145211,False,hourly mean,3
EP112025,Kiko (2025),without_era5,2025-09-10T05:00:00+00:00,era5_max_wind,ERA5 10 m maximum,14.787222551145211,False,hourly mean,3
EP112025,Kiko (2025),without_era5,2025-09-10T06:00:00+00:00,era5_max_wind,ERA5 10 m maximum,14.787222551145211,False,hourly mean,3
EP112025,Kiko (2025),without_era5,2025-09-10T07:00:00+00:00,era5_max_wind,ERA5 10 m maximum,14.787222551145211,False,hourly mean,3
EP112025,Kiko (2025),without_era5,2025-09-10T08:00:00+00:00,era5_max_wind,ERA5 10 m maximum,14.62461160520432,False,hourly mean,3
EP112025,Kiko (2025),without_era5,2025-09-10T09:00:00+00:00,era5_max_wind,ERA5 10 m maximum,14.469408317990002,False,hourly mean,3
EP112025,Kiko (2025),without_era5,2025-09-10T10:00:00+00:00,era5_max_wind,ERA5 10 m maximum,14.314205030775689,False,hourly mean,3
EP112025,Kiko (2025),without_era5,2025-09-10T11:00:00+00:00,era5_max_wind,ERA5 10 m maximum,14.321612689502265,False,hourly mean,3
EP112025,Kiko (2025),without_era5,2025-09-10T12:00:00+00:00,era5_max_wind,ERA5 10 m maximum,14.321612689502265,False,hourly mean,3
EP112025,Kiko (2025),without_era5,2025-09-10T13:00:00+00:00,era5_max_wind,ERA5 10 m maximum,14.321612689502265,False,hourly mean,3
EP112025,Kiko (2025),without_era5,2025-09-10T14:00:00+00:00,era5_max_wind,ERA5 10 m maximum,14.321612689502265,False,hourly mean,3
EP112025,Kiko (2025),without_era5,2025-09-10T15:00:00+00:00,era5_max_wind,ERA5 10 m maximum,14.321612689502265,False,hourly mean,3
EP112025,Kiko (2025),without_era5,2025-09-10T16:00:00+00:00,era5_max_wind,ERA5 10 m maximum,14.321612689502265,False,hourly mean,3
EP112025,Kiko (2025),without_era5,2025-09-10T17:00:00+00:00,era5_max_wind,ERA5 10 m maximum,14.321612689502265,False,hourly mean,3
EP112025,Kiko (2025),without_era5,2025-09-10T18:00:00+00:00,era5_max_wind,ERA5 10 m maximum,14.321612689502265,False,hourly mean,3
EP112025,Kiko (2025),without_era5,2025-09-10T19:00:00+00:00,era5_max_wind,ERA5 10 m maximum,14.321612689502265,False,hourly mean,3
EP112025,Kiko (2025),without_era5,2025-09-10T20:00:00+00:00,era5_max_wind,ERA5 10 m maximum,14.321612689502265,False,hourly mean,3
EP112025,Kiko (2025),without_era5,2025-09-10T21:00:00+00:00,era5_max_wind,ERA5 10 m maximum,14.321612689502265,False,hourly mean,3
EP112025,Kiko (2025),without_era5,2025-09-10T22:00:00+00:00,era5_max_wind,ERA5 10 m maximum,14.321612689502265,False,hourly mean,3
EP112025,Kiko (2025),without_era5,2025-09-10T23:00:00+00:00,era5_max_wind,ERA5 10 m maximum,14.321612689502265,False,hourly mean,3
EP112025,Kiko (2025),without_era5,2025-08-31T00:00:00+00:00,latent_sar_max_wind,Latent MLP · SAR · wind only,24.10980224609375,False,hourly mean,3
EP112025,Kiko (2025),without_era5,2025-08-31T01:00:00+00:00,latent_sar_max_wind,Latent MLP · SAR · wind only,23.57506031460232,False,hourly mean,3
EP112025,Kiko (2025),without_era5,2025-08-31T02:00:00+00:00,latent_sar_max_wind,Latent MLP · SAR · wind only,22.875121964348683,False,hourly mean,3
EP112025,Kiko (2025),without_era5,2025-08-31T03:00:00+00:00,latent_sar_max_wind,Latent MLP · SAR · wind only,22.64590666029188,False,hourly mean,3
EP112025,Kiko (2025),without_era5,2025-08-31T04:00:00+00:00,latent_sar_max_wind,Latent MLP · SAR · wind only,22.745077239142528,False,hourly mean,3
EP112025,Kiko (2025),without_era5,2025-08-31T05:00:00+00:00,latent_sar_max_wind,Latent MLP · SAR · wind only,22.863710403442383,False,hourly mean,3
EP112025,Kiko (2025),without_era5,2025-08-31T06:00:00+00:00,latent_sar_max_wind,Latent MLP · SAR · wind only,23.28152370452881,False,hourly mean,3
EP112025,Kiko (2025),without_era5,2025-08-31T07:00:00+00:00,latent_sar_max_wind,Latent MLP · SAR · wind only,23.143829663594563,False,hourly mean,3
EP112025,Kiko (2025),without_era5,2025-08-31T08:00:00+00:00,latent_sar_max_wind,Latent MLP · SAR · wind only,22.862492349412705,False,hourly mean,3
EP112025,Kiko (2025),without_era5,2025-08-31T09:00:00+00:00,latent_sar_max_wind,Latent MLP · SAR · wind only,22.746288511488174,False,hourly mean,3
EP112025,Kiko (2025),without_era5,2025-08-31T10:00:00+00:00,latent_sar_max_wind,Latent MLP · SAR · wind only,22.952960756089954,False,hourly mean,3
EP112025,Kiko (2025),without_era5,2025-08-31T11:00:00+00:00,latent_sar_max_wind,Latent MLP · SAR · wind only,23.273956510755752,False,hourly mean,3
EP112025,Kiko (2025),without_era5,2025-08-31T12:00:00+00:00,latent_sar_max_wind,Latent MLP · SAR · wind only,23.19387160407172,False,hourly mean,3
EP112025,Kiko (2025),without_era5,2025-08-31T13:00:00+00:00,latent_sar_max_wind,Latent MLP · SAR · wind only,23.67906379699707,False,hourly mean,3
EP112025,Kiko (2025),without_era5,2025-08-31T14:00:00+00:00,latent_sar_max_wind,Latent MLP · SAR · wind only,23.851021872626415,False,hourly mean,3
EP112025,Kiko (2025),without_era5,2025-08-31T15:00:00+00:00,latent_sar_max_wind,Latent MLP · SAR · wind only,24.897966490851505,False,hourly mean,3
EP112025,Kiko (2025),without_era5,2025-08-31T16:00:00+00:00,latent_sar_max_wind,Latent MLP · SAR · wind only,26.075084262424046,False,hourly mean,3
EP112025,Kiko (2025),without_era5,2025-08-31T17:00:00+00:00,latent_sar_max_wind,Latent MLP · SAR · wind only,27.22979227701823,False,hourly mean,3
EP112025,Kiko (2025),without_era5,2025-08-31T18:00:00+00:00,latent_sar_max_wind,Latent MLP · SAR · wind only,28.80171987745497,False,hourly mean,3
EP112025,Kiko (2025),without_era5,2025-08-31T19:00:00+00:00,latent_sar_max_wind,Latent MLP · SAR · wind only,30.156810230678985,False,hourly mean,3
EP112025,Kiko (2025),without_era5,2025-08-31T20:00:00+00:00,latent_sar_max_wind,Latent MLP · SAR · wind only,32.041077084011505,False,hourly mean,3
EP112025,Kiko (2025),without_era5,2025-08-31T21:00:00+00:00,latent_sar_max_wind,Latent MLP · SAR · wind only,34.285757594638405,False,hourly mean,3
EP112025,Kiko (2025),without_era5,2025-08-31T22:00:00+00:00,latent_sar_max_wind,Latent MLP · SAR · wind only,35.390912797715934,False,hourly mean,3
EP112025,Kiko (2025),without_era5,2025-08-31T23:00:00+00:00,latent_sar_max_wind,Latent MLP · SAR · wind only,36.98810441758898,False,hourly mean,3
EP112025,Kiko (2025),without_era5,2025-09-01T00:00:00+00:00,latent_sar_max_wind,Latent MLP · SAR · wind only,36.79412812127007,False,hourly mean,3
EP112025,Kiko (2025),without_era5,2025-09-01T01:00:00+00:00,latent_sar_max_wind,Latent MLP · SAR · wind only,36.11149186028374,False,hourly mean,3
EP112025,Kiko (2025),without_era5,2025-09-01T02:00:00+00:00,latent_sar_max_wind,Latent MLP · SAR · wind only,32.80192873213026,False,hourly mean,3
EP112025,Kiko (2025),without_era5,2025-09-01T03:00:00+00:00,latent_sar_max_wind,Latent MLP · SAR · wind only,28.03198252783881,False,hourly mean,3
EP112025,Kiko (2025),without_era5,2025-09-01T04:00:00+00:00,latent_sar_max_wind,Latent MLP · SAR · wind only,24.496668921576603,False,hourly mean,3
EP112025,Kiko (2025),without_era5,2025-09-01T05:00:00+00:00,latent_sar_max_wind,Latent MLP · SAR · wind only,23.096231354607472,False,hourly mean,3
EP112025,Kiko (2025),without_era5,2025-09-01T06:00:00+00:00,latent_sar_max_wind,Latent MLP · SAR · wind only,23.218406253390842,False,hourly mean,3
EP112025,Kiko (2025),without_era5,2025-09-01T07:00:00+00:00,latent_sar_max_wind,Latent MLP · SAR · wind only,23.67267894744873,False,hourly mean,3
EP112025,Kiko (2025),without_era5,2025-09-01T08:00:00+00:00,latent_sar_max_wind,Latent MLP · SAR · wind only,24.207643932766384,False,hourly mean,3
EP112025,Kiko (2025),without_era5,2025-09-01T09:00:00+00:00,latent_sar_max_wind,Latent MLP · SAR · wind only,25.373508241441517,False,hourly mean,3
EP112025,Kiko (2025),without_era5,2025-09-01T10:00:00+00:00,latent_sar_max_wind,Latent MLP · SAR · wind only,27.12437555525038,False,hourly mean,3
EP112025,Kiko (2025),without_era5,2025-09-01T11:00:00+00:00,latent_sar_max_wind,Latent MLP · SAR · wind only,33.40246603224012,False,hourly mean,3
EP112025,Kiko (2025),without_era5,2025-09-01T12:00:00+00:00,latent_sar_max_wind,Latent MLP · SAR · wind only,37.94641081492106,False,hourly mean,3
EP112025,Kiko (2025),without_era5,2025-09-01T13:00:00+00:00,latent_sar_max_wind,Latent MLP · SAR · wind only,41.03077994452582,False,hourly mean,3
EP112025,Kiko (2025),without_era5,2025-09-01T14:00:00+00:00,latent_sar_max_wind,Latent MLP · SAR · wind only,39.07160589430067,False,hourly mean,3
EP112025,Kiko (2025),without_era5,2025-09-01T15:00:00+00:00,latent_sar_max_wind,Latent MLP · SAR · wind only,39.42921680874295,False,hourly mean,3
EP112025,Kiko (2025),without_era5,2025-09-01T16:00:00+00:00,latent_sar_max_wind,Latent MLP · SAR · wind only,38.541666242811424,False,hourly mean,3
EP112025,Kiko (2025),without_era5,2025-09-01T17:00:00+00:00,latent_sar_max_wind,Latent MLP · SAR · wind only,35.49298593733047,False,hourly mean,3
EP112025,Kiko (2025),without_era5,2025-09-01T18:00:00+00:00,latent_sar_max_wind,Latent MLP · SAR · wind only,30.44406000773112,False,hourly mean,3
EP112025,Kiko (2025),without_era5,2025-09-01T19:00:00+00:00,latent_sar_max_wind,Latent MLP · SAR · wind only,29.79563098483615,False,hourly mean,3
EP112025,Kiko (2025),without_era5,2025-09-01T20:00:00+00:00,latent_sar_max_wind,Latent MLP · SAR · wind only,31.81128215789795,False,hourly mean,3
EP112025,Kiko (2025),without_era5,2025-09-01T21:00:00+00:00,latent_sar_max_wind,Latent MLP · SAR · wind only,33.835974799262154,False,hourly mean,3
EP112025,Kiko (2025),without_era5,2025-09-01T22:00:00+00:00,latent_sar_max_wind,Latent MLP · SAR · wind only,32.10576672024197,False,hourly mean,3
EP112025,Kiko (2025),without_era5,2025-09-01T23:00:00+00:00,latent_sar_max_wind,Latent MLP · SAR · wind only,31.835690710279675,False,hourly mean,3
EP112025,Kiko (2025),without_era5,2025-09-02T00:00:00+00:00,latent_sar_max_wind,Latent MLP · SAR · wind only,32.826221783955894,False,hourly mean,3
EP112025,Kiko (2025),without_era5,2025-09-02T01:00:00+00:00,latent_sar_max_wind,Latent MLP · SAR · wind only,36.63086477915446,False,hourly mean,3
EP112025,Kiko (2025),without_era5,2025-09-02T02:00:00+00:00,latent_sar_max_wind,Latent MLP · SAR · wind only,37.17478370666504,False,hourly mean,3
EP112025,Kiko (2025),without_era5,2025-09-02T03:00:00+00:00,latent_sar_max_wind,Latent MLP · SAR · wind only,35.77608203887939,False,hourly mean,3
EP112025,Kiko (2025),without_era5,2025-09-02T04:00:00+00:00,latent_sar_max_wind,Latent MLP · SAR · wind only,33.54732693566216,False,hourly mean,3
EP112025,Kiko (2025),without_era5,2025-09-02T05:00:00+00:00,latent_sar_max_wind,Latent MLP · SAR · wind only,32.637441423204216,False,hourly mean,3
EP112025,Kiko (2025),without_era5,2025-09-02T06:00:00+00:00,latent_sar_max_wind,Latent MLP · SAR · wind only,30.892017046610516,False,hourly mean,3
EP112025,Kiko (2025),without_era5,2025-09-02T07:00:00+00:00,latent_sar_max_wind,Latent MLP · SAR · wind only,28.355958832634823,False,hourly mean,3
EP112025,Kiko (2025),without_era5,2025-09-02T08:00:00+00:00,latent_sar_max_wind,Latent MLP · SAR · wind only,25.365079561869305,False,hourly mean,3
EP112025,Kiko (2025),without_era5,2025-09-02T09:00:00+00:00,latent_sar_max_wind,Latent MLP · SAR · wind only,25.062962532043457,False,hourly mean,3
EP112025,Kiko (2025),without_era5,2025-09-02T10:00:00+00:00,latent_sar_max_wind,Latent MLP · SAR · wind only,25.83655325571696,False,hourly mean,3
EP112025,Kiko (2025),without_era5,2025-09-02T11:00:00+00:00,latent_sar_max_wind,Latent MLP · SAR · wind only,28.709590699937607,False,hourly mean,3
EP112025,Kiko (2025),without_era5,2025-09-02T12:00:00+00:00,latent_sar_max_wind,Latent MLP · SAR · wind only,35.305696911282006,False,hourly mean,3
EP112025,Kiko (2025),without_era5,2025-09-02T13:00:00+00:00,latent_sar_max_wind,Latent MLP · SAR · wind only,39.667808532714844,False,hourly mean,3
EP112025,Kiko (2025),without_era5,2025-09-02T14:00:00+00:00,latent_sar_max_wind,Latent MLP · SAR · wind only,42.36726866828071,False,hourly mean,3
EP112025,Kiko (2025),without_era5,2025-09-02T15:00:00+00:00,latent_sar_max_wind,Latent MLP · SAR · wind only,43.10084321763781,False,hourly mean,3
EP112025,Kiko (2025),without_era5,2025-09-02T16:00:00+00:00,latent_sar_max_wind,Latent MLP · SAR · wind only,43.920423719618064,False,hourly mean,3
EP112025,Kiko (2025),without_era5,2025-09-02T17:00:00+00:00,latent_sar_max_wind,Latent MLP · SAR · wind only,44.441720114813904,False,hourly mean,3
EP112025,Kiko (2025),without_era5,2025-09-02T18:00:00+00:00,latent_sar_max_wind,Latent MLP · SAR · wind only,43.02836693657769,False,hourly mean,3
EP112025,Kiko (2025),without_era5,2025-09-02T19:00:00+00:00,latent_sar_max_wind,Latent MLP · SAR · wind only,43.03476185268826,False,hourly mean,3
EP112025,Kiko (2025),without_era5,2025-09-02T20:00:00+00:00,latent_sar_max_wind,Latent MLP · SAR · wind only,41.6631113688151,False,hourly mean,3
EP112025,Kiko (2025),without_era5,2025-09-02T21:00:00+00:00,latent_sar_max_wind,Latent MLP · SAR · wind only,39.68820148044162,True,hourly mean,3
EP112025,Kiko (2025),without_era5,2025-09-02T22:00:00+00:00,latent_sar_max_wind,Latent MLP · SAR · wind only,38.11091083950466,True,hourly mean,3
EP112025,Kiko (2025),without_era5,2025-09-02T23:00:00+00:00,latent_sar_max_wind,Latent MLP · SAR · wind only,38.36660046047634,True,hourly mean,3
EP112025,Kiko (2025),without_era5,2025-09-03T00:00:00+00:00,latent_sar_max_wind,Latent MLP · SAR · wind only,41.84409268697103,True,hourly mean,3
EP112025,Kiko (2025),without_era5,2025-09-03T01:00:00+00:00,latent_sar_max_wind,Latent MLP · SAR · wind only,43.32037565443252,True,hourly mean,3
EP112025,Kiko (2025),without_era5,2025-09-03T02:00:00+00:00,latent_sar_max_wind,Latent MLP · SAR · wind only,44.50960328843859,True,hourly mean,3
EP112025,Kiko (2025),without_era5,2025-09-03T03:00:00+00:00,latent_sar_max_wind,Latent MLP · SAR · wind only,43.0797356499566,False,hourly mean,3
EP112025,Kiko (2025),without_era5,2025-09-03T04:00:00+00:00,latent_sar_max_wind,Latent MLP · SAR · wind only,40.78413963317871,False,hourly mean,3
EP112025,Kiko (2025),without_era5,2025-09-03T05:00:00+00:00,latent_sar_max_wind,Latent MLP · SAR · wind only,37.68446752760145,False,hourly mean,3
EP112025,Kiko (2025),without_era5,2025-09-03T06:00:00+00:00,latent_sar_max_wind,Latent MLP · SAR · wind only,34.87805324130588,False,hourly mean,3
EP112025,Kiko (2025),without_era5,2025-09-03T07:00:00+00:00,latent_sar_max_wind,Latent MLP · SAR · wind only,32.31962754991319,False,hourly mean,3
EP112025,Kiko (2025),without_era5,2025-09-03T08:00:00+00:00,latent_sar_max_wind,Latent MLP · SAR · wind only,35.142045974731445,False,hourly mean,3
EP112025,Kiko (2025),without_era5,2025-09-03T09:00:00+00:00,latent_sar_max_wind,Latent MLP · SAR · wind only,37.06264517042372,False,hourly mean,3
EP112025,Kiko (2025),without_era5,2025-09-03T10:00:00+00:00,latent_sar_max_wind,Latent MLP · SAR · wind only,40.45861689249674,False,hourly mean,3
EP112025,Kiko (2025),without_era5,2025-09-03T11:00:00+00:00,latent_sar_max_wind,Latent MLP · SAR · wind only,42.32347763909234,False,hourly mean,3
EP112025,Kiko (2025),without_era5,2025-09-03T12:00:00+00:00,latent_sar_max_wind,Latent MLP · SAR · wind only,44.929818047417534,False,hourly mean,3
EP112025,Kiko (2025),without_era5,2025-09-03T13:00:00+00:00,latent_sar_max_wind,Latent MLP · SAR · wind only,48.699004915025505,False,hourly mean,3
EP112025,Kiko (2025),without_era5,2025-09-03T14:00:00+00:00,latent_sar_max_wind,Latent MLP · SAR · wind only,51.72687911987305,False,hourly mean,3
EP112025,Kiko (2025),without_era5,2025-09-03T15:00:00+00:00,latent_sar_max_wind,Latent MLP · SAR · wind only,54.96903949313694,False,hourly mean,3
EP112025,Kiko (2025),without_era5,2025-09-03T16:00:00+00:00,latent_sar_max_wind,Latent MLP · SAR · wind only,57.00537384880914,False,hourly mean,3
EP112025,Kiko (2025),without_era5,2025-09-03T17:00:00+00:00,latent_sar_max_wind,Latent MLP · SAR · wind only,57.57359907362197,False,hourly mean,3
EP112025,Kiko (2025),without_era5,2025-09-03T18:00:00+00:00,latent_sar_max_wind,Latent MLP · SAR · wind only,56.54833984375,True,hourly mean,3
EP112025,Kiko (2025),without_era5,2025-09-03T19:00:00+00:00,latent_sar_max_wind,Latent MLP · SAR · wind only,55.887922498914925,True,hourly mean,3
EP112025,Kiko (2025),without_era5,2025-09-03T20:00:00+00:00,latent_sar_max_wind,Latent MLP · SAR · wind only,54.341064453125,True,hourly mean,3
EP112025,Kiko (2025),without_era5,2025-09-03T21:00:00+00:00,latent_sar_max_wind,Latent MLP · SAR · wind only,56.07568147447375,True,hourly mean,3
EP112025,Kiko (2025),without_era5,2025-09-03T22:00:00+00:00,latent_sar_max_wind,Latent MLP · SAR · wind only,58.96213467915853,True,hourly mean,3
EP112025,Kiko (2025),without_era5,2025-09-03T23:00:00+00:00,latent_sar_max_wind,Latent MLP · SAR · wind only,61.24450471666123,True,hourly mean,3
EP112025,Kiko (2025),without_era5,2025-09-04T00:00:00+00:00,latent_sar_max_wind,Latent MLP · SAR · wind only,60.96715015835232,True,hourly mean,3
EP112025,Kiko (2025),without_era5,2025-09-04T01:00:00+00:00,latent_sar_max_wind,Latent MLP · SAR · wind only,59.29795879787869,True,hourly mean,3
EP112025,Kiko (2025),without_era5,2025-09-04T02:00:00+00:00,latent_sar_max_wind,Latent MLP · SAR · wind only,58.21346537272135,True,hourly mean,3
EP112025,Kiko (2025),without_era5,2025-09-04T03:00:00+00:00,latent_sar_max_wind,Latent MLP · SAR · wind only,57.07606082492404,True,hourly mean,3
EP112025,Kiko (2025),without_era5,2025-09-04T04:00:00+00:00,latent_sar_max_wind,Latent MLP · SAR · wind only,53.662654876708984,True,hourly mean,3
EP112025,Kiko (2025),without_era5,2025-09-04T05:00:00+00:00,latent_sar_max_wind,Latent MLP · SAR · wind only,48.915644539727104,True,hourly mean,3
EP112025,Kiko (2025),without_era5,2025-09-04T06:00:00+00:00,latent_sar_max_wind,Latent MLP · SAR · wind only,44.48337830437555,True,hourly mean,3
EP112025,Kiko (2025),without_era5,2025-09-04T07:00:00+00:00,latent_sar_max_wind,Latent MLP · SAR · wind only,42.46985880533854,True,hourly mean,3
EP112025,Kiko (2025),without_era5,2025-09-04T08:00:00+00:00,latent_sar_max_wind,Latent MLP · SAR · wind only,43.778605143229164,True,hourly mean,3
EP112025,Kiko (2025),without_era5,2025-09-04T09:00:00+00:00,latent_sar_max_wind,Latent MLP · SAR · wind only,44.28131527370877,False,hourly mean,3
EP112025,Kiko (2025),without_era5,2025-09-04T10:00:00+00:00,latent_sar_max_wind,Latent MLP · SAR · wind only,45.82864231533474,False,hourly mean,3
EP112025,Kiko (2025),without_era5,2025-09-04T11:00:00+00:00,latent_sar_max_wind,Latent MLP · SAR · wind only,46.04315503438314,False,hourly mean,3
EP112025,Kiko (2025),without_era5,2025-09-04T12:00:00+00:00,latent_sar_max_wind,Latent MLP · SAR · wind only,47.58827781677246,False,hourly mean,3
EP112025,Kiko (2025),without_era5,2025-09-04T13:00:00+00:00,latent_sar_max_wind,Latent MLP · SAR · wind only,50.622979482014976,False,hourly mean,3
EP112025,Kiko (2025),without_era5,2025-09-04T14:00:00+00:00,latent_sar_max_wind,Latent MLP · SAR · wind only,53.9254936642117,False,hourly mean,3
EP112025,Kiko (2025),without_era5,2025-09-04T15:00:00+00:00,latent_sar_max_wind,Latent MLP · SAR · wind only,54.34090190463596,False,hourly mean,3
EP112025,Kiko (2025),without_era5,2025-09-04T16:00:00+00:00,latent_sar_max_wind,Latent MLP · SAR · wind only,51.68860859341092,False,hourly mean,3
EP112025,Kiko (2025),without_era5,2025-09-04T17:00:00+00:00,latent_sar_max_wind,Latent MLP · SAR · wind only,46.264104790157745,False,hourly mean,3
EP112025,Kiko (2025),without_era5,2025-09-04T18:00:00+00:00,latent_sar_max_wind,Latent MLP · SAR · wind only,45.913975132836235,False,hourly mean,3
EP112025,Kiko (2025),without_era5,2025-09-04T19:00:00+00:00,latent_sar_max_wind,Latent MLP · SAR · wind only,45.770779238806824,False,hourly mean,3
EP112025,Kiko (2025),without_era5,2025-09-04T20:00:00+00:00,latent_sar_max_wind,Latent MLP · SAR · wind only,50.46312310960557,False,hourly mean,3
EP112025,Kiko (2025),without_era5,2025-09-04T21:00:00+00:00,latent_sar_max_wind,Latent MLP · SAR · wind only,52.47421646118164,False,hourly mean,3
EP112025,Kiko (2025),without_era5,2025-09-04T22:00:00+00:00,latent_sar_max_wind,Latent MLP · SAR · wind only,54.693421893649635,False,hourly mean,3
EP112025,Kiko (2025),without_era5,2025-09-04T23:00:00+00:00,latent_sar_max_wind,Latent MLP · SAR · wind only,51.4467519124349,False,hourly mean,3
EP112025,Kiko (2025),without_era5,2025-09-05T00:00:00+00:00,latent_sar_max_wind,Latent MLP · SAR · wind only,47.83432345920139,False,hourly mean,3
EP112025,Kiko (2025),without_era5,2025-09-05T01:00:00+00:00,latent_sar_max_wind,Latent MLP · SAR · wind only,44.756954405042855,False,hourly mean,3
EP112025,Kiko (2025),without_era5,2025-09-05T02:00:00+00:00,latent_sar_max_wind,Latent MLP · SAR · wind only,43.95951694912381,False,hourly mean,3
EP112025,Kiko (2025),without_era5,2025-09-05T03:00:00+00:00,latent_sar_max_wind,Latent MLP · SAR · wind only,42.87351671854655,False,hourly mean,3
EP112025,Kiko (2025),without_era5,2025-09-05T04:00:00+00:00,latent_sar_max_wind,Latent MLP · SAR · wind only,40.75077565511068,False,hourly mean,3
EP112025,Kiko (2025),without_era5,2025-09-05T05:00:00+00:00,latent_sar_max_wind,Latent MLP · SAR · wind only,39.767157236735024,False,hourly mean,3
EP112025,Kiko (2025),without_era5,2025-09-05T06:00:00+00:00,latent_sar_max_wind,Latent MLP · SAR · wind only,36.95947244432238,False,hourly mean,3
EP112025,Kiko (2025),without_era5,2025-09-05T07:00:00+00:00,latent_sar_max_wind,Latent MLP · SAR · wind only,34.559309747483994,False,hourly mean,3
EP112025,Kiko (2025),without_era5,2025-09-05T08:00:00+00:00,latent_sar_max_wind,Latent MLP · SAR · wind only,33.412150382995605,False,hourly mean,3
EP112025,Kiko (2025),without_era5,2025-09-05T09:00:00+00:00,latent_sar_max_wind,Latent MLP · SAR · wind only,36.15931118859185,False,hourly mean,3
EP112025,Kiko (2025),without_era5,2025-09-05T10:00:00+00:00,latent_sar_max_wind,Latent MLP · SAR · wind only,36.753661473592125,False,hourly mean,3
EP112025,Kiko (2025),without_era5,2025-09-05T11:00:00+00:00,latent_sar_max_wind,Latent MLP · SAR · wind only,35.953216022915306,False,hourly mean,3
EP112025,Kiko (2025),without_era5,2025-09-05T12:00:00+00:00,latent_sar_max_wind,Latent MLP · SAR · wind only,36.03599198659261,False,hourly mean,3
EP112025,Kiko (2025),without_era5,2025-09-05T13:00:00+00:00,latent_sar_max_wind,Latent MLP · SAR · wind only,40.67420927683512,False,hourly mean,3
EP112025,Kiko (2025),without_era5,2025-09-05T14:00:00+00:00,latent_sar_max_wind,Latent MLP · SAR · wind only,46.579206466674805,False,hourly mean,3
EP112025,Kiko (2025),without_era5,2025-09-05T15:00:00+00:00,latent_sar_max_wind,Latent MLP · SAR · wind only,50.51703368292914,False,hourly mean,3
EP112025,Kiko (2025),without_era5,2025-09-05T16:00:00+00:00,latent_sar_max_wind,Latent MLP · SAR · wind only,51.798309538099495,False,hourly mean,3
EP112025,Kiko (2025),without_era5,2025-09-05T17:00:00+00:00,latent_sar_max_wind,Latent MLP · SAR · wind only,50.86534563700358,False,hourly mean,3
EP112025,Kiko (2025),without_era5,2025-09-05T18:00:00+00:00,latent_sar_max_wind,Latent MLP · SAR · wind only,50.90905231899686,False,hourly mean,3
EP112025,Kiko (2025),without_era5,2025-09-05T19:00:00+00:00,latent_sar_max_wind,Latent MLP · SAR · wind only,52.261330710517036,False,hourly mean,3
EP112025,Kiko (2025),without_era5,2025-09-05T20:00:00+00:00,latent_sar_max_wind,Latent MLP · SAR · wind only,54.45774586995443,False,hourly mean,3
EP112025,Kiko (2025),without_era5,2025-09-05T21:00:00+00:00,latent_sar_max_wind,Latent MLP · SAR · wind only,55.52472919887966,False,hourly mean,3
EP112025,Kiko (2025),without_era5,2025-09-05T22:00:00+00:00,latent_sar_max_wind,Latent MLP · SAR · wind only,56.982760959201386,False,hourly mean,3
EP112025,Kiko (2025),without_era5,2025-09-05T23:00:00+00:00,latent_sar_max_wind,Latent MLP · SAR · wind only,58.58349397447373,False,hourly mean,3
EP112025,Kiko (2025),without_era5,2025-09-06T00:00:00+00:00,latent_sar_max_wind,Latent MLP · SAR · wind only,59.56474537319607,False,hourly mean,3
EP112025,Kiko (2025),without_era5,2025-09-06T01:00:00+00:00,latent_sar_max_wind,Latent MLP · SAR · wind only,60.436174392700195,False,hourly mean,3
EP112025,Kiko (2025),without_era5,2025-09-06T02:00:00+00:00,latent_sar_max_wind,Latent MLP · SAR · wind only,61.33444552951389,False,hourly mean,3
EP112025,Kiko (2025),without_era5,2025-09-06T03:00:00+00:00,latent_sar_max_wind,Latent MLP · SAR · wind only,63.34023687574598,False,hourly mean,3
EP112025,Kiko (2025),without_era5,2025-09-06T04:00:00+00:00,latent_sar_max_wind,Latent MLP · SAR · wind only,63.711418787638344,False,hourly mean,3
EP112025,Kiko (2025),without_era5,2025-09-06T05:00:00+00:00,latent_sar_max_wind,Latent MLP · SAR · wind only,63.682623545328774,False,hourly mean,3
EP112025,Kiko (2025),without_era5,2025-09-06T06:00:00+00:00,latent_sar_max_wind,Latent MLP · SAR · wind only,62.83405113220215,False,hourly mean,3
EP112025,Kiko (2025),without_era5,2025-09-06T07:00:00+00:00,latent_sar_max_wind,Latent MLP · SAR · wind only,61.84973610772027,False,hourly mean,3
EP112025,Kiko (2025),without_era5,2025-09-06T08:00:00+00:00,latent_sar_max_wind,Latent MLP · SAR · wind only,60.28531837463379,False,hourly mean,3
EP112025,Kiko (2025),without_era5,2025-09-06T09:00:00+00:00,latent_sar_max_wind,Latent MLP · SAR · wind only,58.5122801038954,False,hourly mean,3
EP112025,Kiko (2025),without_era5,2025-09-06T10:00:00+00:00,latent_sar_max_wind,Latent MLP · SAR · wind only,55.47829030354817,False,hourly mean,3
EP112025,Kiko (2025),without_era5,2025-09-06T11:00:00+00:00,latent_sar_max_wind,Latent MLP · SAR · wind only,51.53527128431532,False,hourly mean,3
EP112025,Kiko (2025),without_era5,2025-09-06T12:00:00+00:00,latent_sar_max_wind,Latent MLP · SAR · wind only,47.316773944430885,False,hourly mean,3
EP112025,Kiko (2025),without_era5,2025-09-06T13:00:00+00:00,latent_sar_max_wind,Latent MLP · SAR · wind only,43.885880364312065,False,hourly mean,3
EP112025,Kiko (2025),without_era5,2025-09-06T14:00:00+00:00,latent_sar_max_wind,Latent MLP · SAR · wind only,42.195382859971794,False,hourly mean,3
EP112025,Kiko (2025),without_era5,2025-09-06T15:00:00+00:00,latent_sar_max_wind,Latent MLP · SAR · wind only,42.44948768615723,False,hourly mean,3
EP112025,Kiko (2025),without_era5,2025-09-06T16:00:00+00:00,latent_sar_max_wind,Latent MLP · SAR · wind only,42.92211723327637,False,hourly mean,3
EP112025,Kiko (2025),without_era5,2025-09-06T17:00:00+00:00,latent_sar_max_wind,Latent MLP · SAR · wind only,43.59934043884277,False,hourly mean,3
EP112025,Kiko (2025),without_era5,2025-09-06T18:00:00+00:00,latent_sar_max_wind,Latent MLP · SAR · wind only,45.874787224663635,False,hourly mean,3
EP112025,Kiko (2025),without_era5,2025-09-06T19:00:00+00:00,latent_sar_max_wind,Latent MLP · SAR · wind only,51.71327781677246,False,hourly mean,3
EP112025,Kiko (2025),without_era5,2025-09-06T20:00:00+00:00,latent_sar_max_wind,Latent MLP · SAR · wind only,56.22733222113715,False,hourly mean,3
EP112025,Kiko (2025),without_era5,2025-09-06T21:00:00+00:00,latent_sar_max_wind,Latent MLP · SAR · wind only,59.358808305528434,False,hourly mean,3
EP112025,Kiko (2025),without_era5,2025-09-06T22:00:00+00:00,latent_sar_max_wind,Latent MLP · SAR · wind only,60.32386695014106,False,hourly mean,3
EP112025,Kiko (2025),without_era5,2025-09-06T23:00:00+00:00,latent_sar_max_wind,Latent MLP · SAR · wind only,62.59837404886881,False,hourly mean,3
EP112025,Kiko (2025),without_era5,2025-09-07T00:00:00+00:00,latent_sar_max_wind,Latent MLP · SAR · wind only,63.34138467576768,False,hourly mean,3
EP112025,Kiko (2025),without_era5,2025-09-07T01:00:00+00:00,latent_sar_max_wind,Latent MLP · SAR · wind only,63.80162853664822,False,hourly mean,3
EP112025,Kiko (2025),without_era5,2025-09-07T02:00:00+00:00,latent_sar_max_wind,Latent MLP · SAR · wind only,64.41041564941406,False,hourly mean,3
EP112025,Kiko (2025),without_era5,2025-09-07T03:00:00+00:00,latent_sar_max_wind,Latent MLP · SAR · wind only,64.85439448886449,False,hourly mean,3
EP112025,Kiko (2025),without_era5,2025-09-07T04:00:00+00:00,latent_sar_max_wind,Latent MLP · SAR · wind only,63.84721607632107,False,hourly mean,3
EP112025,Kiko (2025),without_era5,2025-09-07T05:00:00+00:00,latent_sar_max_wind,Latent MLP · SAR · wind only,59.83537695142957,False,hourly mean,3
EP112025,Kiko (2025),without_era5,2025-09-07T06:00:00+00:00,latent_sar_max_wind,Latent MLP · SAR · wind only,50.91083505418566,False,hourly mean,3
EP112025,Kiko (2025),without_era5,2025-09-07T07:00:00+00:00,latent_sar_max_wind,Latent MLP · SAR · wind only,39.64310518900553,False,hourly mean,3
EP112025,Kiko (2025),without_era5,2025-09-07T08:00:00+00:00,latent_sar_max_wind,Latent MLP · SAR · wind only,29.32647196451823,False,hourly mean,3
EP112025,Kiko (2025),without_era5,2025-09-07T09:00:00+00:00,latent_sar_max_wind,Latent MLP · SAR · wind only,24.20521079169379,False,hourly mean,3
EP112025,Kiko (2025),without_era5,2025-09-07T10:00:00+00:00,latent_sar_max_wind,Latent MLP · SAR · wind only,25.013035774230957,False,hourly mean,3
EP112025,Kiko (2025),without_era5,2025-09-07T11:00:00+00:00,latent_sar_max_wind,Latent MLP · SAR · wind only,30.85036627451579,False,hourly mean,3
EP112025,Kiko (2025),without_era5,2025-09-07T12:00:00+00:00,latent_sar_max_wind,Latent MLP · SAR · wind only,41.658950911627876,False,hourly mean,3
EP112025,Kiko (2025),without_era5,2025-09-07T13:00:00+00:00,latent_sar_max_wind,Latent MLP · SAR · wind only,50.091803020901146,False,hourly mean,3
EP112025,Kiko (2025),without_era5,2025-09-07T14:00:00+00:00,latent_sar_max_wind,Latent MLP · SAR · wind only,53.63430637783474,False,hourly mean,3
EP112025,Kiko (2025),without_era5,2025-09-07T15:00:00+00:00,latent_sar_max_wind,Latent MLP · SAR · wind only,50.15117666456435,False,hourly mean,3
EP112025,Kiko (2025),without_era5,2025-09-07T16:00:00+00:00,latent_sar_max_wind,Latent MLP · SAR · wind only,45.26272540622287,False,hourly mean,3
EP112025,Kiko (2025),without_era5,2025-09-07T17:00:00+00:00,latent_sar_max_wind,Latent MLP · SAR · wind only,40.562381744384766,False,hourly mean,3
EP112025,Kiko (2025),without_era5,2025-09-07T18:00:00+00:00,latent_sar_max_wind,Latent MLP · SAR · wind only,37.45880381266276,False,hourly mean,3
EP112025,Kiko (2025),without_era5,2025-09-07T19:00:00+00:00,latent_sar_max_wind,Latent MLP · SAR · wind only,35.64730050828722,False,hourly mean,3
EP112025,Kiko (2025),without_era5,2025-09-07T20:00:00+00:00,latent_sar_max_wind,Latent MLP · SAR · wind only,35.210907194349495,False,hourly mean,3
EP112025,Kiko (2025),without_era5,2025-09-07T21:00:00+00:00,latent_sar_max_wind,Latent MLP · SAR · wind only,36.23159493340386,False,hourly mean,3
EP112025,Kiko (2025),without_era5,2025-09-07T22:00:00+00:00,latent_sar_max_wind,Latent MLP · SAR · wind only,37.49447059631348,False,hourly mean,3
EP112025,Kiko (2025),without_era5,2025-09-07T23:00:00+00:00,latent_sar_max_wind,Latent MLP · SAR · wind only,37.56390804714627,False,hourly mean,3
EP112025,Kiko (2025),without_era5,2025-09-08T00:00:00+00:00,latent_sar_max_wind,Latent MLP · SAR · wind only,37.8699525197347,False,hourly mean,3
EP112025,Kiko (2025),without_era5,2025-09-08T01:00:00+00:00,latent_sar_max_wind,Latent MLP · SAR · wind only,38.42478052775065,False,hourly mean,3
EP112025,Kiko (2025),without_era5,2025-09-08T02:00:00+00:00,latent_sar_max_wind,Latent MLP · SAR · wind only,38.094271871778695,False,hourly mean,3
EP112025,Kiko (2025),without_era5,2025-09-08T03:00:00+00:00,latent_sar_max_wind,Latent MLP · SAR · wind only,35.475587103101944,False,hourly mean,3
EP112025,Kiko (2025),without_era5,2025-09-08T04:00:00+00:00,latent_sar_max_wind,Latent MLP · SAR · wind only,31.02889717949761,False,hourly mean,3
EP112025,Kiko (2025),without_era5,2025-09-08T05:00:00+00:00,latent_sar_max_wind,Latent MLP · SAR · wind only,27.95985518561469,False,hourly mean,3
EP112025,Kiko (2025),without_era5,2025-09-08T06:00:00+00:00,latent_sar_max_wind,Latent MLP · SAR · wind only,26.07219198015001,False,hourly mean,3
EP112025,Kiko (2025),without_era5,2025-09-08T07:00:00+00:00,latent_sar_max_wind,Latent MLP · SAR · wind only,25.746893564860027,False,hourly mean,3
EP112025,Kiko (2025),without_era5,2025-09-08T08:00:00+00:00,latent_sar_max_wind,Latent MLP · SAR · wind only,25.031338691711426,False,hourly mean,3
EP112025,Kiko (2025),without_era5,2025-09-08T09:00:00+00:00,latent_sar_max_wind,Latent MLP · SAR · wind only,24.731839179992676,False,hourly mean,3
EP112025,Kiko (2025),without_era5,2025-09-08T10:00:00+00:00,latent_sar_max_wind,Latent MLP · SAR · wind only,25.212503009372288,False,hourly mean,3
EP112025,Kiko (2025),without_era5,2025-09-08T11:00:00+00:00,latent_sar_max_wind,Latent MLP · SAR · wind only,26.017007615831165,False,hourly mean,3
EP112025,Kiko (2025),without_era5,2025-09-08T12:00:00+00:00,latent_sar_max_wind,Latent MLP · SAR · wind only,26.440867847866485,False,hourly mean,3
EP112025,Kiko (2025),without_era5,2025-09-08T13:00:00+00:00,latent_sar_max_wind,Latent MLP · SAR · wind only,27.612919277615017,False,hourly mean,3
EP112025,Kiko (2025),without_era5,2025-09-08T14:00:00+00:00,latent_sar_max_wind,Latent MLP · SAR · wind only,29.88956610361735,False,hourly mean,3
EP112025,Kiko (2025),without_era5,2025-09-08T15:00:00+00:00,latent_sar_max_wind,Latent MLP · SAR · wind only,32.94172594282362,False,hourly mean,3
EP112025,Kiko (2025),without_era5,2025-09-08T16:00:00+00:00,latent_sar_max_wind,Latent MLP · SAR · wind only,33.04626761542426,False,hourly mean,3
EP112025,Kiko (2025),without_era5,2025-09-08T17:00:00+00:00,latent_sar_max_wind,Latent MLP · SAR · wind only,31.459205097622345,False,hourly mean,3
EP112025,Kiko (2025),without_era5,2025-09-08T18:00:00+00:00,latent_sar_max_wind,Latent MLP · SAR · wind only,29.717733807033966,False,hourly mean,3
EP112025,Kiko (2025),without_era5,2025-09-08T19:00:00+00:00,latent_sar_max_wind,Latent MLP · SAR · wind only,29.73319509294298,False,hourly mean,3
EP112025,Kiko (2025),without_era5,2025-09-08T20:00:00+00:00,latent_sar_max_wind,Latent MLP · SAR · wind only,31.40464284684923,False,hourly mean,3
EP112025,Kiko (2025),without_era5,2025-09-08T21:00:00+00:00,latent_sar_max_wind,Latent MLP · SAR · wind only,31.621742884318035,False,hourly mean,3
EP112025,Kiko (2025),without_era5,2025-09-08T22:00:00+00:00,latent_sar_max_wind,Latent MLP · SAR · wind only,31.435524622599285,False,hourly mean,3
EP112025,Kiko (2025),without_era5,2025-09-08T23:00:00+00:00,latent_sar_max_wind,Latent MLP · SAR · wind only,28.833669132656524,False,hourly mean,3
EP112025,Kiko (2025),without_era5,2025-09-09T00:00:00+00:00,latent_sar_max_wind,Latent MLP · SAR · wind only,26.229249106513134,False,hourly mean,3
EP112025,Kiko (2025),without_era5,2025-09-09T01:00:00+00:00,latent_sar_max_wind,Latent MLP · SAR · wind only,23.809026506212025,False,hourly mean,3
EP112025,Kiko (2025),without_era5,2025-09-09T02:00:00+00:00,latent_sar_max_wind,Latent MLP · SAR · wind only,23.0968623691135,False,hourly mean,3
EP112025,Kiko (2025),without_era5,2025-09-09T03:00:00+00:00,latent_sar_max_wind,Latent MLP · SAR · wind only,22.943533579508465,False,hourly mean,3
EP112025,Kiko (2025),without_era5,2025-09-09T04:00:00+00:00,latent_sar_max_wind,Latent MLP · SAR · wind only,22.821790377298992,False,hourly mean,3
EP112025,Kiko (2025),without_era5,2025-09-09T05:00:00+00:00,latent_sar_max_wind,Latent MLP · SAR · wind only,22.690462642245823,False,hourly mean,3
EP112025,Kiko (2025),without_era5,2025-09-09T06:00:00+00:00,latent_sar_max_wind,Latent MLP · SAR · wind only,22.605615191989475,False,hourly mean,3
EP112025,Kiko (2025),without_era5,2025-09-09T07:00:00+00:00,latent_sar_max_wind,Latent MLP · SAR · wind only,22.310691833496097,False,hourly mean,3
EP112025,Kiko (2025),without_era5,2025-09-09T08:00:00+00:00,latent_sar_max_wind,Latent MLP · SAR · wind only,22.290352397494853,False,hourly mean,3
EP112025,Kiko (2025),without_era5,2025-09-09T09:00:00+00:00,latent_sar_max_wind,Latent MLP · SAR · wind only,22.510081079271107,False,hourly mean,3
EP112025,Kiko (2025),without_era5,2025-09-09T10:00:00+00:00,latent_sar_max_wind,Latent MLP · SAR · wind only,22.815746519300674,False,hourly mean,3
EP112025,Kiko (2025),without_era5,2025-09-09T11:00:00+00:00,latent_sar_max_wind,Latent MLP · SAR · wind only,22.81243822309706,False,hourly mean,3
EP112025,Kiko (2025),without_era5,2025-09-09T12:00:00+00:00,latent_sar_max_wind,Latent MLP · SAR · wind only,22.733996285332577,False,hourly mean,3
EP112025,Kiko (2025),without_era5,2025-09-09T13:00:00+00:00,latent_sar_max_wind,Latent MLP · SAR · wind only,22.629607412550186,False,hourly mean,3
EP112025,Kiko (2025),without_era5,2025-09-09T14:00:00+00:00,latent_sar_max_wind,Latent MLP · SAR · wind only,22.711065080430775,False,hourly mean,3
EP112025,Kiko (2025),without_era5,2025-09-09T15:00:00+00:00,latent_sar_max_wind,Latent MLP · SAR · wind only,22.704169909159344,False,hourly mean,3
EP112025,Kiko (2025),without_era5,2025-09-09T16:00:00+00:00,latent_sar_max_wind,Latent MLP · SAR · wind only,22.702750100029842,False,hourly mean,3
EP112025,Kiko (2025),without_era5,2025-09-09T17:00:00+00:00,latent_sar_max_wind,Latent MLP · SAR · wind only,22.661028650071888,False,hourly mean,3
EP112025,Kiko (2025),without_era5,2025-09-09T18:00:00+00:00,latent_sar_max_wind,Latent MLP · SAR · wind only,22.546183798048233,False,hourly mean,3
EP112025,Kiko (2025),without_era5,2025-09-09T19:00:00+00:00,latent_sar_max_wind,Latent MLP · SAR · wind only,22.706960890028213,False,hourly mean,3
EP112025,Kiko (2025),without_era5,2025-09-09T20:00:00+00:00,latent_sar_max_wind,Latent MLP · SAR · wind only,22.873522016737198,False,hourly mean,3
EP112025,Kiko (2025),without_era5,2025-09-09T21:00:00+00:00,latent_sar_max_wind,Latent MLP · SAR · wind only,23.07275380028619,False,hourly mean,3
EP112025,Kiko (2025),without_era5,2025-09-09T22:00:00+00:00,latent_sar_max_wind,Latent MLP · SAR · wind only,23.013436847262913,False,hourly mean,3
EP112025,Kiko (2025),without_era5,2025-09-09T23:00:00+00:00,latent_sar_max_wind,Latent MLP · SAR · wind only,22.839488877190487,False,hourly mean,3
EP112025,Kiko (2025),without_era5,2025-09-10T00:00:00+00:00,latent_sar_max_wind,Latent MLP · SAR · wind only,22.836829503377277,False,hourly mean,3
EP112025,Kiko (2025),without_era5,2025-09-10T01:00:00+00:00,latent_sar_max_wind,Latent MLP · SAR · wind only,23.04353788163927,False,hourly mean,3
EP112025,Kiko (2025),without_era5,2025-09-10T02:00:00+00:00,latent_sar_max_wind,Latent MLP · SAR · wind only,22.99963082207574,False,hourly mean,3
EP112025,Kiko (2025),without_era5,2025-09-10T03:00:00+00:00,latent_sar_max_wind,Latent MLP · SAR · wind only,22.849599944220653,False,hourly mean,3
EP112025,Kiko (2025),without_era5,2025-09-10T04:00:00+00:00,latent_sar_max_wind,Latent MLP · SAR · wind only,22.653633753458664,False,hourly mean,3
EP112025,Kiko (2025),without_era5,2025-09-10T05:00:00+00:00,latent_sar_max_wind,Latent MLP · SAR · wind only,22.71729225582547,False,hourly mean,3
EP112025,Kiko (2025),without_era5,2025-09-10T06:00:00+00:00,latent_sar_max_wind,Latent MLP · SAR · wind only,23.113303502400722,False,hourly mean,3
EP112025,Kiko (2025),without_era5,2025-09-10T07:00:00+00:00,latent_sar_max_wind,Latent MLP · SAR · wind only,23.770511033799917,False,hourly mean,3
EP112025,Kiko (2025),without_era5,2025-09-10T08:00:00+00:00,latent_sar_max_wind,Latent MLP · SAR · wind only,24.116236093309194,False,hourly mean,3
EP112025,Kiko (2025),without_era5,2025-09-10T09:00:00+00:00,latent_sar_max_wind,Latent MLP · SAR · wind only,24.19539720747206,False,hourly mean,3
EP112025,Kiko (2025),without_era5,2025-09-10T10:00:00+00:00,latent_sar_max_wind,Latent MLP · SAR · wind only,23.933999485439728,False,hourly mean,3
EP112025,Kiko (2025),without_era5,2025-09-10T11:00:00+00:00,latent_sar_max_wind,Latent MLP · SAR · wind only,23.682094362046985,False,hourly mean,3
EP112025,Kiko (2025),without_era5,2025-09-10T12:00:00+00:00,latent_sar_max_wind,Latent MLP · SAR · wind only,23.18956184387207,False,hourly mean,3
EP112025,Kiko (2025),without_era5,2025-09-10T13:00:00+00:00,latent_sar_max_wind,Latent MLP · SAR · wind only,22.891407542758518,False,hourly mean,3
EP112025,Kiko (2025),without_era5,2025-09-10T14:00:00+00:00,latent_sar_max_wind,Latent MLP · SAR · wind only,22.65407594045003,False,hourly mean,3
EP112025,Kiko (2025),without_era5,2025-09-10T15:00:00+00:00,latent_sar_max_wind,Latent MLP · SAR · wind only,22.381232897440594,False,hourly mean,3
EP112025,Kiko (2025),without_era5,2025-09-10T16:00:00+00:00,latent_sar_max_wind,Latent MLP · SAR · wind only,22.22586250305176,False,hourly mean,3
EP112025,Kiko (2025),without_era5,2025-09-10T17:00:00+00:00,latent_sar_max_wind,Latent MLP · SAR · wind only,22.36630715264215,False,hourly mean,3
EP112025,Kiko (2025),without_era5,2025-09-10T18:00:00+00:00,latent_sar_max_wind,Latent MLP · SAR · wind only,22.716351403130428,False,hourly mean,3
EP112025,Kiko (2025),without_era5,2025-09-10T19:00:00+00:00,latent_sar_max_wind,Latent MLP · SAR · wind only,22.788892851935497,False,hourly mean,3
EP112025,Kiko (2025),without_era5,2025-09-10T20:00:00+00:00,latent_sar_max_wind,Latent MLP · SAR · wind only,22.917675548129612,False,hourly mean,3
EP112025,Kiko (2025),without_era5,2025-09-10T21:00:00+00:00,latent_sar_max_wind,Latent MLP · SAR · wind only,23.026855892605255,False,hourly mean,3
EP112025,Kiko (2025),without_era5,2025-09-10T22:00:00+00:00,latent_sar_max_wind,Latent MLP · SAR · wind only,23.179140832689075,False,hourly mean,3
EP112025,Kiko (2025),without_era5,2025-09-10T23:00:00+00:00,latent_sar_max_wind,Latent MLP · SAR · wind only,23.190281073252365,False,hourly mean,3
EP112025,Kiko (2025),without_era5,2025-08-31T00:00:00+00:00,latent_sar_max_wind_radii,Latent MLP · SAR · wind + radii,33.316642602284745,False,hourly mean,3
EP112025,Kiko (2025),without_era5,2025-08-31T01:00:00+00:00,latent_sar_max_wind_radii,Latent MLP · SAR · wind + radii,30.00441551208496,False,hourly mean,3
EP112025,Kiko (2025),without_era5,2025-08-31T02:00:00+00:00,latent_sar_max_wind_radii,Latent MLP · SAR · wind + radii,25.745416535271534,False,hourly mean,3
EP112025,Kiko (2025),without_era5,2025-08-31T03:00:00+00:00,latent_sar_max_wind_radii,Latent MLP · SAR · wind + radii,24.43444071875678,False,hourly mean,3
EP112025,Kiko (2025),without_era5,2025-08-31T04:00:00+00:00,latent_sar_max_wind_radii,Latent MLP · SAR · wind + radii,26.375852690802684,False,hourly mean,3
EP112025,Kiko (2025),without_era5,2025-08-31T05:00:00+00:00,latent_sar_max_wind_radii,Latent MLP · SAR · wind + radii,27.04707474178738,False,hourly mean,3
EP112025,Kiko (2025),without_era5,2025-08-31T06:00:00+00:00,latent_sar_max_wind_radii,Latent MLP · SAR · wind + radii,28.208723492092556,False,hourly mean,3
EP112025,Kiko (2025),without_era5,2025-08-31T07:00:00+00:00,latent_sar_max_wind_radii,Latent MLP · SAR · wind + radii,26.708001772562664,False,hourly mean,3
EP112025,Kiko (2025),without_era5,2025-08-31T08:00:00+00:00,latent_sar_max_wind_radii,Latent MLP · SAR · wind + radii,25.597243626912434,False,hourly mean,3
EP112025,Kiko (2025),without_era5,2025-08-31T09:00:00+00:00,latent_sar_max_wind_radii,Latent MLP · SAR · wind + radii,23.437653753492565,False,hourly mean,3
EP112025,Kiko (2025),without_era5,2025-08-31T10:00:00+00:00,latent_sar_max_wind_radii,Latent MLP · SAR · wind + radii,22.994932492574055,False,hourly mean,3
EP112025,Kiko (2025),without_era5,2025-08-31T11:00:00+00:00,latent_sar_max_wind_radii,Latent MLP · SAR · wind + radii,23.631440692477756,False,hourly mean,3
EP112025,Kiko (2025),without_era5,2025-08-31T12:00:00+00:00,latent_sar_max_wind_radii,Latent MLP · SAR · wind + radii,24.37935776180691,False,hourly mean,3
EP112025,Kiko (2025),without_era5,2025-08-31T13:00:00+00:00,latent_sar_max_wind_radii,Latent MLP · SAR · wind + radii,24.545830090840656,False,hourly mean,3
EP112025,Kiko (2025),without_era5,2025-08-31T14:00:00+00:00,latent_sar_max_wind_radii,Latent MLP · SAR · wind + radii,26.677442656622997,False,hourly mean,3
EP112025,Kiko (2025),without_era5,2025-08-31T15:00:00+00:00,latent_sar_max_wind_radii,Latent MLP · SAR · wind + radii,27.745308346218536,False,hourly mean,3
EP112025,Kiko (2025),without_era5,2025-08-31T16:00:00+00:00,latent_sar_max_wind_radii,Latent MLP · SAR · wind + radii,28.905090649922688,False,hourly mean,3
EP112025,Kiko (2025),without_era5,2025-08-31T17:00:00+00:00,latent_sar_max_wind_radii,Latent MLP · SAR · wind + radii,29.024009174770782,False,hourly mean,3
EP112025,Kiko (2025),without_era5,2025-08-31T18:00:00+00:00,latent_sar_max_wind_radii,Latent MLP · SAR · wind + radii,29.909594111972385,False,hourly mean,3
EP112025,Kiko (2025),without_era5,2025-08-31T19:00:00+00:00,latent_sar_max_wind_radii,Latent MLP · SAR · wind + radii,35.04126421610514,False,hourly mean,3
EP112025,Kiko (2025),without_era5,2025-08-31T20:00:00+00:00,latent_sar_max_wind_radii,Latent MLP · SAR · wind + radii,36.31778452131484,False,hourly mean,3
EP112025,Kiko (2025),without_era5,2025-08-31T21:00:00+00:00,latent_sar_max_wind_radii,Latent MLP · SAR · wind + radii,37.193080266316734,False,hourly mean,3
EP112025,Kiko (2025),without_era5,2025-08-31T22:00:00+00:00,latent_sar_max_wind_radii,Latent MLP · SAR · wind + radii,34.91304694281684,False,hourly mean,3
EP112025,Kiko (2025),without_era5,2025-08-31T23:00:00+00:00,latent_sar_max_wind_radii,Latent MLP · SAR · wind + radii,35.8110408782959,False,hourly mean,3
EP112025,Kiko (2025),without_era5,2025-09-01T00:00:00+00:00,latent_sar_max_wind_radii,Latent MLP · SAR · wind + radii,35.66472318437365,False,hourly mean,3
EP112025,Kiko (2025),without_era5,2025-09-01T01:00:00+00:00,latent_sar_max_wind_radii,Latent MLP · SAR · wind + radii,32.85550138685438,False,hourly mean,3
EP112025,Kiko (2025),without_era5,2025-09-01T02:00:00+00:00,latent_sar_max_wind_radii,Latent MLP · SAR · wind + radii,29.307117886013458,False,hourly mean,3
EP112025,Kiko (2025),without_era5,2025-09-01T03:00:00+00:00,latent_sar_max_wind_radii,Latent MLP · SAR · wind + radii,26.8046293258667,False,hourly mean,3
EP112025,Kiko (2025),without_era5,2025-09-01T04:00:00+00:00,latent_sar_max_wind_radii,Latent MLP · SAR · wind + radii,26.80942514207628,False,hourly mean,3
EP112025,Kiko (2025),without_era5,2025-09-01T05:00:00+00:00,latent_sar_max_wind_radii,Latent MLP · SAR · wind + radii,27.83134100172255,False,hourly mean,3
EP112025,Kiko (2025),without_era5,2025-09-01T06:00:00+00:00,latent_sar_max_wind_radii,Latent MLP · SAR · wind + radii,30.220155504014755,False,hourly mean,3
EP112025,Kiko (2025),without_era5,2025-09-01T07:00:00+00:00,latent_sar_max_wind_radii,Latent MLP · SAR · wind + radii,32.48146163092719,False,hourly mean,3
EP112025,Kiko (2025),without_era5,2025-09-01T08:00:00+00:00,latent_sar_max_wind_radii,Latent MLP · SAR · wind + radii,31.841512044270832,False,hourly mean,3
EP112025,Kiko (2025),without_era5,2025-09-01T09:00:00+00:00,latent_sar_max_wind_radii,Latent MLP · SAR · wind + radii,31.134361902872723,False,hourly mean,3
EP112025,Kiko (2025),without_era5,2025-09-01T10:00:00+00:00,latent_sar_max_wind_radii,Latent MLP · SAR · wind + radii,31.235173225402832,False,hourly mean,3
EP112025,Kiko (2025),without_era5,2025-09-01T11:00:00+00:00,latent_sar_max_wind_radii,Latent MLP · SAR · wind + radii,34.547856118943955,False,hourly mean,3
EP112025,Kiko (2025),without_era5,2025-09-01T12:00:00+00:00,latent_sar_max_wind_radii,Latent MLP · SAR · wind + radii,36.89957438574897,False,hourly mean,3
EP112025,Kiko (2025),without_era5,2025-09-01T13:00:00+00:00,latent_sar_max_wind_radii,Latent MLP · SAR · wind + radii,39.139516830444336,False,hourly mean,3
EP112025,Kiko (2025),without_era5,2025-09-01T14:00:00+00:00,latent_sar_max_wind_radii,Latent MLP · SAR · wind + radii,39.94194306267632,False,hourly mean,3
EP112025,Kiko (2025),without_era5,2025-09-01T15:00:00+00:00,latent_sar_max_wind_radii,Latent MLP · SAR · wind + radii,43.63715256585015,False,hourly mean,3
EP112025,Kiko (2025),without_era5,2025-09-01T16:00:00+00:00,latent_sar_max_wind_radii,Latent MLP · SAR · wind + radii,42.31638526916504,False,hourly mean,3
EP112025,Kiko (2025),without_era5,2025-09-01T17:00:00+00:00,latent_sar_max_wind_radii,Latent MLP · SAR · wind + radii,41.34928300645617,False,hourly mean,3
EP112025,Kiko (2025),without_era5,2025-09-01T18:00:00+00:00,latent_sar_max_wind_radii,Latent MLP · SAR · wind + radii,38.96349504258898,False,hourly mean,3
EP112025,Kiko (2025),without_era5,2025-09-01T19:00:00+00:00,latent_sar_max_wind_radii,Latent MLP · SAR · wind + radii,40.84634272257487,False,hourly mean,3
EP112025,Kiko (2025),without_era5,2025-09-01T20:00:00+00:00,latent_sar_max_wind_radii,Latent MLP · SAR · wind + radii,40.59675386216906,False,hourly mean,3
EP112025,Kiko (2025),without_era5,2025-09-01T21:00:00+00:00,latent_sar_max_wind_radii,Latent MLP · SAR · wind + radii,37.811355061001244,False,hourly mean,3
EP112025,Kiko (2025),without_era5,2025-09-01T22:00:00+00:00,latent_sar_max_wind_radii,Latent MLP · SAR · wind + radii,38.2247830496894,False,hourly mean,3
EP112025,Kiko (2025),without_era5,2025-09-01T23:00:00+00:00,latent_sar_max_wind_radii,Latent MLP · SAR · wind + radii,39.53254879845513,False,hourly mean,3
EP112025,Kiko (2025),without_era5,2025-09-02T00:00:00+00:00,latent_sar_max_wind_radii,Latent MLP · SAR · wind + radii,41.81467289394802,False,hourly mean,3
EP112025,Kiko (2025),without_era5,2025-09-02T01:00:00+00:00,latent_sar_max_wind_radii,Latent MLP · SAR · wind + radii,39.607763502332894,False,hourly mean,3
EP112025,Kiko (2025),without_era5,2025-09-02T02:00:00+00:00,latent_sar_max_wind_radii,Latent MLP · SAR · wind + radii,35.72329987419976,False,hourly mean,3
EP112025,Kiko (2025),without_era5,2025-09-02T03:00:00+00:00,latent_sar_max_wind_radii,Latent MLP · SAR · wind + radii,31.31496800316705,False,hourly mean,3
EP112025,Kiko (2025),without_era5,2025-09-02T04:00:00+00:00,latent_sar_max_wind_radii,Latent MLP · SAR · wind + radii,30.09665584564209,False,hourly mean,3
EP112025,Kiko (2025),without_era5,2025-09-02T05:00:00+00:00,latent_sar_max_wind_radii,Latent MLP · SAR · wind + radii,33.79738373226589,False,hourly mean,3
EP112025,Kiko (2025),without_era5,2025-09-02T06:00:00+00:00,latent_sar_max_wind_radii,Latent MLP · SAR · wind + radii,38.98460896809896,False,hourly mean,3
EP112025,Kiko (2025),without_era5,2025-09-02T07:00:00+00:00,latent_sar_max_wind_radii,Latent MLP · SAR · wind + radii,40.20335027906629,False,hourly mean,3
EP112025,Kiko (2025),without_era5,2025-09-02T08:00:00+00:00,latent_sar_max_wind_radii,Latent MLP · SAR · wind + radii,39.70168399810791,False,hourly mean,3
EP112025,Kiko (2025),without_era5,2025-09-02T09:00:00+00:00,latent_sar_max_wind_radii,Latent MLP · SAR · wind + radii,42.537826220194496,False,hourly mean,3
EP112025,Kiko (2025),without_era5,2025-09-02T10:00:00+00:00,latent_sar_max_wind_radii,Latent MLP · SAR · wind + radii,48.0596276389228,False,hourly mean,3
EP112025,Kiko (2025),without_era5,2025-09-02T11:00:00+00:00,latent_sar_max_wind_radii,Latent MLP · SAR · wind + radii,54.30167706807455,False,hourly mean,3
EP112025,Kiko (2025),without_era5,2025-09-02T12:00:00+00:00,latent_sar_max_wind_radii,Latent MLP · SAR · wind + radii,53.902253256903755,False,hourly mean,3
EP112025,Kiko (2025),without_era5,2025-09-02T13:00:00+00:00,latent_sar_max_wind_radii,Latent MLP · SAR · wind + radii,52.66325590345594,False,hourly mean,3
EP112025,Kiko (2025),without_era5,2025-09-02T14:00:00+00:00,latent_sar_max_wind_radii,Latent MLP · SAR · wind + radii,49.91809230380588,False,hourly mean,3
EP112025,Kiko (2025),without_era5,2025-09-02T15:00:00+00:00,latent_sar_max_wind_radii,Latent MLP · SAR · wind + radii,50.42392942640516,False,hourly mean,3
EP112025,Kiko (2025),without_era5,2025-09-02T16:00:00+00:00,latent_sar_max_wind_radii,Latent MLP · SAR · wind + radii,51.64124721950955,False,hourly mean,3
EP112025,Kiko (2025),without_era5,2025-09-02T17:00:00+00:00,latent_sar_max_wind_radii,Latent MLP · SAR · wind + radii,51.8467763264974,False,hourly mean,3
EP112025,Kiko (2025),without_era5,2025-09-02T18:00:00+00:00,latent_sar_max_wind_radii,Latent MLP · SAR · wind + radii,51.596078872680664,False,hourly mean,3
EP112025,Kiko (2025),without_era5,2025-09-02T19:00:00+00:00,latent_sar_max_wind_radii,Latent MLP · SAR · wind + radii,51.1004638671875,False,hourly mean,3
EP112025,Kiko (2025),without_era5,2025-09-02T20:00:00+00:00,latent_sar_max_wind_radii,Latent MLP · SAR · wind + radii,51.670431560940216,False,hourly mean,3
EP112025,Kiko (2025),without_era5,2025-09-02T21:00:00+00:00,latent_sar_max_wind_radii,Latent MLP · SAR · wind + radii,51.141398111979164,True,hourly mean,3
EP112025,Kiko (2025),without_era5,2025-09-02T22:00:00+00:00,latent_sar_max_wind_radii,Latent MLP · SAR · wind + radii,47.97500356038412,True,hourly mean,3
EP112025,Kiko (2025),without_era5,2025-09-02T23:00:00+00:00,latent_sar_max_wind_radii,Latent MLP · SAR · wind + radii,46.282269371880425,True,hourly mean,3
EP112025,Kiko (2025),without_era5,2025-09-03T00:00:00+00:00,latent_sar_max_wind_radii,Latent MLP · SAR · wind + radii,48.079143100314674,True,hourly mean,3
EP112025,Kiko (2025),without_era5,2025-09-03T01:00:00+00:00,latent_sar_max_wind_radii,Latent MLP · SAR · wind + radii,52.52524587843153,True,hourly mean,3
EP112025,Kiko (2025),without_era5,2025-09-03T02:00:00+00:00,latent_sar_max_wind_radii,Latent MLP · SAR · wind + radii,57.54821438259549,True,hourly mean,3
EP112025,Kiko (2025),without_era5,2025-09-03T03:00:00+00:00,latent_sar_max_wind_radii,Latent MLP · SAR · wind + radii,57.418274137708885,False,hourly mean,3
EP112025,Kiko (2025),without_era5,2025-09-03T04:00:00+00:00,latent_sar_max_wind_radii,Latent MLP · SAR · wind + radii,55.424371083577476,False,hourly mean,3
EP112025,Kiko (2025),without_era5,2025-09-03T05:00:00+00:00,latent_sar_max_wind_radii,Latent MLP · SAR · wind + radii,50.070992575751404,False,hourly mean,3
EP112025,Kiko (2025),without_era5,2025-09-03T06:00:00+00:00,latent_sar_max_wind_radii,Latent MLP · SAR · wind + radii,48.01771354675293,False,hourly mean,3
EP112025,Kiko (2025),without_era5,2025-09-03T07:00:00+00:00,latent_sar_max_wind_radii,Latent MLP · SAR · wind + radii,49.420800315009224,False,hourly mean,3
EP112025,Kiko (2025),without_era5,2025-09-03T08:00:00+00:00,latent_sar_max_wind_radii,Latent MLP · SAR · wind + radii,54.04146999782986,False,hourly mean,3
EP112025,Kiko (2025),without_era5,2025-09-03T09:00:00+00:00,latent_sar_max_wind_radii,Latent MLP · SAR · wind + radii,55.927272160847984,False,hourly mean,3
EP112025,Kiko (2025),without_era5,2025-09-03T10:00:00+00:00,latent_sar_max_wind_radii,Latent MLP · SAR · wind + radii,57.20955721537272,False,hourly mean,3
EP112025,Kiko (2025),without_era5,2025-09-03T11:00:00+00:00,latent_sar_max_wind_radii,Latent MLP · SAR · wind + radii,57.152158525255,False,hourly mean,3
EP112025,Kiko (2025),without_era5,2025-09-03T12:00:00+00:00,latent_sar_max_wind_radii,Latent MLP · SAR · wind + radii,58.18845452202691,False,hourly mean,3
EP112025,Kiko (2025),without_era5,2025-09-03T13:00:00+00:00,latent_sar_max_wind_radii,Latent MLP · SAR · wind + radii,58.84186024136013,False,hourly mean,3
EP112025,Kiko (2025),without_era5,2025-09-03T14:00:00+00:00,latent_sar_max_wind_radii,Latent MLP · SAR · wind + radii,59.650010426839195,False,hourly mean,3
EP112025,Kiko (2025),without_era5,2025-09-03T15:00:00+00:00,latent_sar_max_wind_radii,Latent MLP · SAR · wind + radii,62.605648040771484,False,hourly mean,3
EP112025,Kiko (2025),without_era5,2025-09-03T16:00:00+00:00,latent_sar_max_wind_radii,Latent MLP · SAR · wind + radii,63.80681143866645,False,hourly mean,3
EP112025,Kiko (2025),without_era5,2025-09-03T17:00:00+00:00,latent_sar_max_wind_radii,Latent MLP · SAR · wind + radii,63.723698298136405,False,hourly mean,3
EP112025,Kiko (2025),without_era5,2025-09-03T18:00:00+00:00,latent_sar_max_wind_radii,Latent MLP · SAR · wind + radii,61.36033799913195,True,hourly mean,3
EP112025,Kiko (2025),without_era5,2025-09-03T19:00:00+00:00,latent_sar_max_wind_radii,Latent MLP · SAR · wind + radii,58.38349893358019,True,hourly mean,3
EP112025,Kiko (2025),without_era5,2025-09-03T20:00:00+00:00,latent_sar_max_wind_radii,Latent MLP · SAR · wind + radii,58.03689320882162,True,hourly mean,3
EP112025,Kiko (2025),without_era5,2025-09-03T21:00:00+00:00,latent_sar_max_wind_radii,Latent MLP · SAR · wind + radii,59.32256529066297,True,hourly mean,3
EP112025,Kiko (2025),without_era5,2025-09-03T22:00:00+00:00,latent_sar_max_wind_radii,Latent MLP · SAR · wind + radii,62.537615034315316,True,hourly mean,3
EP112025,Kiko (2025),without_era5,2025-09-03T23:00:00+00:00,latent_sar_max_wind_radii,Latent MLP · SAR · wind + radii,64.16286383734808,True,hourly mean,3
EP112025,Kiko (2025),without_era5,2025-09-04T00:00:00+00:00,latent_sar_max_wind_radii,Latent MLP · SAR · wind + radii,64.71101273430719,True,hourly mean,3
EP112025,Kiko (2025),without_era5,2025-09-04T01:00:00+00:00,latent_sar_max_wind_radii,Latent MLP · SAR · wind + radii,63.708164427015525,True,hourly mean,3
EP112025,Kiko (2025),without_era5,2025-09-04T02:00:00+00:00,latent_sar_max_wind_radii,Latent MLP · SAR · wind + radii,61.9686099158393,True,hourly mean,3
EP112025,Kiko (2025),without_era5,2025-09-04T03:00:00+00:00,latent_sar_max_wind_radii,Latent MLP · SAR · wind + radii,60.92729504903158,True,hourly mean,3
EP112025,Kiko (2025),without_era5,2025-09-04T04:00:00+00:00,latent_sar_max_wind_radii,Latent MLP · SAR · wind + radii,59.37576484680176,True,hourly mean,3
EP112025,Kiko (2025),without_era5,2025-09-04T05:00:00+00:00,latent_sar_max_wind_radii,Latent MLP · SAR · wind + radii,57.041181564331055,True,hourly mean,3
EP112025,Kiko (2025),without_era5,2025-09-04T06:00:00+00:00,latent_sar_max_wind_radii,Latent MLP · SAR · wind + radii,55.75422011481391,True,hourly mean,3
EP112025,Kiko (2025),without_era5,2025-09-04T07:00:00+00:00,latent_sar_max_wind_radii,Latent MLP · SAR · wind + radii,54.94739214579264,True,hourly mean,3
EP112025,Kiko (2025),without_era5,2025-09-04T08:00:00+00:00,latent_sar_max_wind_radii,Latent MLP · SAR · wind + radii,56.03438059488932,True,hourly mean,3
EP112025,Kiko (2025),without_era5,2025-09-04T09:00:00+00:00,latent_sar_max_wind_radii,Latent MLP · SAR · wind + radii,55.53067143758138,False,hourly mean,3
EP112025,Kiko (2025),without_era5,2025-09-04T10:00:00+00:00,latent_sar_max_wind_radii,Latent MLP · SAR · wind + radii,56.36444261338976,False,hourly mean,3
EP112025,Kiko (2025),without_era5,2025-09-04T11:00:00+00:00,latent_sar_max_wind_radii,Latent MLP · SAR · wind + radii,57.46273146735297,False,hourly mean,3
EP112025,Kiko (2025),without_era5,2025-09-04T12:00:00+00:00,latent_sar_max_wind_radii,Latent MLP · SAR · wind + radii,58.605133056640625,False,hourly mean,3
EP112025,Kiko (2025),without_era5,2025-09-04T13:00:00+00:00,latent_sar_max_wind_radii,Latent MLP · SAR · wind + radii,60.56061469184027,False,hourly mean,3
EP112025,Kiko (2025),without_era5,2025-09-04T14:00:00+00:00,latent_sar_max_wind_radii,Latent MLP · SAR · wind + radii,61.02898703681098,False,hourly mean,3
EP112025,Kiko (2025),without_era5,2025-09-04T15:00:00+00:00,latent_sar_max_wind_radii,Latent MLP · SAR · wind + radii,60.00610330369738,False,hourly mean,3
EP112025,Kiko (2025),without_era5,2025-09-04T16:00:00+00:00,latent_sar_max_wind_radii,Latent MLP · SAR · wind + radii,57.42074648539225,False,hourly mean,3
EP112025,Kiko (2025),without_era5,2025-09-04T17:00:00+00:00,latent_sar_max_wind_radii,Latent MLP · SAR · wind + radii,53.219906383090546,False,hourly mean,3
EP112025,Kiko (2025),without_era5,2025-09-04T18:00:00+00:00,latent_sar_max_wind_radii,Latent MLP · SAR · wind + radii,52.194814152187774,False,hourly mean,3
EP112025,Kiko (2025),without_era5,2025-09-04T19:00:00+00:00,latent_sar_max_wind_radii,Latent MLP · SAR · wind + radii,52.68146885765924,False,hourly mean,3
EP112025,Kiko (2025),without_era5,2025-09-04T20:00:00+00:00,latent_sar_max_wind_radii,Latent MLP · SAR · wind + radii,57.10522037082249,False,hourly mean,3
EP112025,Kiko (2025),without_era5,2025-09-04T21:00:00+00:00,latent_sar_max_wind_radii,Latent MLP · SAR · wind + radii,57.81526417202419,False,hourly mean,3
EP112025,Kiko (2025),without_era5,2025-09-04T22:00:00+00:00,latent_sar_max_wind_radii,Latent MLP · SAR · wind + radii,58.06364483303494,False,hourly mean,3
EP112025,Kiko (2025),without_era5,2025-09-04T23:00:00+00:00,latent_sar_max_wind_radii,Latent MLP · SAR · wind + radii,54.51944308810764,False,hourly mean,3
EP112025,Kiko (2025),without_era5,2025-09-05T00:00:00+00:00,latent_sar_max_wind_radii,Latent MLP · SAR · wind + radii,50.458916346232094,False,hourly mean,3
EP112025,Kiko (2025),without_era5,2025-09-05T01:00:00+00:00,latent_sar_max_wind_radii,Latent MLP · SAR · wind + radii,46.19237603081597,False,hourly mean,3
EP112025,Kiko (2025),without_era5,2025-09-05T02:00:00+00:00,latent_sar_max_wind_radii,Latent MLP · SAR · wind + radii,44.87893104553223,False,hourly mean,3
EP112025,Kiko (2025),without_era5,2025-09-05T03:00:00+00:00,latent_sar_max_wind_radii,Latent MLP · SAR · wind + radii,45.085526360405815,False,hourly mean,3
EP112025,Kiko (2025),without_era5,2025-09-05T04:00:00+00:00,latent_sar_max_wind_radii,Latent MLP · SAR · wind + radii,47.015746434529625,False,hourly mean,3
EP112025,Kiko (2025),without_era5,2025-09-05T05:00:00+00:00,latent_sar_max_wind_radii,Latent MLP · SAR · wind + radii,48.096815321180564,False,hourly mean,3
EP112025,Kiko (2025),without_era5,2025-09-05T06:00:00+00:00,latent_sar_max_wind_radii,Latent MLP · SAR · wind + radii,46.46024990081787,False,hourly mean,3
EP112025,Kiko (2025),without_era5,2025-09-05T07:00:00+00:00,latent_sar_max_wind_radii,Latent MLP · SAR · wind + radii,46.28593688540988,False,hourly mean,3
EP112025,Kiko (2025),without_era5,2025-09-05T08:00:00+00:00,latent_sar_max_wind_radii,Latent MLP · SAR · wind + radii,44.327843030293785,False,hourly mean,3
EP112025,Kiko (2025),without_era5,2025-09-05T09:00:00+00:00,latent_sar_max_wind_radii,Latent MLP · SAR · wind + radii,48.17959891425238,False,hourly mean,3
EP112025,Kiko (2025),without_era5,2025-09-05T10:00:00+00:00,latent_sar_max_wind_radii,Latent MLP · SAR · wind + radii,45.773022969563804,False,hourly mean,3
EP112025,Kiko (2025),without_era5,2025-09-05T11:00:00+00:00,latent_sar_max_wind_radii,Latent MLP · SAR · wind + radii,45.49398507012261,False,hourly mean,3
EP112025,Kiko (2025),without_era5,2025-09-05T12:00:00+00:00,latent_sar_max_wind_radii,Latent MLP · SAR · wind + radii,45.77374860975478,False,hourly mean,3
EP112025,Kiko (2025),without_era5,2025-09-05T13:00:00+00:00,latent_sar_max_wind_radii,Latent MLP · SAR · wind + radii,50.45353211296929,False,hourly mean,3
EP112025,Kiko (2025),without_era5,2025-09-05T14:00:00+00:00,latent_sar_max_wind_radii,Latent MLP · SAR · wind + radii,53.31066131591797,False,hourly mean,3
EP112025,Kiko (2025),without_era5,2025-09-05T15:00:00+00:00,latent_sar_max_wind_radii,Latent MLP · SAR · wind + radii,54.41390609741211,False,hourly mean,3
EP112025,Kiko (2025),without_era5,2025-09-05T16:00:00+00:00,latent_sar_max_wind_radii,Latent MLP · SAR · wind + radii,53.560432857937286,False,hourly mean,3
EP112025,Kiko (2025),without_era5,2025-09-05T17:00:00+00:00,latent_sar_max_wind_radii,Latent MLP · SAR · wind + radii,55.829731411404076,False,hourly mean,3
EP112025,Kiko (2025),without_era5,2025-09-05T18:00:00+00:00,latent_sar_max_wind_radii,Latent MLP · SAR · wind + radii,58.80652703179254,False,hourly mean,3
EP112025,Kiko (2025),without_era5,2025-09-05T19:00:00+00:00,latent_sar_max_wind_radii,Latent MLP · SAR · wind + radii,60.25934600830078,False,hourly mean,3
EP112025,Kiko (2025),without_era5,2025-09-05T20:00:00+00:00,latent_sar_max_wind_radii,Latent MLP · SAR · wind + radii,60.945562998453774,False,hourly mean,3
EP112025,Kiko (2025),without_era5,2025-09-05T21:00:00+00:00,latent_sar_max_wind_radii,Latent MLP · SAR · wind + radii,60.65578036838107,False,hourly mean,3
EP112025,Kiko (2025),without_era5,2025-09-05T22:00:00+00:00,latent_sar_max_wind_radii,Latent MLP · SAR · wind + radii,62.158037185668945,False,hourly mean,3
EP112025,Kiko (2025),without_era5,2025-09-05T23:00:00+00:00,latent_sar_max_wind_radii,Latent MLP · SAR · wind + radii,61.72833718193902,False,hourly mean,3
EP112025,Kiko (2025),without_era5,2025-09-06T00:00:00+00:00,latent_sar_max_wind_radii,Latent MLP · SAR · wind + radii,62.176469590928825,False,hourly mean,3
EP112025,Kiko (2025),without_era5,2025-09-06T01:00:00+00:00,latent_sar_max_wind_radii,Latent MLP · SAR · wind + radii,61.48557069566515,False,hourly mean,3
EP112025,Kiko (2025),without_era5,2025-09-06T02:00:00+00:00,latent_sar_max_wind_radii,Latent MLP · SAR · wind + radii,62.50281079610189,False,hourly mean,3
EP112025,Kiko (2025),without_era5,2025-09-06T03:00:00+00:00,latent_sar_max_wind_radii,Latent MLP · SAR · wind + radii,62.74388631184896,False,hourly mean,3
EP112025,Kiko (2025),without_era5,2025-09-06T04:00:00+00:00,latent_sar_max_wind_radii,Latent MLP · SAR · wind + radii,64.43001090155707,False,hourly mean,3
EP112025,Kiko (2025),without_era5,2025-09-06T05:00:00+00:00,latent_sar_max_wind_radii,Latent MLP · SAR · wind + radii,64.93787956237793,False,hourly mean,3
EP112025,Kiko (2025),without_era5,2025-09-06T06:00:00+00:00,latent_sar_max_wind_radii,Latent MLP · SAR · wind + radii,65.21088812086317,False,hourly mean,3
EP112025,Kiko (2025),without_era5,2025-09-06T07:00:00+00:00,latent_sar_max_wind_radii,Latent MLP · SAR · wind + radii,64.29560724894206,False,hourly mean,3
EP112025,Kiko (2025),without_era5,2025-09-06T08:00:00+00:00,latent_sar_max_wind_radii,Latent MLP · SAR · wind + radii,63.80971082051594,False,hourly mean,3
EP112025,Kiko (2025),without_era5,2025-09-06T09:00:00+00:00,latent_sar_max_wind_radii,Latent MLP · SAR · wind + radii,62.64069023132324,False,hourly mean,3
EP112025,Kiko (2025),without_era5,2025-09-06T10:00:00+00:00,latent_sar_max_wind_radii,Latent MLP · SAR · wind + radii,61.0431352827284,False,hourly mean,3
EP112025,Kiko (2025),without_era5,2025-09-06T11:00:00+00:00,latent_sar_max_wind_radii,Latent MLP · SAR · wind + radii,59.49482786390516,False,hourly mean,3
EP112025,Kiko (2025),without_era5,2025-09-06T12:00:00+00:00,latent_sar_max_wind_radii,Latent MLP · SAR · wind + radii,56.41150961981879,False,hourly mean,3
EP112025,Kiko (2025),without_era5,2025-09-06T13:00:00+00:00,latent_sar_max_wind_radii,Latent MLP · SAR · wind + radii,54.659913804796,False,hourly mean,3
EP112025,Kiko (2025),without_era5,2025-09-06T14:00:00+00:00,latent_sar_max_wind_radii,Latent MLP · SAR · wind + radii,54.54131740993923,False,hourly mean,3
EP112025,Kiko (2025),without_era5,2025-09-06T15:00:00+00:00,latent_sar_max_wind_radii,Latent MLP · SAR · wind + radii,56.717765384250214,False,hourly mean,3
EP112025,Kiko (2025),without_era5,2025-09-06T16:00:00+00:00,latent_sar_max_wind_radii,Latent MLP · SAR · wind + radii,57.84224510192871,False,hourly mean,3
EP112025,Kiko (2025),without_era5,2025-09-06T17:00:00+00:00,latent_sar_max_wind_radii,Latent MLP · SAR · wind + radii,56.66395505269369,False,hourly mean,3
EP112025,Kiko (2025),without_era5,2025-09-06T18:00:00+00:00,latent_sar_max_wind_radii,Latent MLP · SAR · wind + radii,56.6090210808648,False,hourly mean,3
EP112025,Kiko (2025),without_era5,2025-09-06T19:00:00+00:00,latent_sar_max_wind_radii,Latent MLP · SAR · wind + radii,57.40183046129014,False,hourly mean,3
EP112025,Kiko (2025),without_era5,2025-09-06T20:00:00+00:00,latent_sar_max_wind_radii,Latent MLP · SAR · wind + radii,59.20973820156521,False,hourly mean,3
EP112025,Kiko (2025),without_era5,2025-09-06T21:00:00+00:00,latent_sar_max_wind_radii,Latent MLP · SAR · wind + radii,59.88986375596787,False,hourly mean,3
EP112025,Kiko (2025),without_era5,2025-09-06T22:00:00+00:00,latent_sar_max_wind_radii,Latent MLP · SAR · wind + radii,60.55048200819227,False,hourly mean,3
EP112025,Kiko (2025),without_era5,2025-09-06T23:00:00+00:00,latent_sar_max_wind_radii,Latent MLP · SAR · wind + radii,61.48606448703342,False,hourly mean,3
EP112025,Kiko (2025),without_era5,2025-09-07T00:00:00+00:00,latent_sar_max_wind_radii,Latent MLP · SAR · wind + radii,62.531452602810326,False,hourly mean,3
EP112025,Kiko (2025),without_era5,2025-09-07T01:00:00+00:00,latent_sar_max_wind_radii,Latent MLP · SAR · wind + radii,63.54726833767361,False,hourly mean,3
EP112025,Kiko (2025),without_era5,2025-09-07T02:00:00+00:00,latent_sar_max_wind_radii,Latent MLP · SAR · wind + radii,64.53401777479384,False,hourly mean,3
EP112025,Kiko (2025),without_era5,2025-09-07T03:00:00+00:00,latent_sar_max_wind_radii,Latent MLP · SAR · wind + radii,65.50211758083766,False,hourly mean,3
EP112025,Kiko (2025),without_era5,2025-09-07T04:00:00+00:00,latent_sar_max_wind_radii,Latent MLP · SAR · wind + radii,66.45915010240343,False,hourly mean,3
EP112025,Kiko (2025),without_era5,2025-09-07T05:00:00+00:00,latent_sar_max_wind_radii,Latent MLP · SAR · wind + radii,67.09575483534071,False,hourly mean,3
EP112025,Kiko (2025),without_era5,2025-09-07T06:00:00+00:00,latent_sar_max_wind_radii,Latent MLP · SAR · wind + radii,66.19676335652669,False,hourly mean,3
EP112025,Kiko (2025),without_era5,2025-09-07T07:00:00+00:00,latent_sar_max_wind_radii,Latent MLP · SAR · wind + radii,65.09645228915745,False,hourly mean,3
EP112025,Kiko (2025),without_era5,2025-09-07T08:00:00+00:00,latent_sar_max_wind_radii,Latent MLP · SAR · wind + radii,61.803734037611214,False,hourly mean,3
EP112025,Kiko (2025),without_era5,2025-09-07T09:00:00+00:00,latent_sar_max_wind_radii,Latent MLP · SAR · wind + radii,58.81132570902506,False,hourly mean,3
EP112025,Kiko (2025),without_era5,2025-09-07T10:00:00+00:00,latent_sar_max_wind_radii,Latent MLP · SAR · wind + radii,57.374521255493164,False,hourly mean,3
EP112025,Kiko (2025),without_era5,2025-09-07T11:00:00+00:00,latent_sar_max_wind_radii,Latent MLP · SAR · wind + radii,56.9199964735243,False,hourly mean,3
EP112025,Kiko (2025),without_era5,2025-09-07T12:00:00+00:00,latent_sar_max_wind_radii,Latent MLP · SAR · wind + radii,57.71545261806912,False,hourly mean,3
EP112025,Kiko (2025),without_era5,2025-09-07T13:00:00+00:00,latent_sar_max_wind_radii,Latent MLP · SAR · wind + radii,58.20832930670844,False,hourly mean,3
EP112025,Kiko (2025),without_era5,2025-09-07T14:00:00+00:00,latent_sar_max_wind_radii,Latent MLP · SAR · wind + radii,57.54795985751682,False,hourly mean,3
EP112025,Kiko (2025),without_era5,2025-09-07T15:00:00+00:00,latent_sar_max_wind_radii,Latent MLP · SAR · wind + radii,54.31831826104058,False,hourly mean,3
EP112025,Kiko (2025),without_era5,2025-09-07T16:00:00+00:00,latent_sar_max_wind_radii,Latent MLP · SAR · wind + radii,50.112355338202576,False,hourly mean,3
EP112025,Kiko (2025),without_era5,2025-09-07T17:00:00+00:00,latent_sar_max_wind_radii,Latent MLP · SAR · wind + radii,48.78540145026313,False,hourly mean,3
EP112025,Kiko (2025),without_era5,2025-09-07T18:00:00+00:00,latent_sar_max_wind_radii,Latent MLP · SAR · wind + radii,49.86736763848199,False,hourly mean,3
EP112025,Kiko (2025),without_era5,2025-09-07T19:00:00+00:00,latent_sar_max_wind_radii,Latent MLP · SAR · wind + radii,51.142533196343315,False,hourly mean,3
EP112025,Kiko (2025),without_era5,2025-09-07T20:00:00+00:00,latent_sar_max_wind_radii,Latent MLP · SAR · wind + radii,51.08888308207194,False,hourly mean,3
EP112025,Kiko (2025),without_era5,2025-09-07T21:00:00+00:00,latent_sar_max_wind_radii,Latent MLP · SAR · wind + radii,51.08840794033474,False,hourly mean,3
EP112025,Kiko (2025),without_era5,2025-09-07T22:00:00+00:00,latent_sar_max_wind_radii,Latent MLP · SAR · wind + radii,52.40833176506891,False,hourly mean,3
EP112025,Kiko (2025),without_era5,2025-09-07T23:00:00+00:00,latent_sar_max_wind_radii,Latent MLP · SAR · wind + radii,53.70065498352051,False,hourly mean,3
EP112025,Kiko (2025),without_era5,2025-09-08T00:00:00+00:00,latent_sar_max_wind_radii,Latent MLP · SAR · wind + radii,53.61524475945367,False,hourly mean,3
EP112025,Kiko (2025),without_era5,2025-09-08T01:00:00+00:00,latent_sar_max_wind_radii,Latent MLP · SAR · wind + radii,51.56313175625271,False,hourly mean,3
EP112025,Kiko (2025),without_era5,2025-09-08T02:00:00+00:00,latent_sar_max_wind_radii,Latent MLP · SAR · wind + radii,47.72666401333279,False,hourly mean,3
EP112025,Kiko (2025),without_era5,2025-09-08T03:00:00+00:00,latent_sar_max_wind_radii,Latent MLP · SAR · wind + radii,42.7053550084432,False,hourly mean,3
EP112025,Kiko (2025),without_era5,2025-09-08T04:00:00+00:00,latent_sar_max_wind_radii,Latent MLP · SAR · wind + radii,35.039699978298614,False,hourly mean,3
EP112025,Kiko (2025),without_era5,2025-09-08T05:00:00+00:00,latent_sar_max_wind_radii,Latent MLP · SAR · wind + radii,30.18313439687093,False,hourly mean,3
EP112025,Kiko (2025),without_era5,2025-09-08T06:00:00+00:00,latent_sar_max_wind_radii,Latent MLP · SAR · wind + radii,27.755001386006672,False,hourly mean,3
EP112025,Kiko (2025),without_era5,2025-09-08T07:00:00+00:00,latent_sar_max_wind_radii,Latent MLP · SAR · wind + radii,27.12135399712457,False,hourly mean,3
EP112025,Kiko (2025),without_era5,2025-09-08T08:00:00+00:00,latent_sar_max_wind_radii,Latent MLP · SAR · wind + radii,26.469898753696015,False,hourly mean,3
EP112025,Kiko (2025),without_era5,2025-09-08T09:00:00+00:00,latent_sar_max_wind_radii,Latent MLP · SAR · wind + radii,25.0160395304362,False,hourly mean,3
EP112025,Kiko (2025),without_era5,2025-09-08T10:00:00+00:00,latent_sar_max_wind_radii,Latent MLP · SAR · wind + radii,25.537084685431584,False,hourly mean,3
EP112025,Kiko (2025),without_era5,2025-09-08T11:00:00+00:00,latent_sar_max_wind_radii,Latent MLP · SAR · wind + radii,26.299038781060116,False,hourly mean,3
EP112025,Kiko (2025),without_era5,2025-09-08T12:00:00+00:00,latent_sar_max_wind_radii,Latent MLP · SAR · wind + radii,28.339327812194824,False,hourly mean,3
EP112025,Kiko (2025),without_era5,2025-09-08T13:00:00+00:00,latent_sar_max_wind_radii,Latent MLP · SAR · wind + radii,29.484187232123478,False,hourly mean,3
EP112025,Kiko (2025),without_era5,2025-09-08T14:00:00+00:00,latent_sar_max_wind_radii,Latent MLP · SAR · wind + radii,31.32333109113905,False,hourly mean,3
EP112025,Kiko (2025),without_era5,2025-09-08T15:00:00+00:00,latent_sar_max_wind_radii,Latent MLP · SAR · wind + radii,33.10028372870551,False,hourly mean,3
EP112025,Kiko (2025),without_era5,2025-09-08T16:00:00+00:00,latent_sar_max_wind_radii,Latent MLP · SAR · wind + radii,35.19697994656033,False,hourly mean,3
EP112025,Kiko (2025),without_era5,2025-09-08T17:00:00+00:00,latent_sar_max_wind_radii,Latent MLP · SAR · wind + radii,35.17902607387966,False,hourly mean,3
EP112025,Kiko (2025),without_era5,2025-09-08T18:00:00+00:00,latent_sar_max_wind_radii,Latent MLP · SAR · wind + radii,33.93908723195394,False,hourly mean,3
EP112025,Kiko (2025),without_era5,2025-09-08T19:00:00+00:00,latent_sar_max_wind_radii,Latent MLP · SAR · wind + radii,33.81492307451036,False,hourly mean,3
EP112025,Kiko (2025),without_era5,2025-09-08T20:00:00+00:00,latent_sar_max_wind_radii,Latent MLP · SAR · wind + radii,36.00375906626383,False,hourly mean,3
EP112025,Kiko (2025),without_era5,2025-09-08T21:00:00+00:00,latent_sar_max_wind_radii,Latent MLP · SAR · wind + radii,39.458770751953125,False,hourly mean,3
EP112025,Kiko (2025),without_era5,2025-09-08T22:00:00+00:00,latent_sar_max_wind_radii,Latent MLP · SAR · wind + radii,42.33362536960178,False,hourly mean,3
EP112025,Kiko (2025),without_era5,2025-09-08T23:00:00+00:00,latent_sar_max_wind_radii,Latent MLP · SAR · wind + radii,41.67393345303006,False,hourly mean,3
EP112025,Kiko (2025),without_era5,2025-09-09T00:00:00+00:00,latent_sar_max_wind_radii,Latent MLP · SAR · wind + radii,37.551308419969345,False,hourly mean,3
EP112025,Kiko (2025),without_era5,2025-09-09T01:00:00+00:00,latent_sar_max_wind_radii,Latent MLP · SAR · wind + radii,30.43694845835368,False,hourly mean,3
EP112025,Kiko (2025),without_era5,2025-09-09T02:00:00+00:00,latent_sar_max_wind_radii,Latent MLP · SAR · wind + radii,25.212018754747177,False,hourly mean,3
EP112025,Kiko (2025),without_era5,2025-09-09T03:00:00+00:00,latent_sar_max_wind_radii,Latent MLP · SAR · wind + radii,22.746988614400227,False,hourly mean,3
EP112025,Kiko (2025),without_era5,2025-09-09T04:00:00+00:00,latent_sar_max_wind_radii,Latent MLP · SAR · wind + radii,22.58854823642307,False,hourly mean,3
EP112025,Kiko (2025),without_era5,2025-09-09T05:00:00+00:00,latent_sar_max_wind_radii,Latent MLP · SAR · wind + radii,22.829175737169056,False,hourly mean,3
EP112025,Kiko (2025),without_era5,2025-09-09T06:00:00+00:00,latent_sar_max_wind_radii,Latent MLP · SAR · wind + radii,23.222659428914387,False,hourly mean,3
EP112025,Kiko (2025),without_era5,2025-09-09T07:00:00+00:00,latent_sar_max_wind_radii,Latent MLP · SAR · wind + radii,24.34671857621935,False,hourly mean,3
EP112025,Kiko (2025),without_era5,2025-09-09T08:00:00+00:00,latent_sar_max_wind_radii,Latent MLP · SAR · wind + radii,24.74917729695638,False,hourly mean,3
EP112025,Kiko (2025),without_era5,2025-09-09T09:00:00+00:00,latent_sar_max_wind_radii,Latent MLP · SAR · wind + radii,25.081329133775498,False,hourly mean,3
EP112025,Kiko (2025),without_era5,2025-09-09T10:00:00+00:00,latent_sar_max_wind_radii,Latent MLP · SAR · wind + radii,24.57115650177002,False,hourly mean,3
EP112025,Kiko (2025),without_era5,2025-09-09T11:00:00+00:00,latent_sar_max_wind_radii,Latent MLP · SAR · wind + radii,24.451146973503963,False,hourly mean,3
EP112025,Kiko (2025),without_era5,2025-09-09T12:00:00+00:00,latent_sar_max_wind_radii,Latent MLP · SAR · wind + radii,24.18072764078776,False,hourly mean,3
EP112025,Kiko (2025),without_era5,2025-09-09T13:00:00+00:00,latent_sar_max_wind_radii,Latent MLP · SAR · wind + radii,23.855657895406086,False,hourly mean,3
EP112025,Kiko (2025),without_era5,2025-09-09T14:00:00+00:00,latent_sar_max_wind_radii,Latent MLP · SAR · wind + radii,23.54179424709744,False,hourly mean,3
EP112025,Kiko (2025),without_era5,2025-09-09T15:00:00+00:00,latent_sar_max_wind_radii,Latent MLP · SAR · wind + radii,23.087400966220432,False,hourly mean,3
EP112025,Kiko (2025),without_era5,2025-09-09T16:00:00+00:00,latent_sar_max_wind_radii,Latent MLP · SAR · wind + radii,22.53884071773953,False,hourly mean,3
EP112025,Kiko (2025),without_era5,2025-09-09T17:00:00+00:00,latent_sar_max_wind_radii,Latent MLP · SAR · wind + radii,22.06330744425456,False,hourly mean,3
EP112025,Kiko (2025),without_era5,2025-09-09T18:00:00+00:00,latent_sar_max_wind_radii,Latent MLP · SAR · wind + radii,21.65553368462456,False,hourly mean,3
EP112025,Kiko (2025),without_era5,2025-09-09T19:00:00+00:00,latent_sar_max_wind_radii,Latent MLP · SAR · wind + radii,21.333069165547688,False,hourly mean,3
EP112025,Kiko (2025),without_era5,2025-09-09T20:00:00+00:00,latent_sar_max_wind_radii,Latent MLP · SAR · wind + radii,20.825616306728786,False,hourly mean,3
EP112025,Kiko (2025),without_era5,2025-09-09T21:00:00+00:00,latent_sar_max_wind_radii,Latent MLP · SAR · wind + radii,20.645018365648056,False,hourly mean,3
EP112025,Kiko (2025),without_era5,2025-09-09T22:00:00+00:00,latent_sar_max_wind_radii,Latent MLP · SAR · wind + radii,20.708744155036076,False,hourly mean,3
EP112025,Kiko (2025),without_era5,2025-09-09T23:00:00+00:00,latent_sar_max_wind_radii,Latent MLP · SAR · wind + radii,21.483292049831814,False,hourly mean,3
EP112025,Kiko (2025),without_era5,2025-09-10T00:00:00+00:00,latent_sar_max_wind_radii,Latent MLP · SAR · wind + radii,22.247490353054474,False,hourly mean,3
EP112025,Kiko (2025),without_era5,2025-09-10T01:00:00+00:00,latent_sar_max_wind_radii,Latent MLP · SAR · wind + radii,22.759544796413845,False,hourly mean,3
EP112025,Kiko (2025),without_era5,2025-09-10T02:00:00+00:00,latent_sar_max_wind_radii,Latent MLP · SAR · wind + radii,22.326707628038196,False,hourly mean,3
EP112025,Kiko (2025),without_era5,2025-09-10T03:00:00+00:00,latent_sar_max_wind_radii,Latent MLP · SAR · wind + radii,21.869600084092884,False,hourly mean,3
EP112025,Kiko (2025),without_era5,2025-09-10T04:00:00+00:00,latent_sar_max_wind_radii,Latent MLP · SAR · wind + radii,21.80166869693332,False,hourly mean,3
EP112025,Kiko (2025),without_era5,2025-09-10T05:00:00+00:00,latent_sar_max_wind_radii,Latent MLP · SAR · wind + radii,22.37101851569282,False,hourly mean,3
EP112025,Kiko (2025),without_era5,2025-09-10T06:00:00+00:00,latent_sar_max_wind_radii,Latent MLP · SAR · wind + radii,23.091416147020126,False,hourly mean,3
EP112025,Kiko (2025),without_era5,2025-09-10T07:00:00+00:00,latent_sar_max_wind_radii,Latent MLP · SAR · wind + radii,23.701194869147404,False,hourly mean,3
EP112025,Kiko (2025),without_era5,2025-09-10T08:00:00+00:00,latent_sar_max_wind_radii,Latent MLP · SAR · wind + radii,24.271390808953175,False,hourly mean,3
EP112025,Kiko (2025),without_era5,2025-09-10T09:00:00+00:00,latent_sar_max_wind_radii,Latent MLP · SAR · wind + radii,24.675758573744034,False,hourly mean,3
EP112025,Kiko (2025),without_era5,2025-09-10T10:00:00+00:00,latent_sar_max_wind_radii,Latent MLP · SAR · wind + radii,24.916062990824383,False,hourly mean,3
EP112025,Kiko (2025),without_era5,2025-09-10T11:00:00+00:00,latent_sar_max_wind_radii,Latent MLP · SAR · wind + radii,24.87934515211317,False,hourly mean,3
EP112025,Kiko (2025),without_era5,2025-09-10T12:00:00+00:00,latent_sar_max_wind_radii,Latent MLP · SAR · wind + radii,24.60299788581001,False,hourly mean,3
EP112025,Kiko (2025),without_era5,2025-09-10T13:00:00+00:00,latent_sar_max_wind_radii,Latent MLP · SAR · wind + radii,24.205032136705185,False,hourly mean,3
EP112025,Kiko (2025),without_era5,2025-09-10T14:00:00+00:00,latent_sar_max_wind_radii,Latent MLP · SAR · wind + radii,23.85629399617513,False,hourly mean,3
EP112025,Kiko (2025),without_era5,2025-09-10T15:00:00+00:00,latent_sar_max_wind_radii,Latent MLP · SAR · wind + radii,23.57913663652208,False,hourly mean,3
EP112025,Kiko (2025),without_era5,2025-09-10T16:00:00+00:00,latent_sar_max_wind_radii,Latent MLP · SAR · wind + radii,23.396562894185383,False,hourly mean,3
EP112025,Kiko (2025),without_era5,2025-09-10T17:00:00+00:00,latent_sar_max_wind_radii,Latent MLP · SAR · wind + radii,23.161405987209744,False,hourly mean,3
EP112025,Kiko (2025),without_era5,2025-09-10T18:00:00+00:00,latent_sar_max_wind_radii,Latent MLP · SAR · wind + radii,22.874050458272297,False,hourly mean,3
EP112025,Kiko (2025),without_era5,2025-09-10T19:00:00+00:00,latent_sar_max_wind_radii,Latent MLP · SAR · wind + radii,22.61658000946045,False,hourly mean,3
EP112025,Kiko (2025),without_era5,2025-09-10T20:00:00+00:00,latent_sar_max_wind_radii,Latent MLP · SAR · wind + radii,22.88804308573405,False,hourly mean,3
EP112025,Kiko (2025),without_era5,2025-09-10T21:00:00+00:00,latent_sar_max_wind_radii,Latent MLP · SAR · wind + radii,24.049301995171444,False,hourly mean,3
EP112025,Kiko (2025),without_era5,2025-09-10T22:00:00+00:00,latent_sar_max_wind_radii,Latent MLP · SAR · wind + radii,24.891379886203342,False,hourly mean,3
EP112025,Kiko (2025),without_era5,2025-09-10T23:00:00+00:00,latent_sar_max_wind_radii,Latent MLP · SAR · wind + radii,25.496327241261802,False,hourly mean,3
EP112025,Kiko (2025),without_era5,2025-08-31T00:00:00+00:00,latent_no_sar_max_wind,Latent MLP · no SAR · wind only,24.700764179229736,False,hourly mean,3
EP112025,Kiko (2025),without_era5,2025-08-31T01:00:00+00:00,latent_no_sar_max_wind,Latent MLP · no SAR · wind only,25.141346613566082,False,hourly mean,3
EP112025,Kiko (2025),without_era5,2025-08-31T02:00:00+00:00,latent_no_sar_max_wind,Latent MLP · no SAR · wind only,26.007107734680176,False,hourly mean,3
EP112025,Kiko (2025),without_era5,2025-08-31T03:00:00+00:00,latent_no_sar_max_wind,Latent MLP · no SAR · wind only,26.881112734476726,False,hourly mean,3
EP112025,Kiko (2025),without_era5,2025-08-31T04:00:00+00:00,latent_no_sar_max_wind,Latent MLP · no SAR · wind only,27.16626516977946,False,hourly mean,3
EP112025,Kiko (2025),without_era5,2025-08-31T05:00:00+00:00,latent_no_sar_max_wind,Latent MLP · no SAR · wind only,26.31223975287544,False,hourly mean,3
EP112025,Kiko (2025),without_era5,2025-08-31T06:00:00+00:00,latent_no_sar_max_wind,Latent MLP · no SAR · wind only,25.362598101298016,False,hourly mean,3
EP112025,Kiko (2025),without_era5,2025-08-31T07:00:00+00:00,latent_no_sar_max_wind,Latent MLP · no SAR · wind only,24.96732224358453,False,hourly mean,3
EP112025,Kiko (2025),without_era5,2025-08-31T08:00:00+00:00,latent_no_sar_max_wind,Latent MLP · no SAR · wind only,25.489755630493164,False,hourly mean,3
EP112025,Kiko (2025),without_era5,2025-08-31T09:00:00+00:00,latent_no_sar_max_wind,Latent MLP · no SAR · wind only,26.54897573259142,False,hourly mean,3
EP112025,Kiko (2025),without_era5,2025-08-31T10:00:00+00:00,latent_no_sar_max_wind,Latent MLP · no SAR · wind only,27.502758767869736,False,hourly mean,3
EP112025,Kiko (2025),without_era5,2025-08-31T11:00:00+00:00,latent_no_sar_max_wind,Latent MLP · no SAR · wind only,28.632343928019207,False,hourly mean,3
EP112025,Kiko (2025),without_era5,2025-08-31T12:00:00+00:00,latent_no_sar_max_wind,Latent MLP · no SAR · wind only,29.376953654819065,False,hourly mean,3
EP112025,Kiko (2025),without_era5,2025-08-31T13:00:00+00:00,latent_no_sar_max_wind,Latent MLP · no SAR · wind only,28.896572748819988,False,hourly mean,3
EP112025,Kiko (2025),without_era5,2025-08-31T14:00:00+00:00,latent_no_sar_max_wind,Latent MLP · no SAR · wind only,28.1144782172309,False,hourly mean,3
EP112025,Kiko (2025),without_era5,2025-08-31T15:00:00+00:00,latent_no_sar_max_wind,Latent MLP · no SAR · wind only,27.959758016798233,False,hourly mean,3
EP112025,Kiko (2025),without_era5,2025-08-31T16:00:00+00:00,latent_no_sar_max_wind,Latent MLP · no SAR · wind only,28.171854231092667,False,hourly mean,3
EP112025,Kiko (2025),without_era5,2025-08-31T17:00:00+00:00,latent_no_sar_max_wind,Latent MLP · no SAR · wind only,28.336286862691242,False,hourly mean,3
EP112025,Kiko (2025),without_era5,2025-08-31T18:00:00+00:00,latent_no_sar_max_wind,Latent MLP · no SAR · wind only,28.65538226233588,False,hourly mean,3
EP112025,Kiko (2025),without_era5,2025-08-31T19:00:00+00:00,latent_no_sar_max_wind,Latent MLP · no SAR · wind only,30.57895204755995,False,hourly mean,3
EP112025,Kiko (2025),without_era5,2025-08-31T20:00:00+00:00,latent_no_sar_max_wind,Latent MLP · no SAR · wind only,33.12822670406766,False,hourly mean,3
EP112025,Kiko (2025),without_era5,2025-08-31T21:00:00+00:00,latent_no_sar_max_wind,Latent MLP · no SAR · wind only,34.80721770392524,False,hourly mean,3
EP112025,Kiko (2025),without_era5,2025-08-31T22:00:00+00:00,latent_no_sar_max_wind,Latent MLP · no SAR · wind only,35.96390618218316,False,hourly mean,3
EP112025,Kiko (2025),without_era5,2025-08-31T23:00:00+00:00,latent_no_sar_max_wind,Latent MLP · no SAR · wind only,35.874748187594946,False,hourly mean,3
EP112025,Kiko (2025),without_era5,2025-09-01T00:00:00+00:00,latent_no_sar_max_wind,Latent MLP · no SAR · wind only,34.64601131015354,False,hourly mean,3
EP112025,Kiko (2025),without_era5,2025-09-01T01:00:00+00:00,latent_no_sar_max_wind,Latent MLP · no SAR · wind only,33.70126614040799,False,hourly mean,3
EP112025,Kiko (2025),without_era5,2025-09-01T02:00:00+00:00,latent_no_sar_max_wind,Latent MLP · no SAR · wind only,33.4370543162028,False,hourly mean,3
EP112025,Kiko (2025),without_era5,2025-09-01T03:00:00+00:00,latent_no_sar_max_wind,Latent MLP · no SAR · wind only,34.412709977891716,False,hourly mean,3
EP112025,Kiko (2025),without_era5,2025-09-01T04:00:00+00:00,latent_no_sar_max_wind,Latent MLP · no SAR · wind only,35.500450134277344,False,hourly mean,3
EP112025,Kiko (2025),without_era5,2025-09-01T05:00:00+00:00,latent_no_sar_max_wind,Latent MLP · no SAR · wind only,37.123286989000114,False,hourly mean,3
EP112025,Kiko (2025),without_era5,2025-09-01T06:00:00+00:00,latent_no_sar_max_wind,Latent MLP · no SAR · wind only,38.18812285529243,False,hourly mean,3
EP112025,Kiko (2025),without_era5,2025-09-01T07:00:00+00:00,latent_no_sar_max_wind,Latent MLP · no SAR · wind only,38.28721152411567,False,hourly mean,3
EP112025,Kiko (2025),without_era5,2025-09-01T08:00:00+00:00,latent_no_sar_max_wind,Latent MLP · no SAR · wind only,38.434916178385414,False,hourly mean,3
EP112025,Kiko (2025),without_era5,2025-09-01T09:00:00+00:00,latent_no_sar_max_wind,Latent MLP · no SAR · wind only,40.70259030659994,False,hourly mean,3
EP112025,Kiko (2025),without_era5,2025-09-01T10:00:00+00:00,latent_no_sar_max_wind,Latent MLP · no SAR · wind only,42.91714117262098,False,hourly mean,3
EP112025,Kiko (2025),without_era5,2025-09-01T11:00:00+00:00,latent_no_sar_max_wind,Latent MLP · no SAR · wind only,45.17220899793836,False,hourly mean,3
EP112025,Kiko (2025),without_era5,2025-09-01T12:00:00+00:00,latent_no_sar_max_wind,Latent MLP · no SAR · wind only,44.79496383666992,False,hourly mean,3
EP112025,Kiko (2025),without_era5,2025-09-01T13:00:00+00:00,latent_no_sar_max_wind,Latent MLP · no SAR · wind only,41.86532677544488,False,hourly mean,3
EP112025,Kiko (2025),without_era5,2025-09-01T14:00:00+00:00,latent_no_sar_max_wind,Latent MLP · no SAR · wind only,38.28446367051867,False,hourly mean,3
EP112025,Kiko (2025),without_era5,2025-09-01T15:00:00+00:00,latent_no_sar_max_wind,Latent MLP · no SAR · wind only,36.30380037095812,False,hourly mean,3
EP112025,Kiko (2025),without_era5,2025-09-01T16:00:00+00:00,latent_no_sar_max_wind,Latent MLP · no SAR · wind only,35.14721478356255,False,hourly mean,3
EP112025,Kiko (2025),without_era5,2025-09-01T17:00:00+00:00,latent_no_sar_max_wind,Latent MLP · no SAR · wind only,34.71280002593994,False,hourly mean,3
EP112025,Kiko (2025),without_era5,2025-09-01T18:00:00+00:00,latent_no_sar_max_wind,Latent MLP · no SAR · wind only,33.42742686801487,False,hourly mean,3
EP112025,Kiko (2025),without_era5,2025-09-01T19:00:00+00:00,latent_no_sar_max_wind,Latent MLP · no SAR · wind only,34.9750763575236,False,hourly mean,3
EP112025,Kiko (2025),without_era5,2025-09-01T20:00:00+00:00,latent_no_sar_max_wind,Latent MLP · no SAR · wind only,35.40743923187256,False,hourly mean,3
EP112025,Kiko (2025),without_era5,2025-09-01T21:00:00+00:00,latent_no_sar_max_wind,Latent MLP · no SAR · wind only,34.7077825334337,False,hourly mean,3
EP112025,Kiko (2025),without_era5,2025-09-01T22:00:00+00:00,latent_no_sar_max_wind,Latent MLP · no SAR · wind only,32.76621649000379,False,hourly mean,3
EP112025,Kiko (2025),without_era5,2025-09-01T23:00:00+00:00,latent_no_sar_max_wind,Latent MLP · no SAR · wind only,32.77540376451281,False,hourly mean,3
EP112025,Kiko (2025),without_era5,2025-09-02T00:00:00+00:00,latent_no_sar_max_wind,Latent MLP · no SAR · wind only,35.56962543063693,False,hourly mean,3
EP112025,Kiko (2025),without_era5,2025-09-02T01:00:00+00:00,latent_no_sar_max_wind,Latent MLP · no SAR · wind only,37.65270678202311,False,hourly mean,3
EP112025,Kiko (2025),without_era5,2025-09-02T02:00:00+00:00,latent_no_sar_max_wind,Latent MLP · no SAR · wind only,38.353083504570854,False,hourly mean,3
EP112025,Kiko (2025),without_era5,2025-09-02T03:00:00+00:00,latent_no_sar_max_wind,Latent MLP · no SAR · wind only,38.03657701280381,False,hourly mean,3
EP112025,Kiko (2025),without_era5,2025-09-02T04:00:00+00:00,latent_no_sar_max_wind,Latent MLP · no SAR · wind only,39.637983322143555,False,hourly mean,3
EP112025,Kiko (2025),without_era5,2025-09-02T05:00:00+00:00,latent_no_sar_max_wind,Latent MLP · no SAR · wind only,40.4038774702284,False,hourly mean,3
EP112025,Kiko (2025),without_era5,2025-09-02T06:00:00+00:00,latent_no_sar_max_wind,Latent MLP · no SAR · wind only,40.91388172573514,False,hourly mean,3
EP112025,Kiko (2025),without_era5,2025-09-02T07:00:00+00:00,latent_no_sar_max_wind,Latent MLP · no SAR · wind only,39.585572136773,False,hourly mean,3
EP112025,Kiko (2025),without_era5,2025-09-02T08:00:00+00:00,latent_no_sar_max_wind,Latent MLP · no SAR · wind only,39.2599909040663,False,hourly mean,3
EP112025,Kiko (2025),without_era5,2025-09-02T09:00:00+00:00,latent_no_sar_max_wind,Latent MLP · no SAR · wind only,38.17887179056803,False,hourly mean,3
EP112025,Kiko (2025),without_era5,2025-09-02T10:00:00+00:00,latent_no_sar_max_wind,Latent MLP · no SAR · wind only,39.50664838155111,False,hourly mean,3
EP112025,Kiko (2025),without_era5,2025-09-02T11:00:00+00:00,latent_no_sar_max_wind,Latent MLP · no SAR · wind only,39.52013715108236,False,hourly mean,3
EP112025,Kiko (2025),without_era5,2025-09-02T12:00:00+00:00,latent_no_sar_max_wind,Latent MLP · no SAR · wind only,41.7267271677653,False,hourly mean,3
EP112025,Kiko (2025),without_era5,2025-09-02T13:00:00+00:00,latent_no_sar_max_wind,Latent MLP · no SAR · wind only,42.62799538506402,False,hourly mean,3
EP112025,Kiko (2025),without_era5,2025-09-02T14:00:00+00:00,latent_no_sar_max_wind,Latent MLP · no SAR · wind only,44.99717585245768,False,hourly mean,3
EP112025,Kiko (2025),without_era5,2025-09-02T15:00:00+00:00,latent_no_sar_max_wind,Latent MLP · no SAR · wind only,46.573762045966255,False,hourly mean,3
EP112025,Kiko (2025),without_era5,2025-09-02T16:00:00+00:00,latent_no_sar_max_wind,Latent MLP · no SAR · wind only,46.29768710666232,False,hourly mean,3
EP112025,Kiko (2025),without_era5,2025-09-02T17:00:00+00:00,latent_no_sar_max_wind,Latent MLP · no SAR · wind only,45.619895935058594,False,hourly mean,3
EP112025,Kiko (2025),without_era5,2025-09-02T18:00:00+00:00,latent_no_sar_max_wind,Latent MLP · no SAR · wind only,45.337117513020836,False,hourly mean,3
EP112025,Kiko (2025),without_era5,2025-09-02T19:00:00+00:00,latent_no_sar_max_wind,Latent MLP · no SAR · wind only,47.98019960191515,False,hourly mean,3
EP112025,Kiko (2025),without_era5,2025-09-02T20:00:00+00:00,latent_no_sar_max_wind,Latent MLP · no SAR · wind only,48.268502341376404,False,hourly mean,3
EP112025,Kiko (2025),without_era5,2025-09-02T21:00:00+00:00,latent_no_sar_max_wind,Latent MLP · no SAR · wind only,46.141037411159935,True,hourly mean,3
EP112025,Kiko (2025),without_era5,2025-09-02T22:00:00+00:00,latent_no_sar_max_wind,Latent MLP · no SAR · wind only,43.78153610229492,True,hourly mean,3
EP112025,Kiko (2025),without_era5,2025-09-02T23:00:00+00:00,latent_no_sar_max_wind,Latent MLP · no SAR · wind only,44.13660558064779,True,hourly mean,3
EP112025,Kiko (2025),without_era5,2025-09-03T00:00:00+00:00,latent_no_sar_max_wind,Latent MLP · no SAR · wind only,46.44506009419759,True,hourly mean,3
EP112025,Kiko (2025),without_era5,2025-09-03T01:00:00+00:00,latent_no_sar_max_wind,Latent MLP · no SAR · wind only,47.60049671596951,True,hourly mean,3
EP112025,Kiko (2025),without_era5,2025-09-03T02:00:00+00:00,latent_no_sar_max_wind,Latent MLP · no SAR · wind only,49.77855258517795,True,hourly mean,3
EP112025,Kiko (2025),without_era5,2025-09-03T03:00:00+00:00,latent_no_sar_max_wind,Latent MLP · no SAR · wind only,51.22484101189507,False,hourly mean,3
EP112025,Kiko (2025),without_era5,2025-09-03T04:00:00+00:00,latent_no_sar_max_wind,Latent MLP · no SAR · wind only,52.57892417907715,False,hourly mean,3
EP112025,Kiko (2025),without_era5,2025-09-03T05:00:00+00:00,latent_no_sar_max_wind,Latent MLP · no SAR · wind only,49.744544135199654,False,hourly mean,3
EP112025,Kiko (2025),without_era5,2025-09-03T06:00:00+00:00,latent_no_sar_max_wind,Latent MLP · no SAR · wind only,48.604611502753365,False,hourly mean,3
EP112025,Kiko (2025),without_era5,2025-09-03T07:00:00+00:00,latent_no_sar_max_wind,Latent MLP · no SAR · wind only,47.73192363315158,False,hourly mean,3
EP112025,Kiko (2025),without_era5,2025-09-03T08:00:00+00:00,latent_no_sar_max_wind,Latent MLP · no SAR · wind only,51.335326936509865,False,hourly mean,3
EP112025,Kiko (2025),without_era5,2025-09-03T09:00:00+00:00,latent_no_sar_max_wind,Latent MLP · no SAR · wind only,53.16266462537977,False,hourly mean,3
EP112025,Kiko (2025),without_era5,2025-09-03T10:00:00+00:00,latent_no_sar_max_wind,Latent MLP · no SAR · wind only,54.72947459750706,False,hourly mean,3
EP112025,Kiko (2025),without_era5,2025-09-03T11:00:00+00:00,latent_no_sar_max_wind,Latent MLP · no SAR · wind only,55.97633510165744,False,hourly mean,3
EP112025,Kiko (2025),without_era5,2025-09-03T12:00:00+00:00,latent_no_sar_max_wind,Latent MLP · no SAR · wind only,57.9790907965766,False,hourly mean,3
EP112025,Kiko (2025),without_era5,2025-09-03T13:00:00+00:00,latent_no_sar_max_wind,Latent MLP · no SAR · wind only,60.868387858072914,False,hourly mean,3
EP112025,Kiko (2025),without_era5,2025-09-03T14:00:00+00:00,latent_no_sar_max_wind,Latent MLP · no SAR · wind only,61.502944522433815,False,hourly mean,3
EP112025,Kiko (2025),without_era5,2025-09-03T15:00:00+00:00,latent_no_sar_max_wind,Latent MLP · no SAR · wind only,60.620901107788086,False,hourly mean,3
EP112025,Kiko (2025),without_era5,2025-09-03T16:00:00+00:00,latent_no_sar_max_wind,Latent MLP · no SAR · wind only,58.843940099080406,False,hourly mean,3
EP112025,Kiko (2025),without_era5,2025-09-03T17:00:00+00:00,latent_no_sar_max_wind,Latent MLP · no SAR · wind only,59.15787018669976,False,hourly mean,3
EP112025,Kiko (2025),without_era5,2025-09-03T18:00:00+00:00,latent_no_sar_max_wind,Latent MLP · no SAR · wind only,60.37814458211263,True,hourly mean,3
EP112025,Kiko (2025),without_era5,2025-09-03T19:00:00+00:00,latent_no_sar_max_wind,Latent MLP · no SAR · wind only,61.60490502251519,True,hourly mean,3
EP112025,Kiko (2025),without_era5,2025-09-03T20:00:00+00:00,latent_no_sar_max_wind,Latent MLP · no SAR · wind only,61.21991899278428,True,hourly mean,3
EP112025,Kiko (2025),without_era5,2025-09-03T21:00:00+00:00,latent_no_sar_max_wind,Latent MLP · no SAR · wind only,60.79695298936631,True,hourly mean,3
EP112025,Kiko (2025),without_era5,2025-09-03T22:00:00+00:00,latent_no_sar_max_wind,Latent MLP · no SAR · wind only,61.03819486829969,True,hourly mean,3
EP112025,Kiko (2025),without_era5,2025-09-03T23:00:00+00:00,latent_no_sar_max_wind,Latent MLP · no SAR · wind only,61.55782530042861,True,hourly mean,3
EP112025,Kiko (2025),without_era5,2025-09-04T00:00:00+00:00,latent_no_sar_max_wind,Latent MLP · no SAR · wind only,61.653509775797524,True,hourly mean,3
EP112025,Kiko (2025),without_era5,2025-09-04T01:00:00+00:00,latent_no_sar_max_wind,Latent MLP · no SAR · wind only,60.50489298502604,True,hourly mean,3
EP112025,Kiko (2025),without_era5,2025-09-04T02:00:00+00:00,latent_no_sar_max_wind,Latent MLP · no SAR · wind only,59.70827526516385,True,hourly mean,3
EP112025,Kiko (2025),without_era5,2025-09-04T03:00:00+00:00,latent_no_sar_max_wind,Latent MLP · no SAR · wind only,58.75728225708008,True,hourly mean,3
EP112025,Kiko (2025),without_era5,2025-09-04T04:00:00+00:00,latent_no_sar_max_wind,Latent MLP · no SAR · wind only,57.007582346598305,True,hourly mean,3
EP112025,Kiko (2025),without_era5,2025-09-04T05:00:00+00:00,latent_no_sar_max_wind,Latent MLP · no SAR · wind only,51.77031495836045,True,hourly mean,3
EP112025,Kiko (2025),without_era5,2025-09-04T06:00:00+00:00,latent_no_sar_max_wind,Latent MLP · no SAR · wind only,47.41514862908258,True,hourly mean,3
EP112025,Kiko (2025),without_era5,2025-09-04T07:00:00+00:00,latent_no_sar_max_wind,Latent MLP · no SAR · wind only,44.53166834513346,True,hourly mean,3
EP112025,Kiko (2025),without_era5,2025-09-04T08:00:00+00:00,latent_no_sar_max_wind,Latent MLP · no SAR · wind only,45.62851206461588,True,hourly mean,3
EP112025,Kiko (2025),without_era5,2025-09-04T09:00:00+00:00,latent_no_sar_max_wind,Latent MLP · no SAR · wind only,46.50212054782443,False,hourly mean,3
EP112025,Kiko (2025),without_era5,2025-09-04T10:00:00+00:00,latent_no_sar_max_wind,Latent MLP · no SAR · wind only,49.62101491292318,False,hourly mean,3
EP112025,Kiko (2025),without_era5,2025-09-04T11:00:00+00:00,latent_no_sar_max_wind,Latent MLP · no SAR · wind only,52.9307386610243,False,hourly mean,3
EP112025,Kiko (2025),without_era5,2025-09-04T12:00:00+00:00,latent_no_sar_max_wind,Latent MLP · no SAR · wind only,55.158391104804146,False,hourly mean,3
EP112025,Kiko (2025),without_era5,2025-09-04T13:00:00+00:00,latent_no_sar_max_wind,Latent MLP · no SAR · wind only,56.7484245300293,False,hourly mean,3
EP112025,Kiko (2025),without_era5,2025-09-04T14:00:00+00:00,latent_no_sar_max_wind,Latent MLP · no SAR · wind only,57.03404299418131,False,hourly mean,3
EP112025,Kiko (2025),without_era5,2025-09-04T15:00:00+00:00,latent_no_sar_max_wind,Latent MLP · no SAR · wind only,57.22153324551052,False,hourly mean,3
EP112025,Kiko (2025),without_era5,2025-09-04T16:00:00+00:00,latent_no_sar_max_wind,Latent MLP · no SAR · wind only,54.39253128899469,False,hourly mean,3
EP112025,Kiko (2025),without_era5,2025-09-04T17:00:00+00:00,latent_no_sar_max_wind,Latent MLP · no SAR · wind only,51.807143741183815,False,hourly mean,3
EP112025,Kiko (2025),without_era5,2025-09-04T18:00:00+00:00,latent_no_sar_max_wind,Latent MLP · no SAR · wind only,52.257615407307945,False,hourly mean,3
EP112025,Kiko (2025),without_era5,2025-09-04T19:00:00+00:00,latent_no_sar_max_wind,Latent MLP · no SAR · wind only,53.49505318535699,False,hourly mean,3
EP112025,Kiko (2025),without_era5,2025-09-04T20:00:00+00:00,latent_no_sar_max_wind,Latent MLP · no SAR · wind only,54.7508176167806,False,hourly mean,3
EP112025,Kiko (2025),without_era5,2025-09-04T21:00:00+00:00,latent_no_sar_max_wind,Latent MLP · no SAR · wind only,53.825747383965385,False,hourly mean,3
EP112025,Kiko (2025),without_era5,2025-09-04T22:00:00+00:00,latent_no_sar_max_wind,Latent MLP · no SAR · wind only,54.373134824964744,False,hourly mean,3
EP112025,Kiko (2025),without_era5,2025-09-04T23:00:00+00:00,latent_no_sar_max_wind,Latent MLP · no SAR · wind only,53.37474166022406,False,hourly mean,3
EP112025,Kiko (2025),without_era5,2025-09-05T00:00:00+00:00,latent_no_sar_max_wind,Latent MLP · no SAR · wind only,51.93805249532064,False,hourly mean,3
EP112025,Kiko (2025),without_era5,2025-09-05T01:00:00+00:00,latent_no_sar_max_wind,Latent MLP · no SAR · wind only,49.22200838724772,False,hourly mean,3
EP112025,Kiko (2025),without_era5,2025-09-05T02:00:00+00:00,latent_no_sar_max_wind,Latent MLP · no SAR · wind only,48.49165768093533,False,hourly mean,3
EP112025,Kiko (2025),without_era5,2025-09-05T03:00:00+00:00,latent_no_sar_max_wind,Latent MLP · no SAR · wind only,48.132065243191185,False,hourly mean,3
EP112025,Kiko (2025),without_era5,2025-09-05T04:00:00+00:00,latent_no_sar_max_wind,Latent MLP · no SAR · wind only,47.815444522433815,False,hourly mean,3
EP112025,Kiko (2025),without_era5,2025-09-05T05:00:00+00:00,latent_no_sar_max_wind,Latent MLP · no SAR · wind only,46.57145033942328,False,hourly mean,3
EP112025,Kiko (2025),without_era5,2025-09-05T06:00:00+00:00,latent_no_sar_max_wind,Latent MLP · no SAR · wind only,44.55920092264811,False,hourly mean,3
EP112025,Kiko (2025),without_era5,2025-09-05T07:00:00+00:00,latent_no_sar_max_wind,Latent MLP · no SAR · wind only,43.53362168206109,False,hourly mean,3
EP112025,Kiko (2025),without_era5,2025-09-05T08:00:00+00:00,latent_no_sar_max_wind,Latent MLP · no SAR · wind only,42.346604665120445,False,hourly mean,3
EP112025,Kiko (2025),without_era5,2025-09-05T09:00:00+00:00,latent_no_sar_max_wind,Latent MLP · no SAR · wind only,42.7786119249132,False,hourly mean,3
EP112025,Kiko (2025),without_era5,2025-09-05T10:00:00+00:00,latent_no_sar_max_wind,Latent MLP · no SAR · wind only,42.65296151902941,False,hourly mean,3
EP112025,Kiko (2025),without_era5,2025-09-05T11:00:00+00:00,latent_no_sar_max_wind,Latent MLP · no SAR · wind only,42.16766908433703,False,hourly mean,3
EP112025,Kiko (2025),without_era5,2025-09-05T12:00:00+00:00,latent_no_sar_max_wind,Latent MLP · no SAR · wind only,43.31520144144694,False,hourly mean,3
EP112025,Kiko (2025),without_era5,2025-09-05T13:00:00+00:00,latent_no_sar_max_wind,Latent MLP · no SAR · wind only,47.49529520670573,False,hourly mean,3
EP112025,Kiko (2025),without_era5,2025-09-05T14:00:00+00:00,latent_no_sar_max_wind,Latent MLP · no SAR · wind only,51.02123133341471,False,hourly mean,3
EP112025,Kiko (2025),without_era5,2025-09-05T15:00:00+00:00,latent_no_sar_max_wind,Latent MLP · no SAR · wind only,53.50515789455837,False,hourly mean,3
EP112025,Kiko (2025),without_era5,2025-09-05T16:00:00+00:00,latent_no_sar_max_wind,Latent MLP · no SAR · wind only,53.07602479722765,False,hourly mean,3
EP112025,Kiko (2025),without_era5,2025-09-05T17:00:00+00:00,latent_no_sar_max_wind,Latent MLP · no SAR · wind only,54.8297913869222,False,hourly mean,3
EP112025,Kiko (2025),without_era5,2025-09-05T18:00:00+00:00,latent_no_sar_max_wind,Latent MLP · no SAR · wind only,56.05859798855251,False,hourly mean,3
EP112025,Kiko (2025),without_era5,2025-09-05T19:00:00+00:00,latent_no_sar_max_wind,Latent MLP · no SAR · wind only,58.0494016011556,False,hourly mean,3
EP112025,Kiko (2025),without_era5,2025-09-05T20:00:00+00:00,latent_no_sar_max_wind,Latent MLP · no SAR · wind only,59.0762382083469,False,hourly mean,3
EP112025,Kiko (2025),without_era5,2025-09-05T21:00:00+00:00,latent_no_sar_max_wind,Latent MLP · no SAR · wind only,59.52274831136068,False,hourly mean,3
EP112025,Kiko (2025),without_era5,2025-09-05T22:00:00+00:00,latent_no_sar_max_wind,Latent MLP · no SAR · wind only,58.94311099582248,False,hourly mean,3
EP112025,Kiko (2025),without_era5,2025-09-05T23:00:00+00:00,latent_no_sar_max_wind,Latent MLP · no SAR · wind only,59.43756612141927,False,hourly mean,3
EP112025,Kiko (2025),without_era5,2025-09-06T00:00:00+00:00,latent_no_sar_max_wind,Latent MLP · no SAR · wind only,59.371025509304474,False,hourly mean,3
EP112025,Kiko (2025),without_era5,2025-09-06T01:00:00+00:00,latent_no_sar_max_wind,Latent MLP · no SAR · wind only,59.55103768242731,False,hourly mean,3
EP112025,Kiko (2025),without_era5,2025-09-06T02:00:00+00:00,latent_no_sar_max_wind,Latent MLP · no SAR · wind only,59.13088777330187,False,hourly mean,3
EP112025,Kiko (2025),without_era5,2025-09-06T03:00:00+00:00,latent_no_sar_max_wind,Latent MLP · no SAR · wind only,59.589737786187065,False,hourly mean,3
EP112025,Kiko (2025),without_era5,2025-09-06T04:00:00+00:00,latent_no_sar_max_wind,Latent MLP · no SAR · wind only,59.69815317789713,False,hourly mean,3
EP112025,Kiko (2025),without_era5,2025-09-06T05:00:00+00:00,latent_no_sar_max_wind,Latent MLP · no SAR · wind only,60.56778208414713,False,hourly mean,3
EP112025,Kiko (2025),without_era5,2025-09-06T06:00:00+00:00,latent_no_sar_max_wind,Latent MLP · no SAR · wind only,60.47021060519748,False,hourly mean,3
EP112025,Kiko (2025),without_era5,2025-09-06T07:00:00+00:00,latent_no_sar_max_wind,Latent MLP · no SAR · wind only,60.57301584879557,False,hourly mean,3
EP112025,Kiko (2025),without_era5,2025-09-06T08:00:00+00:00,latent_no_sar_max_wind,Latent MLP · no SAR · wind only,59.00682809617785,False,hourly mean,3
EP112025,Kiko (2025),without_era5,2025-09-06T09:00:00+00:00,latent_no_sar_max_wind,Latent MLP · no SAR · wind only,57.55025698343912,False,hourly mean,3
EP112025,Kiko (2025),without_era5,2025-09-06T10:00:00+00:00,latent_no_sar_max_wind,Latent MLP · no SAR · wind only,55.2176783243815,False,hourly mean,3
EP112025,Kiko (2025),without_era5,2025-09-06T11:00:00+00:00,latent_no_sar_max_wind,Latent MLP · no SAR · wind only,52.761215888129335,False,hourly mean,3
EP112025,Kiko (2025),without_era5,2025-09-06T12:00:00+00:00,latent_no_sar_max_wind,Latent MLP · no SAR · wind only,50.68109999762641,False,hourly mean,3
EP112025,Kiko (2025),without_era5,2025-09-06T13:00:00+00:00,latent_no_sar_max_wind,Latent MLP · no SAR · wind only,50.63049168056912,False,hourly mean,3
EP112025,Kiko (2025),without_era5,2025-09-06T14:00:00+00:00,latent_no_sar_max_wind,Latent MLP · no SAR · wind only,52.058511098225914,False,hourly mean,3
EP112025,Kiko (2025),without_era5,2025-09-06T15:00:00+00:00,latent_no_sar_max_wind,Latent MLP · no SAR · wind only,54.21483039855957,False,hourly mean,3
EP112025,Kiko (2025),without_era5,2025-09-06T16:00:00+00:00,latent_no_sar_max_wind,Latent MLP · no SAR · wind only,52.91958554585775,False,hourly mean,3
EP112025,Kiko (2025),without_era5,2025-09-06T17:00:00+00:00,latent_no_sar_max_wind,Latent MLP · no SAR · wind only,51.007372326321075,False,hourly mean,3
EP112025,Kiko (2025),without_era5,2025-09-06T18:00:00+00:00,latent_no_sar_max_wind,Latent MLP · no SAR · wind only,51.13059594896105,False,hourly mean,3
EP112025,Kiko (2025),without_era5,2025-09-06T19:00:00+00:00,latent_no_sar_max_wind,Latent MLP · no SAR · wind only,55.62596723768447,False,hourly mean,3
EP112025,Kiko (2025),without_era5,2025-09-06T20:00:00+00:00,latent_no_sar_max_wind,Latent MLP · no SAR · wind only,60.248771243625214,False,hourly mean,3
EP112025,Kiko (2025),without_era5,2025-09-06T21:00:00+00:00,latent_no_sar_max_wind,Latent MLP · no SAR · wind only,62.71543757120768,False,hourly mean,3
EP112025,Kiko (2025),without_era5,2025-09-06T22:00:00+00:00,latent_no_sar_max_wind,Latent MLP · no SAR · wind only,63.48037423027887,False,hourly mean,3
EP112025,Kiko (2025),without_era5,2025-09-06T23:00:00+00:00,latent_no_sar_max_wind,Latent MLP · no SAR · wind only,64.74774424235027,False,hourly mean,3
EP112025,Kiko (2025),without_era5,2025-09-07T00:00:00+00:00,latent_no_sar_max_wind,Latent MLP · no SAR · wind only,65.75261561075847,False,hourly mean,3
EP112025,Kiko (2025),without_era5,2025-09-07T01:00:00+00:00,latent_no_sar_max_wind,Latent MLP · no SAR · wind only,65.85982216729059,False,hourly mean,3
EP112025,Kiko (2025),without_era5,2025-09-07T02:00:00+00:00,latent_no_sar_max_wind,Latent MLP · no SAR · wind only,65.27664396497939,False,hourly mean,3
EP112025,Kiko (2025),without_era5,2025-09-07T03:00:00+00:00,latent_no_sar_max_wind,Latent MLP · no SAR · wind only,63.376970926920585,False,hourly mean,3
EP112025,Kiko (2025),without_era5,2025-09-07T04:00:00+00:00,latent_no_sar_max_wind,Latent MLP · no SAR · wind only,60.56299040052627,False,hourly mean,3
EP112025,Kiko (2025),without_era5,2025-09-07T05:00:00+00:00,latent_no_sar_max_wind,Latent MLP · no SAR · wind only,56.748966428968636,False,hourly mean,3
EP112025,Kiko (2025),without_era5,2025-09-07T06:00:00+00:00,latent_no_sar_max_wind,Latent MLP · no SAR · wind only,54.10244199964736,False,hourly mean,3
EP112025,Kiko (2025),without_era5,2025-09-07T07:00:00+00:00,latent_no_sar_max_wind,Latent MLP · no SAR · wind only,54.392931620279946,False,hourly mean,3
EP112025,Kiko (2025),without_era5,2025-09-07T08:00:00+00:00,latent_no_sar_max_wind,Latent MLP · no SAR · wind only,56.41361384921604,False,hourly mean,3
EP112025,Kiko (2025),without_era5,2025-09-07T09:00:00+00:00,latent_no_sar_max_wind,Latent MLP · no SAR · wind only,58.71575376722547,False,hourly mean,3
EP112025,Kiko (2025),without_era5,2025-09-07T10:00:00+00:00,latent_no_sar_max_wind,Latent MLP · no SAR · wind only,59.24358198377822,False,hourly mean,3
EP112025,Kiko (2025),without_era5,2025-09-07T11:00:00+00:00,latent_no_sar_max_wind,Latent MLP · no SAR · wind only,58.47036594814724,False,hourly mean,3
EP112025,Kiko (2025),without_era5,2025-09-07T12:00:00+00:00,latent_no_sar_max_wind,Latent MLP · no SAR · wind only,57.68829345703125,False,hourly mean,3
EP112025,Kiko (2025),without_era5,2025-09-07T13:00:00+00:00,latent_no_sar_max_wind,Latent MLP · no SAR · wind only,57.51389778984918,False,hourly mean,3
EP112025,Kiko (2025),without_era5,2025-09-07T14:00:00+00:00,latent_no_sar_max_wind,Latent MLP · no SAR · wind only,57.091508653428825,False,hourly mean,3
EP112025,Kiko (2025),without_era5,2025-09-07T15:00:00+00:00,latent_no_sar_max_wind,Latent MLP · no SAR · wind only,54.880745993720154,False,hourly mean,3
EP112025,Kiko (2025),without_era5,2025-09-07T16:00:00+00:00,latent_no_sar_max_wind,Latent MLP · no SAR · wind only,52.04103236728244,False,hourly mean,3
EP112025,Kiko (2025),without_era5,2025-09-07T17:00:00+00:00,latent_no_sar_max_wind,Latent MLP · no SAR · wind only,48.45262591044108,False,hourly mean,3
EP112025,Kiko (2025),without_era5,2025-09-07T18:00:00+00:00,latent_no_sar_max_wind,Latent MLP · no SAR · wind only,43.46035872565375,False,hourly mean,3
EP112025,Kiko (2025),without_era5,2025-09-07T19:00:00+00:00,latent_no_sar_max_wind,Latent MLP · no SAR · wind only,40.20509444342719,False,hourly mean,3
EP112025,Kiko (2025),without_era5,2025-09-07T20:00:00+00:00,latent_no_sar_max_wind,Latent MLP · no SAR · wind only,40.50845167371962,False,hourly mean,3
EP112025,Kiko (2025),without_era5,2025-09-07T21:00:00+00:00,latent_no_sar_max_wind,Latent MLP · no SAR · wind only,43.35007010565864,False,hourly mean,3
EP112025,Kiko (2025),without_era5,2025-09-07T22:00:00+00:00,latent_no_sar_max_wind,Latent MLP · no SAR · wind only,43.949323442247184,False,hourly mean,3
EP112025,Kiko (2025),without_era5,2025-09-07T23:00:00+00:00,latent_no_sar_max_wind,Latent MLP · no SAR · wind only,42.081912782457145,False,hourly mean,3
EP112025,Kiko (2025),without_era5,2025-09-08T00:00:00+00:00,latent_no_sar_max_wind,Latent MLP · no SAR · wind only,39.03062015109592,False,hourly mean,3
EP112025,Kiko (2025),without_era5,2025-09-08T01:00:00+00:00,latent_no_sar_max_wind,Latent MLP · no SAR · wind only,38.15306176079644,False,hourly mean,3
EP112025,Kiko (2025),without_era5,2025-09-08T02:00:00+00:00,latent_no_sar_max_wind,Latent MLP · no SAR · wind only,36.72393120659722,False,hourly mean,3
EP112025,Kiko (2025),without_era5,2025-09-08T03:00:00+00:00,latent_no_sar_max_wind,Latent MLP · no SAR · wind only,36.450353834364144,False,hourly mean,3
EP112025,Kiko (2025),without_era5,2025-09-08T04:00:00+00:00,latent_no_sar_max_wind,Latent MLP · no SAR · wind only,32.98589505089654,False,hourly mean,3
EP112025,Kiko (2025),without_era5,2025-09-08T05:00:00+00:00,latent_no_sar_max_wind,Latent MLP · no SAR · wind only,31.963432629903156,False,hourly mean,3
EP112025,Kiko (2025),without_era5,2025-09-08T06:00:00+00:00,latent_no_sar_max_wind,Latent MLP · no SAR · wind only,31.898451063368057,False,hourly mean,3
EP112025,Kiko (2025),without_era5,2025-09-08T07:00:00+00:00,latent_no_sar_max_wind,Latent MLP · no SAR · wind only,32.729103300306534,False,hourly mean,3
EP112025,Kiko (2025),without_era5,2025-09-08T08:00:00+00:00,latent_no_sar_max_wind,Latent MLP · no SAR · wind only,32.45933956570096,False,hourly mean,3
EP112025,Kiko (2025),without_era5,2025-09-08T09:00:00+00:00,latent_no_sar_max_wind,Latent MLP · no SAR · wind only,33.312615394592285,False,hourly mean,3
EP112025,Kiko (2025),without_era5,2025-09-08T10:00:00+00:00,latent_no_sar_max_wind,Latent MLP · no SAR · wind only,34.897725423177086,False,hourly mean,3
EP112025,Kiko (2025),without_era5,2025-09-08T11:00:00+00:00,latent_no_sar_max_wind,Latent MLP · no SAR · wind only,35.922644721137154,False,hourly mean,3
EP112025,Kiko (2025),without_era5,2025-09-08T12:00:00+00:00,latent_no_sar_max_wind,Latent MLP · no SAR · wind only,34.68493355645074,False,hourly mean,3
EP112025,Kiko (2025),without_era5,2025-09-08T13:00:00+00:00,latent_no_sar_max_wind,Latent MLP · no SAR · wind only,34.18591923183865,False,hourly mean,3
EP112025,Kiko (2025),without_era5,2025-09-08T14:00:00+00:00,latent_no_sar_max_wind,Latent MLP · no SAR · wind only,33.739941914876304,False,hourly mean,3
EP112025,Kiko (2025),without_era5,2025-09-08T15:00:00+00:00,latent_no_sar_max_wind,Latent MLP · no SAR · wind only,33.97172313266331,False,hourly mean,3
EP112025,Kiko (2025),without_era5,2025-09-08T16:00:00+00:00,latent_no_sar_max_wind,Latent MLP · no SAR · wind only,32.64610226949056,False,hourly mean,3
EP112025,Kiko (2025),without_era5,2025-09-08T17:00:00+00:00,latent_no_sar_max_wind,Latent MLP · no SAR · wind only,31.482703526814785,False,hourly mean,3
EP112025,Kiko (2025),without_era5,2025-09-08T18:00:00+00:00,latent_no_sar_max_wind,Latent MLP · no SAR · wind only,29.80016252729628,False,hourly mean,3
EP112025,Kiko (2025),without_era5,2025-09-08T19:00:00+00:00,latent_no_sar_max_wind,Latent MLP · no SAR · wind only,28.03679731157091,False,hourly mean,3
EP112025,Kiko (2025),without_era5,2025-09-08T20:00:00+00:00,latent_no_sar_max_wind,Latent MLP · no SAR · wind only,26.13837390475803,False,hourly mean,3
EP112025,Kiko (2025),without_era5,2025-09-08T21:00:00+00:00,latent_no_sar_max_wind,Latent MLP · no SAR · wind only,25.28275267283122,False,hourly mean,3
EP112025,Kiko (2025),without_era5,2025-09-08T22:00:00+00:00,latent_no_sar_max_wind,Latent MLP · no SAR · wind only,25.81250964270698,False,hourly mean,3
EP112025,Kiko (2025),without_era5,2025-09-08T23:00:00+00:00,latent_no_sar_max_wind,Latent MLP · no SAR · wind only,26.030420939127605,False,hourly mean,3
EP112025,Kiko (2025),without_era5,2025-09-09T00:00:00+00:00,latent_no_sar_max_wind,Latent MLP · no SAR · wind only,25.369465192159016,False,hourly mean,3
EP112025,Kiko (2025),without_era5,2025-09-09T01:00:00+00:00,latent_no_sar_max_wind,Latent MLP · no SAR · wind only,24.16837151845296,False,hourly mean,3
EP112025,Kiko (2025),without_era5,2025-09-09T02:00:00+00:00,latent_no_sar_max_wind,Latent MLP · no SAR · wind only,23.545241567823627,False,hourly mean,3
EP112025,Kiko (2025),without_era5,2025-09-09T03:00:00+00:00,latent_no_sar_max_wind,Latent MLP · no SAR · wind only,23.161729600694446,False,hourly mean,3
EP112025,Kiko (2025),without_era5,2025-09-09T04:00:00+00:00,latent_no_sar_max_wind,Latent MLP · no SAR · wind only,22.920767042371963,False,hourly mean,3
EP112025,Kiko (2025),without_era5,2025-09-09T05:00:00+00:00,latent_no_sar_max_wind,Latent MLP · no SAR · wind only,22.663007630242245,False,hourly mean,3
EP112025,Kiko (2025),without_era5,2025-09-09T06:00:00+00:00,latent_no_sar_max_wind,Latent MLP · no SAR · wind only,22.47398026784261,False,hourly mean,3
EP112025,Kiko (2025),without_era5,2025-09-09T07:00:00+00:00,latent_no_sar_max_wind,Latent MLP · no SAR · wind only,22.599360360039608,False,hourly mean,3
EP112025,Kiko (2025),without_era5,2025-09-09T08:00:00+00:00,latent_no_sar_max_wind,Latent MLP · no SAR · wind only,22.578852865431045,False,hourly mean,3
EP112025,Kiko (2025),without_era5,2025-09-09T09:00:00+00:00,latent_no_sar_max_wind,Latent MLP · no SAR · wind only,22.64636505974664,False,hourly mean,3
EP112025,Kiko (2025),without_era5,2025-09-09T10:00:00+00:00,latent_no_sar_max_wind,Latent MLP · no SAR · wind only,22.484440167744953,False,hourly mean,3
EP112025,Kiko (2025),without_era5,2025-09-09T11:00:00+00:00,latent_no_sar_max_wind,Latent MLP · no SAR · wind only,22.50810888078478,False,hourly mean,3
EP112025,Kiko (2025),without_era5,2025-09-09T12:00:00+00:00,latent_no_sar_max_wind,Latent MLP · no SAR · wind only,22.48975319332547,False,hourly mean,3
EP112025,Kiko (2025),without_era5,2025-09-09T13:00:00+00:00,latent_no_sar_max_wind,Latent MLP · no SAR · wind only,22.50869803958469,False,hourly mean,3
EP112025,Kiko (2025),without_era5,2025-09-09T14:00:00+00:00,latent_no_sar_max_wind,Latent MLP · no SAR · wind only,22.53580538431804,False,hourly mean,3
EP112025,Kiko (2025),without_era5,2025-09-09T15:00:00+00:00,latent_no_sar_max_wind,Latent MLP · no SAR · wind only,22.561161783006458,False,hourly mean,3
EP112025,Kiko (2025),without_era5,2025-09-09T16:00:00+00:00,latent_no_sar_max_wind,Latent MLP · no SAR · wind only,22.54821406470405,False,hourly mean,3
EP112025,Kiko (2025),without_era5,2025-09-09T17:00:00+00:00,latent_no_sar_max_wind,Latent MLP · no SAR · wind only,22.533168368869358,False,hourly mean,3
EP112025,Kiko (2025),without_era5,2025-09-09T18:00:00+00:00,latent_no_sar_max_wind,Latent MLP · no SAR · wind only,22.463299963209366,False,hourly mean,3
EP112025,Kiko (2025),without_era5,2025-09-09T19:00:00+00:00,latent_no_sar_max_wind,Latent MLP · no SAR · wind only,22.431951098971897,False,hourly mean,3
EP112025,Kiko (2025),without_era5,2025-09-09T20:00:00+00:00,latent_no_sar_max_wind,Latent MLP · no SAR · wind only,22.37502585517036,False,hourly mean,3
EP112025,Kiko (2025),without_era5,2025-09-09T21:00:00+00:00,latent_no_sar_max_wind,Latent MLP · no SAR · wind only,22.411086188422313,False,hourly mean,3
EP112025,Kiko (2025),without_era5,2025-09-09T22:00:00+00:00,latent_no_sar_max_wind,Latent MLP · no SAR · wind only,22.44459205203587,False,hourly mean,3
EP112025,Kiko (2025),without_era5,2025-09-09T23:00:00+00:00,latent_no_sar_max_wind,Latent MLP · no SAR · wind only,22.546658621893993,False,hourly mean,3
EP112025,Kiko (2025),without_era5,2025-09-10T00:00:00+00:00,latent_no_sar_max_wind,Latent MLP · no SAR · wind only,22.79627821180556,False,hourly mean,3
EP112025,Kiko (2025),without_era5,2025-09-10T01:00:00+00:00,latent_no_sar_max_wind,Latent MLP · no SAR · wind only,23.07483694288466,False,hourly mean,3
EP112025,Kiko (2025),without_era5,2025-09-10T02:00:00+00:00,latent_no_sar_max_wind,Latent MLP · no SAR · wind only,23.117585606045196,False,hourly mean,3
EP112025,Kiko (2025),without_era5,2025-09-10T03:00:00+00:00,latent_no_sar_max_wind,Latent MLP · no SAR · wind only,22.918633672926163,False,hourly mean,3
EP112025,Kiko (2025),without_era5,2025-09-10T04:00:00+00:00,latent_no_sar_max_wind,Latent MLP · no SAR · wind only,22.61891523996989,False,hourly mean,3
EP112025,Kiko (2025),without_era5,2025-09-10T05:00:00+00:00,latent_no_sar_max_wind,Latent MLP · no SAR · wind only,22.51395575205485,False,hourly mean,3
EP112025,Kiko (2025),without_era5,2025-09-10T06:00:00+00:00,latent_no_sar_max_wind,Latent MLP · no SAR · wind only,22.54747994740804,False,hourly mean,3
EP112025,Kiko (2025),without_era5,2025-09-10T07:00:00+00:00,latent_no_sar_max_wind,Latent MLP · no SAR · wind only,22.66219921112061,False,hourly mean,3
EP112025,Kiko (2025),without_era5,2025-09-10T08:00:00+00:00,latent_no_sar_max_wind,Latent MLP · no SAR · wind only,22.645658259921607,False,hourly mean,3
EP112025,Kiko (2025),without_era5,2025-09-10T09:00:00+00:00,latent_no_sar_max_wind,Latent MLP · no SAR · wind only,22.54598837958442,False,hourly mean,3
EP112025,Kiko (2025),without_era5,2025-09-10T10:00:00+00:00,latent_no_sar_max_wind,Latent MLP · no SAR · wind only,22.47025691138374,False,hourly mean,3
EP112025,Kiko (2025),without_era5,2025-09-10T11:00:00+00:00,latent_no_sar_max_wind,Latent MLP · no SAR · wind only,22.4588983323839,False,hourly mean,3
EP112025,Kiko (2025),without_era5,2025-09-10T12:00:00+00:00,latent_no_sar_max_wind,Latent MLP · no SAR · wind only,22.474336836073135,False,hourly mean,3
EP112025,Kiko (2025),without_era5,2025-09-10T13:00:00+00:00,latent_no_sar_max_wind,Latent MLP · no SAR · wind only,22.510193188985188,False,hourly mean,3
EP112025,Kiko (2025),without_era5,2025-09-10T14:00:00+00:00,latent_no_sar_max_wind,Latent MLP · no SAR · wind only,22.549041642083065,False,hourly mean,3
EP112025,Kiko (2025),without_era5,2025-09-10T15:00:00+00:00,latent_no_sar_max_wind,Latent MLP · no SAR · wind only,22.47571023305257,False,hourly mean,3
EP112025,Kiko (2025),without_era5,2025-09-10T16:00:00+00:00,latent_no_sar_max_wind,Latent MLP · no SAR · wind only,22.3816556930542,False,hourly mean,3
EP112025,Kiko (2025),without_era5,2025-09-10T17:00:00+00:00,latent_no_sar_max_wind,Latent MLP · no SAR · wind only,22.44327047136095,False,hourly mean,3
EP112025,Kiko (2025),without_era5,2025-09-10T18:00:00+00:00,latent_no_sar_max_wind,Latent MLP · no SAR · wind only,22.703783035278324,False,hourly mean,3
EP112025,Kiko (2025),without_era5,2025-09-10T19:00:00+00:00,latent_no_sar_max_wind,Latent MLP · no SAR · wind only,23.220385021633575,False,hourly mean,3
EP112025,Kiko (2025),without_era5,2025-09-10T20:00:00+00:00,latent_no_sar_max_wind,Latent MLP · no SAR · wind only,23.892178323533802,False,hourly mean,3
EP112025,Kiko (2025),without_era5,2025-09-10T21:00:00+00:00,latent_no_sar_max_wind,Latent MLP · no SAR · wind only,24.683240996466747,False,hourly mean,3
EP112025,Kiko (2025),without_era5,2025-09-10T22:00:00+00:00,latent_no_sar_max_wind,Latent MLP · no SAR · wind only,26.266810417175293,False,hourly mean,3
EP112025,Kiko (2025),without_era5,2025-09-10T23:00:00+00:00,latent_no_sar_max_wind,Latent MLP · no SAR · wind only,27.029955069224037,False,hourly mean,3
EP112025,Kiko (2025),without_era5,2025-08-31T00:00:00+00:00,latent_no_sar_max_wind_radii,Latent MLP · no SAR · wind + radii,23.9828732808431,False,hourly mean,3
EP112025,Kiko (2025),without_era5,2025-08-31T01:00:00+00:00,latent_no_sar_max_wind_radii,Latent MLP · no SAR · wind + radii,23.719406233893505,False,hourly mean,3
EP112025,Kiko (2025),without_era5,2025-08-31T02:00:00+00:00,latent_no_sar_max_wind_radii,Latent MLP · no SAR · wind + radii,23.25966623094347,False,hourly mean,3
EP112025,Kiko (2025),without_era5,2025-08-31T03:00:00+00:00,latent_no_sar_max_wind_radii,Latent MLP · no SAR · wind + radii,23.323340309990773,False,hourly mean,3
EP112025,Kiko (2025),without_era5,2025-08-31T04:00:00+00:00,latent_no_sar_max_wind_radii,Latent MLP · no SAR · wind + radii,22.862359152899845,False,hourly mean,3
EP112025,Kiko (2025),without_era5,2025-08-31T05:00:00+00:00,latent_no_sar_max_wind_radii,Latent MLP · no SAR · wind + radii,22.53466373019748,False,hourly mean,3
EP112025,Kiko (2025),without_era5,2025-08-31T06:00:00+00:00,latent_no_sar_max_wind_radii,Latent MLP · no SAR · wind + radii,21.902720239427353,False,hourly mean,3
EP112025,Kiko (2025),without_era5,2025-08-31T07:00:00+00:00,latent_no_sar_max_wind_radii,Latent MLP · no SAR · wind + radii,22.46684371100532,False,hourly mean,3
EP112025,Kiko (2025),without_era5,2025-08-31T08:00:00+00:00,latent_no_sar_max_wind_radii,Latent MLP · no SAR · wind + radii,22.951488071017796,False,hourly mean,3
EP112025,Kiko (2025),without_era5,2025-08-31T09:00:00+00:00,latent_no_sar_max_wind_radii,Latent MLP · no SAR · wind + radii,23.918039427863224,False,hourly mean,3
EP112025,Kiko (2025),without_era5,2025-08-31T10:00:00+00:00,latent_no_sar_max_wind_radii,Latent MLP · no SAR · wind + radii,24.59987693362766,False,hourly mean,3
EP112025,Kiko (2025),without_era5,2025-08-31T11:00:00+00:00,latent_no_sar_max_wind_radii,Latent MLP · no SAR · wind + radii,25.34252760145399,False,hourly mean,3
EP112025,Kiko (2025),without_era5,2025-08-31T12:00:00+00:00,latent_no_sar_max_wind_radii,Latent MLP · no SAR · wind + radii,24.721916516621906,False,hourly mean,3
EP112025,Kiko (2025),without_era5,2025-08-31T13:00:00+00:00,latent_no_sar_max_wind_radii,Latent MLP · no SAR · wind + radii,23.59587001800537,False,hourly mean,3
EP112025,Kiko (2025),without_era5,2025-08-31T14:00:00+00:00,latent_no_sar_max_wind_radii,Latent MLP · no SAR · wind + radii,22.938479741414387,False,hourly mean,3
EP112025,Kiko (2025),without_era5,2025-08-31T15:00:00+00:00,latent_no_sar_max_wind_radii,Latent MLP · no SAR · wind + radii,24.647202915615505,False,hourly mean,3
EP112025,Kiko (2025),without_era5,2025-08-31T16:00:00+00:00,latent_no_sar_max_wind_radii,Latent MLP · no SAR · wind + radii,27.12378936343723,False,hourly mean,3
EP112025,Kiko (2025),without_era5,2025-08-31T17:00:00+00:00,latent_no_sar_max_wind_radii,Latent MLP · no SAR · wind + radii,29.6059144337972,False,hourly mean,3
EP112025,Kiko (2025),without_era5,2025-08-31T18:00:00+00:00,latent_no_sar_max_wind_radii,Latent MLP · no SAR · wind + radii,29.8042918311225,False,hourly mean,3
EP112025,Kiko (2025),without_era5,2025-08-31T19:00:00+00:00,latent_no_sar_max_wind_radii,Latent MLP · no SAR · wind + radii,29.735536257425945,False,hourly mean,3
EP112025,Kiko (2025),without_era5,2025-08-31T20:00:00+00:00,latent_no_sar_max_wind_radii,Latent MLP · no SAR · wind + radii,30.872998661465115,False,hourly mean,3
EP112025,Kiko (2025),without_era5,2025-08-31T21:00:00+00:00,latent_no_sar_max_wind_radii,Latent MLP · no SAR · wind + radii,32.56285423702664,False,hourly mean,3
EP112025,Kiko (2025),without_era5,2025-08-31T22:00:00+00:00,latent_no_sar_max_wind_radii,Latent MLP · no SAR · wind + radii,34.458292643229164,False,hourly mean,3
EP112025,Kiko (2025),without_era5,2025-08-31T23:00:00+00:00,latent_no_sar_max_wind_radii,Latent MLP · no SAR · wind + radii,33.8707694583469,False,hourly mean,3
EP112025,Kiko (2025),without_era5,2025-09-01T00:00:00+00:00,latent_no_sar_max_wind_radii,Latent MLP · no SAR · wind + radii,33.834888203938796,False,hourly mean,3
EP112025,Kiko (2025),without_era5,2025-09-01T01:00:00+00:00,latent_no_sar_max_wind_radii,Latent MLP · no SAR · wind + radii,33.80953551398383,False,hourly mean,3
EP112025,Kiko (2025),without_era5,2025-09-01T02:00:00+00:00,latent_no_sar_max_wind_radii,Latent MLP · no SAR · wind + radii,33.580056296454536,False,hourly mean,3
EP112025,Kiko (2025),without_era5,2025-09-01T03:00:00+00:00,latent_no_sar_max_wind_radii,Latent MLP · no SAR · wind + radii,32.29509035746256,False,hourly mean,3
EP112025,Kiko (2025),without_era5,2025-09-01T04:00:00+00:00,latent_no_sar_max_wind_radii,Latent MLP · no SAR · wind + radii,31.829772631327312,False,hourly mean,3
EP112025,Kiko (2025),without_era5,2025-09-01T05:00:00+00:00,latent_no_sar_max_wind_radii,Latent MLP · no SAR · wind + radii,37.32182810041639,False,hourly mean,3
EP112025,Kiko (2025),without_era5,2025-09-01T06:00:00+00:00,latent_no_sar_max_wind_radii,Latent MLP · no SAR · wind + radii,43.2569727367825,False,hourly mean,3
EP112025,Kiko (2025),without_era5,2025-09-01T07:00:00+00:00,latent_no_sar_max_wind_radii,Latent MLP · no SAR · wind + radii,46.269466400146484,False,hourly mean,3
EP112025,Kiko (2025),without_era5,2025-09-01T08:00:00+00:00,latent_no_sar_max_wind_radii,Latent MLP · no SAR · wind + radii,44.75731658935547,False,hourly mean,3
EP112025,Kiko (2025),without_era5,2025-09-01T09:00:00+00:00,latent_no_sar_max_wind_radii,Latent MLP · no SAR · wind + radii,43.29517894321018,False,hourly mean,3
EP112025,Kiko (2025),without_era5,2025-09-01T10:00:00+00:00,latent_no_sar_max_wind_radii,Latent MLP · no SAR · wind + radii,45.033759646945526,False,hourly mean,3
EP112025,Kiko (2025),without_era5,2025-09-01T11:00:00+00:00,latent_no_sar_max_wind_radii,Latent MLP · no SAR · wind + radii,46.204848819308815,False,hourly mean,3
EP112025,Kiko (2025),without_era5,2025-09-01T12:00:00+00:00,latent_no_sar_max_wind_radii,Latent MLP · no SAR · wind + radii,46.16580157809787,False,hourly mean,3
EP112025,Kiko (2025),without_era5,2025-09-01T13:00:00+00:00,latent_no_sar_max_wind_radii,Latent MLP · no SAR · wind + radii,43.258048799302834,False,hourly mean,3
EP112025,Kiko (2025),without_era5,2025-09-01T14:00:00+00:00,latent_no_sar_max_wind_radii,Latent MLP · no SAR · wind + radii,39.28222974141439,False,hourly mean,3
EP112025,Kiko (2025),without_era5,2025-09-01T15:00:00+00:00,latent_no_sar_max_wind_radii,Latent MLP · no SAR · wind + radii,38.409636815389,False,hourly mean,3
EP112025,Kiko (2025),without_era5,2025-09-01T16:00:00+00:00,latent_no_sar_max_wind_radii,Latent MLP · no SAR · wind + radii,36.382689476013184,False,hourly mean,3
EP112025,Kiko (2025),without_era5,2025-09-01T17:00:00+00:00,latent_no_sar_max_wind_radii,Latent MLP · no SAR · wind + radii,34.200599352518715,False,hourly mean,3
EP112025,Kiko (2025),without_era5,2025-09-01T18:00:00+00:00,latent_no_sar_max_wind_radii,Latent MLP · no SAR · wind + radii,32.428105460272896,False,hourly mean,3
EP112025,Kiko (2025),without_era5,2025-09-01T19:00:00+00:00,latent_no_sar_max_wind_radii,Latent MLP · no SAR · wind + radii,34.732493824428985,False,hourly mean,3
EP112025,Kiko (2025),without_era5,2025-09-01T20:00:00+00:00,latent_no_sar_max_wind_radii,Latent MLP · no SAR · wind + radii,37.23264768388537,False,hourly mean,3
EP112025,Kiko (2025),without_era5,2025-09-01T21:00:00+00:00,latent_no_sar_max_wind_radii,Latent MLP · no SAR · wind + radii,36.31328921847874,False,hourly mean,3
EP112025,Kiko (2025),without_era5,2025-09-01T22:00:00+00:00,latent_no_sar_max_wind_radii,Latent MLP · no SAR · wind + radii,34.8737350040012,False,hourly mean,3
EP112025,Kiko (2025),without_era5,2025-09-01T23:00:00+00:00,latent_no_sar_max_wind_radii,Latent MLP · no SAR · wind + radii,36.30588701036242,False,hourly mean,3
EP112025,Kiko (2025),without_era5,2025-09-02T00:00:00+00:00,latent_no_sar_max_wind_radii,Latent MLP · no SAR · wind + radii,38.504558139377174,False,hourly mean,3
EP112025,Kiko (2025),without_era5,2025-09-02T01:00:00+00:00,latent_no_sar_max_wind_radii,Latent MLP · no SAR · wind + radii,38.1492608388265,False,hourly mean,3
EP112025,Kiko (2025),without_era5,2025-09-02T02:00:00+00:00,latent_no_sar_max_wind_radii,Latent MLP · no SAR · wind + radii,35.848185221354164,False,hourly mean,3
EP112025,Kiko (2025),without_era5,2025-09-02T03:00:00+00:00,latent_no_sar_max_wind_radii,Latent MLP · no SAR · wind + radii,36.13845952351888,False,hourly mean,3
EP112025,Kiko (2025),without_era5,2025-09-02T04:00:00+00:00,latent_no_sar_max_wind_radii,Latent MLP · no SAR · wind + radii,36.74353853861491,False,hourly mean,3
EP112025,Kiko (2025),without_era5,2025-09-02T05:00:00+00:00,latent_no_sar_max_wind_radii,Latent MLP · no SAR · wind + radii,38.18389956156413,False,hourly mean,3
EP112025,Kiko (2025),without_era5,2025-09-02T06:00:00+00:00,latent_no_sar_max_wind_radii,Latent MLP · no SAR · wind + radii,36.78697893354629,False,hourly mean,3
EP112025,Kiko (2025),without_era5,2025-09-02T07:00:00+00:00,latent_no_sar_max_wind_radii,Latent MLP · no SAR · wind + radii,36.01524490780301,False,hourly mean,3
EP112025,Kiko (2025),without_era5,2025-09-02T08:00:00+00:00,latent_no_sar_max_wind_radii,Latent MLP · no SAR · wind + radii,35.64578024546306,False,hourly mean,3
EP112025,Kiko (2025),without_era5,2025-09-02T09:00:00+00:00,latent_no_sar_max_wind_radii,Latent MLP · no SAR · wind + radii,35.96642812093099,False,hourly mean,3
EP112025,Kiko (2025),without_era5,2025-09-02T10:00:00+00:00,latent_no_sar_max_wind_radii,Latent MLP · no SAR · wind + radii,37.41834916008843,False,hourly mean,3
EP112025,Kiko (2025),without_era5,2025-09-02T11:00:00+00:00,latent_no_sar_max_wind_radii,Latent MLP · no SAR · wind + radii,37.94703631930881,False,hourly mean,3
EP112025,Kiko (2025),without_era5,2025-09-02T12:00:00+00:00,latent_no_sar_max_wind_radii,Latent MLP · no SAR · wind + radii,41.382490158081055,False,hourly mean,3
EP112025,Kiko (2025),without_era5,2025-09-02T13:00:00+00:00,latent_no_sar_max_wind_radii,Latent MLP · no SAR · wind + radii,42.70971361796061,False,hourly mean,3
EP112025,Kiko (2025),without_era5,2025-09-02T14:00:00+00:00,latent_no_sar_max_wind_radii,Latent MLP · no SAR · wind + radii,46.919349458482536,False,hourly mean,3
EP112025,Kiko (2025),without_era5,2025-09-02T15:00:00+00:00,latent_no_sar_max_wind_radii,Latent MLP · no SAR · wind + radii,48.45721308390299,False,hourly mean,3
EP112025,Kiko (2025),without_era5,2025-09-02T16:00:00+00:00,latent_no_sar_max_wind_radii,Latent MLP · no SAR · wind + radii,49.633061514960396,False,hourly mean,3
EP112025,Kiko (2025),without_era5,2025-09-02T17:00:00+00:00,latent_no_sar_max_wind_radii,Latent MLP · no SAR · wind + radii,48.414516660902244,False,hourly mean,3
EP112025,Kiko (2025),without_era5,2025-09-02T18:00:00+00:00,latent_no_sar_max_wind_radii,Latent MLP · no SAR · wind + radii,47.04365539550781,False,hourly mean,3
EP112025,Kiko (2025),without_era5,2025-09-02T19:00:00+00:00,latent_no_sar_max_wind_radii,Latent MLP · no SAR · wind + radii,48.317209455702034,False,hourly mean,3
EP112025,Kiko (2025),without_era5,2025-09-02T20:00:00+00:00,latent_no_sar_max_wind_radii,Latent MLP · no SAR · wind + radii,47.14692412482368,False,hourly mean,3
EP112025,Kiko (2025),without_era5,2025-09-02T21:00:00+00:00,latent_no_sar_max_wind_radii,Latent MLP · no SAR · wind + radii,43.9328498840332,True,hourly mean,3
EP112025,Kiko (2025),without_era5,2025-09-02T22:00:00+00:00,latent_no_sar_max_wind_radii,Latent MLP · no SAR · wind + radii,41.2231010860867,True,hourly mean,3
EP112025,Kiko (2025),without_era5,2025-09-02T23:00:00+00:00,latent_no_sar_max_wind_radii,Latent MLP · no SAR · wind + radii,41.81303426954482,True,hourly mean,3
EP112025,Kiko (2025),without_era5,2025-09-03T00:00:00+00:00,latent_no_sar_max_wind_radii,Latent MLP · no SAR · wind + radii,47.228665033976235,True,hourly mean,3
EP112025,Kiko (2025),without_era5,2025-09-03T01:00:00+00:00,latent_no_sar_max_wind_radii,Latent MLP · no SAR · wind + radii,50.387541241116,True,hourly mean,3
EP112025,Kiko (2025),without_era5,2025-09-03T02:00:00+00:00,latent_no_sar_max_wind_radii,Latent MLP · no SAR · wind + radii,52.9661808013916,True,hourly mean,3
EP112025,Kiko (2025),without_era5,2025-09-03T03:00:00+00:00,latent_no_sar_max_wind_radii,Latent MLP · no SAR · wind + radii,50.54759364657932,False,hourly mean,3
EP112025,Kiko (2025),without_era5,2025-09-03T04:00:00+00:00,latent_no_sar_max_wind_radii,Latent MLP · no SAR · wind + radii,47.83641793992785,False,hourly mean,3
EP112025,Kiko (2025),without_era5,2025-09-03T05:00:00+00:00,latent_no_sar_max_wind_radii,Latent MLP · no SAR · wind + radii,45.674460093180336,False,hourly mean,3
EP112025,Kiko (2025),without_era5,2025-09-03T06:00:00+00:00,latent_no_sar_max_wind_radii,Latent MLP · no SAR · wind + radii,45.08219061957465,False,hourly mean,3
EP112025,Kiko (2025),without_era5,2025-09-03T07:00:00+00:00,latent_no_sar_max_wind_radii,Latent MLP · no SAR · wind + radii,43.28114128112793,False,hourly mean,3
EP112025,Kiko (2025),without_era5,2025-09-03T08:00:00+00:00,latent_no_sar_max_wind_radii,Latent MLP · no SAR · wind + radii,43.68872515360514,False,hourly mean,3
EP112025,Kiko (2025),without_era5,2025-09-03T09:00:00+00:00,latent_no_sar_max_wind_radii,Latent MLP · no SAR · wind + radii,45.98320960998535,False,hourly mean,3
EP112025,Kiko (2025),without_era5,2025-09-03T10:00:00+00:00,latent_no_sar_max_wind_radii,Latent MLP · no SAR · wind + radii,50.737086613972984,False,hourly mean,3
EP112025,Kiko (2025),without_era5,2025-09-03T11:00:00+00:00,latent_no_sar_max_wind_radii,Latent MLP · no SAR · wind + radii,54.04741923014323,False,hourly mean,3
EP112025,Kiko (2025),without_era5,2025-09-03T12:00:00+00:00,latent_no_sar_max_wind_radii,Latent MLP · no SAR · wind + radii,56.51345740424262,False,hourly mean,3
EP112025,Kiko (2025),without_era5,2025-09-03T13:00:00+00:00,latent_no_sar_max_wind_radii,Latent MLP · no SAR · wind + radii,58.40471331278483,False,hourly mean,3
EP112025,Kiko (2025),without_era5,2025-09-03T14:00:00+00:00,latent_no_sar_max_wind_radii,Latent MLP · no SAR · wind + radii,57.52506192525228,False,hourly mean,3
EP112025,Kiko (2025),without_era5,2025-09-03T15:00:00+00:00,latent_no_sar_max_wind_radii,Latent MLP · no SAR · wind + radii,59.00274976094564,False,hourly mean,3
EP112025,Kiko (2025),without_era5,2025-09-03T16:00:00+00:00,latent_no_sar_max_wind_radii,Latent MLP · no SAR · wind + radii,60.50872124565972,False,hourly mean,3
EP112025,Kiko (2025),without_era5,2025-09-03T17:00:00+00:00,latent_no_sar_max_wind_radii,Latent MLP · no SAR · wind + radii,61.5715217590332,False,hourly mean,3
EP112025,Kiko (2025),without_era5,2025-09-03T18:00:00+00:00,latent_no_sar_max_wind_radii,Latent MLP · no SAR · wind + radii,59.079616758558494,True,hourly mean,3
EP112025,Kiko (2025),without_era5,2025-09-03T19:00:00+00:00,latent_no_sar_max_wind_radii,Latent MLP · no SAR · wind + radii,57.03198051452637,True,hourly mean,3
EP112025,Kiko (2025),without_era5,2025-09-03T20:00:00+00:00,latent_no_sar_max_wind_radii,Latent MLP · no SAR · wind + radii,56.82700983683268,True,hourly mean,3
EP112025,Kiko (2025),without_era5,2025-09-03T21:00:00+00:00,latent_no_sar_max_wind_radii,Latent MLP · no SAR · wind + radii,58.84013345506457,True,hourly mean,3
EP112025,Kiko (2025),without_era5,2025-09-03T22:00:00+00:00,latent_no_sar_max_wind_radii,Latent MLP · no SAR · wind + radii,61.59869681464301,True,hourly mean,3
EP112025,Kiko (2025),without_era5,2025-09-03T23:00:00+00:00,latent_no_sar_max_wind_radii,Latent MLP · no SAR · wind + radii,62.703596115112305,True,hourly mean,3
EP112025,Kiko (2025),without_era5,2025-09-04T00:00:00+00:00,latent_no_sar_max_wind_radii,Latent MLP · no SAR · wind + radii,60.78160264756945,True,hourly mean,3
EP112025,Kiko (2025),without_era5,2025-09-04T01:00:00+00:00,latent_no_sar_max_wind_radii,Latent MLP · no SAR · wind + radii,58.09161673651801,True,hourly mean,3
EP112025,Kiko (2025),without_era5,2025-09-04T02:00:00+00:00,latent_no_sar_max_wind_radii,Latent MLP · no SAR · wind + radii,55.915985743204764,True,hourly mean,3
EP112025,Kiko (2025),without_era5,2025-09-04T03:00:00+00:00,latent_no_sar_max_wind_radii,Latent MLP · no SAR · wind + radii,55.38852373758953,True,hourly mean,3
EP112025,Kiko (2025),without_era5,2025-09-04T04:00:00+00:00,latent_no_sar_max_wind_radii,Latent MLP · no SAR · wind + radii,50.87644343905979,True,hourly mean,3
EP112025,Kiko (2025),without_era5,2025-09-04T05:00:00+00:00,latent_no_sar_max_wind_radii,Latent MLP · no SAR · wind + radii,48.28406482272678,True,hourly mean,3
EP112025,Kiko (2025),without_era5,2025-09-04T06:00:00+00:00,latent_no_sar_max_wind_radii,Latent MLP · no SAR · wind + radii,43.895742204454216,True,hourly mean,3
EP112025,Kiko (2025),without_era5,2025-09-04T07:00:00+00:00,latent_no_sar_max_wind_radii,Latent MLP · no SAR · wind + radii,45.297925313313804,True,hourly mean,3
EP112025,Kiko (2025),without_era5,2025-09-04T08:00:00+00:00,latent_no_sar_max_wind_radii,Latent MLP · no SAR · wind + radii,43.904724544949005,True,hourly mean,3
EP112025,Kiko (2025),without_era5,2025-09-04T09:00:00+00:00,latent_no_sar_max_wind_radii,Latent MLP · no SAR · wind + radii,45.739271799723305,False,hourly mean,3
EP112025,Kiko (2025),without_era5,2025-09-04T10:00:00+00:00,latent_no_sar_max_wind_radii,Latent MLP · no SAR · wind + radii,47.34794553120931,False,hourly mean,3
EP112025,Kiko (2025),without_era5,2025-09-04T11:00:00+00:00,latent_no_sar_max_wind_radii,Latent MLP · no SAR · wind + radii,53.22336175706652,False,hourly mean,3
EP112025,Kiko (2025),without_era5,2025-09-04T12:00:00+00:00,latent_no_sar_max_wind_radii,Latent MLP · no SAR · wind + radii,57.77778540717231,False,hourly mean,3
EP112025,Kiko (2025),without_era5,2025-09-04T13:00:00+00:00,latent_no_sar_max_wind_radii,Latent MLP · no SAR · wind + radii,61.354013442993164,False,hourly mean,3
EP112025,Kiko (2025),without_era5,2025-09-04T14:00:00+00:00,latent_no_sar_max_wind_radii,Latent MLP · no SAR · wind + radii,61.38360171847874,False,hourly mean,3
EP112025,Kiko (2025),without_era5,2025-09-04T15:00:00+00:00,latent_no_sar_max_wind_radii,Latent MLP · no SAR · wind + radii,59.84111489189996,False,hourly mean,3
EP112025,Kiko (2025),without_era5,2025-09-04T16:00:00+00:00,latent_no_sar_max_wind_radii,Latent MLP · no SAR · wind + radii,58.09948200649686,False,hourly mean,3
EP112025,Kiko (2025),without_era5,2025-09-04T17:00:00+00:00,latent_no_sar_max_wind_radii,Latent MLP · no SAR · wind + radii,53.534017456902404,False,hourly mean,3
EP112025,Kiko (2025),without_era5,2025-09-04T18:00:00+00:00,latent_no_sar_max_wind_radii,Latent MLP · no SAR · wind + radii,53.854607582092285,False,hourly mean,3
EP112025,Kiko (2025),without_era5,2025-09-04T19:00:00+00:00,latent_no_sar_max_wind_radii,Latent MLP · no SAR · wind + radii,54.288345230950256,False,hourly mean,3
EP112025,Kiko (2025),without_era5,2025-09-04T20:00:00+00:00,latent_no_sar_max_wind_radii,Latent MLP · no SAR · wind + radii,58.761248694525825,False,hourly mean,3
EP112025,Kiko (2025),without_era5,2025-09-04T21:00:00+00:00,latent_no_sar_max_wind_radii,Latent MLP · no SAR · wind + radii,57.85460493299697,False,hourly mean,3
EP112025,Kiko (2025),without_era5,2025-09-04T22:00:00+00:00,latent_no_sar_max_wind_radii,Latent MLP · no SAR · wind + radii,57.66840849982369,False,hourly mean,3
EP112025,Kiko (2025),without_era5,2025-09-04T23:00:00+00:00,latent_no_sar_max_wind_radii,Latent MLP · no SAR · wind + radii,56.8693339029948,False,hourly mean,3
EP112025,Kiko (2025),without_era5,2025-09-05T00:00:00+00:00,latent_no_sar_max_wind_radii,Latent MLP · no SAR · wind + radii,55.96583196851943,False,hourly mean,3
EP112025,Kiko (2025),without_era5,2025-09-05T01:00:00+00:00,latent_no_sar_max_wind_radii,Latent MLP · no SAR · wind + radii,53.86052873399523,False,hourly mean,3
EP112025,Kiko (2025),without_era5,2025-09-05T02:00:00+00:00,latent_no_sar_max_wind_radii,Latent MLP · no SAR · wind + radii,51.204005135430236,False,hourly mean,3
EP112025,Kiko (2025),without_era5,2025-09-05T03:00:00+00:00,latent_no_sar_max_wind_radii,Latent MLP · no SAR · wind + radii,50.189613342285156,False,hourly mean,3
EP112025,Kiko (2025),without_era5,2025-09-05T04:00:00+00:00,latent_no_sar_max_wind_radii,Latent MLP · no SAR · wind + radii,48.597660912407775,False,hourly mean,3
EP112025,Kiko (2025),without_era5,2025-09-05T05:00:00+00:00,latent_no_sar_max_wind_radii,Latent MLP · no SAR · wind + radii,49.75408469306098,False,hourly mean,3
EP112025,Kiko (2025),without_era5,2025-09-05T06:00:00+00:00,latent_no_sar_max_wind_radii,Latent MLP · no SAR · wind + radii,47.717855665418845,False,hourly mean,3
EP112025,Kiko (2025),without_era5,2025-09-05T07:00:00+00:00,latent_no_sar_max_wind_radii,Latent MLP · no SAR · wind + radii,44.66974555121528,False,hourly mean,3
EP112025,Kiko (2025),without_era5,2025-09-05T08:00:00+00:00,latent_no_sar_max_wind_radii,Latent MLP · no SAR · wind + radii,40.999108208550346,False,hourly mean,3
EP112025,Kiko (2025),without_era5,2025-09-05T09:00:00+00:00,latent_no_sar_max_wind_radii,Latent MLP · no SAR · wind + radii,42.94931750827366,False,hourly mean,3
EP112025,Kiko (2025),without_era5,2025-09-05T10:00:00+00:00,latent_no_sar_max_wind_radii,Latent MLP · no SAR · wind + radii,41.69193617502848,False,hourly mean,3
EP112025,Kiko (2025),without_era5,2025-09-05T11:00:00+00:00,latent_no_sar_max_wind_radii,Latent MLP · no SAR · wind + radii,39.56624179416233,False,hourly mean,3
EP112025,Kiko (2025),without_era5,2025-09-05T12:00:00+00:00,latent_no_sar_max_wind_radii,Latent MLP · no SAR · wind + radii,37.53887939453126,False,hourly mean,3
EP112025,Kiko (2025),without_era5,2025-09-05T13:00:00+00:00,latent_no_sar_max_wind_radii,Latent MLP · no SAR · wind + radii,44.774400605095764,False,hourly mean,3
EP112025,Kiko (2025),without_era5,2025-09-05T14:00:00+00:00,latent_no_sar_max_wind_radii,Latent MLP · no SAR · wind + radii,51.13736131456164,False,hourly mean,3
EP112025,Kiko (2025),without_era5,2025-09-05T15:00:00+00:00,latent_no_sar_max_wind_radii,Latent MLP · no SAR · wind + radii,54.613304138183594,False,hourly mean,3
EP112025,Kiko (2025),without_era5,2025-09-05T16:00:00+00:00,latent_no_sar_max_wind_radii,Latent MLP · no SAR · wind + radii,54.450741661919494,False,hourly mean,3
EP112025,Kiko (2025),without_era5,2025-09-05T17:00:00+00:00,latent_no_sar_max_wind_radii,Latent MLP · no SAR · wind + radii,53.65851253933377,False,hourly mean,3
EP112025,Kiko (2025),without_era5,2025-09-05T18:00:00+00:00,latent_no_sar_max_wind_radii,Latent MLP · no SAR · wind + radii,54.781119240654846,False,hourly mean,3
EP112025,Kiko (2025),without_era5,2025-09-05T19:00:00+00:00,latent_no_sar_max_wind_radii,Latent MLP · no SAR · wind + radii,56.03370751274957,False,hourly mean,3
EP112025,Kiko (2025),without_era5,2025-09-05T20:00:00+00:00,latent_no_sar_max_wind_radii,Latent MLP · no SAR · wind + radii,58.44273885091146,False,hourly mean,3
EP112025,Kiko (2025),without_era5,2025-09-05T21:00:00+00:00,latent_no_sar_max_wind_radii,Latent MLP · no SAR · wind + radii,58.89789157443577,False,hourly mean,3
EP112025,Kiko (2025),without_era5,2025-09-05T22:00:00+00:00,latent_no_sar_max_wind_radii,Latent MLP · no SAR · wind + radii,59.12862014770508,False,hourly mean,3
EP112025,Kiko (2025),without_era5,2025-09-05T23:00:00+00:00,latent_no_sar_max_wind_radii,Latent MLP · no SAR · wind + radii,57.89637968275283,False,hourly mean,3
EP112025,Kiko (2025),without_era5,2025-09-06T00:00:00+00:00,latent_no_sar_max_wind_radii,Latent MLP · no SAR · wind + radii,58.54886457655166,False,hourly mean,3
EP112025,Kiko (2025),without_era5,2025-09-06T01:00:00+00:00,latent_no_sar_max_wind_radii,Latent MLP · no SAR · wind + radii,57.175899293687614,False,hourly mean,3
EP112025,Kiko (2025),without_era5,2025-09-06T02:00:00+00:00,latent_no_sar_max_wind_radii,Latent MLP · no SAR · wind + radii,57.26587295532227,False,hourly mean,3
EP112025,Kiko (2025),without_era5,2025-09-06T03:00:00+00:00,latent_no_sar_max_wind_radii,Latent MLP · no SAR · wind + radii,56.50748337639703,False,hourly mean,3
EP112025,Kiko (2025),without_era5,2025-09-06T04:00:00+00:00,latent_no_sar_max_wind_radii,Latent MLP · no SAR · wind + radii,58.122701856825095,False,hourly mean,3
EP112025,Kiko (2025),without_era5,2025-09-06T05:00:00+00:00,latent_no_sar_max_wind_radii,Latent MLP · no SAR · wind + radii,57.61295127868652,False,hourly mean,3
EP112025,Kiko (2025),without_era5,2025-09-06T06:00:00+00:00,latent_no_sar_max_wind_radii,Latent MLP · no SAR · wind + radii,57.75777138604059,False,hourly mean,3
EP112025,Kiko (2025),without_era5,2025-09-06T07:00:00+00:00,latent_no_sar_max_wind_radii,Latent MLP · no SAR · wind + radii,56.055369271172424,False,hourly mean,3
EP112025,Kiko (2025),without_era5,2025-09-06T08:00:00+00:00,latent_no_sar_max_wind_radii,Latent MLP · no SAR · wind + radii,55.131668514675574,False,hourly mean,3
EP112025,Kiko (2025),without_era5,2025-09-06T09:00:00+00:00,latent_no_sar_max_wind_radii,Latent MLP · no SAR · wind + radii,53.00549091762968,False,hourly mean,3
EP112025,Kiko (2025),without_era5,2025-09-06T10:00:00+00:00,latent_no_sar_max_wind_radii,Latent MLP · no SAR · wind + radii,51.40460510253907,False,hourly mean,3
EP112025,Kiko (2025),without_era5,2025-09-06T11:00:00+00:00,latent_no_sar_max_wind_radii,Latent MLP · no SAR · wind + radii,48.651689826117625,False,hourly mean,3
EP112025,Kiko (2025),without_era5,2025-09-06T12:00:00+00:00,latent_no_sar_max_wind_radii,Latent MLP · no SAR · wind + radii,46.43736902872721,False,hourly mean,3
EP112025,Kiko (2025),without_era5,2025-09-06T13:00:00+00:00,latent_no_sar_max_wind_radii,Latent MLP · no SAR · wind + radii,45.42677964104547,False,hourly mean,3
EP112025,Kiko (2025),without_era5,2025-09-06T14:00:00+00:00,latent_no_sar_max_wind_radii,Latent MLP · no SAR · wind + radii,47.77629788716635,False,hourly mean,3
EP112025,Kiko (2025),without_era5,2025-09-06T15:00:00+00:00,latent_no_sar_max_wind_radii,Latent MLP · no SAR · wind + radii,50.99086358812121,False,hourly mean,3
EP112025,Kiko (2025),without_era5,2025-09-06T16:00:00+00:00,latent_no_sar_max_wind_radii,Latent MLP · no SAR · wind + radii,52.78341144985623,False,hourly mean,3
EP112025,Kiko (2025),without_era5,2025-09-06T17:00:00+00:00,latent_no_sar_max_wind_radii,Latent MLP · no SAR · wind + radii,54.16175821092394,False,hourly mean,3
EP112025,Kiko (2025),without_era5,2025-09-06T18:00:00+00:00,latent_no_sar_max_wind_radii,Latent MLP · no SAR · wind + radii,56.27377510070801,False,hourly mean,3
EP112025,Kiko (2025),without_era5,2025-09-06T19:00:00+00:00,latent_no_sar_max_wind_radii,Latent MLP · no SAR · wind + radii,59.84724977281359,False,hourly mean,3
EP112025,Kiko (2025),without_era5,2025-09-06T20:00:00+00:00,latent_no_sar_max_wind_radii,Latent MLP · no SAR · wind + radii,62.606519063313804,False,hourly mean,3
EP112025,Kiko (2025),without_era5,2025-09-06T21:00:00+00:00,latent_no_sar_max_wind_radii,Latent MLP · no SAR · wind + radii,64.50286822848851,False,hourly mean,3
EP112025,Kiko (2025),without_era5,2025-09-06T22:00:00+00:00,latent_no_sar_max_wind_radii,Latent MLP · no SAR · wind + radii,64.84525108337402,False,hourly mean,3
EP112025,Kiko (2025),without_era5,2025-09-06T23:00:00+00:00,latent_no_sar_max_wind_radii,Latent MLP · no SAR · wind + radii,63.97419060601129,False,hourly mean,3
EP112025,Kiko (2025),without_era5,2025-09-07T00:00:00+00:00,latent_no_sar_max_wind_radii,Latent MLP · no SAR · wind + radii,60.88122198316787,False,hourly mean,3
EP112025,Kiko (2025),without_era5,2025-09-07T01:00:00+00:00,latent_no_sar_max_wind_radii,Latent MLP · no SAR · wind + radii,58.530772103203674,False,hourly mean,3
EP112025,Kiko (2025),without_era5,2025-09-07T02:00:00+00:00,latent_no_sar_max_wind_radii,Latent MLP · no SAR · wind + radii,57.06219757927789,False,hourly mean,3
EP112025,Kiko (2025),without_era5,2025-09-07T03:00:00+00:00,latent_no_sar_max_wind_radii,Latent MLP · no SAR · wind + radii,57.01953082614475,False,hourly mean,3
EP112025,Kiko (2025),without_era5,2025-09-07T04:00:00+00:00,latent_no_sar_max_wind_radii,Latent MLP · no SAR · wind + radii,56.71516990661622,False,hourly mean,3
EP112025,Kiko (2025),without_era5,2025-09-07T05:00:00+00:00,latent_no_sar_max_wind_radii,Latent MLP · no SAR · wind + radii,56.65254995557998,False,hourly mean,3
EP112025,Kiko (2025),without_era5,2025-09-07T06:00:00+00:00,latent_no_sar_max_wind_radii,Latent MLP · no SAR · wind + radii,57.11459986368815,False,hourly mean,3
EP112025,Kiko (2025),without_era5,2025-09-07T07:00:00+00:00,latent_no_sar_max_wind_radii,Latent MLP · no SAR · wind + radii,58.75876066419814,False,hourly mean,3
EP112025,Kiko (2025),without_era5,2025-09-07T08:00:00+00:00,latent_no_sar_max_wind_radii,Latent MLP · no SAR · wind + radii,58.961856630113395,False,hourly mean,3
EP112025,Kiko (2025),without_era5,2025-09-07T09:00:00+00:00,latent_no_sar_max_wind_radii,Latent MLP · no SAR · wind + radii,57.71872138977051,False,hourly mean,3
EP112025,Kiko (2025),without_era5,2025-09-07T10:00:00+00:00,latent_no_sar_max_wind_radii,Latent MLP · no SAR · wind + radii,55.49509853786893,False,hourly mean,3
EP112025,Kiko (2025),without_era5,2025-09-07T11:00:00+00:00,latent_no_sar_max_wind_radii,Latent MLP · no SAR · wind + radii,54.73693254258899,False,hourly mean,3
EP112025,Kiko (2025),without_era5,2025-09-07T12:00:00+00:00,latent_no_sar_max_wind_radii,Latent MLP · no SAR · wind + radii,55.81826358371311,False,hourly mean,3
EP112025,Kiko (2025),without_era5,2025-09-07T13:00:00+00:00,latent_no_sar_max_wind_radii,Latent MLP · no SAR · wind + radii,56.33930587768555,False,hourly mean,3
EP112025,Kiko (2025),without_era5,2025-09-07T14:00:00+00:00,latent_no_sar_max_wind_radii,Latent MLP · no SAR · wind + radii,56.48376104566787,False,hourly mean,3
EP112025,Kiko (2025),without_era5,2025-09-07T15:00:00+00:00,latent_no_sar_max_wind_radii,Latent MLP · no SAR · wind + radii,56.30963558620878,False,hourly mean,3
EP112025,Kiko (2025),without_era5,2025-09-07T16:00:00+00:00,latent_no_sar_max_wind_radii,Latent MLP · no SAR · wind + radii,56.238324907090934,False,hourly mean,3
EP112025,Kiko (2025),without_era5,2025-09-07T17:00:00+00:00,latent_no_sar_max_wind_radii,Latent MLP · no SAR · wind + radii,53.81622187296549,False,hourly mean,3
EP112025,Kiko (2025),without_era5,2025-09-07T18:00:00+00:00,latent_no_sar_max_wind_radii,Latent MLP · no SAR · wind + radii,48.98477003309463,False,hourly mean,3
EP112025,Kiko (2025),without_era5,2025-09-07T19:00:00+00:00,latent_no_sar_max_wind_radii,Latent MLP · no SAR · wind + radii,47.91889974806045,False,hourly mean,3
EP112025,Kiko (2025),without_era5,2025-09-07T20:00:00+00:00,latent_no_sar_max_wind_radii,Latent MLP · no SAR · wind + radii,49.13212288750543,False,hourly mean,3
EP112025,Kiko (2025),without_era5,2025-09-07T21:00:00+00:00,latent_no_sar_max_wind_radii,Latent MLP · no SAR · wind + radii,50.580779817369255,False,hourly mean,3
EP112025,Kiko (2025),without_era5,2025-09-07T22:00:00+00:00,latent_no_sar_max_wind_radii,Latent MLP · no SAR · wind + radii,49.20727708604601,False,hourly mean,3
EP112025,Kiko (2025),without_era5,2025-09-07T23:00:00+00:00,latent_no_sar_max_wind_radii,Latent MLP · no SAR · wind + radii,45.92895147535537,False,hourly mean,3
EP112025,Kiko (2025),without_era5,2025-09-08T00:00:00+00:00,latent_no_sar_max_wind_radii,Latent MLP · no SAR · wind + radii,43.995017581515846,False,hourly mean,3
EP112025,Kiko (2025),without_era5,2025-09-08T01:00:00+00:00,latent_no_sar_max_wind_radii,Latent MLP · no SAR · wind + radii,44.46490287780762,False,hourly mean,3
EP112025,Kiko (2025),without_era5,2025-09-08T02:00:00+00:00,latent_no_sar_max_wind_radii,Latent MLP · no SAR · wind + radii,43.75230111016168,False,hourly mean,3
EP112025,Kiko (2025),without_era5,2025-09-08T03:00:00+00:00,latent_no_sar_max_wind_radii,Latent MLP · no SAR · wind + radii,41.84991836547852,False,hourly mean,3
EP112025,Kiko (2025),without_era5,2025-09-08T04:00:00+00:00,latent_no_sar_max_wind_radii,Latent MLP · no SAR · wind + radii,36.48766877916125,False,hourly mean,3
EP112025,Kiko (2025),without_era5,2025-09-08T05:00:00+00:00,latent_no_sar_max_wind_radii,Latent MLP · no SAR · wind + radii,35.68065876430936,False,hourly mean,3
EP112025,Kiko (2025),without_era5,2025-09-08T06:00:00+00:00,latent_no_sar_max_wind_radii,Latent MLP · no SAR · wind + radii,36.05133438110352,False,hourly mean,3
EP112025,Kiko (2025),without_era5,2025-09-08T07:00:00+00:00,latent_no_sar_max_wind_radii,Latent MLP · no SAR · wind + radii,35.71341429816352,False,hourly mean,3
EP112025,Kiko (2025),without_era5,2025-09-08T08:00:00+00:00,latent_no_sar_max_wind_radii,Latent MLP · no SAR · wind + radii,36.80388302273221,False,hourly mean,3
EP112025,Kiko (2025),without_era5,2025-09-08T09:00:00+00:00,latent_no_sar_max_wind_radii,Latent MLP · no SAR · wind + radii,38.84485075208877,False,hourly mean,3
EP112025,Kiko (2025),without_era5,2025-09-08T10:00:00+00:00,latent_no_sar_max_wind_radii,Latent MLP · no SAR · wind + radii,40.22758165995281,False,hourly mean,3
EP112025,Kiko (2025),without_era5,2025-09-08T11:00:00+00:00,latent_no_sar_max_wind_radii,Latent MLP · no SAR · wind + radii,40.45875973171659,False,hourly mean,3
EP112025,Kiko (2025),without_era5,2025-09-08T12:00:00+00:00,latent_no_sar_max_wind_radii,Latent MLP · no SAR · wind + radii,37.819802390204536,False,hourly mean,3
EP112025,Kiko (2025),without_era5,2025-09-08T13:00:00+00:00,latent_no_sar_max_wind_radii,Latent MLP · no SAR · wind + radii,39.407225926717125,False,hourly mean,3
EP112025,Kiko (2025),without_era5,2025-09-08T14:00:00+00:00,latent_no_sar_max_wind_radii,Latent MLP · no SAR · wind + radii,38.795531378852,False,hourly mean,3
EP112025,Kiko (2025),without_era5,2025-09-08T15:00:00+00:00,latent_no_sar_max_wind_radii,Latent MLP · no SAR · wind + radii,39.516659842597115,False,hourly mean,3
EP112025,Kiko (2025),without_era5,2025-09-08T16:00:00+00:00,latent_no_sar_max_wind_radii,Latent MLP · no SAR · wind + radii,37.14283307393392,False,hourly mean,3
EP112025,Kiko (2025),without_era5,2025-09-08T17:00:00+00:00,latent_no_sar_max_wind_radii,Latent MLP · no SAR · wind + radii,35.64080980088976,False,hourly mean,3
EP112025,Kiko (2025),without_era5,2025-09-08T18:00:00+00:00,latent_no_sar_max_wind_radii,Latent MLP · no SAR · wind + radii,33.47993734147814,False,hourly mean,3
EP112025,Kiko (2025),without_era5,2025-09-08T19:00:00+00:00,latent_no_sar_max_wind_radii,Latent MLP · no SAR · wind + radii,30.62678506639269,False,hourly mean,3
EP112025,Kiko (2025),without_era5,2025-09-08T20:00:00+00:00,latent_no_sar_max_wind_radii,Latent MLP · no SAR · wind + radii,27.012045330471466,False,hourly mean,3
EP112025,Kiko (2025),without_era5,2025-09-08T21:00:00+00:00,latent_no_sar_max_wind_radii,Latent MLP · no SAR · wind + radii,27.76168240441217,False,hourly mean,3
EP112025,Kiko (2025),without_era5,2025-09-08T22:00:00+00:00,latent_no_sar_max_wind_radii,Latent MLP · no SAR · wind + radii,30.36919911702475,False,hourly mean,3
EP112025,Kiko (2025),without_era5,2025-09-08T23:00:00+00:00,latent_no_sar_max_wind_radii,Latent MLP · no SAR · wind + radii,33.81812964545357,False,hourly mean,3
EP112025,Kiko (2025),without_era5,2025-09-09T00:00:00+00:00,latent_no_sar_max_wind_radii,Latent MLP · no SAR · wind + radii,32.87649398379856,False,hourly mean,3
EP112025,Kiko (2025),without_era5,2025-09-09T01:00:00+00:00,latent_no_sar_max_wind_radii,Latent MLP · no SAR · wind + radii,30.419751379224994,False,hourly mean,3
EP112025,Kiko (2025),without_era5,2025-09-09T02:00:00+00:00,latent_no_sar_max_wind_radii,Latent MLP · no SAR · wind + radii,27.66694249047174,False,hourly mean,3
EP112025,Kiko (2025),without_era5,2025-09-09T03:00:00+00:00,latent_no_sar_max_wind_radii,Latent MLP · no SAR · wind + radii,27.074035962422695,False,hourly mean,3
EP112025,Kiko (2025),without_era5,2025-09-09T04:00:00+00:00,latent_no_sar_max_wind_radii,Latent MLP · no SAR · wind + radii,26.4274066289266,False,hourly mean,3
EP112025,Kiko (2025),without_era5,2025-09-09T05:00:00+00:00,latent_no_sar_max_wind_radii,Latent MLP · no SAR · wind + radii,26.165988604227707,False,hourly mean,3
EP112025,Kiko (2025),without_era5,2025-09-09T06:00:00+00:00,latent_no_sar_max_wind_radii,Latent MLP · no SAR · wind + radii,24.456684960259338,False,hourly mean,3
EP112025,Kiko (2025),without_era5,2025-09-09T07:00:00+00:00,latent_no_sar_max_wind_radii,Latent MLP · no SAR · wind + radii,23.6475755903456,False,hourly mean,3
EP112025,Kiko (2025),without_era5,2025-09-09T08:00:00+00:00,latent_no_sar_max_wind_radii,Latent MLP · no SAR · wind + radii,22.619608349270298,False,hourly mean,3
EP112025,Kiko (2025),without_era5,2025-09-09T09:00:00+00:00,latent_no_sar_max_wind_radii,Latent MLP · no SAR · wind + radii,22.698844485812725,False,hourly mean,3
EP112025,Kiko (2025),without_era5,2025-09-09T10:00:00+00:00,latent_no_sar_max_wind_radii,Latent MLP · no SAR · wind + radii,22.696690983242462,False,hourly mean,3
EP112025,Kiko (2025),without_era5,2025-09-09T11:00:00+00:00,latent_no_sar_max_wind_radii,Latent MLP · no SAR · wind + radii,22.59892665015327,False,hourly mean,3
EP112025,Kiko (2025),without_era5,2025-09-09T12:00:00+00:00,latent_no_sar_max_wind_radii,Latent MLP · no SAR · wind + radii,22.699733310275608,False,hourly mean,3
EP112025,Kiko (2025),without_era5,2025-09-09T13:00:00+00:00,latent_no_sar_max_wind_radii,Latent MLP · no SAR · wind + radii,23.011082331339523,False,hourly mean,3
EP112025,Kiko (2025),without_era5,2025-09-09T14:00:00+00:00,latent_no_sar_max_wind_radii,Latent MLP · no SAR · wind + radii,22.88956981235081,False,hourly mean,3
EP112025,Kiko (2025),without_era5,2025-09-09T15:00:00+00:00,latent_no_sar_max_wind_radii,Latent MLP · no SAR · wind + radii,22.77552753024632,False,hourly mean,3
EP112025,Kiko (2025),without_era5,2025-09-09T16:00:00+00:00,latent_no_sar_max_wind_radii,Latent MLP · no SAR · wind + radii,22.48189300960965,False,hourly mean,3
EP112025,Kiko (2025),without_era5,2025-09-09T17:00:00+00:00,latent_no_sar_max_wind_radii,Latent MLP · no SAR · wind + radii,23.24967246585422,False,hourly mean,3
EP112025,Kiko (2025),without_era5,2025-09-09T18:00:00+00:00,latent_no_sar_max_wind_radii,Latent MLP · no SAR · wind + radii,22.867362234327533,False,hourly mean,3
EP112025,Kiko (2025),without_era5,2025-09-09T19:00:00+00:00,latent_no_sar_max_wind_radii,Latent MLP · no SAR · wind + radii,23.48967372046577,False,hourly mean,3
EP112025,Kiko (2025),without_era5,2025-09-09T20:00:00+00:00,latent_no_sar_max_wind_radii,Latent MLP · no SAR · wind + radii,22.373144997490783,False,hourly mean,3
EP112025,Kiko (2025),without_era5,2025-09-09T21:00:00+00:00,latent_no_sar_max_wind_radii,Latent MLP · no SAR · wind + radii,22.03508599599203,False,hourly mean,3
EP112025,Kiko (2025),without_era5,2025-09-09T22:00:00+00:00,latent_no_sar_max_wind_radii,Latent MLP · no SAR · wind + radii,20.41745864020454,False,hourly mean,3
EP112025,Kiko (2025),without_era5,2025-09-09T23:00:00+00:00,latent_no_sar_max_wind_radii,Latent MLP · no SAR · wind + radii,20.19025728437636,False,hourly mean,3
EP112025,Kiko (2025),without_era5,2025-09-10T00:00:00+00:00,latent_no_sar_max_wind_radii,Latent MLP · no SAR · wind + radii,20.48896482255724,False,hourly mean,3
EP112025,Kiko (2025),without_era5,2025-09-10T01:00:00+00:00,latent_no_sar_max_wind_radii,Latent MLP · no SAR · wind + radii,22.32162729899089,False,hourly mean,3
EP112025,Kiko (2025),without_era5,2025-09-10T02:00:00+00:00,latent_no_sar_max_wind_radii,Latent MLP · no SAR · wind + radii,22.889380455017093,False,hourly mean,3
EP112025,Kiko (2025),without_era5,2025-09-10T03:00:00+00:00,latent_no_sar_max_wind_radii,Latent MLP · no SAR · wind + radii,23.026529312133793,False,hourly mean,3
EP112025,Kiko (2025),without_era5,2025-09-10T04:00:00+00:00,latent_no_sar_max_wind_radii,Latent MLP · no SAR · wind + radii,22.39310455322266,False,hourly mean,3
EP112025,Kiko (2025),without_era5,2025-09-10T05:00:00+00:00,latent_no_sar_max_wind_radii,Latent MLP · no SAR · wind + radii,22.986675792270244,False,hourly mean,3
EP112025,Kiko (2025),without_era5,2025-09-10T06:00:00+00:00,latent_no_sar_max_wind_radii,Latent MLP · no SAR · wind + radii,22.044475979275177,False,hourly mean,3
EP112025,Kiko (2025),without_era5,2025-09-10T07:00:00+00:00,latent_no_sar_max_wind_radii,Latent MLP · no SAR · wind + radii,20.16884095933703,False,hourly mean,3
EP112025,Kiko (2025),without_era5,2025-09-10T08:00:00+00:00,latent_no_sar_max_wind_radii,Latent MLP · no SAR · wind + radii,17.870395999484597,False,hourly mean,3
EP112025,Kiko (2025),without_era5,2025-09-10T09:00:00+00:00,latent_no_sar_max_wind_radii,Latent MLP · no SAR · wind + radii,17.22416816287571,False,hourly mean,3
EP112025,Kiko (2025),without_era5,2025-09-10T10:00:00+00:00,latent_no_sar_max_wind_radii,Latent MLP · no SAR · wind + radii,17.293221155802414,False,hourly mean,3
EP112025,Kiko (2025),without_era5,2025-09-10T11:00:00+00:00,latent_no_sar_max_wind_radii,Latent MLP · no SAR · wind + radii,17.432691574096683,False,hourly mean,3
EP112025,Kiko (2025),without_era5,2025-09-10T12:00:00+00:00,latent_no_sar_max_wind_radii,Latent MLP · no SAR · wind + radii,17.38220310211182,False,hourly mean,3
EP112025,Kiko (2025),without_era5,2025-09-10T13:00:00+00:00,latent_no_sar_max_wind_radii,Latent MLP · no SAR · wind + radii,17.962914148966476,False,hourly mean,3
EP112025,Kiko (2025),without_era5,2025-09-10T14:00:00+00:00,latent_no_sar_max_wind_radii,Latent MLP · no SAR · wind + radii,18.158898035685226,False,hourly mean,3
EP112025,Kiko (2025),without_era5,2025-09-10T15:00:00+00:00,latent_no_sar_max_wind_radii,Latent MLP · no SAR · wind + radii,17.84407265981039,False,hourly mean,3
EP112025,Kiko (2025),without_era5,2025-09-10T16:00:00+00:00,latent_no_sar_max_wind_radii,Latent MLP · no SAR · wind + radii,17.594512727525505,False,hourly mean,3
EP112025,Kiko (2025),without_era5,2025-09-10T17:00:00+00:00,latent_no_sar_max_wind_radii,Latent MLP · no SAR · wind + radii,18.987360636393234,False,hourly mean,3
EP112025,Kiko (2025),without_era5,2025-09-10T18:00:00+00:00,latent_no_sar_max_wind_radii,Latent MLP · no SAR · wind + radii,20.83022382524279,False,hourly mean,3
EP112025,Kiko (2025),without_era5,2025-09-10T19:00:00+00:00,latent_no_sar_max_wind_radii,Latent MLP · no SAR · wind + radii,22.82130040062799,False,hourly mean,3
EP112025,Kiko (2025),without_era5,2025-09-10T20:00:00+00:00,latent_no_sar_max_wind_radii,Latent MLP · no SAR · wind + radii,23.682101991441517,False,hourly mean,3
EP112025,Kiko (2025),without_era5,2025-09-10T21:00:00+00:00,latent_no_sar_max_wind_radii,Latent MLP · no SAR · wind + radii,25.599530643886993,False,hourly mean,3
EP112025,Kiko (2025),without_era5,2025-09-10T22:00:00+00:00,latent_no_sar_max_wind_radii,Latent MLP · no SAR · wind + radii,27.074133131239154,False,hourly mean,3
EP112025,Kiko (2025),without_era5,2025-09-10T23:00:00+00:00,latent_no_sar_max_wind_radii,Latent MLP · no SAR · wind + radii,28.342195351918548,False,hourly mean,3
EP182023,Otis (2023),with_era5,2023-10-21T00:00:00+00:00,ibtracs_best_track,IBTrACS best track,12.8611,False,hourly mean,3
EP182023,Otis (2023),with_era5,2023-10-21T01:00:00+00:00,ibtracs_best_track,IBTrACS best track,12.8611,False,hourly mean,3
EP182023,Otis (2023),with_era5,2023-10-21T02:00:00+00:00,ibtracs_best_track,IBTrACS best track,12.8611,False,hourly mean,3
EP182023,Otis (2023),with_era5,2023-10-21T03:00:00+00:00,ibtracs_best_track,IBTrACS best track,12.8611,False,hourly mean,3
EP182023,Otis (2023),with_era5,2023-10-21T04:00:00+00:00,ibtracs_best_track,IBTrACS best track,12.8611,False,hourly mean,3
EP182023,Otis (2023),with_era5,2023-10-21T05:00:00+00:00,ibtracs_best_track,IBTrACS best track,12.8611,False,hourly mean,3
EP182023,Otis (2023),with_era5,2023-10-21T06:00:00+00:00,ibtracs_best_track,IBTrACS best track,12.8611,False,hourly mean,3
EP182023,Otis (2023),with_era5,2023-10-21T07:00:00+00:00,ibtracs_best_track,IBTrACS best track,12.8611,False,hourly mean,3
EP182023,Otis (2023),with_era5,2023-10-21T08:00:00+00:00,ibtracs_best_track,IBTrACS best track,12.8611,False,hourly mean,3
EP182023,Otis (2023),with_era5,2023-10-21T09:00:00+00:00,ibtracs_best_track,IBTrACS best track,12.8611,False,hourly mean,3
EP182023,Otis (2023),with_era5,2023-10-21T10:00:00+00:00,ibtracs_best_track,IBTrACS best track,12.8611,False,hourly mean,3
EP182023,Otis (2023),with_era5,2023-10-21T11:00:00+00:00,ibtracs_best_track,IBTrACS best track,12.8611,False,hourly mean,3
EP182023,Otis (2023),with_era5,2023-10-21T12:00:00+00:00,ibtracs_best_track,IBTrACS best track,12.8611,False,hourly mean,3
EP182023,Otis (2023),with_era5,2023-10-21T13:00:00+00:00,ibtracs_best_track,IBTrACS best track,12.8611,False,hourly mean,3
EP182023,Otis (2023),with_era5,2023-10-21T14:00:00+00:00,ibtracs_best_track,IBTrACS best track,12.8611,False,hourly mean,3
EP182023,Otis (2023),with_era5,2023-10-21T15:00:00+00:00,ibtracs_best_track,IBTrACS best track,12.8611,False,hourly mean,3
EP182023,Otis (2023),with_era5,2023-10-21T16:00:00+00:00,ibtracs_best_track,IBTrACS best track,12.8611,False,hourly mean,3
EP182023,Otis (2023),with_era5,2023-10-21T17:00:00+00:00,ibtracs_best_track,IBTrACS best track,12.8611,False,hourly mean,3
EP182023,Otis (2023),with_era5,2023-10-21T18:00:00+00:00,ibtracs_best_track,IBTrACS best track,12.8611,False,hourly mean,3
EP182023,Otis (2023),with_era5,2023-10-21T19:00:00+00:00,ibtracs_best_track,IBTrACS best track,12.8611,False,hourly mean,3
EP182023,Otis (2023),with_era5,2023-10-21T20:00:00+00:00,ibtracs_best_track,IBTrACS best track,12.8611,False,hourly mean,3
EP182023,Otis (2023),with_era5,2023-10-21T21:00:00+00:00,ibtracs_best_track,IBTrACS best track,12.8611,False,hourly mean,3
EP182023,Otis (2023),with_era5,2023-10-21T22:00:00+00:00,ibtracs_best_track,IBTrACS best track,12.8611,False,hourly mean,3
EP182023,Otis (2023),with_era5,2023-10-21T23:00:00+00:00,ibtracs_best_track,IBTrACS best track,12.933503229629629,False,hourly mean,3
EP182023,Otis (2023),with_era5,2023-10-22T00:00:00+00:00,ibtracs_best_track,IBTrACS best track,13.177387792592592,False,hourly mean,3
EP182023,Otis (2023),with_era5,2023-10-22T01:00:00+00:00,ibtracs_best_track,IBTrACS best track,13.59275368888889,False,hourly mean,3
EP182023,Otis (2023),with_era5,2023-10-22T02:00:00+00:00,ibtracs_best_track,IBTrACS best track,14.083063279012345,False,hourly mean,3
EP182023,Otis (2023),with_era5,2023-10-22T03:00:00+00:00,ibtracs_best_track,IBTrACS best track,14.516212424691359,False,hourly mean,3
EP182023,Otis (2023),with_era5,2023-10-22T04:00:00+00:00,ibtracs_best_track,IBTrACS best track,14.892201125925927,False,hourly mean,3
EP182023,Otis (2023),with_era5,2023-10-22T05:00:00+00:00,ibtracs_best_track,IBTrACS best track,15.186894972839506,False,hourly mean,3
EP182023,Otis (2023),with_era5,2023-10-22T06:00:00+00:00,ibtracs_best_track,IBTrACS best track,15.367267930864196,False,hourly mean,3
EP182023,Otis (2023),with_era5,2023-10-22T07:00:00+00:00,ibtracs_best_track,IBTrACS best track,15.43332,False,hourly mean,3
EP182023,Otis (2023),with_era5,2023-10-22T08:00:00+00:00,ibtracs_best_track,IBTrACS best track,15.43332,False,hourly mean,3
EP182023,Otis (2023),with_era5,2023-10-22T09:00:00+00:00,ibtracs_best_track,IBTrACS best track,15.43332,False,hourly mean,3
EP182023,Otis (2023),with_era5,2023-10-22T10:00:00+00:00,ibtracs_best_track,IBTrACS best track,15.43332,False,hourly mean,3
EP182023,Otis (2023),with_era5,2023-10-22T11:00:00+00:00,ibtracs_best_track,IBTrACS best track,15.505723229629629,False,hourly mean,3
EP182023,Otis (2023),with_era5,2023-10-22T12:00:00+00:00,ibtracs_best_track,IBTrACS best track,15.749607792592593,False,hourly mean,3
EP182023,Otis (2023),with_era5,2023-10-22T13:00:00+00:00,ibtracs_best_track,IBTrACS best track,16.16497368888889,False,hourly mean,3
EP182023,Otis (2023),with_era5,2023-10-22T14:00:00+00:00,ibtracs_best_track,IBTrACS best track,16.655283279012348,False,hourly mean,3
EP182023,Otis (2023),with_era5,2023-10-22T15:00:00+00:00,ibtracs_best_track,IBTrACS best track,17.08843242469136,False,hourly mean,3
EP182023,Otis (2023),with_era5,2023-10-22T16:00:00+00:00,ibtracs_best_track,IBTrACS best track,17.464421125925924,False,hourly mean,3
EP182023,Otis (2023),with_era5,2023-10-22T17:00:00+00:00,ibtracs_best_track,IBTrACS best track,17.759114972839505,False,hourly mean,3
EP182023,Otis (2023),with_era5,2023-10-22T18:00:00+00:00,ibtracs_best_track,IBTrACS best track,17.9394879308642,False,hourly mean,3
EP182023,Otis (2023),with_era5,2023-10-22T19:00:00+00:00,ibtracs_best_track,IBTrACS best track,18.00554,False,hourly mean,3
EP182023,Otis (2023),with_era5,2023-10-22T20:00:00+00:00,ibtracs_best_track,IBTrACS best track,18.00554,False,hourly mean,3
EP182023,Otis (2023),with_era5,2023-10-22T21:00:00+00:00,ibtracs_best_track,IBTrACS best track,18.00554,False,hourly mean,3
EP182023,Otis (2023),with_era5,2023-10-22T22:00:00+00:00,ibtracs_best_track,IBTrACS best track,18.00554,False,hourly mean,3
EP182023,Otis (2023),with_era5,2023-10-22T23:00:00+00:00,ibtracs_best_track,IBTrACS best track,18.00554,False,hourly mean,3
EP182023,Otis (2023),with_era5,2023-10-23T00:00:00+00:00,ibtracs_best_track,IBTrACS best track,18.00554,False,hourly mean,3
EP182023,Otis (2023),with_era5,2023-10-23T01:00:00+00:00,ibtracs_best_track,IBTrACS best track,18.00554,False,hourly mean,3
EP182023,Otis (2023),with_era5,2023-10-23T02:00:00+00:00,ibtracs_best_track,IBTrACS best track,18.00554,False,hourly mean,3
EP182023,Otis (2023),with_era5,2023-10-23T03:00:00+00:00,ibtracs_best_track,IBTrACS best track,18.00554,False,hourly mean,3
EP182023,Otis (2023),with_era5,2023-10-23T04:00:00+00:00,ibtracs_best_track,IBTrACS best track,18.00554,False,hourly mean,3
EP182023,Otis (2023),with_era5,2023-10-23T05:00:00+00:00,ibtracs_best_track,IBTrACS best track,18.07794322962963,False,hourly mean,3
EP182023,Otis (2023),with_era5,2023-10-23T06:00:00+00:00,ibtracs_best_track,IBTrACS best track,18.321827792592593,False,hourly mean,3
EP182023,Otis (2023),with_era5,2023-10-23T07:00:00+00:00,ibtracs_best_track,IBTrACS best track,18.73719368888889,False,hourly mean,3
EP182023,Otis (2023),with_era5,2023-10-23T08:00:00+00:00,ibtracs_best_track,IBTrACS best track,19.22750327901235,False,hourly mean,3
EP182023,Otis (2023),with_era5,2023-10-23T09:00:00+00:00,ibtracs_best_track,IBTrACS best track,19.66065242469136,False,hourly mean,3
EP182023,Otis (2023),with_era5,2023-10-23T10:00:00+00:00,ibtracs_best_track,IBTrACS best track,20.036641125925925,False,hourly mean,3
EP182023,Otis (2023),with_era5,2023-10-23T11:00:00+00:00,ibtracs_best_track,IBTrACS best track,20.40373820246914,False,hourly mean,3
EP182023,Otis (2023),with_era5,2023-10-23T12:00:00+00:00,ibtracs_best_track,IBTrACS best track,20.82799572345679,False,hourly mean,3
EP182023,Otis (2023),with_era5,2023-10-23T13:00:00+00:00,ibtracs_best_track,IBTrACS best track,21.309413688888892,False,hourly mean,3
EP182023,Otis (2023),with_era5,2023-10-23T14:00:00+00:00,ibtracs_best_track,IBTrACS best track,21.79972327901235,False,hourly mean,3
EP182023,Otis (2023),with_era5,2023-10-23T15:00:00+00:00,ibtracs_best_track,IBTrACS best track,22.23287242469136,False,hourly mean,3
EP182023,Otis (2023),with_era5,2023-10-23T16:00:00+00:00,ibtracs_best_track,IBTrACS best track,22.608861125925927,False,hourly mean,3
EP182023,Otis (2023),with_era5,2023-10-23T17:00:00+00:00,ibtracs_best_track,IBTrACS best track,22.975958202469133,False,hourly mean,3
EP182023,Otis (2023),with_era5,2023-10-23T18:00:00+00:00,ibtracs_best_track,IBTrACS best track,23.400215723456792,False,hourly mean,3
EP182023,Otis (2023),with_era5,2023-10-23T19:00:00+00:00,ibtracs_best_track,IBTrACS best track,23.881633688888893,False,hourly mean,3
EP182023,Otis (2023),with_era5,2023-10-23T20:00:00+00:00,ibtracs_best_track,IBTrACS best track,24.371943279012346,False,hourly mean,3
EP182023,Otis (2023),with_era5,2023-10-23T21:00:00+00:00,ibtracs_best_track,IBTrACS best track,24.805092424691356,False,hourly mean,3
EP182023,Otis (2023),with_era5,2023-10-23T22:00:00+00:00,ibtracs_best_track,IBTrACS best track,25.181081125925928,False,hourly mean,3
EP182023,Otis (2023),with_era5,2023-10-23T23:00:00+00:00,ibtracs_best_track,IBTrACS best track,25.548178202469135,False,hourly mean,3
EP182023,Otis (2023),with_era5,2023-10-24T00:00:00+00:00,ibtracs_best_track,IBTrACS best track,25.972435723456794,False,hourly mean,3
EP182023,Otis (2023),with_era5,2023-10-24T01:00:00+00:00,ibtracs_best_track,IBTrACS best track,26.453853688888888,False,hourly mean,3
EP182023,Otis (2023),with_era5,2023-10-24T02:00:00+00:00,ibtracs_best_track,IBTrACS best track,26.944163279012347,False,hourly mean,3
EP182023,Otis (2023),with_era5,2023-10-24T03:00:00+00:00,ibtracs_best_track,IBTrACS best track,27.377312424691358,False,hourly mean,3
EP182023,Otis (2023),with_era5,2023-10-24T04:00:00+00:00,ibtracs_best_track,IBTrACS best track,27.753301125925926,False,hourly mean,3
EP182023,Otis (2023),with_era5,2023-10-24T05:00:00+00:00,ibtracs_best_track,IBTrACS best track,28.168667022222223,False,hourly mean,3
EP182023,Otis (2023),with_era5,2023-10-24T06:00:00+00:00,ibtracs_best_track,IBTrACS best track,28.755514251851853,False,hourly mean,3
EP182023,Otis (2023),with_era5,2023-10-24T07:00:00+00:00,ibtracs_best_track,IBTrACS best track,29.51384281481482,False,hourly mean,3
EP182023,Otis (2023),with_era5,2023-10-24T08:00:00+00:00,ibtracs_best_track,IBTrACS best track,30.37124948148148,False,hourly mean,3
EP182023,Otis (2023),with_era5,2023-10-24T09:00:00+00:00,ibtracs_best_track,IBTrACS best track,31.228656148148147,False,hourly mean,3
EP182023,Otis (2023),with_era5,2023-10-24T10:00:00+00:00,ibtracs_best_track,IBTrACS best track,32.08606281481482,False,hourly mean,3
EP182023,Otis (2023),with_era5,2023-10-24T11:00:00+00:00,ibtracs_best_track,IBTrACS best track,33.257216809876546,False,hourly mean,3
EP182023,Otis (2023),with_era5,2023-10-24T12:00:00+00:00,ibtracs_best_track,IBTrACS best track,35.17145658271605,False,hourly mean,3
EP182023,Otis (2023),with_era5,2023-10-24T13:00:00+00:00,ibtracs_best_track,IBTrACS best track,37.828782133333334,True,hourly mean,3
EP182023,Otis (2023),with_era5,2023-10-24T14:00:00+00:00,ibtracs_best_track,IBTrACS best track,40.89131172345679,True,hourly mean,3
EP182023,Otis (2023),with_era5,2023-10-24T15:00:00+00:00,ibtracs_best_track,IBTrACS best track,43.8966808691358,True,hourly mean,3
EP182023,Otis (2023),with_era5,2023-10-24T16:00:00+00:00,ibtracs_best_track,IBTrACS best track,46.84488957037038,True,hourly mean,3
EP182023,Otis (2023),with_era5,2023-10-24T17:00:00+00:00,ibtracs_best_track,IBTrACS best track,49.71180341728395,True,hourly mean,3
EP182023,Otis (2023),with_era5,2023-10-24T18:00:00+00:00,ibtracs_best_track,IBTrACS best track,52.46439637530864,True,hourly mean,3
EP182023,Otis (2023),with_era5,2023-10-24T19:00:00+00:00,ibtracs_best_track,IBTrACS best track,55.10266844444445,True,hourly mean,3
EP182023,Otis (2023),with_era5,2023-10-24T20:00:00+00:00,ibtracs_best_track,IBTrACS best track,57.67488844444444,True,hourly mean,3
EP182023,Otis (2023),with_era5,2023-10-24T21:00:00+00:00,ibtracs_best_track,IBTrACS best track,60.24710844444444,True,hourly mean,3
EP182023,Otis (2023),with_era5,2023-10-24T22:00:00+00:00,ibtracs_best_track,IBTrACS best track,62.819328444444444,True,hourly mean,3
EP182023,Otis (2023),with_era5,2023-10-24T23:00:00+00:00,ibtracs_best_track,IBTrACS best track,65.39154844444444,True,hourly mean,3
EP182023,Otis (2023),with_era5,2023-10-25T00:00:00+00:00,ibtracs_best_track,IBTrACS best track,67.96376844444445,True,hourly mean,3
EP182023,Otis (2023),with_era5,2023-10-25T01:00:00+00:00,ibtracs_best_track,IBTrACS best track,70.53598844444446,True,hourly mean,3
EP182023,Otis (2023),with_era5,2023-10-25T02:00:00+00:00,ibtracs_best_track,IBTrACS best track,72.74619229629631,True,hourly mean,3
EP182023,Otis (2023),with_era5,2023-10-25T03:00:00+00:00,ibtracs_best_track,IBTrACS best track,74.0989894814815,True,hourly mean,3
EP182023,Otis (2023),with_era5,2023-10-25T04:00:00+00:00,ibtracs_best_track,IBTrACS best track,74.59438,True,hourly mean,3
EP182023,Otis (2023),with_era5,2023-10-25T05:00:00+00:00,ibtracs_best_track,IBTrACS best track,74.10152994567902,True,hourly mean,3
EP182023,Otis (2023),with_era5,2023-10-25T06:00:00+00:00,ibtracs_best_track,IBTrACS best track,72.0145386074074,True,hourly mean,3
EP182023,Otis (2023),with_era5,2023-10-25T07:00:00+00:00,ibtracs_best_track,IBTrACS best track,68.09841304691359,True,hourly mean,3
EP182023,Otis (2023),with_era5,2023-10-25T08:00:00+00:00,ibtracs_best_track,IBTrACS best track,62.87013772839507,True,hourly mean,3
EP182023,Otis (2023),with_era5,2023-10-25T09:00:00+00:00,ibtracs_best_track,IBTrACS best track,57.464029916049384,True,hourly mean,3
EP182023,Otis (2023),with_era5,2023-10-25T10:00:00+00:00,ibtracs_best_track,IBTrACS best track,52.115082548148145,True,hourly mean,3
EP182023,Otis (2023),with_era5,2023-10-25T11:00:00+00:00,ibtracs_best_track,IBTrACS best track,47.016370903703695,True,hourly mean,3
EP182023,Otis (2023),with_era5,2023-10-25T12:00:00+00:00,ibtracs_best_track,IBTrACS best track,42.43210325925926,False,hourly mean,3
EP182023,Otis (2023),with_era5,2023-10-25T13:00:00+00:00,ibtracs_best_track,IBTrACS best track,38.36227961481482,False,hourly mean,3
EP182023,Otis (2023),with_era5,2023-10-25T14:00:00+00:00,ibtracs_best_track,IBTrACS best track,34.565555871604936,False,hourly mean,3
EP182023,Otis (2023),with_era5,2023-10-25T15:00:00+00:00,ibtracs_best_track,IBTrACS best track,30.711671683950623,False,hourly mean,3
EP182023,Otis (2023),with_era5,2023-10-25T16:00:00+00:00,ibtracs_best_track,IBTrACS best track,26.80062705185185,False,hourly mean,3
EP182023,Otis (2023),with_era5,2023-10-25T17:00:00+00:00,ibtracs_best_track,IBTrACS best track,24.828591718518517,False,hourly mean,3
EP182023,Otis (2023),with_era5,2023-10-21T00:00:00+00:00,era5_max_wind,ERA5 10 m maximum,10.978872157864894,False,hourly mean,3
EP182023,Otis (2023),with_era5,2023-10-21T01:00:00+00:00,era5_max_wind,ERA5 10 m maximum,10.978872157864894,False,hourly mean,3
EP182023,Otis (2023),with_era5,2023-10-21T02:00:00+00:00,era5_max_wind,ERA5 10 m maximum,10.748015224104796,False,hourly mean,3
EP182023,Otis (2023),with_era5,2023-10-21T03:00:00+00:00,era5_max_wind,ERA5 10 m maximum,10.517158290344694,False,hourly mean,3
EP182023,Otis (2023),with_era5,2023-10-21T04:00:00+00:00,era5_max_wind,ERA5 10 m maximum,10.286301356584595,False,hourly mean,3
EP182023,Otis (2023),with_era5,2023-10-21T05:00:00+00:00,era5_max_wind,ERA5 10 m maximum,10.286301356584595,False,hourly mean,3
EP182023,Otis (2023),with_era5,2023-10-21T06:00:00+00:00,era5_max_wind,ERA5 10 m maximum,10.286301356584595,False,hourly mean,3
EP182023,Otis (2023),with_era5,2023-10-21T07:00:00+00:00,era5_max_wind,ERA5 10 m maximum,10.286301356584595,False,hourly mean,3
EP182023,Otis (2023),with_era5,2023-10-21T08:00:00+00:00,era5_max_wind,ERA5 10 m maximum,10.690352171123022,False,hourly mean,3
EP182023,Otis (2023),with_era5,2023-10-21T09:00:00+00:00,era5_max_wind,ERA5 10 m maximum,11.094402985661448,False,hourly mean,3
EP182023,Otis (2023),with_era5,2023-10-21T10:00:00+00:00,era5_max_wind,ERA5 10 m maximum,11.498453800199874,False,hourly mean,3
EP182023,Otis (2023),with_era5,2023-10-21T11:00:00+00:00,era5_max_wind,ERA5 10 m maximum,11.498453800199874,False,hourly mean,3
EP182023,Otis (2023),with_era5,2023-10-21T12:00:00+00:00,era5_max_wind,ERA5 10 m maximum,11.498453800199874,False,hourly mean,3
EP182023,Otis (2023),with_era5,2023-10-21T13:00:00+00:00,era5_max_wind,ERA5 10 m maximum,11.498453800199874,False,hourly mean,3
EP182023,Otis (2023),with_era5,2023-10-21T14:00:00+00:00,era5_max_wind,ERA5 10 m maximum,11.98507511211969,False,hourly mean,3
EP182023,Otis (2023),with_era5,2023-10-21T15:00:00+00:00,era5_max_wind,ERA5 10 m maximum,12.471696424039509,False,hourly mean,3
EP182023,Otis (2023),with_era5,2023-10-21T16:00:00+00:00,era5_max_wind,ERA5 10 m maximum,12.958317735959326,False,hourly mean,3
EP182023,Otis (2023),with_era5,2023-10-21T17:00:00+00:00,era5_max_wind,ERA5 10 m maximum,12.958317735959326,False,hourly mean,3
EP182023,Otis (2023),with_era5,2023-10-21T18:00:00+00:00,era5_max_wind,ERA5 10 m maximum,12.958317735959326,False,hourly mean,3
EP182023,Otis (2023),with_era5,2023-10-21T19:00:00+00:00,era5_max_wind,ERA5 10 m maximum,12.958317735959326,False,hourly mean,3
EP182023,Otis (2023),with_era5,2023-10-21T20:00:00+00:00,era5_max_wind,ERA5 10 m maximum,12.357253662715644,False,hourly mean,3
EP182023,Otis (2023),with_era5,2023-10-21T21:00:00+00:00,era5_max_wind,ERA5 10 m maximum,11.756189589471965,False,hourly mean,3
EP182023,Otis (2023),with_era5,2023-10-21T22:00:00+00:00,era5_max_wind,ERA5 10 m maximum,11.155125516228287,False,hourly mean,3
EP182023,Otis (2023),with_era5,2023-10-21T23:00:00+00:00,era5_max_wind,ERA5 10 m maximum,11.155125516228287,False,hourly mean,3
EP182023,Otis (2023),with_era5,2023-10-22T00:00:00+00:00,era5_max_wind,ERA5 10 m maximum,11.155125516228287,False,hourly mean,3
EP182023,Otis (2023),with_era5,2023-10-22T01:00:00+00:00,era5_max_wind,ERA5 10 m maximum,11.155125516228287,False,hourly mean,3
EP182023,Otis (2023),with_era5,2023-10-22T02:00:00+00:00,era5_max_wind,ERA5 10 m maximum,11.415245247597495,False,hourly mean,3
EP182023,Otis (2023),with_era5,2023-10-22T03:00:00+00:00,era5_max_wind,ERA5 10 m maximum,11.675364978966705,False,hourly mean,3
EP182023,Otis (2023),with_era5,2023-10-22T04:00:00+00:00,era5_max_wind,ERA5 10 m maximum,11.935484710335913,False,hourly mean,3
EP182023,Otis (2023),with_era5,2023-10-22T05:00:00+00:00,era5_max_wind,ERA5 10 m maximum,11.935484710335913,False,hourly mean,3
EP182023,Otis (2023),with_era5,2023-10-22T06:00:00+00:00,era5_max_wind,ERA5 10 m maximum,11.935484710335913,False,hourly mean,3
EP182023,Otis (2023),with_era5,2023-10-22T07:00:00+00:00,era5_max_wind,ERA5 10 m maximum,11.935484710335913,False,hourly mean,3
EP182023,Otis (2023),with_era5,2023-10-22T08:00:00+00:00,era5_max_wind,ERA5 10 m maximum,12.134773849663146,False,hourly mean,3
EP182023,Otis (2023),with_era5,2023-10-22T09:00:00+00:00,era5_max_wind,ERA5 10 m maximum,12.334062988990377,False,hourly mean,3
EP182023,Otis (2023),with_era5,2023-10-22T10:00:00+00:00,era5_max_wind,ERA5 10 m maximum,12.533352128317611,False,hourly mean,3
EP182023,Otis (2023),with_era5,2023-10-22T11:00:00+00:00,era5_max_wind,ERA5 10 m maximum,12.533352128317611,False,hourly mean,3
EP182023,Otis (2023),with_era5,2023-10-22T12:00:00+00:00,era5_max_wind,ERA5 10 m maximum,12.533352128317611,False,hourly mean,3
EP182023,Otis (2023),with_era5,2023-10-22T13:00:00+00:00,era5_max_wind,ERA5 10 m maximum,12.533352128317611,False,hourly mean,3
EP182023,Otis (2023),with_era5,2023-10-22T14:00:00+00:00,era5_max_wind,ERA5 10 m maximum,12.813831563677999,False,hourly mean,3
EP182023,Otis (2023),with_era5,2023-10-22T15:00:00+00:00,era5_max_wind,ERA5 10 m maximum,13.094310999038386,False,hourly mean,3
EP182023,Otis (2023),with_era5,2023-10-22T16:00:00+00:00,era5_max_wind,ERA5 10 m maximum,13.374790434398774,False,hourly mean,3
EP182023,Otis (2023),with_era5,2023-10-22T17:00:00+00:00,era5_max_wind,ERA5 10 m maximum,13.374790434398774,False,hourly mean,3
EP182023,Otis (2023),with_era5,2023-10-22T18:00:00+00:00,era5_max_wind,ERA5 10 m maximum,13.374790434398774,False,hourly mean,3
EP182023,Otis (2023),with_era5,2023-10-22T19:00:00+00:00,era5_max_wind,ERA5 10 m maximum,13.374790434398774,False,hourly mean,3
EP182023,Otis (2023),with_era5,2023-10-22T20:00:00+00:00,era5_max_wind,ERA5 10 m maximum,14.008385900745395,False,hourly mean,3
EP182023,Otis (2023),with_era5,2023-10-22T21:00:00+00:00,era5_max_wind,ERA5 10 m maximum,14.641981367092017,False,hourly mean,3
EP182023,Otis (2023),with_era5,2023-10-22T22:00:00+00:00,era5_max_wind,ERA5 10 m maximum,15.27557683343864,False,hourly mean,3
EP182023,Otis (2023),with_era5,2023-10-22T23:00:00+00:00,era5_max_wind,ERA5 10 m maximum,15.27557683343864,False,hourly mean,3
EP182023,Otis (2023),with_era5,2023-10-23T00:00:00+00:00,era5_max_wind,ERA5 10 m maximum,15.27557683343864,False,hourly mean,3
EP182023,Otis (2023),with_era5,2023-10-23T01:00:00+00:00,era5_max_wind,ERA5 10 m maximum,15.27557683343864,False,hourly mean,3
EP182023,Otis (2023),with_era5,2023-10-23T02:00:00+00:00,era5_max_wind,ERA5 10 m maximum,14.753711114708844,False,hourly mean,3
EP182023,Otis (2023),with_era5,2023-10-23T03:00:00+00:00,era5_max_wind,ERA5 10 m maximum,14.231845395979049,False,hourly mean,3
EP182023,Otis (2023),with_era5,2023-10-23T04:00:00+00:00,era5_max_wind,ERA5 10 m maximum,13.709979677249253,False,hourly mean,3
EP182023,Otis (2023),with_era5,2023-10-23T05:00:00+00:00,era5_max_wind,ERA5 10 m maximum,13.709979677249253,False,hourly mean,3
EP182023,Otis (2023),with_era5,2023-10-23T06:00:00+00:00,era5_max_wind,ERA5 10 m maximum,13.709979677249253,False,hourly mean,3
EP182023,Otis (2023),with_era5,2023-10-23T07:00:00+00:00,era5_max_wind,ERA5 10 m maximum,13.709979677249253,False,hourly mean,3
EP182023,Otis (2023),with_era5,2023-10-23T08:00:00+00:00,era5_max_wind,ERA5 10 m maximum,13.50794654060625,False,hourly mean,3
EP182023,Otis (2023),with_era5,2023-10-23T09:00:00+00:00,era5_max_wind,ERA5 10 m maximum,13.305913403963245,False,hourly mean,3
EP182023,Otis (2023),with_era5,2023-10-23T10:00:00+00:00,era5_max_wind,ERA5 10 m maximum,13.103880267320243,False,hourly mean,3
EP182023,Otis (2023),with_era5,2023-10-23T11:00:00+00:00,era5_max_wind,ERA5 10 m maximum,13.103880267320243,False,hourly mean,3
EP182023,Otis (2023),with_era5,2023-10-23T12:00:00+00:00,era5_max_wind,ERA5 10 m maximum,13.103880267320243,False,hourly mean,3
EP182023,Otis (2023),with_era5,2023-10-23T13:00:00+00:00,era5_max_wind,ERA5 10 m maximum,13.103880267320243,False,hourly mean,3
EP182023,Otis (2023),with_era5,2023-10-23T14:00:00+00:00,era5_max_wind,ERA5 10 m maximum,13.223439968803289,False,hourly mean,3
EP182023,Otis (2023),with_era5,2023-10-23T15:00:00+00:00,era5_max_wind,ERA5 10 m maximum,13.342999670286334,False,hourly mean,3
EP182023,Otis (2023),with_era5,2023-10-23T16:00:00+00:00,era5_max_wind,ERA5 10 m maximum,13.462559371769379,False,hourly mean,3
EP182023,Otis (2023),with_era5,2023-10-23T17:00:00+00:00,era5_max_wind,ERA5 10 m maximum,13.462559371769379,False,hourly mean,3
EP182023,Otis (2023),with_era5,2023-10-23T18:00:00+00:00,era5_max_wind,ERA5 10 m maximum,13.462559371769379,False,hourly mean,3
EP182023,Otis (2023),with_era5,2023-10-23T19:00:00+00:00,era5_max_wind,ERA5 10 m maximum,13.462559371769379,False,hourly mean,3
EP182023,Otis (2023),with_era5,2023-10-23T20:00:00+00:00,era5_max_wind,ERA5 10 m maximum,13.690377403238292,False,hourly mean,3
EP182023,Otis (2023),with_era5,2023-10-23T21:00:00+00:00,era5_max_wind,ERA5 10 m maximum,13.918195434707206,False,hourly mean,3
EP182023,Otis (2023),with_era5,2023-10-23T22:00:00+00:00,era5_max_wind,ERA5 10 m maximum,14.14601346617612,False,hourly mean,3
EP182023,Otis (2023),with_era5,2023-10-23T23:00:00+00:00,era5_max_wind,ERA5 10 m maximum,14.14601346617612,False,hourly mean,3
EP182023,Otis (2023),with_era5,2023-10-24T00:00:00+00:00,era5_max_wind,ERA5 10 m maximum,14.14601346617612,False,hourly mean,3
EP182023,Otis (2023),with_era5,2023-10-24T01:00:00+00:00,era5_max_wind,ERA5 10 m maximum,14.14601346617612,False,hourly mean,3
EP182023,Otis (2023),with_era5,2023-10-24T02:00:00+00:00,era5_max_wind,ERA5 10 m maximum,14.596348585715115,False,hourly mean,3
EP182023,Otis (2023),with_era5,2023-10-24T03:00:00+00:00,era5_max_wind,ERA5 10 m maximum,15.046683705254113,False,hourly mean,3
EP182023,Otis (2023),with_era5,2023-10-24T04:00:00+00:00,era5_max_wind,ERA5 10 m maximum,15.497018824793109,False,hourly mean,3
EP182023,Otis (2023),with_era5,2023-10-24T05:00:00+00:00,era5_max_wind,ERA5 10 m maximum,15.497018824793109,False,hourly mean,3
EP182023,Otis (2023),with_era5,2023-10-24T06:00:00+00:00,era5_max_wind,ERA5 10 m maximum,15.497018824793109,False,hourly mean,3
EP182023,Otis (2023),with_era5,2023-10-24T07:00:00+00:00,era5_max_wind,ERA5 10 m maximum,15.497018824793109,False,hourly mean,3
EP182023,Otis (2023),with_era5,2023-10-24T08:00:00+00:00,era5_max_wind,ERA5 10 m maximum,16.523213262735283,False,hourly mean,3
EP182023,Otis (2023),with_era5,2023-10-24T09:00:00+00:00,era5_max_wind,ERA5 10 m maximum,17.54940770067746,False,hourly mean,3
EP182023,Otis (2023),with_era5,2023-10-24T10:00:00+00:00,era5_max_wind,ERA5 10 m maximum,18.575602138619633,False,hourly mean,3
EP182023,Otis (2023),with_era5,2023-10-24T11:00:00+00:00,era5_max_wind,ERA5 10 m maximum,18.575602138619633,False,hourly mean,3
EP182023,Otis (2023),with_era5,2023-10-24T12:00:00+00:00,era5_max_wind,ERA5 10 m maximum,18.575602138619633,False,hourly mean,3
EP182023,Otis (2023),with_era5,2023-10-24T13:00:00+00:00,era5_max_wind,ERA5 10 m maximum,18.575602138619633,True,hourly mean,3
EP182023,Otis (2023),with_era5,2023-10-24T14:00:00+00:00,era5_max_wind,ERA5 10 m maximum,19.618639523409275,True,hourly mean,3
EP182023,Otis (2023),with_era5,2023-10-24T15:00:00+00:00,era5_max_wind,ERA5 10 m maximum,20.661676908198917,True,hourly mean,3
EP182023,Otis (2023),with_era5,2023-10-24T16:00:00+00:00,era5_max_wind,ERA5 10 m maximum,21.70471429298856,True,hourly mean,3
EP182023,Otis (2023),with_era5,2023-10-24T17:00:00+00:00,era5_max_wind,ERA5 10 m maximum,21.70471429298856,True,hourly mean,3
EP182023,Otis (2023),with_era5,2023-10-24T18:00:00+00:00,era5_max_wind,ERA5 10 m maximum,21.70471429298856,True,hourly mean,3
EP182023,Otis (2023),with_era5,2023-10-24T19:00:00+00:00,era5_max_wind,ERA5 10 m maximum,21.70471429298856,True,hourly mean,3
EP182023,Otis (2023),with_era5,2023-10-24T20:00:00+00:00,era5_max_wind,ERA5 10 m maximum,21.256474932072,True,hourly mean,3
EP182023,Otis (2023),with_era5,2023-10-24T21:00:00+00:00,era5_max_wind,ERA5 10 m maximum,20.80823557115544,True,hourly mean,3
EP182023,Otis (2023),with_era5,2023-10-24T22:00:00+00:00,era5_max_wind,ERA5 10 m maximum,20.35999621023888,True,hourly mean,3
EP182023,Otis (2023),with_era5,2023-10-24T23:00:00+00:00,era5_max_wind,ERA5 10 m maximum,20.35999621023888,True,hourly mean,3
EP182023,Otis (2023),with_era5,2023-10-25T00:00:00+00:00,era5_max_wind,ERA5 10 m maximum,20.35999621023888,True,hourly mean,3
EP182023,Otis (2023),with_era5,2023-10-25T01:00:00+00:00,era5_max_wind,ERA5 10 m maximum,20.35999621023888,True,hourly mean,3
EP182023,Otis (2023),with_era5,2023-10-25T02:00:00+00:00,era5_max_wind,ERA5 10 m maximum,18.81618689997197,True,hourly mean,3
EP182023,Otis (2023),with_era5,2023-10-25T03:00:00+00:00,era5_max_wind,ERA5 10 m maximum,17.272377589705062,True,hourly mean,3
EP182023,Otis (2023),with_era5,2023-10-25T04:00:00+00:00,era5_max_wind,ERA5 10 m maximum,15.728568279438155,True,hourly mean,3
EP182023,Otis (2023),with_era5,2023-10-25T05:00:00+00:00,era5_max_wind,ERA5 10 m maximum,15.728568279438155,True,hourly mean,3
EP182023,Otis (2023),with_era5,2023-10-25T06:00:00+00:00,era5_max_wind,ERA5 10 m maximum,15.728568279438155,True,hourly mean,3
EP182023,Otis (2023),with_era5,2023-10-25T07:00:00+00:00,era5_max_wind,ERA5 10 m maximum,15.728568279438155,True,hourly mean,3
EP182023,Otis (2023),with_era5,2023-10-25T08:00:00+00:00,era5_max_wind,ERA5 10 m maximum,14.374867408530532,True,hourly mean,3
EP182023,Otis (2023),with_era5,2023-10-25T09:00:00+00:00,era5_max_wind,ERA5 10 m maximum,13.021166537622905,True,hourly mean,3
EP182023,Otis (2023),with_era5,2023-10-25T10:00:00+00:00,era5_max_wind,ERA5 10 m maximum,11.667465666715282,True,hourly mean,3
EP182023,Otis (2023),with_era5,2023-10-25T11:00:00+00:00,era5_max_wind,ERA5 10 m maximum,11.667465666715282,True,hourly mean,3
EP182023,Otis (2023),with_era5,2023-10-25T12:00:00+00:00,era5_max_wind,ERA5 10 m maximum,11.667465666715282,False,hourly mean,3
EP182023,Otis (2023),with_era5,2023-10-25T13:00:00+00:00,era5_max_wind,ERA5 10 m maximum,11.667465666715282,False,hourly mean,3
EP182023,Otis (2023),with_era5,2023-10-25T14:00:00+00:00,era5_max_wind,ERA5 10 m maximum,10.473093902456979,False,hourly mean,3
EP182023,Otis (2023),with_era5,2023-10-25T15:00:00+00:00,era5_max_wind,ERA5 10 m maximum,9.278722138198676,False,hourly mean,3
EP182023,Otis (2023),with_era5,2023-10-25T16:00:00+00:00,era5_max_wind,ERA5 10 m maximum,8.163185482969999,False,hourly mean,3
EP182023,Otis (2023),with_era5,2023-10-25T17:00:00+00:00,era5_max_wind,ERA5 10 m maximum,8.202603037484812,False,hourly mean,3
EP182023,Otis (2023),with_era5,2023-10-21T00:00:00+00:00,latent_sar_max_wind,Latent MLP · SAR · wind only,18.89746316274007,False,hourly mean,3
EP182023,Otis (2023),with_era5,2023-10-21T01:00:00+00:00,latent_sar_max_wind,Latent MLP · SAR · wind only,18.87805790371365,False,hourly mean,3
EP182023,Otis (2023),with_era5,2023-10-21T02:00:00+00:00,latent_sar_max_wind,Latent MLP · SAR · wind only,18.87029774983724,False,hourly mean,3
EP182023,Otis (2023),with_era5,2023-10-21T03:00:00+00:00,latent_sar_max_wind,Latent MLP · SAR · wind only,18.885764333936905,False,hourly mean,3
EP182023,Otis (2023),with_era5,2023-10-21T04:00:00+00:00,latent_sar_max_wind,Latent MLP · SAR · wind only,18.880030526055233,False,hourly mean,3
EP182023,Otis (2023),with_era5,2023-10-21T05:00:00+00:00,latent_sar_max_wind,Latent MLP · SAR · wind only,19.01068867577447,False,hourly mean,3
EP182023,Otis (2023),with_era5,2023-10-21T06:00:00+00:00,latent_sar_max_wind,Latent MLP · SAR · wind only,19.206869231330025,False,hourly mean,3
EP182023,Otis (2023),with_era5,2023-10-21T07:00:00+00:00,latent_sar_max_wind,Latent MLP · SAR · wind only,19.473591698540584,False,hourly mean,3
EP182023,Otis (2023),with_era5,2023-10-21T08:00:00+00:00,latent_sar_max_wind,Latent MLP · SAR · wind only,19.636151631673176,False,hourly mean,3
EP182023,Otis (2023),with_era5,2023-10-21T09:00:00+00:00,latent_sar_max_wind,Latent MLP · SAR · wind only,19.662380536397297,False,hourly mean,3
EP182023,Otis (2023),with_era5,2023-10-21T10:00:00+00:00,latent_sar_max_wind,Latent MLP · SAR · wind only,19.647770033942326,False,hourly mean,3
EP182023,Otis (2023),with_era5,2023-10-21T11:00:00+00:00,latent_sar_max_wind,Latent MLP · SAR · wind only,19.603466563754612,False,hourly mean,3
EP182023,Otis (2023),with_era5,2023-10-21T12:00:00+00:00,latent_sar_max_wind,Latent MLP · SAR · wind only,19.70714282989502,False,hourly mean,3
EP182023,Otis (2023),with_era5,2023-10-21T13:00:00+00:00,latent_sar_max_wind,Latent MLP · SAR · wind only,19.758382903205025,False,hourly mean,3
EP182023,Otis (2023),with_era5,2023-10-21T14:00:00+00:00,latent_sar_max_wind,Latent MLP · SAR · wind only,20.194499651590984,False,hourly mean,3
EP182023,Otis (2023),with_era5,2023-10-21T15:00:00+00:00,latent_sar_max_wind,Latent MLP · SAR · wind only,20.388072437710232,False,hourly mean,3
EP182023,Otis (2023),with_era5,2023-10-21T16:00:00+00:00,latent_sar_max_wind,Latent MLP · SAR · wind only,20.59800190395779,False,hourly mean,3
EP182023,Otis (2023),with_era5,2023-10-21T17:00:00+00:00,latent_sar_max_wind,Latent MLP · SAR · wind only,20.658537440829807,False,hourly mean,3
EP182023,Otis (2023),with_era5,2023-10-21T18:00:00+00:00,latent_sar_max_wind,Latent MLP · SAR · wind only,21.077557457817928,False,hourly mean,3
EP182023,Otis (2023),with_era5,2023-10-21T19:00:00+00:00,latent_sar_max_wind,Latent MLP · SAR · wind only,21.563537491692433,False,hourly mean,3
EP182023,Otis (2023),with_era5,2023-10-21T20:00:00+00:00,latent_sar_max_wind,Latent MLP · SAR · wind only,21.394736184014217,False,hourly mean,3
EP182023,Otis (2023),with_era5,2023-10-21T21:00:00+00:00,latent_sar_max_wind,Latent MLP · SAR · wind only,21.04301304287381,False,hourly mean,3
EP182023,Otis (2023),with_era5,2023-10-21T22:00:00+00:00,latent_sar_max_wind,Latent MLP · SAR · wind only,20.673444959852432,False,hourly mean,3
EP182023,Otis (2023),with_era5,2023-10-21T23:00:00+00:00,latent_sar_max_wind,Latent MLP · SAR · wind only,20.80917305416531,False,hourly mean,3
EP182023,Otis (2023),with_era5,2023-10-22T00:00:00+00:00,latent_sar_max_wind,Latent MLP · SAR · wind only,20.973316192626953,False,hourly mean,3
EP182023,Otis (2023),with_era5,2023-10-22T01:00:00+00:00,latent_sar_max_wind,Latent MLP · SAR · wind only,21.160898314581974,False,hourly mean,3
EP182023,Otis (2023),with_era5,2023-10-22T02:00:00+00:00,latent_sar_max_wind,Latent MLP · SAR · wind only,21.44223107231988,False,hourly mean,3
EP182023,Otis (2023),with_era5,2023-10-22T03:00:00+00:00,latent_sar_max_wind,Latent MLP · SAR · wind only,21.440167003207737,False,hourly mean,3
EP182023,Otis (2023),with_era5,2023-10-22T04:00:00+00:00,latent_sar_max_wind,Latent MLP · SAR · wind only,21.186990525987415,False,hourly mean,3
EP182023,Otis (2023),with_era5,2023-10-22T05:00:00+00:00,latent_sar_max_wind,Latent MLP · SAR · wind only,20.74803352355957,False,hourly mean,3
EP182023,Otis (2023),with_era5,2023-10-22T06:00:00+00:00,latent_sar_max_wind,Latent MLP · SAR · wind only,20.81871022118462,False,hourly mean,3
EP182023,Otis (2023),with_era5,2023-10-22T07:00:00+00:00,latent_sar_max_wind,Latent MLP · SAR · wind only,21.364593929714626,False,hourly mean,3
EP182023,Otis (2023),with_era5,2023-10-22T08:00:00+00:00,latent_sar_max_wind,Latent MLP · SAR · wind only,22.13990603552924,False,hourly mean,3
EP182023,Otis (2023),with_era5,2023-10-22T09:00:00+00:00,latent_sar_max_wind,Latent MLP · SAR · wind only,22.69046062893338,False,hourly mean,3
EP182023,Otis (2023),with_era5,2023-10-22T10:00:00+00:00,latent_sar_max_wind,Latent MLP · SAR · wind only,23.198100619845917,False,hourly mean,3
EP182023,Otis (2023),with_era5,2023-10-22T11:00:00+00:00,latent_sar_max_wind,Latent MLP · SAR · wind only,23.523186153835724,False,hourly mean,3
EP182023,Otis (2023),with_era5,2023-10-22T12:00:00+00:00,latent_sar_max_wind,Latent MLP · SAR · wind only,23.8786588244968,False,hourly mean,3
EP182023,Otis (2023),with_era5,2023-10-22T13:00:00+00:00,latent_sar_max_wind,Latent MLP · SAR · wind only,24.122356838650177,False,hourly mean,3
EP182023,Otis (2023),with_era5,2023-10-22T14:00:00+00:00,latent_sar_max_wind,Latent MLP · SAR · wind only,24.559475474887424,False,hourly mean,3
EP182023,Otis (2023),with_era5,2023-10-22T15:00:00+00:00,latent_sar_max_wind,Latent MLP · SAR · wind only,24.909468544854054,False,hourly mean,3
EP182023,Otis (2023),with_era5,2023-10-22T16:00:00+00:00,latent_sar_max_wind,Latent MLP · SAR · wind only,25.125685267978245,False,hourly mean,3
EP182023,Otis (2023),with_era5,2023-10-22T17:00:00+00:00,latent_sar_max_wind,Latent MLP · SAR · wind only,25.16341431935628,False,hourly mean,3
EP182023,Otis (2023),with_era5,2023-10-22T18:00:00+00:00,latent_sar_max_wind,Latent MLP · SAR · wind only,25.311227162679035,False,hourly mean,3
EP182023,Otis (2023),with_era5,2023-10-22T19:00:00+00:00,latent_sar_max_wind,Latent MLP · SAR · wind only,25.529681099785694,False,hourly mean,3
EP182023,Otis (2023),with_era5,2023-10-22T20:00:00+00:00,latent_sar_max_wind,Latent MLP · SAR · wind only,26.347870614793564,False,hourly mean,3
EP182023,Otis (2023),with_era5,2023-10-22T21:00:00+00:00,latent_sar_max_wind,Latent MLP · SAR · wind only,26.18563238779704,False,hourly mean,3
EP182023,Otis (2023),with_era5,2023-10-22T22:00:00+00:00,latent_sar_max_wind,Latent MLP · SAR · wind only,25.369905577765568,False,hourly mean,3
EP182023,Otis (2023),with_era5,2023-10-22T23:00:00+00:00,latent_sar_max_wind,Latent MLP · SAR · wind only,23.611180729336212,False,hourly mean,3
EP182023,Otis (2023),with_era5,2023-10-23T00:00:00+00:00,latent_sar_max_wind,Latent MLP · SAR · wind only,22.653170691596134,False,hourly mean,3
EP182023,Otis (2023),with_era5,2023-10-23T01:00:00+00:00,latent_sar_max_wind,Latent MLP · SAR · wind only,22.199540350172253,False,hourly mean,3
EP182023,Otis (2023),with_era5,2023-10-23T02:00:00+00:00,latent_sar_max_wind,Latent MLP · SAR · wind only,21.89114761352539,False,hourly mean,3
EP182023,Otis (2023),with_era5,2023-10-23T03:00:00+00:00,latent_sar_max_wind,Latent MLP · SAR · wind only,21.860906706915966,False,hourly mean,3
EP182023,Otis (2023),with_era5,2023-10-23T04:00:00+00:00,latent_sar_max_wind,Latent MLP · SAR · wind only,21.908235973782013,False,hourly mean,3
EP182023,Otis (2023),with_era5,2023-10-23T05:00:00+00:00,latent_sar_max_wind,Latent MLP · SAR · wind only,22.187126795450848,False,hourly mean,3
EP182023,Otis (2023),with_era5,2023-10-23T06:00:00+00:00,latent_sar_max_wind,Latent MLP · SAR · wind only,22.435101721021862,False,hourly mean,3
EP182023,Otis (2023),with_era5,2023-10-23T07:00:00+00:00,latent_sar_max_wind,Latent MLP · SAR · wind only,22.884756512112087,False,hourly mean,3
EP182023,Otis (2023),with_era5,2023-10-23T08:00:00+00:00,latent_sar_max_wind,Latent MLP · SAR · wind only,23.319583574930828,False,hourly mean,3
EP182023,Otis (2023),with_era5,2023-10-23T09:00:00+00:00,latent_sar_max_wind,Latent MLP · SAR · wind only,23.6249942779541,False,hourly mean,3
EP182023,Otis (2023),with_era5,2023-10-23T10:00:00+00:00,latent_sar_max_wind,Latent MLP · SAR · wind only,23.823950449625652,False,hourly mean,3
EP182023,Otis (2023),with_era5,2023-10-23T11:00:00+00:00,latent_sar_max_wind,Latent MLP · SAR · wind only,23.92309644487169,False,hourly mean,3
EP182023,Otis (2023),with_era5,2023-10-23T12:00:00+00:00,latent_sar_max_wind,Latent MLP · SAR · wind only,23.88081603580051,False,hourly mean,3
EP182023,Otis (2023),with_era5,2023-10-23T13:00:00+00:00,latent_sar_max_wind,Latent MLP · SAR · wind only,23.87598779466417,False,hourly mean,3
EP182023,Otis (2023),with_era5,2023-10-23T14:00:00+00:00,latent_sar_max_wind,Latent MLP · SAR · wind only,23.155035124884716,False,hourly mean,3
EP182023,Otis (2023),with_era5,2023-10-23T15:00:00+00:00,latent_sar_max_wind,Latent MLP · SAR · wind only,22.787652333577473,False,hourly mean,3
EP182023,Otis (2023),with_era5,2023-10-23T16:00:00+00:00,latent_sar_max_wind,Latent MLP · SAR · wind only,22.837258338928223,False,hourly mean,3
EP182023,Otis (2023),with_era5,2023-10-23T17:00:00+00:00,latent_sar_max_wind,Latent MLP · SAR · wind only,23.735870255364308,False,hourly mean,3
EP182023,Otis (2023),with_era5,2023-10-23T18:00:00+00:00,latent_sar_max_wind,Latent MLP · SAR · wind only,24.347211096021866,False,hourly mean,3
EP182023,Otis (2023),with_era5,2023-10-23T19:00:00+00:00,latent_sar_max_wind,Latent MLP · SAR · wind only,24.380066977606877,False,hourly mean,3
EP182023,Otis (2023),with_era5,2023-10-23T20:00:00+00:00,latent_sar_max_wind,Latent MLP · SAR · wind only,24.927040947808155,False,hourly mean,3
EP182023,Otis (2023),with_era5,2023-10-23T21:00:00+00:00,latent_sar_max_wind,Latent MLP · SAR · wind only,25.302564726935497,False,hourly mean,3
EP182023,Otis (2023),with_era5,2023-10-23T22:00:00+00:00,latent_sar_max_wind,Latent MLP · SAR · wind only,25.63062233395047,False,hourly mean,3
EP182023,Otis (2023),with_era5,2023-10-23T23:00:00+00:00,latent_sar_max_wind,Latent MLP · SAR · wind only,25.667375246683758,False,hourly mean,3
EP182023,Otis (2023),with_era5,2023-10-24T00:00:00+00:00,latent_sar_max_wind,Latent MLP · SAR · wind only,25.926057391696506,False,hourly mean,3
EP182023,Otis (2023),with_era5,2023-10-24T01:00:00+00:00,latent_sar_max_wind,Latent MLP · SAR · wind only,26.320944786071777,False,hourly mean,3
EP182023,Otis (2023),with_era5,2023-10-24T02:00:00+00:00,latent_sar_max_wind,Latent MLP · SAR · wind only,27.3078220155504,False,hourly mean,3
EP182023,Otis (2023),with_era5,2023-10-24T03:00:00+00:00,latent_sar_max_wind,Latent MLP · SAR · wind only,28.193618456522625,False,hourly mean,3
EP182023,Otis (2023),with_era5,2023-10-24T04:00:00+00:00,latent_sar_max_wind,Latent MLP · SAR · wind only,29.58918645646837,False,hourly mean,3
EP182023,Otis (2023),with_era5,2023-10-24T05:00:00+00:00,latent_sar_max_wind,Latent MLP · SAR · wind only,30.010675854153106,False,hourly mean,3
EP182023,Otis (2023),with_era5,2023-10-24T06:00:00+00:00,latent_sar_max_wind,Latent MLP · SAR · wind only,31.261577818128796,False,hourly mean,3
EP182023,Otis (2023),with_era5,2023-10-24T07:00:00+00:00,latent_sar_max_wind,Latent MLP · SAR · wind only,32.093048731486,False,hourly mean,3
EP182023,Otis (2023),with_era5,2023-10-24T08:00:00+00:00,latent_sar_max_wind,Latent MLP · SAR · wind only,35.48348702324761,False,hourly mean,3
EP182023,Otis (2023),with_era5,2023-10-24T09:00:00+00:00,latent_sar_max_wind,Latent MLP · SAR · wind only,37.39310052659777,False,hourly mean,3
EP182023,Otis (2023),with_era5,2023-10-24T10:00:00+00:00,latent_sar_max_wind,Latent MLP · SAR · wind only,39.759128782484275,False,hourly mean,3
EP182023,Otis (2023),with_era5,2023-10-24T11:00:00+00:00,latent_sar_max_wind,Latent MLP · SAR · wind only,40.381302515665695,False,hourly mean,3
EP182023,Otis (2023),with_era5,2023-10-24T12:00:00+00:00,latent_sar_max_wind,Latent MLP · SAR · wind only,41.17786407470703,False,hourly mean,3
EP182023,Otis (2023),with_era5,2023-10-24T13:00:00+00:00,latent_sar_max_wind,Latent MLP · SAR · wind only,42.00643984476725,True,hourly mean,3
EP182023,Otis (2023),with_era5,2023-10-24T14:00:00+00:00,latent_sar_max_wind,Latent MLP · SAR · wind only,41.47102779812283,True,hourly mean,3
EP182023,Otis (2023),with_era5,2023-10-24T15:00:00+00:00,latent_sar_max_wind,Latent MLP · SAR · wind only,41.09805488586426,True,hourly mean,3
EP182023,Otis (2023),with_era5,2023-10-24T16:00:00+00:00,latent_sar_max_wind,Latent MLP · SAR · wind only,38.82191318935818,True,hourly mean,3
EP182023,Otis (2023),with_era5,2023-10-24T17:00:00+00:00,latent_sar_max_wind,Latent MLP · SAR · wind only,37.11154132419162,True,hourly mean,3
EP182023,Otis (2023),with_era5,2023-10-24T18:00:00+00:00,latent_sar_max_wind,Latent MLP · SAR · wind only,35.053217781914604,True,hourly mean,3
EP182023,Otis (2023),with_era5,2023-10-24T19:00:00+00:00,latent_sar_max_wind,Latent MLP · SAR · wind only,33.765018463134766,True,hourly mean,3
EP182023,Otis (2023),with_era5,2023-10-24T20:00:00+00:00,latent_sar_max_wind,Latent MLP · SAR · wind only,34.79710027906629,True,hourly mean,3
EP182023,Otis (2023),with_era5,2023-10-24T21:00:00+00:00,latent_sar_max_wind,Latent MLP · SAR · wind only,38.36355802747938,True,hourly mean,3
EP182023,Otis (2023),with_era5,2023-10-24T22:00:00+00:00,latent_sar_max_wind,Latent MLP · SAR · wind only,45.198661592271584,True,hourly mean,3
EP182023,Otis (2023),with_era5,2023-10-24T23:00:00+00:00,latent_sar_max_wind,Latent MLP · SAR · wind only,52.29115719265408,True,hourly mean,3
EP182023,Otis (2023),with_era5,2023-10-25T00:00:00+00:00,latent_sar_max_wind,Latent MLP · SAR · wind only,59.692958407931854,True,hourly mean,3
EP182023,Otis (2023),with_era5,2023-10-25T01:00:00+00:00,latent_sar_max_wind,Latent MLP · SAR · wind only,64.7700907389323,True,hourly mean,3
EP182023,Otis (2023),with_era5,2023-10-25T02:00:00+00:00,latent_sar_max_wind,Latent MLP · SAR · wind only,65.4303618537055,True,hourly mean,3
EP182023,Otis (2023),with_era5,2023-10-25T03:00:00+00:00,latent_sar_max_wind,Latent MLP · SAR · wind only,64.21565585666232,True,hourly mean,3
EP182023,Otis (2023),with_era5,2023-10-25T04:00:00+00:00,latent_sar_max_wind,Latent MLP · SAR · wind only,62.96164237128363,True,hourly mean,3
EP182023,Otis (2023),with_era5,2023-10-25T05:00:00+00:00,latent_sar_max_wind,Latent MLP · SAR · wind only,59.7935259077284,True,hourly mean,3
EP182023,Otis (2023),with_era5,2023-10-25T06:00:00+00:00,latent_sar_max_wind,Latent MLP · SAR · wind only,53.34428469340006,True,hourly mean,3
EP182023,Otis (2023),with_era5,2023-10-25T07:00:00+00:00,latent_sar_max_wind,Latent MLP · SAR · wind only,43.364745140075684,True,hourly mean,3
EP182023,Otis (2023),with_era5,2023-10-25T08:00:00+00:00,latent_sar_max_wind,Latent MLP · SAR · wind only,32.56106524997286,True,hourly mean,3
EP182023,Otis (2023),with_era5,2023-10-25T09:00:00+00:00,latent_sar_max_wind,Latent MLP · SAR · wind only,24.63289928436279,True,hourly mean,3
EP182023,Otis (2023),with_era5,2023-10-25T10:00:00+00:00,latent_sar_max_wind,Latent MLP · SAR · wind only,20.642673068576382,True,hourly mean,3
EP182023,Otis (2023),with_era5,2023-10-25T11:00:00+00:00,latent_sar_max_wind,Latent MLP · SAR · wind only,23.35812388526068,True,hourly mean,3
EP182023,Otis (2023),with_era5,2023-10-25T12:00:00+00:00,latent_sar_max_wind,Latent MLP · SAR · wind only,27.09181510077582,False,hourly mean,3
EP182023,Otis (2023),with_era5,2023-10-25T13:00:00+00:00,latent_sar_max_wind,Latent MLP · SAR · wind only,30.551928626166443,False,hourly mean,3
EP182023,Otis (2023),with_era5,2023-10-25T14:00:00+00:00,latent_sar_max_wind,Latent MLP · SAR · wind only,32.172718895806206,False,hourly mean,3
EP182023,Otis (2023),with_era5,2023-10-25T15:00:00+00:00,latent_sar_max_wind,Latent MLP · SAR · wind only,33.1445386674669,False,hourly mean,3
EP182023,Otis (2023),with_era5,2023-10-25T16:00:00+00:00,latent_sar_max_wind,Latent MLP · SAR · wind only,33.789383994208436,False,hourly mean,3
EP182023,Otis (2023),with_era5,2023-10-25T17:00:00+00:00,latent_sar_max_wind,Latent MLP · SAR · wind only,34.081096331278474,False,hourly mean,3
EP182023,Otis (2023),with_era5,2023-10-21T00:00:00+00:00,latent_sar_max_wind_radii,Latent MLP · SAR · wind + radii,20.08681503931681,False,hourly mean,3
EP182023,Otis (2023),with_era5,2023-10-21T01:00:00+00:00,latent_sar_max_wind_radii,Latent MLP · SAR · wind + radii,19.982854101392956,False,hourly mean,3
EP182023,Otis (2023),with_era5,2023-10-21T02:00:00+00:00,latent_sar_max_wind_radii,Latent MLP · SAR · wind + radii,19.808415942721894,False,hourly mean,3
EP182023,Otis (2023),with_era5,2023-10-21T03:00:00+00:00,latent_sar_max_wind_radii,Latent MLP · SAR · wind + radii,19.71716213226318,False,hourly mean,3
EP182023,Otis (2023),with_era5,2023-10-21T04:00:00+00:00,latent_sar_max_wind_radii,Latent MLP · SAR · wind + radii,19.69893783993191,False,hourly mean,3
EP182023,Otis (2023),with_era5,2023-10-21T05:00:00+00:00,latent_sar_max_wind_radii,Latent MLP · SAR · wind + radii,19.827725728352863,False,hourly mean,3
EP182023,Otis (2023),with_era5,2023-10-21T06:00:00+00:00,latent_sar_max_wind_radii,Latent MLP · SAR · wind + radii,19.936844931708443,False,hourly mean,3
EP182023,Otis (2023),with_era5,2023-10-21T07:00:00+00:00,latent_sar_max_wind_radii,Latent MLP · SAR · wind + radii,20.020480473836262,False,hourly mean,3
EP182023,Otis (2023),with_era5,2023-10-21T08:00:00+00:00,latent_sar_max_wind_radii,Latent MLP · SAR · wind + radii,20.06982633802626,False,hourly mean,3
EP182023,Otis (2023),with_era5,2023-10-21T09:00:00+00:00,latent_sar_max_wind_radii,Latent MLP · SAR · wind + radii,20.0753722720676,False,hourly mean,3
EP182023,Otis (2023),with_era5,2023-10-21T10:00:00+00:00,latent_sar_max_wind_radii,Latent MLP · SAR · wind + radii,20.070423126220707,False,hourly mean,3
EP182023,Otis (2023),with_era5,2023-10-21T11:00:00+00:00,latent_sar_max_wind_radii,Latent MLP · SAR · wind + radii,19.89486927456326,False,hourly mean,3
EP182023,Otis (2023),with_era5,2023-10-21T12:00:00+00:00,latent_sar_max_wind_radii,Latent MLP · SAR · wind + radii,19.731693585713703,False,hourly mean,3
EP182023,Otis (2023),with_era5,2023-10-21T13:00:00+00:00,latent_sar_max_wind_radii,Latent MLP · SAR · wind + radii,19.72844017876519,False,hourly mean,3
EP182023,Otis (2023),with_era5,2023-10-21T14:00:00+00:00,latent_sar_max_wind_radii,Latent MLP · SAR · wind + radii,19.97819232940674,False,hourly mean,3
EP182023,Otis (2023),with_era5,2023-10-21T15:00:00+00:00,latent_sar_max_wind_radii,Latent MLP · SAR · wind + radii,20.44373173183865,False,hourly mean,3
EP182023,Otis (2023),with_era5,2023-10-21T16:00:00+00:00,latent_sar_max_wind_radii,Latent MLP · SAR · wind + radii,21.04233180152045,False,hourly mean,3
EP182023,Otis (2023),with_era5,2023-10-21T17:00:00+00:00,latent_sar_max_wind_radii,Latent MLP · SAR · wind + radii,21.58487383524577,False,hourly mean,3
EP182023,Otis (2023),with_era5,2023-10-21T18:00:00+00:00,latent_sar_max_wind_radii,Latent MLP · SAR · wind + radii,21.9827086130778,False,hourly mean,3
EP182023,Otis (2023),with_era5,2023-10-21T19:00:00+00:00,latent_sar_max_wind_radii,Latent MLP · SAR · wind + radii,22.118676715426975,False,hourly mean,3
EP182023,Otis (2023),with_era5,2023-10-21T20:00:00+00:00,latent_sar_max_wind_radii,Latent MLP · SAR · wind + radii,21.814366552564834,False,hourly mean,3
EP182023,Otis (2023),with_era5,2023-10-21T21:00:00+00:00,latent_sar_max_wind_radii,Latent MLP · SAR · wind + radii,21.352604760064022,False,hourly mean,3
EP182023,Otis (2023),with_era5,2023-10-21T22:00:00+00:00,latent_sar_max_wind_radii,Latent MLP · SAR · wind + radii,20.758552339341907,False,hourly mean,3
EP182023,Otis (2023),with_era5,2023-10-21T23:00:00+00:00,latent_sar_max_wind_radii,Latent MLP · SAR · wind + radii,20.330157703823513,False,hourly mean,3
EP182023,Otis (2023),with_era5,2023-10-22T00:00:00+00:00,latent_sar_max_wind_radii,Latent MLP · SAR · wind + radii,20.003463957044815,False,hourly mean,3
EP182023,Otis (2023),with_era5,2023-10-22T01:00:00+00:00,latent_sar_max_wind_radii,Latent MLP · SAR · wind + radii,19.800341606140137,False,hourly mean,3
EP182023,Otis (2023),with_era5,2023-10-22T02:00:00+00:00,latent_sar_max_wind_radii,Latent MLP · SAR · wind + radii,20.021705203586155,False,hourly mean,3
EP182023,Otis (2023),with_era5,2023-10-22T03:00:00+00:00,latent_sar_max_wind_radii,Latent MLP · SAR · wind + radii,20.215259234110516,False,hourly mean,3
EP182023,Otis (2023),with_era5,2023-10-22T04:00:00+00:00,latent_sar_max_wind_radii,Latent MLP · SAR · wind + radii,20.46974531809489,False,hourly mean,3
EP182023,Otis (2023),with_era5,2023-10-22T05:00:00+00:00,latent_sar_max_wind_radii,Latent MLP · SAR · wind + radii,20.591899659898544,False,hourly mean,3
EP182023,Otis (2023),with_era5,2023-10-22T06:00:00+00:00,latent_sar_max_wind_radii,Latent MLP · SAR · wind + radii,20.7993983162774,False,hourly mean,3
EP182023,Otis (2023),with_era5,2023-10-22T07:00:00+00:00,latent_sar_max_wind_radii,Latent MLP · SAR · wind + radii,20.948599815368652,False,hourly mean,3
EP182023,Otis (2023),with_era5,2023-10-22T08:00:00+00:00,latent_sar_max_wind_radii,Latent MLP · SAR · wind + radii,21.247394031948513,False,hourly mean,3
EP182023,Otis (2023),with_era5,2023-10-22T09:00:00+00:00,latent_sar_max_wind_radii,Latent MLP · SAR · wind + radii,21.752523316277394,False,hourly mean,3
EP182023,Otis (2023),with_era5,2023-10-22T10:00:00+00:00,latent_sar_max_wind_radii,Latent MLP · SAR · wind + radii,22.46423594156901,False,hourly mean,3
EP182023,Otis (2023),with_era5,2023-10-22T11:00:00+00:00,latent_sar_max_wind_radii,Latent MLP · SAR · wind + radii,22.76593187120226,False,hourly mean,3
EP182023,Otis (2023),with_era5,2023-10-22T12:00:00+00:00,latent_sar_max_wind_radii,Latent MLP · SAR · wind + radii,22.569785118103027,False,hourly mean,3
EP182023,Otis (2023),with_era5,2023-10-22T13:00:00+00:00,latent_sar_max_wind_radii,Latent MLP · SAR · wind + radii,21.959345605638294,False,hourly mean,3
EP182023,Otis (2023),with_era5,2023-10-22T14:00:00+00:00,latent_sar_max_wind_radii,Latent MLP · SAR · wind + radii,22.159580760531952,False,hourly mean,3
EP182023,Otis (2023),with_era5,2023-10-22T15:00:00+00:00,latent_sar_max_wind_radii,Latent MLP · SAR · wind + radii,22.57104704115126,False,hourly mean,3
EP182023,Otis (2023),with_era5,2023-10-22T16:00:00+00:00,latent_sar_max_wind_radii,Latent MLP · SAR · wind + radii,23.134145948621963,False,hourly mean,3
EP182023,Otis (2023),with_era5,2023-10-22T17:00:00+00:00,latent_sar_max_wind_radii,Latent MLP · SAR · wind + radii,22.834643999735516,False,hourly mean,3
EP182023,Otis (2023),with_era5,2023-10-22T18:00:00+00:00,latent_sar_max_wind_radii,Latent MLP · SAR · wind + radii,22.596820301479763,False,hourly mean,3
EP182023,Otis (2023),with_era5,2023-10-22T19:00:00+00:00,latent_sar_max_wind_radii,Latent MLP · SAR · wind + radii,23.51285743713379,False,hourly mean,3
EP182023,Otis (2023),with_era5,2023-10-22T20:00:00+00:00,latent_sar_max_wind_radii,Latent MLP · SAR · wind + radii,27.535450723436142,False,hourly mean,3
EP182023,Otis (2023),with_era5,2023-10-22T21:00:00+00:00,latent_sar_max_wind_radii,Latent MLP · SAR · wind + radii,30.27903111775716,False,hourly mean,3
EP182023,Otis (2023),with_era5,2023-10-22T22:00:00+00:00,latent_sar_max_wind_radii,Latent MLP · SAR · wind + radii,30.81682851579454,False,hourly mean,3
EP182023,Otis (2023),with_era5,2023-10-22T23:00:00+00:00,latent_sar_max_wind_radii,Latent MLP · SAR · wind + radii,27.634187698364258,False,hourly mean,3
EP182023,Otis (2023),with_era5,2023-10-23T00:00:00+00:00,latent_sar_max_wind_radii,Latent MLP · SAR · wind + radii,25.200832155015732,False,hourly mean,3
EP182023,Otis (2023),with_era5,2023-10-23T01:00:00+00:00,latent_sar_max_wind_radii,Latent MLP · SAR · wind + radii,23.510165532430012,False,hourly mean,3
EP182023,Otis (2023),with_era5,2023-10-23T02:00:00+00:00,latent_sar_max_wind_radii,Latent MLP · SAR · wind + radii,22.181981510586212,False,hourly mean,3
EP182023,Otis (2023),with_era5,2023-10-23T03:00:00+00:00,latent_sar_max_wind_radii,Latent MLP · SAR · wind + radii,21.372365527682835,False,hourly mean,3
EP182023,Otis (2023),with_era5,2023-10-23T04:00:00+00:00,latent_sar_max_wind_radii,Latent MLP · SAR · wind + radii,21.045154677497013,False,hourly mean,3
EP182023,Otis (2023),with_era5,2023-10-23T05:00:00+00:00,latent_sar_max_wind_radii,Latent MLP · SAR · wind + radii,21.355232132805714,False,hourly mean,3
EP182023,Otis (2023),with_era5,2023-10-23T06:00:00+00:00,latent_sar_max_wind_radii,Latent MLP · SAR · wind + radii,21.98048644595676,False,hourly mean,3
EP182023,Otis (2023),with_era5,2023-10-23T07:00:00+00:00,latent_sar_max_wind_radii,Latent MLP · SAR · wind + radii,22.754507912529835,False,hourly mean,3
EP182023,Otis (2023),with_era5,2023-10-23T08:00:00+00:00,latent_sar_max_wind_radii,Latent MLP · SAR · wind + radii,23.394888348049587,False,hourly mean,3
EP182023,Otis (2023),with_era5,2023-10-23T09:00:00+00:00,latent_sar_max_wind_radii,Latent MLP · SAR · wind + radii,23.69075531429715,False,hourly mean,3
EP182023,Otis (2023),with_era5,2023-10-23T10:00:00+00:00,latent_sar_max_wind_radii,Latent MLP · SAR · wind + radii,23.599876403808594,False,hourly mean,3
EP182023,Otis (2023),with_era5,2023-10-23T11:00:00+00:00,latent_sar_max_wind_radii,Latent MLP · SAR · wind + radii,23.17459519704183,False,hourly mean,3
EP182023,Otis (2023),with_era5,2023-10-23T12:00:00+00:00,latent_sar_max_wind_radii,Latent MLP · SAR · wind + radii,23.157717280917698,False,hourly mean,3
EP182023,Otis (2023),with_era5,2023-10-23T13:00:00+00:00,latent_sar_max_wind_radii,Latent MLP · SAR · wind + radii,23.861728456285267,False,hourly mean,3
EP182023,Otis (2023),with_era5,2023-10-23T14:00:00+00:00,latent_sar_max_wind_radii,Latent MLP · SAR · wind + radii,24.328587638007267,False,hourly mean,3
EP182023,Otis (2023),with_era5,2023-10-23T15:00:00+00:00,latent_sar_max_wind_radii,Latent MLP · SAR · wind + radii,24.970329920450848,False,hourly mean,3
EP182023,Otis (2023),with_era5,2023-10-23T16:00:00+00:00,latent_sar_max_wind_radii,Latent MLP · SAR · wind + radii,25.649915907118057,False,hourly mean,3
EP182023,Otis (2023),with_era5,2023-10-23T17:00:00+00:00,latent_sar_max_wind_radii,Latent MLP · SAR · wind + radii,26.945264074537487,False,hourly mean,3
EP182023,Otis (2023),with_era5,2023-10-23T18:00:00+00:00,latent_sar_max_wind_radii,Latent MLP · SAR · wind + radii,27.691762924194336,False,hourly mean,3
EP182023,Otis (2023),with_era5,2023-10-23T19:00:00+00:00,latent_sar_max_wind_radii,Latent MLP · SAR · wind + radii,27.66311550140381,False,hourly mean,3
EP182023,Otis (2023),with_era5,2023-10-23T20:00:00+00:00,latent_sar_max_wind_radii,Latent MLP · SAR · wind + radii,27.566579182942707,False,hourly mean,3
EP182023,Otis (2023),with_era5,2023-10-23T21:00:00+00:00,latent_sar_max_wind_radii,Latent MLP · SAR · wind + radii,27.603668318854435,False,hourly mean,3
EP182023,Otis (2023),with_era5,2023-10-23T22:00:00+00:00,latent_sar_max_wind_radii,Latent MLP · SAR · wind + radii,27.53337457444933,False,hourly mean,3
EP182023,Otis (2023),with_era5,2023-10-23T23:00:00+00:00,latent_sar_max_wind_radii,Latent MLP · SAR · wind + radii,27.140636867947048,False,hourly mean,3
EP182023,Otis (2023),with_era5,2023-10-24T00:00:00+00:00,latent_sar_max_wind_radii,Latent MLP · SAR · wind + radii,26.55690860748291,False,hourly mean,3
EP182023,Otis (2023),with_era5,2023-10-24T01:00:00+00:00,latent_sar_max_wind_radii,Latent MLP · SAR · wind + radii,26.248392528957794,False,hourly mean,3
EP182023,Otis (2023),with_era5,2023-10-24T02:00:00+00:00,latent_sar_max_wind_radii,Latent MLP · SAR · wind + radii,26.725092993842228,False,hourly mean,3
EP182023,Otis (2023),with_era5,2023-10-24T03:00:00+00:00,latent_sar_max_wind_radii,Latent MLP · SAR · wind + radii,27.48342810736762,False,hourly mean,3
EP182023,Otis (2023),with_era5,2023-10-24T04:00:00+00:00,latent_sar_max_wind_radii,Latent MLP · SAR · wind + radii,28.2954977883233,False,hourly mean,3
EP182023,Otis (2023),with_era5,2023-10-24T05:00:00+00:00,latent_sar_max_wind_radii,Latent MLP · SAR · wind + radii,29.429008060031464,False,hourly mean,3
EP182023,Otis (2023),with_era5,2023-10-24T06:00:00+00:00,latent_sar_max_wind_radii,Latent MLP · SAR · wind + radii,32.49380408393012,False,hourly mean,3
EP182023,Otis (2023),with_era5,2023-10-24T07:00:00+00:00,latent_sar_max_wind_radii,Latent MLP · SAR · wind + radii,34.324055989583336,False,hourly mean,3
EP182023,Otis (2023),with_era5,2023-10-24T08:00:00+00:00,latent_sar_max_wind_radii,Latent MLP · SAR · wind + radii,37.15286191304525,False,hourly mean,3
EP182023,Otis (2023),with_era5,2023-10-24T09:00:00+00:00,latent_sar_max_wind_radii,Latent MLP · SAR · wind + radii,37.88678296407064,False,hourly mean,3
EP182023,Otis (2023),with_era5,2023-10-24T10:00:00+00:00,latent_sar_max_wind_radii,Latent MLP · SAR · wind + radii,41.04512977600098,False,hourly mean,3
EP182023,Otis (2023),with_era5,2023-10-24T11:00:00+00:00,latent_sar_max_wind_radii,Latent MLP · SAR · wind + radii,45.466596603393555,False,hourly mean,3
EP182023,Otis (2023),with_era5,2023-10-24T12:00:00+00:00,latent_sar_max_wind_radii,Latent MLP · SAR · wind + radii,49.58229976230197,False,hourly mean,3
EP182023,Otis (2023),with_era5,2023-10-24T13:00:00+00:00,latent_sar_max_wind_radii,Latent MLP · SAR · wind + radii,52.40081596374512,True,hourly mean,3
EP182023,Otis (2023),with_era5,2023-10-24T14:00:00+00:00,latent_sar_max_wind_radii,Latent MLP · SAR · wind + radii,46.45981661478678,True,hourly mean,3
EP182023,Otis (2023),with_era5,2023-10-24T15:00:00+00:00,latent_sar_max_wind_radii,Latent MLP · SAR · wind + radii,41.723510318332245,True,hourly mean,3
EP182023,Otis (2023),with_era5,2023-10-24T16:00:00+00:00,latent_sar_max_wind_radii,Latent MLP · SAR · wind + radii,36.392717361450195,True,hourly mean,3
EP182023,Otis (2023),with_era5,2023-10-24T17:00:00+00:00,latent_sar_max_wind_radii,Latent MLP · SAR · wind + radii,35.99450259738499,True,hourly mean,3
EP182023,Otis (2023),with_era5,2023-10-24T18:00:00+00:00,latent_sar_max_wind_radii,Latent MLP · SAR · wind + radii,34.481778674655494,True,hourly mean,3
EP182023,Otis (2023),with_era5,2023-10-24T19:00:00+00:00,latent_sar_max_wind_radii,Latent MLP · SAR · wind + radii,33.05658721923829,True,hourly mean,3
EP182023,Otis (2023),with_era5,2023-10-24T20:00:00+00:00,latent_sar_max_wind_radii,Latent MLP · SAR · wind + radii,37.76396475897895,True,hourly mean,3
EP182023,Otis (2023),with_era5,2023-10-24T21:00:00+00:00,latent_sar_max_wind_radii,Latent MLP · SAR · wind + radii,45.59052022298177,True,hourly mean,3
EP182023,Otis (2023),with_era5,2023-10-24T22:00:00+00:00,latent_sar_max_wind_radii,Latent MLP · SAR · wind + radii,55.53969298468695,True,hourly mean,3
EP182023,Otis (2023),with_era5,2023-10-24T23:00:00+00:00,latent_sar_max_wind_radii,Latent MLP · SAR · wind + radii,60.40327262878418,True,hourly mean,3
EP182023,Otis (2023),with_era5,2023-10-25T00:00:00+00:00,latent_sar_max_wind_radii,Latent MLP · SAR · wind + radii,63.36210674709744,True,hourly mean,3
EP182023,Otis (2023),with_era5,2023-10-25T01:00:00+00:00,latent_sar_max_wind_radii,Latent MLP · SAR · wind + radii,64.66497082180447,True,hourly mean,3
EP182023,Otis (2023),with_era5,2023-10-25T02:00:00+00:00,latent_sar_max_wind_radii,Latent MLP · SAR · wind + radii,65.64231554667155,True,hourly mean,3
EP182023,Otis (2023),with_era5,2023-10-25T03:00:00+00:00,latent_sar_max_wind_radii,Latent MLP · SAR · wind + radii,65.22692108154297,True,hourly mean,3
EP182023,Otis (2023),with_era5,2023-10-25T04:00:00+00:00,latent_sar_max_wind_radii,Latent MLP · SAR · wind + radii,63.849107318454315,True,hourly mean,3
EP182023,Otis (2023),with_era5,2023-10-25T05:00:00+00:00,latent_sar_max_wind_radii,Latent MLP · SAR · wind + radii,59.534030490451386,True,hourly mean,3
EP182023,Otis (2023),with_era5,2023-10-25T06:00:00+00:00,latent_sar_max_wind_radii,Latent MLP · SAR · wind + radii,49.72505187988281,True,hourly mean,3
EP182023,Otis (2023),with_era5,2023-10-25T07:00:00+00:00,latent_sar_max_wind_radii,Latent MLP · SAR · wind + radii,40.22621726989746,True,hourly mean,3
EP182023,Otis (2023),with_era5,2023-10-25T08:00:00+00:00,latent_sar_max_wind_radii,Latent MLP · SAR · wind + radii,29.79773913489448,True,hourly mean,3
EP182023,Otis (2023),with_era5,2023-10-25T09:00:00+00:00,latent_sar_max_wind_radii,Latent MLP · SAR · wind + radii,24.992165671454533,True,hourly mean,3
EP182023,Otis (2023),with_era5,2023-10-25T10:00:00+00:00,latent_sar_max_wind_radii,Latent MLP · SAR · wind + radii,20.93633132510715,True,hourly mean,3
EP182023,Otis (2023),with_era5,2023-10-25T11:00:00+00:00,latent_sar_max_wind_radii,Latent MLP · SAR · wind + radii,20.951708369784882,True,hourly mean,3
EP182023,Otis (2023),with_era5,2023-10-25T12:00:00+00:00,latent_sar_max_wind_radii,Latent MLP · SAR · wind + radii,21.53736803266737,False,hourly mean,3
EP182023,Otis (2023),with_era5,2023-10-25T13:00:00+00:00,latent_sar_max_wind_radii,Latent MLP · SAR · wind + radii,22.946559694078232,False,hourly mean,3
EP182023,Otis (2023),with_era5,2023-10-25T14:00:00+00:00,latent_sar_max_wind_radii,Latent MLP · SAR · wind + radii,26.912271817525227,False,hourly mean,3
EP182023,Otis (2023),with_era5,2023-10-25T15:00:00+00:00,latent_sar_max_wind_radii,Latent MLP · SAR · wind + radii,30.98994657728407,False,hourly mean,3
EP182023,Otis (2023),with_era5,2023-10-25T16:00:00+00:00,latent_sar_max_wind_radii,Latent MLP · SAR · wind + radii,34.310776180691185,False,hourly mean,3
EP182023,Otis (2023),with_era5,2023-10-25T17:00:00+00:00,latent_sar_max_wind_radii,Latent MLP · SAR · wind + radii,34.850867907206215,False,hourly mean,3
EP182023,Otis (2023),with_era5,2023-10-21T00:00:00+00:00,latent_no_sar_max_wind,Latent MLP · no SAR · wind only,19.335655212402344,False,hourly mean,3
EP182023,Otis (2023),with_era5,2023-10-21T01:00:00+00:00,latent_no_sar_max_wind,Latent MLP · no SAR · wind only,19.40057627360026,False,hourly mean,3
EP182023,Otis (2023),with_era5,2023-10-21T02:00:00+00:00,latent_no_sar_max_wind,Latent MLP · no SAR · wind only,19.724212434556748,False,hourly mean,3
EP182023,Otis (2023),with_era5,2023-10-21T03:00:00+00:00,latent_no_sar_max_wind,Latent MLP · no SAR · wind only,20.173351393805607,False,hourly mean,3
EP182023,Otis (2023),with_era5,2023-10-21T04:00:00+00:00,latent_no_sar_max_wind,Latent MLP · no SAR · wind only,20.834155718485516,False,hourly mean,3
EP182023,Otis (2023),with_era5,2023-10-21T05:00:00+00:00,latent_no_sar_max_wind,Latent MLP · no SAR · wind only,21.451401074727375,False,hourly mean,3
EP182023,Otis (2023),with_era5,2023-10-21T06:00:00+00:00,latent_no_sar_max_wind,Latent MLP · no SAR · wind only,21.64180766211616,False,hourly mean,3
EP182023,Otis (2023),with_era5,2023-10-21T07:00:00+00:00,latent_no_sar_max_wind,Latent MLP · no SAR · wind only,21.426596641540527,False,hourly mean,3
EP182023,Otis (2023),with_era5,2023-10-21T08:00:00+00:00,latent_no_sar_max_wind,Latent MLP · no SAR · wind only,20.96684392293294,False,hourly mean,3
EP182023,Otis (2023),with_era5,2023-10-21T09:00:00+00:00,latent_no_sar_max_wind,Latent MLP · no SAR · wind only,20.81253899468316,False,hourly mean,3
EP182023,Otis (2023),with_era5,2023-10-21T10:00:00+00:00,latent_no_sar_max_wind,Latent MLP · no SAR · wind only,20.70304520924886,False,hourly mean,3
EP182023,Otis (2023),with_era5,2023-10-21T11:00:00+00:00,latent_no_sar_max_wind,Latent MLP · no SAR · wind only,20.592097918192547,False,hourly mean,3
EP182023,Otis (2023),with_era5,2023-10-21T12:00:00+00:00,latent_no_sar_max_wind,Latent MLP · no SAR · wind only,20.452778710259334,False,hourly mean,3
EP182023,Otis (2023),with_era5,2023-10-21T13:00:00+00:00,latent_no_sar_max_wind,Latent MLP · no SAR · wind only,20.387922286987305,False,hourly mean,3
EP182023,Otis (2023),with_era5,2023-10-21T14:00:00+00:00,latent_no_sar_max_wind,Latent MLP · no SAR · wind only,20.531010627746582,False,hourly mean,3
EP182023,Otis (2023),with_era5,2023-10-21T15:00:00+00:00,latent_no_sar_max_wind,Latent MLP · no SAR · wind only,20.865294668409557,False,hourly mean,3
EP182023,Otis (2023),with_era5,2023-10-21T16:00:00+00:00,latent_no_sar_max_wind,Latent MLP · no SAR · wind only,21.106525739034016,False,hourly mean,3
EP182023,Otis (2023),with_era5,2023-10-21T17:00:00+00:00,latent_no_sar_max_wind,Latent MLP · no SAR · wind only,21.36651611328125,False,hourly mean,3
EP182023,Otis (2023),with_era5,2023-10-21T18:00:00+00:00,latent_no_sar_max_wind,Latent MLP · no SAR · wind only,21.234898567199707,False,hourly mean,3
EP182023,Otis (2023),with_era5,2023-10-21T19:00:00+00:00,latent_no_sar_max_wind,Latent MLP · no SAR · wind only,20.98349952697754,False,hourly mean,3
EP182023,Otis (2023),with_era5,2023-10-21T20:00:00+00:00,latent_no_sar_max_wind,Latent MLP · no SAR · wind only,20.452159775627987,False,hourly mean,3
EP182023,Otis (2023),with_era5,2023-10-21T21:00:00+00:00,latent_no_sar_max_wind,Latent MLP · no SAR · wind only,20.165701124403213,False,hourly mean,3
EP182023,Otis (2023),with_era5,2023-10-21T22:00:00+00:00,latent_no_sar_max_wind,Latent MLP · no SAR · wind only,20.13784948984782,False,hourly mean,3
EP182023,Otis (2023),with_era5,2023-10-21T23:00:00+00:00,latent_no_sar_max_wind,Latent MLP · no SAR · wind only,20.326109462314182,False,hourly mean,3
EP182023,Otis (2023),with_era5,2023-10-22T00:00:00+00:00,latent_no_sar_max_wind,Latent MLP · no SAR · wind only,20.624806086222332,False,hourly mean,3
EP182023,Otis (2023),with_era5,2023-10-22T01:00:00+00:00,latent_no_sar_max_wind,Latent MLP · no SAR · wind only,21.022066752115887,False,hourly mean,3
EP182023,Otis (2023),with_era5,2023-10-22T02:00:00+00:00,latent_no_sar_max_wind,Latent MLP · no SAR · wind only,21.275867462158203,False,hourly mean,3
EP182023,Otis (2023),with_era5,2023-10-22T03:00:00+00:00,latent_no_sar_max_wind,Latent MLP · no SAR · wind only,21.46537854936388,False,hourly mean,3
EP182023,Otis (2023),with_era5,2023-10-22T04:00:00+00:00,latent_no_sar_max_wind,Latent MLP · no SAR · wind only,21.524431970384384,False,hourly mean,3
EP182023,Otis (2023),with_era5,2023-10-22T05:00:00+00:00,latent_no_sar_max_wind,Latent MLP · no SAR · wind only,21.61190689934625,False,hourly mean,3
EP182023,Otis (2023),with_era5,2023-10-22T06:00:00+00:00,latent_no_sar_max_wind,Latent MLP · no SAR · wind only,21.580389234754776,False,hourly mean,3
EP182023,Otis (2023),with_era5,2023-10-22T07:00:00+00:00,latent_no_sar_max_wind,Latent MLP · no SAR · wind only,21.534112718370224,False,hourly mean,3
EP182023,Otis (2023),with_era5,2023-10-22T08:00:00+00:00,latent_no_sar_max_wind,Latent MLP · no SAR · wind only,21.704273753696015,False,hourly mean,3
EP182023,Otis (2023),with_era5,2023-10-22T09:00:00+00:00,latent_no_sar_max_wind,Latent MLP · no SAR · wind only,21.758190472920734,False,hourly mean,3
EP182023,Otis (2023),with_era5,2023-10-22T10:00:00+00:00,latent_no_sar_max_wind,Latent MLP · no SAR · wind only,21.813058111402725,False,hourly mean,3
EP182023,Otis (2023),with_era5,2023-10-22T11:00:00+00:00,latent_no_sar_max_wind,Latent MLP · no SAR · wind only,21.591096666124134,False,hourly mean,3
EP182023,Otis (2023),with_era5,2023-10-22T12:00:00+00:00,latent_no_sar_max_wind,Latent MLP · no SAR · wind only,21.564785639444988,False,hourly mean,3
EP182023,Otis (2023),with_era5,2023-10-22T13:00:00+00:00,latent_no_sar_max_wind,Latent MLP · no SAR · wind only,21.49412949879964,False,hourly mean,3
EP182023,Otis (2023),with_era5,2023-10-22T14:00:00+00:00,latent_no_sar_max_wind,Latent MLP · no SAR · wind only,21.443769454956055,False,hourly mean,3
EP182023,Otis (2023),with_era5,2023-10-22T15:00:00+00:00,latent_no_sar_max_wind,Latent MLP · no SAR · wind only,21.90169609917535,False,hourly mean,3
EP182023,Otis (2023),with_era5,2023-10-22T16:00:00+00:00,latent_no_sar_max_wind,Latent MLP · no SAR · wind only,22.433215247260204,False,hourly mean,3
EP182023,Otis (2023),with_era5,2023-10-22T17:00:00+00:00,latent_no_sar_max_wind,Latent MLP · no SAR · wind only,22.887526512145996,False,hourly mean,3
EP182023,Otis (2023),with_era5,2023-10-22T18:00:00+00:00,latent_no_sar_max_wind,Latent MLP · no SAR · wind only,22.674589157104492,False,hourly mean,3
EP182023,Otis (2023),with_era5,2023-10-22T19:00:00+00:00,latent_no_sar_max_wind,Latent MLP · no SAR · wind only,22.251538276672363,False,hourly mean,3
EP182023,Otis (2023),with_era5,2023-10-22T20:00:00+00:00,latent_no_sar_max_wind,Latent MLP · no SAR · wind only,23.29337702857124,False,hourly mean,3
EP182023,Otis (2023),with_era5,2023-10-22T21:00:00+00:00,latent_no_sar_max_wind,Latent MLP · no SAR · wind only,24.480260531107586,False,hourly mean,3
EP182023,Otis (2023),with_era5,2023-10-22T22:00:00+00:00,latent_no_sar_max_wind,Latent MLP · no SAR · wind only,24.525199466281464,False,hourly mean,3
EP182023,Otis (2023),with_era5,2023-10-22T23:00:00+00:00,latent_no_sar_max_wind,Latent MLP · no SAR · wind only,23.618945333692764,False,hourly mean,3
EP182023,Otis (2023),with_era5,2023-10-23T00:00:00+00:00,latent_no_sar_max_wind,Latent MLP · no SAR · wind only,23.08731312221951,False,hourly mean,3
EP182023,Otis (2023),with_era5,2023-10-23T01:00:00+00:00,latent_no_sar_max_wind,Latent MLP · no SAR · wind only,24.308693144056534,False,hourly mean,3
EP182023,Otis (2023),with_era5,2023-10-23T02:00:00+00:00,latent_no_sar_max_wind,Latent MLP · no SAR · wind only,25.163825141059025,False,hourly mean,3
EP182023,Otis (2023),with_era5,2023-10-23T03:00:00+00:00,latent_no_sar_max_wind,Latent MLP · no SAR · wind only,26.31316026051839,False,hourly mean,3
EP182023,Otis (2023),with_era5,2023-10-23T04:00:00+00:00,latent_no_sar_max_wind,Latent MLP · no SAR · wind only,27.4080261654324,False,hourly mean,3
EP182023,Otis (2023),with_era5,2023-10-23T05:00:00+00:00,latent_no_sar_max_wind,Latent MLP · no SAR · wind only,28.684490627712673,False,hourly mean,3
EP182023,Otis (2023),with_era5,2023-10-23T06:00:00+00:00,latent_no_sar_max_wind,Latent MLP · no SAR · wind only,28.80273151397705,False,hourly mean,3
EP182023,Otis (2023),with_era5,2023-10-23T07:00:00+00:00,latent_no_sar_max_wind,Latent MLP · no SAR · wind only,27.948506461249455,False,hourly mean,3
EP182023,Otis (2023),with_era5,2023-10-23T08:00:00+00:00,latent_no_sar_max_wind,Latent MLP · no SAR · wind only,25.890146891276043,False,hourly mean,3
EP182023,Otis (2023),with_era5,2023-10-23T09:00:00+00:00,latent_no_sar_max_wind,Latent MLP · no SAR · wind only,24.150788837009003,False,hourly mean,3
EP182023,Otis (2023),with_era5,2023-10-23T10:00:00+00:00,latent_no_sar_max_wind,Latent MLP · no SAR · wind only,22.77605035569933,False,hourly mean,3
EP182023,Otis (2023),with_era5,2023-10-23T11:00:00+00:00,latent_no_sar_max_wind,Latent MLP · no SAR · wind only,22.323686599731445,False,hourly mean,3
EP182023,Otis (2023),with_era5,2023-10-23T12:00:00+00:00,latent_no_sar_max_wind,Latent MLP · no SAR · wind only,21.79457865820991,False,hourly mean,3
EP182023,Otis (2023),with_era5,2023-10-23T13:00:00+00:00,latent_no_sar_max_wind,Latent MLP · no SAR · wind only,21.795818010965984,False,hourly mean,3
EP182023,Otis (2023),with_era5,2023-10-23T14:00:00+00:00,latent_no_sar_max_wind,Latent MLP · no SAR · wind only,21.23834292093913,False,hourly mean,3
EP182023,Otis (2023),with_era5,2023-10-23T15:00:00+00:00,latent_no_sar_max_wind,Latent MLP · no SAR · wind only,21.05563078986274,False,hourly mean,3
EP182023,Otis (2023),with_era5,2023-10-23T16:00:00+00:00,latent_no_sar_max_wind,Latent MLP · no SAR · wind only,20.860771814982098,False,hourly mean,3
EP182023,Otis (2023),with_era5,2023-10-23T17:00:00+00:00,latent_no_sar_max_wind,Latent MLP · no SAR · wind only,21.487641758388943,False,hourly mean,3
EP182023,Otis (2023),with_era5,2023-10-23T18:00:00+00:00,latent_no_sar_max_wind,Latent MLP · no SAR · wind only,22.063404719034832,False,hourly mean,3
EP182023,Otis (2023),with_era5,2023-10-23T19:00:00+00:00,latent_no_sar_max_wind,Latent MLP · no SAR · wind only,22.30274444156223,False,hourly mean,3
EP182023,Otis (2023),with_era5,2023-10-23T20:00:00+00:00,latent_no_sar_max_wind,Latent MLP · no SAR · wind only,22.51633898417155,False,hourly mean,3
EP182023,Otis (2023),with_era5,2023-10-23T21:00:00+00:00,latent_no_sar_max_wind,Latent MLP · no SAR · wind only,22.75944561428494,False,hourly mean,3
EP182023,Otis (2023),with_era5,2023-10-23T22:00:00+00:00,latent_no_sar_max_wind,Latent MLP · no SAR · wind only,23.0163820054796,False,hourly mean,3
EP182023,Otis (2023),with_era5,2023-10-23T23:00:00+00:00,latent_no_sar_max_wind,Latent MLP · no SAR · wind only,23.757842487759063,False,hourly mean,3
EP182023,Otis (2023),with_era5,2023-10-24T00:00:00+00:00,latent_no_sar_max_wind,Latent MLP · no SAR · wind only,24.78567398919,False,hourly mean,3
EP182023,Otis (2023),with_era5,2023-10-24T01:00:00+00:00,latent_no_sar_max_wind,Latent MLP · no SAR · wind only,26.71715694003635,False,hourly mean,3
EP182023,Otis (2023),with_era5,2023-10-24T02:00:00+00:00,latent_no_sar_max_wind,Latent MLP · no SAR · wind only,28.119601779513886,False,hourly mean,3
EP182023,Otis (2023),with_era5,2023-10-24T03:00:00+00:00,latent_no_sar_max_wind,Latent MLP · no SAR · wind only,29.4951114654541,False,hourly mean,3
EP182023,Otis (2023),with_era5,2023-10-24T04:00:00+00:00,latent_no_sar_max_wind,Latent MLP · no SAR · wind only,31.59142186906603,False,hourly mean,3
EP182023,Otis (2023),with_era5,2023-10-24T05:00:00+00:00,latent_no_sar_max_wind,Latent MLP · no SAR · wind only,33.5217489666409,False,hourly mean,3
EP182023,Otis (2023),with_era5,2023-10-24T06:00:00+00:00,latent_no_sar_max_wind,Latent MLP · no SAR · wind only,32.92701509263781,False,hourly mean,3
EP182023,Otis (2023),with_era5,2023-10-24T07:00:00+00:00,latent_no_sar_max_wind,Latent MLP · no SAR · wind only,30.820429272121856,False,hourly mean,3
EP182023,Otis (2023),with_era5,2023-10-24T08:00:00+00:00,latent_no_sar_max_wind,Latent MLP · no SAR · wind only,31.511759016248913,False,hourly mean,3
EP182023,Otis (2023),with_era5,2023-10-24T09:00:00+00:00,latent_no_sar_max_wind,Latent MLP · no SAR · wind only,32.525201585557724,False,hourly mean,3
EP182023,Otis (2023),with_era5,2023-10-24T10:00:00+00:00,latent_no_sar_max_wind,Latent MLP · no SAR · wind only,34.983127170138886,False,hourly mean,3
EP182023,Otis (2023),with_era5,2023-10-24T11:00:00+00:00,latent_no_sar_max_wind,Latent MLP · no SAR · wind only,35.22509087456597,False,hourly mean,3
EP182023,Otis (2023),with_era5,2023-10-24T12:00:00+00:00,latent_no_sar_max_wind,Latent MLP · no SAR · wind only,37.37799241807725,False,hourly mean,3
EP182023,Otis (2023),with_era5,2023-10-24T13:00:00+00:00,latent_no_sar_max_wind,Latent MLP · no SAR · wind only,38.938054190741646,True,hourly mean,3
EP182023,Otis (2023),with_era5,2023-10-24T14:00:00+00:00,latent_no_sar_max_wind,Latent MLP · no SAR · wind only,37.10258769989014,True,hourly mean,3
EP182023,Otis (2023),with_era5,2023-10-24T15:00:00+00:00,latent_no_sar_max_wind,Latent MLP · no SAR · wind only,37.63272232479519,True,hourly mean,3
EP182023,Otis (2023),with_era5,2023-10-24T16:00:00+00:00,latent_no_sar_max_wind,Latent MLP · no SAR · wind only,39.618299378289116,True,hourly mean,3
EP182023,Otis (2023),with_era5,2023-10-24T17:00:00+00:00,latent_no_sar_max_wind,Latent MLP · no SAR · wind only,47.25326601664225,True,hourly mean,3
EP182023,Otis (2023),with_era5,2023-10-24T18:00:00+00:00,latent_no_sar_max_wind,Latent MLP · no SAR · wind only,52.99715360005697,True,hourly mean,3
EP182023,Otis (2023),with_era5,2023-10-24T19:00:00+00:00,latent_no_sar_max_wind,Latent MLP · no SAR · wind only,55.372887717352974,True,hourly mean,3
EP182023,Otis (2023),with_era5,2023-10-24T20:00:00+00:00,latent_no_sar_max_wind,Latent MLP · no SAR · wind only,56.3254508972168,True,hourly mean,3
EP182023,Otis (2023),with_era5,2023-10-24T21:00:00+00:00,latent_no_sar_max_wind,Latent MLP · no SAR · wind only,57.8873585595025,True,hourly mean,3
EP182023,Otis (2023),with_era5,2023-10-24T22:00:00+00:00,latent_no_sar_max_wind,Latent MLP · no SAR · wind only,61.14017020331488,True,hourly mean,3
EP182023,Otis (2023),with_era5,2023-10-24T23:00:00+00:00,latent_no_sar_max_wind,Latent MLP · no SAR · wind only,63.15826839870876,True,hourly mean,3
EP182023,Otis (2023),with_era5,2023-10-25T00:00:00+00:00,latent_no_sar_max_wind,Latent MLP · no SAR · wind only,65.32460530598958,True,hourly mean,3
EP182023,Otis (2023),with_era5,2023-10-25T01:00:00+00:00,latent_no_sar_max_wind,Latent MLP · no SAR · wind only,67.3261990017361,True,hourly mean,3
EP182023,Otis (2023),with_era5,2023-10-25T02:00:00+00:00,latent_no_sar_max_wind,Latent MLP · no SAR · wind only,69.13879733615452,True,hourly mean,3
EP182023,Otis (2023),with_era5,2023-10-25T03:00:00+00:00,latent_no_sar_max_wind,Latent MLP · no SAR · wind only,68.64391411675348,True,hourly mean,3
EP182023,Otis (2023),with_era5,2023-10-25T04:00:00+00:00,latent_no_sar_max_wind,Latent MLP · no SAR · wind only,66.27385499742297,True,hourly mean,3
EP182023,Otis (2023),with_era5,2023-10-25T05:00:00+00:00,latent_no_sar_max_wind,Latent MLP · no SAR · wind only,60.984718322753906,True,hourly mean,3
EP182023,Otis (2023),with_era5,2023-10-25T06:00:00+00:00,latent_no_sar_max_wind,Latent MLP · no SAR · wind only,53.86412323845758,True,hourly mean,3
EP182023,Otis (2023),with_era5,2023-10-25T07:00:00+00:00,latent_no_sar_max_wind,Latent MLP · no SAR · wind only,44.93205218844944,True,hourly mean,3
EP182023,Otis (2023),with_era5,2023-10-25T08:00:00+00:00,latent_no_sar_max_wind,Latent MLP · no SAR · wind only,37.00685871971978,True,hourly mean,3
EP182023,Otis (2023),with_era5,2023-10-25T09:00:00+00:00,latent_no_sar_max_wind,Latent MLP · no SAR · wind only,30.81318251291911,True,hourly mean,3
EP182023,Otis (2023),with_era5,2023-10-25T10:00:00+00:00,latent_no_sar_max_wind,Latent MLP · no SAR · wind only,27.307202445136173,True,hourly mean,3
EP182023,Otis (2023),with_era5,2023-10-25T11:00:00+00:00,latent_no_sar_max_wind,Latent MLP · no SAR · wind only,26.08745352427165,True,hourly mean,3
EP182023,Otis (2023),with_era5,2023-10-25T12:00:00+00:00,latent_no_sar_max_wind,Latent MLP · no SAR · wind only,27.528346485561794,False,hourly mean,3
EP182023,Otis (2023),with_era5,2023-10-25T13:00:00+00:00,latent_no_sar_max_wind,Latent MLP · no SAR · wind only,29.461619589063858,False,hourly mean,3
EP182023,Otis (2023),with_era5,2023-10-25T14:00:00+00:00,latent_no_sar_max_wind,Latent MLP · no SAR · wind only,28.773513052198624,False,hourly mean,3
EP182023,Otis (2023),with_era5,2023-10-25T15:00:00+00:00,latent_no_sar_max_wind,Latent MLP · no SAR · wind only,26.528705596923828,False,hourly mean,3
EP182023,Otis (2023),with_era5,2023-10-25T16:00:00+00:00,latent_no_sar_max_wind,Latent MLP · no SAR · wind only,24.050411012437607,False,hourly mean,3
EP182023,Otis (2023),with_era5,2023-10-25T17:00:00+00:00,latent_no_sar_max_wind,Latent MLP · no SAR · wind only,23.946319262186684,False,hourly mean,3
EP182023,Otis (2023),with_era5,2023-10-21T00:00:00+00:00,latent_no_sar_max_wind_radii,Latent MLP · no SAR · wind + radii,18.613598187764488,False,hourly mean,3
EP182023,Otis (2023),with_era5,2023-10-21T01:00:00+00:00,latent_no_sar_max_wind_radii,Latent MLP · no SAR · wind + radii,18.720967504713272,False,hourly mean,3
EP182023,Otis (2023),with_era5,2023-10-21T02:00:00+00:00,latent_no_sar_max_wind_radii,Latent MLP · no SAR · wind + radii,18.38677724202474,False,hourly mean,3
EP182023,Otis (2023),with_era5,2023-10-21T03:00:00+00:00,latent_no_sar_max_wind_radii,Latent MLP · no SAR · wind + radii,18.19137668609619,False,hourly mean,3
EP182023,Otis (2023),with_era5,2023-10-21T04:00:00+00:00,latent_no_sar_max_wind_radii,Latent MLP · no SAR · wind + radii,18.540094587537975,False,hourly mean,3
EP182023,Otis (2023),with_era5,2023-10-21T05:00:00+00:00,latent_no_sar_max_wind_radii,Latent MLP · no SAR · wind + radii,19.7822896109687,False,hourly mean,3
EP182023,Otis (2023),with_era5,2023-10-21T06:00:00+00:00,latent_no_sar_max_wind_radii,Latent MLP · no SAR · wind + radii,21.127701547410755,False,hourly mean,3
EP182023,Otis (2023),with_era5,2023-10-21T07:00:00+00:00,latent_no_sar_max_wind_radii,Latent MLP · no SAR · wind + radii,21.21695211198595,False,hourly mean,3
EP182023,Otis (2023),with_era5,2023-10-21T08:00:00+00:00,latent_no_sar_max_wind_radii,Latent MLP · no SAR · wind + radii,20.47987609439426,False,hourly mean,3
EP182023,Otis (2023),with_era5,2023-10-21T09:00:00+00:00,latent_no_sar_max_wind_radii,Latent MLP · no SAR · wind + radii,20.602646403842503,False,hourly mean,3
EP182023,Otis (2023),with_era5,2023-10-21T10:00:00+00:00,latent_no_sar_max_wind_radii,Latent MLP · no SAR · wind + radii,21.135769420199924,False,hourly mean,3
EP182023,Otis (2023),with_era5,2023-10-21T11:00:00+00:00,latent_no_sar_max_wind_radii,Latent MLP · no SAR · wind + radii,21.810096634758846,False,hourly mean,3
EP182023,Otis (2023),with_era5,2023-10-21T12:00:00+00:00,latent_no_sar_max_wind_radii,Latent MLP · no SAR · wind + radii,22.573054313659668,False,hourly mean,3
EP182023,Otis (2023),with_era5,2023-10-21T13:00:00+00:00,latent_no_sar_max_wind_radii,Latent MLP · no SAR · wind + radii,22.749674797058105,False,hourly mean,3
EP182023,Otis (2023),with_era5,2023-10-21T14:00:00+00:00,latent_no_sar_max_wind_radii,Latent MLP · no SAR · wind + radii,23.890624152289494,False,hourly mean,3
EP182023,Otis (2023),with_era5,2023-10-21T15:00:00+00:00,latent_no_sar_max_wind_radii,Latent MLP · no SAR · wind + radii,23.85251733991835,False,hourly mean,3
EP182023,Otis (2023),with_era5,2023-10-21T16:00:00+00:00,latent_no_sar_max_wind_radii,Latent MLP · no SAR · wind + radii,24.35177993774414,False,hourly mean,3
EP182023,Otis (2023),with_era5,2023-10-21T17:00:00+00:00,latent_no_sar_max_wind_radii,Latent MLP · no SAR · wind + radii,23.505719714694553,False,hourly mean,3
EP182023,Otis (2023),with_era5,2023-10-21T18:00:00+00:00,latent_no_sar_max_wind_radii,Latent MLP · no SAR · wind + radii,22.96436882019043,False,hourly mean,3
EP182023,Otis (2023),with_era5,2023-10-21T19:00:00+00:00,latent_no_sar_max_wind_radii,Latent MLP · no SAR · wind + radii,22.728665987650555,False,hourly mean,3
EP182023,Otis (2023),with_era5,2023-10-21T20:00:00+00:00,latent_no_sar_max_wind_radii,Latent MLP · no SAR · wind + radii,21.931908183627655,False,hourly mean,3
EP182023,Otis (2023),with_era5,2023-10-21T21:00:00+00:00,latent_no_sar_max_wind_radii,Latent MLP · no SAR · wind + radii,21.225449138217503,False,hourly mean,3
EP182023,Otis (2023),with_era5,2023-10-21T22:00:00+00:00,latent_no_sar_max_wind_radii,Latent MLP · no SAR · wind + radii,20.2580509185791,False,hourly mean,3
EP182023,Otis (2023),with_era5,2023-10-21T23:00:00+00:00,latent_no_sar_max_wind_radii,Latent MLP · no SAR · wind + radii,20.66093529595269,False,hourly mean,3
EP182023,Otis (2023),with_era5,2023-10-22T00:00:00+00:00,latent_no_sar_max_wind_radii,Latent MLP · no SAR · wind + radii,20.838788244459362,False,hourly mean,3
EP182023,Otis (2023),with_era5,2023-10-22T01:00:00+00:00,latent_no_sar_max_wind_radii,Latent MLP · no SAR · wind + radii,21.012201839023163,False,hourly mean,3
EP182023,Otis (2023),with_era5,2023-10-22T02:00:00+00:00,latent_no_sar_max_wind_radii,Latent MLP · no SAR · wind + radii,20.64555401272244,False,hourly mean,3
EP182023,Otis (2023),with_era5,2023-10-22T03:00:00+00:00,latent_no_sar_max_wind_radii,Latent MLP · no SAR · wind + radii,21.033906194898815,False,hourly mean,3
EP182023,Otis (2023),with_era5,2023-10-22T04:00:00+00:00,latent_no_sar_max_wind_radii,Latent MLP · no SAR · wind + radii,21.257307582431366,False,hourly mean,3
EP182023,Otis (2023),with_era5,2023-10-22T05:00:00+00:00,latent_no_sar_max_wind_radii,Latent MLP · no SAR · wind + radii,22.24338722229004,False,hourly mean,3
EP182023,Otis (2023),with_era5,2023-10-22T06:00:00+00:00,latent_no_sar_max_wind_radii,Latent MLP · no SAR · wind + radii,22.956849522060818,False,hourly mean,3
EP182023,Otis (2023),with_era5,2023-10-22T07:00:00+00:00,latent_no_sar_max_wind_radii,Latent MLP · no SAR · wind + radii,23.21826669904921,False,hourly mean,3
EP182023,Otis (2023),with_era5,2023-10-22T08:00:00+00:00,latent_no_sar_max_wind_radii,Latent MLP · no SAR · wind + radii,23.03682761722141,False,hourly mean,3
EP182023,Otis (2023),with_era5,2023-10-22T09:00:00+00:00,latent_no_sar_max_wind_radii,Latent MLP · no SAR · wind + radii,23.23211161295573,False,hourly mean,3
EP182023,Otis (2023),with_era5,2023-10-22T10:00:00+00:00,latent_no_sar_max_wind_radii,Latent MLP · no SAR · wind + radii,24.079068925645615,False,hourly mean,3
EP182023,Otis (2023),with_era5,2023-10-22T11:00:00+00:00,latent_no_sar_max_wind_radii,Latent MLP · no SAR · wind + radii,24.897216584947376,False,hourly mean,3
EP182023,Otis (2023),with_era5,2023-10-22T12:00:00+00:00,latent_no_sar_max_wind_radii,Latent MLP · no SAR · wind + radii,25.12240420447456,False,hourly mean,3
EP182023,Otis (2023),with_era5,2023-10-22T13:00:00+00:00,latent_no_sar_max_wind_radii,Latent MLP · no SAR · wind + radii,24.707036760118275,False,hourly mean,3
EP182023,Otis (2023),with_era5,2023-10-22T14:00:00+00:00,latent_no_sar_max_wind_radii,Latent MLP · no SAR · wind + radii,23.88076655069987,False,hourly mean,3
EP182023,Otis (2023),with_era5,2023-10-22T15:00:00+00:00,latent_no_sar_max_wind_radii,Latent MLP · no SAR · wind + radii,23.616658952501083,False,hourly mean,3
EP182023,Otis (2023),with_era5,2023-10-22T16:00:00+00:00,latent_no_sar_max_wind_radii,Latent MLP · no SAR · wind + radii,23.515829616122772,False,hourly mean,3
EP182023,Otis (2023),with_era5,2023-10-22T17:00:00+00:00,latent_no_sar_max_wind_radii,Latent MLP · no SAR · wind + radii,23.327555444505478,False,hourly mean,3
EP182023,Otis (2023),with_era5,2023-10-22T18:00:00+00:00,latent_no_sar_max_wind_radii,Latent MLP · no SAR · wind + radii,22.598393228318958,False,hourly mean,3
EP182023,Otis (2023),with_era5,2023-10-22T19:00:00+00:00,latent_no_sar_max_wind_radii,Latent MLP · no SAR · wind + radii,22.507753160264755,False,hourly mean,3
EP182023,Otis (2023),with_era5,2023-10-22T20:00:00+00:00,latent_no_sar_max_wind_radii,Latent MLP · no SAR · wind + radii,22.976062880622013,False,hourly mean,3
EP182023,Otis (2023),with_era5,2023-10-22T21:00:00+00:00,latent_no_sar_max_wind_radii,Latent MLP · no SAR · wind + radii,23.393237749735516,False,hourly mean,3
EP182023,Otis (2023),with_era5,2023-10-22T22:00:00+00:00,latent_no_sar_max_wind_radii,Latent MLP · no SAR · wind + radii,23.71969223022461,False,hourly mean,3
EP182023,Otis (2023),with_era5,2023-10-22T23:00:00+00:00,latent_no_sar_max_wind_radii,Latent MLP · no SAR · wind + radii,24.470325469970703,False,hourly mean,3
EP182023,Otis (2023),with_era5,2023-10-23T00:00:00+00:00,latent_no_sar_max_wind_radii,Latent MLP · no SAR · wind + radii,24.44499725765652,False,hourly mean,3
EP182023,Otis (2023),with_era5,2023-10-23T01:00:00+00:00,latent_no_sar_max_wind_radii,Latent MLP · no SAR · wind + radii,24.137305047776966,False,hourly mean,3
EP182023,Otis (2023),with_era5,2023-10-23T02:00:00+00:00,latent_no_sar_max_wind_radii,Latent MLP · no SAR · wind + radii,23.491711086697048,False,hourly mean,3
EP182023,Otis (2023),with_era5,2023-10-23T03:00:00+00:00,latent_no_sar_max_wind_radii,Latent MLP · no SAR · wind + radii,24.01291338602702,False,hourly mean,3
EP182023,Otis (2023),with_era5,2023-10-23T04:00:00+00:00,latent_no_sar_max_wind_radii,Latent MLP · no SAR · wind + radii,24.628675566779247,False,hourly mean,3
EP182023,Otis (2023),with_era5,2023-10-23T05:00:00+00:00,latent_no_sar_max_wind_radii,Latent MLP · no SAR · wind + radii,24.76262919108073,False,hourly mean,3
EP182023,Otis (2023),with_era5,2023-10-23T06:00:00+00:00,latent_no_sar_max_wind_radii,Latent MLP · no SAR · wind + radii,24.82620843251546,False,hourly mean,3
EP182023,Otis (2023),with_era5,2023-10-23T07:00:00+00:00,latent_no_sar_max_wind_radii,Latent MLP · no SAR · wind + radii,25.596675660875107,False,hourly mean,3
EP182023,Otis (2023),with_era5,2023-10-23T08:00:00+00:00,latent_no_sar_max_wind_radii,Latent MLP · no SAR · wind + radii,26.09095011817085,False,hourly mean,3
EP182023,Otis (2023),with_era5,2023-10-23T09:00:00+00:00,latent_no_sar_max_wind_radii,Latent MLP · no SAR · wind + radii,26.956292364332413,False,hourly mean,3
EP182023,Otis (2023),with_era5,2023-10-23T10:00:00+00:00,latent_no_sar_max_wind_radii,Latent MLP · no SAR · wind + radii,27.040636168585888,False,hourly mean,3
EP182023,Otis (2023),with_era5,2023-10-23T11:00:00+00:00,latent_no_sar_max_wind_radii,Latent MLP · no SAR · wind + radii,27.38714090983073,False,hourly mean,3
EP182023,Otis (2023),with_era5,2023-10-23T12:00:00+00:00,latent_no_sar_max_wind_radii,Latent MLP · no SAR · wind + radii,26.01747947269016,False,hourly mean,3
EP182023,Otis (2023),with_era5,2023-10-23T13:00:00+00:00,latent_no_sar_max_wind_radii,Latent MLP · no SAR · wind + radii,24.406874550713436,False,hourly mean,3
EP182023,Otis (2023),with_era5,2023-10-23T14:00:00+00:00,latent_no_sar_max_wind_radii,Latent MLP · no SAR · wind + radii,22.8642815483941,False,hourly mean,3
EP182023,Otis (2023),with_era5,2023-10-23T15:00:00+00:00,latent_no_sar_max_wind_radii,Latent MLP · no SAR · wind + radii,22.242688602871368,False,hourly mean,3
EP182023,Otis (2023),with_era5,2023-10-23T16:00:00+00:00,latent_no_sar_max_wind_radii,Latent MLP · no SAR · wind + radii,22.088330268859863,False,hourly mean,3
EP182023,Otis (2023),with_era5,2023-10-23T17:00:00+00:00,latent_no_sar_max_wind_radii,Latent MLP · no SAR · wind + radii,22.116891754998097,False,hourly mean,3
EP182023,Otis (2023),with_era5,2023-10-23T18:00:00+00:00,latent_no_sar_max_wind_radii,Latent MLP · no SAR · wind + radii,21.682929674784344,False,hourly mean,3
EP182023,Otis (2023),with_era5,2023-10-23T19:00:00+00:00,latent_no_sar_max_wind_radii,Latent MLP · no SAR · wind + radii,21.146061791314022,False,hourly mean,3
EP182023,Otis (2023),with_era5,2023-10-23T20:00:00+00:00,latent_no_sar_max_wind_radii,Latent MLP · no SAR · wind + radii,21.61120308770074,False,hourly mean,3
EP182023,Otis (2023),with_era5,2023-10-23T21:00:00+00:00,latent_no_sar_max_wind_radii,Latent MLP · no SAR · wind + radii,22.287944475809734,False,hourly mean,3
EP182023,Otis (2023),with_era5,2023-10-23T22:00:00+00:00,latent_no_sar_max_wind_radii,Latent MLP · no SAR · wind + radii,23.187563366360134,False,hourly mean,3
EP182023,Otis (2023),with_era5,2023-10-23T23:00:00+00:00,latent_no_sar_max_wind_radii,Latent MLP · no SAR · wind + radii,22.61209318372938,False,hourly mean,3
EP182023,Otis (2023),with_era5,2023-10-24T00:00:00+00:00,latent_no_sar_max_wind_radii,Latent MLP · no SAR · wind + radii,22.33738899230957,False,hourly mean,3
EP182023,Otis (2023),with_era5,2023-10-24T01:00:00+00:00,latent_no_sar_max_wind_radii,Latent MLP · no SAR · wind + radii,22.48195171356201,False,hourly mean,3
EP182023,Otis (2023),with_era5,2023-10-24T02:00:00+00:00,latent_no_sar_max_wind_radii,Latent MLP · no SAR · wind + radii,23.999931971232098,False,hourly mean,3
EP182023,Otis (2023),with_era5,2023-10-24T03:00:00+00:00,latent_no_sar_max_wind_radii,Latent MLP · no SAR · wind + radii,27.26363531748454,False,hourly mean,3
EP182023,Otis (2023),with_era5,2023-10-24T04:00:00+00:00,latent_no_sar_max_wind_radii,Latent MLP · no SAR · wind + radii,30.100435362921825,False,hourly mean,3
EP182023,Otis (2023),with_era5,2023-10-24T05:00:00+00:00,latent_no_sar_max_wind_radii,Latent MLP · no SAR · wind + radii,30.039288944668243,False,hourly mean,3
EP182023,Otis (2023),with_era5,2023-10-24T06:00:00+00:00,latent_no_sar_max_wind_radii,Latent MLP · no SAR · wind + radii,28.284552574157715,False,hourly mean,3
EP182023,Otis (2023),with_era5,2023-10-24T07:00:00+00:00,latent_no_sar_max_wind_radii,Latent MLP · no SAR · wind + radii,27.731786939832897,False,hourly mean,3
EP182023,Otis (2023),with_era5,2023-10-24T08:00:00+00:00,latent_no_sar_max_wind_radii,Latent MLP · no SAR · wind + radii,29.75902345445421,False,hourly mean,3
EP182023,Otis (2023),with_era5,2023-10-24T09:00:00+00:00,latent_no_sar_max_wind_radii,Latent MLP · no SAR · wind + radii,31.492006831698948,False,hourly mean,3
EP182023,Otis (2023),with_era5,2023-10-24T10:00:00+00:00,latent_no_sar_max_wind_radii,Latent MLP · no SAR · wind + radii,30.765178892347546,False,hourly mean,3
EP182023,Otis (2023),with_era5,2023-10-24T11:00:00+00:00,latent_no_sar_max_wind_radii,Latent MLP · no SAR · wind + radii,29.960939089457195,False,hourly mean,3
EP182023,Otis (2023),with_era5,2023-10-24T12:00:00+00:00,latent_no_sar_max_wind_radii,Latent MLP · no SAR · wind + radii,30.30965370602078,False,hourly mean,3
EP182023,Otis (2023),with_era5,2023-10-24T13:00:00+00:00,latent_no_sar_max_wind_radii,Latent MLP · no SAR · wind + radii,34.664385901557075,True,hourly mean,3
EP182023,Otis (2023),with_era5,2023-10-24T14:00:00+00:00,latent_no_sar_max_wind_radii,Latent MLP · no SAR · wind + radii,37.20297516716851,True,hourly mean,3
EP182023,Otis (2023),with_era5,2023-10-24T15:00:00+00:00,latent_no_sar_max_wind_radii,Latent MLP · no SAR · wind + radii,40.312405056423614,True,hourly mean,3
EP182023,Otis (2023),with_era5,2023-10-24T16:00:00+00:00,latent_no_sar_max_wind_radii,Latent MLP · no SAR · wind + radii,39.46446545918783,True,hourly mean,3
EP182023,Otis (2023),with_era5,2023-10-24T17:00:00+00:00,latent_no_sar_max_wind_radii,Latent MLP · no SAR · wind + radii,42.73716799418131,True,hourly mean,3
EP182023,Otis (2023),with_era5,2023-10-24T18:00:00+00:00,latent_no_sar_max_wind_radii,Latent MLP · no SAR · wind + radii,45.8072509765625,True,hourly mean,3
EP182023,Otis (2023),with_era5,2023-10-24T19:00:00+00:00,latent_no_sar_max_wind_radii,Latent MLP · no SAR · wind + radii,48.37025133768717,True,hourly mean,3
EP182023,Otis (2023),with_era5,2023-10-24T20:00:00+00:00,latent_no_sar_max_wind_radii,Latent MLP · no SAR · wind + radii,48.00837262471517,True,hourly mean,3
EP182023,Otis (2023),with_era5,2023-10-24T21:00:00+00:00,latent_no_sar_max_wind_radii,Latent MLP · no SAR · wind + radii,47.335062662760414,True,hourly mean,3
EP182023,Otis (2023),with_era5,2023-10-24T22:00:00+00:00,latent_no_sar_max_wind_radii,Latent MLP · no SAR · wind + radii,49.10750558641222,True,hourly mean,3
EP182023,Otis (2023),with_era5,2023-10-24T23:00:00+00:00,latent_no_sar_max_wind_radii,Latent MLP · no SAR · wind + radii,51.81487019856771,True,hourly mean,3
EP182023,Otis (2023),with_era5,2023-10-25T00:00:00+00:00,latent_no_sar_max_wind_radii,Latent MLP · no SAR · wind + radii,55.04216702779134,True,hourly mean,3
EP182023,Otis (2023),with_era5,2023-10-25T01:00:00+00:00,latent_no_sar_max_wind_radii,Latent MLP · no SAR · wind + radii,57.71608310275607,True,hourly mean,3
EP182023,Otis (2023),with_era5,2023-10-25T02:00:00+00:00,latent_no_sar_max_wind_radii,Latent MLP · no SAR · wind + radii,58.58839246961805,True,hourly mean,3
EP182023,Otis (2023),with_era5,2023-10-25T03:00:00+00:00,latent_no_sar_max_wind_radii,Latent MLP · no SAR · wind + radii,57.288914362589516,True,hourly mean,3
EP182023,Otis (2023),with_era5,2023-10-25T04:00:00+00:00,latent_no_sar_max_wind_radii,Latent MLP · no SAR · wind + radii,55.08022774590387,True,hourly mean,3
EP182023,Otis (2023),with_era5,2023-10-25T05:00:00+00:00,latent_no_sar_max_wind_radii,Latent MLP · no SAR · wind + radii,51.29888237847223,True,hourly mean,3
EP182023,Otis (2023),with_era5,2023-10-25T06:00:00+00:00,latent_no_sar_max_wind_radii,Latent MLP · no SAR · wind + radii,45.30573060777453,True,hourly mean,3
EP182023,Otis (2023),with_era5,2023-10-25T07:00:00+00:00,latent_no_sar_max_wind_radii,Latent MLP · no SAR · wind + radii,39.98621495564779,True,hourly mean,3
EP182023,Otis (2023),with_era5,2023-10-25T08:00:00+00:00,latent_no_sar_max_wind_radii,Latent MLP · no SAR · wind + radii,32.85718377431234,True,hourly mean,3
EP182023,Otis (2023),with_era5,2023-10-25T09:00:00+00:00,latent_no_sar_max_wind_radii,Latent MLP · no SAR · wind + radii,27.738537788391113,True,hourly mean,3
EP182023,Otis (2023),with_era5,2023-10-25T10:00:00+00:00,latent_no_sar_max_wind_radii,Latent MLP · no SAR · wind + radii,22.30601427290175,True,hourly mean,3
EP182023,Otis (2023),with_era5,2023-10-25T11:00:00+00:00,latent_no_sar_max_wind_radii,Latent MLP · no SAR · wind + radii,21.118558883666992,True,hourly mean,3
EP182023,Otis (2023),with_era5,2023-10-25T12:00:00+00:00,latent_no_sar_max_wind_radii,Latent MLP · no SAR · wind + radii,20.809452692667644,False,hourly mean,3
EP182023,Otis (2023),with_era5,2023-10-25T13:00:00+00:00,latent_no_sar_max_wind_radii,Latent MLP · no SAR · wind + radii,20.925577905442978,False,hourly mean,3
EP182023,Otis (2023),with_era5,2023-10-25T14:00:00+00:00,latent_no_sar_max_wind_radii,Latent MLP · no SAR · wind + radii,21.60536066691081,False,hourly mean,3
EP182023,Otis (2023),with_era5,2023-10-25T15:00:00+00:00,latent_no_sar_max_wind_radii,Latent MLP · no SAR · wind + radii,22.76803769005669,False,hourly mean,3
EP182023,Otis (2023),with_era5,2023-10-25T16:00:00+00:00,latent_no_sar_max_wind_radii,Latent MLP · no SAR · wind + radii,23.73423459794786,False,hourly mean,3
EP182023,Otis (2023),with_era5,2023-10-25T17:00:00+00:00,latent_no_sar_max_wind_radii,Latent MLP · no SAR · wind + radii,24.091842333475746,False,hourly mean,3
EP182023,Otis (2023),without_era5,2023-10-21T00:00:00+00:00,ibtracs_best_track,IBTrACS best track,12.8611,False,hourly mean,3
EP182023,Otis (2023),without_era5,2023-10-21T01:00:00+00:00,ibtracs_best_track,IBTrACS best track,12.8611,False,hourly mean,3
EP182023,Otis (2023),without_era5,2023-10-21T02:00:00+00:00,ibtracs_best_track,IBTrACS best track,12.8611,False,hourly mean,3
EP182023,Otis (2023),without_era5,2023-10-21T03:00:00+00:00,ibtracs_best_track,IBTrACS best track,12.8611,False,hourly mean,3
EP182023,Otis (2023),without_era5,2023-10-21T04:00:00+00:00,ibtracs_best_track,IBTrACS best track,12.8611,False,hourly mean,3
EP182023,Otis (2023),without_era5,2023-10-21T05:00:00+00:00,ibtracs_best_track,IBTrACS best track,12.8611,False,hourly mean,3
EP182023,Otis (2023),without_era5,2023-10-21T06:00:00+00:00,ibtracs_best_track,IBTrACS best track,12.8611,False,hourly mean,3
EP182023,Otis (2023),without_era5,2023-10-21T07:00:00+00:00,ibtracs_best_track,IBTrACS best track,12.8611,False,hourly mean,3
EP182023,Otis (2023),without_era5,2023-10-21T08:00:00+00:00,ibtracs_best_track,IBTrACS best track,12.8611,False,hourly mean,3
EP182023,Otis (2023),without_era5,2023-10-21T09:00:00+00:00,ibtracs_best_track,IBTrACS best track,12.8611,False,hourly mean,3
EP182023,Otis (2023),without_era5,2023-10-21T10:00:00+00:00,ibtracs_best_track,IBTrACS best track,12.8611,False,hourly mean,3
EP182023,Otis (2023),without_era5,2023-10-21T11:00:00+00:00,ibtracs_best_track,IBTrACS best track,12.8611,False,hourly mean,3
EP182023,Otis (2023),without_era5,2023-10-21T12:00:00+00:00,ibtracs_best_track,IBTrACS best track,12.8611,False,hourly mean,3
EP182023,Otis (2023),without_era5,2023-10-21T13:00:00+00:00,ibtracs_best_track,IBTrACS best track,12.8611,False,hourly mean,3
EP182023,Otis (2023),without_era5,2023-10-21T14:00:00+00:00,ibtracs_best_track,IBTrACS best track,12.8611,False,hourly mean,3
EP182023,Otis (2023),without_era5,2023-10-21T15:00:00+00:00,ibtracs_best_track,IBTrACS best track,12.8611,False,hourly mean,3
EP182023,Otis (2023),without_era5,2023-10-21T16:00:00+00:00,ibtracs_best_track,IBTrACS best track,12.8611,False,hourly mean,3
EP182023,Otis (2023),without_era5,2023-10-21T17:00:00+00:00,ibtracs_best_track,IBTrACS best track,12.8611,False,hourly mean,3
EP182023,Otis (2023),without_era5,2023-10-21T18:00:00+00:00,ibtracs_best_track,IBTrACS best track,12.8611,False,hourly mean,3
EP182023,Otis (2023),without_era5,2023-10-21T19:00:00+00:00,ibtracs_best_track,IBTrACS best track,12.8611,False,hourly mean,3
EP182023,Otis (2023),without_era5,2023-10-21T20:00:00+00:00,ibtracs_best_track,IBTrACS best track,12.8611,False,hourly mean,3
EP182023,Otis (2023),without_era5,2023-10-21T21:00:00+00:00,ibtracs_best_track,IBTrACS best track,12.8611,False,hourly mean,3
EP182023,Otis (2023),without_era5,2023-10-21T22:00:00+00:00,ibtracs_best_track,IBTrACS best track,12.8611,False,hourly mean,3
EP182023,Otis (2023),without_era5,2023-10-21T23:00:00+00:00,ibtracs_best_track,IBTrACS best track,12.933503229629629,False,hourly mean,3
EP182023,Otis (2023),without_era5,2023-10-22T00:00:00+00:00,ibtracs_best_track,IBTrACS best track,13.177387792592592,False,hourly mean,3
EP182023,Otis (2023),without_era5,2023-10-22T01:00:00+00:00,ibtracs_best_track,IBTrACS best track,13.59275368888889,False,hourly mean,3
EP182023,Otis (2023),without_era5,2023-10-22T02:00:00+00:00,ibtracs_best_track,IBTrACS best track,14.083063279012345,False,hourly mean,3
EP182023,Otis (2023),without_era5,2023-10-22T03:00:00+00:00,ibtracs_best_track,IBTrACS best track,14.516212424691359,False,hourly mean,3
EP182023,Otis (2023),without_era5,2023-10-22T04:00:00+00:00,ibtracs_best_track,IBTrACS best track,14.892201125925927,False,hourly mean,3
EP182023,Otis (2023),without_era5,2023-10-22T05:00:00+00:00,ibtracs_best_track,IBTrACS best track,15.186894972839506,False,hourly mean,3
EP182023,Otis (2023),without_era5,2023-10-22T06:00:00+00:00,ibtracs_best_track,IBTrACS best track,15.367267930864196,False,hourly mean,3
EP182023,Otis (2023),without_era5,2023-10-22T07:00:00+00:00,ibtracs_best_track,IBTrACS best track,15.43332,False,hourly mean,3
EP182023,Otis (2023),without_era5,2023-10-22T08:00:00+00:00,ibtracs_best_track,IBTrACS best track,15.43332,False,hourly mean,3
EP182023,Otis (2023),without_era5,2023-10-22T09:00:00+00:00,ibtracs_best_track,IBTrACS best track,15.43332,False,hourly mean,3
EP182023,Otis (2023),without_era5,2023-10-22T10:00:00+00:00,ibtracs_best_track,IBTrACS best track,15.43332,False,hourly mean,3
EP182023,Otis (2023),without_era5,2023-10-22T11:00:00+00:00,ibtracs_best_track,IBTrACS best track,15.505723229629629,False,hourly mean,3
EP182023,Otis (2023),without_era5,2023-10-22T12:00:00+00:00,ibtracs_best_track,IBTrACS best track,15.749607792592593,False,hourly mean,3
EP182023,Otis (2023),without_era5,2023-10-22T13:00:00+00:00,ibtracs_best_track,IBTrACS best track,16.16497368888889,False,hourly mean,3
EP182023,Otis (2023),without_era5,2023-10-22T14:00:00+00:00,ibtracs_best_track,IBTrACS best track,16.655283279012348,False,hourly mean,3
EP182023,Otis (2023),without_era5,2023-10-22T15:00:00+00:00,ibtracs_best_track,IBTrACS best track,17.08843242469136,False,hourly mean,3
EP182023,Otis (2023),without_era5,2023-10-22T16:00:00+00:00,ibtracs_best_track,IBTrACS best track,17.464421125925924,False,hourly mean,3
EP182023,Otis (2023),without_era5,2023-10-22T17:00:00+00:00,ibtracs_best_track,IBTrACS best track,17.759114972839505,False,hourly mean,3
EP182023,Otis (2023),without_era5,2023-10-22T18:00:00+00:00,ibtracs_best_track,IBTrACS best track,17.9394879308642,False,hourly mean,3
EP182023,Otis (2023),without_era5,2023-10-22T19:00:00+00:00,ibtracs_best_track,IBTrACS best track,18.00554,False,hourly mean,3
EP182023,Otis (2023),without_era5,2023-10-22T20:00:00+00:00,ibtracs_best_track,IBTrACS best track,18.00554,False,hourly mean,3
EP182023,Otis (2023),without_era5,2023-10-22T21:00:00+00:00,ibtracs_best_track,IBTrACS best track,18.00554,False,hourly mean,3
EP182023,Otis (2023),without_era5,2023-10-22T22:00:00+00:00,ibtracs_best_track,IBTrACS best track,18.00554,False,hourly mean,3
EP182023,Otis (2023),without_era5,2023-10-22T23:00:00+00:00,ibtracs_best_track,IBTrACS best track,18.00554,False,hourly mean,3
EP182023,Otis (2023),without_era5,2023-10-23T00:00:00+00:00,ibtracs_best_track,IBTrACS best track,18.00554,False,hourly mean,3
EP182023,Otis (2023),without_era5,2023-10-23T01:00:00+00:00,ibtracs_best_track,IBTrACS best track,18.00554,False,hourly mean,3
EP182023,Otis (2023),without_era5,2023-10-23T02:00:00+00:00,ibtracs_best_track,IBTrACS best track,18.00554,False,hourly mean,3
EP182023,Otis (2023),without_era5,2023-10-23T03:00:00+00:00,ibtracs_best_track,IBTrACS best track,18.00554,False,hourly mean,3
EP182023,Otis (2023),without_era5,2023-10-23T04:00:00+00:00,ibtracs_best_track,IBTrACS best track,18.00554,False,hourly mean,3
EP182023,Otis (2023),without_era5,2023-10-23T05:00:00+00:00,ibtracs_best_track,IBTrACS best track,18.07794322962963,False,hourly mean,3
EP182023,Otis (2023),without_era5,2023-10-23T06:00:00+00:00,ibtracs_best_track,IBTrACS best track,18.321827792592593,False,hourly mean,3
EP182023,Otis (2023),without_era5,2023-10-23T07:00:00+00:00,ibtracs_best_track,IBTrACS best track,18.73719368888889,False,hourly mean,3
EP182023,Otis (2023),without_era5,2023-10-23T08:00:00+00:00,ibtracs_best_track,IBTrACS best track,19.22750327901235,False,hourly mean,3
EP182023,Otis (2023),without_era5,2023-10-23T09:00:00+00:00,ibtracs_best_track,IBTrACS best track,19.66065242469136,False,hourly mean,3
EP182023,Otis (2023),without_era5,2023-10-23T10:00:00+00:00,ibtracs_best_track,IBTrACS best track,20.036641125925925,False,hourly mean,3
EP182023,Otis (2023),without_era5,2023-10-23T11:00:00+00:00,ibtracs_best_track,IBTrACS best track,20.40373820246914,False,hourly mean,3
EP182023,Otis (2023),without_era5,2023-10-23T12:00:00+00:00,ibtracs_best_track,IBTrACS best track,20.82799572345679,False,hourly mean,3
EP182023,Otis (2023),without_era5,2023-10-23T13:00:00+00:00,ibtracs_best_track,IBTrACS best track,21.309413688888892,False,hourly mean,3
EP182023,Otis (2023),without_era5,2023-10-23T14:00:00+00:00,ibtracs_best_track,IBTrACS best track,21.79972327901235,False,hourly mean,3
EP182023,Otis (2023),without_era5,2023-10-23T15:00:00+00:00,ibtracs_best_track,IBTrACS best track,22.23287242469136,False,hourly mean,3
EP182023,Otis (2023),without_era5,2023-10-23T16:00:00+00:00,ibtracs_best_track,IBTrACS best track,22.608861125925927,False,hourly mean,3
EP182023,Otis (2023),without_era5,2023-10-23T17:00:00+00:00,ibtracs_best_track,IBTrACS best track,22.975958202469133,False,hourly mean,3
EP182023,Otis (2023),without_era5,2023-10-23T18:00:00+00:00,ibtracs_best_track,IBTrACS best track,23.400215723456792,False,hourly mean,3
EP182023,Otis (2023),without_era5,2023-10-23T19:00:00+00:00,ibtracs_best_track,IBTrACS best track,23.881633688888893,False,hourly mean,3
EP182023,Otis (2023),without_era5,2023-10-23T20:00:00+00:00,ibtracs_best_track,IBTrACS best track,24.371943279012346,False,hourly mean,3
EP182023,Otis (2023),without_era5,2023-10-23T21:00:00+00:00,ibtracs_best_track,IBTrACS best track,24.805092424691356,False,hourly mean,3
EP182023,Otis (2023),without_era5,2023-10-23T22:00:00+00:00,ibtracs_best_track,IBTrACS best track,25.181081125925928,False,hourly mean,3
EP182023,Otis (2023),without_era5,2023-10-23T23:00:00+00:00,ibtracs_best_track,IBTrACS best track,25.548178202469135,False,hourly mean,3
EP182023,Otis (2023),without_era5,2023-10-24T00:00:00+00:00,ibtracs_best_track,IBTrACS best track,25.972435723456794,False,hourly mean,3
EP182023,Otis (2023),without_era5,2023-10-24T01:00:00+00:00,ibtracs_best_track,IBTrACS best track,26.453853688888888,False,hourly mean,3
EP182023,Otis (2023),without_era5,2023-10-24T02:00:00+00:00,ibtracs_best_track,IBTrACS best track,26.944163279012347,False,hourly mean,3
EP182023,Otis (2023),without_era5,2023-10-24T03:00:00+00:00,ibtracs_best_track,IBTrACS best track,27.377312424691358,False,hourly mean,3
EP182023,Otis (2023),without_era5,2023-10-24T04:00:00+00:00,ibtracs_best_track,IBTrACS best track,27.753301125925926,False,hourly mean,3
EP182023,Otis (2023),without_era5,2023-10-24T05:00:00+00:00,ibtracs_best_track,IBTrACS best track,28.168667022222223,False,hourly mean,3
EP182023,Otis (2023),without_era5,2023-10-24T06:00:00+00:00,ibtracs_best_track,IBTrACS best track,28.755514251851853,False,hourly mean,3
EP182023,Otis (2023),without_era5,2023-10-24T07:00:00+00:00,ibtracs_best_track,IBTrACS best track,29.51384281481482,False,hourly mean,3
EP182023,Otis (2023),without_era5,2023-10-24T08:00:00+00:00,ibtracs_best_track,IBTrACS best track,30.37124948148148,False,hourly mean,3
EP182023,Otis (2023),without_era5,2023-10-24T09:00:00+00:00,ibtracs_best_track,IBTrACS best track,31.228656148148147,False,hourly mean,3
EP182023,Otis (2023),without_era5,2023-10-24T10:00:00+00:00,ibtracs_best_track,IBTrACS best track,32.08606281481482,False,hourly mean,3
EP182023,Otis (2023),without_era5,2023-10-24T11:00:00+00:00,ibtracs_best_track,IBTrACS best track,33.257216809876546,False,hourly mean,3
EP182023,Otis (2023),without_era5,2023-10-24T12:00:00+00:00,ibtracs_best_track,IBTrACS best track,35.17145658271605,False,hourly mean,3
EP182023,Otis (2023),without_era5,2023-10-24T13:00:00+00:00,ibtracs_best_track,IBTrACS best track,37.828782133333334,True,hourly mean,3
EP182023,Otis (2023),without_era5,2023-10-24T14:00:00+00:00,ibtracs_best_track,IBTrACS best track,40.89131172345679,True,hourly mean,3
EP182023,Otis (2023),without_era5,2023-10-24T15:00:00+00:00,ibtracs_best_track,IBTrACS best track,43.8966808691358,True,hourly mean,3
EP182023,Otis (2023),without_era5,2023-10-24T16:00:00+00:00,ibtracs_best_track,IBTrACS best track,46.84488957037038,True,hourly mean,3
EP182023,Otis (2023),without_era5,2023-10-24T17:00:00+00:00,ibtracs_best_track,IBTrACS best track,49.71180341728395,True,hourly mean,3
EP182023,Otis (2023),without_era5,2023-10-24T18:00:00+00:00,ibtracs_best_track,IBTrACS best track,52.46439637530864,True,hourly mean,3
EP182023,Otis (2023),without_era5,2023-10-24T19:00:00+00:00,ibtracs_best_track,IBTrACS best track,55.10266844444445,True,hourly mean,3
EP182023,Otis (2023),without_era5,2023-10-24T20:00:00+00:00,ibtracs_best_track,IBTrACS best track,57.67488844444444,True,hourly mean,3
EP182023,Otis (2023),without_era5,2023-10-24T21:00:00+00:00,ibtracs_best_track,IBTrACS best track,60.24710844444444,True,hourly mean,3
EP182023,Otis (2023),without_era5,2023-10-24T22:00:00+00:00,ibtracs_best_track,IBTrACS best track,62.819328444444444,True,hourly mean,3
EP182023,Otis (2023),without_era5,2023-10-24T23:00:00+00:00,ibtracs_best_track,IBTrACS best track,65.39154844444444,True,hourly mean,3
EP182023,Otis (2023),without_era5,2023-10-25T00:00:00+00:00,ibtracs_best_track,IBTrACS best track,67.96376844444445,True,hourly mean,3
EP182023,Otis (2023),without_era5,2023-10-25T01:00:00+00:00,ibtracs_best_track,IBTrACS best track,70.53598844444446,True,hourly mean,3
EP182023,Otis (2023),without_era5,2023-10-25T02:00:00+00:00,ibtracs_best_track,IBTrACS best track,72.74619229629631,True,hourly mean,3
EP182023,Otis (2023),without_era5,2023-10-25T03:00:00+00:00,ibtracs_best_track,IBTrACS best track,74.0989894814815,True,hourly mean,3
EP182023,Otis (2023),without_era5,2023-10-25T04:00:00+00:00,ibtracs_best_track,IBTrACS best track,74.59438,True,hourly mean,3
EP182023,Otis (2023),without_era5,2023-10-25T05:00:00+00:00,ibtracs_best_track,IBTrACS best track,74.10152994567902,True,hourly mean,3
EP182023,Otis (2023),without_era5,2023-10-25T06:00:00+00:00,ibtracs_best_track,IBTrACS best track,72.0145386074074,True,hourly mean,3
EP182023,Otis (2023),without_era5,2023-10-25T07:00:00+00:00,ibtracs_best_track,IBTrACS best track,68.09841304691359,True,hourly mean,3
EP182023,Otis (2023),without_era5,2023-10-25T08:00:00+00:00,ibtracs_best_track,IBTrACS best track,62.87013772839507,True,hourly mean,3
EP182023,Otis (2023),without_era5,2023-10-25T09:00:00+00:00,ibtracs_best_track,IBTrACS best track,57.464029916049384,True,hourly mean,3
EP182023,Otis (2023),without_era5,2023-10-25T10:00:00+00:00,ibtracs_best_track,IBTrACS best track,52.115082548148145,True,hourly mean,3
EP182023,Otis (2023),without_era5,2023-10-25T11:00:00+00:00,ibtracs_best_track,IBTrACS best track,47.016370903703695,True,hourly mean,3
EP182023,Otis (2023),without_era5,2023-10-25T12:00:00+00:00,ibtracs_best_track,IBTrACS best track,42.43210325925926,False,hourly mean,3
EP182023,Otis (2023),without_era5,2023-10-25T13:00:00+00:00,ibtracs_best_track,IBTrACS best track,38.36227961481482,False,hourly mean,3
EP182023,Otis (2023),without_era5,2023-10-25T14:00:00+00:00,ibtracs_best_track,IBTrACS best track,34.565555871604936,False,hourly mean,3
EP182023,Otis (2023),without_era5,2023-10-25T15:00:00+00:00,ibtracs_best_track,IBTrACS best track,30.711671683950623,False,hourly mean,3
EP182023,Otis (2023),without_era5,2023-10-25T16:00:00+00:00,ibtracs_best_track,IBTrACS best track,26.80062705185185,False,hourly mean,3
EP182023,Otis (2023),without_era5,2023-10-25T17:00:00+00:00,ibtracs_best_track,IBTrACS best track,24.828591718518517,False,hourly mean,3
EP182023,Otis (2023),without_era5,2023-10-21T00:00:00+00:00,era5_max_wind,ERA5 10 m maximum,10.978872157864894,False,hourly mean,3
EP182023,Otis (2023),without_era5,2023-10-21T01:00:00+00:00,era5_max_wind,ERA5 10 m maximum,10.978872157864894,False,hourly mean,3
EP182023,Otis (2023),without_era5,2023-10-21T02:00:00+00:00,era5_max_wind,ERA5 10 m maximum,10.748015224104796,False,hourly mean,3
EP182023,Otis (2023),without_era5,2023-10-21T03:00:00+00:00,era5_max_wind,ERA5 10 m maximum,10.517158290344694,False,hourly mean,3
EP182023,Otis (2023),without_era5,2023-10-21T04:00:00+00:00,era5_max_wind,ERA5 10 m maximum,10.286301356584595,False,hourly mean,3
EP182023,Otis (2023),without_era5,2023-10-21T05:00:00+00:00,era5_max_wind,ERA5 10 m maximum,10.286301356584595,False,hourly mean,3
EP182023,Otis (2023),without_era5,2023-10-21T06:00:00+00:00,era5_max_wind,ERA5 10 m maximum,10.286301356584595,False,hourly mean,3
EP182023,Otis (2023),without_era5,2023-10-21T07:00:00+00:00,era5_max_wind,ERA5 10 m maximum,10.286301356584595,False,hourly mean,3
EP182023,Otis (2023),without_era5,2023-10-21T08:00:00+00:00,era5_max_wind,ERA5 10 m maximum,10.690352171123022,False,hourly mean,3
EP182023,Otis (2023),without_era5,2023-10-21T09:00:00+00:00,era5_max_wind,ERA5 10 m maximum,11.094402985661448,False,hourly mean,3
EP182023,Otis (2023),without_era5,2023-10-21T10:00:00+00:00,era5_max_wind,ERA5 10 m maximum,11.498453800199874,False,hourly mean,3
EP182023,Otis (2023),without_era5,2023-10-21T11:00:00+00:00,era5_max_wind,ERA5 10 m maximum,11.498453800199874,False,hourly mean,3
EP182023,Otis (2023),without_era5,2023-10-21T12:00:00+00:00,era5_max_wind,ERA5 10 m maximum,11.498453800199874,False,hourly mean,3
EP182023,Otis (2023),without_era5,2023-10-21T13:00:00+00:00,era5_max_wind,ERA5 10 m maximum,11.498453800199874,False,hourly mean,3
EP182023,Otis (2023),without_era5,2023-10-21T14:00:00+00:00,era5_max_wind,ERA5 10 m maximum,11.98507511211969,False,hourly mean,3
EP182023,Otis (2023),without_era5,2023-10-21T15:00:00+00:00,era5_max_wind,ERA5 10 m maximum,12.471696424039509,False,hourly mean,3
EP182023,Otis (2023),without_era5,2023-10-21T16:00:00+00:00,era5_max_wind,ERA5 10 m maximum,12.958317735959326,False,hourly mean,3
EP182023,Otis (2023),without_era5,2023-10-21T17:00:00+00:00,era5_max_wind,ERA5 10 m maximum,12.958317735959326,False,hourly mean,3
EP182023,Otis (2023),without_era5,2023-10-21T18:00:00+00:00,era5_max_wind,ERA5 10 m maximum,12.958317735959326,False,hourly mean,3
EP182023,Otis (2023),without_era5,2023-10-21T19:00:00+00:00,era5_max_wind,ERA5 10 m maximum,12.958317735959326,False,hourly mean,3
EP182023,Otis (2023),without_era5,2023-10-21T20:00:00+00:00,era5_max_wind,ERA5 10 m maximum,12.357253662715644,False,hourly mean,3
EP182023,Otis (2023),without_era5,2023-10-21T21:00:00+00:00,era5_max_wind,ERA5 10 m maximum,11.756189589471965,False,hourly mean,3
EP182023,Otis (2023),without_era5,2023-10-21T22:00:00+00:00,era5_max_wind,ERA5 10 m maximum,11.155125516228287,False,hourly mean,3
EP182023,Otis (2023),without_era5,2023-10-21T23:00:00+00:00,era5_max_wind,ERA5 10 m maximum,11.155125516228287,False,hourly mean,3
EP182023,Otis (2023),without_era5,2023-10-22T00:00:00+00:00,era5_max_wind,ERA5 10 m maximum,11.155125516228287,False,hourly mean,3
EP182023,Otis (2023),without_era5,2023-10-22T01:00:00+00:00,era5_max_wind,ERA5 10 m maximum,11.155125516228287,False,hourly mean,3
EP182023,Otis (2023),without_era5,2023-10-22T02:00:00+00:00,era5_max_wind,ERA5 10 m maximum,11.415245247597495,False,hourly mean,3
EP182023,Otis (2023),without_era5,2023-10-22T03:00:00+00:00,era5_max_wind,ERA5 10 m maximum,11.675364978966705,False,hourly mean,3
EP182023,Otis (2023),without_era5,2023-10-22T04:00:00+00:00,era5_max_wind,ERA5 10 m maximum,11.935484710335913,False,hourly mean,3
EP182023,Otis (2023),without_era5,2023-10-22T05:00:00+00:00,era5_max_wind,ERA5 10 m maximum,11.935484710335913,False,hourly mean,3
EP182023,Otis (2023),without_era5,2023-10-22T06:00:00+00:00,era5_max_wind,ERA5 10 m maximum,11.935484710335913,False,hourly mean,3
EP182023,Otis (2023),without_era5,2023-10-22T07:00:00+00:00,era5_max_wind,ERA5 10 m maximum,11.935484710335913,False,hourly mean,3
EP182023,Otis (2023),without_era5,2023-10-22T08:00:00+00:00,era5_max_wind,ERA5 10 m maximum,12.134773849663146,False,hourly mean,3
EP182023,Otis (2023),without_era5,2023-10-22T09:00:00+00:00,era5_max_wind,ERA5 10 m maximum,12.334062988990377,False,hourly mean,3
EP182023,Otis (2023),without_era5,2023-10-22T10:00:00+00:00,era5_max_wind,ERA5 10 m maximum,12.533352128317611,False,hourly mean,3
EP182023,Otis (2023),without_era5,2023-10-22T11:00:00+00:00,era5_max_wind,ERA5 10 m maximum,12.533352128317611,False,hourly mean,3
EP182023,Otis (2023),without_era5,2023-10-22T12:00:00+00:00,era5_max_wind,ERA5 10 m maximum,12.533352128317611,False,hourly mean,3
EP182023,Otis (2023),without_era5,2023-10-22T13:00:00+00:00,era5_max_wind,ERA5 10 m maximum,12.533352128317611,False,hourly mean,3
EP182023,Otis (2023),without_era5,2023-10-22T14:00:00+00:00,era5_max_wind,ERA5 10 m maximum,12.813831563677999,False,hourly mean,3
EP182023,Otis (2023),without_era5,2023-10-22T15:00:00+00:00,era5_max_wind,ERA5 10 m maximum,13.094310999038386,False,hourly mean,3
EP182023,Otis (2023),without_era5,2023-10-22T16:00:00+00:00,era5_max_wind,ERA5 10 m maximum,13.374790434398774,False,hourly mean,3
EP182023,Otis (2023),without_era5,2023-10-22T17:00:00+00:00,era5_max_wind,ERA5 10 m maximum,13.374790434398774,False,hourly mean,3
EP182023,Otis (2023),without_era5,2023-10-22T18:00:00+00:00,era5_max_wind,ERA5 10 m maximum,13.374790434398774,False,hourly mean,3
EP182023,Otis (2023),without_era5,2023-10-22T19:00:00+00:00,era5_max_wind,ERA5 10 m maximum,13.374790434398774,False,hourly mean,3
EP182023,Otis (2023),without_era5,2023-10-22T20:00:00+00:00,era5_max_wind,ERA5 10 m maximum,14.008385900745395,False,hourly mean,3
EP182023,Otis (2023),without_era5,2023-10-22T21:00:00+00:00,era5_max_wind,ERA5 10 m maximum,14.641981367092017,False,hourly mean,3
EP182023,Otis (2023),without_era5,2023-10-22T22:00:00+00:00,era5_max_wind,ERA5 10 m maximum,15.27557683343864,False,hourly mean,3
EP182023,Otis (2023),without_era5,2023-10-22T23:00:00+00:00,era5_max_wind,ERA5 10 m maximum,15.27557683343864,False,hourly mean,3
EP182023,Otis (2023),without_era5,2023-10-23T00:00:00+00:00,era5_max_wind,ERA5 10 m maximum,15.27557683343864,False,hourly mean,3
EP182023,Otis (2023),without_era5,2023-10-23T01:00:00+00:00,era5_max_wind,ERA5 10 m maximum,15.27557683343864,False,hourly mean,3
EP182023,Otis (2023),without_era5,2023-10-23T02:00:00+00:00,era5_max_wind,ERA5 10 m maximum,14.753711114708844,False,hourly mean,3
EP182023,Otis (2023),without_era5,2023-10-23T03:00:00+00:00,era5_max_wind,ERA5 10 m maximum,14.231845395979049,False,hourly mean,3
EP182023,Otis (2023),without_era5,2023-10-23T04:00:00+00:00,era5_max_wind,ERA5 10 m maximum,13.709979677249253,False,hourly mean,3
EP182023,Otis (2023),without_era5,2023-10-23T05:00:00+00:00,era5_max_wind,ERA5 10 m maximum,13.709979677249253,False,hourly mean,3
EP182023,Otis (2023),without_era5,2023-10-23T06:00:00+00:00,era5_max_wind,ERA5 10 m maximum,13.709979677249253,False,hourly mean,3
EP182023,Otis (2023),without_era5,2023-10-23T07:00:00+00:00,era5_max_wind,ERA5 10 m maximum,13.709979677249253,False,hourly mean,3
EP182023,Otis (2023),without_era5,2023-10-23T08:00:00+00:00,era5_max_wind,ERA5 10 m maximum,13.50794654060625,False,hourly mean,3
EP182023,Otis (2023),without_era5,2023-10-23T09:00:00+00:00,era5_max_wind,ERA5 10 m maximum,13.305913403963245,False,hourly mean,3
EP182023,Otis (2023),without_era5,2023-10-23T10:00:00+00:00,era5_max_wind,ERA5 10 m maximum,13.103880267320243,False,hourly mean,3
EP182023,Otis (2023),without_era5,2023-10-23T11:00:00+00:00,era5_max_wind,ERA5 10 m maximum,13.103880267320243,False,hourly mean,3
EP182023,Otis (2023),without_era5,2023-10-23T12:00:00+00:00,era5_max_wind,ERA5 10 m maximum,13.103880267320243,False,hourly mean,3
EP182023,Otis (2023),without_era5,2023-10-23T13:00:00+00:00,era5_max_wind,ERA5 10 m maximum,13.103880267320243,False,hourly mean,3
EP182023,Otis (2023),without_era5,2023-10-23T14:00:00+00:00,era5_max_wind,ERA5 10 m maximum,13.223439968803289,False,hourly mean,3
EP182023,Otis (2023),without_era5,2023-10-23T15:00:00+00:00,era5_max_wind,ERA5 10 m maximum,13.342999670286334,False,hourly mean,3
EP182023,Otis (2023),without_era5,2023-10-23T16:00:00+00:00,era5_max_wind,ERA5 10 m maximum,13.462559371769379,False,hourly mean,3
EP182023,Otis (2023),without_era5,2023-10-23T17:00:00+00:00,era5_max_wind,ERA5 10 m maximum,13.462559371769379,False,hourly mean,3
EP182023,Otis (2023),without_era5,2023-10-23T18:00:00+00:00,era5_max_wind,ERA5 10 m maximum,13.462559371769379,False,hourly mean,3
EP182023,Otis (2023),without_era5,2023-10-23T19:00:00+00:00,era5_max_wind,ERA5 10 m maximum,13.462559371769379,False,hourly mean,3
EP182023,Otis (2023),without_era5,2023-10-23T20:00:00+00:00,era5_max_wind,ERA5 10 m maximum,13.690377403238292,False,hourly mean,3
EP182023,Otis (2023),without_era5,2023-10-23T21:00:00+00:00,era5_max_wind,ERA5 10 m maximum,13.918195434707206,False,hourly mean,3
EP182023,Otis (2023),without_era5,2023-10-23T22:00:00+00:00,era5_max_wind,ERA5 10 m maximum,14.14601346617612,False,hourly mean,3
EP182023,Otis (2023),without_era5,2023-10-23T23:00:00+00:00,era5_max_wind,ERA5 10 m maximum,14.14601346617612,False,hourly mean,3
EP182023,Otis (2023),without_era5,2023-10-24T00:00:00+00:00,era5_max_wind,ERA5 10 m maximum,14.14601346617612,False,hourly mean,3
EP182023,Otis (2023),without_era5,2023-10-24T01:00:00+00:00,era5_max_wind,ERA5 10 m maximum,14.14601346617612,False,hourly mean,3
EP182023,Otis (2023),without_era5,2023-10-24T02:00:00+00:00,era5_max_wind,ERA5 10 m maximum,14.596348585715115,False,hourly mean,3
EP182023,Otis (2023),without_era5,2023-10-24T03:00:00+00:00,era5_max_wind,ERA5 10 m maximum,15.046683705254113,False,hourly mean,3
EP182023,Otis (2023),without_era5,2023-10-24T04:00:00+00:00,era5_max_wind,ERA5 10 m maximum,15.497018824793109,False,hourly mean,3
EP182023,Otis (2023),without_era5,2023-10-24T05:00:00+00:00,era5_max_wind,ERA5 10 m maximum,15.497018824793109,False,hourly mean,3
EP182023,Otis (2023),without_era5,2023-10-24T06:00:00+00:00,era5_max_wind,ERA5 10 m maximum,15.497018824793109,False,hourly mean,3
EP182023,Otis (2023),without_era5,2023-10-24T07:00:00+00:00,era5_max_wind,ERA5 10 m maximum,15.497018824793109,False,hourly mean,3
EP182023,Otis (2023),without_era5,2023-10-24T08:00:00+00:00,era5_max_wind,ERA5 10 m maximum,16.523213262735283,False,hourly mean,3
EP182023,Otis (2023),without_era5,2023-10-24T09:00:00+00:00,era5_max_wind,ERA5 10 m maximum,17.54940770067746,False,hourly mean,3
EP182023,Otis (2023),without_era5,2023-10-24T10:00:00+00:00,era5_max_wind,ERA5 10 m maximum,18.575602138619633,False,hourly mean,3
EP182023,Otis (2023),without_era5,2023-10-24T11:00:00+00:00,era5_max_wind,ERA5 10 m maximum,18.575602138619633,False,hourly mean,3
EP182023,Otis (2023),without_era5,2023-10-24T12:00:00+00:00,era5_max_wind,ERA5 10 m maximum,18.575602138619633,False,hourly mean,3
EP182023,Otis (2023),without_era5,2023-10-24T13:00:00+00:00,era5_max_wind,ERA5 10 m maximum,18.575602138619633,True,hourly mean,3
EP182023,Otis (2023),without_era5,2023-10-24T14:00:00+00:00,era5_max_wind,ERA5 10 m maximum,19.618639523409275,True,hourly mean,3
EP182023,Otis (2023),without_era5,2023-10-24T15:00:00+00:00,era5_max_wind,ERA5 10 m maximum,20.661676908198917,True,hourly mean,3
EP182023,Otis (2023),without_era5,2023-10-24T16:00:00+00:00,era5_max_wind,ERA5 10 m maximum,21.70471429298856,True,hourly mean,3
EP182023,Otis (2023),without_era5,2023-10-24T17:00:00+00:00,era5_max_wind,ERA5 10 m maximum,21.70471429298856,True,hourly mean,3
EP182023,Otis (2023),without_era5,2023-10-24T18:00:00+00:00,era5_max_wind,ERA5 10 m maximum,21.70471429298856,True,hourly mean,3
EP182023,Otis (2023),without_era5,2023-10-24T19:00:00+00:00,era5_max_wind,ERA5 10 m maximum,21.70471429298856,True,hourly mean,3
EP182023,Otis (2023),without_era5,2023-10-24T20:00:00+00:00,era5_max_wind,ERA5 10 m maximum,21.256474932072,True,hourly mean,3
EP182023,Otis (2023),without_era5,2023-10-24T21:00:00+00:00,era5_max_wind,ERA5 10 m maximum,20.80823557115544,True,hourly mean,3
EP182023,Otis (2023),without_era5,2023-10-24T22:00:00+00:00,era5_max_wind,ERA5 10 m maximum,20.35999621023888,True,hourly mean,3
EP182023,Otis (2023),without_era5,2023-10-24T23:00:00+00:00,era5_max_wind,ERA5 10 m maximum,20.35999621023888,True,hourly mean,3
EP182023,Otis (2023),without_era5,2023-10-25T00:00:00+00:00,era5_max_wind,ERA5 10 m maximum,20.35999621023888,True,hourly mean,3
EP182023,Otis (2023),without_era5,2023-10-25T01:00:00+00:00,era5_max_wind,ERA5 10 m maximum,20.35999621023888,True,hourly mean,3
EP182023,Otis (2023),without_era5,2023-10-25T02:00:00+00:00,era5_max_wind,ERA5 10 m maximum,18.81618689997197,True,hourly mean,3
EP182023,Otis (2023),without_era5,2023-10-25T03:00:00+00:00,era5_max_wind,ERA5 10 m maximum,17.272377589705062,True,hourly mean,3
EP182023,Otis (2023),without_era5,2023-10-25T04:00:00+00:00,era5_max_wind,ERA5 10 m maximum,15.728568279438155,True,hourly mean,3
EP182023,Otis (2023),without_era5,2023-10-25T05:00:00+00:00,era5_max_wind,ERA5 10 m maximum,15.728568279438155,True,hourly mean,3
EP182023,Otis (2023),without_era5,2023-10-25T06:00:00+00:00,era5_max_wind,ERA5 10 m maximum,15.728568279438155,True,hourly mean,3
EP182023,Otis (2023),without_era5,2023-10-25T07:00:00+00:00,era5_max_wind,ERA5 10 m maximum,15.728568279438155,True,hourly mean,3
EP182023,Otis (2023),without_era5,2023-10-25T08:00:00+00:00,era5_max_wind,ERA5 10 m maximum,14.374867408530532,True,hourly mean,3
EP182023,Otis (2023),without_era5,2023-10-25T09:00:00+00:00,era5_max_wind,ERA5 10 m maximum,13.021166537622905,True,hourly mean,3
EP182023,Otis (2023),without_era5,2023-10-25T10:00:00+00:00,era5_max_wind,ERA5 10 m maximum,11.667465666715282,True,hourly mean,3
EP182023,Otis (2023),without_era5,2023-10-25T11:00:00+00:00,era5_max_wind,ERA5 10 m maximum,11.667465666715282,True,hourly mean,3
EP182023,Otis (2023),without_era5,2023-10-25T12:00:00+00:00,era5_max_wind,ERA5 10 m maximum,11.667465666715282,False,hourly mean,3
EP182023,Otis (2023),without_era5,2023-10-25T13:00:00+00:00,era5_max_wind,ERA5 10 m maximum,11.667465666715282,False,hourly mean,3
EP182023,Otis (2023),without_era5,2023-10-25T14:00:00+00:00,era5_max_wind,ERA5 10 m maximum,10.473093902456979,False,hourly mean,3
EP182023,Otis (2023),without_era5,2023-10-25T15:00:00+00:00,era5_max_wind,ERA5 10 m maximum,9.278722138198676,False,hourly mean,3
EP182023,Otis (2023),without_era5,2023-10-25T16:00:00+00:00,era5_max_wind,ERA5 10 m maximum,8.163185482969999,False,hourly mean,3
EP182023,Otis (2023),without_era5,2023-10-25T17:00:00+00:00,era5_max_wind,ERA5 10 m maximum,8.202603037484812,False,hourly mean,3
EP182023,Otis (2023),without_era5,2023-10-21T00:00:00+00:00,latent_sar_max_wind,Latent MLP · SAR · wind only,21.28834581375122,False,hourly mean,3
EP182023,Otis (2023),without_era5,2023-10-21T01:00:00+00:00,latent_sar_max_wind,Latent MLP · SAR · wind only,21.136113272772892,False,hourly mean,3
EP182023,Otis (2023),without_era5,2023-10-21T02:00:00+00:00,latent_sar_max_wind,Latent MLP · SAR · wind only,21.09477774302165,False,hourly mean,3
EP182023,Otis (2023),without_era5,2023-10-21T03:00:00+00:00,latent_sar_max_wind,Latent MLP · SAR · wind only,21.0843325720893,False,hourly mean,3
EP182023,Otis (2023),without_era5,2023-10-21T04:00:00+00:00,latent_sar_max_wind,Latent MLP · SAR · wind only,21.204782168070476,False,hourly mean,3
EP182023,Otis (2023),without_era5,2023-10-21T05:00:00+00:00,latent_sar_max_wind,Latent MLP · SAR · wind only,21.21406915452745,False,hourly mean,3
EP182023,Otis (2023),without_era5,2023-10-21T06:00:00+00:00,latent_sar_max_wind,Latent MLP · SAR · wind only,21.355072021484375,False,hourly mean,3
EP182023,Otis (2023),without_era5,2023-10-21T07:00:00+00:00,latent_sar_max_wind,Latent MLP · SAR · wind only,21.501117918226456,False,hourly mean,3
EP182023,Otis (2023),without_era5,2023-10-21T08:00:00+00:00,latent_sar_max_wind,Latent MLP · SAR · wind only,21.756475766499836,False,hourly mean,3
EP182023,Otis (2023),without_era5,2023-10-21T09:00:00+00:00,latent_sar_max_wind,Latent MLP · SAR · wind only,21.7662533654107,False,hourly mean,3
EP182023,Otis (2023),without_era5,2023-10-21T10:00:00+00:00,latent_sar_max_wind,Latent MLP · SAR · wind only,22.044318093193905,False,hourly mean,3
EP182023,Otis (2023),without_era5,2023-10-21T11:00:00+00:00,latent_sar_max_wind,Latent MLP · SAR · wind only,23.861477851867676,False,hourly mean,3
EP182023,Otis (2023),without_era5,2023-10-21T12:00:00+00:00,latent_sar_max_wind,Latent MLP · SAR · wind only,25.607677777608234,False,hourly mean,3
EP182023,Otis (2023),without_era5,2023-10-21T13:00:00+00:00,latent_sar_max_wind,Latent MLP · SAR · wind only,25.89426400926378,False,hourly mean,3
EP182023,Otis (2023),without_era5,2023-10-21T14:00:00+00:00,latent_sar_max_wind,Latent MLP · SAR · wind only,24.36268594529894,False,hourly mean,3
EP182023,Otis (2023),without_era5,2023-10-21T15:00:00+00:00,latent_sar_max_wind,Latent MLP · SAR · wind only,22.980175018310547,False,hourly mean,3
EP182023,Otis (2023),without_era5,2023-10-21T16:00:00+00:00,latent_sar_max_wind,Latent MLP · SAR · wind only,23.088161680433483,False,hourly mean,3
EP182023,Otis (2023),without_era5,2023-10-21T17:00:00+00:00,latent_sar_max_wind,Latent MLP · SAR · wind only,23.580318027072483,False,hourly mean,3
EP182023,Otis (2023),without_era5,2023-10-21T18:00:00+00:00,latent_sar_max_wind,Latent MLP · SAR · wind only,23.57569620344374,False,hourly mean,3
EP182023,Otis (2023),without_era5,2023-10-21T19:00:00+00:00,latent_sar_max_wind,Latent MLP · SAR · wind only,23.226269616021053,False,hourly mean,3
EP182023,Otis (2023),without_era5,2023-10-21T20:00:00+00:00,latent_sar_max_wind,Latent MLP · SAR · wind only,22.705122099982365,False,hourly mean,3
EP182023,Otis (2023),without_era5,2023-10-21T21:00:00+00:00,latent_sar_max_wind,Latent MLP · SAR · wind only,22.452138264973957,False,hourly mean,3
EP182023,Otis (2023),without_era5,2023-10-21T22:00:00+00:00,latent_sar_max_wind,Latent MLP · SAR · wind only,22.2514255311754,False,hourly mean,3
EP182023,Otis (2023),without_era5,2023-10-21T23:00:00+00:00,latent_sar_max_wind,Latent MLP · SAR · wind only,22.103532049391006,False,hourly mean,3
EP182023,Otis (2023),without_era5,2023-10-22T00:00:00+00:00,latent_sar_max_wind,Latent MLP · SAR · wind only,21.8579945034451,False,hourly mean,3
EP182023,Otis (2023),without_era5,2023-10-22T01:00:00+00:00,latent_sar_max_wind,Latent MLP · SAR · wind only,21.83327293395996,False,hourly mean,3
EP182023,Otis (2023),without_era5,2023-10-22T02:00:00+00:00,latent_sar_max_wind,Latent MLP · SAR · wind only,21.789484235975475,False,hourly mean,3
EP182023,Otis (2023),without_era5,2023-10-22T03:00:00+00:00,latent_sar_max_wind,Latent MLP · SAR · wind only,21.931301964653866,False,hourly mean,3
EP182023,Otis (2023),without_era5,2023-10-22T04:00:00+00:00,latent_sar_max_wind,Latent MLP · SAR · wind only,21.872167375352646,False,hourly mean,3
EP182023,Otis (2023),without_era5,2023-10-22T05:00:00+00:00,latent_sar_max_wind,Latent MLP · SAR · wind only,21.969383133782284,False,hourly mean,3
EP182023,Otis (2023),without_era5,2023-10-22T06:00:00+00:00,latent_sar_max_wind,Latent MLP · SAR · wind only,22.375759760538738,False,hourly mean,3
EP182023,Otis (2023),without_era5,2023-10-22T07:00:00+00:00,latent_sar_max_wind,Latent MLP · SAR · wind only,22.745011965433758,False,hourly mean,3
EP182023,Otis (2023),without_era5,2023-10-22T08:00:00+00:00,latent_sar_max_wind,Latent MLP · SAR · wind only,22.873988151550293,False,hourly mean,3
EP182023,Otis (2023),without_era5,2023-10-22T09:00:00+00:00,latent_sar_max_wind,Latent MLP · SAR · wind only,22.754928059048122,False,hourly mean,3
EP182023,Otis (2023),without_era5,2023-10-22T10:00:00+00:00,latent_sar_max_wind,Latent MLP · SAR · wind only,23.63506285349528,False,hourly mean,3
EP182023,Otis (2023),without_era5,2023-10-22T11:00:00+00:00,latent_sar_max_wind,Latent MLP · SAR · wind only,24.39493317074246,False,hourly mean,3
EP182023,Otis (2023),without_era5,2023-10-22T12:00:00+00:00,latent_sar_max_wind,Latent MLP · SAR · wind only,25.76285160912408,False,hourly mean,3
EP182023,Otis (2023),without_era5,2023-10-22T13:00:00+00:00,latent_sar_max_wind,Latent MLP · SAR · wind only,26.520863850911457,False,hourly mean,3
EP182023,Otis (2023),without_era5,2023-10-22T14:00:00+00:00,latent_sar_max_wind,Latent MLP · SAR · wind only,29.256832864549427,False,hourly mean,3
EP182023,Otis (2023),without_era5,2023-10-22T15:00:00+00:00,latent_sar_max_wind,Latent MLP · SAR · wind only,32.01180330912272,False,hourly mean,3
EP182023,Otis (2023),without_era5,2023-10-22T16:00:00+00:00,latent_sar_max_wind,Latent MLP · SAR · wind only,33.735520150926384,False,hourly mean,3
EP182023,Otis (2023),without_era5,2023-10-22T17:00:00+00:00,latent_sar_max_wind,Latent MLP · SAR · wind only,34.404876708984375,False,hourly mean,3
EP182023,Otis (2023),without_era5,2023-10-22T18:00:00+00:00,latent_sar_max_wind,Latent MLP · SAR · wind only,34.10772938198513,False,hourly mean,3
EP182023,Otis (2023),without_era5,2023-10-22T19:00:00+00:00,latent_sar_max_wind,Latent MLP · SAR · wind only,34.270155906677246,False,hourly mean,3
EP182023,Otis (2023),without_era5,2023-10-22T20:00:00+00:00,latent_sar_max_wind,Latent MLP · SAR · wind only,33.18311055501302,False,hourly mean,3
EP182023,Otis (2023),without_era5,2023-10-22T21:00:00+00:00,latent_sar_max_wind,Latent MLP · SAR · wind only,31.50691996680366,False,hourly mean,3
EP182023,Otis (2023),without_era5,2023-10-22T22:00:00+00:00,latent_sar_max_wind,Latent MLP · SAR · wind only,28.767094400193955,False,hourly mean,3
EP182023,Otis (2023),without_era5,2023-10-22T23:00:00+00:00,latent_sar_max_wind,Latent MLP · SAR · wind only,25.649630652533634,False,hourly mean,3
EP182023,Otis (2023),without_era5,2023-10-23T00:00:00+00:00,latent_sar_max_wind,Latent MLP · SAR · wind only,23.22187889946831,False,hourly mean,3
EP182023,Otis (2023),without_era5,2023-10-23T01:00:00+00:00,latent_sar_max_wind,Latent MLP · SAR · wind only,22.053793377346466,False,hourly mean,3
EP182023,Otis (2023),without_era5,2023-10-23T02:00:00+00:00,latent_sar_max_wind,Latent MLP · SAR · wind only,21.7397059334649,False,hourly mean,3
EP182023,Otis (2023),without_era5,2023-10-23T03:00:00+00:00,latent_sar_max_wind,Latent MLP · SAR · wind only,21.842328707377117,False,hourly mean,3
EP182023,Otis (2023),without_era5,2023-10-23T04:00:00+00:00,latent_sar_max_wind,Latent MLP · SAR · wind only,22.06844160291884,False,hourly mean,3
EP182023,Otis (2023),without_era5,2023-10-23T05:00:00+00:00,latent_sar_max_wind,Latent MLP · SAR · wind only,22.42494000328912,False,hourly mean,3
EP182023,Otis (2023),without_era5,2023-10-23T06:00:00+00:00,latent_sar_max_wind,Latent MLP · SAR · wind only,22.56112978193495,False,hourly mean,3
EP182023,Otis (2023),without_era5,2023-10-23T07:00:00+00:00,latent_sar_max_wind,Latent MLP · SAR · wind only,22.61416572994656,False,hourly mean,3
EP182023,Otis (2023),without_era5,2023-10-23T08:00:00+00:00,latent_sar_max_wind,Latent MLP · SAR · wind only,22.51519997914632,False,hourly mean,3
EP182023,Otis (2023),without_era5,2023-10-23T09:00:00+00:00,latent_sar_max_wind,Latent MLP · SAR · wind only,22.570594787597656,False,hourly mean,3
EP182023,Otis (2023),without_era5,2023-10-23T10:00:00+00:00,latent_sar_max_wind,Latent MLP · SAR · wind only,22.864086257086864,False,hourly mean,3
EP182023,Otis (2023),without_era5,2023-10-23T11:00:00+00:00,latent_sar_max_wind,Latent MLP · SAR · wind only,23.382197697957356,False,hourly mean,3
EP182023,Otis (2023),without_era5,2023-10-23T12:00:00+00:00,latent_sar_max_wind,Latent MLP · SAR · wind only,24.344558397928875,False,hourly mean,3
EP182023,Otis (2023),without_era5,2023-10-23T13:00:00+00:00,latent_sar_max_wind,Latent MLP · SAR · wind only,24.498828040228954,False,hourly mean,3
EP182023,Otis (2023),without_era5,2023-10-23T14:00:00+00:00,latent_sar_max_wind,Latent MLP · SAR · wind only,24.39891825781928,False,hourly mean,3
EP182023,Otis (2023),without_era5,2023-10-23T15:00:00+00:00,latent_sar_max_wind,Latent MLP · SAR · wind only,23.557964854770237,False,hourly mean,3
EP182023,Otis (2023),without_era5,2023-10-23T16:00:00+00:00,latent_sar_max_wind,Latent MLP · SAR · wind only,23.63326581319173,False,hourly mean,3
EP182023,Otis (2023),without_era5,2023-10-23T17:00:00+00:00,latent_sar_max_wind,Latent MLP · SAR · wind only,23.530930519104004,False,hourly mean,3
EP182023,Otis (2023),without_era5,2023-10-23T18:00:00+00:00,latent_sar_max_wind,Latent MLP · SAR · wind only,23.726697074042423,False,hourly mean,3
EP182023,Otis (2023),without_era5,2023-10-23T19:00:00+00:00,latent_sar_max_wind,Latent MLP · SAR · wind only,24.045509232415096,False,hourly mean,3
EP182023,Otis (2023),without_era5,2023-10-23T20:00:00+00:00,latent_sar_max_wind,Latent MLP · SAR · wind only,24.32898637983534,False,hourly mean,3
EP182023,Otis (2023),without_era5,2023-10-23T21:00:00+00:00,latent_sar_max_wind,Latent MLP · SAR · wind only,24.42562156253391,False,hourly mean,3
EP182023,Otis (2023),without_era5,2023-10-23T22:00:00+00:00,latent_sar_max_wind,Latent MLP · SAR · wind only,24.219962226019963,False,hourly mean,3
EP182023,Otis (2023),without_era5,2023-10-23T23:00:00+00:00,latent_sar_max_wind,Latent MLP · SAR · wind only,23.761418342590332,False,hourly mean,3
EP182023,Otis (2023),without_era5,2023-10-24T00:00:00+00:00,latent_sar_max_wind,Latent MLP · SAR · wind only,23.503293779161243,False,hourly mean,3
EP182023,Otis (2023),without_era5,2023-10-24T01:00:00+00:00,latent_sar_max_wind,Latent MLP · SAR · wind only,22.953716807895237,False,hourly mean,3
EP182023,Otis (2023),without_era5,2023-10-24T02:00:00+00:00,latent_sar_max_wind,Latent MLP · SAR · wind only,23.02173890007867,False,hourly mean,3
EP182023,Otis (2023),without_era5,2023-10-24T03:00:00+00:00,latent_sar_max_wind,Latent MLP · SAR · wind only,23.03558625115289,False,hourly mean,3
EP182023,Otis (2023),without_era5,2023-10-24T04:00:00+00:00,latent_sar_max_wind,Latent MLP · SAR · wind only,23.250229517618816,False,hourly mean,3
EP182023,Otis (2023),without_era5,2023-10-24T05:00:00+00:00,latent_sar_max_wind,Latent MLP · SAR · wind only,23.649239010281036,False,hourly mean,3
EP182023,Otis (2023),without_era5,2023-10-24T06:00:00+00:00,latent_sar_max_wind,Latent MLP · SAR · wind only,25.167122099134655,False,hourly mean,3
EP182023,Otis (2023),without_era5,2023-10-24T07:00:00+00:00,latent_sar_max_wind,Latent MLP · SAR · wind only,25.609462949964733,False,hourly mean,3
EP182023,Otis (2023),without_era5,2023-10-24T08:00:00+00:00,latent_sar_max_wind,Latent MLP · SAR · wind only,25.8477234310574,False,hourly mean,3
EP182023,Otis (2023),without_era5,2023-10-24T09:00:00+00:00,latent_sar_max_wind,Latent MLP · SAR · wind only,24.67370043860541,False,hourly mean,3
EP182023,Otis (2023),without_era5,2023-10-24T10:00:00+00:00,latent_sar_max_wind,Latent MLP · SAR · wind only,24.81891769833035,False,hourly mean,3
EP182023,Otis (2023),without_era5,2023-10-24T11:00:00+00:00,latent_sar_max_wind,Latent MLP · SAR · wind only,25.66671880086263,False,hourly mean,3
EP182023,Otis (2023),without_era5,2023-10-24T12:00:00+00:00,latent_sar_max_wind,Latent MLP · SAR · wind only,28.108245107862686,False,hourly mean,3
EP182023,Otis (2023),without_era5,2023-10-24T13:00:00+00:00,latent_sar_max_wind,Latent MLP · SAR · wind only,34.10031329260932,True,hourly mean,3
EP182023,Otis (2023),without_era5,2023-10-24T14:00:00+00:00,latent_sar_max_wind,Latent MLP · SAR · wind only,38.565022256639274,True,hourly mean,3
EP182023,Otis (2023),without_era5,2023-10-24T15:00:00+00:00,latent_sar_max_wind,Latent MLP · SAR · wind only,42.18423631456163,True,hourly mean,3
EP182023,Otis (2023),without_era5,2023-10-24T16:00:00+00:00,latent_sar_max_wind,Latent MLP · SAR · wind only,40.693195131089944,True,hourly mean,3
EP182023,Otis (2023),without_era5,2023-10-24T17:00:00+00:00,latent_sar_max_wind,Latent MLP · SAR · wind only,43.19700940450033,True,hourly mean,3
EP182023,Otis (2023),without_era5,2023-10-24T18:00:00+00:00,latent_sar_max_wind,Latent MLP · SAR · wind only,44.197410795423714,True,hourly mean,3
EP182023,Otis (2023),without_era5,2023-10-24T19:00:00+00:00,latent_sar_max_wind,Latent MLP · SAR · wind only,45.32675467597114,True,hourly mean,3
EP182023,Otis (2023),without_era5,2023-10-24T20:00:00+00:00,latent_sar_max_wind,Latent MLP · SAR · wind only,45.31999164157444,True,hourly mean,3
EP182023,Otis (2023),without_era5,2023-10-24T21:00:00+00:00,latent_sar_max_wind,Latent MLP · SAR · wind only,48.01936679416232,True,hourly mean,3
EP182023,Otis (2023),without_era5,2023-10-24T22:00:00+00:00,latent_sar_max_wind,Latent MLP · SAR · wind only,53.24364068773058,True,hourly mean,3
EP182023,Otis (2023),without_era5,2023-10-24T23:00:00+00:00,latent_sar_max_wind,Latent MLP · SAR · wind only,58.39894888136123,True,hourly mean,3
EP182023,Otis (2023),without_era5,2023-10-25T00:00:00+00:00,latent_sar_max_wind,Latent MLP · SAR · wind only,63.59838740030924,True,hourly mean,3
EP182023,Otis (2023),without_era5,2023-10-25T01:00:00+00:00,latent_sar_max_wind,Latent MLP · SAR · wind only,67.65427101982965,True,hourly mean,3
EP182023,Otis (2023),without_era5,2023-10-25T02:00:00+00:00,latent_sar_max_wind,Latent MLP · SAR · wind only,70.2403433057997,True,hourly mean,3
EP182023,Otis (2023),without_era5,2023-10-25T03:00:00+00:00,latent_sar_max_wind,Latent MLP · SAR · wind only,71.14452065361871,True,hourly mean,3
EP182023,Otis (2023),without_era5,2023-10-25T04:00:00+00:00,latent_sar_max_wind,Latent MLP · SAR · wind only,70.56023957994249,True,hourly mean,3
EP182023,Otis (2023),without_era5,2023-10-25T05:00:00+00:00,latent_sar_max_wind,Latent MLP · SAR · wind only,68.85550096299913,True,hourly mean,3
EP182023,Otis (2023),without_era5,2023-10-25T06:00:00+00:00,latent_sar_max_wind,Latent MLP · SAR · wind only,62.06520250108506,True,hourly mean,3
EP182023,Otis (2023),without_era5,2023-10-25T07:00:00+00:00,latent_sar_max_wind,Latent MLP · SAR · wind only,50.79091050889756,True,hourly mean,3
EP182023,Otis (2023),without_era5,2023-10-25T08:00:00+00:00,latent_sar_max_wind,Latent MLP · SAR · wind only,37.90849304199219,True,hourly mean,3
EP182023,Otis (2023),without_era5,2023-10-25T09:00:00+00:00,latent_sar_max_wind,Latent MLP · SAR · wind only,28.535866737365723,True,hourly mean,3
EP182023,Otis (2023),without_era5,2023-10-25T10:00:00+00:00,latent_sar_max_wind,Latent MLP · SAR · wind only,24.793675528632274,True,hourly mean,3
EP182023,Otis (2023),without_era5,2023-10-25T11:00:00+00:00,latent_sar_max_wind,Latent MLP · SAR · wind only,23.77255143059625,True,hourly mean,3
EP182023,Otis (2023),without_era5,2023-10-25T12:00:00+00:00,latent_sar_max_wind,Latent MLP · SAR · wind only,24.119949340820312,False,hourly mean,3
EP182023,Otis (2023),without_era5,2023-10-25T13:00:00+00:00,latent_sar_max_wind,Latent MLP · SAR · wind only,24.6025447845459,False,hourly mean,3
EP182023,Otis (2023),without_era5,2023-10-25T14:00:00+00:00,latent_sar_max_wind,Latent MLP · SAR · wind only,23.969710879855686,False,hourly mean,3
EP182023,Otis (2023),without_era5,2023-10-25T15:00:00+00:00,latent_sar_max_wind,Latent MLP · SAR · wind only,23.569644927978516,False,hourly mean,3
EP182023,Otis (2023),without_era5,2023-10-25T16:00:00+00:00,latent_sar_max_wind,Latent MLP · SAR · wind only,23.23587248060438,False,hourly mean,3
EP182023,Otis (2023),without_era5,2023-10-25T17:00:00+00:00,latent_sar_max_wind,Latent MLP · SAR · wind only,23.38685258229573,False,hourly mean,3
EP182023,Otis (2023),without_era5,2023-10-21T00:00:00+00:00,latent_sar_max_wind_radii,Latent MLP · SAR · wind + radii,20.73697296778361,False,hourly mean,3
EP182023,Otis (2023),without_era5,2023-10-21T01:00:00+00:00,latent_sar_max_wind_radii,Latent MLP · SAR · wind + radii,20.90546438429091,False,hourly mean,3
EP182023,Otis (2023),without_era5,2023-10-21T02:00:00+00:00,latent_sar_max_wind_radii,Latent MLP · SAR · wind + radii,21.171547253926594,False,hourly mean,3
EP182023,Otis (2023),without_era5,2023-10-21T03:00:00+00:00,latent_sar_max_wind_radii,Latent MLP · SAR · wind + radii,21.565559281243214,False,hourly mean,3
EP182023,Otis (2023),without_era5,2023-10-21T04:00:00+00:00,latent_sar_max_wind_radii,Latent MLP · SAR · wind + radii,22.238259845309788,False,hourly mean,3
EP182023,Otis (2023),without_era5,2023-10-21T05:00:00+00:00,latent_sar_max_wind_radii,Latent MLP · SAR · wind + radii,23.374230490790477,False,hourly mean,3
EP182023,Otis (2023),without_era5,2023-10-21T06:00:00+00:00,latent_sar_max_wind_radii,Latent MLP · SAR · wind + radii,23.34531593322754,False,hourly mean,3
EP182023,Otis (2023),without_era5,2023-10-21T07:00:00+00:00,latent_sar_max_wind_radii,Latent MLP · SAR · wind + radii,22.81671280331082,False,hourly mean,3
EP182023,Otis (2023),without_era5,2023-10-21T08:00:00+00:00,latent_sar_max_wind_radii,Latent MLP · SAR · wind + radii,22.736485587226024,False,hourly mean,3
EP182023,Otis (2023),without_era5,2023-10-21T09:00:00+00:00,latent_sar_max_wind_radii,Latent MLP · SAR · wind + radii,23.68852138519287,False,hourly mean,3
EP182023,Otis (2023),without_era5,2023-10-21T10:00:00+00:00,latent_sar_max_wind_radii,Latent MLP · SAR · wind + radii,23.699717415703663,False,hourly mean,3
EP182023,Otis (2023),without_era5,2023-10-21T11:00:00+00:00,latent_sar_max_wind_radii,Latent MLP · SAR · wind + radii,22.82583279079861,False,hourly mean,3
EP182023,Otis (2023),without_era5,2023-10-21T12:00:00+00:00,latent_sar_max_wind_radii,Latent MLP · SAR · wind + radii,23.031674067179363,False,hourly mean,3
EP182023,Otis (2023),without_era5,2023-10-21T13:00:00+00:00,latent_sar_max_wind_radii,Latent MLP · SAR · wind + radii,24.65020688374837,False,hourly mean,3
EP182023,Otis (2023),without_era5,2023-10-21T14:00:00+00:00,latent_sar_max_wind_radii,Latent MLP · SAR · wind + radii,26.310178862677684,False,hourly mean,3
EP182023,Otis (2023),without_era5,2023-10-21T15:00:00+00:00,latent_sar_max_wind_radii,Latent MLP · SAR · wind + radii,25.600829230414494,False,hourly mean,3
EP182023,Otis (2023),without_era5,2023-10-21T16:00:00+00:00,latent_sar_max_wind_radii,Latent MLP · SAR · wind + radii,24.26873705122206,False,hourly mean,3
EP182023,Otis (2023),without_era5,2023-10-21T17:00:00+00:00,latent_sar_max_wind_radii,Latent MLP · SAR · wind + radii,22.345964643690323,False,hourly mean,3
EP182023,Otis (2023),without_era5,2023-10-21T18:00:00+00:00,latent_sar_max_wind_radii,Latent MLP · SAR · wind + radii,22.581956969367138,False,hourly mean,3
EP182023,Otis (2023),without_era5,2023-10-21T19:00:00+00:00,latent_sar_max_wind_radii,Latent MLP · SAR · wind + radii,23.042736053466797,False,hourly mean,3
EP182023,Otis (2023),without_era5,2023-10-21T20:00:00+00:00,latent_sar_max_wind_radii,Latent MLP · SAR · wind + radii,24.250200271606445,False,hourly mean,3
EP182023,Otis (2023),without_era5,2023-10-21T21:00:00+00:00,latent_sar_max_wind_radii,Latent MLP · SAR · wind + radii,23.749193721347382,False,hourly mean,3
EP182023,Otis (2023),without_era5,2023-10-21T22:00:00+00:00,latent_sar_max_wind_radii,Latent MLP · SAR · wind + radii,23.081732008192276,False,hourly mean,3
EP182023,Otis (2023),without_era5,2023-10-21T23:00:00+00:00,latent_sar_max_wind_radii,Latent MLP · SAR · wind + radii,22.199799325731064,False,hourly mean,3
EP182023,Otis (2023),without_era5,2023-10-22T00:00:00+00:00,latent_sar_max_wind_radii,Latent MLP · SAR · wind + radii,21.81909465789795,False,hourly mean,3
EP182023,Otis (2023),without_era5,2023-10-22T01:00:00+00:00,latent_sar_max_wind_radii,Latent MLP · SAR · wind + radii,21.731143315633137,False,hourly mean,3
EP182023,Otis (2023),without_era5,2023-10-22T02:00:00+00:00,latent_sar_max_wind_radii,Latent MLP · SAR · wind + radii,21.924010170830616,False,hourly mean,3
EP182023,Otis (2023),without_era5,2023-10-22T03:00:00+00:00,latent_sar_max_wind_radii,Latent MLP · SAR · wind + radii,22.83360989888509,False,hourly mean,3
EP182023,Otis (2023),without_era5,2023-10-22T04:00:00+00:00,latent_sar_max_wind_radii,Latent MLP · SAR · wind + radii,23.554962793986004,False,hourly mean,3
EP182023,Otis (2023),without_era5,2023-10-22T05:00:00+00:00,latent_sar_max_wind_radii,Latent MLP · SAR · wind + radii,23.88383611043294,False,hourly mean,3
EP182023,Otis (2023),without_era5,2023-10-22T06:00:00+00:00,latent_sar_max_wind_radii,Latent MLP · SAR · wind + radii,23.990297211541066,False,hourly mean,3
EP182023,Otis (2023),without_era5,2023-10-22T07:00:00+00:00,latent_sar_max_wind_radii,Latent MLP · SAR · wind + radii,24.389224370320637,False,hourly mean,3
EP182023,Otis (2023),without_era5,2023-10-22T08:00:00+00:00,latent_sar_max_wind_radii,Latent MLP · SAR · wind + radii,24.53437074025472,False,hourly mean,3
EP182023,Otis (2023),without_era5,2023-10-22T09:00:00+00:00,latent_sar_max_wind_radii,Latent MLP · SAR · wind + radii,24.084291881985138,False,hourly mean,3
EP182023,Otis (2023),without_era5,2023-10-22T10:00:00+00:00,latent_sar_max_wind_radii,Latent MLP · SAR · wind + radii,23.541080792744953,False,hourly mean,3
EP182023,Otis (2023),without_era5,2023-10-22T11:00:00+00:00,latent_sar_max_wind_radii,Latent MLP · SAR · wind + radii,23.27512878841824,False,hourly mean,3
EP182023,Otis (2023),without_era5,2023-10-22T12:00:00+00:00,latent_sar_max_wind_radii,Latent MLP · SAR · wind + radii,24.089056756761337,False,hourly mean,3
EP182023,Otis (2023),without_era5,2023-10-22T13:00:00+00:00,latent_sar_max_wind_radii,Latent MLP · SAR · wind + radii,25.339962005615234,False,hourly mean,3
EP182023,Otis (2023),without_era5,2023-10-22T14:00:00+00:00,latent_sar_max_wind_radii,Latent MLP · SAR · wind + radii,25.73943042755127,False,hourly mean,3
EP182023,Otis (2023),without_era5,2023-10-22T15:00:00+00:00,latent_sar_max_wind_radii,Latent MLP · SAR · wind + radii,25.543777571784123,False,hourly mean,3
EP182023,Otis (2023),without_era5,2023-10-22T16:00:00+00:00,latent_sar_max_wind_radii,Latent MLP · SAR · wind + radii,26.086259735955128,False,hourly mean,3
EP182023,Otis (2023),without_era5,2023-10-22T17:00:00+00:00,latent_sar_max_wind_radii,Latent MLP · SAR · wind + radii,28.160490565829807,False,hourly mean,3
EP182023,Otis (2023),without_era5,2023-10-22T18:00:00+00:00,latent_sar_max_wind_radii,Latent MLP · SAR · wind + radii,31.288103209601505,False,hourly mean,3
EP182023,Otis (2023),without_era5,2023-10-22T19:00:00+00:00,latent_sar_max_wind_radii,Latent MLP · SAR · wind + radii,31.49522919125027,False,hourly mean,3
EP182023,Otis (2023),without_era5,2023-10-22T20:00:00+00:00,latent_sar_max_wind_radii,Latent MLP · SAR · wind + radii,30.70742977990044,False,hourly mean,3
EP182023,Otis (2023),without_era5,2023-10-22T21:00:00+00:00,latent_sar_max_wind_radii,Latent MLP · SAR · wind + radii,28.933040406968857,False,hourly mean,3
EP182023,Otis (2023),without_era5,2023-10-22T22:00:00+00:00,latent_sar_max_wind_radii,Latent MLP · SAR · wind + radii,26.817439079284668,False,hourly mean,3
EP182023,Otis (2023),without_era5,2023-10-22T23:00:00+00:00,latent_sar_max_wind_radii,Latent MLP · SAR · wind + radii,24.035696347554524,False,hourly mean,3
EP182023,Otis (2023),without_era5,2023-10-23T00:00:00+00:00,latent_sar_max_wind_radii,Latent MLP · SAR · wind + radii,21.26650036705865,False,hourly mean,3
EP182023,Otis (2023),without_era5,2023-10-23T01:00:00+00:00,latent_sar_max_wind_radii,Latent MLP · SAR · wind + radii,20.635490629408096,False,hourly mean,3
EP182023,Otis (2023),without_era5,2023-10-23T02:00:00+00:00,latent_sar_max_wind_radii,Latent MLP · SAR · wind + radii,21.821682506137424,False,hourly mean,3
EP182023,Otis (2023),without_era5,2023-10-23T03:00:00+00:00,latent_sar_max_wind_radii,Latent MLP · SAR · wind + radii,23.05923228793674,False,hourly mean,3
EP182023,Otis (2023),without_era5,2023-10-23T04:00:00+00:00,latent_sar_max_wind_radii,Latent MLP · SAR · wind + radii,23.751117706298828,False,hourly mean,3
EP182023,Otis (2023),without_era5,2023-10-23T05:00:00+00:00,latent_sar_max_wind_radii,Latent MLP · SAR · wind + radii,23.741260528564453,False,hourly mean,3
EP182023,Otis (2023),without_era5,2023-10-23T06:00:00+00:00,latent_sar_max_wind_radii,Latent MLP · SAR · wind + radii,22.750242339240177,False,hourly mean,3
EP182023,Otis (2023),without_era5,2023-10-23T07:00:00+00:00,latent_sar_max_wind_radii,Latent MLP · SAR · wind + radii,24.060680283440487,False,hourly mean,3
EP182023,Otis (2023),without_era5,2023-10-23T08:00:00+00:00,latent_sar_max_wind_radii,Latent MLP · SAR · wind + radii,25.035999298095703,False,hourly mean,3
EP182023,Otis (2023),without_era5,2023-10-23T09:00:00+00:00,latent_sar_max_wind_radii,Latent MLP · SAR · wind + radii,25.677103996276855,False,hourly mean,3
EP182023,Otis (2023),without_era5,2023-10-23T10:00:00+00:00,latent_sar_max_wind_radii,Latent MLP · SAR · wind + radii,24.14467578464084,False,hourly mean,3
EP182023,Otis (2023),without_era5,2023-10-23T11:00:00+00:00,latent_sar_max_wind_radii,Latent MLP · SAR · wind + radii,21.743479410807293,False,hourly mean,3
EP182023,Otis (2023),without_era5,2023-10-23T12:00:00+00:00,latent_sar_max_wind_radii,Latent MLP · SAR · wind + radii,20.92219363318549,False,hourly mean,3
EP182023,Otis (2023),without_era5,2023-10-23T13:00:00+00:00,latent_sar_max_wind_radii,Latent MLP · SAR · wind + radii,20.810955471462673,False,hourly mean,3
EP182023,Otis (2023),without_era5,2023-10-23T14:00:00+00:00,latent_sar_max_wind_radii,Latent MLP · SAR · wind + radii,22.067483372158474,False,hourly mean,3
EP182023,Otis (2023),without_era5,2023-10-23T15:00:00+00:00,latent_sar_max_wind_radii,Latent MLP · SAR · wind + radii,22.181538475884327,False,hourly mean,3
EP182023,Otis (2023),without_era5,2023-10-23T16:00:00+00:00,latent_sar_max_wind_radii,Latent MLP · SAR · wind + radii,22.200289832221134,False,hourly mean,3
EP182023,Otis (2023),without_era5,2023-10-23T17:00:00+00:00,latent_sar_max_wind_radii,Latent MLP · SAR · wind + radii,22.770492129855686,False,hourly mean,3
EP182023,Otis (2023),without_era5,2023-10-23T18:00:00+00:00,latent_sar_max_wind_radii,Latent MLP · SAR · wind + radii,23.923639085557728,False,hourly mean,3
EP182023,Otis (2023),without_era5,2023-10-23T19:00:00+00:00,latent_sar_max_wind_radii,Latent MLP · SAR · wind + radii,25.431429333157013,False,hourly mean,3
EP182023,Otis (2023),without_era5,2023-10-23T20:00:00+00:00,latent_sar_max_wind_radii,Latent MLP · SAR · wind + radii,26.437452528211807,False,hourly mean,3
EP182023,Otis (2023),without_era5,2023-10-23T21:00:00+00:00,latent_sar_max_wind_radii,Latent MLP · SAR · wind + radii,26.193568017747666,False,hourly mean,3
EP182023,Otis (2023),without_era5,2023-10-23T22:00:00+00:00,latent_sar_max_wind_radii,Latent MLP · SAR · wind + radii,23.072404649522568,False,hourly mean,3
EP182023,Otis (2023),without_era5,2023-10-23T23:00:00+00:00,latent_sar_max_wind_radii,Latent MLP · SAR · wind + radii,20.51419311099582,False,hourly mean,3
EP182023,Otis (2023),without_era5,2023-10-24T00:00:00+00:00,latent_sar_max_wind_radii,Latent MLP · SAR · wind + radii,19.368725458780926,False,hourly mean,3
EP182023,Otis (2023),without_era5,2023-10-24T01:00:00+00:00,latent_sar_max_wind_radii,Latent MLP · SAR · wind + radii,21.82456387413873,False,hourly mean,3
EP182023,Otis (2023),without_era5,2023-10-24T02:00:00+00:00,latent_sar_max_wind_radii,Latent MLP · SAR · wind + radii,22.618514484829376,False,hourly mean,3
EP182023,Otis (2023),without_era5,2023-10-24T03:00:00+00:00,latent_sar_max_wind_radii,Latent MLP · SAR · wind + radii,23.71047867669,False,hourly mean,3
EP182023,Otis (2023),without_era5,2023-10-24T04:00:00+00:00,latent_sar_max_wind_radii,Latent MLP · SAR · wind + radii,22.8982032140096,False,hourly mean,3
EP182023,Otis (2023),without_era5,2023-10-24T05:00:00+00:00,latent_sar_max_wind_radii,Latent MLP · SAR · wind + radii,24.15624226464165,False,hourly mean,3
EP182023,Otis (2023),without_era5,2023-10-24T06:00:00+00:00,latent_sar_max_wind_radii,Latent MLP · SAR · wind + radii,24.43905374738905,False,hourly mean,3
EP182023,Otis (2023),without_era5,2023-10-24T07:00:00+00:00,latent_sar_max_wind_radii,Latent MLP · SAR · wind + radii,24.77113437652588,False,hourly mean,3
EP182023,Otis (2023),without_era5,2023-10-24T08:00:00+00:00,latent_sar_max_wind_radii,Latent MLP · SAR · wind + radii,25.598629633585613,False,hourly mean,3
EP182023,Otis (2023),without_era5,2023-10-24T09:00:00+00:00,latent_sar_max_wind_radii,Latent MLP · SAR · wind + radii,29.22694068484836,False,hourly mean,3
EP182023,Otis (2023),without_era5,2023-10-24T10:00:00+00:00,latent_sar_max_wind_radii,Latent MLP · SAR · wind + radii,32.74653127458361,False,hourly mean,3
EP182023,Otis (2023),without_era5,2023-10-24T11:00:00+00:00,latent_sar_max_wind_radii,Latent MLP · SAR · wind + radii,38.80613782670763,False,hourly mean,3
EP182023,Otis (2023),without_era5,2023-10-24T12:00:00+00:00,latent_sar_max_wind_radii,Latent MLP · SAR · wind + radii,41.41517151726617,False,hourly mean,3
EP182023,Otis (2023),without_era5,2023-10-24T13:00:00+00:00,latent_sar_max_wind_radii,Latent MLP · SAR · wind + radii,47.945359759860565,True,hourly mean,3
EP182023,Otis (2023),without_era5,2023-10-24T14:00:00+00:00,latent_sar_max_wind_radii,Latent MLP · SAR · wind + radii,48.973894119262695,True,hourly mean,3
EP182023,Otis (2023),without_era5,2023-10-24T15:00:00+00:00,latent_sar_max_wind_radii,Latent MLP · SAR · wind + radii,52.276465309990776,True,hourly mean,3
EP182023,Otis (2023),without_era5,2023-10-24T16:00:00+00:00,latent_sar_max_wind_radii,Latent MLP · SAR · wind + radii,50.87334209018283,True,hourly mean,3
EP182023,Otis (2023),without_era5,2023-10-24T17:00:00+00:00,latent_sar_max_wind_radii,Latent MLP · SAR · wind + radii,51.991855197482636,True,hourly mean,3
EP182023,Otis (2023),without_era5,2023-10-24T18:00:00+00:00,latent_sar_max_wind_radii,Latent MLP · SAR · wind + radii,51.95847490098742,True,hourly mean,3
EP182023,Otis (2023),without_era5,2023-10-24T19:00:00+00:00,latent_sar_max_wind_radii,Latent MLP · SAR · wind + radii,51.75418366326227,True,hourly mean,3
EP182023,Otis (2023),without_era5,2023-10-24T20:00:00+00:00,latent_sar_max_wind_radii,Latent MLP · SAR · wind + radii,52.7532901763916,True,hourly mean,3
EP182023,Otis (2023),without_era5,2023-10-24T21:00:00+00:00,latent_sar_max_wind_radii,Latent MLP · SAR · wind + radii,55.69431156582303,True,hourly mean,3
EP182023,Otis (2023),without_era5,2023-10-24T22:00:00+00:00,latent_sar_max_wind_radii,Latent MLP · SAR · wind + radii,61.33124309115939,True,hourly mean,3
EP182023,Otis (2023),without_era5,2023-10-24T23:00:00+00:00,latent_sar_max_wind_radii,Latent MLP · SAR · wind + radii,64.95351812574599,True,hourly mean,3
EP182023,Otis (2023),without_era5,2023-10-25T00:00:00+00:00,latent_sar_max_wind_radii,Latent MLP · SAR · wind + radii,66.7881965637207,True,hourly mean,3
EP182023,Otis (2023),without_era5,2023-10-25T01:00:00+00:00,latent_sar_max_wind_radii,Latent MLP · SAR · wind + radii,66.80967670016817,True,hourly mean,3
EP182023,Otis (2023),without_era5,2023-10-25T02:00:00+00:00,latent_sar_max_wind_radii,Latent MLP · SAR · wind + radii,67.8864500257704,True,hourly mean,3
EP182023,Otis (2023),without_era5,2023-10-25T03:00:00+00:00,latent_sar_max_wind_radii,Latent MLP · SAR · wind + radii,68.1133689880371,True,hourly mean,3
EP182023,Otis (2023),without_era5,2023-10-25T04:00:00+00:00,latent_sar_max_wind_radii,Latent MLP · SAR · wind + radii,65.76154009501138,True,hourly mean,3
EP182023,Otis (2023),without_era5,2023-10-25T05:00:00+00:00,latent_sar_max_wind_radii,Latent MLP · SAR · wind + radii,61.412053849962014,True,hourly mean,3
EP182023,Otis (2023),without_era5,2023-10-25T06:00:00+00:00,latent_sar_max_wind_radii,Latent MLP · SAR · wind + radii,55.18963623046875,True,hourly mean,3
EP182023,Otis (2023),without_era5,2023-10-25T07:00:00+00:00,latent_sar_max_wind_radii,Latent MLP · SAR · wind + radii,51.425160937839074,True,hourly mean,3
EP182023,Otis (2023),without_era5,2023-10-25T08:00:00+00:00,latent_sar_max_wind_radii,Latent MLP · SAR · wind + radii,43.815225495232475,True,hourly mean,3
EP182023,Otis (2023),without_era5,2023-10-25T09:00:00+00:00,latent_sar_max_wind_radii,Latent MLP · SAR · wind + radii,38.91154840257432,True,hourly mean,3
EP182023,Otis (2023),without_era5,2023-10-25T10:00:00+00:00,latent_sar_max_wind_radii,Latent MLP · SAR · wind + radii,33.41840807596842,True,hourly mean,3
EP182023,Otis (2023),without_era5,2023-10-25T11:00:00+00:00,latent_sar_max_wind_radii,Latent MLP · SAR · wind + radii,30.93203057183159,True,hourly mean,3
EP182023,Otis (2023),without_era5,2023-10-25T12:00:00+00:00,latent_sar_max_wind_radii,Latent MLP · SAR · wind + radii,26.887202262878414,False,hourly mean,3
EP182023,Otis (2023),without_era5,2023-10-25T13:00:00+00:00,latent_sar_max_wind_radii,Latent MLP · SAR · wind + radii,24.053945647345643,False,hourly mean,3
EP182023,Otis (2023),without_era5,2023-10-25T14:00:00+00:00,latent_sar_max_wind_radii,Latent MLP · SAR · wind + radii,21.9042952855428,False,hourly mean,3
EP182023,Otis (2023),without_era5,2023-10-25T15:00:00+00:00,latent_sar_max_wind_radii,Latent MLP · SAR · wind + radii,21.337457974751786,False,hourly mean,3
EP182023,Otis (2023),without_era5,2023-10-25T16:00:00+00:00,latent_sar_max_wind_radii,Latent MLP · SAR · wind + radii,21.045704205830887,False,hourly mean,3
EP182023,Otis (2023),without_era5,2023-10-25T17:00:00+00:00,latent_sar_max_wind_radii,Latent MLP · SAR · wind + radii,21.300255775451653,False,hourly mean,3
EP182023,Otis (2023),without_era5,2023-10-21T00:00:00+00:00,latent_no_sar_max_wind,Latent MLP · no SAR · wind only,22.349799156188965,False,hourly mean,3
EP182023,Otis (2023),without_era5,2023-10-21T01:00:00+00:00,latent_no_sar_max_wind,Latent MLP · no SAR · wind only,22.33181370629205,False,hourly mean,3
EP182023,Otis (2023),without_era5,2023-10-21T02:00:00+00:00,latent_no_sar_max_wind,Latent MLP · no SAR · wind only,22.27660571204292,False,hourly mean,3
EP182023,Otis (2023),without_era5,2023-10-21T03:00:00+00:00,latent_no_sar_max_wind,Latent MLP · no SAR · wind only,22.278350936041942,False,hourly mean,3
EP182023,Otis (2023),without_era5,2023-10-21T04:00:00+00:00,latent_no_sar_max_wind,Latent MLP · no SAR · wind only,22.298357433742947,False,hourly mean,3
EP182023,Otis (2023),without_era5,2023-10-21T05:00:00+00:00,latent_no_sar_max_wind,Latent MLP · no SAR · wind only,22.396993319193523,False,hourly mean,3
EP182023,Otis (2023),without_era5,2023-10-21T06:00:00+00:00,latent_no_sar_max_wind,Latent MLP · no SAR · wind only,22.480498737759063,False,hourly mean,3
EP182023,Otis (2023),without_era5,2023-10-21T07:00:00+00:00,latent_no_sar_max_wind,Latent MLP · no SAR · wind only,22.552148818969727,False,hourly mean,3
EP182023,Otis (2023),without_era5,2023-10-21T08:00:00+00:00,latent_no_sar_max_wind,Latent MLP · no SAR · wind only,22.64878781636556,False,hourly mean,3
EP182023,Otis (2023),without_era5,2023-10-21T09:00:00+00:00,latent_no_sar_max_wind,Latent MLP · no SAR · wind only,22.82367197672526,False,hourly mean,3
EP182023,Otis (2023),without_era5,2023-10-21T10:00:00+00:00,latent_no_sar_max_wind,Latent MLP · no SAR · wind only,23.154049131605362,False,hourly mean,3
EP182023,Otis (2023),without_era5,2023-10-21T11:00:00+00:00,latent_no_sar_max_wind,Latent MLP · no SAR · wind only,23.673815939161514,False,hourly mean,3
EP182023,Otis (2023),without_era5,2023-10-21T12:00:00+00:00,latent_no_sar_max_wind,Latent MLP · no SAR · wind only,24.6022916369968,False,hourly mean,3
EP182023,Otis (2023),without_era5,2023-10-21T13:00:00+00:00,latent_no_sar_max_wind,Latent MLP · no SAR · wind only,24.978599124484592,False,hourly mean,3
EP182023,Otis (2023),without_era5,2023-10-21T14:00:00+00:00,latent_no_sar_max_wind,Latent MLP · no SAR · wind only,24.802386495802136,False,hourly mean,3
EP182023,Otis (2023),without_era5,2023-10-21T15:00:00+00:00,latent_no_sar_max_wind,Latent MLP · no SAR · wind only,24.068527857462566,False,hourly mean,3
EP182023,Otis (2023),without_era5,2023-10-21T16:00:00+00:00,latent_no_sar_max_wind,Latent MLP · no SAR · wind only,24.063510258992512,False,hourly mean,3
EP182023,Otis (2023),without_era5,2023-10-21T17:00:00+00:00,latent_no_sar_max_wind,Latent MLP · no SAR · wind only,24.06168852912055,False,hourly mean,3
EP182023,Otis (2023),without_era5,2023-10-21T18:00:00+00:00,latent_no_sar_max_wind,Latent MLP · no SAR · wind only,23.986733436584473,False,hourly mean,3
EP182023,Otis (2023),without_era5,2023-10-21T19:00:00+00:00,latent_no_sar_max_wind,Latent MLP · no SAR · wind only,23.49462042914497,False,hourly mean,3
EP182023,Otis (2023),without_era5,2023-10-21T20:00:00+00:00,latent_no_sar_max_wind,Latent MLP · no SAR · wind only,23.287816895378963,False,hourly mean,3
EP182023,Otis (2023),without_era5,2023-10-21T21:00:00+00:00,latent_no_sar_max_wind,Latent MLP · no SAR · wind only,23.16548442840576,False,hourly mean,3
EP182023,Otis (2023),without_era5,2023-10-21T22:00:00+00:00,latent_no_sar_max_wind,Latent MLP · no SAR · wind only,23.10666561126709,False,hourly mean,3
EP182023,Otis (2023),without_era5,2023-10-21T23:00:00+00:00,latent_no_sar_max_wind,Latent MLP · no SAR · wind only,22.94993845621745,False,hourly mean,3
EP182023,Otis (2023),without_era5,2023-10-22T00:00:00+00:00,latent_no_sar_max_wind,Latent MLP · no SAR · wind only,22.789058579338917,False,hourly mean,3
EP182023,Otis (2023),without_era5,2023-10-22T01:00:00+00:00,latent_no_sar_max_wind,Latent MLP · no SAR · wind only,22.697736104329426,False,hourly mean,3
EP182023,Otis (2023),without_era5,2023-10-22T02:00:00+00:00,latent_no_sar_max_wind,Latent MLP · no SAR · wind only,22.702191458808056,False,hourly mean,3
EP182023,Otis (2023),without_era5,2023-10-22T03:00:00+00:00,latent_no_sar_max_wind,Latent MLP · no SAR · wind only,22.742338074578182,False,hourly mean,3
EP182023,Otis (2023),without_era5,2023-10-22T04:00:00+00:00,latent_no_sar_max_wind,Latent MLP · no SAR · wind only,22.80319595336914,False,hourly mean,3
EP182023,Otis (2023),without_era5,2023-10-22T05:00:00+00:00,latent_no_sar_max_wind,Latent MLP · no SAR · wind only,22.921460363599987,False,hourly mean,3
EP182023,Otis (2023),without_era5,2023-10-22T06:00:00+00:00,latent_no_sar_max_wind,Latent MLP · no SAR · wind only,23.514327896965877,False,hourly mean,3
EP182023,Otis (2023),without_era5,2023-10-22T07:00:00+00:00,latent_no_sar_max_wind,Latent MLP · no SAR · wind only,24.2005025015937,False,hourly mean,3
EP182023,Otis (2023),without_era5,2023-10-22T08:00:00+00:00,latent_no_sar_max_wind,Latent MLP · no SAR · wind only,24.77823479970296,False,hourly mean,3
EP182023,Otis (2023),without_era5,2023-10-22T09:00:00+00:00,latent_no_sar_max_wind,Latent MLP · no SAR · wind only,24.944661882188587,False,hourly mean,3
EP182023,Otis (2023),without_era5,2023-10-22T10:00:00+00:00,latent_no_sar_max_wind,Latent MLP · no SAR · wind only,25.944808959960938,False,hourly mean,3
EP182023,Otis (2023),without_era5,2023-10-22T11:00:00+00:00,latent_no_sar_max_wind,Latent MLP · no SAR · wind only,26.583126174079045,False,hourly mean,3
EP182023,Otis (2023),without_era5,2023-10-22T12:00:00+00:00,latent_no_sar_max_wind,Latent MLP · no SAR · wind only,27.48323207431369,False,hourly mean,3
EP182023,Otis (2023),without_era5,2023-10-22T13:00:00+00:00,latent_no_sar_max_wind,Latent MLP · no SAR · wind only,27.280671331617565,False,hourly mean,3
EP182023,Otis (2023),without_era5,2023-10-22T14:00:00+00:00,latent_no_sar_max_wind,Latent MLP · no SAR · wind only,27.32836066351997,False,hourly mean,3
EP182023,Otis (2023),without_era5,2023-10-22T15:00:00+00:00,latent_no_sar_max_wind,Latent MLP · no SAR · wind only,27.036892784966366,False,hourly mean,3
EP182023,Otis (2023),without_era5,2023-10-22T16:00:00+00:00,latent_no_sar_max_wind,Latent MLP · no SAR · wind only,27.087876425849064,False,hourly mean,3
EP182023,Otis (2023),without_era5,2023-10-22T17:00:00+00:00,latent_no_sar_max_wind,Latent MLP · no SAR · wind only,26.294755829705128,False,hourly mean,3
EP182023,Otis (2023),without_era5,2023-10-22T18:00:00+00:00,latent_no_sar_max_wind,Latent MLP · no SAR · wind only,25.959977997673885,False,hourly mean,3
EP182023,Otis (2023),without_era5,2023-10-22T19:00:00+00:00,latent_no_sar_max_wind,Latent MLP · no SAR · wind only,25.9116268157959,False,hourly mean,3
EP182023,Otis (2023),without_era5,2023-10-22T20:00:00+00:00,latent_no_sar_max_wind,Latent MLP · no SAR · wind only,26.820983568827312,False,hourly mean,3
EP182023,Otis (2023),without_era5,2023-10-22T21:00:00+00:00,latent_no_sar_max_wind,Latent MLP · no SAR · wind only,26.84022585550944,False,hourly mean,3
EP182023,Otis (2023),without_era5,2023-10-22T22:00:00+00:00,latent_no_sar_max_wind,Latent MLP · no SAR · wind only,26.42333009507921,False,hourly mean,3
EP182023,Otis (2023),without_era5,2023-10-22T23:00:00+00:00,latent_no_sar_max_wind,Latent MLP · no SAR · wind only,25.013872146606445,False,hourly mean,3
EP182023,Otis (2023),without_era5,2023-10-23T00:00:00+00:00,latent_no_sar_max_wind,Latent MLP · no SAR · wind only,24.004900720384388,False,hourly mean,3
EP182023,Otis (2023),without_era5,2023-10-23T01:00:00+00:00,latent_no_sar_max_wind,Latent MLP · no SAR · wind only,23.24342441558838,False,hourly mean,3
EP182023,Otis (2023),without_era5,2023-10-23T02:00:00+00:00,latent_no_sar_max_wind,Latent MLP · no SAR · wind only,23.604176097446015,False,hourly mean,3
EP182023,Otis (2023),without_era5,2023-10-23T03:00:00+00:00,latent_no_sar_max_wind,Latent MLP · no SAR · wind only,24.12736627790663,False,hourly mean,3
EP182023,Otis (2023),without_era5,2023-10-23T04:00:00+00:00,latent_no_sar_max_wind,Latent MLP · no SAR · wind only,24.301577038235138,False,hourly mean,3
EP182023,Otis (2023),without_era5,2023-10-23T05:00:00+00:00,latent_no_sar_max_wind,Latent MLP · no SAR · wind only,25.715218967861603,False,hourly mean,3
EP182023,Otis (2023),without_era5,2023-10-23T06:00:00+00:00,latent_no_sar_max_wind,Latent MLP · no SAR · wind only,27.76129945119222,False,hourly mean,3
EP182023,Otis (2023),without_era5,2023-10-23T07:00:00+00:00,latent_no_sar_max_wind,Latent MLP · no SAR · wind only,29.671970261467823,False,hourly mean,3
EP182023,Otis (2023),without_era5,2023-10-23T08:00:00+00:00,latent_no_sar_max_wind,Latent MLP · no SAR · wind only,29.64532216389974,False,hourly mean,3
EP182023,Otis (2023),without_era5,2023-10-23T09:00:00+00:00,latent_no_sar_max_wind,Latent MLP · no SAR · wind only,28.472861184014217,False,hourly mean,3
EP182023,Otis (2023),without_era5,2023-10-23T10:00:00+00:00,latent_no_sar_max_wind,Latent MLP · no SAR · wind only,27.080288463168674,False,hourly mean,3
EP182023,Otis (2023),without_era5,2023-10-23T11:00:00+00:00,latent_no_sar_max_wind,Latent MLP · no SAR · wind only,25.78211201561822,False,hourly mean,3
EP182023,Otis (2023),without_era5,2023-10-23T12:00:00+00:00,latent_no_sar_max_wind,Latent MLP · no SAR · wind only,24.819570117526585,False,hourly mean,3
EP182023,Otis (2023),without_era5,2023-10-23T13:00:00+00:00,latent_no_sar_max_wind,Latent MLP · no SAR · wind only,23.908382839626736,False,hourly mean,3
EP182023,Otis (2023),without_era5,2023-10-23T14:00:00+00:00,latent_no_sar_max_wind,Latent MLP · no SAR · wind only,23.50323348575168,False,hourly mean,3
EP182023,Otis (2023),without_era5,2023-10-23T15:00:00+00:00,latent_no_sar_max_wind,Latent MLP · no SAR · wind only,23.22123188442654,False,hourly mean,3
EP182023,Otis (2023),without_era5,2023-10-23T16:00:00+00:00,latent_no_sar_max_wind,Latent MLP · no SAR · wind only,23.319535573323567,False,hourly mean,3
EP182023,Otis (2023),without_era5,2023-10-23T17:00:00+00:00,latent_no_sar_max_wind,Latent MLP · no SAR · wind only,23.469272825453018,False,hourly mean,3
EP182023,Otis (2023),without_era5,2023-10-23T18:00:00+00:00,latent_no_sar_max_wind,Latent MLP · no SAR · wind only,23.50217956966824,False,hourly mean,3
EP182023,Otis (2023),without_era5,2023-10-23T19:00:00+00:00,latent_no_sar_max_wind,Latent MLP · no SAR · wind only,23.607858339945476,False,hourly mean,3
EP182023,Otis (2023),without_era5,2023-10-23T20:00:00+00:00,latent_no_sar_max_wind,Latent MLP · no SAR · wind only,24.049941168891056,False,hourly mean,3
EP182023,Otis (2023),without_era5,2023-10-23T21:00:00+00:00,latent_no_sar_max_wind,Latent MLP · no SAR · wind only,24.673162566290966,False,hourly mean,3
EP182023,Otis (2023),without_era5,2023-10-23T22:00:00+00:00,latent_no_sar_max_wind,Latent MLP · no SAR · wind only,25.130304760403103,False,hourly mean,3
EP182023,Otis (2023),without_era5,2023-10-23T23:00:00+00:00,latent_no_sar_max_wind,Latent MLP · no SAR · wind only,25.52499696943495,False,hourly mean,3
EP182023,Otis (2023),without_era5,2023-10-24T00:00:00+00:00,latent_no_sar_max_wind,Latent MLP · no SAR · wind only,26.336920314364964,False,hourly mean,3
EP182023,Otis (2023),without_era5,2023-10-24T01:00:00+00:00,latent_no_sar_max_wind,Latent MLP · no SAR · wind only,27.043161180284287,False,hourly mean,3
EP182023,Otis (2023),without_era5,2023-10-24T02:00:00+00:00,latent_no_sar_max_wind,Latent MLP · no SAR · wind only,27.542092747158474,False,hourly mean,3
EP182023,Otis (2023),without_era5,2023-10-24T03:00:00+00:00,latent_no_sar_max_wind,Latent MLP · no SAR · wind only,27.42666922675239,False,hourly mean,3
EP182023,Otis (2023),without_era5,2023-10-24T04:00:00+00:00,latent_no_sar_max_wind,Latent MLP · no SAR · wind only,28.02331807878282,False,hourly mean,3
EP182023,Otis (2023),without_era5,2023-10-24T05:00:00+00:00,latent_no_sar_max_wind,Latent MLP · no SAR · wind only,30.191957473754883,False,hourly mean,3
EP182023,Otis (2023),without_era5,2023-10-24T06:00:00+00:00,latent_no_sar_max_wind,Latent MLP · no SAR · wind only,32.19537904527453,False,hourly mean,3
EP182023,Otis (2023),without_era5,2023-10-24T07:00:00+00:00,latent_no_sar_max_wind,Latent MLP · no SAR · wind only,35.11230892605252,False,hourly mean,3
EP182023,Otis (2023),without_era5,2023-10-24T08:00:00+00:00,latent_no_sar_max_wind,Latent MLP · no SAR · wind only,37.80149279700385,False,hourly mean,3
EP182023,Otis (2023),without_era5,2023-10-24T09:00:00+00:00,latent_no_sar_max_wind,Latent MLP · no SAR · wind only,39.03798145718045,False,hourly mean,3
EP182023,Otis (2023),without_era5,2023-10-24T10:00:00+00:00,latent_no_sar_max_wind,Latent MLP · no SAR · wind only,39.6438677046034,False,hourly mean,3
EP182023,Otis (2023),without_era5,2023-10-24T11:00:00+00:00,latent_no_sar_max_wind,Latent MLP · no SAR · wind only,40.27514860365125,False,hourly mean,3
EP182023,Otis (2023),without_era5,2023-10-24T12:00:00+00:00,latent_no_sar_max_wind,Latent MLP · no SAR · wind only,41.46579551696777,False,hourly mean,3
EP182023,Otis (2023),without_era5,2023-10-24T13:00:00+00:00,latent_no_sar_max_wind,Latent MLP · no SAR · wind only,42.33039093017578,True,hourly mean,3
EP182023,Otis (2023),without_era5,2023-10-24T14:00:00+00:00,latent_no_sar_max_wind,Latent MLP · no SAR · wind only,40.25882699754503,True,hourly mean,3
EP182023,Otis (2023),without_era5,2023-10-24T15:00:00+00:00,latent_no_sar_max_wind,Latent MLP · no SAR · wind only,40.59499189588758,True,hourly mean,3
EP182023,Otis (2023),without_era5,2023-10-24T16:00:00+00:00,latent_no_sar_max_wind,Latent MLP · no SAR · wind only,41.48107486300999,True,hourly mean,3
EP182023,Otis (2023),without_era5,2023-10-24T17:00:00+00:00,latent_no_sar_max_wind,Latent MLP · no SAR · wind only,44.85028542412652,True,hourly mean,3
EP182023,Otis (2023),without_era5,2023-10-24T18:00:00+00:00,latent_no_sar_max_wind,Latent MLP · no SAR · wind only,47.295395321316185,True,hourly mean,3
EP182023,Otis (2023),without_era5,2023-10-24T19:00:00+00:00,latent_no_sar_max_wind,Latent MLP · no SAR · wind only,49.22739283243815,True,hourly mean,3
EP182023,Otis (2023),without_era5,2023-10-24T20:00:00+00:00,latent_no_sar_max_wind,Latent MLP · no SAR · wind only,50.8326399061415,True,hourly mean,3
EP182023,Otis (2023),without_era5,2023-10-24T21:00:00+00:00,latent_no_sar_max_wind,Latent MLP · no SAR · wind only,52.50339931911893,True,hourly mean,3
EP182023,Otis (2023),without_era5,2023-10-24T22:00:00+00:00,latent_no_sar_max_wind,Latent MLP · no SAR · wind only,54.62561819288465,True,hourly mean,3
EP182023,Otis (2023),without_era5,2023-10-24T23:00:00+00:00,latent_no_sar_max_wind,Latent MLP · no SAR · wind only,57.62464057074652,True,hourly mean,3
EP182023,Otis (2023),without_era5,2023-10-25T00:00:00+00:00,latent_no_sar_max_wind,Latent MLP · no SAR · wind only,61.096121046278206,True,hourly mean,3
EP182023,Otis (2023),without_era5,2023-10-25T01:00:00+00:00,latent_no_sar_max_wind,Latent MLP · no SAR · wind only,64.42111672295465,True,hourly mean,3
EP182023,Otis (2023),without_era5,2023-10-25T02:00:00+00:00,latent_no_sar_max_wind,Latent MLP · no SAR · wind only,66.37232928805882,True,hourly mean,3
EP182023,Otis (2023),without_era5,2023-10-25T03:00:00+00:00,latent_no_sar_max_wind,Latent MLP · no SAR · wind only,67.42259513007271,True,hourly mean,3
EP182023,Otis (2023),without_era5,2023-10-25T04:00:00+00:00,latent_no_sar_max_wind,Latent MLP · no SAR · wind only,67.40510347154407,True,hourly mean,3
EP182023,Otis (2023),without_era5,2023-10-25T05:00:00+00:00,latent_no_sar_max_wind,Latent MLP · no SAR · wind only,65.58150397406685,True,hourly mean,3
EP182023,Otis (2023),without_era5,2023-10-25T06:00:00+00:00,latent_no_sar_max_wind,Latent MLP · no SAR · wind only,61.170732498168945,True,hourly mean,3
EP182023,Otis (2023),without_era5,2023-10-25T07:00:00+00:00,latent_no_sar_max_wind,Latent MLP · no SAR · wind only,53.644527223375114,True,hourly mean,3
EP182023,Otis (2023),without_era5,2023-10-25T08:00:00+00:00,latent_no_sar_max_wind,Latent MLP · no SAR · wind only,45.774374220106345,True,hourly mean,3
EP182023,Otis (2023),without_era5,2023-10-25T09:00:00+00:00,latent_no_sar_max_wind,Latent MLP · no SAR · wind only,36.08154879675971,True,hourly mean,3
EP182023,Otis (2023),without_era5,2023-10-25T10:00:00+00:00,latent_no_sar_max_wind,Latent MLP · no SAR · wind only,29.491323365105526,True,hourly mean,3
EP182023,Otis (2023),without_era5,2023-10-25T11:00:00+00:00,latent_no_sar_max_wind,Latent MLP · no SAR · wind only,24.89708709716797,True,hourly mean,3
EP182023,Otis (2023),without_era5,2023-10-25T12:00:00+00:00,latent_no_sar_max_wind,Latent MLP · no SAR · wind only,24.54864226447211,False,hourly mean,3
EP182023,Otis (2023),without_era5,2023-10-25T13:00:00+00:00,latent_no_sar_max_wind,Latent MLP · no SAR · wind only,24.37810516357422,False,hourly mean,3
EP182023,Otis (2023),without_era5,2023-10-25T14:00:00+00:00,latent_no_sar_max_wind,Latent MLP · no SAR · wind only,23.79760964711507,False,hourly mean,3
EP182023,Otis (2023),without_era5,2023-10-25T15:00:00+00:00,latent_no_sar_max_wind,Latent MLP · no SAR · wind only,23.35537274678548,False,hourly mean,3
EP182023,Otis (2023),without_era5,2023-10-25T16:00:00+00:00,latent_no_sar_max_wind,Latent MLP · no SAR · wind only,23.05840269724528,False,hourly mean,3
EP182023,Otis (2023),without_era5,2023-10-25T17:00:00+00:00,latent_no_sar_max_wind,Latent MLP · no SAR · wind only,23.057294050852455,False,hourly mean,3
EP182023,Otis (2023),without_era5,2023-10-21T00:00:00+00:00,latent_no_sar_max_wind_radii,Latent MLP · no SAR · wind + radii,20.124751091003418,False,hourly mean,3
EP182023,Otis (2023),without_era5,2023-10-21T01:00:00+00:00,latent_no_sar_max_wind_radii,Latent MLP · no SAR · wind + radii,20.328333112928604,False,hourly mean,3
EP182023,Otis (2023),without_era5,2023-10-21T02:00:00+00:00,latent_no_sar_max_wind_radii,Latent MLP · no SAR · wind + radii,20.925235324435764,False,hourly mean,3
EP182023,Otis (2023),without_era5,2023-10-21T03:00:00+00:00,latent_no_sar_max_wind_radii,Latent MLP · no SAR · wind + radii,20.417177200317383,False,hourly mean,3
EP182023,Otis (2023),without_era5,2023-10-21T04:00:00+00:00,latent_no_sar_max_wind_radii,Latent MLP · no SAR · wind + radii,20.59500037299262,False,hourly mean,3
EP182023,Otis (2023),without_era5,2023-10-21T05:00:00+00:00,latent_no_sar_max_wind_radii,Latent MLP · no SAR · wind + radii,21.2049617767334,False,hourly mean,3
EP182023,Otis (2023),without_era5,2023-10-21T06:00:00+00:00,latent_no_sar_max_wind_radii,Latent MLP · no SAR · wind + radii,22.600898424784344,False,hourly mean,3
EP182023,Otis (2023),without_era5,2023-10-21T07:00:00+00:00,latent_no_sar_max_wind_radii,Latent MLP · no SAR · wind + radii,23.03274144066705,False,hourly mean,3
EP182023,Otis (2023),without_era5,2023-10-21T08:00:00+00:00,latent_no_sar_max_wind_radii,Latent MLP · no SAR · wind + radii,22.43981393178304,False,hourly mean,3
EP182023,Otis (2023),without_era5,2023-10-21T09:00:00+00:00,latent_no_sar_max_wind_radii,Latent MLP · no SAR · wind + radii,21.39810562133789,False,hourly mean,3
EP182023,Otis (2023),without_era5,2023-10-21T10:00:00+00:00,latent_no_sar_max_wind_radii,Latent MLP · no SAR · wind + radii,21.4803745481703,False,hourly mean,3
EP182023,Otis (2023),without_era5,2023-10-21T11:00:00+00:00,latent_no_sar_max_wind_radii,Latent MLP · no SAR · wind + radii,22.233050770229763,False,hourly mean,3
EP182023,Otis (2023),without_era5,2023-10-21T12:00:00+00:00,latent_no_sar_max_wind_radii,Latent MLP · no SAR · wind + radii,23.74728573693169,False,hourly mean,3
EP182023,Otis (2023),without_era5,2023-10-21T13:00:00+00:00,latent_no_sar_max_wind_radii,Latent MLP · no SAR · wind + radii,22.63871192932129,False,hourly mean,3
EP182023,Otis (2023),without_era5,2023-10-21T14:00:00+00:00,latent_no_sar_max_wind_radii,Latent MLP · no SAR · wind + radii,21.54450427161323,False,hourly mean,3
EP182023,Otis (2023),without_era5,2023-10-21T15:00:00+00:00,latent_no_sar_max_wind_radii,Latent MLP · no SAR · wind + radii,19.346203909979923,False,hourly mean,3
EP182023,Otis (2023),without_era5,2023-10-21T16:00:00+00:00,latent_no_sar_max_wind_radii,Latent MLP · no SAR · wind + radii,19.700915336608883,False,hourly mean,3
EP182023,Otis (2023),without_era5,2023-10-21T17:00:00+00:00,latent_no_sar_max_wind_radii,Latent MLP · no SAR · wind + radii,19.938485251532658,False,hourly mean,3
EP182023,Otis (2023),without_era5,2023-10-21T18:00:00+00:00,latent_no_sar_max_wind_radii,Latent MLP · no SAR · wind + radii,20.471625645955402,False,hourly mean,3
EP182023,Otis (2023),without_era5,2023-10-21T19:00:00+00:00,latent_no_sar_max_wind_radii,Latent MLP · no SAR · wind + radii,20.398829142252605,False,hourly mean,3
EP182023,Otis (2023),without_era5,2023-10-21T20:00:00+00:00,latent_no_sar_max_wind_radii,Latent MLP · no SAR · wind + radii,20.180792914496525,False,hourly mean,3
EP182023,Otis (2023),without_era5,2023-10-21T21:00:00+00:00,latent_no_sar_max_wind_radii,Latent MLP · no SAR · wind + radii,19.756012704637314,False,hourly mean,3
EP182023,Otis (2023),without_era5,2023-10-21T22:00:00+00:00,latent_no_sar_max_wind_radii,Latent MLP · no SAR · wind + radii,19.312689463297527,False,hourly mean,3
EP182023,Otis (2023),without_era5,2023-10-21T23:00:00+00:00,latent_no_sar_max_wind_radii,Latent MLP · no SAR · wind + radii,19.765305413140194,False,hourly mean,3
EP182023,Otis (2023),without_era5,2023-10-22T00:00:00+00:00,latent_no_sar_max_wind_radii,Latent MLP · no SAR · wind + radii,20.569637616475422,False,hourly mean,3
EP182023,Otis (2023),without_era5,2023-10-22T01:00:00+00:00,latent_no_sar_max_wind_radii,Latent MLP · no SAR · wind + radii,22.12149937947591,False,hourly mean,3
EP182023,Otis (2023),without_era5,2023-10-22T02:00:00+00:00,latent_no_sar_max_wind_radii,Latent MLP · no SAR · wind + radii,23.05943425496419,False,hourly mean,3
EP182023,Otis (2023),without_era5,2023-10-22T03:00:00+00:00,latent_no_sar_max_wind_radii,Latent MLP · no SAR · wind + radii,23.654432720608185,False,hourly mean,3
EP182023,Otis (2023),without_era5,2023-10-22T04:00:00+00:00,latent_no_sar_max_wind_radii,Latent MLP · no SAR · wind + radii,22.805308447943798,False,hourly mean,3
EP182023,Otis (2023),without_era5,2023-10-22T05:00:00+00:00,latent_no_sar_max_wind_radii,Latent MLP · no SAR · wind + radii,22.42664485507541,False,hourly mean,3
EP182023,Otis (2023),without_era5,2023-10-22T06:00:00+00:00,latent_no_sar_max_wind_radii,Latent MLP · no SAR · wind + radii,23.173954221937393,False,hourly mean,3
EP182023,Otis (2023),without_era5,2023-10-22T07:00:00+00:00,latent_no_sar_max_wind_radii,Latent MLP · no SAR · wind + radii,24.143191549513077,False,hourly mean,3
EP182023,Otis (2023),without_era5,2023-10-22T08:00:00+00:00,latent_no_sar_max_wind_radii,Latent MLP · no SAR · wind + radii,23.09855545891656,False,hourly mean,3
EP182023,Otis (2023),without_era5,2023-10-22T09:00:00+00:00,latent_no_sar_max_wind_radii,Latent MLP · no SAR · wind + radii,22.164982265896267,False,hourly mean,3
EP182023,Otis (2023),without_era5,2023-10-22T10:00:00+00:00,latent_no_sar_max_wind_radii,Latent MLP · no SAR · wind + radii,23.946625285678437,False,hourly mean,3
EP182023,Otis (2023),without_era5,2023-10-22T11:00:00+00:00,latent_no_sar_max_wind_radii,Latent MLP · no SAR · wind + radii,27.910206476847332,False,hourly mean,3
EP182023,Otis (2023),without_era5,2023-10-22T12:00:00+00:00,latent_no_sar_max_wind_radii,Latent MLP · no SAR · wind + radii,31.40971681806776,False,hourly mean,3
EP182023,Otis (2023),without_era5,2023-10-22T13:00:00+00:00,latent_no_sar_max_wind_radii,Latent MLP · no SAR · wind + radii,31.01513163248698,False,hourly mean,3
EP182023,Otis (2023),without_era5,2023-10-22T14:00:00+00:00,latent_no_sar_max_wind_radii,Latent MLP · no SAR · wind + radii,28.24115138583713,False,hourly mean,3
EP182023,Otis (2023),without_era5,2023-10-22T15:00:00+00:00,latent_no_sar_max_wind_radii,Latent MLP · no SAR · wind + radii,27.10835276709663,False,hourly mean,3
EP182023,Otis (2023),without_era5,2023-10-22T16:00:00+00:00,latent_no_sar_max_wind_radii,Latent MLP · no SAR · wind + radii,27.454552862379284,False,hourly mean,3
EP182023,Otis (2023),without_era5,2023-10-22T17:00:00+00:00,latent_no_sar_max_wind_radii,Latent MLP · no SAR · wind + radii,28.314485020107693,False,hourly mean,3
EP182023,Otis (2023),without_era5,2023-10-22T18:00:00+00:00,latent_no_sar_max_wind_radii,Latent MLP · no SAR · wind + radii,29.84041489495171,False,hourly mean,3
EP182023,Otis (2023),without_era5,2023-10-22T19:00:00+00:00,latent_no_sar_max_wind_radii,Latent MLP · no SAR · wind + radii,30.128094885084362,False,hourly mean,3
EP182023,Otis (2023),without_era5,2023-10-22T20:00:00+00:00,latent_no_sar_max_wind_radii,Latent MLP · no SAR · wind + radii,31.140854729546437,False,hourly mean,3
EP182023,Otis (2023),without_era5,2023-10-22T21:00:00+00:00,latent_no_sar_max_wind_radii,Latent MLP · no SAR · wind + radii,28.727394421895344,False,hourly mean,3
EP182023,Otis (2023),without_era5,2023-10-22T22:00:00+00:00,latent_no_sar_max_wind_radii,Latent MLP · no SAR · wind + radii,25.968632274203827,False,hourly mean,3
EP182023,Otis (2023),without_era5,2023-10-22T23:00:00+00:00,latent_no_sar_max_wind_radii,Latent MLP · no SAR · wind + radii,22.785810258653424,False,hourly mean,3
EP182023,Otis (2023),without_era5,2023-10-23T00:00:00+00:00,latent_no_sar_max_wind_radii,Latent MLP · no SAR · wind + radii,20.85167090098063,False,hourly mean,3
EP182023,Otis (2023),without_era5,2023-10-23T01:00:00+00:00,latent_no_sar_max_wind_radii,Latent MLP · no SAR · wind + radii,20.657607926262745,False,hourly mean,3
EP182023,Otis (2023),without_era5,2023-10-23T02:00:00+00:00,latent_no_sar_max_wind_radii,Latent MLP · no SAR · wind + radii,21.064601580301918,False,hourly mean,3
EP182023,Otis (2023),without_era5,2023-10-23T03:00:00+00:00,latent_no_sar_max_wind_radii,Latent MLP · no SAR · wind + radii,21.023068322075734,False,hourly mean,3
EP182023,Otis (2023),without_era5,2023-10-23T04:00:00+00:00,latent_no_sar_max_wind_radii,Latent MLP · no SAR · wind + radii,21.025425487094456,False,hourly mean,3
EP182023,Otis (2023),without_era5,2023-10-23T05:00:00+00:00,latent_no_sar_max_wind_radii,Latent MLP · no SAR · wind + radii,22.143077214558918,False,hourly mean,3
EP182023,Otis (2023),without_era5,2023-10-23T06:00:00+00:00,latent_no_sar_max_wind_radii,Latent MLP · no SAR · wind + radii,24.185098754035096,False,hourly mean,3
EP182023,Otis (2023),without_era5,2023-10-23T07:00:00+00:00,latent_no_sar_max_wind_radii,Latent MLP · no SAR · wind + radii,26.907526546054413,False,hourly mean,3
EP182023,Otis (2023),without_era5,2023-10-23T08:00:00+00:00,latent_no_sar_max_wind_radii,Latent MLP · no SAR · wind + radii,26.23256577385796,False,hourly mean,3
EP182023,Otis (2023),without_era5,2023-10-23T09:00:00+00:00,latent_no_sar_max_wind_radii,Latent MLP · no SAR · wind + radii,24.74366972181532,False,hourly mean,3
EP182023,Otis (2023),without_era5,2023-10-23T10:00:00+00:00,latent_no_sar_max_wind_radii,Latent MLP · no SAR · wind + radii,22.41270987192789,False,hourly mean,3
EP182023,Otis (2023),without_era5,2023-10-23T11:00:00+00:00,latent_no_sar_max_wind_radii,Latent MLP · no SAR · wind + radii,21.038550376892086,False,hourly mean,3
EP182023,Otis (2023),without_era5,2023-10-23T12:00:00+00:00,latent_no_sar_max_wind_radii,Latent MLP · no SAR · wind + radii,19.961785952250157,False,hourly mean,3
EP182023,Otis (2023),without_era5,2023-10-23T13:00:00+00:00,latent_no_sar_max_wind_radii,Latent MLP · no SAR · wind + radii,19.290046691894528,False,hourly mean,3
EP182023,Otis (2023),without_era5,2023-10-23T14:00:00+00:00,latent_no_sar_max_wind_radii,Latent MLP · no SAR · wind + radii,19.71778509351942,False,hourly mean,3
EP182023,Otis (2023),without_era5,2023-10-23T15:00:00+00:00,latent_no_sar_max_wind_radii,Latent MLP · no SAR · wind + radii,19.572465578715,False,hourly mean,3
EP182023,Otis (2023),without_era5,2023-10-23T16:00:00+00:00,latent_no_sar_max_wind_radii,Latent MLP · no SAR · wind + radii,18.902801301744244,False,hourly mean,3
EP182023,Otis (2023),without_era5,2023-10-23T17:00:00+00:00,latent_no_sar_max_wind_radii,Latent MLP · no SAR · wind + radii,18.656092855665417,False,hourly mean,3
EP182023,Otis (2023),without_era5,2023-10-23T18:00:00+00:00,latent_no_sar_max_wind_radii,Latent MLP · no SAR · wind + radii,19.881614049275715,False,hourly mean,3
EP182023,Otis (2023),without_era5,2023-10-23T19:00:00+00:00,latent_no_sar_max_wind_radii,Latent MLP · no SAR · wind + radii,21.036031299167206,False,hourly mean,3
EP182023,Otis (2023),without_era5,2023-10-23T20:00:00+00:00,latent_no_sar_max_wind_radii,Latent MLP · no SAR · wind + radii,22.676257769266766,False,hourly mean,3
EP182023,Otis (2023),without_era5,2023-10-23T21:00:00+00:00,latent_no_sar_max_wind_radii,Latent MLP · no SAR · wind + radii,22.301340632968476,False,hourly mean,3
EP182023,Otis (2023),without_era5,2023-10-23T22:00:00+00:00,latent_no_sar_max_wind_radii,Latent MLP · no SAR · wind + radii,21.77723354763454,False,hourly mean,3
EP182023,Otis (2023),without_era5,2023-10-23T23:00:00+00:00,latent_no_sar_max_wind_radii,Latent MLP · no SAR · wind + radii,22.32021490732829,False,hourly mean,3
EP182023,Otis (2023),without_era5,2023-10-24T00:00:00+00:00,latent_no_sar_max_wind_radii,Latent MLP · no SAR · wind + radii,23.4504976272583,False,hourly mean,3
EP182023,Otis (2023),without_era5,2023-10-24T01:00:00+00:00,latent_no_sar_max_wind_radii,Latent MLP · no SAR · wind + radii,25.56768035888672,False,hourly mean,3
EP182023,Otis (2023),without_era5,2023-10-24T02:00:00+00:00,latent_no_sar_max_wind_radii,Latent MLP · no SAR · wind + radii,25.86447853512234,False,hourly mean,3
EP182023,Otis (2023),without_era5,2023-10-24T03:00:00+00:00,latent_no_sar_max_wind_radii,Latent MLP · no SAR · wind + radii,26.01929558648003,False,hourly mean,3
EP182023,Otis (2023),without_era5,2023-10-24T04:00:00+00:00,latent_no_sar_max_wind_radii,Latent MLP · no SAR · wind + radii,26.17650360531277,False,hourly mean,3
EP182023,Otis (2023),without_era5,2023-10-24T05:00:00+00:00,latent_no_sar_max_wind_radii,Latent MLP · no SAR · wind + radii,29.57811959584554,False,hourly mean,3
EP182023,Otis (2023),without_era5,2023-10-24T06:00:00+00:00,latent_no_sar_max_wind_radii,Latent MLP · no SAR · wind + radii,34.138166639539925,False,hourly mean,3
EP182023,Otis (2023),without_era5,2023-10-24T07:00:00+00:00,latent_no_sar_max_wind_radii,Latent MLP · no SAR · wind + radii,37.62565506829156,False,hourly mean,3
EP182023,Otis (2023),without_era5,2023-10-24T08:00:00+00:00,latent_no_sar_max_wind_radii,Latent MLP · no SAR · wind + radii,38.724799474080406,False,hourly mean,3
EP182023,Otis (2023),without_era5,2023-10-24T09:00:00+00:00,latent_no_sar_max_wind_radii,Latent MLP · no SAR · wind + radii,37.024076249864365,False,hourly mean,3
EP182023,Otis (2023),without_era5,2023-10-24T10:00:00+00:00,latent_no_sar_max_wind_radii,Latent MLP · no SAR · wind + radii,36.70746432410346,False,hourly mean,3
EP182023,Otis (2023),without_era5,2023-10-24T11:00:00+00:00,latent_no_sar_max_wind_radii,Latent MLP · no SAR · wind + radii,37.74794758690728,False,hourly mean,3
EP182023,Otis (2023),without_era5,2023-10-24T12:00:00+00:00,latent_no_sar_max_wind_radii,Latent MLP · no SAR · wind + radii,38.83235030704074,False,hourly mean,3
EP182023,Otis (2023),without_era5,2023-10-24T13:00:00+00:00,latent_no_sar_max_wind_radii,Latent MLP · no SAR · wind + radii,44.31829706827799,True,hourly mean,3
EP182023,Otis (2023),without_era5,2023-10-24T14:00:00+00:00,latent_no_sar_max_wind_radii,Latent MLP · no SAR · wind + radii,45.65819761488172,True,hourly mean,3
EP182023,Otis (2023),without_era5,2023-10-24T15:00:00+00:00,latent_no_sar_max_wind_radii,Latent MLP · no SAR · wind + radii,48.90554724799262,True,hourly mean,3
EP182023,Otis (2023),without_era5,2023-10-24T16:00:00+00:00,latent_no_sar_max_wind_radii,Latent MLP · no SAR · wind + radii,48.817944844563804,True,hourly mean,3
EP182023,Otis (2023),without_era5,2023-10-24T17:00:00+00:00,latent_no_sar_max_wind_radii,Latent MLP · no SAR · wind + radii,49.49651993645562,True,hourly mean,3
EP182023,Otis (2023),without_era5,2023-10-24T18:00:00+00:00,latent_no_sar_max_wind_radii,Latent MLP · no SAR · wind + radii,49.23151757982043,True,hourly mean,3
EP182023,Otis (2023),without_era5,2023-10-24T19:00:00+00:00,latent_no_sar_max_wind_radii,Latent MLP · no SAR · wind + radii,50.34665531582302,True,hourly mean,3
EP182023,Otis (2023),without_era5,2023-10-24T20:00:00+00:00,latent_no_sar_max_wind_radii,Latent MLP · no SAR · wind + radii,54.681164211697045,True,hourly mean,3
EP182023,Otis (2023),without_era5,2023-10-24T21:00:00+00:00,latent_no_sar_max_wind_radii,Latent MLP · no SAR · wind + radii,60.48198488023545,True,hourly mean,3
EP182023,Otis (2023),without_era5,2023-10-24T22:00:00+00:00,latent_no_sar_max_wind_radii,Latent MLP · no SAR · wind + radii,62.592355516221794,True,hourly mean,3
EP182023,Otis (2023),without_era5,2023-10-24T23:00:00+00:00,latent_no_sar_max_wind_radii,Latent MLP · no SAR · wind + radii,63.98472552829318,True,hourly mean,3
EP182023,Otis (2023),without_era5,2023-10-25T00:00:00+00:00,latent_no_sar_max_wind_radii,Latent MLP · no SAR · wind + radii,65.8487025366889,True,hourly mean,3
EP182023,Otis (2023),without_era5,2023-10-25T01:00:00+00:00,latent_no_sar_max_wind_radii,Latent MLP · no SAR · wind + radii,70.21156289842394,True,hourly mean,3
EP182023,Otis (2023),without_era5,2023-10-25T02:00:00+00:00,latent_no_sar_max_wind_radii,Latent MLP · no SAR · wind + radii,73.85619057549371,True,hourly mean,3
EP182023,Otis (2023),without_era5,2023-10-25T03:00:00+00:00,latent_no_sar_max_wind_radii,Latent MLP · no SAR · wind + radii,76.21313688490126,True,hourly mean,3
EP182023,Otis (2023),without_era5,2023-10-25T04:00:00+00:00,latent_no_sar_max_wind_radii,Latent MLP · no SAR · wind + radii,76.32049942016602,True,hourly mean,3
EP182023,Otis (2023),without_era5,2023-10-25T05:00:00+00:00,latent_no_sar_max_wind_radii,Latent MLP · no SAR · wind + radii,74.43858210245769,True,hourly mean,3
EP182023,Otis (2023),without_era5,2023-10-25T06:00:00+00:00,latent_no_sar_max_wind_radii,Latent MLP · no SAR · wind + radii,67.45717811584473,True,hourly mean,3
EP182023,Otis (2023),without_era5,2023-10-25T07:00:00+00:00,latent_no_sar_max_wind_radii,Latent MLP · no SAR · wind + radii,55.46448749966092,True,hourly mean,3
EP182023,Otis (2023),without_era5,2023-10-25T08:00:00+00:00,latent_no_sar_max_wind_radii,Latent MLP · no SAR · wind + radii,46.44378768073187,True,hourly mean,3
EP182023,Otis (2023),without_era5,2023-10-25T09:00:00+00:00,latent_no_sar_max_wind_radii,Latent MLP · no SAR · wind + radii,36.0569372177124,True,hourly mean,3
EP182023,Otis (2023),without_era5,2023-10-25T10:00:00+00:00,latent_no_sar_max_wind_radii,Latent MLP · no SAR · wind + radii,30.482085016038685,True,hourly mean,3
EP182023,Otis (2023),without_era5,2023-10-25T11:00:00+00:00,latent_no_sar_max_wind_radii,Latent MLP · no SAR · wind + radii,22.557973967658146,True,hourly mean,3
EP182023,Otis (2023),without_era5,2023-10-25T12:00:00+00:00,latent_no_sar_max_wind_radii,Latent MLP · no SAR · wind + radii,21.762545903523762,False,hourly mean,3
EP182023,Otis (2023),without_era5,2023-10-25T13:00:00+00:00,latent_no_sar_max_wind_radii,Latent MLP · no SAR · wind + radii,22.663269784715443,False,hourly mean,3
EP182023,Otis (2023),without_era5,2023-10-25T14:00:00+00:00,latent_no_sar_max_wind_radii,Latent MLP · no SAR · wind + radii,24.026602745056152,False,hourly mean,3
EP182023,Otis (2023),without_era5,2023-10-25T15:00:00+00:00,latent_no_sar_max_wind_radii,Latent MLP · no SAR · wind + radii,24.656786494784882,False,hourly mean,3
EP182023,Otis (2023),without_era5,2023-10-25T16:00:00+00:00,latent_no_sar_max_wind_radii,Latent MLP · no SAR · wind + radii,24.383267402648926,False,hourly mean,3
EP182023,Otis (2023),without_era5,2023-10-25T17:00:00+00:00,latent_no_sar_max_wind_radii,Latent MLP · no SAR · wind + radii,24.32202514012655,False,hourly mean,3
